is_baseline,min_dist,n_components,n_neighbors,pca_umap_k10,pca_umap_k15,pca_umap_k30,pca_umap_k5,pca_umap_k50,raw_pca_k10,raw_pca_k15,raw_pca_k30,raw_pca_k5,raw_pca_k50,raw_umap_k10,raw_umap_k15,raw_umap_k30,raw_umap_k5,raw_umap_k50,reproducibility_k10_mean,reproducibility_k10_std,reproducibility_k15_mean,reproducibility_k15_std,reproducibility_k30_mean,reproducibility_k30_std,reproducibility_k50_mean,reproducibility_k50_std,reproducibility_k5_mean,reproducibility_k5_std,requested_n_components,requested_n_neighbors,run_index,run_total_sec,seed,umap_additional_loss_k10,umap_additional_loss_k15,umap_additional_loss_k30,umap_additional_loss_k5,umap_additional_loss_k50,umap_fit_sec,umap_init,umap_knn_sec,umap_n_jobs
false,0.0,5,5,0.5659722222222222,0.5511111111111111,0.5588888888888889,0.5683333333333334,0.5258333333333334,0.8556944444444444,0.8602777777777778,0.8679629629629629,0.8458333333333333,0.8543333333333333,0.5481944444444444,0.5366666666666666,0.5480555555555555,0.5461111111111111,0.5178888888888888,,,,,,,,,,,5,5,0,19.03229683200061,42,0.3075,0.3236111111111112,0.3199074074074074,0.2997222222222222,0.33644444444444443,18.95759234399975,random,0.03134134400079347,1
false,0.0,5,5,0.5525,0.5426851851851852,0.565324074074074,0.5780555555555555,0.5343888888888889,0.8556944444444444,0.8602777777777778,0.8679629629629629,0.8458333333333333,0.8543333333333333,0.5354166666666667,0.5248148148148148,0.5541666666666667,0.5486111111111112,0.5271666666666667,0.8183333333333334,0.0,0.8335185185185185,0.0,0.8859259259259259,0.0,0.81925,0.0,0.7302777777777778,0.0,5,5,1,1.1127962400005345,43,0.3202777777777778,0.33546296296296296,0.31379629629629624,0.29722222222222217,0.3271666666666666,1.036561840000104,random,0.022854747000565112,1
false,0.0,5,5,0.5584722222222223,0.5446296296296296,0.5573611111111111,0.5733333333333334,0.5246388888888889,0.8556944444444444,0.8602777777777778,0.8679629629629629,0.8458333333333333,0.8543333333333333,0.5411111111111111,0.529074074074074,0.5468981481481482,0.5480555555555555,0.5178055555555555,0.8093055555555555,0.007916666666666627,0.8282407407407407,0.008425925925925948,0.8611111111111112,0.01324074074074072,0.8107916666666667,0.02645833333333336,0.73125,0.004027777777777797,5,5,2,1.1869812619997901,44,0.3145833333333333,0.3312037037037038,0.32106481481481475,0.2977777777777778,0.33652777777777776,1.0960277469994253,random,0.023829771999771765,1
false,0.0,5,5,0.5561111111111111,0.5403703703703704,0.5549074074074074,0.58,0.5356944444444445,0.8556944444444444,0.8602777777777778,0.8679629629629629,0.8458333333333333,0.8543333333333333,0.5404166666666667,0.5248148148148148,0.5431944444444444,0.5536111111111112,0.5280555555555555,0.804074074074074,0.006559059536453659,0.827283950617284,0.003886193461339842,0.8690123456790123,0.0090917984281847,0.8170833333333333,0.023511368846168335,0.7316666666666668,0.005400617248673239,5,5,3,1.1489086299998235,45,0.31527777777777777,0.33546296296296296,0.3247685185185185,0.29222222222222216,0.3262777777777778,1.0182365319997189,random,0.03452584399929037,1
false,0.0,5,5,0.5601388888888889,0.5460185185185186,0.5548148148148148,0.5747222222222222,0.5277222222222222,0.8556944444444444,0.8602777777777778,0.8679629629629629,0.8458333333333333,0.8543333333333333,0.5416666666666666,0.5298148148148148,0.542037037037037,0.5466666666666666,0.5189444444444444,0.8144097222222222,0.007979390287940792,0.8413657407407408,0.009779893982204253,0.8768634259259259,0.010386601416401636,0.8302986111111111,0.019368954403269346,0.735763888888889,0.006476974292650429,5,5,4,1.1941975350000575,46,0.3140277777777778,0.33046296296296296,0.32592592592592595,0.2991666666666667,0.33538888888888885,0.9998850400006631,random,0.09879132499918342,1
false,0.1,5,5,0.5701388888888889,0.5505555555555556,0.5615277777777777,0.5941666666666666,0.5415555555555556,0.8556944444444444,0.8602777777777778,0.8679629629629629,0.8458333333333333,0.8543333333333333,0.5526388888888889,0.5349074074074074,0.5521759259259259,0.5663888888888889,0.5336111111111111,,,,,,,,,,,5,5,5,1.0818830689995593,42,0.3030555555555555,0.3253703703703704,0.31578703703703703,0.2794444444444444,0.32072222222222213,1.0056177669994213,random,0.02554663699993398,1
false,0.1,5,5,0.5644444444444444,0.5455555555555556,0.5567592592592593,0.5941666666666666,0.5340277777777778,0.8556944444444444,0.8602777777777778,0.8679629629629629,0.8458333333333333,0.8543333333333333,0.5452777777777778,0.529074074074074,0.54625,0.5647222222222222,0.5260833333333333,0.8331944444444445,0.0,0.8416666666666667,0.0,0.8730555555555556,0.0,0.84175,0.0,0.7680555555555556,0.0,5,5,6,1.1831056199998784,43,0.3104166666666667,0.3312037037037038,0.3217129629629629,0.2811111111111111,0.32824999999999993,1.1039991429997826,random,0.027192972999728227,1
false,0.1,5,5,0.56375,0.5467592592592593,0.5531018518518519,0.5952777777777778,0.5314444444444445,0.8556944444444444,0.8602777777777778,0.8679629629629629,0.8458333333333333,0.8543333333333333,0.5459722222222222,0.5309259259259259,0.541712962962963,0.5677777777777778,0.5231944444444444,0.8154861111111111,0.002430555555555547,0.8388888888888888,0.0026851851851851793,0.8734953703703703,0.0011805555555555736,0.8374583333333334,0.013347222222222233,0.7645833333333334,0.0034722222222222654,5,5,7,1.0861376180000661,44,0.30972222222222223,0.3293518518518519,0.32624999999999993,0.2780555555555555,0.33113888888888887,0.9888955030000943,random,0.026466950999747496,1
false,0.1,5,5,0.57,0.5510185185185185,0.5628703703703704,0.5977777777777777,0.5357222222222222,0.8556944444444444,0.8602777777777778,0.8679629629629629,0.8458333333333333,0.8543333333333333,0.5490277777777778,0.5346296296296297,0.5505092592592593,0.5655555555555556,0.5268055555555555,0.8205555555555555,0.009892035496051551,0.8360802469135803,0.0004163807889886032,0.8584876543209877,0.0046699376967743594,0.8283333333333333,0.010146483710490163,0.7579629629629631,0.009007693708900233,5,5,8,1.11296033599956,45,0.30666666666666664,0.32564814814814813,0.3174537037037036,0.28027777777777774,0.32752777777777775,1.0101280030003181,random,0.0254368070000055,1
false,0.1,5,5,0.5702777777777778,0.552037037037037,0.5556018518518518,0.5941666666666666,0.5366944444444445,0.8556944444444444,0.8602777777777778,0.8679629629629629,0.8458333333333333,0.8543333333333333,0.5516666666666666,0.5364814814814814,0.5435185185185185,0.5669444444444445,0.5286944444444445,0.8277777777777777,0.010044749411545373,0.8409953703703703,0.006902768462621307,0.8665277777777778,0.015862444809984173,0.8326041666666666,0.014615894535435957,0.7578472222222223,0.007923668930551544,5,5,9,1.1403502460007076,46,0.3040277777777778,0.32379629629629636,0.3244444444444444,0.27888888888888885,0.3256388888888888,1.0138958249999632,random,0.024890967999454006,1
false,0.25,5,5,0.5798611111111112,0.5571296296296296,0.5634259259259259,0.6183333333333333,0.5377777777777778,0.8556944444444444,0.8602777777777778,0.8679629629629629,0.8458333333333333,0.8543333333333333,0.56125,0.539074074074074,0.5519907407407407,0.5880555555555556,0.5303611111111111,,,,,,,,,,,5,5,10,1.0687596070001746,42,0.2944444444444444,0.32120370370370377,0.3159722222222222,0.2577777777777778,0.3239722222222222,0.991427262999423,random,0.023941919999742822,1
false,0.25,5,5,0.58,0.5617592592592593,0.5730555555555555,0.6141666666666666,0.5508333333333333,0.8556944444444444,0.8602777777777778,0.8679629629629629,0.8458333333333333,0.8543333333333333,0.5601388888888889,0.544537037037037,0.5622685185185186,0.5836111111111111,0.5429166666666667,0.8411111111111111,0.0,0.8523148148148149,0.0,0.8699074074074075,0.0,0.8410277777777778,0.0,0.7961111111111111,0.0,5,5,11,1.1776204570005575,43,0.29555555555555557,0.31574074074074077,0.3056944444444444,0.26222222222222225,0.31141666666666656,1.0812828540001647,random,0.025011409999933676,1
false,0.25,5,5,0.5784722222222223,0.5574074074074075,0.5647685185185185,0.6186111111111111,0.5468055555555555,0.8556944444444444,0.8602777777777778,0.8679629629629629,0.8458333333333333,0.8543333333333333,0.5605555555555556,0.5424074074074074,0.5544907407407408,0.5838888888888889,0.5390277777777778,0.8370833333333333,0.002083333333333326,0.8507407407407408,0.00425925925925924,0.877962962962963,0.0004629629629629983,0.8528611111111111,0.001527777777777739,0.7883333333333333,0.004166666666666652,5,5,12,1.1155450650003331,44,0.29513888888888884,0.31787037037037036,0.31347222222222215,0.2619444444444444,0.3153055555555555,1.0053211510003166,random,0.04161282899985963,1
false,0.25,5,5,0.5802777777777778,0.5591666666666667,0.56875,0.6161111111111112,0.5427222222222222,0.8556944444444444,0.8602777777777778,0.8679629629629629,0.8458333333333333,0.8543333333333333,0.5611111111111111,0.5414814814814815,0.5568055555555556,0.5836111111111111,0.535,0.8454166666666666,0.0024136315551365065,0.8564506172839507,0.0031466348335637074,0.8763888888888888,0.0037618886383191724,0.8549074074074073,0.0010394317588684325,0.7961111111111111,0.004779069592801432,5,5,13,1.0889764579997063,45,0.2945833333333333,0.31879629629629636,0.3111574074074074,0.26222222222222225,0.31933333333333325,0.9870303580000837,random,0.023597408999194158,1
false,0.25,5,5,0.5808333333333333,0.5614814814814815,0.5609722222222222,0.6230555555555556,0.5357222222222222,0.8556944444444444,0.8602777777777778,0.8679629629629629,0.8458333333333333,0.8543333333333333,0.5625,0.544074074074074,0.5506944444444445,0.5911111111111111,0.5284722222222222,0.8360763888888889,0.0024891256552809216,0.8521527777777778,0.005370520033035923,0.8675810185185184,0.0054259945601461326,0.838388888888889,0.01132773213984591,0.786875,0.005680453680151402,5,5,14,1.160680756000147,46,0.2931944444444444,0.31620370370370376,0.31726851851851845,0.2547222222222222,0.32586111111111105,1.0036560250000548,random,0.029485299999578274,1
false,0.5,5,5,0.5948611111111111,0.5673148148148148,0.5731481481481482,0.6477777777777778,0.5471111111111111,0.8556944444444444,0.8602777777777778,0.8679629629629629,0.8458333333333333,0.8543333333333333,0.5752777777777778,0.5512037037037038,0.5615277777777777,0.61,0.5399444444444444,,,,,,,,,,,5,5,15,1.2541231189998143,42,0.28041666666666665,0.30907407407407406,0.3064351851851852,0.23583333333333334,0.31438888888888883,1.1631332349998047,random,0.049288236999927904,1
false,0.5,5,5,0.595,0.5672222222222222,0.5737962962962962,0.6511111111111111,0.5483611111111111,0.8556944444444444,0.8602777777777778,0.8679629629629629,0.8458333333333333,0.8543333333333333,0.57375,0.5502777777777778,0.5623611111111111,0.6144444444444445,0.5406944444444445,0.8413888888888889,0.0,0.852037037037037,0.0,0.8638425925925926,0.0,0.8460555555555556,0.0,0.8088888888888889,0.0,5,5,16,1.8912259399994582,43,0.28194444444444444,0.31000000000000005,0.30560185185185185,0.23138888888888887,0.3136388888888888,1.795169574999818,random,0.03475043900016317,1
false,0.5,5,5,0.5954166666666667,0.5699074074074074,0.5736574074074074,0.6472222222222223,0.5505,0.8556944444444444,0.8602777777777778,0.8679629629629629,0.8458333333333333,0.8543333333333333,0.5744444444444444,0.5546296296296296,0.5618518518518518,0.6072222222222222,0.5413888888888889,0.8455555555555556,0.005416666666666681,0.8619907407407408,0.007361111111111096,0.8713888888888889,0.004259259259259296,0.8491388888888889,0.0010277777777777386,0.8134722222222222,0.0009722222222222077,5,5,17,1.2703216159998192,44,0.28125,0.3056481481481482,0.3061111111111111,0.2386111111111111,0.31294444444444436,1.131593170999622,random,0.05140195599960862,1
false,0.5,5,5,0.5933333333333334,0.5672222222222222,0.56625,0.6480555555555556,0.5413055555555556,0.8556944444444444,0.8602777777777778,0.8679629629629629,0.8458333333333333,0.8543333333333333,0.5748611111111112,0.5513888888888889,0.5552314814814815,0.6072222222222222,0.5334444444444445,0.8460185185185186,0.0038160057472212757,0.856358024691358,0.0019279626773755127,0.8620061728395062,0.002837912193505321,0.8529074074074073,0.005205466289074789,0.8066666666666666,0.008174410538645652,5,5,18,1.732720220000374,45,0.28083333333333327,0.3088888888888889,0.31273148148148144,0.2386111111111111,0.3208888888888888,1.4121351479998339,random,0.051341018000130134,1
false,0.5,5,5,0.5925,0.5723148148148148,0.5724537037037037,0.6475,0.5518611111111111,0.8556944444444444,0.8602777777777778,0.8679629629629629,0.8458333333333333,0.8543333333333333,0.5741666666666667,0.555,0.5628703703703704,0.6116666666666667,0.5434722222222222,0.8482291666666667,0.007017927192792294,0.8608101851851853,0.006135744055103622,0.8716319444444444,0.010579659724610531,0.8580555555555556,0.013586102308091399,0.8136111111111111,0.009149816162222555,5,5,19,1.1789304699996137,46,0.2815277777777777,0.30527777777777776,0.3050925925925926,0.23416666666666663,0.31086111111111103,0.9880809950000184,random,0.06058152199966571,1
false,0.0,10,5,0.5602777777777778,0.5457407407407407,0.5612962962962963,0.5805555555555556,0.5406944444444445,0.8556944444444444,0.8602777777777778,0.8679629629629629,0.8458333333333333,0.8543333333333333,0.5441666666666667,0.53,0.5502777777777778,0.5541666666666667,0.53225,,,,,,,,,,,10,5,20,1.2446659010001895,42,0.31152777777777774,0.3302777777777778,0.3176851851851852,0.29166666666666663,0.3220833333333333,1.1589928740004325,random,0.04703061899999739,1
false,0.0,10,5,0.56625,0.55,0.5570833333333334,0.5855555555555556,0.5434444444444444,0.8556944444444444,0.8602777777777778,0.8679629629629629,0.8458333333333333,0.8543333333333333,0.5476388888888889,0.5337962962962963,0.547962962962963,0.5591666666666667,0.5358611111111111,0.8079166666666666,0.0,0.8505555555555555,0.0,0.8910185185185185,0.0,0.8666666666666667,0.0,0.7397222222222222,0.0,10,5,21,1.2399674600001163,43,0.3080555555555555,0.3264814814814815,0.31999999999999995,0.2866666666666666,0.31847222222222216,1.1609072889996241,random,0.029690016000131436,1
false,0.0,10,5,0.5579166666666666,0.5424074074074074,0.555324074074074,0.59,0.5393888888888889,0.8556944444444444,0.8602777777777778,0.8679629629629629,0.8458333333333333,0.8543333333333333,0.5402777777777777,0.5262962962962963,0.5451388888888888,0.5622222222222222,0.5314444444444445,0.8072916666666667,0.00340277777777781,0.8301851851851851,0.004166666666666707,0.8708564814814814,0.004976851851851871,0.8503611111111111,0.004166666666666652,0.7391666666666667,0.004722222222222239,10,5,22,1.3342437849996713,44,0.3154166666666667,0.33398148148148155,0.3228240740740741,0.28361111111111115,0.3228888888888888,1.2281756290003614,random,0.030259845999353274,1
false,0.0,10,5,0.55875,0.5452777777777778,0.5602314814814815,0.5822222222222222,0.5416111111111112,0.8556944444444444,0.8602777777777778,0.8679629629629629,0.8458333333333333,0.8543333333333333,0.5427777777777778,0.5291666666666667,0.55125,0.5522222222222222,0.5341944444444444,0.8061574074074075,0.00835285778618064,0.8389506172839506,0.011605841178429261,0.8824845679012346,0.010337686407023665,0.8679444444444444,0.002907083020356129,0.7368518518518519,0.002648212897421321,10,5,23,1.2894824470004096,45,0.3129166666666666,0.33111111111111113,0.3167129629629629,0.29361111111111116,0.32013888888888886,1.1651586829993903,random,0.02946392499961803,1
false,0.0,10,5,0.5651388888888889,0.5517592592592593,0.5536574074074074,0.5819444444444445,0.5380555555555555,0.8556944444444444,0.8602777777777778,0.8679629629629629,0.8458333333333333,0.8543333333333333,0.5451388888888888,0.5342592592592592,0.5426851851851852,0.5538888888888889,0.5288055555555555,0.7999305555555555,0.0036700584060344083,0.8365972222222222,0.004143130542564383,0.8754050925925927,0.010116369746949537,0.8620763888888889,0.015596775433889735,0.7346527777777777,0.004268998024806578,10,5,24,1.264802177999627,46,0.3105555555555556,0.3260185185185186,0.3252777777777778,0.29194444444444445,0.32552777777777775,1.1558354649996545,random,0.011824311999589554,1
false,0.1,10,5,0.5704166666666667,0.5516666666666666,0.5559259259259259,0.5941666666666666,0.5423055555555556,0.8556944444444444,0.8602777777777778,0.8679629629629629,0.8458333333333333,0.8543333333333333,0.5519444444444445,0.5358333333333334,0.544675925925926,0.5680555555555555,0.5343055555555556,,,,,,,,,,,10,5,25,1.2510875349998969,42,0.30374999999999996,0.3244444444444444,0.323287037037037,0.2777777777777778,0.3200277777777777,1.1709270229994218,random,0.0390151279998463,1
false,0.1,10,5,0.5761111111111111,0.552962962962963,0.5586574074074074,0.6030555555555556,0.5400555555555555,0.8556944444444444,0.8602777777777778,0.8679629629629629,0.8458333333333333,0.8543333333333333,0.5575,0.5373148148148148,0.54875,0.5719444444444445,0.5321111111111111,0.8270833333333333,0.0,0.8513888888888889,0.0,0.8621296296296296,0.0,0.8434166666666667,0.0,0.7536111111111111,0.0,10,5,26,1.3064518049995968,43,0.29819444444444443,0.322962962962963,0.319212962962963,0.27388888888888885,0.3222222222222222,1.2237558570004694,random,0.02909959200042067,1
false,0.1,10,5,0.5655555555555556,0.5530555555555555,0.5575462962962963,0.5988888888888889,0.5402777777777777,0.8556944444444444,0.8602777777777778,0.8679629629629629,0.8458333333333333,0.8543333333333333,0.5493055555555556,0.5374074074074074,0.5460185185185186,0.5694444444444444,0.5326944444444445,0.8217361111111111,0.0027083333333333126,0.8485185185185184,0.0014814814814814725,0.8725694444444444,0.004236111111111107,0.838375,0.0005416666666666625,0.7583333333333333,0.006388888888888888,10,5,27,1.265369402000033,44,0.3063888888888888,0.32287037037037036,0.32194444444444437,0.2763888888888889,0.3216388888888888,1.1540797210000164,random,0.032560093000029156,1
false,0.1,10,5,0.5694444444444444,0.5506481481481481,0.5618055555555556,0.5869444444444445,0.5452222222222223,0.8556944444444444,0.8602777777777778,0.8679629629629629,0.8458333333333333,0.8543333333333333,0.5525,0.5336111111111111,0.5511111111111111,0.5613888888888889,0.5378611111111111,0.8213888888888888,0.0020693978369098888,0.8444135802469136,0.004451083861093237,0.8825,0.013037210208586095,0.8584074074074074,0.009801642103681884,0.7535185185185185,0.00827862701750266,10,5,28,1.344040106000648,45,0.30319444444444443,0.32666666666666666,0.31685185185185183,0.2844444444444444,0.31647222222222215,1.2275555059995895,random,0.024832797000271967,1
false,0.1,10,5,0.5730555555555555,0.5575925925925926,0.5604166666666667,0.6002777777777778,0.5421666666666667,0.8556944444444444,0.8602777777777778,0.8679629629629629,0.8458333333333333,0.8543333333333333,0.5552777777777778,0.5409259259259259,0.5503703703703704,0.5686111111111111,0.5339444444444444,0.8323263888888888,0.005746186839500112,0.8546064814814814,0.0018464910833761471,0.8815277777777778,0.004368442567596875,0.8730902777777778,0.01011413216085712,0.7590277777777777,0.0018162078931419595,10,5,29,1.2625028769998607,46,0.30041666666666667,0.3193518518518519,0.31759259259259254,0.27722222222222226,0.32038888888888883,1.1424519340007464,random,0.02925606799999514,1
false,0.25,10,5,0.5827777777777777,0.5616666666666666,0.5652314814814815,0.6216666666666667,0.5498333333333333,0.8556944444444444,0.8602777777777778,0.8679629629629629,0.8458333333333333,0.8543333333333333,0.5638888888888889,0.5460185185185186,0.5539814814814815,0.59,0.5413055555555556,,,,,,,,,,,10,5,30,1.3416278960003183,42,0.29180555555555554,0.31425925925925924,0.3139814814814814,0.25583333333333336,0.3130277777777777,1.2682938449997891,random,0.03127531500012992,1
false,0.25,10,5,0.5875,0.5587962962962963,0.5691203703703703,0.6261111111111111,0.5505,0.8556944444444444,0.8602777777777778,0.8679629629629629,0.8458333333333333,0.8543333333333333,0.5655555555555556,0.544074074074074,0.5577314814814814,0.5955555555555555,0.5422222222222223,0.84,0.0,0.8584259259259259,0.0,0.8748611111111111,0.0,0.8590833333333333,0.0,0.7869444444444444,0.0,10,5,31,1.310856292000608,43,0.29013888888888884,0.31620370370370376,0.3102314814814815,0.2502777777777778,0.312111111111111,1.2072046780003802,random,0.04517096000017773,1
false,0.25,10,5,0.5761111111111111,0.5571296296296296,0.5597222222222222,0.6230555555555556,0.5474444444444444,0.8556944444444444,0.8602777777777778,0.8679629629629629,0.8458333333333333,0.8543333333333333,0.5591666666666667,0.5416666666666666,0.549537037037037,0.5877777777777777,0.5399722222222222,0.8402083333333332,0.000347222222222221,0.8582407407407407,0.0008333333333333526,0.8873148148148149,0.007129629629629652,0.8777222222222223,0.015527777777777751,0.7943055555555556,0.002638888888888913,10,5,32,1.2799346720003086,44,0.2965277777777777,0.3186111111111112,0.3184259259259259,0.2580555555555556,0.3143611111111111,1.1534767869998177,random,0.04334413700053119,1
false,0.25,10,5,0.5755555555555556,0.5549074074074074,0.5662037037037037,0.6166666666666667,0.5486388888888889,0.8556944444444444,0.8602777777777778,0.8679629629629629,0.8458333333333333,0.8543333333333333,0.5561111111111111,0.539074074074074,0.5558796296296297,0.5816666666666667,0.54175,0.8362037037037037,0.0020981979988193436,0.856358024691358,0.0017393830621735174,0.8806635802469135,0.004526211153984731,0.87475,0.006661919606202561,0.7908333333333334,0.0037747809464147315,10,5,33,1.4656438279998838,45,0.2995833333333333,0.32120370370370377,0.31208333333333327,0.26416666666666666,0.3125833333333333,1.3181664829999136,random,0.049861320999298187,1
false,0.25,10,5,0.5802777777777778,0.554537037037037,0.5511111111111111,0.6177777777777778,0.5398055555555555,0.8556944444444444,0.8602777777777778,0.8679629629629629,0.8458333333333333,0.8543333333333333,0.5630555555555555,0.5385185185185185,0.5382407407407407,0.5861111111111111,0.53175,0.8385416666666666,0.007352917347455964,0.8569212962962963,0.0053437137760586435,0.8802199074074074,0.01074385206971658,0.876423611111111,0.01779107982161669,0.7979166666666666,0.0036982019321373286,10,5,34,1.796347163000064,46,0.2926388888888889,0.3217592592592593,0.32972222222222225,0.2597222222222222,0.32258333333333333,1.6405127879997963,random,0.04502591700020275,1
false,0.5,10,5,0.5963888888888889,0.5692592592592592,0.5709722222222222,0.6563888888888889,0.5490555555555555,0.8556944444444444,0.8602777777777778,0.8679629629629629,0.8458333333333333,0.8543333333333333,0.5765277777777778,0.5544444444444444,0.5581944444444444,0.6183333333333333,0.5408055555555555,,,,,,,,,,,10,5,35,1.5417487340000662,42,0.2791666666666667,0.3058333333333334,0.3097685185185185,0.22750000000000004,0.31352777777777774,1.4482693709996965,random,0.05508988000019599,1
false,0.5,10,5,0.5993055555555555,0.5713888888888888,0.5756481481481481,0.6586111111111111,0.5552777777777778,0.8556944444444444,0.8602777777777778,0.8679629629629629,0.8458333333333333,0.8543333333333333,0.5798611111111112,0.5550925925925926,0.5646296296296296,0.6169444444444444,0.5474166666666667,0.8668055555555556,0.0,0.8767592592592592,0.0,0.898425925925926,0.0,0.8919444444444444,0.0,0.8227777777777778,0.0,10,5,36,1.383612584999355,43,0.27583333333333326,0.3051851851851852,0.30333333333333334,0.22888888888888892,0.3069166666666666,1.277418272000432,random,0.038319752999996126,1
false,0.5,10,5,0.5997222222222223,0.5748148148148148,0.5777777777777777,0.6588888888888889,0.556,0.8556944444444444,0.8602777777777778,0.8679629629629629,0.8458333333333333,0.8543333333333333,0.5827777777777777,0.5589814814814815,0.5663425925925926,0.6163888888888889,0.5473333333333333,0.86375,0.003055555555555589,0.8783796296296296,0.004583333333333328,0.8968518518518518,0.004675925925925972,0.8939166666666667,0.0026666666666666505,0.8195833333333333,0.0001388888888889106,10,5,37,1.8296861230001014,44,0.2729166666666667,0.3012962962962963,0.30162037037037037,0.22944444444444445,0.30699999999999994,1.5541057990003537,random,0.11180565199992998,1
false,0.5,10,5,0.5966666666666667,0.572962962962963,0.5738425925925926,0.6544444444444445,0.5531111111111111,0.8556944444444444,0.8602777777777778,0.8679629629629629,0.8458333333333333,0.8543333333333333,0.5783333333333334,0.5563888888888889,0.5637037037037037,0.6136111111111111,0.5448055555555555,0.8636574074074074,0.0016524600275532049,0.8799691358024692,0.0006983770678385874,0.8985802469135802,0.004061662726025477,0.8978055555555556,0.0025886544163412303,0.8250925925925926,0.002724803512881899,10,5,38,1.989467334999972,45,0.27736111111111106,0.3038888888888889,0.30425925925925923,0.23222222222222222,0.30952777777777774,1.816201306000039,random,0.02954888100066455,1
false,0.5,10,5,0.6019444444444444,0.5693518518518519,0.5686111111111111,0.6508333333333334,0.5436111111111112,0.8556944444444444,0.8602777777777778,0.8679629629629629,0.8458333333333333,0.8543333333333333,0.5825,0.5532407407407407,0.5556018518518518,0.6119444444444444,0.5355555555555556,0.8650347222222221,0.0021072126834303707,0.8732638888888888,0.0014631021382463334,0.8865856481481481,0.0018560066239467906,0.8863680555555555,0.003974328064568263,0.8205555555555555,0.006189522209765898,10,5,39,1.8951080039996668,46,0.2731944444444444,0.3070370370370371,0.3123611111111111,0.23388888888888892,0.3187777777777777,1.7239527009996891,random,0.06659426399983204,1
false,0.0,20,5,0.5538888888888889,0.5400925925925926,0.5490277777777778,0.5819444444444445,0.5313333333333333,0.8556944444444444,0.8602777777777778,0.8679629629629629,0.8458333333333333,0.8543333333333333,0.5398611111111111,0.5242592592592593,0.5386574074074074,0.5536111111111112,0.52375,,,,,,,,,,,20,5,40,1.6076201500000025,42,0.3158333333333333,0.3360185185185185,0.3293055555555555,0.29222222222222216,0.33058333333333323,1.5370386989998224,random,0.030696390000230167,1
false,0.0,20,5,0.56,0.5424074074074074,0.5593981481481481,0.5775,0.5392222222222223,0.8556944444444444,0.8602777777777778,0.8679629629629629,0.8458333333333333,0.8543333333333333,0.5397222222222222,0.5250925925925926,0.5491666666666667,0.5505555555555556,0.5307777777777778,0.8166666666666667,0.0,0.8381481481481482,0.0,0.8737037037037036,0.0,0.8817222222222222,0.0,0.7255555555555555,0.0,20,5,41,1.5544908500005477,43,0.3159722222222222,0.33518518518518525,0.31879629629629624,0.29527777777777775,0.3235555555555555,1.4757349179999437,random,0.026663762000680435,1
false,0.0,20,5,0.5547222222222222,0.542037037037037,0.5538425925925926,0.5875,0.5333611111111111,0.8556944444444444,0.8602777777777778,0.8679629629629629,0.8458333333333333,0.8543333333333333,0.5366666666666666,0.5272222222222223,0.544537037037037,0.5547222222222222,0.5239166666666667,0.7938194444444444,0.000347222222222221,0.8375,0.00018518518518517713,0.8630092592592593,0.004814814814814772,0.8314583333333333,0.006624999999999992,0.7113888888888888,0.0036111111111111205,20,5,42,1.6247017499999856,44,0.3190277777777778,0.33305555555555555,0.3234259259259259,0.2911111111111111,0.3304166666666666,1.476425083000322,random,0.05097861800004466,1
false,0.0,20,5,0.5593055555555555,0.5436111111111112,0.5543981481481481,0.5772222222222222,0.5315277777777778,0.8556944444444444,0.8602777777777778,0.8679629629629629,0.8458333333333333,0.8543333333333333,0.54375,0.5267592592592593,0.5421759259259259,0.5511111111111111,0.5240555555555556,0.7993055555555556,0.007721356199773874,0.8336728395061727,0.0039206035822716935,0.8649228395061729,0.010390490659438574,0.86375,0.020537016164034434,0.7100925925925926,0.0017173367584251593,20,5,43,1.6613981870004864,45,0.31194444444444447,0.33351851851851855,0.32578703703703704,0.2947222222222222,0.33027777777777767,1.5407002450001528,random,0.027277314999992086,1
false,0.0,20,5,0.5516666666666666,0.543425925925926,0.5544444444444444,0.5797222222222222,0.5393611111111111,0.8556944444444444,0.8602777777777778,0.8679629629629629,0.8458333333333333,0.8543333333333333,0.5341666666666667,0.5292592592592592,0.5433333333333333,0.5519444444444445,0.5321944444444444,0.7822916666666666,0.006307222613699752,0.8160879629629629,0.005823910305063642,0.8534953703703704,0.007432718619049063,0.8588055555555556,0.007731933342306879,0.7207638888888889,0.011035113359266038,20,5,44,1.9701983410004686,46,0.32152777777777775,0.3310185185185186,0.3246296296296296,0.29388888888888887,0.32213888888888886,1.7789797660007025,random,0.09265066400075739,1
false,0.1,20,5,0.56375,0.5442592592592592,0.5585185185185185,0.605,0.5340277777777778,0.8556944444444444,0.8602777777777778,0.8679629629629629,0.8458333333333333,0.8543333333333333,0.5472222222222223,0.5305555555555556,0.5492592592592592,0.5733333333333334,0.5277222222222222,,,,,,,,,,,20,5,45,1.7866731719996096,42,0.30847222222222215,0.32972222222222225,0.3187037037037037,0.27249999999999996,0.3266111111111111,1.7024517509998986,random,0.038093420999757654,1
false,0.1,20,5,0.5675,0.5488888888888889,0.5475462962962963,0.5922222222222222,0.5321111111111111,0.8556944444444444,0.8602777777777778,0.8679629629629629,0.8458333333333333,0.8543333333333333,0.5479166666666667,0.5333333333333333,0.5378240740740741,0.5619444444444445,0.5248055555555555,0.8154166666666667,0.0,0.8388888888888889,0.0,0.8655092592592593,0.0,0.8403888888888889,0.0,0.75,0.0,20,5,46,1.5890888909998466,43,0.3077777777777777,0.3269444444444445,0.33013888888888887,0.28388888888888886,0.32952777777777775,1.5050219660006405,random,0.030674720999741112,1
false,0.1,20,5,0.56625,0.547037037037037,0.5460185185185186,0.6008333333333333,0.5274444444444445,0.8556944444444444,0.8602777777777778,0.8679629629629629,0.8458333333333333,0.8543333333333333,0.5475,0.5301851851851852,0.5361111111111111,0.5666666666666667,0.518,0.8122222222222222,0.0004166666666666763,0.8374537037037038,0.0024537037037037357,0.860300925925926,0.004097222222222252,0.836875,0.01084722222222223,0.741111111111111,0.003888888888888886,20,5,47,1.565952328000094,44,0.30819444444444444,0.3300925925925926,0.33185185185185184,0.2791666666666667,0.33633333333333326,1.4809506649999093,random,0.011243269999795302,1
false,0.1,20,5,0.5697222222222222,0.5556481481481481,0.5602314814814815,0.5938888888888889,0.5411111111111111,0.8556944444444444,0.8602777777777778,0.8679629629629629,0.8458333333333333,0.8543333333333333,0.5555555555555556,0.5412962962962963,0.5496296296296296,0.5672222222222222,0.5328611111111111,0.8043981481481483,0.002422495454065036,0.8252469135802469,0.0023306045837843147,0.8596141975308642,0.014644094141239924,0.8435,0.014930755812610528,0.7398148148148148,0.0029513661945387076,20,5,48,1.7071175860000949,45,0.30013888888888884,0.31898148148148153,0.31833333333333336,0.27861111111111114,0.32147222222222216,1.5727992120000636,random,0.04022034599984181,1
false,0.1,20,5,0.5676388888888889,0.5480555555555555,0.5520833333333334,0.5922222222222222,0.5333333333333333,0.8556944444444444,0.8602777777777778,0.8679629629629629,0.8458333333333333,0.8543333333333333,0.5475,0.5326851851851852,0.5407407407407407,0.5608333333333333,0.5249722222222222,0.7991319444444445,0.005768802290000178,0.8177083333333333,0.007226190445924349,0.8488657407407407,0.009602799383584524,0.8414652777777778,0.008334476194780211,0.7371527777777778,0.004264476977178896,20,5,49,1.62109699299981,46,0.30819444444444444,0.32759259259259266,0.3272222222222222,0.28500000000000003,0.3293611111111111,1.493466377999539,random,0.030641018999631342,1
false,0.25,20,5,0.5773611111111111,0.5562962962962963,0.5624537037037037,0.6194444444444445,0.5431944444444444,0.8556944444444444,0.8602777777777778,0.8679629629629629,0.8458333333333333,0.8543333333333333,0.5593055555555555,0.5412962962962963,0.5521759259259259,0.5869444444444445,0.5348888888888889,,,,,,,,,,,20,5,50,1.5654548840002462,42,0.2963888888888889,0.31898148148148153,0.31578703703703703,0.25888888888888884,0.3194444444444444,1.4910146259999237,random,0.030233485999815457,1
false,0.25,20,5,0.57625,0.5572222222222222,0.5666203703703704,0.6105555555555555,0.5503611111111111,0.8556944444444444,0.8602777777777778,0.8679629629629629,0.8458333333333333,0.8543333333333333,0.5597222222222222,0.542037037037037,0.5558333333333333,0.5788888888888889,0.5428333333333333,0.8295833333333333,0.0,0.8512037037037037,0.0,0.8683333333333333,0.0,0.8613333333333333,0.0,0.7863888888888889,0.0,20,5,51,1.724558246000015,43,0.2959722222222222,0.3182407407407408,0.31212962962962965,0.26694444444444443,0.3115,1.610926283000481,random,0.05774319200008904,1
false,0.25,20,5,0.5813888888888888,0.5607407407407408,0.5624074074074074,0.6211111111111111,0.5479444444444445,0.8556944444444444,0.8602777777777778,0.8679629629629629,0.8458333333333333,0.8543333333333333,0.5627777777777778,0.5418518518518518,0.5527777777777778,0.5833333333333334,0.5388888888888889,0.8368055555555556,0.0008333333333333526,0.8624074074074074,0.007407407407407418,0.8831712962962963,0.009004629629629612,0.871875,0.0035694444444444584,0.7877777777777778,0.0033333333333332993,20,5,52,1.6432964860005086,44,0.2929166666666666,0.318425925925926,0.3151851851851851,0.26249999999999996,0.3154444444444444,1.551999066999997,random,0.02698810899983073,1
false,0.25,20,5,0.5797222222222222,0.5586111111111111,0.5628703703703704,0.6138888888888889,0.5418055555555555,0.8556944444444444,0.8602777777777778,0.8679629629629629,0.8458333333333333,0.8543333333333333,0.5634722222222223,0.5437962962962963,0.5528703703703703,0.5844444444444444,0.5352777777777777,0.832824074074074,0.0027058591104078384,0.8521604938271604,0.0033267539090541275,0.8715740740740742,0.008125758379717088,0.8589444444444445,0.0052149772438928954,0.7779629629629629,0.0007290748031492523,20,5,53,1.576787983000031,45,0.29222222222222216,0.3164814814814815,0.3150925925925926,0.2613888888888889,0.31905555555555554,1.4696867610000481,random,0.024617848999696434,1
false,0.25,20,5,0.5834722222222222,0.5617592592592593,0.5697685185185185,0.6155555555555555,0.5439166666666667,0.8556944444444444,0.8602777777777778,0.8679629629629629,0.8458333333333333,0.8543333333333333,0.5644444444444444,0.5482407407407407,0.5571759259259259,0.5825,0.5361666666666667,0.8315625,0.007964266621860063,0.85375,0.00915461703358202,0.8847569444444444,0.0056180298035393575,0.8712152777777777,0.007968504141692628,0.7834722222222221,0.005380936285502924,20,5,54,1.6285199769999963,46,0.29125,0.3120370370370371,0.31078703703703703,0.2633333333333333,0.3181666666666666,1.476874212000439,random,0.05799839100018289,1
false,0.5,20,5,0.5984722222222222,0.5721296296296297,0.5711111111111111,0.6577777777777778,0.5493333333333333,0.8556944444444444,0.8602777777777778,0.8679629629629629,0.8458333333333333,0.8543333333333333,0.5791666666666667,0.5575,0.5598148148148148,0.6183333333333333,0.5408333333333334,,,,,,,,,,,20,5,55,1.5204381519997696,42,0.2765277777777777,0.3027777777777778,0.30814814814814817,0.22750000000000004,0.3134999999999999,1.4606387120002182,random,0.022861761000058323,1
false,0.5,20,5,0.5995833333333334,0.5734259259259259,0.5697222222222222,0.6519444444444444,0.5511944444444444,0.8556944444444444,0.8602777777777778,0.8679629629629629,0.8458333333333333,0.8543333333333333,0.5795833333333333,0.5577777777777778,0.5593055555555555,0.6116666666666667,0.5434444444444444,0.86625,0.0,0.8833333333333333,0.0,0.8961111111111111,0.0,0.8908888888888888,0.0,0.8172222222222222,0.0,20,5,56,1.562557010999626,43,0.2761111111111111,0.3025,0.30865740740740744,0.23416666666666663,0.3108888888888889,1.4557840380002744,random,0.031173038999440905,1
false,0.5,20,5,0.5973611111111111,0.5713888888888888,0.5705092592592592,0.6594444444444445,0.5531111111111111,0.8556944444444444,0.8602777777777778,0.8679629629629629,0.8458333333333333,0.8543333333333333,0.5788888888888889,0.5547222222222222,0.559212962962963,0.6177777777777778,0.5447222222222222,0.861388888888889,0.0002777777777777657,0.8776851851851852,0.001388888888888884,0.8872916666666666,0.0023842592592592804,0.8759027777777778,0.0030138888888888715,0.8243055555555556,0.002638888888888913,20,5,57,1.5486118439994243,44,0.2768055555555555,0.3055555555555556,0.30874999999999997,0.22805555555555557,0.30961111111111106,1.448612762999801,random,0.03365661000043474,1
false,0.5,20,5,0.6001388888888889,0.5750925925925926,0.575,0.6494444444444445,0.5486111111111112,0.8556944444444444,0.8602777777777778,0.8679629629629629,0.8458333333333333,0.8543333333333333,0.5811111111111111,0.5586111111111111,0.5625,0.6141666666666666,0.5399722222222222,0.8630092592592593,0.003098049078578095,0.875679012345679,0.0017011745406815579,0.892175925925926,0.004378529995327364,0.8850555555555556,0.0039808569708320325,0.8211111111111111,0.002721655269759059,20,5,58,1.7626515490001111,45,0.2745833333333333,0.30166666666666675,0.30546296296296294,0.2316666666666667,0.3143611111111111,1.6584613509994597,random,0.026159195999753138,1
false,0.5,20,5,0.5991666666666666,0.575462962962963,0.5771759259259259,0.6558333333333334,0.5569444444444445,0.8556944444444444,0.8602777777777778,0.8679629629629629,0.8458333333333333,0.8543333333333333,0.5775,0.5607407407407408,0.5648148148148148,0.6144444444444445,0.5476111111111112,0.8609027777777777,0.0033857282620135846,0.8764120370370371,0.002138041959947586,0.8945254629629629,0.0023932039606326745,0.8895763888888889,0.0007913924963842495,0.8258333333333334,0.002620550314460139,20,5,59,1.5561881200001153,46,0.2781944444444444,0.29953703703703705,0.30314814814814817,0.23138888888888887,0.3067222222222221,1.4260121420002179,random,0.040388090000305965,1
false,0.0,50,5,0.5533333333333333,0.5465740740740741,0.5617592592592593,0.5755555555555556,0.5384722222222222,0.8556944444444444,0.8602777777777778,0.8679629629629629,0.8458333333333333,0.8543333333333333,0.5372222222222223,0.5309259259259259,0.5528240740740741,0.5455555555555556,0.5318055555555555,,,,,,,,,,,50,5,60,1.8032220739996774,42,0.31847222222222216,0.3293518518518519,0.31513888888888886,0.30027777777777775,0.32252777777777775,1.7271844589995453,random,0.03717764200064266,1
false,0.0,50,5,0.5597222222222222,0.5432407407407407,0.55375,0.5891666666666666,0.5318333333333334,0.8556944444444444,0.8602777777777778,0.8679629629629629,0.8458333333333333,0.8543333333333333,0.5427777777777778,0.5259259259259259,0.5431944444444444,0.5577777777777778,0.5226944444444445,0.7594444444444445,0.0,0.7908333333333334,0.0,0.855462962962963,0.0,0.8373611111111111,0.0,0.6911111111111111,0.0,50,5,61,2.157177134000449,43,0.3129166666666666,0.3343518518518519,0.3247685185185185,0.2880555555555555,0.3316388888888888,2.01866981799958,random,0.05883674400047312,1
false,0.0,50,5,0.5583333333333333,0.5430555555555555,0.5604629629629629,0.5744444444444444,0.5353611111111111,0.8556944444444444,0.8602777777777778,0.8679629629629629,0.8458333333333333,0.8543333333333333,0.5430555555555555,0.5278703703703703,0.5524074074074075,0.5477777777777778,0.5271111111111111,0.7691666666666667,0.0005555555555555314,0.8017129629629629,0.001527777777777739,0.8638657407407407,0.0002083333333333659,0.84425,0.0036944444444444446,0.6997222222222221,0.003333333333333355,50,5,62,1.9110770540000885,44,0.3126388888888889,0.3324074074074075,0.3155555555555555,0.2980555555555555,0.3272222222222222,1.8176298400003361,random,0.035635117999845534,1
false,0.0,50,5,0.5595833333333333,0.5438888888888889,0.5516203703703704,0.5777777777777777,0.5366388888888889,0.8556944444444444,0.8602777777777778,0.8679629629629629,0.8458333333333333,0.8543333333333333,0.5425,0.5275925925925926,0.5404166666666667,0.5491666666666667,0.5292777777777777,0.763287037037037,0.00420405040175795,0.7981481481481482,0.011560609451961319,0.8388425925925925,0.006580265733185957,0.8370000000000001,0.006149166024621084,0.6821296296296296,0.006040557937148195,50,5,63,1.7121994740000446,45,0.31319444444444444,0.3326851851851852,0.3275462962962963,0.29666666666666663,0.32505555555555554,1.5930447580003602,random,0.042018395999548375,1
false,0.0,50,5,0.5516666666666666,0.5441666666666667,0.5478240740740741,0.5708333333333333,0.5254166666666666,0.8556944444444444,0.8602777777777778,0.8679629629629629,0.8458333333333333,0.8543333333333333,0.5348611111111111,0.5247222222222222,0.5394444444444444,0.5427777777777778,0.5179166666666667,0.7504861111111112,0.010187526035716144,0.7905555555555556,0.01064512839628477,0.8440393518518517,0.010775077567997591,0.8054513888888889,0.007484870929018998,0.6861111111111111,0.0076148612010404695,50,5,64,1.6699379810006576,46,0.3208333333333333,0.3355555555555556,0.32851851851851854,0.3030555555555555,0.3364166666666666,1.5541903599996658,random,0.030221381999581354,1
false,0.1,50,5,0.5622222222222222,0.5465740740740741,0.5547222222222222,0.5913888888888889,0.5373888888888889,0.8556944444444444,0.8602777777777778,0.8679629629629629,0.8458333333333333,0.8543333333333333,0.5459722222222222,0.5312037037037037,0.5444444444444444,0.5605555555555556,0.5285277777777778,,,,,,,,,,,50,5,65,1.6435525169999892,42,0.30972222222222223,0.3290740740740741,0.32351851851851854,0.28527777777777774,0.32580555555555546,1.5834501369999998,random,0.024331333999725757,1
false,0.1,50,5,0.5680555555555555,0.5474074074074075,0.5623148148148148,0.6002777777777778,0.541,0.8556944444444444,0.8602777777777778,0.8679629629629629,0.8458333333333333,0.8543333333333333,0.5508333333333333,0.5315740740740741,0.5527314814814814,0.5744444444444444,0.5340555555555555,0.7916666666666666,0.0,0.817037037037037,0.0,0.8475462962962963,0.0,0.8258055555555556,0.0,0.7261111111111112,0.0,50,5,66,1.643509817999984,43,0.30486111111111114,0.3287037037037037,0.3152314814814815,0.2713888888888889,0.3202777777777778,1.563793299000281,random,0.024993687999995018,1
false,0.1,50,5,0.5622222222222222,0.5448148148148149,0.5554629629629629,0.5947222222222223,0.5348611111111111,0.8556944444444444,0.8602777777777778,0.8679629629629629,0.8458333333333333,0.8543333333333333,0.5440277777777778,0.5283333333333333,0.5434722222222222,0.5663888888888889,0.5261111111111111,0.7958333333333334,0.006250000000000033,0.8183796296296297,0.009583333333333333,0.8473611111111111,0.014120370370370394,0.8271527777777778,0.02176388888888886,0.7251388888888889,0.006249999999999978,50,5,67,1.64252096600012,44,0.31166666666666665,0.3319444444444445,0.3244907407407407,0.2794444444444444,0.3282222222222222,1.556083022999701,random,0.024610970999674464,1
false,0.1,50,5,0.565,0.5481481481481482,0.5627314814814814,0.5972222222222222,0.5421944444444444,0.8556944444444444,0.8602777777777778,0.8679629629629629,0.8458333333333333,0.8543333333333333,0.5483333333333333,0.5319444444444444,0.5516203703703704,0.5652777777777778,0.5337222222222222,0.793888888888889,0.0040269794866634465,0.8174999999999999,0.001367113246317893,0.853287037037037,0.00313336215437815,0.8349814814814814,0.007796813126178819,0.7228703703703703,0.0028897197285790996,50,5,68,1.6808327770004325,45,0.3073611111111111,0.32833333333333337,0.31634259259259256,0.28055555555555556,0.32061111111111107,1.5846348029999717,random,0.02442511699973693,1
false,0.1,50,5,0.5616666666666666,0.5427777777777778,0.5483796296296296,0.6016666666666667,0.5335555555555556,0.8556944444444444,0.8602777777777778,0.8679629629629629,0.8458333333333333,0.8543333333333333,0.5451388888888888,0.5269444444444444,0.5378240740740741,0.5672222222222222,0.5246944444444445,0.7865972222222224,0.0031831018434349606,0.814861111111111,0.0028930555185125795,0.8452893518518518,0.007795282811643959,0.8129722222222222,0.01177088044893881,0.7272916666666667,0.0018042195912175805,50,5,69,1.69015368700002,46,0.3105555555555556,0.33333333333333337,0.33013888888888887,0.27861111111111114,0.3296388888888888,1.5582768770000257,random,0.04008795499976259,1
false,0.25,50,5,0.5725,0.5537037037037037,0.5630092592592593,0.6236111111111111,0.5491666666666667,0.8556944444444444,0.8602777777777778,0.8679629629629629,0.8458333333333333,0.8543333333333333,0.55625,0.5375,0.5518518518518518,0.5891666666666666,0.5416111111111112,,,,,,,,,,,50,5,70,1.6553977069997927,42,0.2994444444444444,0.32277777777777783,0.3161111111111111,0.2566666666666667,0.3127222222222221,1.5841263359998266,random,0.03464395199989667,1
false,0.25,50,5,0.58125,0.5592592592592592,0.5675925925925925,0.6261111111111111,0.5455277777777777,0.8556944444444444,0.8602777777777778,0.8679629629629629,0.8458333333333333,0.8543333333333333,0.5623611111111111,0.5427777777777778,0.5581018518518519,0.5966666666666667,0.5376111111111112,0.8183333333333334,0.0,0.8426851851851852,0.0,0.8637962962962963,0.0,0.8542777777777778,0.0,0.775,0.0,50,5,71,1.6474458590000722,43,0.29333333333333333,0.3175,0.30986111111111103,0.24916666666666665,0.3167222222222221,1.5758224470000641,random,0.02254642500065529,1
false,0.25,50,5,0.5763888888888888,0.5550925925925926,0.5630092592592593,0.6183333333333333,0.5455277777777777,0.8556944444444444,0.8602777777777778,0.8679629629629629,0.8458333333333333,0.8543333333333333,0.5579166666666666,0.5375,0.5534722222222223,0.5863888888888888,0.5384722222222222,0.8210416666666667,0.006319444444444433,0.8405555555555555,0.003333333333333355,0.8747453703703704,0.007291666666666696,0.8515416666666666,0.0019027777777777533,0.7694444444444444,0.0005555555555555869,50,5,72,1.6502055119999568,44,0.2977777777777778,0.32277777777777783,0.3144907407407407,0.2594444444444445,0.31586111111111104,1.5568225999995775,random,0.029369032000431616,1
false,0.25,50,5,0.5805555555555556,0.5564814814814815,0.5647685185185185,0.6111111111111112,0.5430555555555555,0.8556944444444444,0.8602777777777778,0.8679629629629629,0.8458333333333333,0.8543333333333333,0.5634722222222223,0.5416666666666666,0.5534259259259259,0.5769444444444445,0.5365277777777778,0.8196296296296296,0.007590616273951751,0.8441666666666666,0.004214743213607818,0.874212962962963,0.004087205269322825,0.8637592592592593,0.010131753789065799,0.7624074074074074,0.006044814349610932,50,5,73,1.6889000499995745,45,0.29222222222222216,0.3186111111111112,0.31453703703703706,0.26888888888888884,0.31780555555555545,1.5773431819998223,random,0.036721464000038395,1
false,0.25,50,5,0.5759722222222222,0.5584259259259259,0.5676388888888889,0.6225,0.5511388888888888,0.8556944444444444,0.8602777777777778,0.8679629629629629,0.8458333333333333,0.8543333333333333,0.5570833333333334,0.5405555555555556,0.557037037037037,0.585,0.5425555555555556,0.8235416666666666,0.004108975609024174,0.8487731481481481,0.00519772582366531,0.8680555555555556,0.006754739102506884,0.8415277777777779,0.012364809059844783,0.7747222222222222,0.0034190371180808808,50,5,74,1.6844798909996825,46,0.29861111111111105,0.31972222222222224,0.31092592592592594,0.26083333333333336,0.3117777777777777,1.5584651069993924,random,0.03491044200018223,1
false,0.5,50,5,0.5933333333333334,0.5661111111111111,0.567962962962963,0.6475,0.5489444444444445,0.8556944444444444,0.8602777777777778,0.8679629629629629,0.8458333333333333,0.8543333333333333,0.5740277777777778,0.5500925925925926,0.5571296296296296,0.6069444444444444,0.5418888888888889,,,,,,,,,,,50,5,75,1.61851113099965,42,0.2816666666666666,0.31018518518518523,0.3108333333333333,0.23888888888888893,0.3124444444444444,1.5536721070002386,random,0.025539904000652314,1
false,0.5,50,5,0.5945833333333334,0.5699074074074074,0.575324074074074,0.6533333333333333,0.55375,0.8556944444444444,0.8602777777777778,0.8679629629629629,0.8458333333333333,0.8543333333333333,0.5759722222222222,0.5547222222222222,0.5641203703703703,0.6172222222222222,0.5448611111111111,0.8598611111111111,0.0,0.8703703703703703,0.0,0.8827314814814815,0.0,0.8805,0.0,0.8186111111111111,0.0,50,5,76,1.6498971459996028,43,0.2797222222222222,0.3055555555555556,0.3038425925925926,0.2286111111111111,0.30947222222222215,1.575653360000615,random,0.026833926999643154,1
false,0.5,50,5,0.5968055555555556,0.5688888888888889,0.5687037037037037,0.655,0.5426944444444445,0.8556944444444444,0.8602777777777778,0.8679629629629629,0.8458333333333333,0.8543333333333333,0.5780555555555555,0.5533333333333333,0.5577314814814814,0.6175,0.5345,0.8575,0.001388888888888884,0.872037037037037,0.0024074074074074137,0.8813888888888889,0.0036111111111111205,0.8757638888888889,0.0009027777777778079,0.8156944444444445,0.0006944444444444975,50,5,77,1.6661882610005705,44,0.2776388888888889,0.30694444444444446,0.3102314814814815,0.22833333333333328,0.3198333333333333,1.5717438339997898,random,0.024694477000593906,1
false,0.5,50,5,0.5986111111111111,0.570462962962963,0.5747685185185185,0.6527777777777778,0.5493611111111111,0.8556944444444444,0.8602777777777778,0.8679629629629629,0.8458333333333333,0.8543333333333333,0.5801388888888889,0.555,0.5636574074074074,0.6138888888888889,0.5409166666666667,0.8552314814814815,0.002035984576601476,0.8702777777777778,0.004943091783347864,0.8802932098765432,0.003628939318751399,0.8804166666666666,0.008495096624916472,0.8162037037037037,0.007180554063089358,50,5,78,1.673793862999446,45,0.27555555555555555,0.30527777777777776,0.3043055555555555,0.2319444444444444,0.31341666666666657,1.5785848420000548,random,0.024230709000221395,1
false,0.5,50,5,0.5969444444444445,0.5715740740740741,0.5699537037037037,0.6536111111111111,0.5481111111111111,0.8556944444444444,0.8602777777777778,0.8679629629629629,0.8458333333333333,0.8543333333333333,0.5781944444444445,0.5543518518518519,0.5583333333333333,0.6125,0.5391388888888888,0.8580208333333335,0.0020159831065270457,0.8735185185185186,0.004101862302469782,0.8870023148148148,0.0024382319255639782,0.8754305555555555,0.005540448209127588,0.8231249999999999,0.0043893064147390295,50,5,79,1.695630574000461,46,0.27749999999999997,0.30592592592592593,0.3096296296296296,0.23333333333333328,0.31519444444444444,1.5842861309993168,random,0.02598725900043064,1
false,0.0,5,10,0.5861111111111111,0.5852777777777778,0.5983796296296297,0.5436111111111112,0.5706666666666667,0.8556944444444444,0.8602777777777778,0.8679629629629629,0.8458333333333333,0.8543333333333333,0.5644444444444444,0.5644444444444444,0.5876388888888889,0.5216666666666666,0.5623055555555555,,,,,,,,,,,5,10,80,1.2454457909998382,42,0.29125,0.2958333333333334,0.280324074074074,0.3241666666666667,0.2920277777777778,1.1545367449998594,random,0.051919929000177945,1
false,0.0,5,10,0.5841666666666666,0.5843518518518519,0.5957407407407408,0.5388888888888889,0.5676388888888889,0.8556944444444444,0.8602777777777778,0.8679629629629629,0.8458333333333333,0.8543333333333333,0.5630555555555555,0.5674074074074074,0.5821296296296297,0.5194444444444445,0.5602222222222222,0.79,0.0,0.8377777777777777,0.0,0.9084722222222222,0.0,0.90675,0.0,0.6597222222222222,0.0,5,10,81,1.2214465679999194,43,0.2926388888888889,0.29287037037037045,0.2858333333333333,0.32638888888888884,0.2941111111111111,1.148033977000523,random,0.02222803400036355,1
false,0.0,5,10,0.5819444444444445,0.5864814814814815,0.59375,0.5402777777777777,0.5649722222222222,0.8556944444444444,0.8602777777777778,0.8679629629629629,0.8458333333333333,0.8543333333333333,0.5618055555555556,0.5675,0.5814814814814815,0.5211111111111111,0.5554444444444444,0.7760416666666666,0.0014583333333333393,0.8259722222222222,0.002268518518518503,0.8852083333333334,0.0016898148148148384,0.8905555555555555,5.5555555555586444e-05,0.6609722222222222,0.0043055555555555625,5,10,82,1.2628147470004478,44,0.29388888888888887,0.2927777777777778,0.28648148148148145,0.32472222222222225,0.29888888888888887,1.1727988510001524,random,0.02418115900036355,1
false,0.0,5,10,0.5922222222222222,0.5868518518518518,0.5999537037037037,0.5511111111111111,0.5689444444444445,0.8556944444444444,0.8602777777777778,0.8679629629629629,0.8458333333333333,0.8543333333333333,0.5656944444444445,0.5662962962962963,0.5873611111111111,0.5244444444444445,0.5600555555555555,0.784212962962963,0.0036045762333003174,0.8272222222222222,0.0067818411890225635,0.8892129629629629,0.004912791130256748,0.9110277777777777,0.005339550774094775,0.6650925925925927,0.0016718027856729302,5,10,83,1.2520007149996673,45,0.2899999999999999,0.2939814814814815,0.2806018518518518,0.32138888888888884,0.29427777777777775,1.150821170999734,random,0.023637508999854617,1
false,0.0,5,10,0.5920833333333333,0.5880555555555556,0.5979629629629629,0.5622222222222222,0.5691111111111111,0.8556944444444444,0.8602777777777778,0.8679629629629629,0.8458333333333333,0.8543333333333333,0.5693055555555555,0.5687962962962962,0.5857407407407408,0.5386111111111112,0.559,0.7868055555555556,0.0041142536787774,0.8314814814814815,0.005251722560180425,0.9008449074074074,0.004694268090595004,0.9161805555555556,0.007913144928176186,0.6790277777777778,0.003096319001334439,5,10,84,1.2588467239993406,46,0.2863888888888889,0.29148148148148156,0.28222222222222215,0.3072222222222222,0.2953333333333332,1.1493343829997684,random,0.024956737000138673,1
false,0.1,5,10,0.6011111111111112,0.5937037037037037,0.6062037037037037,0.5661111111111111,0.5777777777777777,0.8556944444444444,0.8602777777777778,0.8679629629629629,0.8458333333333333,0.8543333333333333,0.5759722222222222,0.5724074074074074,0.5940740740740741,0.5438888888888889,0.569,,,,,,,,,,,5,10,85,1.2049906830006876,42,0.2797222222222222,0.28787037037037044,0.27388888888888885,0.30194444444444446,0.2853333333333333,1.1442419209997752,random,0.023100029000488576,1
false,0.1,5,10,0.6029166666666667,0.5922222222222222,0.6015277777777778,0.5630555555555555,0.5739444444444445,0.8556944444444444,0.8602777777777778,0.8679629629629629,0.8458333333333333,0.8543333333333333,0.5783333333333334,0.5725925925925925,0.5889814814814814,0.5413888888888889,0.5660277777777778,0.80875,0.0,0.8491666666666666,0.0,0.914675925925926,0.0,0.9218055555555555,0.0,0.7041666666666667,0.0,5,10,86,1.2163561639999898,43,0.27736111111111106,0.28768518518518527,0.2789814814814815,0.3044444444444444,0.2883055555555555,1.1432716669996807,random,0.023393050999402476,1
false,0.1,5,10,0.5975,0.595,0.6050925925925926,0.5655555555555556,0.5759166666666666,0.8556944444444444,0.8602777777777778,0.8679629629629629,0.8458333333333333,0.8543333333333333,0.5794444444444444,0.5760185185185185,0.5935185185185186,0.545,0.5663888888888889,0.7972222222222223,0.0058333333333333015,0.8352777777777778,0.00018518518518517713,0.9025925925925926,0.0016203703703703831,0.9115694444444444,0.0010694444444444562,0.7080555555555555,0.0033333333333332993,5,10,87,1.2456665830004567,44,0.27625,0.2842592592592593,0.2744444444444444,0.3008333333333333,0.28794444444444434,1.1551767210003163,random,0.027659142999254982,1
false,0.1,5,10,0.6029166666666667,0.5939814814814814,0.6043981481481482,0.5625,0.5745833333333333,0.8556944444444444,0.8602777777777778,0.8679629629629629,0.8458333333333333,0.8543333333333333,0.5798611111111112,0.5741666666666667,0.5908333333333333,0.5391666666666667,0.5660277777777778,0.8036574074074073,0.0033223842811127943,0.8407716049382716,0.0034515502614676868,0.9013117283950618,0.0026315235456509595,0.9186388888888889,0.010734329184689069,0.7085185185185185,0.005621521939503911,5,10,88,1.2558285489994887,45,0.27583333333333326,0.2861111111111111,0.2771296296296296,0.30666666666666664,0.2883055555555555,1.1593019920001097,random,0.023484633000407484,1
false,0.1,5,10,0.6022222222222222,0.5944444444444444,0.606712962962963,0.5761111111111111,0.5711388888888889,0.8556944444444444,0.8602777777777778,0.8679629629629629,0.8458333333333333,0.8543333333333333,0.5765277777777778,0.5745370370370371,0.5937962962962963,0.5544444444444444,0.5613333333333334,0.8072222222222223,0.003616449046192113,0.8472222222222222,0.0030869598292906707,0.9091550925925926,0.007980464657129307,0.9257361111111112,0.010914272072682791,0.7072916666666667,0.0036502948891531497,5,10,89,1.2652256299998044,46,0.2791666666666667,0.28574074074074074,0.27416666666666667,0.2913888888888889,0.2929999999999999,1.1482770319998963,random,0.03132457399988198,1
false,0.25,5,10,0.6186111111111111,0.605,0.6151388888888889,0.5833333333333334,0.5843333333333334,0.8556944444444444,0.8602777777777778,0.8679629629629629,0.8458333333333333,0.8543333333333333,0.5938888888888889,0.5847222222222223,0.602037037037037,0.5561111111111111,0.5748333333333333,,,,,,,,,,,5,10,90,1.243115717999899,42,0.2618055555555555,0.27555555555555555,0.2659259259259259,0.2897222222222222,0.27949999999999997,1.1843610699997953,random,0.02194674699967436,1
false,0.25,5,10,0.6161111111111112,0.6064814814814815,0.612824074074074,0.5822222222222222,0.5826944444444444,0.8556944444444444,0.8602777777777778,0.8679629629629629,0.8458333333333333,0.8543333333333333,0.5929166666666666,0.5858333333333333,0.5981944444444445,0.5591666666666667,0.5734444444444444,0.8227777777777778,0.0,0.8532407407407407,0.0,0.9128703703703703,0.0,0.9293055555555556,0.0,0.7247222222222223,0.0,5,10,91,1.2373441830004595,43,0.2627777777777778,0.2744444444444445,0.26976851851851846,0.2866666666666666,0.28088888888888885,1.1491631640001287,random,0.03785644300023705,1
false,0.25,5,10,0.6127777777777778,0.602037037037037,0.6105092592592593,0.5755555555555556,0.5829166666666666,0.8556944444444444,0.8602777777777778,0.8679629629629629,0.8458333333333333,0.8543333333333333,0.5920833333333333,0.5818518518518518,0.5981481481481481,0.555,0.5741666666666667,0.81875,0.0043055555555555625,0.8483333333333334,0.0032407407407407107,0.9032870370370369,9.259259259258856e-05,0.9238055555555555,0.003555555555555534,0.7265277777777779,0.0018055555555555602,5,10,92,1.2562418640000033,44,0.26361111111111113,0.27842592592592597,0.26981481481481484,0.2908333333333333,0.28016666666666656,1.1586457399998835,random,0.03183280899975216,1
false,0.25,5,10,0.6151388888888889,0.6064814814814815,0.6118981481481481,0.5825,0.5813055555555555,0.8556944444444444,0.8602777777777778,0.8679629629629629,0.8458333333333333,0.8543333333333333,0.59,0.585925925925926,0.5984722222222222,0.5569444444444445,0.5708055555555556,0.8130092592592592,0.005648907052840598,0.8475617283950617,0.004294229316885871,0.9063117283950618,0.003677051739573915,0.9038333333333334,0.004053462169005112,0.7282407407407407,0.005801648221415014,5,10,93,1.3053797299999133,45,0.26569444444444446,0.27435185185185185,0.26949074074074075,0.28888888888888886,0.2835277777777777,1.1793795600005978,random,0.05076407199976529,1
false,0.25,5,10,0.6169444444444444,0.6047222222222223,0.6109259259259259,0.595,0.57825,0.8556944444444444,0.8602777777777778,0.8679629629629629,0.8458333333333333,0.8543333333333333,0.5920833333333333,0.5851851851851851,0.598287037037037,0.5697222222222222,0.5694722222222223,0.8184722222222223,0.004289845892077879,0.8516898148148149,0.002895924925276811,0.9047685185185185,0.004797310596310802,0.9181250000000001,0.005244724715910163,0.7305555555555556,0.0062330015756435824,5,10,94,1.5758771910004725,46,0.26361111111111113,0.27509259259259267,0.26967592592592593,0.2761111111111111,0.284861111111111,1.4329325629996674,random,0.05073542999980418,1
false,0.5,5,10,0.6343055555555556,0.6182407407407408,0.6209259259259259,0.5988888888888889,0.5915,0.8556944444444444,0.8602777777777778,0.8679629629629629,0.8458333333333333,0.8543333333333333,0.6091666666666666,0.5962037037037037,0.6069907407407408,0.5741666666666667,0.5826388888888889,,,,,,,,,,,5,10,95,1.214478030000464,42,0.2465277777777778,0.2640740740740741,0.26097222222222216,0.2716666666666666,0.27169444444444435,1.1438468169999396,random,0.027484813000228314,1
false,0.5,5,10,0.6333333333333333,0.6187962962962963,0.6198148148148148,0.5936111111111111,0.5909722222222222,0.8556944444444444,0.8602777777777778,0.8679629629629629,0.8458333333333333,0.8543333333333333,0.6073611111111111,0.5971296296296297,0.6043981481481482,0.5697222222222222,0.5814722222222222,0.8305555555555556,0.0,0.8512962962962963,0.0,0.8994444444444445,0.0,0.9051388888888889,0.0,0.7386111111111111,0.0,5,10,96,1.2160502980004821,43,0.2483333333333333,0.26314814814814813,0.26356481481481475,0.2761111111111111,0.2728611111111111,1.1430642590003117,random,0.022866168999826186,1
false,0.5,5,10,0.6327777777777778,0.6205555555555555,0.6216203703703703,0.5969444444444445,0.59075,0.8556944444444444,0.8602777777777778,0.8679629629629629,0.8458333333333333,0.8543333333333333,0.6058333333333333,0.5974074074074074,0.6079629629629629,0.5769444444444445,0.5823333333333334,0.8352083333333333,0.002291666666666692,0.8549074074074074,0.0036111111111111205,0.9015740740740741,0.001388888888888884,0.9060555555555556,0.003999999999999948,0.7451388888888889,0.005138888888888915,5,10,97,1.2277087339998616,44,0.2498611111111111,0.2628703703703704,0.26,0.26888888888888884,0.2719999999999999,1.1369138179998117,random,0.03166875900024024,1
false,0.5,5,10,0.6326388888888889,0.6168518518518519,0.6234722222222222,0.6016666666666667,0.5874166666666667,0.8556944444444444,0.8602777777777778,0.8679629629629629,0.8458333333333333,0.8543333333333333,0.605,0.5958333333333333,0.6079166666666667,0.5783333333333334,0.5771666666666667,0.8347222222222221,0.00445456024719442,0.8537037037037036,0.0042659635909064195,0.9017746913580247,0.0026649764590913113,0.9027592592592594,0.002563025850223968,0.7478703703703703,0.005575581191601709,5,10,98,1.2669327880003038,45,0.25069444444444444,0.2644444444444445,0.2600462962962963,0.26749999999999996,0.27716666666666656,1.1652338940002664,random,0.023137012000006507,1
false,0.5,5,10,0.6348611111111111,0.6159259259259259,0.6235648148148148,0.6105555555555555,0.5901388888888889,0.8556944444444444,0.8602777777777778,0.8679629629629629,0.8458333333333333,0.8543333333333333,0.6097222222222223,0.5969444444444445,0.6088425925925925,0.5788888888888889,0.5812777777777778,0.8332291666666667,0.00375562207164959,0.8552083333333333,0.0014229993416021744,0.9050115740740741,0.0023091075475870984,0.9099097222222222,0.004511446989069608,0.7452777777777777,0.004718135486517503,5,10,99,1.305710583000291,46,0.24597222222222215,0.2633333333333333,0.2591203703703704,0.26694444444444443,0.2730555555555555,1.1889454220008702,random,0.024131897000188474,1
false,0.0,10,10,0.5933333333333334,0.5856481481481481,0.6018518518518519,0.5408333333333334,0.5665277777777777,0.8556944444444444,0.8602777777777778,0.8679629629629629,0.8458333333333333,0.8543333333333333,0.5704166666666667,0.5669444444444445,0.5884259259259259,0.5233333333333333,0.5589722222222222,,,,,,,,,,,10,10,100,1.5762018770001305,42,0.28527777777777774,0.29333333333333333,0.27953703703703703,0.3225,0.2953611111111111,1.5014646609997726,random,0.04008477900060825,1
false,0.0,10,10,0.5818055555555556,0.5846296296296296,0.5956481481481481,0.5394444444444444,0.5683055555555555,0.8556944444444444,0.8602777777777778,0.8679629629629629,0.8458333333333333,0.8543333333333333,0.5601388888888889,0.5652777777777778,0.5837962962962963,0.5141666666666667,0.5600277777777778,0.7868055555555555,0.0,0.8326851851851852,0.0,0.9058333333333334,0.0,0.9181111111111111,0.0,0.6730555555555555,0.0,10,10,101,1.6525512730004266,43,0.29555555555555557,0.29500000000000004,0.2841666666666667,0.33166666666666667,0.2943055555555555,1.4762310850001086,random,0.09446984500027611,1
false,0.0,10,10,0.5944444444444444,0.5946296296296296,0.5994444444444444,0.5402777777777777,0.57075,0.8556944444444444,0.8602777777777778,0.8679629629629629,0.8458333333333333,0.8543333333333333,0.5683333333333334,0.5714814814814815,0.5868981481481481,0.5166666666666667,0.5621388888888889,0.7833333333333333,0.0008333333333333526,0.8223148148148147,0.0014814814814814725,0.8979166666666667,0.004722222222222239,0.9128194444444444,0.010513888888888878,0.658611111111111,0.01222222222222219,10,10,102,1.9422441710003113,44,0.28736111111111107,0.28879629629629633,0.2810648148148148,0.3291666666666666,0.2921944444444444,1.8324268420001317,random,0.05163327299942466,1
false,0.0,10,10,0.6015277777777778,0.5896296296296296,0.602175925925926,0.5544444444444444,0.5698333333333333,0.8556944444444444,0.8602777777777778,0.8679629629629629,0.8458333333333333,0.8543333333333333,0.5761111111111111,0.5682407407407407,0.5891203703703703,0.5313888888888889,0.56025,0.7805092592592593,0.006224054514168085,0.8306172839506173,0.004773285603110758,0.9027314814814815,0.0017227365487148714,0.9226481481481482,0.005130014024907504,0.6621296296296296,0.001047565601757855,10,10,103,1.717354073000024,45,0.2795833333333333,0.2920370370370371,0.2788425925925926,0.3144444444444444,0.29408333333333325,1.511325905999911,random,0.10734874000081618,1
false,0.0,10,10,0.5927777777777777,0.5876851851851852,0.5980092592592593,0.5505555555555556,0.5684166666666667,0.8556944444444444,0.8602777777777778,0.8679629629629629,0.8458333333333333,0.8543333333333333,0.5693055555555555,0.5648148148148148,0.585462962962963,0.5330555555555555,0.5596111111111111,0.7908333333333334,0.008512540676286469,0.8320370370370371,0.007038559776768181,0.9045486111111112,0.003991478486204051,0.9185902777777778,0.009613587008487162,0.6667361111111112,0.003064223815681999,10,10,104,2.133320926000124,46,0.2863888888888889,0.29546296296296304,0.2825,0.3127777777777778,0.2947222222222222,2.0067648630001713,random,0.02742884400049661,1
false,0.1,10,10,0.6047222222222223,0.595462962962963,0.6111111111111112,0.5541666666666667,0.5732222222222222,0.8556944444444444,0.8602777777777778,0.8679629629629629,0.8458333333333333,0.8543333333333333,0.5804166666666667,0.5777777777777777,0.5961574074074074,0.5313888888888889,0.5647777777777778,,,,,,,,,,,10,10,105,2.0671100819999992,42,0.27527777777777773,0.2825000000000001,0.2718055555555555,0.3144444444444444,0.28955555555555545,1.9619447240002046,random,0.03977989899976819,1
false,0.1,10,10,0.5981944444444445,0.5974074074074074,0.6071296296296296,0.5608333333333333,0.5754722222222223,0.8556944444444444,0.8602777777777778,0.8679629629629629,0.8458333333333333,0.8543333333333333,0.5744444444444444,0.5765740740740741,0.5928703703703704,0.5344444444444445,0.5657777777777778,0.8044444444444444,0.0,0.8388888888888889,0.0,0.8992592592592593,0.0,0.9263888888888889,0.0,0.6972222222222222,0.0,10,10,106,2.3775251179995394,43,0.28125,0.2837037037037037,0.27509259259259256,0.3113888888888888,0.28855555555555545,2.2539695049999864,random,0.04544436499963922,1
false,0.1,10,10,0.6072222222222222,0.5982407407407407,0.6014351851851852,0.56,0.5723888888888888,0.8556944444444444,0.8602777777777778,0.8679629629629629,0.8458333333333333,0.8543333333333333,0.5805555555555556,0.5750925925925926,0.5893518518518519,0.5341666666666667,0.5623611111111111,0.7961805555555556,0.0040972222222221966,0.8334259259259259,0.004166666666666652,0.9006481481481482,0.005185185185185182,0.9236111111111112,0.0068055555555555656,0.6897222222222221,0.006111111111111123,10,10,107,1.878932013000849,44,0.2751388888888888,0.2851851851851852,0.27861111111111103,0.31166666666666665,0.2919722222222222,1.7661994700001742,random,0.033954284000174084,1
false,0.1,10,10,0.6140277777777777,0.5987037037037037,0.6097222222222223,0.5816666666666667,0.5766666666666667,0.8556944444444444,0.8602777777777778,0.8679629629629629,0.8458333333333333,0.8543333333333333,0.5891666666666666,0.5753703703703704,0.5961574074074074,0.5536111111111112,0.5666388888888889,0.8005092592592593,0.004943525368874141,0.8348456790123456,0.0025134905026546377,0.8904475308641975,0.0031295596212979494,0.9113518518518519,0.005194089576575715,0.7005555555555555,0.007761225773961432,10,10,108,1.729324287000054,45,0.2665277777777778,0.2849074074074074,0.2718055555555555,0.29222222222222216,0.28769444444444436,1.600369394000154,random,0.030828667000605492,1
false,0.1,10,10,0.6095833333333334,0.5998148148148148,0.601712962962963,0.5597222222222222,0.5735833333333333,0.8556944444444444,0.8602777777777778,0.8679629629629629,0.8458333333333333,0.8543333333333333,0.5820833333333333,0.577037037037037,0.5884722222222222,0.5425,0.5654444444444444,0.8074652777777779,0.0038831492862919413,0.8445833333333334,0.001114000871807029,0.9000578703703703,0.007998840834123623,0.9220069444444445,0.006872105872319663,0.7,0.003118047822311601,10,10,109,2.0522120079995148,46,0.27361111111111114,0.2832407407407408,0.27949074074074076,0.30333333333333334,0.28888888888888886,1.8602278350008419,random,0.02537207099976513,1
false,0.25,10,10,0.6219444444444444,0.6044444444444445,0.613287037037037,0.5802777777777778,0.5838055555555556,0.8556944444444444,0.8602777777777778,0.8679629629629629,0.8458333333333333,0.8543333333333333,0.5998611111111111,0.5845370370370371,0.5992592592592593,0.5536111111111112,0.5737222222222222,,,,,,,,,,,10,10,110,1.7501120150000133,42,0.25583333333333336,0.27574074074074073,0.26870370370370367,0.29222222222222216,0.28061111111111103,1.6815653510002448,random,0.028504599999905622,1
false,0.25,10,10,0.6186111111111111,0.6089814814814815,0.6143981481481482,0.5883333333333334,0.5821944444444445,0.8556944444444444,0.8602777777777778,0.8679629629629629,0.8458333333333333,0.8543333333333333,0.5923611111111111,0.5868518518518518,0.6005555555555555,0.5616666666666666,0.5727777777777778,0.8243055555555555,0.0,0.8566666666666667,0.0,0.9109722222222222,0.0,0.9155277777777778,0.0,0.7341666666666666,0.0,10,10,111,1.7005991949999952,43,0.2633333333333333,0.27342592592592596,0.2674074074074074,0.2841666666666667,0.28155555555555545,1.62131315500028,random,0.01693194899962691,1
false,0.25,10,10,0.62125,0.6090740740740741,0.6098611111111111,0.5902777777777778,0.5843611111111111,0.8556944444444444,0.8602777777777778,0.8679629629629629,0.8458333333333333,0.8543333333333333,0.5947222222222223,0.5856481481481481,0.5963888888888889,0.565,0.5734722222222223,0.8296527777777778,6.94444444444553e-05,0.8634259259259259,0.0008333333333333526,0.9128240740740741,0.0005092592592592649,0.9299444444444445,0.00347222222222221,0.7380555555555555,0.0002777777777777657,10,10,112,1.6319993309998608,44,0.26097222222222216,0.27462962962962967,0.2715740740740741,0.2808333333333334,0.280861111111111,1.539473423000345,random,0.024549545999434486,1
false,0.25,10,10,0.625,0.6094444444444445,0.6160648148148148,0.5972222222222222,0.5843611111111111,0.8556944444444444,0.8602777777777778,0.8679629629629629,0.8458333333333333,0.8543333333333333,0.5991666666666666,0.5864814814814815,0.6020833333333333,0.5719444444444445,0.5751111111111111,0.8148611111111111,0.0033236742769995383,0.8443827160493828,0.002831106739621923,0.903395061728395,0.005849518665462041,0.9117037037037036,0.004546588585308823,0.7266666666666667,0.0026156383133010214,10,10,113,1.7162298839994037,45,0.2565277777777778,0.2737962962962963,0.26587962962962963,0.27388888888888885,0.27922222222222215,1.6100563979998697,random,0.026318629999877885,1
false,0.25,10,10,0.6241666666666666,0.6116666666666667,0.6093055555555555,0.59,0.5778055555555556,0.8556944444444444,0.8602777777777778,0.8679629629629629,0.8458333333333333,0.8543333333333333,0.5963888888888889,0.5885185185185186,0.5948148148148148,0.5647222222222222,0.568,0.8255208333333334,0.008241610375982731,0.8573842592592592,0.0072208495252941715,0.905636574074074,0.0063580656593280145,0.9206458333333334,0.005783796778047549,0.7343055555555555,0.004164351208490244,10,10,114,1.4848252419997152,46,0.25930555555555557,0.27175925925925926,0.27314814814814814,0.2811111111111111,0.28633333333333333,1.377356508000048,random,0.02447393700003886,1
false,0.5,10,10,0.6433333333333333,0.6208333333333333,0.6274537037037037,0.6147222222222222,0.5933611111111111,0.8556944444444444,0.8602777777777778,0.8679629629629629,0.8458333333333333,0.8543333333333333,0.6163888888888889,0.5986111111111111,0.6130092592592593,0.585,0.5838333333333333,,,,,,,,,,,10,10,115,1.4530275580000307,42,0.23930555555555555,0.2616666666666667,0.2549537037037036,0.26083333333333336,0.27049999999999996,1.3905464839999695,random,0.023789683999893896,1
false,0.5,10,10,0.6441666666666667,0.6227777777777778,0.6225,0.6141666666666666,0.5922777777777778,0.8556944444444444,0.8602777777777778,0.8679629629629629,0.8458333333333333,0.8543333333333333,0.6136111111111111,0.5998148148148148,0.6072222222222222,0.5802777777777778,0.5825277777777778,0.8466666666666667,0.0,0.8769444444444444,0.0,0.9166666666666666,0.0,0.9212777777777778,0.0,0.7636111111111111,0.0,10,10,116,1.5843895560001329,43,0.24208333333333332,0.260462962962963,0.2607407407407407,0.26555555555555554,0.2718055555555555,1.5071008730001267,random,0.03062413000043307,1
false,0.5,10,10,0.6425,0.6228703703703704,0.6239814814814815,0.6080555555555556,0.5932777777777778,0.8556944444444444,0.8602777777777778,0.8679629629629629,0.8458333333333333,0.8543333333333333,0.61375,0.5978703703703704,0.6089814814814815,0.5788888888888889,0.5851111111111111,0.8445138888888889,0.0004861111111110761,0.870462962962963,0.002777777777777768,0.9154166666666667,0.0011574074074074403,0.9237361111111111,0.0033472222222222237,0.7618055555555556,0.001527777777777739,10,10,117,1.4955033950000143,44,0.2419444444444444,0.2624074074074074,0.2589814814814815,0.26694444444444443,0.26922222222222214,1.3877620129997013,random,0.03385141000035219,1
false,0.5,10,10,0.645,0.6259259259259259,0.625462962962963,0.6141666666666666,0.5949722222222222,0.8556944444444444,0.8602777777777778,0.8679629629629629,0.8458333333333333,0.8543333333333333,0.6159722222222223,0.6012962962962963,0.6106018518518519,0.5913888888888889,0.58525,0.846712962962963,0.0007719135185431806,0.8696296296296296,0.0023289690715942676,0.9160030864197531,0.0008404474570487546,0.9193148148148148,0.005919745040481652,0.7575,0.001964185503296011,10,10,118,1.4725822469999912,45,0.23972222222222217,0.2589814814814815,0.25736111111111104,0.2544444444444445,0.26908333333333323,1.3745694120007101,random,0.02434846500000276,1
false,0.5,10,10,0.6438888888888888,0.6274074074074074,0.6260648148148148,0.615,0.5931111111111111,0.8556944444444444,0.8602777777777778,0.8679629629629629,0.8458333333333333,0.8543333333333333,0.6151388888888889,0.6030555555555556,0.6108333333333333,0.5872222222222222,0.58375,0.8464583333333333,0.0023985994498847618,0.8737731481481481,0.002806468345583084,0.9156018518518518,0.0010095353003405634,0.9213680555555556,0.0032252365570242052,0.7634722222222222,0.0049748596357145234,10,10,119,1.4836488009996174,46,0.24055555555555552,0.25722222222222224,0.2571296296296296,0.2586111111111111,0.2705833333333333,1.3746008399994025,random,0.025268735000281595,1
false,0.0,20,10,0.5915277777777778,0.5886111111111111,0.599212962962963,0.5519444444444445,0.5708611111111112,0.8556944444444444,0.8602777777777778,0.8679629629629629,0.8458333333333333,0.8543333333333333,0.5701388888888889,0.5660185185185185,0.5856018518518519,0.5288888888888889,0.5607222222222222,,,,,,,,,,,20,10,120,1.8610646229999475,42,0.28555555555555556,0.29425925925925933,0.28236111111111106,0.3169444444444445,0.29361111111111104,1.7977002500001618,random,0.027105064000352286,1
false,0.0,20,10,0.5911111111111111,0.5851851851851851,0.5974074074074074,0.5386111111111112,0.56575,0.8556944444444444,0.8602777777777778,0.8679629629629629,0.8458333333333333,0.8543333333333333,0.57125,0.5673148148148148,0.5860648148148148,0.5222222222222223,0.5600555555555555,0.7775,0.0,0.825,0.0,0.8869907407407407,0.0,0.8901944444444444,0.0,0.6425,0.0,20,10,121,1.8931985919998624,43,0.2844444444444444,0.292962962962963,0.2818981481481482,0.32361111111111107,0.29427777777777775,1.8113864990000366,random,0.031129208000493236,1
false,0.0,20,10,0.58875,0.585925925925926,0.6007407407407407,0.5475,0.5710555555555555,0.8556944444444444,0.8602777777777778,0.8679629629629629,0.8458333333333333,0.8543333333333333,0.5663888888888889,0.562962962962963,0.5877314814814815,0.5194444444444445,0.5618611111111111,0.769236111111111,0.001041666666666663,0.8174074074074074,9.259259259258856e-05,0.8883333333333334,0.003009259259259267,0.8966527777777777,0.001819444444444429,0.6393055555555556,0.0012499999999999734,20,10,122,1.911779077000574,44,0.2893055555555555,0.2973148148148148,0.28023148148148147,0.32638888888888884,0.29247222222222213,1.8221245510003428,random,0.029587353999886545,1
false,0.0,20,10,0.5919444444444445,0.5857407407407408,0.5955092592592592,0.5533333333333333,0.5698333333333333,0.8556944444444444,0.8602777777777778,0.8679629629629629,0.8458333333333333,0.8543333333333333,0.5705555555555556,0.5659259259259259,0.5834722222222222,0.535,0.56,0.7732870370370369,0.008676820183961481,0.8163888888888889,0.007328671045683465,0.8934259259259258,0.006385645088132173,0.9106388888888889,0.005225521022716118,0.6508333333333333,0.012498971151074434,20,10,123,1.9273417110007358,45,0.28513888888888883,0.29435185185185186,0.28449074074074077,0.3108333333333333,0.2943333333333332,1.8222564939997028,random,0.03242181099994923,1
false,0.0,20,10,0.5915277777777778,0.5903703703703703,0.6003703703703703,0.5525,0.5699722222222222,0.8556944444444444,0.8602777777777778,0.8679629629629629,0.8458333333333333,0.8543333333333333,0.5659722222222222,0.5696296296296296,0.5864814814814815,0.5302777777777777,0.5613055555555555,0.7703472222222222,0.002764726282971443,0.8108101851851852,0.001740118830986359,0.891724537037037,0.00543112732220992,0.9088263888888889,0.00994291916840855,0.6479861111111112,0.006016871213307664,20,10,124,1.9505144840004505,46,0.2897222222222222,0.2906481481481482,0.28148148148148144,0.3155555555555556,0.2930277777777778,1.826598833999924,random,0.03822187800051324,1
false,0.1,20,10,0.6059722222222222,0.5942592592592593,0.6039351851851852,0.5747222222222222,0.5719722222222222,0.8556944444444444,0.8602777777777778,0.8679629629629629,0.8458333333333333,0.8543333333333333,0.5820833333333333,0.570925925925926,0.5903703703703703,0.5491666666666667,0.5638611111111111,,,,,,,,,,,20,10,125,1.991326084999855,42,0.27361111111111114,0.28935185185185186,0.2775925925925926,0.29666666666666663,0.29047222222222213,1.9130316359996868,random,0.042535782999948424,1
false,0.1,20,10,0.6090277777777777,0.5978703703703704,0.6068981481481481,0.5675,0.5756388888888889,0.8556944444444444,0.8602777777777778,0.8679629629629629,0.8458333333333333,0.8543333333333333,0.5861111111111111,0.5761111111111111,0.5936574074074074,0.5488888888888889,0.5659166666666666,0.7973611111111111,0.0,0.8328703703703704,0.0,0.8970833333333333,0.0,0.9145555555555556,0.0,0.6819444444444445,0.0,20,10,126,2.1120680009998978,43,0.2695833333333333,0.2841666666666667,0.2743055555555556,0.29694444444444446,0.28841666666666665,2.0382774079998853,random,0.026943602000756073,1
false,0.1,20,10,0.5998611111111111,0.5894444444444444,0.6040277777777778,0.5613888888888889,0.5768888888888889,0.8556944444444444,0.8602777777777778,0.8679629629629629,0.8458333333333333,0.8543333333333333,0.5759722222222222,0.5665740740740741,0.5905555555555555,0.5369444444444444,0.5665555555555556,0.7915277777777778,0.0004166666666666763,0.8343981481481482,4.6296296296266526e-05,0.9006481481481481,0.002916666666666623,0.9154305555555555,0.004069444444444459,0.6805555555555556,0.004722222222222239,20,10,127,1.939809179999429,44,0.2797222222222222,0.2937037037037037,0.27740740740740744,0.3088888888888889,0.2877777777777777,1.826528411000254,random,0.04952955699991435,1
false,0.1,20,10,0.6056944444444444,0.5941666666666666,0.6025,0.5694444444444444,0.5713055555555555,0.8556944444444444,0.8602777777777778,0.8679629629629629,0.8458333333333333,0.8543333333333333,0.5818055555555556,0.5727777777777778,0.5890277777777778,0.5472222222222223,0.5621111111111111,0.7925925925925926,0.0037514286259042605,0.8315740740740741,0.0026492918189969274,0.8947222222222222,0.004284012878901425,0.9157129629629629,0.003097883033087943,0.6827777777777778,0.0012627946015727747,20,10,128,2.0314573899995594,45,0.27388888888888885,0.2875,0.2789351851851851,0.29861111111111105,0.29222222222222216,1.842389405999711,random,0.04247337899960257,1
false,0.1,20,10,0.6094444444444445,0.5963888888888889,0.6021296296296297,0.5636111111111111,0.5703611111111111,0.8556944444444444,0.8602777777777778,0.8679629629629629,0.8458333333333333,0.8543333333333333,0.5825,0.5742592592592592,0.5883333333333334,0.5408333333333334,0.5609444444444445,0.7933333333333332,0.004495153425745095,0.8325694444444445,0.005297386817928752,0.9005324074074075,0.002661231762258882,0.9150486111111111,0.002309766485845662,0.6809027777777777,0.006338493877068078,20,10,129,2.1125939009998547,46,0.2731944444444444,0.28601851851851856,0.27962962962962956,0.30499999999999994,0.2933888888888888,1.9859099049999713,random,0.03997595100008766,1
false,0.25,20,10,0.6204166666666666,0.6074074074074074,0.6118055555555556,0.5872222222222222,0.5821111111111111,0.8556944444444444,0.8602777777777778,0.8679629629629629,0.8458333333333333,0.8543333333333333,0.5954166666666667,0.5846296296296296,0.5977314814814815,0.5652777777777778,0.5729444444444445,,,,,,,,,,,20,10,130,2.1121619169998667,42,0.2602777777777777,0.2756481481481482,0.27023148148148146,0.28055555555555556,0.2813888888888888,1.994040159999713,random,0.07565452699964226,1
false,0.25,20,10,0.6280555555555556,0.6124074074074074,0.6153240740740741,0.5888888888888889,0.5856666666666667,0.8556944444444444,0.8602777777777778,0.8679629629629629,0.8458333333333333,0.8543333333333333,0.6031944444444445,0.5895370370370371,0.6013425925925926,0.5666666666666667,0.5768055555555556,0.8290277777777778,0.0,0.8574074074074074,0.0,0.905,0.0,0.906,0.0,0.7241666666666666,0.0,20,10,131,3.630709140000363,43,0.25249999999999995,0.2707407407407407,0.26662037037037034,0.2791666666666667,0.2775277777777777,3.3767307130001427,random,0.04625983699952485,1
false,0.25,20,10,0.6176388888888888,0.601574074074074,0.6119444444444444,0.5913888888888889,0.5810277777777778,0.8556944444444444,0.8602777777777778,0.8679629629629629,0.8458333333333333,0.8543333333333333,0.5931944444444445,0.5786111111111111,0.5967592592592592,0.5608333333333333,0.5709444444444445,0.819375,0.002847222222222223,0.8517592592592592,0.0024074074074074137,0.9122685185185184,0.0018055555555555602,0.915513888888889,0.008986111111111084,0.7190277777777778,0.007916666666666627,20,10,132,4.101524841000355,44,0.26249999999999996,0.28166666666666673,0.2712037037037037,0.28500000000000003,0.2833888888888888,3.9872139090002747,random,0.05236509600035788,1
false,0.25,20,10,0.6181944444444445,0.6106481481481482,0.6127777777777778,0.5844444444444444,0.5824722222222222,0.8556944444444444,0.8602777777777778,0.8679629629629629,0.8458333333333333,0.8543333333333333,0.5929166666666666,0.5897222222222223,0.5991666666666666,0.5613888888888889,0.5733611111111111,0.8169444444444444,0.006236095644623242,0.8525308641975308,0.0032861312726435088,0.907145061728395,0.0031475429096251765,0.9168055555555554,0.0058747646831430415,0.7162037037037038,0.007739101368135903,20,10,133,1.9053501959997448,45,0.2627777777777778,0.27055555555555555,0.2687962962962963,0.2844444444444444,0.2809722222222222,1.8041521739996824,random,0.030678744000397273,1
false,0.25,20,10,0.6223611111111111,0.6085185185185186,0.612824074074074,0.5863888888888888,0.5786944444444444,0.8556944444444444,0.8602777777777778,0.8679629629629629,0.8458333333333333,0.8543333333333333,0.5931944444444445,0.5866666666666667,0.5976851851851852,0.5644444444444444,0.5684722222222223,0.8205902777777778,0.001819855233524845,0.8521990740740741,0.0021158724328898927,0.9087962962962963,0.0037159808092192227,0.9138402777777778,0.007425072613645051,0.7227083333333334,0.006414125879842782,20,10,134,2.0433212269999785,46,0.26249999999999996,0.27361111111111114,0.27027777777777773,0.2813888888888889,0.285861111111111,1.9080168079999567,random,0.04864320000069711,1
false,0.5,20,10,0.6431944444444444,0.6256481481481482,0.6250925925925926,0.6169444444444444,0.5941944444444445,0.8556944444444444,0.8602777777777778,0.8679629629629629,0.8458333333333333,0.8543333333333333,0.6134722222222222,0.6037037037037037,0.6093981481481482,0.5872222222222222,0.585,,,,,,,,,,,20,10,135,1.9521297940000295,42,0.24222222222222223,0.25657407407407407,0.25856481481481475,0.2586111111111111,0.2693333333333333,1.8743423719997736,random,0.0338526900004581,1
false,0.5,20,10,0.6466666666666666,0.6301851851851852,0.6296296296296297,0.6127777777777778,0.5943888888888889,0.8556944444444444,0.8602777777777778,0.8679629629629629,0.8458333333333333,0.8543333333333333,0.6173611111111111,0.607037037037037,0.6142592592592593,0.5852777777777778,0.58525,0.8466666666666667,0.0,0.8740740740740741,0.0,0.9139351851851852,0.0,0.9236944444444445,0.0,0.7572222222222222,0.0,20,10,136,2.3862222690004273,43,0.23833333333333329,0.25324074074074077,0.25370370370370365,0.26055555555555554,0.26908333333333323,2.283385157000339,random,0.03629775899935339,1
false,0.5,20,10,0.6406944444444445,0.6237962962962963,0.62375,0.6166666666666667,0.5930555555555556,0.8556944444444444,0.8602777777777778,0.8679629629629629,0.8458333333333333,0.8543333333333333,0.6130555555555556,0.601574074074074,0.6084722222222222,0.5861111111111111,0.5836388888888889,0.8456250000000001,0.0011805555555555736,0.8721759259259259,0.00023148148148149916,0.9163888888888889,0.00018518518518517713,0.9253888888888888,0.00019444444444444153,0.7573611111111112,0.004583333333333328,20,10,137,2.165672875999917,44,0.24263888888888885,0.25870370370370377,0.25949074074074074,0.2597222222222222,0.27069444444444435,2.0557921019999412,random,0.035704363999684574,1
false,0.5,20,10,0.6431944444444444,0.6275,0.6254166666666666,0.6177777777777778,0.5904444444444444,0.8556944444444444,0.8602777777777778,0.8679629629629629,0.8458333333333333,0.8543333333333333,0.6147222222222222,0.6061111111111112,0.6107407407407407,0.5925,0.5812222222222222,0.8448148148148148,0.001843732199235185,0.8702160493827159,0.003371975378703117,0.9159722222222223,0.0033142026471083344,0.9243888888888888,0.002618881267764986,0.760462962962963,0.0024982847339318852,20,10,138,2.8144345290002093,45,0.24097222222222225,0.25416666666666665,0.25722222222222224,0.2533333333333333,0.2731111111111111,2.680604567000046,random,0.048073222000311944,1
false,0.5,20,10,0.6440277777777778,0.6269444444444444,0.6264814814814815,0.6125,0.5909444444444445,0.8556944444444444,0.8602777777777778,0.8679629629629629,0.8458333333333333,0.8543333333333333,0.6143055555555555,0.6042592592592593,0.6117592592592592,0.5905555555555555,0.5814722222222222,0.8481249999999999,0.0042383873665742255,0.8713194444444444,0.0043322920361736775,0.9146180555555556,0.0025417415070274458,0.9203263888888888,0.0015626543133676364,0.7622916666666666,0.007260515469065752,20,10,139,2.1769233879995227,46,0.24138888888888888,0.25601851851851853,0.2562037037037037,0.2552777777777778,0.2728611111111111,2.0549679280002238,random,0.028220109999892884,1
false,0.0,50,10,0.5873611111111111,0.5847222222222223,0.6016666666666667,0.5469444444444445,0.5680833333333334,0.8556944444444444,0.8602777777777778,0.8679629629629629,0.8458333333333333,0.8543333333333333,0.565,0.5651851851851852,0.5877777777777777,0.5272222222222223,0.5589166666666666,,,,,,,,,,,50,10,140,2.5749840689995835,42,0.2906944444444445,0.2950925925925926,0.2801851851851852,0.31861111111111107,0.29541666666666666,2.5111546119997,random,0.026445982000041113,1
false,0.0,50,10,0.5888888888888889,0.5792592592592593,0.59125,0.5505555555555556,0.5694166666666667,0.8556944444444444,0.8602777777777778,0.8679629629629629,0.8458333333333333,0.8543333333333333,0.5659722222222222,0.5594444444444444,0.5780555555555555,0.5255555555555556,0.5605833333333333,0.7601388888888889,0.0,0.8004629629629629,0.0,0.8787037037037037,0.0,0.8883055555555556,0.0,0.6316666666666667,0.0,50,10,141,2.455410216999553,43,0.2897222222222222,0.3008333333333334,0.2899074074074074,0.3202777777777778,0.29374999999999996,2.371685809000155,random,0.025056459000552422,1
false,0.0,50,10,0.585,0.5807407407407408,0.6006481481481482,0.5533333333333333,0.5711944444444444,0.8556944444444444,0.8602777777777778,0.8679629629629629,0.8458333333333333,0.8543333333333333,0.5641666666666667,0.5571296296296296,0.5876388888888889,0.5294444444444445,0.5635277777777777,0.7538194444444444,0.005902777777777757,0.7982870370370371,0.0031018518518518556,0.8839814814814815,0.004953703703703738,0.9059444444444444,0.005694444444444446,0.6441666666666667,0.0011111111111110628,50,10,142,2.547039143000802,44,0.2915277777777777,0.30314814814814817,0.280324074074074,0.31638888888888883,0.29080555555555554,2.3989361240001017,random,0.07598354699985066,1
false,0.0,50,10,0.5909722222222222,0.5874074074074074,0.5951388888888889,0.5494444444444444,0.5646666666666667,0.8556944444444444,0.8602777777777778,0.8679629629629629,0.8458333333333333,0.8543333333333333,0.5661111111111111,0.567037037037037,0.5824537037037038,0.525,0.5555833333333333,0.7477314814814816,0.0010718367502583843,0.8017283950617283,0.0005146090123621425,0.8807407407407407,0.0037991181923941932,0.9036574074074074,0.012349283424449896,0.6261111111111111,0.003175264481385599,50,10,143,2.480964694999784,45,0.2895833333333333,0.2932407407407408,0.2855092592592592,0.3208333333333333,0.29874999999999996,2.372949826999502,random,0.024186981000639207,1
false,0.0,50,10,0.5834722222222222,0.585925925925926,0.598287037037037,0.5458333333333333,0.5650555555555555,0.8556944444444444,0.8602777777777778,0.8679629629629629,0.8458333333333333,0.8543333333333333,0.5627777777777778,0.5657407407407408,0.5849074074074074,0.5263888888888889,0.5568055555555556,0.7579861111111111,0.0028875865119849424,0.8055324074074074,0.002132018587603675,0.8881134259259259,0.005229573459821903,0.9051111111111111,0.012544012023843129,0.630625,0.0030389384009779363,50,10,144,2.565553125000406,46,0.2929166666666666,0.29453703703703704,0.2830555555555555,0.3194444444444444,0.2975277777777777,2.3891679469998053,random,0.07423029300025519,1
false,0.1,50,10,0.5994444444444444,0.5923148148148148,0.6031944444444445,0.5711111111111111,0.5703333333333334,0.8556944444444444,0.8602777777777778,0.8679629629629629,0.8458333333333333,0.8543333333333333,0.5752777777777778,0.5712962962962963,0.59125,0.5427777777777778,0.5614444444444444,,,,,,,,,,,50,10,145,2.4991244960001495,42,0.28041666666666665,0.2889814814814815,0.2767129629629629,0.3030555555555555,0.29288888888888887,2.4217471479996675,random,0.0382329000003665,1
false,0.1,50,10,0.6,0.5886111111111111,0.5990277777777778,0.5544444444444444,0.5722222222222222,0.8556944444444444,0.8602777777777778,0.8679629629629629,0.8458333333333333,0.8543333333333333,0.5755555555555556,0.5664814814814815,0.5867592592592593,0.5319444444444444,0.5636944444444445,0.7748611111111111,0.0,0.8195370370370371,0.0,0.8927314814814815,0.0,0.9013333333333333,0.0,0.6608333333333334,0.0,50,10,146,2.5611661230004756,43,0.2801388888888888,0.29379629629629633,0.2812037037037036,0.3138888888888889,0.2906388888888888,2.4732599879998816,random,0.03483086500000354,1
false,0.1,50,10,0.6022222222222222,0.5931481481481482,0.599212962962963,0.5672222222222222,0.5695833333333333,0.8556944444444444,0.8602777777777778,0.8679629629629629,0.8458333333333333,0.8543333333333333,0.58,0.5710185185185185,0.5855092592592592,0.5413888888888889,0.5602777777777778,0.7842361111111111,0.006597222222222254,0.820324074074074,0.000694444444444442,0.8870833333333333,0.0008333333333333526,0.8980277777777779,0.007666666666666655,0.6822222222222223,0.004722222222222239,50,10,147,2.4509890459994494,44,0.27569444444444446,0.2892592592592593,0.2824537037037037,0.3044444444444444,0.2940555555555555,2.358361696999964,random,0.026539572999354277,1
false,0.1,50,10,0.6058333333333333,0.5964814814814815,0.6051388888888889,0.565,0.5698333333333333,0.8556944444444444,0.8602777777777778,0.8679629629629629,0.8458333333333333,0.8543333333333333,0.5802777777777778,0.5748148148148148,0.5919444444444445,0.5416666666666666,0.5603055555555555,0.7719444444444443,0.005365978408439206,0.8192901234567902,0.0037720039796178485,0.8859876543209877,0.0031015831220734,0.8883703703703704,0.0075908873423808955,0.664537037037037,0.008682006051652624,50,10,148,2.5324640629996793,45,0.27541666666666664,0.28546296296296303,0.27601851851851844,0.3041666666666667,0.2940277777777778,2.4212935280002057,random,0.03291576500032534,1
false,0.1,50,10,0.6027777777777777,0.6001851851851852,0.6066666666666667,0.5580555555555555,0.5703611111111111,0.8556944444444444,0.8602777777777778,0.8679629629629629,0.8458333333333333,0.8543333333333333,0.5825,0.5791666666666667,0.5940740740740741,0.5355555555555556,0.5612777777777778,0.7806250000000001,0.006488133160900795,0.8216203703703704,0.005464728214482587,0.8922106481481481,0.003850028364449355,0.9004305555555556,0.005200475553990677,0.6703472222222222,0.005897056050414318,50,10,149,2.6703097720001097,46,0.2731944444444444,0.2811111111111111,0.27388888888888885,0.31027777777777776,0.2930555555555555,2.5114075309993495,random,0.059750075999545516,1
false,0.25,50,10,0.6208333333333333,0.606574074074074,0.609537037037037,0.5980555555555556,0.5760555555555555,0.8556944444444444,0.8602777777777778,0.8679629629629629,0.8458333333333333,0.8543333333333333,0.5986111111111111,0.5840740740740741,0.5964351851851852,0.5702777777777778,0.5676944444444444,,,,,,,,,,,50,10,150,3.0955008709997855,42,0.25708333333333333,0.27620370370370373,0.2715277777777777,0.27555555555555555,0.2866388888888889,2.995862200999909,random,0.05618169400077022,1
false,0.25,50,10,0.6147222222222222,0.6055555555555555,0.6098611111111111,0.5788888888888889,0.5782222222222222,0.8556944444444444,0.8602777777777778,0.8679629629629629,0.8458333333333333,0.8543333333333333,0.5897222222222223,0.5847222222222223,0.5975,0.5558333333333333,0.5685555555555556,0.8001388888888888,0.0,0.8333333333333334,0.0,0.8901851851851852,0.0,0.9008055555555555,0.0,0.7208333333333333,0.0,50,10,151,2.5107873589995506,43,0.26597222222222217,0.27555555555555555,0.2704629629629629,0.29000000000000004,0.2857777777777777,2.3835304300000644,random,0.07499829900007171,1
false,0.25,50,10,0.6148611111111111,0.6033333333333334,0.6060185185185185,0.5819444444444445,0.5803333333333334,0.8556944444444444,0.8602777777777778,0.8679629629629629,0.8458333333333333,0.8543333333333333,0.5926388888888889,0.5800925925925926,0.5935185185185186,0.5533333333333333,0.5716388888888889,0.8157638888888888,0.0007638888888888973,0.8437037037037036,0.0028703703703703565,0.8990277777777778,0.004027777777777741,0.905125,1.3888888888924367e-05,0.7234722222222223,0.0001388888888888551,50,10,152,2.287082109000039,44,0.2630555555555555,0.2801851851851852,0.2744444444444444,0.2925,0.28269444444444436,2.1995067910002035,random,0.024908438000238675,1
false,0.25,50,10,0.6209722222222223,0.6049074074074074,0.6143055555555555,0.59,0.5814166666666667,0.8556944444444444,0.8602777777777778,0.8679629629629629,0.8458333333333333,0.8543333333333333,0.5927777777777777,0.5835185185185185,0.6002314814814815,0.5627777777777778,0.5713055555555555,0.8064351851851851,0.003629464281948066,0.8423765432098765,0.0026105346239247533,0.8930555555555556,0.004626387753834943,0.8859722222222222,0.002940336057610965,0.7171296296296297,0.0027058591104078384,50,10,153,2.393662387999939,45,0.2629166666666667,0.27675925925925926,0.2677314814814814,0.2830555555555555,0.28302777777777777,2.2874358790004408,random,0.028718649000438745,1
false,0.25,50,10,0.6236111111111111,0.612037037037037,0.6163425925925926,0.5833333333333334,0.57925,0.8556944444444444,0.8602777777777778,0.8679629629629629,0.8458333333333333,0.8543333333333333,0.5979166666666667,0.5901851851851851,0.6035185185185186,0.5616666666666666,0.5699722222222222,0.8113194444444445,0.005024534712197132,0.8419907407407408,0.004500276245140817,0.8978356481481482,0.005031554985047672,0.9062569444444444,0.014564755031251675,0.7259722222222222,0.004314506824169216,50,10,154,3.182855734000441,46,0.2577777777777778,0.27009259259259266,0.26444444444444437,0.2841666666666667,0.28436111111111106,2.8287677649996112,random,0.09669475200007582,1
false,0.5,50,10,0.6441666666666667,0.6248148148148148,0.6266203703703703,0.6202777777777778,0.5921388888888889,0.8556944444444444,0.8602777777777778,0.8679629629629629,0.8458333333333333,0.8543333333333333,0.6158333333333333,0.6025925925925926,0.612175925925926,0.5897222222222223,0.5821944444444445,,,,,,,,,,,50,10,155,4.225335167999219,42,0.23986111111111108,0.25768518518518524,0.255787037037037,0.25611111111111107,0.2721388888888888,4.037397650999992,random,0.07476369699998031,1
false,0.5,50,10,0.6398611111111111,0.6250925925925926,0.6239351851851852,0.6086111111111111,0.5925277777777778,0.8556944444444444,0.8602777777777778,0.8679629629629629,0.8458333333333333,0.8543333333333333,0.6133333333333333,0.6021296296296297,0.6094444444444445,0.5797222222222222,0.5838888888888889,0.83625,0.0,0.859537037037037,0.0,0.906712962962963,0.0,0.9143888888888889,0.0,0.75,0.0,50,10,156,2.4656869090003966,43,0.24236111111111114,0.2581481481481481,0.2585185185185185,0.2661111111111111,0.2704444444444444,2.383984137999505,random,0.029006437999669288,1
false,0.5,50,10,0.6411111111111111,0.6268518518518519,0.6289814814814815,0.6088888888888889,0.5944722222222222,0.8556944444444444,0.8602777777777778,0.8679629629629629,0.8458333333333333,0.8543333333333333,0.615,0.6036111111111111,0.6144907407407407,0.58,0.5855277777777778,0.8434027777777777,0.0035416666666667207,0.8678703703703703,0.0031481481481481777,0.9131712962962963,0.005162037037037048,0.9230555555555555,0.0029722222222222094,0.7737499999999999,0.0031944444444444438,50,10,157,2.403172543999972,44,0.24069444444444443,0.2566666666666667,0.2534722222222222,0.26583333333333337,0.2688055555555555,2.2708831120007744,random,0.06735843699971156,1
false,0.5,50,10,0.6444444444444445,0.6250925925925926,0.6245833333333334,0.6177777777777778,0.5933611111111111,0.8556944444444444,0.8602777777777778,0.8679629629629629,0.8458333333333333,0.8543333333333333,0.6134722222222222,0.6038888888888889,0.6107870370370371,0.5891666666666666,0.5829722222222222,0.8477777777777779,0.0014829275350043206,0.8689814814814815,0.0015786064015487294,0.9132716049382715,0.00574588247105109,0.9184259259259259,0.005067463252303189,0.7575925925925926,0.004633331853035891,50,10,158,2.2486793910002234,45,0.24222222222222223,0.2563888888888889,0.25717592592592586,0.2566666666666667,0.27136111111111105,2.153340867999759,random,0.02267326899982436,1
false,0.5,50,10,0.6441666666666667,0.6289814814814815,0.6296759259259259,0.615,0.5941666666666666,0.8556944444444444,0.8602777777777778,0.8679629629629629,0.8458333333333333,0.8543333333333333,0.6152777777777778,0.6066666666666667,0.6144444444444445,0.5877777777777777,0.5853888888888888,0.8426388888888889,0.0035735223139635257,0.8683101851851852,0.0013375944641846,0.9157407407407407,0.003384699393784108,0.9238402777777778,0.002254742515616444,0.7666666666666667,0.0039136118898903775,50,10,159,2.392303152999375,46,0.2404166666666666,0.2536111111111111,0.2535185185185185,0.2580555555555556,0.26894444444444443,2.240720908000185,random,0.06398042499949952,1
false,0.0,5,15,0.5784722222222223,0.5935185185185186,0.615,0.5238888888888888,0.5795555555555556,0.8556944444444444,0.8602777777777778,0.8679629629629629,0.8458333333333333,0.8543333333333333,0.5588888888888889,0.57,0.602175925925926,0.5022222222222222,0.5718055555555556,,,,,,,,,,,5,15,160,1.7258613519998107,42,0.29680555555555554,0.29027777777777786,0.265787037037037,0.3436111111111111,0.2825277777777777,1.6648545750003905,random,0.023051938000207883,1
false,0.0,5,15,0.5794444444444444,0.5956481481481481,0.6152777777777778,0.5138888888888888,0.5789166666666666,0.8556944444444444,0.8602777777777778,0.8679629629629629,0.8458333333333333,0.8543333333333333,0.5572222222222222,0.5724074074074074,0.6027777777777777,0.4963888888888889,0.5692222222222222,0.7673611111111112,0.0,0.8150925925925926,0.0,0.9221759259259259,0.0,0.9199722222222222,0.0,0.6330555555555556,0.0,5,15,161,1.3832545730001584,43,0.29847222222222225,0.28787037037037044,0.2651851851851852,0.34944444444444445,0.2851111111111111,1.3106315089999043,random,0.0249704699999711,1
false,0.0,5,15,0.57875,0.5969444444444445,0.6135185185185185,0.5161111111111111,0.5809722222222222,0.8556944444444444,0.8602777777777778,0.8679629629629629,0.8458333333333333,0.8543333333333333,0.5579166666666666,0.5737962962962962,0.6003240740740741,0.49583333333333335,0.5721111111111111,0.7722916666666666,0.004374999999999962,0.8249537037037037,0.000694444444444442,0.909074074074074,0.0008796296296296191,0.9152916666666666,0.0017083333333333672,0.6344444444444444,0.0016666666666666496,5,15,162,1.38044033999995,44,0.2977777777777778,0.28648148148148156,0.26763888888888887,0.35,0.28222222222222215,1.29371735299992,random,0.022553305999281292,1
false,0.0,5,15,0.5740277777777778,0.5945370370370371,0.6155555555555555,0.5186111111111111,0.5808333333333333,0.8556944444444444,0.8602777777777778,0.8679629629629629,0.8458333333333333,0.8543333333333333,0.5540277777777778,0.5694444444444444,0.6031481481481481,0.495,0.5700555555555555,0.76625,0.006039138466340852,0.8262345679012345,0.00824622973434409,0.9108796296296297,0.0014872572596489868,0.9183055555555555,0.009019982389368993,0.6353703703703704,0.013029590676462546,5,15,163,1.3844902339997134,45,0.30166666666666664,0.2908333333333334,0.26481481481481484,0.35083333333333333,0.28427777777777774,1.2884187620002194,random,0.025424056000701967,1
false,0.0,5,15,0.5766666666666667,0.5936111111111111,0.6087037037037037,0.5269444444444444,0.5790833333333333,0.8556944444444444,0.8602777777777778,0.8679629629629629,0.8458333333333333,0.8543333333333333,0.5530555555555555,0.5699074074074074,0.5961574074074074,0.5105555555555555,0.56925,0.7570833333333333,0.005526835486408749,0.8210185185185185,0.005416864510473607,0.9087731481481481,0.0010297674268303254,0.9225347222222222,0.004400055020349032,0.6276388888888889,0.0035600015605489754,5,15,164,1.454772060000323,46,0.3026388888888889,0.2903703703703704,0.2718055555555555,0.3352777777777778,0.28508333333333324,1.3374854949997825,random,0.03475396199974057,1
false,0.1,5,15,0.5955555555555555,0.6075,0.6205555555555555,0.5377777777777778,0.5862222222222222,0.8556944444444444,0.8602777777777778,0.8679629629629629,0.8458333333333333,0.8543333333333333,0.5733333333333334,0.5832407407407407,0.6077314814814815,0.5130555555555556,0.5765833333333333,,,,,,,,,,,5,15,165,1.3670325089997277,42,0.28236111111111106,0.2770370370370371,0.26023148148148145,0.33277777777777773,0.27774999999999994,1.3040470670002833,random,0.02710761399976036,1
false,0.1,5,15,0.5963888888888889,0.605925925925926,0.6238425925925926,0.5472222222222223,0.5869444444444445,0.8556944444444444,0.8602777777777778,0.8679629629629629,0.8458333333333333,0.8543333333333333,0.5751388888888889,0.5816666666666667,0.6113425925925926,0.5213888888888889,0.5771388888888889,0.7873611111111111,0.0,0.8311111111111111,0.0,0.9100462962962963,0.0,0.9222222222222223,0.0,0.6558333333333334,0.0,5,15,166,1.3752121030001945,43,0.28055555555555556,0.27861111111111114,0.25662037037037033,0.3244444444444444,0.2771944444444444,1.2892515200001071,random,0.034749097000712936,1
false,0.1,5,15,0.5963888888888889,0.6044444444444445,0.6206944444444444,0.5408333333333334,0.5851944444444445,0.8556944444444444,0.8602777777777778,0.8679629629629629,0.8458333333333333,0.8543333333333333,0.5738888888888889,0.5785185185185185,0.6073611111111111,0.5205555555555555,0.5760277777777778,0.7928472222222223,0.001736111111111105,0.8390277777777777,0.0004166666666666763,0.9134259259259259,0.0020833333333333814,0.9255833333333333,0.0021388888888889124,0.6727777777777777,0.0016666666666666496,5,15,167,1.4402173839998795,44,0.28180555555555553,0.28175925925925926,0.2606018518518518,0.3252777777777778,0.2783055555555555,1.344427343999996,random,0.03345330899992405,1
false,0.1,5,15,0.59375,0.6080555555555556,0.6174074074074074,0.5408333333333334,0.5841388888888889,0.8556944444444444,0.8602777777777778,0.8679629629629629,0.8458333333333333,0.8543333333333333,0.5734722222222223,0.5834259259259259,0.6039351851851852,0.5230555555555556,0.5741111111111111,0.7856944444444444,0.002259524878131943,0.840246913580247,0.0024571468194438516,0.9146141975308643,0.005065490923192264,0.9256203703703704,0.004087037456577555,0.6677777777777778,0.009726189666673097,5,15,168,1.4255179279998629,45,0.28222222222222215,0.2768518518518519,0.26402777777777775,0.3227777777777777,0.28022222222222215,1.3027670450001096,random,0.04749144399920624,1
false,0.1,5,15,0.59375,0.6084259259259259,0.6174074074074074,0.5444444444444444,0.5848888888888889,0.8556944444444444,0.8602777777777778,0.8679629629629629,0.8458333333333333,0.8543333333333333,0.5701388888888889,0.582037037037037,0.604212962962963,0.5236111111111111,0.57625,0.7782638888888889,0.008241683518688526,0.8319212962962963,0.0031497646993354496,0.9138888888888889,0.003465580066727987,0.9195208333333333,0.008075343870482742,0.6627777777777777,0.007008042117523823,5,15,169,1.3989632070006337,46,0.28555555555555556,0.2782407407407408,0.26374999999999993,0.3222222222222222,0.27808333333333324,1.291630472000179,random,0.024536382000405865,1
false,0.25,5,15,0.6077777777777778,0.6182407407407408,0.62875,0.5519444444444445,0.5936944444444444,0.8556944444444444,0.8602777777777778,0.8679629629629629,0.8458333333333333,0.8543333333333333,0.5836111111111111,0.5936111111111111,0.6125925925925926,0.5280555555555555,0.5837777777777777,,,,,,,,,,,5,15,170,1.3833865610004068,42,0.27208333333333334,0.2666666666666667,0.25537037037037036,0.3177777777777778,0.27055555555555555,1.3228402349996031,random,0.025680964999992284,1
false,0.25,5,15,0.6086111111111111,0.6159259259259259,0.63,0.5594444444444444,0.5937777777777777,0.8556944444444444,0.8602777777777778,0.8679629629629629,0.8458333333333333,0.8543333333333333,0.5840277777777778,0.5913888888888889,0.6157870370370371,0.5388888888888889,0.5851388888888889,0.8097222222222222,0.0,0.8443518518518518,0.0,0.9143981481481481,0.0,0.9206666666666666,0.0,0.695,0.0,5,15,171,1.4275345910000397,43,0.2716666666666666,0.26888888888888896,0.25217592592592586,0.30694444444444446,0.2691944444444444,1.3341319300006944,random,0.035339527999894926,1
false,0.25,5,15,0.6076388888888888,0.6171296296296296,0.6279166666666667,0.5577777777777778,0.5922222222222222,0.8556944444444444,0.8602777777777778,0.8679629629629629,0.8458333333333333,0.8543333333333333,0.5868055555555556,0.5923148148148148,0.614212962962963,0.5375,0.5828055555555556,0.805763888888889,0.0013194444444444842,0.8450462962962964,0.003009259259259267,0.9131018518518519,0.0006481481481481199,0.9241944444444444,0.0012222222222222356,0.6881944444444444,0.0009722222222222632,5,15,172,1.699066399000003,44,0.26888888888888884,0.26796296296296296,0.2537499999999999,0.30833333333333335,0.2715277777777777,1.568661465000332,random,0.035723470999982965,1
false,0.25,5,15,0.6033333333333334,0.6203703703703703,0.6272685185185185,0.555,0.5943611111111111,0.8556944444444444,0.8602777777777778,0.8679629629629629,0.8458333333333333,0.8543333333333333,0.5826388888888889,0.5932407407407407,0.6127314814814815,0.5344444444444445,0.5844722222222222,0.8050925925925926,0.0009907840073626415,0.8498148148148147,0.002327741683328975,0.9177469135802468,0.0031726383420881345,0.9242962962962963,0.0013766746878471799,0.6922222222222222,0.0033869150292910877,5,15,173,1.6084278309999718,45,0.2730555555555555,0.2670370370370371,0.25523148148148145,0.3113888888888888,0.2698611111111111,1.5001485239999965,random,0.03161673799968412,1
false,0.25,5,15,0.6029166666666667,0.6166666666666667,0.6270833333333333,0.5563888888888889,0.594,0.8556944444444444,0.8602777777777778,0.8679629629629629,0.8458333333333333,0.8543333333333333,0.5794444444444444,0.5905555555555555,0.6118518518518519,0.5344444444444445,0.5847777777777777,0.7996180555555555,0.0029826772892367005,0.8467824074074074,0.0021934626261190205,0.9173148148148148,0.0018218048490695308,0.9241597222222222,0.0028965826368709075,0.6895833333333333,0.003071297831596666,5,15,174,1.632529799000622,46,0.27625,0.2697222222222223,0.25611111111111107,0.3113888888888888,0.26955555555555555,1.4601407310001377,random,0.05552591600007872,1
false,0.5,5,15,0.6238888888888889,0.6387962962962963,0.6399537037037037,0.5702777777777778,0.6019444444444444,0.8556944444444444,0.8602777777777778,0.8679629629629629,0.8458333333333333,0.8543333333333333,0.5983333333333334,0.6108333333333333,0.62375,0.5452777777777778,0.5920277777777778,,,,,,,,,,,5,15,175,1.539414248999492,42,0.25736111111111104,0.24944444444444447,0.2442129629629629,0.3005555555555556,0.26230555555555546,1.4814786500000992,random,0.023102981000192813,1
false,0.5,5,15,0.6195833333333334,0.6347222222222222,0.6399074074074074,0.5697222222222222,0.6009444444444444,0.8556944444444444,0.8602777777777778,0.8679629629629629,0.8458333333333333,0.8543333333333333,0.5976388888888889,0.6077777777777778,0.6238888888888889,0.5461111111111111,0.5909166666666666,0.8101388888888889,0.0,0.8507407407407407,0.0,0.9109259259259259,0.0,0.9083333333333333,0.0,0.7075,0.0,5,15,176,1.5730127449996871,43,0.2580555555555555,0.25250000000000006,0.244074074074074,0.2997222222222222,0.26341666666666663,1.4698275869995996,random,0.023791715000697877,1
false,0.5,5,15,0.6211111111111111,0.6359259259259259,0.6367592592592592,0.5780555555555555,0.6013611111111111,0.8556944444444444,0.8602777777777778,0.8679629629629629,0.8458333333333333,0.8543333333333333,0.6,0.6062037037037037,0.6218518518518519,0.5569444444444445,0.5914166666666667,0.8059722222222223,0.0025000000000000022,0.8437037037037037,0.0024074074074074137,0.9084027777777778,0.00011574074074072183,0.9067638888888889,0.002763888888888899,0.7068055555555555,0.004027777777777797,5,15,177,1.8287094610004715,44,0.25569444444444445,0.2540740740740741,0.24611111111111106,0.28888888888888886,0.2629166666666666,1.7205584650000674,random,0.03382923099979962,1
false,0.5,5,15,0.6206944444444444,0.6373148148148148,0.6394907407407407,0.5597222222222222,0.5990277777777778,0.8556944444444444,0.8602777777777778,0.8679629629629629,0.8458333333333333,0.8543333333333333,0.5968055555555556,0.607037037037037,0.6231018518518519,0.5436111111111112,0.5894166666666667,0.8073148148148149,0.004764696418617977,0.8483024691358025,0.0016910651273830235,0.9109259259259259,0.0039042904893163265,0.9077037037037036,0.0033011044832492007,0.699537037037037,0.005378346567206539,5,15,178,1.6641886409997824,45,0.25888888888888884,0.25324074074074077,0.24486111111111108,0.30222222222222217,0.2649166666666666,1.4886651510005322,random,0.051960251000309654,1
false,0.5,5,15,0.6206944444444444,0.6386111111111111,0.6387962962962963,0.57,0.6026111111111111,0.8556944444444444,0.8602777777777778,0.8679629629629629,0.8458333333333333,0.8543333333333333,0.5970833333333333,0.6098148148148148,0.6223148148148148,0.5505555555555556,0.5926388888888889,0.8042361111111112,0.005991973154475139,0.846087962962963,0.0031121133471640624,0.9095601851851851,0.0012570531465171911,0.9078194444444444,0.0029770534463160548,0.70625,0.004489786076456817,5,15,179,1.5757355890000326,46,0.2586111111111111,0.250462962962963,0.24564814814814817,0.29527777777777775,0.26169444444444434,1.4535776369993982,random,0.030195780999747512,1
false,0.0,10,15,0.5830555555555555,0.5974074074074074,0.6137037037037038,0.5227777777777778,0.5801111111111111,0.8556944444444444,0.8602777777777778,0.8679629629629629,0.8458333333333333,0.8543333333333333,0.5580555555555555,0.5722222222222222,0.5993981481481482,0.5025,0.5723611111111111,,,,,,,,,,,10,15,180,2.02276481699937,42,0.2976388888888889,0.2880555555555556,0.26856481481481476,0.3433333333333334,0.2819722222222222,1.9329594089995226,random,0.028368512999804807,1
false,0.0,10,15,0.5830555555555555,0.5981481481481481,0.617037037037037,0.5236111111111111,0.5794444444444444,0.8556944444444444,0.8602777777777778,0.8679629629629629,0.8458333333333333,0.8543333333333333,0.5615277777777777,0.5714814814814815,0.6031481481481481,0.5086111111111111,0.5701944444444444,0.7581944444444444,0.0,0.8123148148148148,0.0,0.9048148148148148,0.0,0.9132222222222223,0.0,0.6283333333333333,0.0,10,15,181,1.878503343000375,43,0.2941666666666667,0.28879629629629633,0.26481481481481484,0.3372222222222222,0.28413888888888883,1.7973695059999955,random,0.027002883000022848,1
false,0.0,10,15,0.5825,0.5975925925925926,0.6133333333333333,0.5244444444444445,0.5800555555555555,0.8556944444444444,0.8602777777777778,0.8679629629629629,0.8458333333333333,0.8543333333333333,0.5619444444444445,0.5744444444444444,0.5995370370370371,0.5030555555555556,0.5718888888888889,0.7548611111111111,0.0005555555555555314,0.8170833333333334,0.004212962962962974,0.9041435185185185,0.004560185185185195,0.9097916666666667,0.003958333333333286,0.6198611111111111,0.002083333333333326,10,15,182,1.8600899469993237,44,0.29374999999999996,0.2858333333333334,0.26842592592592585,0.34277777777777774,0.2824444444444444,1.769057925999732,random,0.026926600000479084,1
false,0.0,10,15,0.5809722222222222,0.597037037037037,0.6139351851851852,0.5275,0.5833611111111111,0.8556944444444444,0.8602777777777778,0.8679629629629629,0.8458333333333333,0.8543333333333333,0.5611111111111111,0.5721296296296297,0.6019444444444444,0.5033333333333333,0.5733888888888888,0.7641203703703704,0.0035795151444588283,0.8238580246913579,0.004665498906737934,0.8985185185185185,0.004222364357581604,0.9154722222222222,0.0070515080253871106,0.6214814814814814,0.003770235753981908,10,15,183,1.9067903710001701,45,0.2945833333333333,0.28814814814814815,0.26601851851851854,0.3425,0.28094444444444444,1.7751303839995671,random,0.050164293000307225,1
false,0.0,10,15,0.5833333333333334,0.5969444444444445,0.6126388888888888,0.5133333333333333,0.5775277777777778,0.8556944444444444,0.8602777777777778,0.8679629629629629,0.8458333333333333,0.8543333333333333,0.5636111111111111,0.5734259259259259,0.5983333333333334,0.4955555555555556,0.56825,0.7624305555555555,0.0030893022804910062,0.8213888888888888,0.002117517893709123,0.9053472222222222,0.005384868281851887,0.9162986111111111,0.004165711696119267,0.628263888888889,0.008423986091314915,10,15,184,2.120944272000088,46,0.29208333333333336,0.2868518518518519,0.26962962962962955,0.35027777777777774,0.28608333333333325,1.9676498779999747,random,0.062292706000334874,1
false,0.1,10,15,0.5993055555555555,0.6078703703703704,0.620462962962963,0.5472222222222223,0.5861666666666666,0.8556944444444444,0.8602777777777778,0.8679629629629629,0.8458333333333333,0.8543333333333333,0.5773611111111111,0.5839814814814814,0.6059722222222222,0.5286111111111111,0.5758333333333333,,,,,,,,,,,10,15,185,1.8389966149998145,42,0.2783333333333333,0.2762962962962964,0.2619907407407407,0.3172222222222222,0.27849999999999997,1.7815731150003558,random,0.011938264000491472,1
false,0.1,10,15,0.5948611111111111,0.6094444444444445,0.622037037037037,0.5375,0.5875277777777778,0.8556944444444444,0.8602777777777778,0.8679629629629629,0.8458333333333333,0.8543333333333333,0.5736111111111111,0.5828703703703704,0.6083333333333333,0.5205555555555555,0.5771666666666667,0.7881944444444444,0.0,0.8346296296296296,0.0,0.9115740740740741,0.0,0.91825,0.0,0.6538888888888889,0.0,10,15,186,1.8565587819994107,43,0.28208333333333335,0.27740740740740744,0.25962962962962965,0.3252777777777778,0.27716666666666656,1.7763520749995223,random,0.027192497000214644,1
false,0.1,10,15,0.5994444444444444,0.6111111111111112,0.6218055555555555,0.5355555555555556,0.5861666666666666,0.8556944444444444,0.8602777777777778,0.8679629629629629,0.8458333333333333,0.8543333333333333,0.5745833333333333,0.5839814814814814,0.6074074074074074,0.5194444444444445,0.5769722222222222,0.7820138888888889,0.008402777777777759,0.8381018518518519,0.008009259259259272,0.9145601851851852,0.006782407407407376,0.9209444444444445,0.0007777777777777661,0.6531944444444444,0.007361111111111096,10,15,187,1.8224788269999408,44,0.2811111111111111,0.2762962962962964,0.26055555555555554,0.32638888888888884,0.27736111111111106,1.7457960630008529,random,0.008662778999678267,1
false,0.1,10,15,0.5961111111111111,0.6062037037037037,0.6206944444444444,0.55,0.5865277777777778,0.8556944444444444,0.8602777777777778,0.8679629629629629,0.8458333333333333,0.8543333333333333,0.5743055555555555,0.5793518518518519,0.6071296296296296,0.5219444444444444,0.576,0.7828703703703704,0.0034064763220643217,0.8359876543209878,0.0009720997375323318,0.9067901234567901,0.0007841571614760807,0.9178611111111111,0.004868380807541972,0.6532407407407408,0.0017022941028565076,10,15,188,1.9308653649995904,45,0.2813888888888889,0.2809259259259259,0.26083333333333336,0.3238888888888889,0.2783333333333333,1.8390562510003292,random,0.008272325000689307,1
false,0.1,10,15,0.5984722222222222,0.606574074074074,0.6199537037037037,0.5336111111111111,0.5851944444444445,0.8556944444444444,0.8602777777777778,0.8679629629629629,0.8458333333333333,0.8543333333333333,0.5756944444444444,0.5819444444444445,0.6056481481481482,0.5158333333333334,0.5755833333333333,0.7828472222222222,0.0027154464994468557,0.835462962962963,0.0023832477178211023,0.9103819444444443,0.002372741643411391,0.9299097222222221,0.0013238049292628906,0.6580555555555556,0.004289845892077934,10,15,189,1.953426885999761,46,0.28,0.2783333333333333,0.2623148148148148,0.32999999999999996,0.27874999999999994,1.8315139420001287,random,0.029952187999697344,1
false,0.25,10,15,0.6109722222222222,0.6199074074074075,0.6288888888888889,0.5680555555555555,0.5948888888888889,0.8556944444444444,0.8602777777777778,0.8679629629629629,0.8458333333333333,0.8543333333333333,0.5905555555555555,0.5940740740740741,0.6133796296296297,0.5480555555555555,0.5849166666666666,,,,,,,,,,,10,15,190,1.8246927370000776,42,0.2651388888888889,0.2662037037037037,0.2545833333333333,0.2977777777777778,0.26941666666666664,1.7750327630001266,random,0.010035429000708973,1
false,0.25,10,15,0.6143055555555555,0.6239814814814815,0.63125,0.5588888888888889,0.5944166666666667,0.8556944444444444,0.8602777777777778,0.8679629629629629,0.8458333333333333,0.8543333333333333,0.59125,0.5971296296296297,0.6169444444444444,0.5380555555555555,0.58375,0.8126388888888889,0.0,0.8523148148148149,0.0,0.9210648148148148,0.0,0.9329722222222222,0.0,0.6922222222222222,0.0,10,15,191,1.9201264769999398,43,0.26444444444444437,0.26314814814814813,0.25101851851851853,0.3077777777777778,0.2705833333333333,1.8407351659998312,random,0.011676305000037246,1
false,0.25,10,15,0.6144444444444445,0.6270370370370371,0.6315277777777778,0.5619444444444445,0.59525,0.8556944444444444,0.8602777777777778,0.8679629629629629,0.8458333333333333,0.8543333333333333,0.5905555555555555,0.5999074074074074,0.6158796296296296,0.5422222222222223,0.5855,0.8124305555555555,0.00187499999999996,0.8566666666666667,0.005555555555555536,0.9236574074074073,0.0021759259259259145,0.9337916666666667,0.0012083333333333668,0.6934722222222223,0.002083333333333326,10,15,192,1.836285633999978,44,0.2651388888888889,0.26037037037037036,0.2520833333333333,0.30361111111111105,0.26883333333333326,1.761562626000341,random,0.009822468000493245,1
false,0.25,10,15,0.60625,0.6188888888888889,0.6288425925925926,0.5633333333333334,0.5919444444444445,0.8556944444444444,0.8602777777777778,0.8679629629629629,0.8458333333333333,0.8543333333333333,0.5843055555555555,0.5931481481481482,0.6140277777777777,0.5375,0.5825833333333333,0.8075462962962963,0.0030202789685740933,0.8517592592592592,0.002030010327457453,0.9211111111111111,0.002554560103135262,0.9315925925925926,0.0031437060163359396,0.6861111111111112,0.006949997779553752,10,15,193,1.8479655060000368,45,0.2713888888888889,0.2671296296296296,0.2539351851851852,0.30833333333333335,0.27174999999999994,1.747909927999899,random,0.024289144999784185,1
false,0.25,10,15,0.6165277777777778,0.6244444444444445,0.6277777777777778,0.555,0.5944722222222222,0.8556944444444444,0.8602777777777778,0.8679629629629629,0.8458333333333333,0.8543333333333333,0.5941666666666666,0.5978703703703704,0.61375,0.5291666666666667,0.5844444444444444,0.8089583333333334,0.0026452773548251173,0.8541666666666666,0.003596241941840447,0.9195717592592592,0.0008166901556628675,0.9352777777777779,0.00197827709052942,0.6939583333333333,0.008054058768988527,10,15,194,1.9220255210002506,46,0.2615277777777778,0.2624074074074074,0.2542129629629629,0.31666666666666665,0.26988888888888884,1.7790891730001022,random,0.04277081200052635,1
false,0.5,10,15,0.6302777777777778,0.6405555555555555,0.643287037037037,0.5991666666666666,0.6062777777777778,0.8556944444444444,0.8602777777777778,0.8679629629629629,0.8458333333333333,0.8543333333333333,0.6075,0.6131481481481481,0.6267592592592592,0.5719444444444445,0.5962777777777778,,,,,,,,,,,10,15,195,1.8132218729997476,42,0.24819444444444438,0.2471296296296297,0.2412037037037037,0.27388888888888885,0.2580555555555555,1.7668877739997697,random,0.010112262999427912,1
false,0.5,10,15,0.6316666666666667,0.6428703703703704,0.6425,0.5858333333333333,0.6054444444444445,0.8556944444444444,0.8602777777777778,0.8679629629629629,0.8458333333333333,0.8543333333333333,0.6093055555555555,0.615,0.6261574074074074,0.5619444444444445,0.5952222222222222,0.8270833333333333,0.0,0.862037037037037,0.0,0.9223148148148148,0.0,0.9385,0.0,0.7358333333333333,0.0,10,15,196,1.9063940240002921,43,0.24638888888888888,0.24527777777777782,0.2418055555555555,0.28388888888888886,0.25911111111111107,1.824286033000135,random,0.026567513999907533,1
false,0.5,10,15,0.6351388888888889,0.6447222222222222,0.6443055555555556,0.5863888888888888,0.6040833333333333,0.8556944444444444,0.8602777777777778,0.8679629629629629,0.8458333333333333,0.8543333333333333,0.6118055555555556,0.6147222222222222,0.6291666666666667,0.5644444444444444,0.5947222222222223,0.8293055555555555,0.0011111111111111183,0.8657407407407407,0.0037962962962962976,0.9228472222222222,0.0008564814814814858,0.9359305555555555,0.0029583333333333406,0.7275,0.0011111111111111183,10,15,197,2.0580562610002744,44,0.24388888888888882,0.24555555555555564,0.23879629629629628,0.2813888888888889,0.259611111111111,1.970587307999267,random,0.02409817700026906,1
false,0.5,10,15,0.6286111111111111,0.6433333333333333,0.6398611111111111,0.5811111111111111,0.6048611111111111,0.8556944444444444,0.8602777777777778,0.8679629629629629,0.8458333333333333,0.8543333333333333,0.6059722222222222,0.6151851851851852,0.6256018518518518,0.5525,0.5950555555555556,0.8299074074074074,0.003287363051125319,0.865895061728395,0.0020969491051188896,0.9266666666666666,0.0020631740699219706,0.9395462962962964,0.0013320467043225538,0.7335185185185186,0.007399301120002615,10,15,198,1.8829451980000158,45,0.24972222222222218,0.24509259259259264,0.24236111111111114,0.29333333333333333,0.2592777777777777,1.773522929000137,random,0.009686929000054079,1
false,0.5,10,15,0.6313888888888889,0.6418518518518519,0.6408796296296296,0.5788888888888889,0.6045277777777778,0.8556944444444444,0.8602777777777778,0.8679629629629629,0.8458333333333333,0.8543333333333333,0.6055555555555555,0.6133333333333333,0.6249074074074074,0.5538888888888889,0.5941111111111111,0.8309722222222222,0.003327541264086376,0.8634259259259259,0.0008808471106685389,0.9238773148148148,0.0017155807699603897,0.9332638888888889,0.0023506713645674764,0.7338888888888888,0.0022821773229382046,10,15,199,1.9441593259998626,46,0.2501388888888889,0.24694444444444452,0.24305555555555558,0.29194444444444445,0.26022222222222213,1.831981917000121,random,0.01067235700065794,1
false,0.0,20,15,0.5843055555555555,0.5987962962962963,0.6128703703703704,0.5272222222222223,0.5803611111111111,0.8556944444444444,0.8602777777777778,0.8679629629629629,0.8458333333333333,0.8543333333333333,0.5609722222222222,0.5775,0.5989814814814814,0.5044444444444445,0.5713055555555555,,,,,,,,,,,20,15,200,2.44303167399994,42,0.2947222222222222,0.2827777777777778,0.2689814814814815,0.34138888888888885,0.28302777777777777,2.3810314330003166,random,0.022155944000587624,1
false,0.0,20,15,0.5790277777777778,0.5962962962962963,0.6104166666666667,0.5175,0.5815833333333333,0.8556944444444444,0.8602777777777778,0.8679629629629629,0.8458333333333333,0.8543333333333333,0.5576388888888889,0.5726851851851852,0.5978703703703704,0.4955555555555556,0.5730555555555555,0.765,0.0,0.8175925925925925,0.0,0.9014351851851852,0.0,0.9116388888888889,0.0,0.6161111111111112,0.0,20,15,201,2.4102107440003238,43,0.2980555555555555,0.2875925925925926,0.27009259259259255,0.35027777777777774,0.28127777777777774,2.3231568530000004,random,0.032126824999977543,1
false,0.0,20,15,0.5791666666666667,0.6014814814814815,0.6138425925925926,0.5208333333333334,0.5794722222222223,0.8556944444444444,0.8602777777777778,0.8679629629629629,0.8458333333333333,0.8543333333333333,0.5581944444444444,0.5785185185185185,0.6,0.5022222222222222,0.5706388888888889,0.7560416666666667,0.00715277777777773,0.8203703703703704,0.0024074074074074137,0.9097916666666667,0.00011574074074072183,0.9165416666666666,0.0061249999999999916,0.6220833333333333,0.003750000000000031,20,15,202,3.0820191510001678,44,0.2975,0.28175925925925926,0.26796296296296296,0.3436111111111111,0.28369444444444436,2.960807928000577,random,0.041657219000626355,1
false,0.0,20,15,0.5876388888888889,0.6003703703703703,0.6120833333333333,0.5183333333333333,0.5799444444444445,0.8556944444444444,0.8602777777777778,0.8679629629629629,0.8458333333333333,0.8543333333333333,0.5655555555555556,0.5745370370370371,0.5998148148148148,0.5011111111111111,0.5704166666666667,0.7530092592592593,0.0033301167608064,0.8109567901234568,0.0019719299808596477,0.901682098765432,0.0008827376324737574,0.9169999999999999,0.006099273045801696,0.6153703703703703,0.005203341228972977,20,15,203,2.929293809000228,45,0.29013888888888884,0.28574074074074074,0.26814814814814814,0.34472222222222226,0.2839166666666666,2.8206463989999975,random,0.023077361000105157,1
false,0.0,20,15,0.58,0.5950925925925926,0.6180555555555556,0.5258333333333334,0.5818888888888889,0.8556944444444444,0.8602777777777778,0.8679629629629629,0.8458333333333333,0.8543333333333333,0.5595833333333333,0.5713888888888888,0.605925925925926,0.5094444444444445,0.5725,0.7580208333333333,0.00377483417794581,0.8112037037037036,0.004334579592868687,0.902048611111111,0.0031132968443570784,0.9183611111111112,0.007589156291042923,0.6240972222222222,0.0031633449927584256,20,15,204,2.876507865000349,46,0.2961111111111111,0.288888888888889,0.26203703703703696,0.33638888888888885,0.28183333333333327,2.763863816000594,random,0.016836871999657887,1
true,0.1,20,15,0.595,0.6060185185185185,0.6193055555555556,0.5436111111111112,0.5851111111111111,0.8556944444444444,0.8602777777777778,0.8679629629629629,0.8458333333333333,0.8543333333333333,0.5705555555555556,0.5836111111111111,0.6062037037037037,0.5216666666666666,0.5762777777777778,,,,,,,,,,,20,15,205,2.528442775000258,42,0.28513888888888883,0.2766666666666667,0.26175925925925925,0.3241666666666667,0.2780555555555555,2.455700088999947,random,0.025058212000658386,1
true,0.1,20,15,0.5929166666666666,0.6064814814814815,0.6180092592592593,0.5369444444444444,0.5841666666666666,0.8556944444444444,0.8602777777777778,0.8679629629629629,0.8458333333333333,0.8543333333333333,0.5705555555555556,0.582037037037037,0.6057407407407407,0.5175,0.5757222222222222,0.7708333333333334,0.0,0.8275925925925925,0.0,0.9017592592592593,0.0,0.9140277777777778,0.0,0.6361111111111111,0.0,20,15,206,2.4821345259997543,43,0.28513888888888883,0.2782407407407408,0.26222222222222225,0.32833333333333337,0.27861111111111103,2.401783515999341,random,0.027447538999695098,1
true,0.1,20,15,0.595,0.6096296296296296,0.6188888888888889,0.535,0.5856944444444444,0.8556944444444444,0.8602777777777778,0.8679629629629629,0.8458333333333333,0.8543333333333333,0.5734722222222223,0.5841666666666666,0.6061111111111112,0.5161111111111111,0.5765833333333333,0.7765277777777777,0.003888888888888886,0.8281944444444445,0.0015277777777777946,0.9115046296296296,2.3148148148188774e-05,0.9217777777777778,0.007916666666666683,0.6463888888888889,0.008055555555555594,20,15,207,2.6114184850002857,44,0.28222222222222215,0.2761111111111112,0.2618518518518518,0.32972222222222225,0.27774999999999994,2.505870531000255,random,0.028111890999753086,1
true,0.1,20,15,0.6026388888888888,0.6148148148148148,0.6194444444444445,0.5419444444444445,0.5877777777777777,0.8556944444444444,0.8602777777777778,0.8679629629629629,0.8458333333333333,0.8543333333333333,0.57875,0.5896296296296296,0.6065277777777778,0.5219444444444444,0.5790555555555555,0.7766666666666667,0.005274121540568759,0.8322530864197532,0.004044741016274877,0.9124845679012346,0.0021696235670736427,0.9290185185185186,0.005925824651912402,0.6554629629629629,0.003079312805243694,20,15,208,2.5558559709998008,45,0.27694444444444444,0.2706481481481482,0.26143518518518516,0.3238888888888889,0.27527777777777773,2.461773498999719,random,0.00937692400020751,1
true,0.1,20,15,0.5956944444444444,0.6053703703703703,0.6219907407407408,0.5416666666666666,0.5866944444444444,0.8556944444444444,0.8602777777777778,0.8679629629629629,0.8458333333333333,0.8543333333333333,0.5738888888888889,0.5814814814814815,0.6098148148148148,0.5269444444444444,0.5776944444444444,0.7809027777777777,0.003040524899859687,0.8265277777777778,0.003384699393784111,0.9127546296296296,0.004094867496612659,0.9292499999999999,0.0036159156072856796,0.6543749999999999,0.004599613342579395,20,15,209,2.492260988000453,46,0.28180555555555553,0.2787962962962963,0.2581481481481481,0.3188888888888889,0.2766388888888889,2.3742406940000365,random,0.02402326300034474,1
false,0.25,20,15,0.6119444444444444,0.6208333333333333,0.6275,0.5655555555555556,0.5954444444444444,0.8556944444444444,0.8602777777777778,0.8679629629629629,0.8458333333333333,0.8543333333333333,0.5841666666666666,0.5934259259259259,0.6131944444444445,0.5441666666666667,0.5852777777777778,,,,,,,,,,,20,15,210,2.466430641000443,42,0.2715277777777778,0.2668518518518519,0.25476851851851845,0.30166666666666664,0.2690555555555555,2.4139207629996235,random,0.009490047999861417,1
false,0.25,20,15,0.61125,0.6216666666666667,0.627962962962963,0.5480555555555555,0.5951944444444445,0.8556944444444444,0.8602777777777778,0.8679629629629629,0.8458333333333333,0.8543333333333333,0.5880555555555556,0.5973148148148149,0.6143055555555555,0.5280555555555555,0.5859722222222222,0.8081944444444444,0.0,0.8493518518518518,0.0,0.9195833333333333,0.0,0.9320277777777778,0.0,0.6783333333333333,0.0,20,15,211,2.4147925719998966,43,0.26763888888888887,0.26296296296296295,0.2536574074074074,0.3177777777777778,0.26836111111111105,2.337547392000488,random,0.024850958000570245,1
false,0.25,20,15,0.6097222222222223,0.6223148148148148,0.6303240740740741,0.5577777777777778,0.59525,0.8556944444444444,0.8602777777777778,0.8679629629629629,0.8458333333333333,0.8543333333333333,0.5868055555555556,0.5963888888888889,0.6159722222222223,0.5358333333333334,0.5854722222222222,0.8052777777777778,0.0019444444444444153,0.8492592592592592,9.259259259258856e-05,0.9208564814814815,0.001180555555555518,0.9312638888888889,0.0024305555555556024,0.695138888888889,0.010416666666666685,20,15,212,2.4653516959997432,44,0.26888888888888884,0.26388888888888895,0.2519907407407407,0.30999999999999994,0.2688611111111111,2.3666677000001073,random,0.02572274500016647,1
false,0.25,20,15,0.6175,0.6264814814814815,0.6285185185185185,0.5641666666666667,0.59275,0.8556944444444444,0.8602777777777778,0.8679629629629629,0.8458333333333333,0.8543333333333333,0.5929166666666666,0.5975,0.6139814814814815,0.5475,0.5836944444444444,0.8011111111111111,0.0039004457907084104,0.8445061728395061,0.0017195541082943486,0.9206327160493828,0.004465826480910091,0.9314444444444444,0.003519200713592693,0.6909259259259258,0.0018332398030762444,20,15,213,2.512572198000271,45,0.2627777777777778,0.2627777777777778,0.2539814814814815,0.29833333333333334,0.2706388888888889,2.3998561050002536,random,0.029838999999810767,1
false,0.25,20,15,0.6073611111111111,0.6197222222222222,0.6281944444444445,0.5616666666666666,0.5935833333333334,0.8556944444444444,0.8602777777777778,0.8679629629629629,0.8458333333333333,0.8543333333333333,0.5858333333333333,0.5927777777777777,0.6134722222222222,0.5483333333333333,0.5836111111111111,0.8016666666666667,0.002585348676248128,0.8468749999999999,0.002923181290066587,0.9209606481481482,0.002803961280000047,0.9339444444444445,0.005957378193322272,0.6938888888888889,0.005593619601556196,20,15,214,2.5160319509996043,46,0.2698611111111111,0.26750000000000007,0.25449074074074074,0.2975,0.2707222222222222,2.3839890469998863,random,0.011459821999778796,1
false,0.5,20,15,0.6341666666666667,0.6403703703703704,0.6406944444444445,0.5886111111111111,0.6054722222222222,0.8556944444444444,0.8602777777777778,0.8679629629629629,0.8458333333333333,0.8543333333333333,0.6079166666666667,0.6148148148148148,0.6248611111111111,0.5644444444444444,0.5962222222222222,,,,,,,,,,,20,15,215,2.4515372719997686,42,0.24777777777777776,0.245462962962963,0.24310185185185185,0.2813888888888889,0.25811111111111107,2.3988276979998773,random,0.009888001000035729,1
false,0.5,20,15,0.6359722222222223,0.6443518518518518,0.6420370370370371,0.5802777777777778,0.6054444444444445,0.8556944444444444,0.8602777777777778,0.8679629629629629,0.8458333333333333,0.8543333333333333,0.6125,0.6172222222222222,0.6266203703703703,0.5583333333333333,0.5951944444444445,0.8252777777777778,0.0,0.8680555555555556,0.0,0.9265740740740741,0.0,0.9332777777777778,0.0,0.7322222222222222,0.0,20,15,216,2.4461822749999556,43,0.24319444444444438,0.24305555555555558,0.2413425925925926,0.2875,0.2591388888888888,2.3436069980007233,random,0.010714098999415,1
false,0.5,20,15,0.6344444444444445,0.6422222222222222,0.6425462962962963,0.5819444444444445,0.6053055555555555,0.8556944444444444,0.8602777777777778,0.8679629629629629,0.8458333333333333,0.8543333333333333,0.6105555555555555,0.6129629629629629,0.6268981481481481,0.5608333333333333,0.5959722222222222,0.8273611111111111,0.0019444444444444153,0.8621759259259258,0.0023611111111110916,0.9230787037037037,0.0015046296296296058,0.9358472222222223,6.944444444439979e-05,0.7347222222222223,0.0002777777777777657,20,15,217,2.4573026739999477,44,0.2451388888888889,0.24731481481481488,0.2410648148148148,0.28500000000000003,0.25836111111111104,2.375084020000031,random,0.008890012999472674,1
false,0.5,20,15,0.635,0.6461111111111111,0.64125,0.5816666666666667,0.6047777777777777,0.8556944444444444,0.8602777777777778,0.8679629629629629,0.8458333333333333,0.8543333333333333,0.61,0.6169444444444444,0.6256481481481482,0.5633333333333334,0.59525,0.8258796296296297,0.0022289635402242144,0.8637654320987654,0.0027072669456282093,0.9240586419753086,0.0028121162882417824,0.9358240740740741,0.0007543881685951101,0.7337962962962963,0.0030959728698704454,20,15,218,2.4576047680002375,45,0.24569444444444444,0.2433333333333334,0.24231481481481476,0.2825,0.25908333333333333,2.3412727370005086,random,0.03431558100055554,1
false,0.5,20,15,0.6369444444444444,0.639537037037037,0.6409722222222223,0.5861111111111111,0.6041944444444445,0.8556944444444444,0.8602777777777778,0.8679629629629629,0.8458333333333333,0.8543333333333333,0.6145833333333334,0.6114814814814815,0.625462962962963,0.5708333333333333,0.5946944444444444,0.8261458333333332,0.0028773390243610857,0.8635416666666667,0.002729028245476612,0.9228587962962963,0.002417929063993558,0.9345972222222222,0.0017040370547469212,0.7352083333333334,0.006429145513755051,20,15,219,2.479911882000124,46,0.24111111111111105,0.2487962962962963,0.24249999999999994,0.275,0.25963888888888886,2.340793409000071,random,0.03523041900007229,1
false,0.0,50,15,0.5748611111111112,0.5964814814814815,0.61125,0.515,0.5798055555555556,0.8556944444444444,0.8602777777777778,0.8679629629629629,0.8458333333333333,0.8543333333333333,0.555,0.5734259259259259,0.5966203703703704,0.4938888888888889,0.5703611111111111,,,,,,,,,,,50,15,220,2.891511396000169,42,0.3006944444444444,0.2868518518518519,0.2713425925925925,0.35194444444444445,0.2839722222222222,2.812186764999751,random,0.036477417000241985,1
false,0.0,50,15,0.5823611111111111,0.5983333333333334,0.6156018518518519,0.5130555555555556,0.5795,0.8556944444444444,0.8602777777777778,0.8679629629629629,0.8458333333333333,0.8543333333333333,0.5605555555555556,0.5752777777777778,0.6037962962962963,0.4922222222222222,0.5715,0.7294444444444445,0.0,0.7923148148148148,0.0,0.8908333333333334,0.0,0.9095833333333333,0.0,0.6008333333333333,0.0,50,15,221,5.564369265000096,43,0.29513888888888884,0.28500000000000003,0.26416666666666666,0.3536111111111111,0.28283333333333327,5.212323675000334,random,0.1493423720003193,1
false,0.0,50,15,0.5786111111111111,0.5944444444444444,0.6146759259259259,0.5216666666666666,0.5809166666666666,0.8556944444444444,0.8602777777777778,0.8679629629629629,0.8458333333333333,0.8543333333333333,0.5554166666666667,0.5713888888888888,0.6028703703703704,0.49833333333333335,0.5715555555555556,0.7352083333333334,0.006597222222222254,0.8019907407407407,0.00023148148148144365,0.9027546296296296,0.002291666666666692,0.9074027777777778,0.0034027777777777546,0.5934722222222222,0.0034722222222222654,50,15,222,3.7774972130000606,44,0.30027777777777775,0.288888888888889,0.26509259259259255,0.3475,0.2827777777777777,3.6324104790001,random,0.041840813999442616,1
false,0.0,50,15,0.5793055555555555,0.6011111111111112,0.615462962962963,0.5138888888888888,0.5811666666666667,0.8556944444444444,0.8602777777777778,0.8679629629629629,0.8458333333333333,0.8543333333333333,0.5601388888888889,0.5755555555555556,0.6028703703703704,0.49333333333333335,0.5741388888888889,0.7367592592592592,0.00253659769107458,0.8017901234567901,0.002484903358996345,0.8959722222222221,0.005430827222110398,0.9059074074074074,0.0014153649308631339,0.5999074074074074,0.002618914004394611,50,15,223,3.869951687000139,45,0.29555555555555557,0.2847222222222222,0.26509259259259255,0.3525,0.2801944444444444,3.671545416999834,random,0.06771373499941546,1
false,0.0,50,15,0.5795833333333333,0.5975,0.6134722222222222,0.5294444444444445,0.5776666666666667,0.8556944444444444,0.8602777777777778,0.8679629629629629,0.8458333333333333,0.8543333333333333,0.5583333333333333,0.5726851851851852,0.5997222222222223,0.5111111111111111,0.5691666666666667,0.7328125,0.004773390063740597,0.8028935185185185,0.008104199395344737,0.8992245370370371,0.0029194899254659256,0.9059166666666667,0.005860683238726648,0.5943055555555556,0.007593298296020385,50,15,224,3.4950357239995355,46,0.2973611111111111,0.2875925925925926,0.26824074074074067,0.33472222222222225,0.28516666666666657,3.3082471100005932,random,0.05741513599969039,1
false,0.1,50,15,0.5926388888888889,0.6040740740740741,0.6169907407407408,0.5341666666666667,0.5861666666666666,0.8556944444444444,0.8602777777777778,0.8679629629629629,0.8458333333333333,0.8543333333333333,0.5681944444444444,0.5803703703703704,0.6025462962962963,0.5141666666666667,0.5761666666666667,,,,,,,,,,,50,15,225,3.067868492999878,42,0.2875,0.2799074074074074,0.26541666666666663,0.33166666666666667,0.27816666666666656,2.9969622329999765,random,0.02746641500016267,1
false,0.1,50,15,0.5952777777777778,0.6112962962962963,0.6206018518518519,0.5433333333333333,0.5846388888888889,0.8556944444444444,0.8602777777777778,0.8679629629629629,0.8458333333333333,0.8543333333333333,0.5722222222222222,0.5850925925925926,0.6083333333333333,0.5211111111111111,0.5761944444444445,0.7597222222222222,0.0,0.8105555555555556,0.0,0.9001388888888889,0.0,0.9096388888888889,0.0,0.6197222222222222,0.0,50,15,226,3.0463316770001256,43,0.28347222222222224,0.2751851851851852,0.25962962962962965,0.32472222222222225,0.2781388888888888,2.9808440429997063,random,0.011349121000421292,1
false,0.1,50,15,0.5915277777777778,0.6039814814814815,0.618287037037037,0.5433333333333333,0.5860277777777778,0.8556944444444444,0.8602777777777778,0.8679629629629629,0.8458333333333333,0.8543333333333333,0.5694444444444444,0.5790740740740741,0.6052314814814815,0.52,0.577,0.760625,0.003958333333333286,0.8159722222222222,0.0029166666666666785,0.9141898148148149,0.0006250000000000422,0.9144861111111111,0.004375000000000018,0.6298611111111111,0.003750000000000031,50,15,227,2.9066876229999252,44,0.28625,0.28120370370370373,0.2627314814814814,0.3258333333333333,0.2773333333333333,2.813607520000005,random,0.025259476999963226,1
false,0.1,50,15,0.5959722222222222,0.6110185185185185,0.6216666666666667,0.5263888888888889,0.5865833333333333,0.8556944444444444,0.8602777777777778,0.8679629629629629,0.8458333333333333,0.8543333333333333,0.5773611111111111,0.585925925925926,0.6094444444444445,0.5083333333333333,0.5771944444444445,0.7646296296296295,0.0033875478018382957,0.8196604938271604,0.0019719299808596477,0.9094753086419755,0.0030042297317373554,0.9208148148148148,0.0025586066059596416,0.6301851851851852,0.005658005969426764,50,15,228,2.9652950390000115,45,0.2783333333333333,0.27435185185185185,0.2585185185185185,0.3375,0.2771388888888888,2.8496668710004087,random,0.025787114000195288,1
false,0.1,50,15,0.5936111111111111,0.6044444444444445,0.6207407407407407,0.5422222222222223,0.5837777777777777,0.8556944444444444,0.8602777777777778,0.8679629629629629,0.8458333333333333,0.8543333333333333,0.5705555555555556,0.5795370370370371,0.6070833333333333,0.5219444444444444,0.5747777777777778,0.7636458333333334,0.008879864668325625,0.8205324074074074,0.006543478294925342,0.9111574074074074,0.0037535705452454533,0.9083472222222222,0.004107191261887913,0.6325694444444445,0.008161125765813938,50,15,229,3.2038229750005485,46,0.28513888888888883,0.28074074074074074,0.26087962962962963,0.3238888888888889,0.27955555555555545,3.082450470000367,random,0.026386782000372477,1
false,0.25,50,15,0.6116666666666667,0.6213888888888889,0.6267592592592592,0.5530555555555555,0.59525,0.8556944444444444,0.8602777777777778,0.8679629629629629,0.8458333333333333,0.8543333333333333,0.5875,0.5977777777777777,0.611712962962963,0.5297222222222222,0.5855833333333333,,,,,,,,,,,50,15,230,2.8812983309999254,42,0.2681944444444444,0.26250000000000007,0.25625,0.3161111111111111,0.26874999999999993,2.8078931919999377,random,0.026467300999684085,1
false,0.25,50,15,0.6091666666666666,0.6243518518518518,0.6305555555555555,0.5625,0.5943333333333334,0.8556944444444444,0.8602777777777778,0.8679629629629629,0.8458333333333333,0.8543333333333333,0.5873611111111111,0.5981481481481481,0.6161111111111112,0.5411111111111111,0.5854166666666667,0.8016666666666666,0.0,0.8383333333333334,0.0,0.9162962962962963,0.0,0.9235,0.0,0.6744444444444444,0.0,50,15,231,2.8519548820004275,43,0.2683333333333333,0.2621296296296297,0.25185185185185177,0.3047222222222222,0.2689166666666666,2.773005275000287,random,0.026711425999565108,1
false,0.25,50,15,0.6093055555555555,0.6197222222222222,0.6267592592592592,0.5661111111111111,0.5937222222222223,0.8556944444444444,0.8602777777777778,0.8679629629629629,0.8458333333333333,0.8543333333333333,0.5883333333333334,0.5925925925925926,0.6113888888888889,0.5413888888888889,0.5840277777777778,0.794513888888889,0.0029861111111110783,0.8363425925925927,0.0031944444444444438,0.9192592592592592,0.002083333333333326,0.9313194444444444,0.0005138888888888693,0.6793055555555556,0.006250000000000033,50,15,232,2.940328882999893,44,0.26736111111111105,0.26768518518518525,0.25657407407407407,0.3044444444444444,0.27030555555555547,2.8420578209997984,random,0.026650599000276998,1
false,0.25,50,15,0.6116666666666667,0.6231481481481481,0.6296759259259259,0.5430555555555555,0.59425,0.8556944444444444,0.8602777777777778,0.8679629629629629,0.8458333333333333,0.8543333333333333,0.5916666666666667,0.5962962962962963,0.6154166666666666,0.5277777777777778,0.5853055555555555,0.794212962962963,0.002128622950476383,0.8466358024691357,0.0017654752649475145,0.917685185185185,0.002096494777498962,0.9288703703703703,0.0031089057439160138,0.6714814814814815,0.002994622523851166,50,15,233,2.9349365469997792,45,0.26402777777777775,0.2639814814814815,0.2525462962962963,0.31805555555555554,0.26902777777777775,2.8027296239997668,random,0.03465121499993984,1
false,0.25,50,15,0.6116666666666667,0.6187037037037038,0.6290740740740741,0.5633333333333334,0.5908055555555556,0.8556944444444444,0.8602777777777778,0.8679629629629629,0.8458333333333333,0.8543333333333333,0.5884722222222222,0.5912962962962963,0.614537037037037,0.545,0.5809722222222222,0.7977777777777777,0.0034077344851070257,0.8399074074074074,0.0031556283681392757,0.9154282407407408,0.0028700670015909487,0.9240069444444444,0.0030392478332599486,0.6772916666666666,0.0038608862844215796,50,15,234,3.2782312129993443,46,0.26722222222222225,0.2689814814814815,0.25342592592592594,0.3008333333333333,0.27336111111111105,3.112806904999161,random,0.0553687550000177,1
false,0.5,50,15,0.6247222222222222,0.6408333333333334,0.6423148148148148,0.5875,0.6051111111111112,0.8556944444444444,0.8602777777777778,0.8679629629629629,0.8458333333333333,0.8543333333333333,0.6013888888888889,0.614537037037037,0.6259259259259259,0.5583333333333333,0.5952222222222222,,,,,,,,,,,50,15,235,3.393511323999519,42,0.25430555555555556,0.24574074074074082,0.24203703703703705,0.2875,0.25911111111111107,3.2832254490003834,random,0.06113782499960507,1
false,0.5,50,15,0.6351388888888889,0.6426851851851851,0.6423148148148148,0.5866666666666667,0.6038055555555556,0.8556944444444444,0.8602777777777778,0.8679629629629629,0.8458333333333333,0.8543333333333333,0.6120833333333333,0.6136111111111111,0.6259722222222223,0.565,0.5945833333333334,0.8215277777777777,0.0,0.8536111111111111,0.0,0.9227314814814814,0.0,0.9282222222222222,0.0,0.7241666666666666,0.0,50,15,236,3.399290014000144,43,0.2436111111111111,0.2466666666666667,0.24199074074074067,0.2808333333333334,0.2597499999999999,3.2937418239998806,random,0.041028904000086186,1
false,0.5,50,15,0.6298611111111111,0.6423148148148148,0.6412962962962963,0.5861111111111111,0.6046944444444444,0.8556944444444444,0.8602777777777778,0.8679629629629629,0.8458333333333333,0.8543333333333333,0.6068055555555556,0.6134259259259259,0.6257407407407407,0.5586111111111111,0.5954722222222222,0.8260416666666667,0.0024305555555556024,0.8599074074074075,0.00018518518518517713,0.9236805555555556,0.0005324074074073981,0.9372083333333333,0.001680555555555574,0.7369444444444444,0.0019444444444444708,50,15,237,3.406645306000428,44,0.24888888888888883,0.24685185185185188,0.24222222222222223,0.28722222222222227,0.2588611111111111,3.197201906000373,random,0.06376103999991756,1
false,0.5,50,15,0.6305555555555555,0.643425925925926,0.6401851851851852,0.5769444444444445,0.6038888888888889,0.8556944444444444,0.8602777777777778,0.8679629629629629,0.8458333333333333,0.8543333333333333,0.6079166666666667,0.6156481481481482,0.6250462962962963,0.5541666666666667,0.5940833333333333,0.827962962962963,0.004897789316828952,0.8635185185185185,0.0020158834312108804,0.9231635802469137,0.0012573136143252239,0.9288240740740741,0.0018382836272190187,0.7230555555555555,0.003341040472716428,50,15,238,5.075687323000238,45,0.24777777777777776,0.24462962962962964,0.24291666666666667,0.29166666666666663,0.26025,4.799406752000323,random,0.07526297899948986,1
false,0.5,50,15,0.6302777777777778,0.6419444444444444,0.6401851851851852,0.5830555555555555,0.6039444444444444,0.8556944444444444,0.8602777777777778,0.8679629629629629,0.8458333333333333,0.8543333333333333,0.6044444444444445,0.6125,0.6243055555555556,0.5591666666666667,0.5932777777777778,0.8240277777777777,0.0034819308713115913,0.8607638888888889,0.0031856259115846694,0.9230671296296296,0.0018272013871278962,0.9299722222222222,0.0019174716506024801,0.72875,0.002956082868582313,50,15,239,3.473880688999998,46,0.25125,0.24777777777777776,0.24365740740740738,0.2866666666666666,0.2610555555555555,3.3457341699995595,random,0.018572488999780035,1
false,0.0,5,30,0.5543055555555556,0.5832407407407407,0.6277777777777778,0.49666666666666665,0.591,0.8556944444444444,0.8602777777777778,0.8679629629629629,0.8458333333333333,0.8543333333333333,0.5395833333333333,0.5637037037037037,0.6143055555555555,0.47888888888888886,0.5813055555555555,,,,,,,,,,,5,30,240,1.8938221880007404,42,0.3161111111111111,0.2965740740740741,0.2536574074074074,0.36694444444444446,0.27302777777777776,1.843249526999898,random,0.010531498000091233,1
false,0.0,5,30,0.5575,0.5897222222222223,0.6281018518518519,0.49805555555555553,0.5959166666666667,0.8556944444444444,0.8602777777777778,0.8679629629629629,0.8458333333333333,0.8543333333333333,0.5415277777777778,0.572962962962963,0.6140277777777777,0.4866666666666667,0.5863611111111111,0.7040277777777778,0.0,0.7812962962962963,0.0,0.9030555555555555,0.0,0.9360277777777778,0.0,0.5836111111111111,0.0,5,30,241,1.918738692000261,43,0.3141666666666666,0.2873148148148148,0.2539351851851852,0.35916666666666663,0.26797222222222217,1.8290211779994934,random,0.0328539809997892,1
false,0.0,5,30,0.5568055555555556,0.586574074074074,0.6298611111111111,0.49944444444444447,0.5921666666666666,0.8556944444444444,0.8602777777777778,0.8679629629629629,0.8458333333333333,0.8543333333333333,0.5405555555555556,0.5652777777777778,0.6177777777777778,0.48055555555555557,0.5823055555555555,0.7124305555555555,0.0032638888888888995,0.7854166666666667,0.0026388888888888573,0.9075925925925926,0.000694444444444442,0.9252638888888889,0.004569444444444404,0.5769444444444445,0.009166666666666656,5,30,242,1.8804118480002217,44,0.31513888888888886,0.29500000000000004,0.2501851851851852,0.36527777777777776,0.27202777777777776,1.7679009670000596,random,0.012171673999546329,1
false,0.0,5,30,0.5555555555555556,0.591574074074074,0.6316666666666667,0.4897222222222222,0.5894722222222222,0.8556944444444444,0.8602777777777778,0.8679629629629629,0.8458333333333333,0.8543333333333333,0.54,0.5713888888888888,0.616712962962963,0.4752777777777778,0.5789722222222222,0.7008333333333333,0.0071443450831175865,0.7805555555555556,0.00034644975803463883,0.904537037037037,0.0015581071078356482,0.9125648148148148,0.004252591399097951,0.5727777777777777,0.0049117730406943744,5,30,243,1.968311397999969,45,0.3156944444444444,0.288888888888889,0.25125,0.3705555555555555,0.27536111111111106,1.869206982999458,random,0.01222593400052574,1
false,0.0,5,30,0.5597222222222222,0.5925,0.6305092592592593,0.5030555555555556,0.5958055555555556,0.8556944444444444,0.8602777777777778,0.8679629629629629,0.8458333333333333,0.8543333333333333,0.5419444444444445,0.5724074074074074,0.6164814814814815,0.48638888888888887,0.5858888888888889,0.7097569444444445,0.005961209969926875,0.7843055555555555,0.0041925635550624,0.9050694444444445,0.003787039866882954,0.9241805555555556,0.008465764843339071,0.5756944444444445,0.007838306144179115,5,30,244,2.0924083030004113,46,0.31375,0.28787037037037044,0.2514814814814814,0.35944444444444446,0.2684444444444444,1.9611911309993957,random,0.024856480000380543,1
false,0.1,5,30,0.5666666666666667,0.5957407407407408,0.6356944444444445,0.51,0.5998611111111111,0.8556944444444444,0.8602777777777778,0.8679629629629629,0.8458333333333333,0.8543333333333333,0.5479166666666667,0.5733333333333334,0.6209259259259259,0.4936111111111111,0.5910555555555556,,,,,,,,,,,5,30,245,1.8969086140004947,42,0.3077777777777777,0.28694444444444445,0.24703703703703705,0.3522222222222222,0.2632777777777777,1.8158731459998307,random,0.03585105799993471,1
false,0.1,5,30,0.5704166666666667,0.5998148148148148,0.6359722222222223,0.5075,0.6024444444444444,0.8556944444444444,0.8602777777777778,0.8679629629629629,0.8458333333333333,0.8543333333333333,0.5545833333333333,0.5796296296296296,0.6225,0.49444444444444446,0.5924722222222222,0.7252777777777778,0.0,0.7988888888888889,0.0,0.9012037037037037,0.0,0.9250277777777778,0.0,0.6111111111111112,0.0,5,30,246,1.9686154720002378,43,0.3011111111111111,0.2806481481481482,0.24546296296296288,0.35138888888888886,0.2618611111111111,1.875299019000522,random,0.0361828670002069,1
false,0.1,5,30,0.5733333333333334,0.5974074074074074,0.6333796296296297,0.5158333333333334,0.6008055555555556,0.8556944444444444,0.8602777777777778,0.8679629629629629,0.8458333333333333,0.8543333333333333,0.5534722222222223,0.5752777777777778,0.6202777777777778,0.5002777777777778,0.5904166666666667,0.73125,0.003333333333333355,0.7989351851851851,0.000694444444444442,0.9083564814814815,0.0002083333333333104,0.9231527777777777,0.0025972222222221952,0.6016666666666666,0.0002777777777777657,5,30,247,2.3535403750001933,44,0.30222222222222217,0.28500000000000003,0.24768518518518512,0.3455555555555555,0.2639166666666666,2.252021025999966,random,0.04111974099942017,1
false,0.1,5,30,0.5697222222222222,0.6024074074074074,0.63625,0.5116666666666667,0.6021111111111112,0.8556944444444444,0.8602777777777778,0.8679629629629629,0.8458333333333333,0.8543333333333333,0.5531944444444444,0.5813888888888888,0.6213888888888889,0.49694444444444447,0.5919166666666666,0.7206481481481481,0.004434788894380772,0.7964506172839506,0.00011548325267822282,0.9034876543209878,0.00136152746914275,0.929824074074074,0.0016192853510147414,0.5946296296296296,0.003837848477048646,5,30,248,1.7452098820003812,45,0.3025,0.27888888888888896,0.24657407407407406,0.34888888888888886,0.26241666666666663,1.6519834250002532,random,0.021799667999403027,1
false,0.1,5,30,0.5715277777777777,0.5995370370370371,0.6352314814814815,0.5111111111111111,0.6025277777777778,0.8556944444444444,0.8602777777777778,0.8679629629629629,0.8458333333333333,0.8543333333333333,0.5540277777777778,0.5775925925925925,0.6218055555555555,0.49444444444444446,0.5922222222222222,0.7254513888888888,0.002510347029155561,0.7958101851851853,0.00237186638988535,0.9050462962962964,0.0004932239757560462,0.9270763888888889,0.005263004726389657,0.602638888888889,0.006604163015538185,5,30,249,1.7474193240004752,46,0.30166666666666664,0.28268518518518526,0.24615740740740744,0.35138888888888886,0.2621111111111111,1.6363538700006757,random,0.027407808999669214,1
false,0.25,5,30,0.5818055555555556,0.6098148148148148,0.6437962962962963,0.5311111111111111,0.6077777777777778,0.8556944444444444,0.8602777777777778,0.8679629629629629,0.8458333333333333,0.8543333333333333,0.5659722222222222,0.5861111111111111,0.6282407407407408,0.5125,0.598,,,,,,,,,,,5,30,250,1.7038020250001864,42,0.2897222222222222,0.27416666666666667,0.23972222222222217,0.33333333333333337,0.2563333333333333,1.640340565999395,random,0.02673703700020269,1
false,0.25,5,30,0.5861111111111111,0.6096296296296296,0.64375,0.5172222222222222,0.6105555555555555,0.8556944444444444,0.8602777777777778,0.8679629629629629,0.8458333333333333,0.8543333333333333,0.56875,0.5885185185185186,0.6288425925925926,0.49916666666666665,0.6003055555555555,0.7530555555555556,0.0,0.809537037037037,0.0,0.9058333333333334,0.0,0.9312222222222222,0.0,0.6330555555555556,0.0,5,30,251,1.7264487100001134,43,0.28694444444444445,0.27175925925925926,0.23912037037037037,0.3466666666666667,0.25402777777777774,1.6425981160000447,random,0.031728177000331925,1
false,0.25,5,30,0.5826388888888889,0.6092592592592593,0.6414351851851852,0.5263888888888889,0.6100555555555556,0.8556944444444444,0.8602777777777778,0.8679629629629629,0.8458333333333333,0.8543333333333333,0.5669444444444445,0.5869444444444445,0.626712962962963,0.5133333333333333,0.6010555555555556,0.7509722222222222,0.001527777777777739,0.8097685185185185,0.0032870370370370328,0.9103472222222222,0.000393518518518543,0.9347083333333333,0.0015138888888888702,0.6348611111111111,0.006527777777777799,5,30,252,2.393108722000761,44,0.28874999999999995,0.2733333333333333,0.24124999999999996,0.3325,0.2532777777777777,2.118027233000248,random,0.07867522699962137,1
false,0.25,5,30,0.5852777777777778,0.6090740740740741,0.6458333333333334,0.5255555555555556,0.6113333333333333,0.8556944444444444,0.8602777777777778,0.8679629629629629,0.8458333333333333,0.8543333333333333,0.5655555555555556,0.5862037037037037,0.6308796296296296,0.5091666666666667,0.6011944444444445,0.7505555555555556,0.001262794601572734,0.8089506172839506,0.00061573880689074,0.9103703703703704,0.0029977224245744524,0.9320833333333334,0.002348605224821236,0.6400925925925925,0.002425148306242354,5,30,253,3.2663415360002546,45,0.29013888888888884,0.27407407407407414,0.2370833333333333,0.33666666666666667,0.2531388888888888,3.1259507120003036,random,0.03972325599988835,1
false,0.25,5,30,0.5813888888888888,0.6096296296296296,0.6443981481481481,0.5197222222222222,0.6104722222222222,0.8556944444444444,0.8602777777777778,0.8679629629629629,0.8458333333333333,0.8543333333333333,0.5618055555555556,0.5858333333333333,0.629537037037037,0.5061111111111111,0.6018611111111111,0.7474652777777777,0.006810779599282313,0.8059490740740741,0.005442276826624402,0.9100925925925927,0.0032356110194845843,0.9330486111111111,0.0019667740672180633,0.62875,0.004310033513661928,5,30,254,2.1601497789997666,46,0.29388888888888887,0.2744444444444445,0.23842592592592593,0.33972222222222226,0.2524722222222222,1.9960590499995305,random,0.0455072940003447,1
false,0.5,5,30,0.5831944444444445,0.6137037037037038,0.6552314814814815,0.5233333333333333,0.6164444444444445,0.8556944444444444,0.8602777777777778,0.8679629629629629,0.8458333333333333,0.8543333333333333,0.56875,0.5894444444444444,0.6389351851851852,0.5005555555555555,0.607,,,,,,,,,,,5,30,255,2.160807805999866,42,0.28694444444444445,0.27083333333333337,0.22902777777777772,0.3452777777777778,0.2473333333333333,2.1010325220004233,random,0.016874686999472033,1
false,0.5,5,30,0.5923611111111111,0.6178703703703704,0.6531018518518519,0.5330555555555555,0.6198055555555556,0.8556944444444444,0.8602777777777778,0.8679629629629629,0.8458333333333333,0.8543333333333333,0.5733333333333334,0.5943518518518518,0.6368055555555555,0.5147222222222222,0.6096944444444444,0.7629166666666667,0.0,0.8155555555555556,0.0,0.8981944444444444,0.0,0.9199722222222222,0.0,0.6647222222222222,0.0,5,30,256,1.8016163270003744,43,0.28236111111111106,0.265925925925926,0.23115740740740742,0.33111111111111113,0.24463888888888885,1.7167014039996502,random,0.024832151999362395,1
false,0.5,5,30,0.5890277777777778,0.6177777777777778,0.6560185185185186,0.5311111111111111,0.6179444444444444,0.8556944444444444,0.8602777777777778,0.8679629629629629,0.8458333333333333,0.8543333333333333,0.5727777777777778,0.5933333333333334,0.6392592592592593,0.5161111111111111,0.6083611111111111,0.7496527777777777,0.005347222222222225,0.8011574074074075,0.0037499999999999756,0.8913425925925926,4.629629629632204e-05,0.9137777777777778,0.0005277777777777937,0.6455555555555555,0.005277777777777826,5,30,257,1.7102644229998987,44,0.2829166666666666,0.26694444444444443,0.22870370370370363,0.32972222222222225,0.24597222222222215,1.6190057049998359,random,0.0307145920005496,1
false,0.5,5,30,0.5930555555555556,0.6131481481481481,0.6556018518518518,0.5402777777777777,0.62,0.8556944444444444,0.8602777777777778,0.8679629629629629,0.8458333333333333,0.8543333333333333,0.5745833333333333,0.5910185185185185,0.6395833333333333,0.5211111111111111,0.6108055555555556,0.7569907407407408,0.005449607025763754,0.8070987654320988,0.005217236332187028,0.89875,0.0014448598642895463,0.9193611111111112,0.001585524799203334,0.654074074074074,0.0058281870303171154,5,30,258,1.7524246290004157,45,0.2811111111111111,0.2692592592592593,0.22837962962962965,0.32472222222222225,0.24352777777777768,1.6538938939993386,random,0.02568940399942221,1
false,0.5,5,30,0.5901388888888889,0.6224074074074074,0.6534722222222222,0.5194444444444445,0.619,0.8556944444444444,0.8602777777777778,0.8679629629629629,0.8458333333333333,0.8543333333333333,0.5719444444444445,0.5973148148148149,0.6367592592592592,0.5025,0.6098888888888889,0.7533680555555555,0.007381637393007864,0.8042824074074074,0.004513057853225136,0.8954976851851851,0.0050468670039156595,0.9171458333333333,0.004936337572182776,0.6425694444444444,0.010471844599734468,5,30,259,1.8561329949998253,46,0.28374999999999995,0.26296296296296295,0.2312037037037037,0.3433333333333334,0.24444444444444435,1.733000723999794,random,0.028038723000463506,1
false,0.0,10,30,0.5701388888888889,0.5943518518518518,0.6285185185185185,0.5166666666666667,0.5933888888888889,0.8556944444444444,0.8602777777777778,0.8679629629629629,0.8458333333333333,0.8543333333333333,0.5520833333333334,0.5730555555555555,0.6145833333333334,0.5011111111111111,0.5840555555555556,,,,,,,,,,,10,30,260,2.0579566959995645,42,0.30361111111111105,0.28722222222222227,0.25337962962962957,0.34472222222222226,0.27027777777777773,2.010116315000232,random,0.009420833999683964,1
false,0.0,10,30,0.5604166666666667,0.5945370370370371,0.6300925925925925,0.4911111111111111,0.5938888888888889,0.8556944444444444,0.8602777777777778,0.8679629629629629,0.8458333333333333,0.8543333333333333,0.5416666666666666,0.5693518518518519,0.617037037037037,0.4722222222222222,0.5855277777777778,0.7123611111111111,0.0,0.7825925925925926,0.0,0.9006481481481482,0.0,0.9246388888888889,0.0,0.5863888888888888,0.0,10,30,261,2.0981351769996763,43,0.3140277777777778,0.2909259259259259,0.2509259259259259,0.3736111111111111,0.2688055555555555,2.040328445999876,random,0.00894431300002907,1
false,0.0,10,30,0.5619444444444445,0.5931481481481482,0.6313888888888889,0.5016666666666667,0.5942222222222222,0.8556944444444444,0.8602777777777778,0.8679629629629629,0.8458333333333333,0.8543333333333333,0.5480555555555555,0.5734259259259259,0.6181018518518518,0.49,0.5845833333333333,0.7204861111111112,0.0025694444444444575,0.7855555555555556,0.0005555555555555314,0.9060416666666666,0.001921296296296282,0.9291805555555556,0.0039027777777778105,0.5830555555555555,0.003055555555555589,10,30,262,2.128755339000236,44,0.3076388888888889,0.2868518518518519,0.2498611111111111,0.35583333333333333,0.26974999999999993,2.03127737000068,random,0.03228750299967942,1
false,0.0,10,30,0.5547222222222222,0.5900925925925926,0.6272222222222222,0.48388888888888887,0.5888055555555556,0.8556944444444444,0.8602777777777778,0.8679629629629629,0.8458333333333333,0.8543333333333333,0.5376388888888889,0.5671296296296297,0.6127777777777778,0.4725,0.58,0.7063425925925926,0.0037273550384944874,0.7818518518518518,0.004648726047396262,0.9044753086419753,0.003943859961719314,0.9246759259259258,0.0047371405600711205,0.575462962962963,0.007987687713403585,10,30,263,2.2622620780002762,45,0.31805555555555554,0.29314814814814816,0.2551851851851852,0.37333333333333335,0.2743333333333333,2.0930636370003413,random,0.07498278499951994,1
false,0.0,10,30,0.5581944444444444,0.597037037037037,0.6299537037037037,0.4888888888888889,0.5928888888888889,0.8556944444444444,0.8602777777777778,0.8679629629629629,0.8458333333333333,0.8543333333333333,0.5397222222222222,0.5733333333333334,0.6149537037037037,0.47694444444444445,0.5835,0.7064583333333333,0.007871765943806647,0.7840972222222222,0.005876667013881586,0.9051967592592591,0.0015978511241729152,0.9290069444444445,0.002584331870936049,0.5659722222222222,0.013176888905753453,10,30,264,2.123113222000029,46,0.3159722222222222,0.28694444444444445,0.2530092592592592,0.3688888888888889,0.27083333333333326,2.0193334349996803,random,0.021866333000616578,1
false,0.1,10,30,0.5783333333333334,0.5980555555555556,0.635,0.5341666666666667,0.60025,0.8556944444444444,0.8602777777777778,0.8679629629629629,0.8458333333333333,0.8543333333333333,0.5584722222222223,0.5742592592592592,0.6196296296296296,0.5155555555555555,0.5910555555555556,,,,,,,,,,,10,30,265,2.133231761999923,42,0.29722222222222217,0.28601851851851856,0.2483333333333333,0.3302777777777778,0.2632777777777777,2.0205235239991453,random,0.029024892999586882,1
false,0.1,10,30,0.5770833333333333,0.6067592592592592,0.6362962962962962,0.5205555555555555,0.601,0.8556944444444444,0.8602777777777778,0.8679629629629629,0.8458333333333333,0.8543333333333333,0.56,0.5840740740740741,0.6226851851851852,0.5019444444444444,0.5928333333333333,0.7309722222222222,0.0,0.8000925925925926,0.0,0.9074537037037037,0.0,0.9281944444444444,0.0,0.6219444444444444,0.0,10,30,266,2.1846466480001254,43,0.29569444444444437,0.27620370370370373,0.2452777777777777,0.3438888888888889,0.26149999999999995,2.108114442000442,random,0.02740495899979578,1
false,0.1,10,30,0.5751388888888889,0.6006481481481482,0.6352777777777778,0.5330555555555555,0.6019722222222222,0.8556944444444444,0.8602777777777778,0.8679629629629629,0.8458333333333333,0.8543333333333333,0.5573611111111111,0.5794444444444444,0.6215277777777778,0.5097222222222222,0.5918333333333333,0.7397222222222222,0.002222222222222181,0.7994444444444444,0.0043518518518518845,0.9083101851851851,0.0020601851851851927,0.9358194444444444,0.006597222222222254,0.6136111111111111,0.008055555555555594,10,30,267,2.1077787920003175,44,0.29833333333333334,0.2808333333333334,0.24643518518518515,0.33611111111111114,0.26249999999999996,2.016889500999241,random,0.02304995900067297,1
false,0.1,10,30,0.5680555555555555,0.5998148148148148,0.6321296296296296,0.5136111111111111,0.5987777777777777,0.8556944444444444,0.8602777777777778,0.8679629629629629,0.8458333333333333,0.8543333333333333,0.5501388888888888,0.5756481481481481,0.6171296296296296,0.49916666666666665,0.5889444444444445,0.7360648148148149,0.009045448043933497,0.8008641975308642,0.007953027584958333,0.9084104938271604,0.0026431721069144023,0.931675925925926,0.0018454054465083588,0.6199074074074075,0.011462798419210335,10,30,268,2.141900918999454,45,0.3055555555555556,0.2846296296296297,0.25083333333333335,0.3466666666666667,0.2653888888888888,2.0264309860003777,random,0.025929972999620077,1
false,0.1,10,30,0.5727777777777778,0.6047222222222223,0.6357407407407407,0.5119444444444444,0.5984444444444444,0.8556944444444444,0.8602777777777778,0.8679629629629629,0.8458333333333333,0.8543333333333333,0.5530555555555555,0.5797222222222222,0.6198148148148148,0.49666666666666665,0.5881944444444445,0.7346180555555555,0.006589816750060856,0.8009722222222222,0.00264213575432968,0.9123842592592593,0.0009823655173112357,0.9337708333333334,0.004523531367631988,0.6073611111111111,0.00821560356731682,10,30,269,2.1369814800000313,46,0.3026388888888889,0.28055555555555556,0.24814814814814812,0.3491666666666667,0.2661388888888888,2.0180771759996787,random,0.02366420599992125,1
false,0.25,10,30,0.5916666666666667,0.6140740740740741,0.6433796296296296,0.5513888888888889,0.6093888888888889,0.8556944444444444,0.8602777777777778,0.8679629629629629,0.8458333333333333,0.8543333333333333,0.5730555555555555,0.5877777777777777,0.6267592592592592,0.5325,0.5998611111111111,,,,,,,,,,,10,30,270,2.0859436669998104,42,0.2826388888888889,0.2725000000000001,0.2412037037037037,0.31333333333333335,0.2544722222222222,2.0222085980003612,random,0.02513660099975823,1
false,0.25,10,30,0.58875,0.6191666666666666,0.6442592592592593,0.5438888888888889,0.6093333333333333,0.8556944444444444,0.8602777777777778,0.8679629629629629,0.8458333333333333,0.8543333333333333,0.57,0.5963888888888889,0.6299074074074074,0.5230555555555556,0.5998055555555556,0.7652777777777777,0.0,0.8190740740740741,0.0,0.9131481481481482,0.0,0.9353888888888889,0.0,0.6611111111111111,0.0,10,30,271,2.0686567650000143,43,0.2856944444444445,0.26388888888888895,0.23805555555555558,0.3227777777777777,0.2545277777777777,1.988128480999876,random,0.030353701000422006,1
false,0.25,10,30,0.5881944444444445,0.6131481481481481,0.6452777777777777,0.5338888888888889,0.6086388888888888,0.8556944444444444,0.8602777777777778,0.8679629629629629,0.8458333333333333,0.8543333333333333,0.5706944444444444,0.5879629629629629,0.62875,0.5177777777777778,0.5988888888888889,0.7615277777777778,0.0025000000000000022,0.8136111111111111,0.003518518518518532,0.913125,0.0013657407407407507,0.9384583333333333,0.00045833333333333837,0.6558333333333333,0.006111111111111123,10,30,272,2.1114737769994463,44,0.28500000000000003,0.2723148148148149,0.2392129629629629,0.32805555555555554,0.25544444444444436,2.026392988000225,random,0.02577984299932723,1
false,0.25,10,30,0.5872222222222222,0.6127777777777778,0.6422222222222222,0.5316666666666666,0.6084444444444445,0.8556944444444444,0.8602777777777778,0.8679629629629629,0.8458333333333333,0.8543333333333333,0.56875,0.5871296296296297,0.6271296296296296,0.5152777777777777,0.5976944444444444,0.7616666666666667,0.007438879899311354,0.8179629629629629,0.007458159468741547,0.9131018518518519,0.00346016424834347,0.9373333333333335,0.0022447927855830502,0.6555555555555556,0.005642832957478699,10,30,273,2.3321153939996293,45,0.28694444444444445,0.27314814814814814,0.24083333333333334,0.3305555555555556,0.25663888888888886,2.130680516999746,random,0.05182149600022967,1
false,0.25,10,30,0.5891666666666666,0.6168518518518519,0.6447222222222222,0.535,0.6095833333333334,0.8556944444444444,0.8602777777777778,0.8679629629629629,0.8458333333333333,0.8543333333333333,0.5698611111111112,0.5889814814814814,0.6277777777777778,0.5177777777777778,0.5998888888888889,0.7611111111111111,0.001954339899926431,0.8150694444444444,0.0027345204375392126,0.912800925925926,0.0015233873503493174,0.9359097222222222,0.0026278552226079196,0.6487499999999999,0.007340116812068794,10,30,274,3.1709537339993403,46,0.2858333333333333,0.27129629629629637,0.24018518518518517,0.32805555555555554,0.25444444444444436,3.050105536999581,random,0.03397959300036746,1
false,0.5,10,30,0.6081944444444445,0.6307407407407407,0.6577777777777778,0.5677777777777778,0.6206388888888889,0.8556944444444444,0.8602777777777778,0.8679629629629629,0.8458333333333333,0.8543333333333333,0.5870833333333333,0.6034259259259259,0.6401388888888889,0.545,0.6112777777777778,,,,,,,,,,,10,30,275,2.3635719129997597,42,0.26861111111111113,0.2568518518518519,0.227824074074074,0.3008333333333333,0.24305555555555547,2.30145955900025,random,0.025069812999390706,1
false,0.5,10,30,0.6079166666666667,0.635,0.6584722222222222,0.5580555555555555,0.6205833333333334,0.8556944444444444,0.8602777777777778,0.8679629629629629,0.8458333333333333,0.8543333333333333,0.59125,0.6109259259259259,0.6418981481481482,0.5325,0.6107222222222223,0.7852777777777777,0.0,0.8375925925925926,0.0,0.9171296296296296,0.0,0.939,0.0,0.7030555555555555,0.0,10,30,276,2.14348090600015,43,0.26444444444444437,0.24935185185185194,0.22606481481481477,0.31333333333333335,0.243611111111111,2.0704324819998874,random,0.024788321999949403,1
false,0.5,10,30,0.6095833333333334,0.6293518518518518,0.6577777777777778,0.5583333333333333,0.6195833333333334,0.8556944444444444,0.8602777777777778,0.8679629629629629,0.8458333333333333,0.8543333333333333,0.5908333333333333,0.6025,0.6393055555555556,0.5347222222222222,0.6094722222222222,0.7927083333333333,0.001041666666666663,0.8307870370370369,0.0006018518518518534,0.9159259259259259,0.0009259259259258856,0.9382083333333333,0.0011527777777777803,0.6930555555555555,0.007500000000000007,10,30,277,2.254584444000102,44,0.2648611111111111,0.2577777777777778,0.22865740740740736,0.3111111111111111,0.24486111111111108,2.1474210389997097,random,0.04091707999941718,1
false,0.5,10,30,0.60375,0.6289814814814815,0.656712962962963,0.5583333333333333,0.6214166666666666,0.8556944444444444,0.8602777777777778,0.8679629629629629,0.8458333333333333,0.8543333333333333,0.585,0.6036111111111111,0.6399074074074074,0.5383333333333333,0.6106944444444444,0.7904629629629629,0.004530891529503463,0.8357716049382716,0.002073651485461832,0.9169135802469136,0.0016633769545270434,0.9348055555555556,0.0005896919751144829,0.6976851851851853,0.004214743213607798,10,30,278,2.1083231000002343,45,0.27069444444444446,0.2566666666666667,0.22805555555555557,0.3075,0.24363888888888885,2.0195134670002517,random,0.011946507000175188,1
false,0.5,10,30,0.6113888888888889,0.6360185185185185,0.6599537037037037,0.5580555555555555,0.6207222222222222,0.8556944444444444,0.8602777777777778,0.8679629629629629,0.8458333333333333,0.8543333333333333,0.5913888888888889,0.607037037037037,0.6412037037037037,0.5355555555555556,0.6118055555555556,0.7904166666666668,0.005143578940872588,0.8348148148148149,0.0022952880104149414,0.9144212962962963,0.0008291432726190902,0.9351319444444445,0.001829475634076341,0.6991666666666667,0.006490734136415506,10,30,279,2.1575080829998114,46,0.26430555555555557,0.25324074074074077,0.22675925925925922,0.31027777777777776,0.24252777777777768,2.049463475000266,random,0.02459511899996869,1
false,0.0,20,30,0.5563888888888889,0.5869444444444445,0.627175925925926,0.49722222222222223,0.5930277777777778,0.8556944444444444,0.8602777777777778,0.8679629629629629,0.8458333333333333,0.8543333333333333,0.5383333333333333,0.5611111111111111,0.6129166666666667,0.48,0.5829444444444445,,,,,,,,,,,20,30,280,2.802053937999517,42,0.3173611111111111,0.2991666666666667,0.25504629629629627,0.36583333333333334,0.2713888888888888,2.7103824890000396,random,0.04638967600021715,1
false,0.0,20,30,0.5626388888888889,0.5925,0.6275,0.4975,0.5969722222222222,0.8556944444444444,0.8602777777777778,0.8679629629629629,0.8458333333333333,0.8543333333333333,0.5452777777777778,0.5701851851851852,0.6143055555555555,0.47833333333333333,0.5878611111111111,0.6923611111111111,0.0,0.770462962962963,0.0,0.9027777777777778,0.0,0.9292777777777778,0.0,0.5613888888888889,0.0,20,30,281,2.9965326339997773,43,0.3104166666666667,0.29009259259259257,0.2536574074074074,0.3675,0.2664722222222222,2.9162342500003433,random,0.02963482799987105,1
false,0.0,20,30,0.5631944444444444,0.5921296296296297,0.6318981481481482,0.5008333333333334,0.5946111111111111,0.8556944444444444,0.8602777777777778,0.8679629629629629,0.8458333333333333,0.8543333333333333,0.5430555555555555,0.5712037037037037,0.6181481481481481,0.4836111111111111,0.5848888888888889,0.7053472222222222,0.0040972222222221966,0.78,0.005555555555555536,0.9058333333333333,0.0024537037037037357,0.9381666666666666,0.0020555555555555327,0.5730555555555557,0.00527777777777777,20,30,282,2.9680966059995626,44,0.3126388888888889,0.28907407407407415,0.24981481481481482,0.3622222222222222,0.2694444444444444,2.8761332460007907,random,0.030521718000272813,1
false,0.0,20,30,0.5581944444444444,0.5888888888888889,0.6296759259259259,0.49805555555555553,0.5929444444444445,0.8556944444444444,0.8602777777777778,0.8679629629629629,0.8458333333333333,0.8543333333333333,0.5395833333333333,0.5668518518518518,0.6156018518518519,0.47805555555555557,0.5834166666666667,0.6926851851851851,0.008448534990412543,0.771820987654321,0.012087816285224698,0.904074074074074,0.00278779059580084,0.9349999999999999,0.0033210421538508485,0.5636111111111112,0.0054480335864280135,20,30,283,2.8787585999998555,45,0.3161111111111111,0.293425925925926,0.25236111111111104,0.36777777777777776,0.2709166666666666,2.784535109999524,random,0.020881399000245437,1
false,0.0,20,30,0.5658333333333333,0.5898148148148148,0.6293981481481481,0.5069444444444444,0.5936666666666667,0.8556944444444444,0.8602777777777778,0.8679629629629629,0.8458333333333333,0.8543333333333333,0.545,0.5669444444444445,0.6157407407407407,0.4875,0.5843055555555555,0.6964930555555555,0.0027818979859658838,0.7752777777777777,0.0063251652981864805,0.9045717592592594,0.0024496330227524433,0.9349652777777778,0.0038185289306805793,0.5718055555555556,0.003359274061791054,20,30,284,2.813679197000056,46,0.3106944444444444,0.29333333333333333,0.25222222222222224,0.35833333333333334,0.27002777777777776,2.7044369389996064,random,0.025009347000377602,1
false,0.1,20,30,0.57375,0.601574074074074,0.6356481481481482,0.5191666666666667,0.6029444444444444,0.8556944444444444,0.8602777777777778,0.8679629629629629,0.8458333333333333,0.8543333333333333,0.5526388888888889,0.5747222222222222,0.6219444444444444,0.49777777777777776,0.5923611111111111,,,,,,,,,,,20,30,285,2.7968811079999796,42,0.3030555555555555,0.28555555555555556,0.24601851851851853,0.34805555555555556,0.26197222222222216,2.7148177170001873,random,0.042504834000283154,1
false,0.1,20,30,0.5677777777777778,0.5996296296296296,0.6356481481481482,0.5144444444444445,0.6024166666666667,0.8556944444444444,0.8602777777777778,0.8679629629629629,0.8458333333333333,0.8543333333333333,0.5511111111111111,0.5760185185185185,0.6208796296296296,0.495,0.5930555555555556,0.7176388888888889,0.0,0.7900925925925926,0.0,0.9018981481481482,0.0,0.9329722222222222,0.0,0.5908333333333333,0.0,20,30,286,2.7864089779995993,43,0.3045833333333333,0.2842592592592593,0.24708333333333332,0.35083333333333333,0.2612777777777777,2.7147278439997535,random,0.024308832999849983,1
false,0.1,20,30,0.5777777777777777,0.6032407407407407,0.6374537037037037,0.5155555555555555,0.5996944444444444,0.8556944444444444,0.8602777777777778,0.8679629629629629,0.8458333333333333,0.8543333333333333,0.5565277777777777,0.5798148148148148,0.6227314814814815,0.4961111111111111,0.5902222222222222,0.7316666666666667,0.010277777777777775,0.7988888888888889,0.008333333333333304,0.9071990740740741,0.004421296296296284,0.9352638888888889,0.005263888888888846,0.6080555555555556,0.0016666666666667052,20,30,287,2.7757905680000476,44,0.2991666666666667,0.280462962962963,0.24523148148148144,0.3497222222222222,0.2641111111111111,2.6863076260005982,random,0.027750508999815793,1
false,0.1,20,30,0.57375,0.6023148148148149,0.6335185185185185,0.5136111111111111,0.5991388888888889,0.8556944444444444,0.8602777777777778,0.8679629629629629,0.8458333333333333,0.8543333333333333,0.5516666666666666,0.5792592592592593,0.6181018518518518,0.48944444444444446,0.5894722222222222,0.7222222222222223,0.006162452680975929,0.7951851851851851,0.008678384502166524,0.9057561728395062,0.0018504367020831585,0.9345833333333333,0.006701797867005942,0.5978703703703704,0.002724803512881899,20,30,288,2.779527186999985,45,0.3040277777777778,0.28101851851851856,0.2498611111111111,0.35638888888888887,0.2648611111111111,2.6850916539997343,random,0.022492015000352694,1
false,0.1,20,30,0.5758333333333333,0.5999074074074074,0.6340740740740741,0.5236111111111111,0.6025833333333334,0.8556944444444444,0.8602777777777778,0.8679629629629629,0.8458333333333333,0.8543333333333333,0.5547222222222222,0.575,0.6194907407407407,0.5019444444444444,0.5934722222222222,0.7274652777777778,0.0064328012337521515,0.7955092592592593,0.005213423438645411,0.907175925925926,0.0017789468571148966,0.9301736111111112,0.0022367041139162436,0.606736111111111,0.004804732588491612,20,30,289,3.320323742000255,46,0.3009722222222222,0.28527777777777785,0.2484722222222222,0.3438888888888889,0.2608611111111111,3.1637492459994974,random,0.027541026000108104,1
false,0.25,20,30,0.5901388888888889,0.6126851851851852,0.6412962962962963,0.5452777777777778,0.6095555555555555,0.8556944444444444,0.8602777777777778,0.8679629629629629,0.8458333333333333,0.8543333333333333,0.5711111111111111,0.5877777777777777,0.6275462962962963,0.5230555555555556,0.6000277777777778,,,,,,,,,,,20,30,290,3.495685563999359,42,0.2845833333333333,0.2725000000000001,0.2404166666666666,0.3227777777777777,0.25430555555555545,3.3968682240001726,random,0.027602238000326906,1
false,0.25,20,30,0.5861111111111111,0.6124074074074074,0.6463888888888889,0.535,0.6104722222222222,0.8556944444444444,0.8602777777777778,0.8679629629629629,0.8458333333333333,0.8543333333333333,0.5684722222222223,0.5862037037037037,0.63125,0.5144444444444445,0.6011111111111112,0.7541666666666667,0.0,0.8131481481481482,0.0,0.9107407407407407,0.0,0.9446944444444444,0.0,0.6344444444444445,0.0,20,30,291,3.6262951180005984,43,0.28722222222222216,0.27407407407407414,0.23671296296296296,0.33138888888888884,0.2532222222222221,3.5066029760000674,random,0.03519009800038475,1
false,0.25,20,30,0.5948611111111111,0.616574074074074,0.6446296296296297,0.5269444444444444,0.61075,0.8556944444444444,0.8602777777777778,0.8679629629629629,0.8458333333333333,0.8543333333333333,0.5752777777777778,0.5952777777777778,0.6293518518518518,0.5069444444444444,0.60075,0.7523611111111111,0.0029166666666666785,0.8106018518518519,0.003564814814814854,0.9105787037037036,0.0007638888888888418,0.9416249999999999,0.0010694444444444007,0.6381944444444445,0.0009722222222222077,20,30,292,3.2128458280003542,44,0.28041666666666665,0.265,0.2386111111111111,0.3388888888888889,0.25358333333333327,3.1299060909996115,random,0.02280579000034777,1
false,0.25,20,30,0.5877777777777777,0.6117592592592592,0.6424074074074074,0.5380555555555555,0.6094444444444445,0.8556944444444444,0.8602777777777778,0.8679629629629629,0.8458333333333333,0.8543333333333333,0.5683333333333334,0.5881481481481482,0.6264351851851852,0.5141666666666667,0.5997777777777777,0.7574074074074074,0.0030224071748054314,0.8174382716049383,0.003035694273070802,0.9155246913580246,0.0012953773932983758,0.9431111111111111,0.0011734809811704634,0.643425925925926,0.002498284733931888,20,30,293,2.782449581000037,45,0.28736111111111107,0.2721296296296296,0.24152777777777779,0.33166666666666667,0.25455555555555553,2.6824621870000556,random,0.026064131000566704,1
false,0.25,20,30,0.5883333333333334,0.6152777777777778,0.6453240740740741,0.5433333333333333,0.6090833333333333,0.8556944444444444,0.8602777777777778,0.8679629629629629,0.8458333333333333,0.8543333333333333,0.5673611111111111,0.5918518518518519,0.6290277777777777,0.5186111111111111,0.5996666666666667,0.7580555555555557,0.0071409692169918226,0.8142361111111112,0.008015111060709052,0.9145601851851852,0.002829476465943963,0.9394652777777778,0.0014131731161371338,0.6493055555555556,0.01223563027179833,20,30,294,2.8092099089999465,46,0.28833333333333333,0.26842592592592596,0.2389351851851852,0.3272222222222222,0.2546666666666666,2.7022995930001343,random,0.02145028699942486,1
false,0.5,20,30,0.6065277777777778,0.6320370370370371,0.6577777777777778,0.5672222222222222,0.62225,0.8556944444444444,0.8602777777777778,0.8679629629629629,0.8458333333333333,0.8543333333333333,0.5902777777777778,0.6064814814814815,0.6423148148148148,0.5436111111111112,0.6128611111111111,,,,,,,,,,,20,30,295,2.845914860999983,42,0.26541666666666663,0.2537962962962963,0.22564814814814815,0.30222222222222217,0.2414722222222222,2.7675527450001027,random,0.02394627100056823,1
false,0.5,20,30,0.6104166666666667,0.6302777777777778,0.6609722222222222,0.5605555555555556,0.6215277777777778,0.8556944444444444,0.8602777777777778,0.8679629629629629,0.8458333333333333,0.8543333333333333,0.5925,0.6035185185185186,0.6442129629629629,0.5336111111111111,0.6123055555555555,0.7959722222222222,0.0,0.8372222222222222,0.0,0.9205555555555556,0.0,0.94275,0.0,0.6927777777777778,0.0,20,30,296,3.3628508339998007,43,0.2631944444444444,0.25675925925925924,0.22375,0.3122222222222222,0.24202777777777773,3.288321177999933,random,0.025686345999929472,1
false,0.5,20,30,0.6133333333333333,0.6327777777777778,0.6583333333333333,0.5494444444444444,0.6222222222222222,0.8556944444444444,0.8602777777777778,0.8679629629629629,0.8458333333333333,0.8543333333333333,0.5915277777777778,0.6073148148148149,0.6420833333333333,0.5311111111111111,0.6132222222222222,0.7886805555555556,0.0013194444444444842,0.8357407407407407,0.0017592592592592937,0.9140277777777778,0.0018981481481481488,0.9382777777777778,0.0022222222222222365,0.6979166666666666,0.0029166666666666785,20,30,297,3.044512381000459,44,0.26416666666666666,0.25296296296296295,0.2258796296296296,0.31472222222222224,0.24111111111111105,2.953698446999624,random,0.02480850800020562,1
false,0.5,20,30,0.6044444444444445,0.6287962962962963,0.6559722222222222,0.5547222222222222,0.6204444444444445,0.8556944444444444,0.8602777777777778,0.8679629629629629,0.8458333333333333,0.8543333333333333,0.5840277777777778,0.6003703703703703,0.6372685185185185,0.5338888888888889,0.61075,0.7913888888888888,0.002265209226430557,0.8355555555555556,0.0013116376148688443,0.9156635802469135,0.0005310077325334724,0.9393148148148148,0.0013244948826256146,0.6875,0.006490734136415482,20,30,298,2.942353409000134,45,0.2716666666666666,0.2599074074074075,0.23069444444444442,0.31194444444444447,0.24358333333333326,2.8310640099998636,random,0.029728501999670698,1
false,0.5,20,30,0.6111111111111112,0.6322222222222222,0.6585648148148148,0.5658333333333333,0.6206111111111111,0.8556944444444444,0.8602777777777778,0.8679629629629629,0.8458333333333333,0.8543333333333333,0.5911111111111111,0.6074074074074074,0.6415740740740741,0.5411111111111111,0.6124722222222222,0.7861458333333333,0.006482091158494811,0.836550925925926,0.004550892957945467,0.9159953703703704,0.0015429590845597817,0.9379166666666667,0.0018057692181272238,0.6952777777777778,0.004758844916392157,20,30,299,3.1335924160002833,46,0.2645833333333333,0.2528703703703704,0.22638888888888886,0.3047222222222222,0.24186111111111108,3.0193535759999577,random,0.023477343999729783,1
false,0.0,50,30,0.5547222222222222,0.5900925925925926,0.6276851851851852,0.4847222222222222,0.5977777777777777,0.8556944444444444,0.8602777777777778,0.8679629629629629,0.8458333333333333,0.8543333333333333,0.5347222222222222,0.5668518518518518,0.6138425925925926,0.4686111111111111,0.5878333333333333,,,,,,,,,,,50,30,300,3.6043935719999354,42,0.3209722222222222,0.293425925925926,0.2541203703703704,0.37722222222222224,0.26649999999999996,3.541626503999396,random,0.023243207000632538,1
false,0.0,50,30,0.5559722222222222,0.5837962962962963,0.6269444444444444,0.48194444444444445,0.5937777777777777,0.8556944444444444,0.8602777777777778,0.8679629629629629,0.8458333333333333,0.8543333333333333,0.5369444444444444,0.5606481481481481,0.6123148148148149,0.4666666666666667,0.5847222222222223,0.6795833333333333,0.0,0.7570370370370371,0.0,0.894537037037037,0.0,0.9278888888888889,0.0,0.5408333333333334,0.0,50,30,301,3.490038721000019,43,0.31875,0.2996296296296297,0.25564814814814807,0.37916666666666665,0.269611111111111,3.4019775320002736,random,0.029754062999927555,1
false,0.0,50,30,0.5544444444444444,0.5867592592592593,0.6285648148148149,0.4963888888888889,0.5931111111111111,0.8556944444444444,0.8602777777777778,0.8679629629629629,0.8458333333333333,0.8543333333333333,0.5395833333333333,0.5652777777777778,0.6145833333333334,0.48305555555555557,0.5843333333333334,0.6775,0.0016666666666667052,0.7621296296296296,0.0014814814814814725,0.8978240740740742,0.003333333333333355,0.9245416666666667,0.00045833333333333837,0.5555555555555556,0.007500000000000007,50,30,302,3.938852799000415,44,0.3161111111111111,0.29500000000000004,0.25337962962962957,0.36277777777777775,0.2699999999999999,3.840190244999576,random,0.03360998900006962,1
false,0.0,50,30,0.5584722222222223,0.5890740740740741,0.6326851851851852,0.49833333333333335,0.5905833333333333,0.8556944444444444,0.8602777777777778,0.8679629629629629,0.8458333333333333,0.8543333333333333,0.5425,0.5667592592592593,0.6184259259259259,0.48,0.5823333333333334,0.6767592592592592,0.0023249776906462453,0.7548765432098765,0.0016430656363217544,0.8966666666666666,0.004142419158938446,0.9235925925925926,0.002453721173941993,0.5353703703703703,0.002498284733931855,50,30,303,3.777456722000352,45,0.31319444444444444,0.2935185185185185,0.249537037037037,0.36583333333333334,0.2719999999999999,3.5955681969999205,random,0.040428862999760895,1
false,0.0,50,30,0.5551388888888888,0.5850925925925926,0.6273611111111111,0.4936111111111111,0.5916944444444444,0.8556944444444444,0.8602777777777778,0.8679629629629629,0.8458333333333333,0.8543333333333333,0.5366666666666666,0.5637037037037037,0.6142592592592593,0.4711111111111111,0.5831111111111111,0.6859027777777778,0.005105465632142447,0.7644444444444445,0.004892097011377038,0.8968518518518518,0.0032186748779306266,0.9323819444444444,0.002892050553555544,0.5526388888888889,0.01408267585579032,50,30,304,4.001849037999818,46,0.3190277777777778,0.2965740740740741,0.25370370370370365,0.37472222222222223,0.27122222222222214,3.8691283309999562,random,0.03694205800002237,1
false,0.1,50,30,0.5644444444444444,0.6002777777777778,0.6331944444444444,0.5119444444444444,0.6016111111111111,0.8556944444444444,0.8602777777777778,0.8679629629629629,0.8458333333333333,0.8543333333333333,0.5447222222222222,0.5753703703703704,0.6185185185185185,0.4936111111111111,0.5914166666666667,,,,,,,,,,,50,30,305,3.461895698999797,42,0.3109722222222222,0.2849074074074074,0.24944444444444447,0.3522222222222222,0.2629166666666666,3.3966089830000783,random,0.024206900000535825,1
false,0.1,50,30,0.5684722222222223,0.5956481481481481,0.632962962962963,0.4911111111111111,0.6018333333333333,0.8556944444444444,0.8602777777777778,0.8679629629629629,0.8458333333333333,0.8543333333333333,0.5488888888888889,0.5723148148148148,0.6179166666666667,0.4772222222222222,0.5914444444444444,0.70625,0.0,0.7768518518518519,0.0,0.8993055555555556,0.0,0.9258333333333333,0.0,0.5836111111111111,0.0,50,30,306,3.557885260999683,43,0.30680555555555555,0.287962962962963,0.25004629629629627,0.3686111111111111,0.26288888888888884,3.462702712000464,random,0.024081861000013305,1
false,0.1,50,30,0.5651388888888889,0.5996296296296296,0.6355092592592593,0.5122222222222222,0.6008055555555556,0.8556944444444444,0.8602777777777778,0.8679629629629629,0.8458333333333333,0.8543333333333333,0.5505555555555556,0.5774074074074074,0.6212962962962963,0.4988888888888889,0.5923888888888889,0.7103472222222222,0.002847222222222223,0.7804629629629629,0.00037037037037040976,0.9023611111111112,0.0017592592592592937,0.9276666666666666,0.003416666666666679,0.5874999999999999,0.00527777777777777,50,30,307,3.5996337149999817,44,0.30513888888888885,0.28287037037037044,0.2466666666666666,0.34694444444444444,0.2619444444444444,3.505807559999994,random,0.026138850999814167,1
false,0.1,50,30,0.5681944444444444,0.5974074074074074,0.6364351851851852,0.5052777777777778,0.5991666666666666,0.8556944444444444,0.8602777777777778,0.8679629629629629,0.8458333333333333,0.8543333333333333,0.5518055555555555,0.5725,0.6219907407407408,0.48833333333333334,0.5906666666666667,0.7132870370370371,0.004876738548986544,0.7808333333333334,0.004344951187648166,0.9041975308641975,0.0012015254111001242,0.9277685185185186,0.0032190544241220004,0.5812962962962963,0.010570976390009293,50,30,308,3.605887347999669,45,0.3038888888888889,0.2877777777777778,0.24597222222222215,0.3575,0.2636666666666666,3.503630315999544,random,0.022827841999969678,1
false,0.1,50,30,0.5709722222222222,0.6001851851851852,0.6368981481481482,0.5108333333333334,0.6019444444444444,0.8556944444444444,0.8602777777777778,0.8679629629629629,0.8458333333333333,0.8543333333333333,0.5544444444444444,0.5794444444444444,0.6231481481481481,0.49472222222222223,0.5919722222222222,0.7099305555555555,0.009131614379332917,0.7821527777777778,0.006338155720359706,0.9010416666666666,0.0037138893505821685,0.9303263888888889,0.0014439602553864568,0.5859722222222221,0.01027120660804686,50,30,309,3.3113824639995073,46,0.30125,0.2808333333333334,0.24481481481481482,0.3511111111111111,0.26236111111111104,3.2031260160001693,random,0.02400297300027887,1
false,0.25,50,30,0.5831944444444445,0.6133333333333333,0.6412037037037037,0.5433333333333333,0.6093333333333333,0.8556944444444444,0.8602777777777778,0.8679629629629629,0.8458333333333333,0.8543333333333333,0.5609722222222222,0.5887962962962963,0.6256481481481482,0.52,0.59925,,,,,,,,,,,50,30,310,3.2805277830002524,42,0.2947222222222222,0.27148148148148155,0.24231481481481476,0.3258333333333333,0.25508333333333333,3.2114278270000796,random,0.03404474500075594,1
false,0.25,50,30,0.5913888888888889,0.6137962962962963,0.6447222222222222,0.535,0.6111388888888889,0.8556944444444444,0.8602777777777778,0.8679629629629629,0.8458333333333333,0.8543333333333333,0.5734722222222223,0.5901851851851851,0.6287037037037037,0.5144444444444445,0.602,0.75375,0.0,0.8074074074074075,0.0,0.9075,0.0,0.9345,0.0,0.6425,0.0,50,30,311,3.280955867000557,43,0.28222222222222215,0.27009259259259266,0.23925925925925928,0.33138888888888884,0.2523333333333333,3.204125692999696,random,0.025903623999511183,1
false,0.25,50,30,0.5802777777777778,0.6087037037037037,0.6449537037037038,0.5311111111111111,0.6107777777777778,0.8556944444444444,0.8602777777777778,0.8679629629629629,0.8458333333333333,0.8543333333333333,0.5620833333333334,0.5864814814814815,0.6291203703703704,0.5136111111111111,0.6014166666666667,0.7461111111111111,0.000694444444444442,0.8011574074074075,0.0018055555555555602,0.9084027777777778,0.0012268518518518956,0.9316666666666666,0.0036944444444444446,0.6309722222222223,0.0023611111111110916,50,30,312,3.3003466489999482,44,0.29361111111111104,0.2737962962962963,0.23884259259259255,0.3322222222222222,0.25291666666666657,3.1995663320003587,random,0.027421712000432308,1
false,0.25,50,30,0.5904166666666667,0.6109259259259259,0.6444907407407408,0.5302777777777777,0.6094166666666667,0.8556944444444444,0.8602777777777778,0.8679629629629629,0.8458333333333333,0.8543333333333333,0.5740277777777778,0.5862962962962963,0.6293055555555556,0.51,0.6011666666666666,0.7510185185185185,0.007258928563896164,0.8028703703703703,0.003601205153153346,0.9085030864197531,0.0012618513022690917,0.9345555555555555,0.0007620769756871098,0.638425925925926,0.015174454202924525,50,30,313,4.124693918000048,45,0.2816666666666666,0.2739814814814815,0.23865740740740737,0.3358333333333333,0.25316666666666665,3.928827089999686,random,0.08393344399974012,1
false,0.25,50,30,0.5897222222222223,0.6117592592592592,0.6450925925925926,0.5333333333333333,0.6084166666666667,0.8556944444444444,0.8602777777777778,0.8679629629629629,0.8458333333333333,0.8543333333333333,0.5720833333333334,0.5910185185185185,0.6298611111111111,0.5136111111111111,0.5990277777777778,0.74875,0.006687611773613022,0.8063194444444445,0.00794285116329109,0.9050231481481481,0.003461789883504051,0.9341458333333332,0.0020257195604659515,0.6369444444444443,0.011655086845781808,50,30,314,4.817880534000324,46,0.28361111111111104,0.2692592592592593,0.23810185185185184,0.3322222222222222,0.25530555555555545,4.6843495379998785,random,0.036103907999859075,1
false,0.5,50,30,0.6041666666666666,0.630462962962963,0.6560185185185186,0.5594444444444444,0.6213333333333333,0.8556944444444444,0.8602777777777778,0.8679629629629629,0.8458333333333333,0.8543333333333333,0.5834722222222222,0.6037037037037037,0.6377777777777778,0.5352777777777777,0.6123055555555555,,,,,,,,,,,50,30,315,3.9323948390001533,42,0.27222222222222225,0.25657407407407407,0.23018518518518516,0.3105555555555556,0.24202777777777773,3.8150537400006215,random,0.07285390900051425,1
false,0.5,50,30,0.6080555555555556,0.6337037037037037,0.6576851851851852,0.56,0.6209166666666667,0.8556944444444444,0.8602777777777778,0.8679629629629629,0.8458333333333333,0.8543333333333333,0.5883333333333334,0.6066666666666667,0.6410648148148148,0.5388888888888889,0.6119722222222223,0.7840277777777778,0.0,0.825462962962963,0.0,0.9147685185185185,0.0,0.9334722222222223,0.0,0.6902777777777778,0.0,50,30,316,3.9693661260007502,43,0.26736111111111105,0.2536111111111111,0.22689814814814813,0.30694444444444446,0.24236111111111103,3.8305786539995097,random,0.08166866299961839,1
false,0.5,50,30,0.60625,0.627962962962963,0.6573148148148148,0.5566666666666666,0.6193055555555556,0.8556944444444444,0.8602777777777778,0.8679629629629629,0.8458333333333333,0.8543333333333333,0.5852777777777778,0.602037037037037,0.6402314814814815,0.5333333333333333,0.6102777777777778,0.78625,0.0011111111111110628,0.8263888888888888,0.004166666666666707,0.9125,0.0008796296296296191,0.935,0.0014722222222222636,0.6840277777777778,0.0012499999999999734,50,30,317,3.667119378999814,44,0.27041666666666664,0.25824074074074077,0.22773148148148148,0.3125,0.24405555555555547,3.5784557610004413,random,0.016740955000386748,1
false,0.5,50,30,0.6091666666666666,0.6287037037037037,0.6604166666666667,0.5675,0.6216111111111111,0.8556944444444444,0.8602777777777778,0.8679629629629629,0.8458333333333333,0.8543333333333333,0.58875,0.6014814814814815,0.6429166666666667,0.5488888888888889,0.6127777777777778,0.7840277777777778,0.004046095003044598,0.8260185185185186,0.003809447260645729,0.9155401234567901,0.0001786394583763798,0.9389074074074074,0.0011295537315122088,0.6865740740740741,0.004770091434218959,50,30,318,3.6512587830002303,45,0.26694444444444443,0.2587962962962963,0.22504629629629624,0.29694444444444446,0.24155555555555552,3.5338453259992093,random,0.02684277300068061,1
false,0.5,50,30,0.6061111111111112,0.6293518518518518,0.657962962962963,0.5619444444444445,0.6210277777777777,0.8556944444444444,0.8602777777777778,0.8679629629629629,0.8458333333333333,0.8543333333333333,0.5870833333333333,0.6047222222222223,0.6408333333333334,0.5413888888888889,0.6123611111111111,0.7830902777777777,0.006987626161099653,0.8275925925925927,0.005895102126420965,0.9129976851851852,0.002751685907650443,0.9377847222222222,0.0016025123745212792,0.6841666666666666,0.002031769283101104,50,30,319,3.6486051269994277,46,0.26861111111111113,0.25555555555555554,0.22712962962962957,0.3044444444444444,0.24197222222222214,3.518852651999623,random,0.04061535300024843,1
false,0.0,5,50,0.555,0.5860185185185185,0.6325925925925926,0.4963888888888889,0.6029444444444444,0.8556944444444444,0.8602777777777778,0.8679629629629629,0.8458333333333333,0.8543333333333333,0.5377777777777778,0.5668518518518518,0.6196296296296296,0.4786111111111111,0.5938055555555556,,,,,,,,,,,5,50,320,2.023049333000017,42,0.3179166666666666,0.293425925925926,0.2483333333333333,0.3672222222222222,0.2605277777777777,1.9748099550006373,random,0.008754454999689187,1
false,0.0,5,50,0.5527777777777778,0.5840740740740741,0.6301388888888889,0.4911111111111111,0.6037222222222223,0.8556944444444444,0.8602777777777778,0.8679629629629629,0.8458333333333333,0.8543333333333333,0.5359722222222222,0.5637037037037037,0.6179166666666667,0.47694444444444445,0.5945,0.6956944444444444,0.0,0.7686111111111111,0.0,0.8961111111111111,0.0,0.9344166666666667,0.0,0.5783333333333334,0.0,5,50,321,2.1115516720001324,43,0.31972222222222224,0.2965740740740741,0.25004629629629627,0.3688888888888889,0.25983333333333325,2.0219490569998015,random,0.025618826000027184,1
false,0.0,5,50,0.5486111111111112,0.5849074074074074,0.6309722222222223,0.49944444444444447,0.6022777777777778,0.8556944444444444,0.8602777777777778,0.8679629629629629,0.8458333333333333,0.8543333333333333,0.5309722222222222,0.5635185185185185,0.6177777777777778,0.4855555555555556,0.5913333333333334,0.6952083333333334,0.007430555555555551,0.7722685185185185,4.6296296296266526e-05,0.8997916666666668,0.0015509259259259278,0.9294166666666667,0.0020555555555555882,0.5772222222222223,0.0011111111111111183,5,50,322,2.103859200000443,44,0.32472222222222225,0.2967592592592593,0.2501851851851852,0.36027777777777775,0.2629999999999999,2.0023690120005995,random,0.03197216500029754,1
false,0.0,5,50,0.5388888888888889,0.5753703703703704,0.6307407407407407,0.4802777777777778,0.6004722222222222,0.8556944444444444,0.8602777777777778,0.8679629629629629,0.8458333333333333,0.8543333333333333,0.5229166666666667,0.5565740740740741,0.616574074074074,0.4613888888888889,0.59,0.6907870370370371,0.0022173944471903604,0.7653395061728395,0.007285389060729286,0.8969753086419754,0.003262785106534756,0.9347222222222222,0.00239093366407526,0.5611111111111111,0.008361064968495788,5,50,323,2.179090845000246,45,0.33277777777777773,0.3037037037037037,0.2513888888888889,0.3844444444444444,0.2643333333333333,2.0376712170000246,random,0.03169263400013733,1
false,0.0,5,50,0.5506944444444445,0.5816666666666667,0.6297222222222222,0.47944444444444445,0.5996111111111111,0.8556944444444444,0.8602777777777778,0.8679629629629629,0.8458333333333333,0.8543333333333333,0.5325,0.5627777777777778,0.6158796296296296,0.4688888888888889,0.5897777777777777,0.6973263888888889,0.0012667664129829715,0.7699074074074074,0.003299727718741772,0.8988425925925926,0.0017849608933941427,0.9311875000000001,0.002145226451398026,0.5726388888888889,0.004558010855950509,5,50,324,2.2583942559995194,46,0.32319444444444445,0.2975,0.2520833333333333,0.3769444444444444,0.26455555555555554,2.0718333800004984,random,0.028724970999974175,1
false,0.1,5,50,0.5681944444444444,0.5952777777777778,0.6366203703703703,0.51,0.6093055555555555,0.8556944444444444,0.8602777777777778,0.8679629629629629,0.8458333333333333,0.8543333333333333,0.5470833333333334,0.572962962962963,0.6231018518518519,0.4891666666666667,0.5988055555555556,,,,,,,,,,,5,50,325,1.9337034489999496,42,0.30861111111111106,0.2873148148148148,0.24486111111111108,0.35666666666666663,0.2555277777777777,1.8568561789998057,random,0.03738073600015923,1
false,0.1,5,50,0.5679166666666666,0.5942592592592593,0.6341666666666667,0.5069444444444444,0.60975,0.8556944444444444,0.8602777777777778,0.8679629629629629,0.8458333333333333,0.8543333333333333,0.5458333333333333,0.5725,0.622037037037037,0.49333333333333335,0.6,0.7270833333333333,0.0,0.7894444444444444,0.0,0.8971759259259259,0.0,0.9289166666666666,0.0,0.6119444444444444,0.0,5,50,326,2.21465879400057,43,0.30986111111111114,0.2877777777777778,0.24592592592592588,0.3525,0.2543333333333333,2.1285635499998534,random,0.03715018499951839,1
false,0.1,5,50,0.5552777777777778,0.5899074074074074,0.6349074074074074,0.4975,0.6081666666666666,0.8556944444444444,0.8602777777777778,0.8679629629629629,0.8458333333333333,0.8543333333333333,0.5379166666666667,0.5697222222222222,0.6206018518518519,0.48527777777777775,0.5980833333333333,0.7113888888888888,0.009027777777777801,0.7850925925925926,0.002592592592592591,0.8957870370370371,0.0007870370370370305,0.9267083333333332,0.0018750000000000155,0.6020833333333333,0.0018055555555555602,5,50,327,1.9586711869997089,44,0.3177777777777777,0.29055555555555557,0.24736111111111103,0.3605555555555556,0.25625,1.8526007410000602,random,0.04610710399992968,1
false,0.1,5,50,0.5606944444444445,0.5873148148148148,0.6346759259259259,0.4986111111111111,0.6065833333333334,0.8556944444444444,0.8602777777777778,0.8679629629629629,0.8458333333333333,0.8543333333333333,0.5431944444444444,0.5690740740740741,0.6209259259259259,0.4775,0.5963611111111111,0.712824074074074,0.002900824110707505,0.7787654320987653,0.0026127231401318917,0.8950462962962963,0.0015247350920903461,0.928962962962963,0.001410085171911214,0.5951851851851852,0.009845340371125798,5,50,328,1.8725217709998105,45,0.3125,0.29120370370370374,0.24703703703703705,0.36833333333333335,0.25797222222222216,1.7568262089998825,random,0.032751119000749895,1
false,0.1,5,50,0.5652777777777778,0.5929629629629629,0.6362962962962962,0.5041666666666667,0.6081944444444445,0.8556944444444444,0.8602777777777778,0.8679629629629629,0.8458333333333333,0.8543333333333333,0.5465277777777777,0.5715740740740741,0.6224537037037037,0.4936111111111111,0.5983611111111111,0.7190624999999999,0.006283379230355973,0.7847685185185186,0.0038875107787464257,0.9014814814814814,0.003283448745647622,0.9316458333333333,0.0029486588680907857,0.6075694444444444,0.0029941751579597373,5,50,329,2.3004481819998546,46,0.3091666666666667,0.2887037037037037,0.24550925925925926,0.3522222222222222,0.25597222222222216,2.1613292199999705,random,0.025347404999592982,1
false,0.25,5,50,0.5790277777777778,0.601574074074074,0.6431944444444444,0.5186111111111111,0.6172777777777778,0.8556944444444444,0.8602777777777778,0.8679629629629629,0.8458333333333333,0.8543333333333333,0.5584722222222223,0.5780555555555555,0.6294444444444445,0.4975,0.6071666666666666,,,,,,,,,,,5,50,330,2.2398211690006065,42,0.29722222222222217,0.28222222222222226,0.23851851851851846,0.34833333333333333,0.24716666666666665,2.154815434999364,random,0.04264602500006731,1
false,0.25,5,50,0.5744444444444444,0.605462962962963,0.6425462962962963,0.5252777777777777,0.6175555555555555,0.8556944444444444,0.8602777777777778,0.8679629629629629,0.8458333333333333,0.8543333333333333,0.5494444444444444,0.5824074074074074,0.6299074074074074,0.5077777777777778,0.6071111111111112,0.7431944444444445,0.0,0.7985185185185185,0.0,0.897962962962963,0.0,0.931,0.0,0.6444444444444445,0.0,5,50,331,2.3895536720001473,43,0.30625,0.27787037037037043,0.23805555555555558,0.33805555555555555,0.24722222222222212,2.3071186779998243,random,0.024543209000512434,1
false,0.25,5,50,0.5677777777777778,0.5971296296296297,0.644537037037037,0.5222222222222223,0.6180833333333333,0.8556944444444444,0.8602777777777778,0.8679629629629629,0.8458333333333333,0.8543333333333333,0.5506944444444445,0.5762962962962963,0.6301388888888889,0.5052777777777778,0.6067777777777777,0.7304861111111112,0.0029861111111110783,0.7911111111111111,0.004814814814814827,0.8956481481481482,0.0001388888888888551,0.9286388888888888,0.002416666666666678,0.6345833333333333,0.0068055555555555656,5,50,332,2.3664714450005704,44,0.30499999999999994,0.2839814814814815,0.23782407407407402,0.3405555555555555,0.24755555555555553,2.2570373940006903,random,0.02739306100011163,1
false,0.25,5,50,0.5736111111111111,0.6014814814814815,0.6443055555555556,0.5166666666666667,0.6136111111111111,0.8556944444444444,0.8602777777777778,0.8679629629629629,0.8458333333333333,0.8543333333333333,0.55875,0.5810185185185185,0.6303240740740741,0.49333333333333335,0.6044722222222222,0.7332407407407407,0.00786355914419587,0.7880246913580247,0.003300882277111162,0.8939660493827161,0.0014641800948308943,0.9271666666666666,0.0024333713847862056,0.6267592592592592,0.0025289815340273636,5,50,333,2.2957623800002693,45,0.29694444444444446,0.2792592592592593,0.23763888888888884,0.3525,0.2498611111111111,2.1810429859997384,random,0.03324174200042762,1
false,0.25,5,50,0.5795833333333333,0.6037962962962963,0.6431944444444444,0.5280555555555555,0.6183888888888889,0.8556944444444444,0.8602777777777778,0.8679629629629629,0.8458333333333333,0.8543333333333333,0.5594444444444444,0.5796296296296296,0.6296296296296297,0.5061111111111111,0.6086666666666667,0.7360069444444444,0.003917768511286086,0.7921527777777778,0.004060042651326408,0.8984259259259259,0.002483009825090387,0.9299097222222222,0.002656111561388794,0.6363888888888889,0.005866308911650804,5,50,334,2.374072274000355,46,0.29625,0.2806481481481482,0.23833333333333329,0.33972222222222226,0.2456666666666666,2.2544160179995743,random,0.027426587999798357,1
false,0.5,5,50,0.5790277777777778,0.6058333333333333,0.6506018518518518,0.5194444444444445,0.6262777777777778,0.8556944444444444,0.8602777777777778,0.8679629629629629,0.8458333333333333,0.8543333333333333,0.5602777777777778,0.5813888888888888,0.6349074074074074,0.49694444444444447,0.6159722222222223,,,,,,,,,,,5,50,335,2.1485764749995724,42,0.29541666666666666,0.27888888888888896,0.23305555555555557,0.34888888888888886,0.23836111111111102,2.070355715000005,random,0.03547408200029167,1
false,0.5,5,50,0.5755555555555556,0.6092592592592593,0.6469907407407407,0.5113888888888889,0.6273333333333333,0.8556944444444444,0.8602777777777778,0.8679629629629629,0.8458333333333333,0.8543333333333333,0.55625,0.5838888888888889,0.633287037037037,0.4897222222222222,0.6168055555555556,0.7420833333333333,0.0,0.7939814814814815,0.0,0.8869907407407407,0.0,0.9201111111111111,0.0,0.6405555555555555,0.0,5,50,336,2.1728817220000565,43,0.2994444444444444,0.2763888888888889,0.2346759259259259,0.3561111111111111,0.23752777777777767,2.0897323440003674,random,0.02883397099958529,1
false,0.5,5,50,0.575,0.6013888888888889,0.6538425925925926,0.5275,0.6274722222222222,0.8556944444444444,0.8602777777777778,0.8679629629629629,0.8458333333333333,0.8543333333333333,0.5570833333333334,0.5794444444444444,0.6394444444444445,0.5091666666666667,0.6175555555555555,0.7290277777777778,0.006666666666666654,0.7803703703703704,0.007685185185185184,0.8839351851851851,0.003333333333333355,0.914625,0.0015138888888888702,0.6343055555555555,0.009583333333333333,5,50,337,2.2871463720002794,44,0.29861111111111105,0.2808333333333334,0.22851851851851845,0.33666666666666667,0.23677777777777775,2.189469273999748,random,0.02618352999979834,1
false,0.5,5,50,0.5815277777777778,0.6094444444444445,0.651712962962963,0.51,0.6263611111111111,0.8556944444444444,0.8602777777777778,0.8679629629629629,0.8458333333333333,0.8543333333333333,0.565,0.5880555555555556,0.6379166666666667,0.4875,0.6168333333333333,0.7356481481481482,0.0031799860668656216,0.784135802469136,0.002794531097386478,0.8763734567901235,0.0010264376017478899,0.9093888888888889,0.0008063533724843624,0.6299074074074075,0.006196098157156139,5,50,338,2.233385960000305,45,0.2906944444444445,0.27222222222222225,0.23004629629629625,0.35833333333333334,0.23749999999999993,2.126356917000521,random,0.02702816700002586,1
false,0.5,5,50,0.5794444444444444,0.6078703703703704,0.6500462962962963,0.5177777777777778,0.6280833333333333,0.8556944444444444,0.8602777777777778,0.8679629629629629,0.8458333333333333,0.8543333333333333,0.5616666666666666,0.5871296296296297,0.6364351851851852,0.4975,0.6183888888888889,0.7348958333333334,0.004448105046318748,0.7852546296296297,0.0026718819564682176,0.8786921296296296,0.003335000708236346,0.9113541666666667,0.003272086337020092,0.6325694444444444,0.012817533263097751,5,50,339,2.3109224370000447,46,0.2940277777777778,0.27314814814814814,0.23152777777777778,0.34833333333333333,0.2359444444444444,2.171095589000288,random,0.038669988999572524,1
false,0.0,10,50,0.5520833333333334,0.5832407407407407,0.63,0.49972222222222223,0.6007222222222223,0.8556944444444444,0.8602777777777778,0.8679629629629629,0.8458333333333333,0.8543333333333333,0.5347222222222222,0.5639814814814815,0.6169444444444444,0.48,0.5918611111111111,,,,,,,,,,,10,50,340,2.763911960999394,42,0.3209722222222222,0.2962962962962963,0.25101851851851853,0.36583333333333334,0.2624722222222222,2.7017762019995644,random,0.024393026000325335,1
false,0.0,10,50,0.5470833333333334,0.5811111111111111,0.633425925925926,0.4905555555555556,0.6028333333333333,0.8556944444444444,0.8602777777777778,0.8679629629629629,0.8458333333333333,0.8543333333333333,0.5331944444444444,0.5625,0.6215277777777778,0.48055555555555557,0.5936388888888889,0.6820833333333334,0.0,0.7611111111111111,0.0,0.8977314814814815,0.0,0.9223055555555556,0.0,0.5608333333333333,0.0,10,50,341,2.7102455940002983,43,0.3225,0.2977777777777778,0.24643518518518515,0.36527777777777776,0.26069444444444434,2.637488430999838,random,0.02557253699978901,1
false,0.0,10,50,0.5518055555555555,0.5822222222222222,0.6333333333333333,0.49277777777777776,0.6046388888888888,0.8556944444444444,0.8602777777777778,0.8679629629629629,0.8458333333333333,0.8543333333333333,0.5348611111111111,0.562962962962963,0.6196759259259259,0.47194444444444444,0.5959444444444445,0.6827777777777778,0.00347222222222221,0.7662037037037037,0.0012037037037037068,0.8993055555555556,0.0032870370370370328,0.929138888888889,0.0017499999999999738,0.5569444444444445,0.006666666666666654,10,50,342,2.8849138200002926,44,0.3208333333333333,0.2973148148148148,0.24828703703703703,0.3738888888888889,0.2583888888888888,2.7882152069996664,random,0.0230139989998861,1
false,0.0,10,50,0.5540277777777778,0.582962962962963,0.628287037037037,0.4955555555555556,0.6023333333333334,0.8556944444444444,0.8602777777777778,0.8679629629629629,0.8458333333333333,0.8543333333333333,0.5356944444444445,0.562037037037037,0.615462962962963,0.4816666666666667,0.5923888888888889,0.6948148148148148,0.005567502586259955,0.7634876543209876,0.002700925908291285,0.8948148148148148,0.0017227365487148469,0.9287407407407408,0.002701959102280726,0.5739814814814815,0.009866217596275916,10,50,343,2.7295562999997856,45,0.31999999999999995,0.2982407407407408,0.25249999999999995,0.36416666666666664,0.2619444444444444,2.602788206000696,random,0.02776375699977507,1
false,0.0,10,50,0.5526388888888889,0.5881481481481482,0.6333333333333333,0.4963888888888889,0.6031944444444445,0.8556944444444444,0.8602777777777778,0.8679629629629629,0.8458333333333333,0.8543333333333333,0.5393055555555556,0.5706481481481481,0.6197222222222222,0.4791666666666667,0.5942222222222222,0.6914930555555556,0.004803603288414761,0.766550925925926,0.005293339225644806,0.8974884259259259,0.0012960379206790932,0.9290416666666667,0.004841647542513354,0.5732638888888889,0.005380488154227071,10,50,344,2.634180242000184,46,0.31638888888888883,0.2896296296296297,0.24824074074074076,0.36666666666666664,0.26011111111111107,2.51495558500028,random,0.026302723999833688,1
false,0.1,10,50,0.5669444444444445,0.5910185185185185,0.6351388888888889,0.5127777777777778,0.6084444444444445,0.8556944444444444,0.8602777777777778,0.8679629629629629,0.8458333333333333,0.8543333333333333,0.5494444444444444,0.5719444444444445,0.6222685185185185,0.49027777777777776,0.5992222222222222,,,,,,,,,,,10,50,345,2.750675383000271,42,0.30625,0.28833333333333333,0.24569444444444444,0.35555555555555557,0.25511111111111107,2.6585706949999803,random,0.049254047000431456,1
false,0.1,10,50,0.56125,0.5924074074074074,0.6382407407407408,0.5141666666666667,0.6083888888888889,0.8556944444444444,0.8602777777777778,0.8679629629629629,0.8458333333333333,0.8543333333333333,0.5441666666666667,0.5722222222222222,0.6261111111111111,0.5055555555555555,0.5987777777777777,0.7127777777777777,0.0,0.7808333333333334,0.0,0.9031018518518519,0.0,0.9328611111111111,0.0,0.5955555555555555,0.0,10,50,346,3.064105368000128,43,0.31152777777777774,0.2880555555555556,0.24185185185185187,0.3402777777777778,0.25555555555555554,2.973486714000501,random,0.03497974400033854,1
false,0.1,10,50,0.5627777777777778,0.5933333333333334,0.6392129629629629,0.5202777777777777,0.6110833333333333,0.8556944444444444,0.8602777777777778,0.8679629629629629,0.8458333333333333,0.8543333333333333,0.5445833333333333,0.5737962962962962,0.6262037037037037,0.49972222222222223,0.602,0.7130555555555556,0.0011111111111110628,0.7869444444444444,0.004351851851851829,0.9002314814814815,0.0005092592592592649,0.9318194444444444,0.0005416666666666625,0.5970833333333334,0.004027777777777797,10,50,347,2.931231485999888,44,0.3111111111111111,0.28648148148148156,0.24175925925925923,0.3461111111111111,0.2523333333333333,2.7896066939993034,random,0.024500579000232392,1
false,0.1,10,50,0.5629166666666666,0.5918518518518519,0.6334722222222222,0.5127777777777778,0.6109166666666667,0.8556944444444444,0.8602777777777778,0.8679629629629629,0.8458333333333333,0.8543333333333333,0.5441666666666667,0.5674074074074074,0.619537037037037,0.49666666666666665,0.6006666666666667,0.720462962962963,0.004204050401757949,0.7805864197530864,0.0012221598687174888,0.897962962962963,0.0018522376141415944,0.9322962962962963,0.0037118660058711476,0.603888888888889,0.004530418452861136,10,50,348,2.6601217289999113,45,0.31152777777777774,0.29287037037037045,0.24842592592592594,0.3491666666666667,0.2536666666666666,2.5535143389997756,random,0.02672824999990553,1
false,0.1,10,50,0.5722222222222222,0.5926851851851852,0.637175925925926,0.5133333333333333,0.6103888888888889,0.8556944444444444,0.8602777777777778,0.8679629629629629,0.8458333333333333,0.8543333333333333,0.5534722222222223,0.5745370370370371,0.6226388888888889,0.49972222222222223,0.6007222222222223,0.7248263888888888,0.007697612038527216,0.7859490740740741,0.004216967470036616,0.9005671296296296,0.0009585541658248928,0.9368125,0.0025776052833809907,0.6082638888888888,0.010016142449461361,10,50,349,2.670761831999698,46,0.30222222222222217,0.28574074074074074,0.24532407407407408,0.3461111111111111,0.253611111111111,2.5470669549995364,random,0.024700932999621728,1
false,0.25,10,50,0.5865277777777778,0.6039814814814815,0.6463888888888889,0.5408333333333334,0.6177777777777778,0.8556944444444444,0.8602777777777778,0.8679629629629629,0.8458333333333333,0.8543333333333333,0.5673611111111111,0.582962962962963,0.6325925925925926,0.5197222222222222,0.6089722222222222,,,,,,,,,,,10,50,350,2.656547746999422,42,0.28833333333333333,0.2773148148148148,0.23537037037037034,0.32611111111111113,0.24536111111111103,2.582587814999897,random,0.03285072700055025,1
false,0.25,10,50,0.5763888888888888,0.607037037037037,0.645,0.5247222222222222,0.6180833333333333,0.8556944444444444,0.8602777777777778,0.8679629629629629,0.8458333333333333,0.8543333333333333,0.5594444444444444,0.5843518518518519,0.6313888888888889,0.5111111111111111,0.6084444444444445,0.7475,0.0,0.8043518518518519,0.0,0.9068518518518518,0.0,0.9345555555555556,0.0,0.6416666666666667,0.0,10,50,351,2.7110273600001165,43,0.29625,0.2759259259259259,0.23657407407407405,0.33472222222222225,0.24588888888888882,2.6351701169996886,random,0.02371617199969478,1
false,0.25,10,50,0.5790277777777778,0.6091666666666666,0.6485185185185185,0.5358333333333334,0.6198611111111111,0.8556944444444444,0.8602777777777778,0.8679629629629629,0.8458333333333333,0.8543333333333333,0.5606944444444445,0.5861111111111111,0.6337037037037037,0.5119444444444444,0.6105,0.745625,0.0047916666666666385,0.8035648148148148,0.0001388888888889106,0.9036574074074074,0.0011574074074074403,0.9352222222222222,0.0009166666666666767,0.6398611111111111,0.012083333333333335,10,50,352,2.7189134119998926,44,0.29499999999999993,0.27416666666666667,0.23425925925925928,0.3338888888888889,0.24383333333333324,2.614834802000587,random,0.032246564000161015,1
false,0.25,10,50,0.5833333333333334,0.6081481481481481,0.6444444444444445,0.5394444444444444,0.6204166666666666,0.8556944444444444,0.8602777777777778,0.8679629629629629,0.8458333333333333,0.8543333333333333,0.5629166666666666,0.5852777777777778,0.6307870370370371,0.5197222222222222,0.61025,0.7487037037037036,0.00473898622047008,0.7972839506172839,0.0016655231559545528,0.9005401234567901,0.0016625176981867407,0.9341851851851851,0.001355208921476865,0.6459259259259259,0.005339952168628244,10,50,353,2.9293503219996637,45,0.2927777777777778,0.275,0.23717592592592585,0.32611111111111113,0.24408333333333332,2.7909452019994205,random,0.04039155000009487,1
false,0.25,10,50,0.58375,0.6067592592592592,0.6460185185185185,0.5294444444444445,0.6187777777777778,0.8556944444444444,0.8602777777777778,0.8679629629629629,0.8458333333333333,0.8543333333333333,0.5636111111111111,0.585,0.63125,0.5116666666666667,0.6090833333333333,0.7552083333333334,0.004328456122846534,0.8082175925925925,0.0030830517889476375,0.904363425925926,0.0009439081402130656,0.9365625000000001,0.0036964476085614476,0.6555555555555556,0.009483172230617542,10,50,354,2.8644521629994415,46,0.29208333333333336,0.27527777777777784,0.23671296296296296,0.3341666666666666,0.24524999999999997,2.718780658000469,random,0.025819663999754994,1
false,0.5,10,50,0.6054166666666667,0.6274074074074074,0.6601388888888889,0.5583333333333333,0.6306111111111111,0.8556944444444444,0.8602777777777778,0.8679629629629629,0.8458333333333333,0.8543333333333333,0.5877777777777777,0.6016666666666667,0.6449074074074074,0.5347222222222222,0.6204166666666666,,,,,,,,,,,10,50,355,2.8615058779996616,42,0.2679166666666667,0.2586111111111111,0.22305555555555556,0.3111111111111111,0.23391666666666666,2.781744715000059,random,0.03667344700079411,1
false,0.5,10,50,0.5959722222222222,0.6229629629629629,0.6595833333333333,0.5605555555555556,0.6317777777777778,0.8556944444444444,0.8602777777777778,0.8679629629629629,0.8458333333333333,0.8543333333333333,0.5780555555555555,0.5962962962962963,0.6446759259259259,0.5386111111111112,0.6220833333333333,0.7798611111111111,0.0,0.8247222222222222,0.0,0.9106944444444445,0.0,0.9365833333333333,0.0,0.6905555555555556,0.0,10,50,356,2.9126040940000166,43,0.2776388888888889,0.2639814814814815,0.223287037037037,0.3072222222222222,0.23224999999999996,2.8353028760002417,random,0.025986339999690244,1
false,0.5,10,50,0.5984722222222222,0.6276851851851852,0.6592592592592592,0.565,0.6323611111111112,0.8556944444444444,0.8602777777777778,0.8679629629629629,0.8458333333333333,0.8543333333333333,0.58,0.6023148148148149,0.6443055555555556,0.5352777777777777,0.6221111111111111,0.7715972222222223,0.0015972222222221943,0.8249074074074074,0.00037037037037035425,0.9061111111111111,0.0010185185185185297,0.9346388888888889,0.00022222222222223476,0.6879166666666667,0.0009722222222222077,10,50,357,2.786614659999941,44,0.27569444444444446,0.25796296296296295,0.22365740740740736,0.3105555555555556,0.23222222222222222,2.7060817029996542,random,0.011323587999868323,1
false,0.5,10,50,0.6004166666666667,0.6241666666666666,0.6575925925925926,0.5586111111111111,0.6320555555555556,0.8556944444444444,0.8602777777777778,0.8679629629629629,0.8458333333333333,0.8543333333333333,0.5808333333333333,0.6008333333333333,0.6426388888888889,0.5361111111111111,0.6217222222222222,0.7748148148148148,0.0022519234272250664,0.8187962962962962,0.0007856742013184043,0.9054012345679011,0.001771938283260138,0.9356018518518519,0.0006351878846719446,0.6916666666666665,0.0018144368465060697,10,50,358,2.7872070160001385,45,0.2748611111111111,0.2594444444444445,0.22532407407407407,0.30972222222222223,0.2326111111111111,2.5846400319996974,random,0.011034981999728188,1
false,0.5,10,50,0.6022222222222222,0.6191666666666666,0.6600925925925926,0.5527777777777778,0.6319722222222223,0.8556944444444444,0.8602777777777778,0.8679629629629629,0.8458333333333333,0.8543333333333333,0.5834722222222222,0.5975925925925926,0.6444907407407408,0.5352777777777777,0.6218888888888889,0.7795486111111112,0.0027063293868263617,0.8239814814814815,0.00204229120371414,0.9085763888888889,0.002055986931295964,0.9370694444444445,0.0007350621456888348,0.6915277777777777,0.004924193861454402,10,50,359,2.906296919999477,46,0.27222222222222225,0.26268518518518524,0.22347222222222218,0.3105555555555556,0.23244444444444434,2.7908494109997264,random,0.02491808599916112,1
false,0.0,20,50,0.5509722222222222,0.5818518518518518,0.6301388888888889,0.48638888888888887,0.60375,0.8556944444444444,0.8602777777777778,0.8679629629629629,0.8458333333333333,0.8543333333333333,0.5322222222222223,0.5619444444444445,0.6174074074074074,0.46694444444444444,0.5938333333333333,,,,,,,,,,,20,50,360,3.398102088000087,42,0.32347222222222216,0.29833333333333334,0.25055555555555553,0.3788888888888889,0.26049999999999995,3.346122416000071,random,0.010194353999395389,1
false,0.0,20,50,0.5511111111111111,0.5840740740740741,0.6306944444444444,0.49527777777777776,0.6045277777777778,0.8556944444444444,0.8602777777777778,0.8679629629629629,0.8458333333333333,0.8543333333333333,0.5386111111111112,0.562962962962963,0.6159722222222223,0.47833333333333333,0.5946944444444444,0.6866666666666666,0.0,0.7648148148148148,0.0,0.8938888888888888,0.0,0.9275833333333333,0.0,0.5683333333333334,0.0,20,50,361,3.4124590510000417,43,0.3170833333333333,0.2973148148148148,0.2519907407407407,0.3675,0.25963888888888886,3.348051303999455,random,0.011486415999570454,1
false,0.0,20,50,0.5490277777777778,0.5832407407407407,0.6293981481481481,0.48444444444444446,0.6020833333333333,0.8556944444444444,0.8602777777777778,0.8679629629629629,0.8458333333333333,0.8543333333333333,0.5320833333333334,0.5630555555555555,0.6143055555555555,0.4675,0.5914166666666667,0.6908333333333333,0.002777777777777768,0.7656944444444445,0.0005092592592592649,0.8918981481481482,0.0024074074074074137,0.925861111111111,0.0007222222222222352,0.5623611111111111,0.0015277777777777946,20,50,362,3.3709184500003175,44,0.32361111111111107,0.2972222222222223,0.2536574074074074,0.3783333333333333,0.2629166666666666,3.2788633070003925,random,0.02382884100006777,1
false,0.0,20,50,0.5509722222222222,0.5877777777777777,0.6308333333333334,0.5011111111111111,0.6019166666666667,0.8556944444444444,0.8602777777777778,0.8679629629629629,0.8458333333333333,0.8543333333333333,0.5388888888888889,0.5672222222222222,0.6179166666666667,0.4872222222222222,0.5922222222222222,0.6893518518518519,0.0022376011062212237,0.7605864197530865,0.001858527063867222,0.8921604938271605,0.00211729294890648,0.9264814814814814,0.004448859689597199,0.555,0.00022680460581324735,20,50,363,3.5357340880000265,45,0.31680555555555556,0.2930555555555556,0.25004629629629627,0.3586111111111111,0.2621111111111111,3.380571427000177,random,0.06939520499963692,1
false,0.0,20,50,0.5520833333333334,0.5841666666666666,0.6312037037037037,0.5030555555555556,0.6031944444444445,0.8556944444444444,0.8602777777777778,0.8679629629629629,0.8458333333333333,0.8543333333333333,0.5341666666666667,0.5637962962962964,0.6175,0.4872222222222222,0.5931666666666666,0.6897222222222223,0.004727325673643776,0.7619907407407407,0.003162752074676568,0.8953125,0.002868759815485395,0.9248125,0.0020923301109552275,0.5653472222222222,0.0016122481619782892,20,50,364,3.400694635999571,46,0.32152777777777775,0.29648148148148146,0.2504629629629629,0.3586111111111111,0.26116666666666666,3.2736307770001076,random,0.0249434300003486,1
false,0.1,20,50,0.5656944444444445,0.5930555555555556,0.6348148148148148,0.5127777777777778,0.6093611111111111,0.8556944444444444,0.8602777777777778,0.8679629629629629,0.8458333333333333,0.8543333333333333,0.5452777777777778,0.5725,0.6218981481481481,0.4930555555555556,0.5991111111111111,,,,,,,,,,,20,50,365,3.5711925109999356,42,0.3104166666666667,0.2877777777777778,0.2460648148148148,0.35277777777777775,0.25522222222222213,3.507189864999418,random,0.023463268999876163,1
false,0.1,20,50,0.5611111111111111,0.595462962962963,0.6370833333333333,0.5138888888888888,0.6110833333333333,0.8556944444444444,0.8602777777777778,0.8679629629629629,0.8458333333333333,0.8543333333333333,0.5473611111111111,0.5725,0.6219444444444444,0.4936111111111111,0.6014444444444444,0.7147222222222223,0.0,0.7788888888888889,0.0,0.89625,0.0,0.9240833333333334,0.0,0.6041666666666666,0.0,20,50,366,3.583422263999637,43,0.30833333333333335,0.2877777777777778,0.24601851851851853,0.3522222222222222,0.25288888888888883,3.5191144390000773,random,0.012710232000245014,1
false,0.1,20,50,0.5701388888888889,0.5937962962962963,0.6370370370370371,0.5175,0.6085277777777778,0.8556944444444444,0.8602777777777778,0.8679629629629629,0.8458333333333333,0.8543333333333333,0.5498611111111111,0.5731481481481482,0.6226388888888889,0.5041666666666667,0.5986111111111111,0.7175694444444445,0.005347222222222225,0.7834722222222221,0.0021759259259259145,0.8989583333333333,0.003819444444444431,0.9289444444444444,0.004666666666666652,0.6040277777777778,0.004305555555555507,20,50,367,3.81562788500014,44,0.3058333333333333,0.2871296296296296,0.24532407407407408,0.3416666666666667,0.2557222222222222,3.683938457000295,random,0.05707865699969261,1
false,0.1,20,50,0.5643055555555555,0.5962962962962963,0.6377314814814815,0.5230555555555556,0.6096944444444444,0.8556944444444444,0.8602777777777778,0.8679629629629629,0.8458333333333333,0.8543333333333333,0.5490277777777778,0.5740740740740741,0.6235648148148148,0.5088888888888888,0.5995277777777778,0.7215277777777778,0.0015713484026367562,0.7797222222222221,0.0015438270370863611,0.8985185185185186,0.0014438705729278886,0.9275833333333333,0.00103736767216008,0.5996296296296296,0.0013094570021973057,20,50,368,3.476763814000151,45,0.30666666666666664,0.28620370370370374,0.2443981481481481,0.3369444444444445,0.2548055555555555,3.3747089500002403,random,0.02446901799976331,1
false,0.1,20,50,0.5669444444444445,0.5933333333333334,0.6373611111111112,0.5138888888888888,0.6102222222222222,0.8556944444444444,0.8602777777777778,0.8679629629629629,0.8458333333333333,0.8543333333333333,0.5465277777777777,0.5723148148148148,0.6227314814814815,0.49722222222222223,0.6006666666666667,0.7160416666666667,0.005311024668055259,0.7794907407407407,0.0023701714326241226,0.8981597222222223,0.00275304868264981,0.9316458333333333,0.002589402592691444,0.601388888888889,0.006069937050947814,20,50,369,3.929689404000783,46,0.3091666666666667,0.287962962962963,0.24523148148148144,0.3486111111111111,0.2536666666666666,3.8091895700008536,random,0.025508901999273803,1
false,0.25,20,50,0.5844444444444444,0.607037037037037,0.6437037037037037,0.5316666666666666,0.6185555555555555,0.8556944444444444,0.8602777777777778,0.8679629629629629,0.8458333333333333,0.8543333333333333,0.5631944444444444,0.5857407407407408,0.6300925925925925,0.5122222222222222,0.6088055555555556,,,,,,,,,,,20,50,370,3.3961392649998743,42,0.2925,0.274537037037037,0.2378703703703704,0.3336111111111111,0.24552777777777768,3.314836219999961,random,0.037387002000286884,1
false,0.25,20,50,0.5831944444444445,0.6056481481481482,0.6446296296296297,0.5372222222222223,0.6191388888888889,0.8556944444444444,0.8602777777777778,0.8679629629629629,0.8458333333333333,0.8543333333333333,0.5648611111111111,0.582962962962963,0.6302777777777778,0.5147222222222222,0.6095555555555555,0.7483333333333333,0.0,0.8012037037037038,0.0,0.9018055555555555,0.0,0.9338888888888889,0.0,0.6430555555555556,0.0,20,50,371,3.697083771000507,43,0.2908333333333333,0.2773148148148148,0.2376851851851851,0.33111111111111113,0.24477777777777776,3.5855595410002934,random,0.03798815099980857,1
false,0.25,20,50,0.5875,0.6055555555555555,0.6460185185185185,0.5416666666666666,0.6168888888888889,0.8556944444444444,0.8602777777777778,0.8679629629629629,0.8458333333333333,0.8543333333333333,0.5673611111111111,0.5813888888888888,0.6311111111111111,0.5222222222222223,0.6066666666666667,0.7496527777777777,0.005208333333333315,0.8055555555555556,0.004351851851851829,0.9033796296296297,0.0011111111111111183,0.934236111111111,0.0014027777777778083,0.6409722222222223,0.002638888888888913,20,50,372,4.398069984999893,44,0.28833333333333333,0.27888888888888896,0.23685185185185187,0.32361111111111107,0.2476666666666666,4.2775886310000715,random,0.05690616999982012,1
false,0.25,20,50,0.5794444444444444,0.6064814814814815,0.6468981481481482,0.5325,0.6180555555555556,0.8556944444444444,0.8602777777777778,0.8679629629629629,0.8458333333333333,0.8543333333333333,0.5606944444444445,0.5824074074074074,0.6330092592592592,0.5172222222222222,0.6078611111111111,0.748888888888889,0.004046095003044586,0.7998456790123457,0.001646540576339372,0.9035493827160495,0.0003861109877529983,0.931324074074074,0.0011354585496484635,0.6427777777777778,0.003747427100897785,20,50,373,3.9196292979995633,45,0.29499999999999993,0.27787037037037043,0.23495370370370372,0.3286111111111111,0.2464722222222222,3.808925233000082,random,0.03470800800005236,1
false,0.25,20,50,0.5845833333333333,0.6111111111111112,0.6459722222222222,0.5438888888888889,0.618,0.8556944444444444,0.8602777777777778,0.8679629629629629,0.8458333333333333,0.8543333333333333,0.5652777777777778,0.5880555555555556,0.6305092592592593,0.5222222222222223,0.6081111111111112,0.7464930555555556,0.002747008403655335,0.8013657407407407,0.0012786078221890245,0.9028819444444445,0.0036904239645419654,0.9334930555555556,0.001521499093243485,0.6452777777777778,0.002124591463996999,20,50,374,3.388346396999623,46,0.29041666666666666,0.27222222222222225,0.23745370370370367,0.32361111111111107,0.24622222222222212,3.2513598759996967,random,0.05327002200010611,1
false,0.5,20,50,0.5991666666666666,0.6260185185185185,0.6578240740740741,0.5566666666666666,0.6314722222222222,0.8556944444444444,0.8602777777777778,0.8679629629629629,0.8458333333333333,0.8543333333333333,0.5779166666666666,0.5998148148148148,0.6437962962962963,0.5308333333333334,0.6221944444444445,,,,,,,,,,,20,50,375,3.2746054609997373,42,0.2777777777777778,0.260462962962963,0.22416666666666663,0.31499999999999995,0.23213888888888878,3.109429946999626,random,0.11646954499974527,1
false,0.5,20,50,0.6048611111111111,0.6259259259259259,0.6604166666666667,0.5697222222222222,0.6323333333333333,0.8556944444444444,0.8602777777777778,0.8679629629629629,0.8458333333333333,0.8543333333333333,0.5875,0.602037037037037,0.6448611111111111,0.5425,0.6220833333333333,0.7705555555555555,0.0,0.8165740740740741,0.0,0.9049537037037036,0.0,0.9355277777777777,0.0,0.6908333333333333,0.0,20,50,376,3.4347277070000928,43,0.2681944444444444,0.25824074074074077,0.22310185185185183,0.30333333333333334,0.23224999999999996,3.350082964999274,random,0.03549752500020986,1
false,0.5,20,50,0.6061111111111112,0.6258333333333334,0.6589351851851852,0.5644444444444444,0.6304444444444445,0.8556944444444444,0.8602777777777778,0.8679629629629629,0.8458333333333333,0.8543333333333333,0.5830555555555555,0.5987037037037037,0.6436111111111111,0.5383333333333333,0.6200833333333333,0.7775000000000001,0.003333333333333355,0.8221296296296297,0.0014814814814814725,0.90875,0.0005092592592592093,0.9362222222222223,0.0007222222222222352,0.6911111111111111,0.006111111111111067,20,50,377,3.333132421999835,44,0.2726388888888889,0.26157407407407407,0.2243518518518518,0.3075,0.23424999999999996,3.2202245940006833,random,0.05064199199932773,1
false,0.5,20,50,0.6026388888888888,0.6247222222222222,0.6600462962962963,0.5633333333333334,0.6313611111111112,0.8556944444444444,0.8602777777777778,0.8679629629629629,0.8458333333333333,0.8543333333333333,0.5834722222222222,0.5971296296296297,0.645,0.5405555555555556,0.621,0.7794444444444445,0.0007081971546656374,0.8206481481481481,0.0008177556357710865,0.9081327160493827,0.0015140768625199167,0.9349722222222222,0.001685236059468147,0.6962037037037038,0.005557098551156918,20,50,378,3.0711319239999284,45,0.27222222222222225,0.26314814814814813,0.22296296296296292,0.30527777777777776,0.23333333333333328,2.970003665999684,random,0.027726061000066693,1
false,0.5,20,50,0.6073611111111111,0.6298148148148148,0.6606018518518518,0.5694444444444444,0.6315555555555555,0.8556944444444444,0.8602777777777778,0.8679629629629629,0.8458333333333333,0.8543333333333333,0.5904166666666667,0.6032407407407407,0.6443518518518518,0.5438888888888889,0.6209722222222223,0.7783680555555557,0.002754021680500496,0.8248842592592591,0.003562333792719942,0.9085185185185186,0.0013493603372027442,0.9345208333333332,0.0007766298572583813,0.6943750000000001,0.0038957033549321413,20,50,379,3.2358750969997345,46,0.2652777777777777,0.25703703703703706,0.2236111111111111,0.30194444444444446,0.23336111111111102,3.124946398999782,random,0.026209841999843775,1
false,0.0,50,50,0.5495833333333333,0.5740740740740741,0.6320370370370371,0.4875,0.6036944444444444,0.8556944444444444,0.8602777777777778,0.8679629629629629,0.8458333333333333,0.8543333333333333,0.53,0.5552777777777778,0.6197685185185186,0.4713888888888889,0.5944444444444444,,,,,,,,,,,50,50,380,3.617883840999639,42,0.3256944444444444,0.30500000000000005,0.24819444444444438,0.3744444444444444,0.25988888888888884,3.5700749510006062,random,0.011882546999913757,1
false,0.0,50,50,0.5455555555555556,0.5786111111111111,0.6302777777777778,0.48055555555555557,0.6024166666666667,0.8556944444444444,0.8602777777777778,0.8679629629629629,0.8458333333333333,0.8543333333333333,0.5243055555555556,0.5587037037037037,0.6157407407407407,0.4575,0.5932777777777778,0.6690277777777778,0.0,0.7401851851851852,0.0,0.8847222222222222,0.0,0.9152222222222223,0.0,0.5397222222222222,0.0,50,50,381,3.67394295000031,43,0.33138888888888884,0.3015740740740741,0.25222222222222224,0.3883333333333333,0.2610555555555555,3.5908681889995933,random,0.03377867600011086,1
false,0.0,50,50,0.5395833333333333,0.5789814814814814,0.6303703703703704,0.4825,0.6044722222222222,0.8556944444444444,0.8602777777777778,0.8679629629629629,0.8458333333333333,0.8543333333333333,0.5213888888888889,0.5587962962962963,0.6169907407407408,0.45916666666666667,0.5953611111111111,0.6639583333333333,0.002847222222222223,0.7458333333333333,0.0017592592592592382,0.8914814814814815,0.0010648148148148517,0.9210972222222222,0.0015972222222222499,0.5391666666666666,0.006111111111111123,50,50,382,3.7119103340000947,44,0.3343055555555555,0.30148148148148146,0.25097222222222215,0.38666666666666666,0.25897222222222216,3.627904269999817,random,0.022183059999406396,1
false,0.0,50,50,0.5443055555555556,0.5812037037037037,0.6299074074074074,0.48944444444444446,0.6020833333333333,0.8556944444444444,0.8602777777777778,0.8679629629629629,0.8458333333333333,0.8543333333333333,0.5284722222222222,0.5621296296296296,0.617037037037037,0.47583333333333333,0.5924444444444444,0.6747685185185186,0.011015989438975318,0.7501234567901234,0.003302613357875392,0.8906635802469136,0.0010964394856994573,0.9236111111111112,0.0017761856296419334,0.5508333333333333,0.016547412862075537,50,50,383,3.6439750830004414,45,0.3272222222222222,0.29814814814814816,0.2509259259259259,0.37,0.26188888888888884,3.545972203999554,random,0.026107331000275735,1
false,0.0,50,50,0.5506944444444445,0.582037037037037,0.6283333333333333,0.4841666666666667,0.6026111111111111,0.8556944444444444,0.8602777777777778,0.8679629629629629,0.8458333333333333,0.8543333333333333,0.5331944444444444,0.56,0.6153703703703703,0.46944444444444444,0.5933055555555555,0.6740972222222222,0.005195354198407821,0.7476851851851851,0.004590109095535326,0.8908101851851853,0.0022410707210350055,0.9190694444444444,0.004026604235167238,0.541875,0.004362857930415303,50,50,384,3.691254225999728,46,0.3225,0.30027777777777775,0.2525925925925926,0.3763888888888889,0.26102777777777775,3.5810064430006605,random,0.026688564000323822,1
false,0.1,50,50,0.5675,0.5911111111111111,0.6380555555555556,0.5119444444444444,0.6088055555555556,0.8556944444444444,0.8602777777777778,0.8679629629629629,0.8458333333333333,0.8543333333333333,0.55,0.5713888888888888,0.6253703703703704,0.4925,0.599,,,,,,,,,,,50,50,385,3.6104566849999173,42,0.3056944444444444,0.288888888888889,0.24259259259259258,0.35333333333333333,0.2553333333333333,3.559225967999737,random,0.01378589700016164,1
false,0.1,50,50,0.5595833333333333,0.5913888888888889,0.6363888888888889,0.5005555555555555,0.6088611111111111,0.8556944444444444,0.8602777777777778,0.8679629629629629,0.8458333333333333,0.8543333333333333,0.5368055555555555,0.5677777777777778,0.6213425925925926,0.475,0.6,0.7066666666666667,0.0,0.7699074074074074,0.0,0.8929166666666667,0.0,0.9227222222222222,0.0,0.5808333333333333,0.0,50,50,386,3.604460903000472,43,0.3188888888888889,0.2925,0.24662037037037032,0.37083333333333335,0.2543333333333333,3.541364898000211,random,0.012624478000361705,1
false,0.1,50,50,0.5570833333333334,0.5893518518518519,0.6356018518518518,0.5025,0.6100555555555556,0.8556944444444444,0.8602777777777778,0.8679629629629629,0.8458333333333333,0.8543333333333333,0.5380555555555555,0.5673148148148148,0.6218518518518519,0.4836111111111111,0.6006111111111111,0.7040277777777777,0.0030555555555555336,0.7688425925925926,0.0003240740740740877,0.8955555555555555,0.0012499999999999734,0.9307083333333332,0.0027916666666666923,0.581388888888889,0.009444444444444422,50,50,387,3.8821770710001147,44,0.3176388888888889,0.292962962962963,0.24611111111111106,0.3622222222222222,0.2537222222222222,3.795574845000374,random,0.026735446999737178,1
false,0.1,50,50,0.5672222222222222,0.5962962962962963,0.6351388888888889,0.5127777777777778,0.6085555555555555,0.8556944444444444,0.8602777777777778,0.8679629629629629,0.8458333333333333,0.8543333333333333,0.5481944444444444,0.5737962962962962,0.6228703703703704,0.4913888888888889,0.5986944444444444,0.7071296296296296,0.010459070072258153,0.7755555555555556,0.0038161929669317993,0.8950462962962963,0.0009359030370405277,0.9272685185185185,0.00446259795648924,0.5906481481481481,0.013391718875137992,50,50,388,3.645642212999519,45,0.3075,0.28648148148148156,0.24509259259259253,0.35444444444444445,0.25563888888888886,3.5583489880000343,random,0.013370851000217954,1
false,0.1,50,50,0.5656944444444445,0.5947222222222223,0.6355555555555555,0.5036111111111111,0.6106388888888888,0.8556944444444444,0.8602777777777778,0.8679629629629629,0.8458333333333333,0.8543333333333333,0.5459722222222222,0.5703703703703704,0.6222685185185185,0.49194444444444446,0.6008611111111111,0.7084027777777777,0.005501911143827,0.7725462962962963,0.0042058344249241,0.8965277777777778,0.002750444221510013,0.9291180555555555,0.0038882129868978844,0.5825694444444445,0.008077974072962657,50,50,389,3.689114960000552,46,0.30972222222222223,0.2899074074074074,0.24569444444444444,0.35388888888888886,0.2534722222222222,3.5957353940002577,random,0.011307802999908745,1
false,0.25,50,50,0.5872222222222222,0.606574074074074,0.647824074074074,0.5372222222222223,0.6186388888888888,0.8556944444444444,0.8602777777777778,0.8679629629629629,0.8458333333333333,0.8543333333333333,0.5676388888888889,0.5834259259259259,0.6352314814814815,0.5161111111111111,0.6088055555555556,,,,,,,,,,,50,50,390,3.58180986699972,42,0.2880555555555555,0.2768518518518519,0.23273148148148148,0.32972222222222225,0.24552777777777768,3.526949322999826,random,0.018542286000410968,1
false,0.25,50,50,0.5766666666666667,0.6033333333333334,0.6442592592592593,0.5169444444444444,0.6193888888888889,0.8556944444444444,0.8602777777777778,0.8679629629629629,0.8458333333333333,0.8543333333333333,0.5544444444444444,0.577962962962963,0.6296296296296297,0.49027777777777776,0.6097222222222223,0.7411111111111112,0.0,0.7955555555555556,0.0,0.9005092592592593,0.0,0.933,0.0,0.6358333333333334,0.0,50,50,391,3.6073613080006908,43,0.30125,0.2823148148148148,0.23833333333333329,0.35555555555555557,0.244611111111111,3.522954731000027,random,0.034525046000453585,1
false,0.25,50,50,0.5756944444444444,0.6046296296296296,0.6452777777777777,0.5344444444444445,0.6181111111111111,0.8556944444444444,0.8602777777777778,0.8679629629629629,0.8458333333333333,0.8543333333333333,0.5554166666666667,0.5807407407407408,0.6305092592592593,0.5141666666666667,0.6088888888888889,0.7379861111111111,0.0034027777777777546,0.7951851851851852,0.0009259259259259411,0.8981712962962962,0.00030092592592595446,0.9329583333333333,0.00012500000000004174,0.6223611111111111,0.0043055555555555625,50,50,392,3.5976634359994932,44,0.30027777777777775,0.27953703703703703,0.23745370370370367,0.33166666666666667,0.24544444444444435,3.5179504839998117,random,0.012645744999645103,1
false,0.25,50,50,0.5804166666666667,0.6086111111111111,0.6458796296296296,0.5230555555555556,0.6194722222222222,0.8556944444444444,0.8602777777777778,0.8679629629629629,0.8458333333333333,0.8543333333333333,0.5609722222222222,0.5827777777777777,0.6315277777777778,0.49944444444444447,0.6093611111111111,0.7402777777777777,0.010172761783533836,0.801358024691358,0.004424035789728671,0.897746913580247,0.001588681915016184,0.9319074074074073,0.0003694432841344106,0.6349999999999999,0.008716499656120216,50,50,393,3.8678275049996955,45,0.2947222222222222,0.2775000000000001,0.23643518518518514,0.34638888888888886,0.24497222222222215,3.776726557999609,random,0.020425990000148886,1
false,0.25,50,50,0.5843055555555555,0.6088888888888889,0.6444907407407408,0.5255555555555556,0.6193888888888889,0.8556944444444444,0.8602777777777778,0.8679629629629629,0.8458333333333333,0.8543333333333333,0.5643055555555555,0.5839814814814814,0.6308796296296296,0.5086111111111111,0.6093333333333333,0.7390625000000001,0.0035537308143157543,0.7992592592592592,0.005293592290832735,0.899525462962963,0.0018508026541686417,0.9328333333333334,0.0013845766389535073,0.6295138888888889,0.008320302311548278,50,50,394,3.635500014000172,46,0.2913888888888889,0.2762962962962964,0.2370833333333333,0.3372222222222222,0.245,3.540052440999716,random,0.011615914000685734,1
false,0.5,50,50,0.6098611111111111,0.625462962962963,0.6621296296296296,0.5647222222222222,0.6316666666666667,0.8556944444444444,0.8602777777777778,0.8679629629629629,0.8458333333333333,0.8543333333333333,0.5895833333333333,0.6032407407407407,0.6467592592592593,0.5397222222222222,0.6213888888888889,,,,,,,,,,,50,50,395,3.6578088710002703,42,0.2661111111111111,0.25703703703703706,0.22120370370370368,0.3061111111111111,0.2329444444444444,3.593371455000124,random,0.027236842999627697,1
false,0.5,50,50,0.6009722222222222,0.6222222222222222,0.661712962962963,0.55,0.6306111111111111,0.8556944444444444,0.8602777777777778,0.8679629629629629,0.8458333333333333,0.8543333333333333,0.5763888888888888,0.5946296296296296,0.6449537037037038,0.5202777777777777,0.6200833333333333,0.7744444444444445,0.0,0.8177777777777778,0.0,0.9070833333333334,0.0,0.9375555555555556,0.0,0.6858333333333333,0.0,50,50,396,3.6043692769999325,43,0.2793055555555556,0.2656481481481482,0.22300925925925918,0.3255555555555556,0.23424999999999996,3.532073281000521,random,0.02574731700042321,1
false,0.5,50,50,0.6029166666666667,0.6251851851851852,0.6593518518518519,0.5677777777777778,0.6307777777777778,0.8556944444444444,0.8602777777777778,0.8679629629629629,0.8458333333333333,0.8543333333333333,0.5805555555555556,0.6007407407407407,0.6438888888888888,0.5388888888888889,0.6207777777777778,0.7695138888888888,0.005625000000000047,0.8175462962962963,0.001435185185185206,0.9071064814814815,0.0013194444444444842,0.9341388888888889,0.0014722222222222081,0.6848611111111111,0.005694444444444446,50,50,397,3.6210892899998726,44,0.2751388888888888,0.2595370370370371,0.2240740740740741,0.30694444444444446,0.23355555555555552,3.5495890219999637,random,0.01355194100051449,1
false,0.5,50,50,0.6002777777777778,0.6237037037037036,0.658425925925926,0.5477777777777778,0.6325277777777778,0.8556944444444444,0.8602777777777778,0.8679629629629629,0.8458333333333333,0.8543333333333333,0.5788888888888889,0.5978703703703704,0.6427314814814815,0.5261111111111111,0.6220555555555556,0.7723611111111112,0.00544685320864654,0.8178395061728395,0.002642090686300356,0.9047067901234568,0.00035122860113399597,0.9352222222222223,0.0019823033947837525,0.6834259259259259,0.00978769839035311,50,50,398,3.946625669000241,45,0.2768055555555555,0.2624074074074074,0.22523148148148142,0.31972222222222224,0.2322777777777777,3.8322597950000272,random,0.039383100000122795,1
false,0.5,50,50,0.6033333333333334,0.6248148148148148,0.6599074074074074,0.5575,0.6322222222222222,0.8556944444444444,0.8602777777777778,0.8679629629629629,0.8458333333333333,0.8543333333333333,0.5826388888888889,0.601574074074074,0.6448611111111111,0.5347222222222222,0.6221111111111111,0.7721180555555556,0.006125594421899394,0.8180092592592593,0.0032264898303751882,0.9025347222222222,0.0033782618680786485,0.9354791666666666,0.0022892980183162603,0.6844444444444444,0.008251917098618328,50,50,399,3.996354693000285,46,0.2730555555555555,0.25870370370370377,0.22310185185185183,0.3111111111111111,0.23222222222222222,3.855591464999634,random,0.05893157600075938,1
false,0.0,5,100,0.5458333333333333,0.5738888888888889,0.6289814814814815,0.4855555555555556,0.6101944444444445,0.8556944444444444,0.8602777777777778,0.8679629629629629,0.8458333333333333,0.8543333333333333,0.5294444444444445,0.5572222222222222,0.6175462962962963,0.4713888888888889,0.6001944444444445,,,,,,,,,,,5,100,400,2.1209768460003033,42,0.32624999999999993,0.30305555555555563,0.2504166666666666,0.3744444444444444,0.2541388888888888,2.0723674290002236,random,0.013574352999967232,1
false,0.0,5,100,0.5526388888888889,0.5831481481481482,0.6312962962962962,0.49694444444444447,0.6074444444444445,0.8556944444444444,0.8602777777777778,0.8679629629629629,0.8458333333333333,0.8543333333333333,0.5358333333333334,0.5614814814814815,0.6188425925925926,0.4797222222222222,0.5971111111111111,0.7040277777777778,0.0,0.7670370370370371,0.0,0.8825462962962963,0.0,0.9231944444444444,0.0,0.5816666666666667,0.0,5,100,401,2.1298245450007016,43,0.31986111111111104,0.29879629629629634,0.24912037037037038,0.3661111111111111,0.25722222222222213,2.0548443819998283,random,0.024467678000291926,1
false,0.0,5,100,0.5559722222222222,0.5872222222222222,0.6317592592592592,0.4880555555555556,0.6085,0.8556944444444444,0.8602777777777778,0.8679629629629629,0.8458333333333333,0.8543333333333333,0.5390277777777778,0.5662037037037037,0.6175925925925926,0.47805555555555557,0.5989444444444444,0.7026388888888888,0.010138888888888864,0.7741666666666667,0.0037962962962962976,0.8847453703703703,0.0027546296296296346,0.9137916666666667,0.002874999999999961,0.5844444444444444,0.0033333333333332993,5,100,402,2.1313849489997665,44,0.31666666666666665,0.29407407407407415,0.25037037037037035,0.36777777777777776,0.2553888888888889,2.0602831010000955,random,0.01215881400003127,1
false,0.0,5,100,0.5565277777777777,0.5812962962962963,0.6300462962962963,0.49694444444444447,0.6093611111111111,0.8556944444444444,0.8602777777777778,0.8679629629629629,0.8458333333333333,0.8543333333333333,0.53875,0.5625,0.6177314814814815,0.4825,0.6006388888888889,0.7097222222222221,0.004463212687035208,0.7695987654320987,0.005401851816582519,0.8821450617283951,0.005141506581277167,0.9133703703703704,0.003210253420420213,0.5914814814814816,0.0024251483062423824,5,100,403,2.141735230999984,45,0.3169444444444445,0.2977777777777778,0.25023148148148144,0.36333333333333334,0.25369444444444433,2.0584495049997713,random,0.011843989999761106,1
false,0.0,5,100,0.5502777777777778,0.5833333333333334,0.6310185185185185,0.4866666666666667,0.606,0.8556944444444444,0.8602777777777778,0.8679629629629629,0.8458333333333333,0.8543333333333333,0.5351388888888889,0.5632407407407407,0.6181018518518518,0.4741666666666667,0.5980277777777778,0.7043402777777777,0.006987626161099645,0.7756481481481481,0.0032115083696342035,0.8853935185185184,0.0030056067577391363,0.9175833333333332,0.0035273403053334177,0.5777777777777778,0.008395600699837443,5,100,404,2.175106367999433,46,0.3205555555555555,0.2970370370370371,0.2498611111111111,0.37166666666666665,0.25630555555555545,2.0679452249996757,random,0.024080512000182352,1
false,0.1,5,100,0.5568055555555556,0.5831481481481482,0.6356944444444445,0.4955555555555556,0.6146388888888888,0.8556944444444444,0.8602777777777778,0.8679629629629629,0.8458333333333333,0.8543333333333333,0.5436111111111112,0.5666666666666667,0.6235648148148148,0.4811111111111111,0.6051111111111112,,,,,,,,,,,5,100,405,2.1106990309999674,42,0.31208333333333327,0.29361111111111116,0.2443981481481481,0.3647222222222222,0.24922222222222212,2.052917685000466,random,0.017089636000491737,1
false,0.1,5,100,0.5633333333333334,0.5917592592592592,0.6376851851851851,0.49583333333333335,0.6136388888888888,0.8556944444444444,0.8602777777777778,0.8679629629629629,0.8458333333333333,0.8543333333333333,0.5443055555555556,0.5691666666666667,0.6247222222222222,0.47805555555555557,0.6035277777777778,0.71,0.0,0.7720370370370371,0.0,0.8808796296296296,0.0,0.9200277777777778,0.0,0.5997222222222223,0.0,5,100,406,2.138364032000027,43,0.3113888888888888,0.2911111111111111,0.24324074074074076,0.36777777777777776,0.2508055555555555,2.0594420890001857,random,0.03197894000004453,1
false,0.1,5,100,0.5629166666666666,0.5943518518518518,0.6383796296296296,0.5022222222222222,0.6123888888888889,0.8556944444444444,0.8602777777777778,0.8679629629629629,0.8458333333333333,0.8543333333333333,0.5470833333333334,0.5740740740740741,0.6237962962962963,0.48777777777777775,0.6029166666666667,0.7165972222222222,0.0054861111111110805,0.780324074074074,0.00023148148148149916,0.8841435185185185,0.0008101851851852193,0.9132916666666666,0.000347222222222221,0.5976388888888888,0.0012500000000000289,5,100,407,2.143384386999969,44,0.30861111111111106,0.28620370370370374,0.24416666666666664,0.35805555555555557,0.2514166666666666,2.0591095620002307,random,0.024203689000387385,1
false,0.1,5,100,0.5644444444444444,0.5873148148148148,0.6353703703703704,0.5108333333333334,0.6146666666666667,0.8556944444444444,0.8602777777777778,0.8679629629629629,0.8458333333333333,0.8543333333333333,0.5473611111111111,0.5674074074074074,0.6211111111111111,0.4930555555555556,0.6045555555555555,0.7189814814814816,0.007831603871774246,0.7765123456790123,0.006643191407326693,0.8818981481481482,0.0016407449209878983,0.9146944444444446,0.005362909888217004,0.6057407407407407,0.004184119825072224,5,100,408,2.2853545269999813,45,0.30833333333333335,0.29287037037037045,0.24685185185185188,0.35277777777777775,0.24977777777777777,2.1409323380003116,random,0.07365079100054572,1
false,0.1,5,100,0.5577777777777778,0.591574074074074,0.6367592592592592,0.4886111111111111,0.6127222222222222,0.8556944444444444,0.8602777777777778,0.8679629629629629,0.8458333333333333,0.8543333333333333,0.5433333333333333,0.5698148148148148,0.6230092592592592,0.4761111111111111,0.604,0.7217013888888888,0.0029485280252071707,0.783148148148148,0.0028516414063767368,0.8860532407407408,0.0018263214088834396,0.9197083333333333,0.0032977557370482365,0.6088888888888889,0.010036584313966467,5,100,409,2.2888942190002126,46,0.3123611111111111,0.29046296296296303,0.24495370370370373,0.36972222222222223,0.2503333333333333,2.1648021319997497,random,0.031157634000010148,1
false,0.25,5,100,0.5718055555555556,0.5961111111111111,0.6453703703703704,0.5158333333333334,0.6200555555555556,0.8556944444444444,0.8602777777777778,0.8679629629629629,0.8458333333333333,0.8543333333333333,0.5544444444444444,0.5757407407407408,0.6319907407407407,0.4975,0.6111111111111112,,,,,,,,,,,5,100,410,2.3462389970000004,42,0.30125,0.28453703703703703,0.23597222222222225,0.34833333333333333,0.24322222222222212,2.273205387999951,random,0.030419996000091487,1
false,0.25,5,100,0.5758333333333333,0.5948148148148148,0.6430092592592592,0.5083333333333333,0.6215555555555555,0.8556944444444444,0.8602777777777778,0.8679629629629629,0.8458333333333333,0.8543333333333333,0.5577777777777778,0.5722222222222222,0.6290740740740741,0.4913888888888889,0.6111388888888889,0.7275,0.0,0.7875,0.0,0.8796759259259259,0.0,0.9146111111111112,0.0,0.6202777777777778,0.0,5,100,411,2.1579331129996717,43,0.2979166666666666,0.2880555555555556,0.23888888888888882,0.35444444444444445,0.24319444444444438,2.0753124490001937,random,0.027256542000031914,1
false,0.25,5,100,0.5677777777777778,0.5980555555555556,0.6426388888888889,0.5069444444444444,0.6195555555555555,0.8556944444444444,0.8602777777777778,0.8679629629629629,0.8458333333333333,0.8543333333333333,0.5540277777777778,0.5783333333333334,0.6283333333333333,0.49083333333333334,0.6088888888888889,0.7274305555555556,0.0009027777777778079,0.7828240740740741,0.0001388888888889106,0.8771296296296296,0.00347222222222221,0.9103888888888889,0.005249999999999977,0.6170833333333333,0.005694444444444446,5,100,412,2.1533438349997596,44,0.30166666666666664,0.28194444444444444,0.23962962962962964,0.355,0.24544444444444435,2.058427534000657,random,0.03425325299940596,1
false,0.25,5,100,0.5805555555555556,0.6010185185185185,0.6434722222222222,0.5322222222222223,0.6226111111111111,0.8556944444444444,0.8602777777777778,0.8679629629629629,0.8458333333333333,0.8543333333333333,0.5605555555555556,0.5796296296296296,0.6299537037037037,0.5072222222222222,0.6125833333333334,0.7374999999999999,0.0014872572596489868,0.788858024691358,0.0031764642790786672,0.8789506172839507,0.0018118098915357133,0.911962962962963,0.00487900586356844,0.6376851851851851,0.009169004565316415,5,100,413,2.3767540930002724,45,0.29513888888888884,0.2806481481481482,0.2380092592592592,0.3386111111111111,0.2417499999999999,2.255669635999766,random,0.03417085799992492,1
false,0.25,5,100,0.56625,0.5983333333333334,0.6423611111111112,0.5080555555555556,0.6183055555555556,0.8556944444444444,0.8602777777777778,0.8679629629629629,0.8458333333333333,0.8543333333333333,0.5493055555555556,0.5775,0.6283333333333333,0.4888888888888889,0.6096666666666667,0.7274999999999999,0.005374659047469249,0.7852083333333333,0.0056167062771068895,0.8766782407407407,0.002632459475976979,0.9097430555555556,0.0012427839554309367,0.62375,0.012104069053600187,5,100,414,2.2286146770002233,46,0.3063888888888888,0.2827777777777778,0.23962962962962964,0.35694444444444445,0.2446666666666666,2.1011113670001578,random,0.04089144099998521,1
false,0.5,5,100,0.5680555555555555,0.5936111111111111,0.6451851851851852,0.5052777777777778,0.6271944444444445,0.8556944444444444,0.8602777777777778,0.8679629629629629,0.8458333333333333,0.8543333333333333,0.5529166666666666,0.5766666666666667,0.6311111111111111,0.4905555555555556,0.6174444444444445,,,,,,,,,,,5,100,415,2.1513685330000953,42,0.3027777777777778,0.28361111111111115,0.23685185185185187,0.35527777777777775,0.23688888888888882,2.087986819999969,random,0.02617762699992454,1
false,0.5,5,100,0.5654166666666667,0.5964814814814815,0.6457407407407407,0.49722222222222223,0.6292222222222222,0.8556944444444444,0.8602777777777778,0.8679629629629629,0.8458333333333333,0.8543333333333333,0.5491666666666667,0.5763888888888888,0.632175925925926,0.47805555555555557,0.61825,0.7113888888888888,0.0,0.7676851851851851,0.0,0.8515277777777778,0.0,0.8842777777777778,0.0,0.6141666666666666,0.0,5,100,416,2.1945375959994635,43,0.30652777777777773,0.28388888888888897,0.23578703703703696,0.36777777777777776,0.2360833333333333,2.131603664999602,random,0.012148306999733904,1
false,0.5,5,100,0.5636111111111111,0.5969444444444445,0.6452314814814815,0.5025,0.6273055555555556,0.8556944444444444,0.8602777777777778,0.8679629629629629,0.8458333333333333,0.8543333333333333,0.5488888888888889,0.5800925925925926,0.6315277777777778,0.48583333333333334,0.6163055555555556,0.7184722222222222,0.006944444444444475,0.7702777777777778,0.006759259259259298,0.85375,0.00564814814814818,0.8851249999999999,0.006374999999999964,0.6206944444444444,0.005138888888888915,5,100,417,2.146382913000707,44,0.30680555555555555,0.2801851851851852,0.23643518518518514,0.36,0.23802777777777773,2.0635134280000784,random,0.024519345000044268,1
false,0.5,5,100,0.5695833333333333,0.5990740740740741,0.6438888888888888,0.5130555555555556,0.6273611111111111,0.8556944444444444,0.8602777777777778,0.8679629629629629,0.8458333333333333,0.8543333333333333,0.5548611111111111,0.5810185185185185,0.6313425925925926,0.4961111111111111,0.6178611111111111,0.7114814814814815,0.004196395997638739,0.7645370370370371,0.005125873295954757,0.8487191358024692,0.006196597797549372,0.8811851851851852,0.005873159169327706,0.6226851851851852,0.006229217848723794,5,100,418,2.156818917000237,45,0.3008333333333333,0.2792592592592593,0.23662037037037031,0.3497222222222222,0.2364722222222222,2.0643847060000553,random,0.019791957999586884,1
false,0.5,5,100,0.5654166666666667,0.5979629629629629,0.6415740740740741,0.49694444444444447,0.6235555555555555,0.8556944444444444,0.8602777777777778,0.8679629629629629,0.8458333333333333,0.8543333333333333,0.5468055555555555,0.5768518518518518,0.626712962962963,0.47833333333333333,0.6135,0.7049652777777777,0.002604629588484655,0.7586805555555556,0.005554928591165658,0.8431018518518518,0.004682338836753196,0.8716041666666666,0.00468223984697154,0.6077083333333333,0.0045320148886138015,5,100,419,2.25662694499988,46,0.3088888888888889,0.28342592592592597,0.24124999999999996,0.3675,0.24083333333333323,2.1623928500002876,random,0.010924274999524641,1
false,0.0,10,100,0.5536111111111112,0.5834259259259259,0.631712962962963,0.49333333333333335,0.6086111111111111,0.8556944444444444,0.8602777777777778,0.8679629629629629,0.8458333333333333,0.8543333333333333,0.5391666666666667,0.5639814814814815,0.6174074074074074,0.4841666666666667,0.5995555555555555,,,,,,,,,,,10,100,420,2.6208595990001413,42,0.31652777777777774,0.2962962962962963,0.25055555555555553,0.36166666666666664,0.25477777777777777,2.5586846799997147,random,0.025779323000278964,1
false,0.0,10,100,0.5534722222222223,0.58,0.6300462962962963,0.49444444444444446,0.6078333333333333,0.8556944444444444,0.8602777777777778,0.8679629629629629,0.8458333333333333,0.8543333333333333,0.5352777777777777,0.5601851851851852,0.6168981481481481,0.4847222222222222,0.5981111111111111,0.7066666666666667,0.0,0.7594444444444445,0.0,0.8884722222222222,0.0,0.9246111111111112,0.0,0.5888888888888889,0.0,10,100,421,2.653853232000074,43,0.3204166666666667,0.3000925925925926,0.2510648148148148,0.3611111111111111,0.25622222222222213,2.5753249669996876,random,0.03106805900006293,1
false,0.0,10,100,0.5543055555555556,0.5817592592592593,0.632962962962963,0.5041666666666667,0.6108055555555556,0.8556944444444444,0.8602777777777778,0.8679629629629629,0.8458333333333333,0.8543333333333333,0.5375,0.5596296296296296,0.6198148148148148,0.4886111111111111,0.60125,0.7052083333333333,0.002986111111111134,0.7641666666666667,0.0011111111111110628,0.8892824074074075,0.0002083333333333104,0.9192222222222223,0.000694444444444442,0.5980555555555556,0.008611111111111125,10,100,422,2.6602001940000264,44,0.31819444444444445,0.3006481481481482,0.24814814814814812,0.3572222222222222,0.2530833333333333,2.5752962570004456,random,0.017793563000850554,1
false,0.0,10,100,0.5577777777777778,0.5911111111111111,0.628287037037037,0.49972222222222223,0.6069166666666667,0.8556944444444444,0.8602777777777778,0.8679629629629629,0.8458333333333333,0.8543333333333333,0.5402777777777777,0.570462962962963,0.6150925925925926,0.48833333333333334,0.598,0.7112037037037037,0.002801595420445772,0.7692283950617284,0.00361967434606894,0.88554012345679,0.002308736876639295,0.9230833333333331,0.003489254522006308,0.5912037037037037,0.006070290149290301,10,100,423,2.663080342000285,45,0.3154166666666667,0.28981481481481486,0.2528703703703703,0.3575,0.2563333333333333,2.557480387000396,random,0.03231974700065621,1
false,0.0,10,100,0.5530555555555555,0.5850925925925926,0.6337037037037037,0.5013888888888889,0.6085277777777778,0.8556944444444444,0.8602777777777778,0.8679629629629629,0.8458333333333333,0.8543333333333333,0.5355555555555556,0.5632407407407407,0.6201851851851852,0.4872222222222222,0.5991111111111111,0.708923611111111,0.002574834811314224,0.7712731481481483,0.005200199409888659,0.8854282407407408,0.0027629571836773007,0.9204444444444444,0.0027661562447501677,0.5940277777777777,0.004986478630837843,10,100,424,2.6606203900000764,46,0.32013888888888886,0.2970370370370371,0.24777777777777776,0.3586111111111111,0.25522222222222213,2.564285860000382,random,0.010688253999433073,1
false,0.1,10,100,0.5702777777777778,0.5985185185185186,0.6383333333333333,0.5147222222222222,0.6133055555555555,0.8556944444444444,0.8602777777777778,0.8679629629629629,0.8458333333333333,0.8543333333333333,0.5541666666666667,0.5768518518518518,0.6242129629629629,0.49805555555555553,0.6038888888888889,,,,,,,,,,,10,100,425,2.644668676999572,42,0.30152777777777773,0.28342592592592597,0.24375000000000002,0.3477777777777778,0.25044444444444436,2.5819614380006897,random,0.027430647000073805,1
false,0.1,10,100,0.5734722222222223,0.5964814814814815,0.6376388888888889,0.5205555555555555,0.6140555555555556,0.8556944444444444,0.8602777777777778,0.8679629629629629,0.8458333333333333,0.8543333333333333,0.5544444444444444,0.572037037037037,0.6244907407407407,0.5061111111111111,0.6042777777777778,0.7295833333333334,0.0,0.7765740740740741,0.0,0.8953703703703704,0.0,0.9268888888888889,0.0,0.6241666666666666,0.0,10,100,426,2.63340755200079,43,0.30125,0.2882407407407408,0.2434722222222222,0.33972222222222226,0.2500555555555555,2.57341584400001,random,0.011905782999747316,1
false,0.1,10,100,0.5679166666666666,0.5967592592592592,0.6406944444444445,0.5255555555555556,0.61675,0.8556944444444444,0.8602777777777778,0.8679629629629629,0.8458333333333333,0.8543333333333333,0.5498611111111111,0.5739814814814815,0.6270833333333333,0.5091666666666667,0.6075833333333334,0.7270833333333333,0.000694444444444442,0.7856018518518519,0.0007870370370370305,0.8927546296296296,0.0021527777777777812,0.9230833333333333,0.0012500000000000289,0.6326388888888889,0.0043055555555555625,10,100,427,2.6672157080001853,44,0.3058333333333333,0.28629629629629627,0.2408796296296296,0.33666666666666667,0.2467499999999999,2.5711613819994454,random,0.030700299999807612,1
false,0.1,10,100,0.5769444444444445,0.5990740740740741,0.6378703703703704,0.5202777777777777,0.6130555555555556,0.8556944444444444,0.8602777777777778,0.8679629629629629,0.8458333333333333,0.8543333333333333,0.5584722222222223,0.5768518518518518,0.6231944444444445,0.5022222222222222,0.60325,0.7329166666666667,0.0033120462263925917,0.786141975308642,0.0020570472472779683,0.8915432098765432,0.000567431367618836,0.9267685185185185,0.0020478249694796035,0.6289814814814815,0.007301323705080143,10,100,428,2.654304529000001,45,0.29722222222222217,0.28342592592592597,0.24476851851851844,0.3436111111111111,0.2510833333333333,2.56455361099961,random,0.017174196999803826,1
false,0.1,10,100,0.5709722222222222,0.595462962962963,0.6402777777777777,0.5233333333333333,0.6138055555555556,0.8556944444444444,0.8602777777777778,0.8679629629629629,0.8458333333333333,0.8543333333333333,0.5513888888888889,0.5730555555555555,0.6268055555555555,0.5063888888888889,0.6036388888888888,0.7285416666666666,0.0011389735740872898,0.7869444444444444,0.004005633036356162,0.8905324074074074,0.0020521065074624576,0.9221458333333333,0.0002710113375150895,0.6313194444444444,0.0028421363791223454,10,100,429,2.6640310090006096,46,0.3043055555555555,0.28722222222222227,0.24115740740740743,0.33944444444444444,0.25069444444444444,2.568635304000054,random,0.010375348000707163,1
false,0.25,10,100,0.5843055555555555,0.6134259259259259,0.6467592592592593,0.5327777777777778,0.6213333333333333,0.8556944444444444,0.8602777777777778,0.8679629629629629,0.8458333333333333,0.8543333333333333,0.5676388888888889,0.5903703703703703,0.6324537037037037,0.5108333333333334,0.6124166666666667,,,,,,,,,,,10,100,430,2.6184935870005575,42,0.2880555555555555,0.2699074074074075,0.23550925925925925,0.33499999999999996,0.24191666666666656,2.570936721999715,random,0.01156294100019295,1
false,0.25,10,100,0.5884722222222222,0.6151851851851852,0.6473148148148148,0.5358333333333334,0.6229444444444444,0.8556944444444444,0.8602777777777778,0.8679629629629629,0.8458333333333333,0.8543333333333333,0.5677777777777778,0.5911111111111111,0.6326851851851852,0.515,0.6123611111111111,0.7548611111111111,0.0,0.8003703703703704,0.0,0.8969444444444444,0.0,0.9250833333333334,0.0,0.66,0.0,10,100,431,2.6657071529998575,43,0.2879166666666666,0.26916666666666667,0.2352777777777777,0.3308333333333333,0.24197222222222214,2.590305744000034,random,0.025767082999664126,1
false,0.25,10,100,0.5815277777777778,0.6112037037037037,0.6488425925925926,0.5480555555555555,0.6246111111111111,0.8556944444444444,0.8602777777777778,0.8679629629629629,0.8458333333333333,0.8543333333333333,0.5641666666666667,0.5867592592592593,0.6344907407407407,0.5294444444444445,0.6143611111111111,0.7504861111111112,0.004097222222222252,0.799537037037037,0.002592592592592591,0.8962037037037037,0.00018518518518517713,0.9227222222222222,0.0010000000000000009,0.6654166666666667,0.000694444444444442,10,100,432,2.779682063999644,44,0.2915277777777777,0.2735185185185185,0.2334722222222222,0.31638888888888883,0.23997222222222214,2.6931525399995735,random,0.024628930000289984,1
false,0.25,10,100,0.5941666666666666,0.6148148148148148,0.6482407407407408,0.5486111111111112,0.6227222222222222,0.8556944444444444,0.8602777777777778,0.8679629629629629,0.8458333333333333,0.8543333333333333,0.5741666666666667,0.5910185185185185,0.6332407407407408,0.5255555555555556,0.6127222222222222,0.7514814814814814,0.00172107687920751,0.8025925925925925,0.0030212250230901684,0.8952006172839506,0.001484532609113103,0.9252870370370371,0.0016052468839088396,0.6624074074074074,0.008667181054693784,10,100,433,2.665209615999629,45,0.2815277777777777,0.2692592592592593,0.23472222222222217,0.3202777777777778,0.2416111111111111,2.5656158179999693,random,0.027940654000303766,1
false,0.25,10,100,0.5893055555555555,0.6106481481481482,0.6491203703703704,0.5502777777777778,0.6226944444444444,0.8556944444444444,0.8602777777777778,0.8679629629629629,0.8458333333333333,0.8543333333333333,0.5690277777777778,0.5869444444444445,0.6339814814814815,0.5272222222222223,0.6118611111111111,0.7580555555555556,0.00425485380056675,0.8058333333333334,0.0015410478682493834,0.8949421296296296,0.0010492905165560278,0.9239861111111112,0.0008813701104558442,0.6691666666666667,0.00213365159663017,10,100,434,2.698744583000007,46,0.2866666666666666,0.2733333333333333,0.23398148148148146,0.31861111111111107,0.2424722222222222,2.583632822999789,random,0.032247684999674675,1
false,0.5,10,100,0.60125,0.6317592592592592,0.6600925925925926,0.5675,0.6364722222222222,0.8556944444444444,0.8602777777777778,0.8679629629629629,0.8458333333333333,0.8543333333333333,0.58625,0.6087037037037037,0.6450925925925926,0.5444444444444444,0.6269722222222223,,,,,,,,,,,10,100,435,2.64862817500034,42,0.2694444444444444,0.25157407407407406,0.22287037037037039,0.30138888888888893,0.22736111111111101,2.5838126340004237,random,0.026632857000549848,1
false,0.5,10,100,0.6108333333333333,0.629537037037037,0.6606944444444445,0.5627777777777778,0.6370277777777777,0.8556944444444444,0.8602777777777778,0.8679629629629629,0.8458333333333333,0.8543333333333333,0.5901388888888889,0.6052777777777778,0.645787037037037,0.5397222222222222,0.6266388888888889,0.7718055555555555,0.0,0.8187962962962962,0.0,0.8941203703703704,0.0,0.9216388888888889,0.0,0.7030555555555555,0.0,10,100,436,2.662210036000033,43,0.26555555555555554,0.255,0.22217592592592594,0.3061111111111111,0.22769444444444442,2.5872033679997912,random,0.025375564000569284,1
false,0.5,10,100,0.6033333333333334,0.6301851851851852,0.6639351851851852,0.5672222222222222,0.6388611111111111,0.8556944444444444,0.8602777777777778,0.8679629629629629,0.8458333333333333,0.8543333333333333,0.5866666666666667,0.6056481481481482,0.6493981481481481,0.5422222222222223,0.6286944444444444,0.7742361111111111,0.0007638888888888973,0.8200925925925926,0.0024074074074074137,0.8947453703703703,0.000347222222222221,0.9222083333333333,0.00031944444444442777,0.695,0.001388888888888884,10,100,437,2.650487057000646,44,0.26902777777777775,0.25462962962962965,0.21856481481481482,0.30361111111111105,0.22563888888888883,2.5769483789999867,random,0.013939014000243333,1
false,0.5,10,100,0.6054166666666667,0.6290740740740741,0.6641666666666667,0.5675,0.6376666666666667,0.8556944444444444,0.8602777777777778,0.8679629629629629,0.8458333333333333,0.8543333333333333,0.5897222222222223,0.6063888888888889,0.6484722222222222,0.5411111111111111,0.62725,0.7778703703703704,0.003404588205712993,0.8210185185185185,0.0021635780454718097,0.8915895061728395,0.0015823734245195822,0.9215555555555556,0.0009452610848429527,0.7023148148148147,0.0024879683041749007,10,100,438,2.654675273999601,45,0.26597222222222217,0.25388888888888894,0.2194907407407407,0.3047222222222222,0.2270833333333333,2.572620001999894,random,0.011326756000016758,1
false,0.5,10,100,0.6098611111111111,0.63,0.6628240740740741,0.5758333333333333,0.6366666666666667,0.8556944444444444,0.8602777777777778,0.8679629629629629,0.8458333333333333,0.8543333333333333,0.5909722222222222,0.606574074074074,0.647824074074074,0.5466666666666666,0.6261111111111111,0.7834374999999999,0.005337179421951159,0.825,0.003551864403484556,0.8941782407407407,0.0014942214798793175,0.9209930555555556,0.0017217041111341703,0.7102083333333333,0.004046293647765911,10,100,439,2.6781943540008797,46,0.2647222222222222,0.25370370370370376,0.22013888888888888,0.2991666666666667,0.22822222222222222,2.570225567000307,random,0.026151848000154132,1
false,0.0,20,100,0.5584722222222223,0.5825,0.6311574074074074,0.4936111111111111,0.6091388888888889,0.8556944444444444,0.8602777777777778,0.8679629629629629,0.8458333333333333,0.8543333333333333,0.5390277777777778,0.5652777777777778,0.6190277777777777,0.4847222222222222,0.6002777777777778,,,,,,,,,,,20,100,440,3.542578563999996,42,0.31666666666666665,0.29500000000000004,0.2489351851851852,0.3611111111111111,0.2540555555555555,3.4939650100004656,random,0.011270222999883117,1
false,0.0,20,100,0.5530555555555555,0.5826851851851852,0.6345833333333334,0.49166666666666664,0.6081944444444445,0.8556944444444444,0.8602777777777778,0.8679629629629629,0.8458333333333333,0.8543333333333333,0.5369444444444444,0.5624074074074074,0.622175925925926,0.47583333333333333,0.5980555555555556,0.6976388888888889,0.0,0.7576851851851852,0.0,0.8831944444444444,0.0,0.91525,0.0,0.5827777777777777,0.0,20,100,441,3.8578562809998402,43,0.31875,0.29787037037037045,0.24578703703703697,0.37,0.2562777777777777,3.77570194800046,random,0.021654383999702986,1
false,0.0,20,100,0.5540277777777778,0.585462962962963,0.6306944444444444,0.4905555555555556,0.6071666666666666,0.8556944444444444,0.8602777777777778,0.8679629629629629,0.8458333333333333,0.8543333333333333,0.5384722222222222,0.5645370370370371,0.6186574074074074,0.4775,0.5975,0.6959722222222222,0.0011111111111111183,0.7609259259259259,0.0037962962962962976,0.882662037037037,0.001041666666666663,0.9173194444444445,0.0011527777777777803,0.5763888888888888,0.0030555555555555336,20,100,442,3.6315878690002137,44,0.3172222222222222,0.29574074074074075,0.24930555555555556,0.36833333333333335,0.25683333333333325,3.5492815529996733,random,0.02082578200042917,1
false,0.0,20,100,0.5541666666666667,0.5775,0.627175925925926,0.4841666666666667,0.6090833333333333,0.8556944444444444,0.8602777777777778,0.8679629629629629,0.8458333333333333,0.8543333333333333,0.5377777777777778,0.5619444444444445,0.6146759259259259,0.4716666666666667,0.6001666666666666,0.6989351851851852,0.00600746848852352,0.7566358024691359,0.007421411659082467,0.8834413580246913,0.0016092356995344034,0.9170648148148147,0.0008026234419544451,0.5747222222222222,0.0029658550700086624,20,100,443,3.8157152750000023,45,0.3179166666666666,0.29833333333333334,0.25328703703703703,0.37416666666666665,0.25416666666666665,3.725523336000151,random,0.018653549999726238,1
false,0.0,20,100,0.5511111111111111,0.5849074074074074,0.6336111111111111,0.5013888888888889,0.6083333333333333,0.8556944444444444,0.8602777777777778,0.8679629629629629,0.8458333333333333,0.8543333333333333,0.5348611111111111,0.5648148148148148,0.6222685185185185,0.4816666666666667,0.5985277777777778,0.7021527777777778,0.0022058861353150905,0.7649074074074075,0.002170501512913161,0.8838773148148148,0.00292737141246008,0.9196319444444444,0.0026183686815399415,0.5827777777777778,0.001194767398200371,20,100,444,3.6217317749997164,46,0.3208333333333333,0.29546296296296304,0.24569444444444444,0.36416666666666664,0.2558055555555555,3.4901050579992443,random,0.04924505399958434,1
false,0.1,20,100,0.5688888888888889,0.5962962962962963,0.6381944444444444,0.5169444444444444,0.6143333333333333,0.8556944444444444,0.8602777777777778,0.8679629629629629,0.8458333333333333,0.8543333333333333,0.5494444444444444,0.575925925925926,0.6253240740740741,0.5047222222222222,0.6045833333333334,,,,,,,,,,,20,100,445,3.5475618229993415,42,0.30625,0.28435185185185186,0.24263888888888885,0.34111111111111114,0.24974999999999992,3.498615894000068,random,0.012899254000330984,1
false,0.1,20,100,0.5695833333333333,0.5999074074074074,0.6422222222222222,0.5283333333333333,0.6139444444444444,0.8556944444444444,0.8602777777777778,0.8679629629629629,0.8458333333333333,0.8543333333333333,0.5526388888888889,0.5767592592592593,0.628287037037037,0.5080555555555556,0.604,0.7198611111111111,0.0,0.7735185185185185,0.0,0.8941203703703704,0.0,0.9223888888888889,0.0,0.6033333333333334,0.0,20,100,446,3.626286130000153,43,0.3030555555555555,0.2835185185185185,0.2396759259259259,0.33777777777777773,0.2503333333333333,3.530837739999697,random,0.04558278900003643,1
false,0.1,20,100,0.5690277777777778,0.5939814814814814,0.6359722222222223,0.5116666666666667,0.6137222222222222,0.8556944444444444,0.8602777777777778,0.8679629629629629,0.8458333333333333,0.8543333333333333,0.5515277777777777,0.5734259259259259,0.6235648148148148,0.4925,0.6029444444444444,0.7225694444444445,0.0007638888888888973,0.7718518518518518,0.0008333333333332971,0.8874074074074074,0.0016666666666667052,0.9213888888888888,0.0012500000000000289,0.6097222222222223,0.003333333333333355,20,100,447,3.671477295999466,44,0.3041666666666667,0.2868518518518519,0.2443981481481481,0.35333333333333333,0.2513888888888889,3.591695060999882,random,0.01888895499996579,1
false,0.1,20,100,0.5672222222222222,0.5906481481481481,0.6358796296296296,0.5086111111111111,0.6158611111111111,0.8556944444444444,0.8602777777777778,0.8679629629629629,0.8458333333333333,0.8543333333333333,0.5518055555555555,0.5742592592592592,0.6219907407407408,0.49166666666666664,0.6064444444444445,0.7227314814814815,0.0035306807342477126,0.7778703703703704,0.006053790281454577,0.891820987654321,0.003821493713870507,0.9223703703703704,0.0009409885937713148,0.6132407407407406,0.0019289506162962749,20,100,448,4.246557903000394,45,0.3038888888888889,0.28601851851851856,0.24597222222222215,0.3541666666666667,0.24788888888888883,4.1383715989995835,random,0.030229143999349617,1
false,0.1,20,100,0.5673611111111111,0.5975925925925926,0.6367592592592592,0.5161111111111111,0.6142222222222222,0.8556944444444444,0.8602777777777778,0.8679629629629629,0.8458333333333333,0.8543333333333333,0.5501388888888888,0.5775925925925925,0.6240277777777777,0.49416666666666664,0.6043055555555555,0.7239583333333334,0.0011723571538981748,0.7806481481481482,0.003053450453303883,0.8916203703703703,0.003994246333451524,0.9206388888888888,0.0014354689086337926,0.6174999999999999,0.004280843057617328,20,100,449,4.193385246999242,46,0.3055555555555556,0.28268518518518526,0.2439351851851852,0.3516666666666667,0.25002777777777774,4.068537965999894,random,0.03039096900010918,1
false,0.25,20,100,0.5888888888888889,0.610462962962963,0.6496296296296297,0.5408333333333334,0.6224722222222222,0.8556944444444444,0.8602777777777778,0.8679629629629629,0.8458333333333333,0.8543333333333333,0.5698611111111112,0.5873148148148148,0.6359259259259259,0.5258333333333334,0.6121666666666666,,,,,,,,,,,20,100,450,4.053692663999755,42,0.2858333333333333,0.27296296296296296,0.23203703703703704,0.31999999999999995,0.24216666666666664,3.9793021669993323,random,0.025799877000281413,1
false,0.25,20,100,0.5822222222222222,0.6126851851851852,0.6494444444444445,0.5477777777777778,0.6229444444444444,0.8556944444444444,0.8602777777777778,0.8679629629629629,0.8458333333333333,0.8543333333333333,0.5647222222222222,0.5882407407407407,0.6349537037037037,0.5225,0.613,0.7465277777777778,0.0,0.7996296296296296,0.0,0.8969444444444444,0.0,0.9265833333333333,0.0,0.6561111111111111,0.0,20,100,451,4.176128353999957,43,0.2909722222222222,0.2720370370370371,0.2330092592592592,0.32333333333333336,0.2413333333333333,4.0972230199995465,random,0.026931488000627724,1
false,0.25,20,100,0.5866666666666667,0.6114814814814815,0.6469444444444444,0.54,0.6230277777777777,0.8556944444444444,0.8602777777777778,0.8679629629629629,0.8458333333333333,0.8543333333333333,0.57,0.5897222222222223,0.6330092592592592,0.5161111111111111,0.6122222222222222,0.7445138888888889,0.0032638888888888995,0.7963425925925927,0.0010648148148148517,0.8902777777777777,0.0013888888888889395,0.9231527777777777,0.00012499999999998623,0.6495833333333334,0.0009722222222222077,20,100,452,4.1396220000006,44,0.2856944444444445,0.27055555555555555,0.23495370370370372,0.32972222222222225,0.24211111111111105,4.049605741999585,random,0.026122777000637143,1
false,0.25,20,100,0.5816666666666667,0.6079629629629629,0.6451388888888889,0.5380555555555555,0.6236666666666667,0.8556944444444444,0.8602777777777778,0.8679629629629629,0.8458333333333333,0.8543333333333333,0.5690277777777778,0.5890740740740741,0.6302314814814814,0.5186111111111111,0.6131111111111112,0.7508796296296296,0.004912209390630012,0.79820987654321,0.005189776039399469,0.8940740740740741,0.0041622061172209126,0.9242222222222223,0.0006090030982372462,0.6602777777777779,0.0037129514177339437,20,100,453,4.217211547000261,45,0.2866666666666666,0.2712037037037037,0.2377314814814815,0.3272222222222222,0.24122222222222212,4.103685236000274,random,0.03300745800061122,1
false,0.25,20,100,0.5841666666666666,0.6119444444444444,0.647824074074074,0.5430555555555555,0.6241944444444445,0.8556944444444444,0.8602777777777778,0.8679629629629629,0.8458333333333333,0.8543333333333333,0.5668055555555556,0.5916666666666667,0.6341666666666667,0.5175,0.6139444444444444,0.7492708333333333,0.005995895426029109,0.8000231481481481,0.0021178974338873077,0.8953819444444444,0.002933953584057185,0.9260833333333333,0.0008644647955330574,0.6652083333333334,0.00736602299433601,20,100,454,3.8986071210001683,46,0.28888888888888886,0.26861111111111113,0.23379629629629628,0.32833333333333337,0.24038888888888887,3.7720986140002424,random,0.03148641200004931,1
false,0.5,20,100,0.6072222222222222,0.6297222222222222,0.664212962962963,0.5702777777777778,0.6383055555555556,0.8556944444444444,0.8602777777777778,0.8679629629629629,0.8458333333333333,0.8543333333333333,0.5865277777777778,0.6055555555555555,0.6488425925925926,0.5461111111111111,0.6273611111111111,,,,,,,,,,,20,100,455,3.7670052840003336,42,0.26916666666666667,0.2547222222222223,0.21912037037037035,0.2997222222222222,0.22697222222222213,3.70450979799989,random,0.026082725999913237,1
false,0.5,20,100,0.6127777777777778,0.63,0.6608796296296297,0.5805555555555556,0.6386944444444445,0.8556944444444444,0.8602777777777778,0.8679629629629629,0.8458333333333333,0.8543333333333333,0.5926388888888889,0.6058333333333333,0.6464814814814814,0.5494444444444444,0.6281944444444445,0.7848611111111111,0.0,0.8211111111111111,0.0,0.8981944444444444,0.0,0.9228333333333333,0.0,0.7063888888888888,0.0,20,100,456,3.8518523459997596,43,0.2630555555555555,0.2544444444444445,0.2214814814814815,0.2963888888888889,0.22613888888888878,3.7640526589993897,random,0.03126904900000227,1
false,0.5,20,100,0.6079166666666667,0.6317592592592592,0.6614814814814814,0.5702777777777778,0.6381111111111111,0.8556944444444444,0.8602777777777778,0.8679629629629629,0.8458333333333333,0.8543333333333333,0.5918055555555556,0.6098148148148148,0.6468055555555555,0.5430555555555555,0.6283888888888889,0.7778472222222222,6.94444444444553e-05,0.8187037037037037,0.0016666666666667052,0.8948148148148148,0.00037037037037035425,0.9228472222222223,0.0005416666666666625,0.6972222222222222,0.005555555555555536,20,100,457,3.8648399710000376,44,0.26388888888888884,0.250462962962963,0.2211574074074074,0.3027777777777778,0.2259444444444444,3.7396598089999316,random,0.06293523800013645,1
false,0.5,20,100,0.6040277777777778,0.6275,0.6612962962962963,0.5647222222222222,0.6380277777777777,0.8556944444444444,0.8602777777777778,0.8679629629629629,0.8458333333333333,0.8543333333333333,0.5904166666666667,0.6057407407407407,0.6449537037037038,0.5413888888888889,0.6269166666666667,0.7824074074074074,0.007585531947368877,0.8195679012345679,0.0016994938145600009,0.8960956790123458,0.003464978727155098,0.9230833333333334,0.001013286223726253,0.701574074074074,0.00549191949123588,20,100,458,4.216845959999773,45,0.2652777777777777,0.2545370370370371,0.22300925925925918,0.3044444444444444,0.2274166666666666,4.100476487999913,random,0.035081686999546946,1
false,0.5,20,100,0.6108333333333333,0.6325,0.6607407407407407,0.5691666666666667,0.6383611111111112,0.8556944444444444,0.8602777777777778,0.8679629629629629,0.8458333333333333,0.8543333333333333,0.5904166666666667,0.6111111111111112,0.6465740740740741,0.5375,0.6281944444444445,0.7790625,0.0053335639056062,0.8205555555555556,0.004134132240593669,0.8952777777777778,0.001568276359810602,0.9248402777777778,0.00048764638511281615,0.7008333333333334,0.009109671295448088,20,100,459,4.014373932000126,46,0.2652777777777777,0.24916666666666665,0.22138888888888886,0.30833333333333335,0.22613888888888878,3.8943446940002104,random,0.030331853999996383,1
false,0.0,50,100,0.5491666666666667,0.5787962962962963,0.6302777777777778,0.4938888888888889,0.6088333333333333,0.8556944444444444,0.8602777777777778,0.8679629629629629,0.8458333333333333,0.8543333333333333,0.5301388888888889,0.5592592592592592,0.6172222222222222,0.4791666666666667,0.5990833333333333,,,,,,,,,,,50,100,460,4.862788018000174,42,0.3255555555555555,0.3010185185185186,0.2507407407407407,0.36666666666666664,0.25525,4.79535179999948,random,0.030368204000296828,1
false,0.0,50,100,0.5508333333333333,0.5791666666666667,0.6331944444444444,0.49,0.6078055555555556,0.8556944444444444,0.8602777777777778,0.8679629629629629,0.8458333333333333,0.8543333333333333,0.5352777777777777,0.5580555555555555,0.6196296296296296,0.4691666666666667,0.5988055555555556,0.6675,0.0,0.7424074074074074,0.0,0.87625,0.0,0.9080277777777778,0.0,0.5658333333333333,0.0,50,100,461,4.596156485000392,43,0.3204166666666667,0.3022222222222223,0.2483333333333333,0.37666666666666665,0.2555277777777777,4.501506827000412,random,0.03055601700089028,1
false,0.0,50,100,0.5509722222222222,0.5797222222222222,0.6311574074074074,0.4847222222222222,0.60775,0.8556944444444444,0.8602777777777778,0.8679629629629629,0.8458333333333333,0.8543333333333333,0.5330555555555555,0.557962962962963,0.6186574074074074,0.4675,0.5980277777777778,0.6900694444444444,0.0004861111111111316,0.7602777777777778,0.0002777777777777657,0.879699074074074,0.0011805555555555736,0.9134722222222222,0.0015277777777777946,0.5702777777777778,0.002777777777777768,50,100,462,4.437908186999266,44,0.3226388888888889,0.3023148148148148,0.24930555555555556,0.3783333333333333,0.25630555555555545,4.345977273000244,random,0.029334922999623814,1
false,0.0,50,100,0.5505555555555556,0.5858333333333333,0.63375,0.49722222222222223,0.6074722222222222,0.8556944444444444,0.8602777777777778,0.8679629629629629,0.8458333333333333,0.8543333333333333,0.5383333333333333,0.5688888888888889,0.6227314814814815,0.4777777777777778,0.5986666666666667,0.6930092592592593,0.01139923498744719,0.7567592592592592,0.009662810829308349,0.8776388888888889,0.002309561941215474,0.9130092592592592,0.0015045085421362269,0.5788888888888889,0.008428469294611315,50,100,463,4.460156411000753,45,0.3173611111111111,0.2913888888888889,0.24523148148148144,0.3680555555555555,0.2556666666666666,4.358037989999502,random,0.03014698200058774,1
false,0.0,50,100,0.5531944444444444,0.5852777777777778,0.6312037037037037,0.4888888888888889,0.609,0.8556944444444444,0.8602777777777778,0.8679629629629629,0.8458333333333333,0.8543333333333333,0.5380555555555555,0.5621296296296296,0.6190277777777777,0.475,0.6001388888888889,0.6967013888888889,0.007913239389711972,0.7650462962962964,0.007580302835881699,0.884085648148148,0.002698398007890021,0.9161527777777778,0.0019506349868316955,0.5770833333333333,0.002519216270446803,50,100,464,4.47820683000009,46,0.3176388888888889,0.29814814814814816,0.2489351851851852,0.37083333333333335,0.2541944444444444,4.366001667999626,random,0.02586411699940072,1
false,0.1,50,100,0.5613888888888889,0.5921296296296297,0.6376388888888889,0.5191666666666667,0.6149444444444444,0.8556944444444444,0.8602777777777778,0.8679629629629629,0.8458333333333333,0.8543333333333333,0.5448611111111111,0.5702777777777778,0.6226388888888889,0.5075,0.6047777777777777,,,,,,,,,,,50,100,465,4.415606503000163,42,0.3108333333333333,0.29000000000000004,0.24532407407407408,0.3383333333333334,0.24955555555555553,4.344442612999956,random,0.03464495699972758,1
false,0.1,50,100,0.5643055555555555,0.5894444444444444,0.6406944444444445,0.5188888888888888,0.6151111111111112,0.8556944444444444,0.8602777777777778,0.8679629629629629,0.8458333333333333,0.8543333333333333,0.5472222222222223,0.5663888888888889,0.6266666666666667,0.49805555555555553,0.6053888888888889,0.7097222222222223,0.0,0.7699074074074074,0.0,0.8836111111111111,0.0,0.9195277777777778,0.0,0.6113888888888889,0.0,50,100,466,4.4383163879992935,43,0.30847222222222215,0.29388888888888887,0.24129629629629623,0.3477777777777778,0.2489444444444444,4.35796293400017,random,0.03164776400080882,1
false,0.1,50,100,0.5651388888888889,0.5900925925925926,0.6383796296296296,0.5083333333333333,0.6141111111111112,0.8556944444444444,0.8602777777777778,0.8679629629629629,0.8458333333333333,0.8543333333333333,0.5438888888888889,0.5699074074074074,0.6244907407407407,0.49027777777777776,0.60375,0.715,0.004166666666666652,0.7806481481481482,0.0004629629629629428,0.8819212962962963,0.0007638888888888973,0.9163888888888889,2.7777777777793222e-05,0.6122222222222222,0.008333333333333304,50,100,467,4.491829071999746,44,0.31180555555555556,0.2903703703703704,0.2434722222222222,0.35555555555555557,0.25058333333333327,4.400159920999613,random,0.030396235999432974,1
false,0.1,50,100,0.5658333333333333,0.5977777777777777,0.6397685185185186,0.5075,0.6145277777777778,0.8556944444444444,0.8602777777777778,0.8679629629629629,0.8458333333333333,0.8543333333333333,0.5522222222222222,0.5785185185185185,0.6275925925925926,0.49,0.6048055555555556,0.7177777777777777,0.008530838514549248,0.7720987654320988,0.005506124397727445,0.8818672839506173,0.0010319909566234664,0.9183148148148148,0.002198523322845913,0.6141666666666667,0.004126348139843914,50,100,468,5.4047137449997535,45,0.30347222222222225,0.28175925925925926,0.24037037037037035,0.35583333333333333,0.24952777777777768,5.2229307749994405,random,0.03884957500031305,1
false,0.1,50,100,0.5688888888888889,0.595,0.6368055555555555,0.5016666666666667,0.6155277777777778,0.8556944444444444,0.8602777777777778,0.8679629629629629,0.8458333333333333,0.8543333333333333,0.5530555555555555,0.5743518518518519,0.6238425925925926,0.4855555555555556,0.6052222222222222,0.7235416666666666,0.006045656409336633,0.7800231481481481,0.006087698909919302,0.8855902777777778,0.0011074278263632292,0.9212499999999999,0.0009652527974385313,0.6052083333333333,0.005508043361000961,50,100,469,5.405323461999615,46,0.3026388888888889,0.2859259259259259,0.24412037037037038,0.36027777777777775,0.24911111111111106,5.2845976489998066,random,0.02996894300031272,1
false,0.25,50,100,0.5830555555555555,0.6093518518518518,0.6478703703703703,0.5333333333333333,0.6243055555555556,0.8556944444444444,0.8602777777777778,0.8679629629629629,0.8458333333333333,0.8543333333333333,0.5647222222222222,0.5863888888888888,0.6315277777777778,0.5186111111111111,0.6140833333333333,,,,,,,,,,,50,100,470,4.893642164999619,42,0.2909722222222222,0.27388888888888896,0.23643518518518514,0.3272222222222222,0.24024999999999996,4.813838120000582,random,0.039616107000256306,1
false,0.25,50,100,0.5852777777777778,0.6081481481481481,0.6505555555555556,0.5444444444444444,0.6239444444444444,0.8556944444444444,0.8602777777777778,0.8679629629629629,0.8458333333333333,0.8543333333333333,0.5661111111111111,0.5819444444444445,0.6349074074074074,0.5222222222222223,0.6135555555555555,0.7479166666666667,0.0,0.7964814814814815,0.0,0.8899537037037037,0.0,0.9223333333333333,0.0,0.6619444444444444,0.0,50,100,471,4.7318016079998415,43,0.2895833333333333,0.2783333333333333,0.23305555555555557,0.32361111111111107,0.24077777777777776,4.63432606600054,random,0.04803719099982118,1
false,0.25,50,100,0.5841666666666666,0.6113888888888889,0.6480555555555556,0.5269444444444444,0.6227777777777778,0.8556944444444444,0.8602777777777778,0.8679629629629629,0.8458333333333333,0.8543333333333333,0.5636111111111111,0.5887962962962963,0.6331018518518519,0.5094444444444445,0.6129166666666667,0.7499305555555555,0.006041666666666667,0.8048611111111111,0.0012499999999999734,0.8921064814814814,0.0023842592592592804,0.9244861111111111,0.0018194444444444846,0.6559722222222222,0.0009722222222222077,50,100,472,4.627153770000405,44,0.29208333333333336,0.27148148148148155,0.23486111111111108,0.33638888888888885,0.2414166666666666,4.54066286699981,random,0.02594152299934649,1
false,0.25,50,100,0.5841666666666666,0.6112037037037037,0.6492592592592593,0.5333333333333333,0.62275,0.8556944444444444,0.8602777777777778,0.8679629629629629,0.8458333333333333,0.8543333333333333,0.5695833333333333,0.5913888888888889,0.6352314814814815,0.5105555555555555,0.6124166666666667,0.7427314814814814,0.005558255516758369,0.7932407407407407,0.004083182858849461,0.8881481481481481,0.001307819156650489,0.920611111111111,0.0008627523189108056,0.6516666666666667,0.003424674446093865,50,100,473,4.62473860099999,45,0.2861111111111111,0.26888888888888896,0.23273148148148148,0.3352777777777778,0.24191666666666656,4.481097707000117,random,0.07256231600058527,1
false,0.25,50,100,0.5847222222222223,0.6113888888888889,0.6466203703703703,0.5358333333333334,0.624,0.8556944444444444,0.8602777777777778,0.8679629629629629,0.8458333333333333,0.8543333333333333,0.5669444444444445,0.5897222222222223,0.6330092592592592,0.5141666666666667,0.6134722222222222,0.7538888888888888,0.009492829490114887,0.8028240740740741,0.005935502967167234,0.8934837962962964,0.0028803171071111445,0.9257083333333334,0.0010837783986055473,0.653125,0.005724429860014208,50,100,474,4.433560949999446,46,0.28874999999999995,0.27055555555555555,0.23495370370370372,0.33166666666666667,0.24086111111111108,4.315230202000748,random,0.027164291000190133,1
false,0.5,50,100,0.6036111111111111,0.6312037037037037,0.6620370370370371,0.5686111111111111,0.6385555555555555,0.8556944444444444,0.8602777777777778,0.8679629629629629,0.8458333333333333,0.8543333333333333,0.5880555555555556,0.61,0.6463425925925926,0.5461111111111111,0.6278333333333334,,,,,,,,,,,50,100,475,4.485186711000097,42,0.26763888888888887,0.2502777777777778,0.2216203703703703,0.2997222222222222,0.22649999999999992,4.414580752999427,random,0.033004988000357116,1
false,0.5,50,100,0.60875,0.6303703703703704,0.6635648148148148,0.5786111111111111,0.6379444444444444,0.8556944444444444,0.8602777777777778,0.8679629629629629,0.8458333333333333,0.8543333333333333,0.5869444444444445,0.6032407407407407,0.6481018518518519,0.5494444444444444,0.6275833333333334,0.7793055555555556,0.0,0.8212962962962963,0.0,0.8934722222222222,0.0,0.9239722222222222,0.0,0.7125,0.0,50,100,476,4.416364001000147,43,0.26874999999999993,0.25703703703703706,0.21986111111111106,0.2963888888888889,0.2267499999999999,4.341838622999603,random,0.02499266099948727,1
false,0.5,50,100,0.6088888888888889,0.6306481481481482,0.6626851851851852,0.5611111111111111,0.6383333333333333,0.8556944444444444,0.8602777777777778,0.8679629629629629,0.8458333333333333,0.8543333333333333,0.5891666666666666,0.6086111111111111,0.6475462962962963,0.5366666666666666,0.6279166666666667,0.7788194444444445,0.0006250000000000422,0.821388888888889,0.0009259259259259411,0.895625,0.000393518518518543,0.9249305555555556,0.0007916666666666905,0.7068055555555555,0.0009722222222222077,50,100,477,4.499318051000046,44,0.2665277777777778,0.2516666666666667,0.2204166666666666,0.3091666666666667,0.2264166666666666,4.406685573999312,random,0.032815034999657655,1
false,0.5,50,100,0.6084722222222222,0.6312037037037037,0.6632870370370371,0.5697222222222222,0.6382222222222222,0.8556944444444444,0.8602777777777778,0.8679629629629629,0.8458333333333333,0.8543333333333333,0.5918055555555556,0.6114814814814815,0.6487962962962963,0.5411111111111111,0.6277777777777778,0.7752314814814815,0.001522859648462806,0.8178395061728395,0.0017959674723427353,0.8942746913580247,0.000832761577977297,0.9226018518518518,0.0008247500348757069,0.7037962962962964,0.004220841229644968,50,100,478,4.626228398999956,45,0.26388888888888884,0.2487962962962963,0.21916666666666662,0.3047222222222222,0.2265555555555555,4.516042078000282,random,0.02659416099959344,1
false,0.5,50,100,0.6036111111111111,0.6275,0.6641203703703704,0.5675,0.6386388888888889,0.8556944444444444,0.8602777777777778,0.8679629629629629,0.8458333333333333,0.8543333333333333,0.5868055555555556,0.6057407407407407,0.6492129629629629,0.5433333333333333,0.6273333333333333,0.7831944444444445,0.003208002628458648,0.8247685185185184,0.00351638580588118,0.8976388888888889,0.0008692121923851389,0.9255416666666667,0.0011591191046503603,0.7011805555555555,0.004322881804857194,50,100,479,4.618165478999799,46,0.26888888888888884,0.2545370370370371,0.21875,0.3025,0.22699999999999998,4.484028890000445,random,0.041680381000333,1
