is_baseline,mean_pca_umap,mean_raw_pca,mean_raw_umap,mean_reproducibility,mean_umap_additional_loss,min_dist,n_components,n_neighbors,pca_umap_k10_mean,pca_umap_k10_std,pca_umap_k15_mean,pca_umap_k15_std,pca_umap_k30_mean,pca_umap_k30_std,pca_umap_k50_mean,pca_umap_k50_std,pca_umap_k5_mean,pca_umap_k5_std,raw_pca_k10_mean,raw_pca_k10_std,raw_pca_k15_mean,raw_pca_k15_std,raw_pca_k30_mean,raw_pca_k30_std,raw_pca_k50_mean,raw_pca_k50_std,raw_pca_k5_mean,raw_pca_k5_std,raw_umap_k10_mean,raw_umap_k10_std,raw_umap_k15_mean,raw_umap_k15_std,raw_umap_k30_mean,raw_umap_k30_std,raw_umap_k50_mean,raw_umap_k50_std,raw_umap_k5_mean,raw_umap_k5_std,reproducibility_k10_mean,reproducibility_k10_std,reproducibility_k15_mean,reproducibility_k15_std,reproducibility_k30_mean,reproducibility_k30_std,reproducibility_k50_mean,reproducibility_k50_std,reproducibility_k5_mean,reproducibility_k5_std,seed_count,umap_additional_loss_k10_mean,umap_additional_loss_k10_std,umap_additional_loss_k15_mean,umap_additional_loss_k15_std,umap_additional_loss_k30_mean,umap_additional_loss_k30_std,umap_additional_loss_k50_mean,umap_additional_loss_k50_std,umap_additional_loss_k5_mean,umap_additional_loss_k5_std
false,0.5532811111111111,0.8568203703703703,0.5375703703703704,0.8137913194444446,0.31925000000000003,0.0,5,5,0.5586388888888889,0.0044750681076271,0.5449629629629629,0.0036140064366303355,0.5582592592592592,0.0038526307973067737,0.5296555555555555,0.004525190126283362,0.574888888888889,0.004039160162065208,0.8556944444444443,1.1102230246251565e-16,0.8602777777777778,0.0,0.8679629629629628,1.1102230246251565e-16,0.8543333333333333,0.0,0.8458333333333334,1.1102230246251565e-16,0.5413611111111111,0.004076241006214025,0.529037037037037,0.004346766137870613,0.5468703703703703,0.004278198632496491,0.5219722222222222,0.004630148119114366,0.548611111111111,0.0026585524697790054,0.8115306712962962,0.005364632494830491,0.8326022376543211,0.0055889486780446845,0.8732282021604938,0.00920657892514179,0.8193559027777777,0.007040326574694999,0.7322395833333334,0.00209624183762779,5,0.3143333333333333,0.004076241006214025,0.3312407407407408,0.004346766137870613,0.3210925925925926,0.004278198632496491,0.3323611111111111,0.004630148119114366,0.2972222222222222,0.002658552469779006
false,0.5611759259259259,0.8568203703703703,0.5445818518518518,0.8257403163580248,0.3122385185185185,0.1,5,5,0.5677222222222221,0.002969235259236183,0.5491851851851851,0.002546818128346634,0.5579722222222222,0.0036727176035377244,0.5358888888888889,0.003346778439921872,0.5951111111111111,0.001401057801435393,0.8556944444444443,1.1102230246251565e-16,0.8602777777777778,0.0,0.8679629629629628,1.1102230246251565e-16,0.8543333333333333,0.0,0.8458333333333334,1.1102230246251565e-16,0.5489166666666667,0.0029441823782747007,0.5332037037037037,0.002753972065929092,0.5468333333333334,0.0039900424756480896,0.5276777777777777,0.0034537329956061216,0.5662777777777779,0.0010628403594282868,0.8242534722222221,0.006762080346566871,0.8394077932098765,0.002177426036783287,0.8678915895061728,0.006090215200031801,0.8350364583333333,0.005044428801734081,0.7621122685185187,0.004382812414036855,5,0.30677777777777776,0.0029441823782747007,0.32707407407407413,0.002753972065929092,0.3211296296296296,0.0039900424756480896,0.3266555555555555,0.003453732995606122,0.27955555555555556,0.0010628403594282868
false,0.57326,0.8568203703703703,0.5559774074074074,0.8408901234567902,0.3008429629629629,0.25,5,5,0.5798888888888889,0.0007827223779780504,0.5593888888888888,0.0019533306647546954,0.5661944444444444,0.004256178434897263,0.5427722222222222,0.00558388333388329,0.6180555555555556,0.0029762433857730927,0.8556944444444443,1.1102230246251565e-16,0.8602777777777778,0.0,0.8679629629629628,1.1102230246251565e-16,0.8543333333333333,0.0,0.8458333333333334,1.1102230246251565e-16,0.5611111111111111,0.0008002700161604464,0.5423148148148148,0.0019615648410171004,0.55525,0.004089784523487724,0.5351555555555556,0.005346153572868214,0.5860555555555556,0.0030398586711787856,0.8399218749999999,0.00368958331699498,0.8529147376543211,0.0021312670880434706,0.8729600694444444,0.004331243491086197,0.8467962962962963,0.007185617708440313,0.7918576388888889,0.004284608262035741,5,0.2945833333333333,0.0008002700161604464,0.317962962962963,0.0019615648410171004,0.3127129629629629,0.004089784523487724,0.3191777777777777,0.005346153572868213,0.2597777777777778,0.0030398586711787856
false,0.5862081481481483,0.8568203703703703,0.5675337037037037,0.8465027006172839,0.28928666666666664,0.5,5,5,0.5942222222222222,0.0011131924949729765,0.5687962962962962,0.0020378786140351707,0.571861111111111,0.0028447783851042953,0.5478277777777778,0.0036536553656392,0.6483333333333333,0.0014163943093313154,0.8556944444444443,1.1102230246251565e-16,0.8602777777777778,0.0,0.8679629629629628,1.1102230246251565e-16,0.8543333333333333,0.0,0.8458333333333334,1.1102230246251565e-16,0.5745,0.000531420179714144,0.5525,0.0019307276324412362,0.5607685185185185,0.002805815291729496,0.539788888888889,0.003382991225177736,0.610111111111111,0.002753224820747535,0.8452980324074074,0.002472770182523816,0.8577989969135803,0.003934290078390888,0.867217399691358,0.004342687409814861,0.8515393518518518,0.004476793801569326,0.8106597222222223,0.0029875238906012895,5,0.2811944444444444,0.000531420179714144,0.3077777777777778,0.0019307276324412362,0.30719444444444444,0.002805815291729496,0.31454444444444435,0.003382991225177736,0.23572222222222222,0.0027532248207475353
false,0.5581833333333333,0.8568203703703703,0.5422022222222221,0.8247395833333332,0.31461814814814815,0.0,10,5,0.5616666666666666,0.003392984774356124,0.547037037037037,0.003384889362226344,0.5575185185185185,0.0028825309904382244,0.5406388888888889,0.001846919356959342,0.5840555555555556,0.003395712619985787,0.8556944444444443,1.1102230246251565e-16,0.8602777777777778,0.0,0.8679629629629628,1.1102230246251565e-16,0.8543333333333333,0.0,0.8458333333333334,1.1102230246251565e-16,0.544,0.002446022218083485,0.5307037037037038,0.0029829189081535625,0.5474629629629629,0.003185696556711017,0.5325111111111112,0.002408036954722384,0.5563333333333333,0.0037490739597339988,0.8053240740740741,0.003177162390232787,0.8390721450617283,0.00736523564591299,0.8799411651234568,0.007620434482513592,0.8617621527777779,0.006934649993990962,0.7375983796296297,0.002012716173562242,5,0.3116944444444444,0.002446022218083485,0.32957407407407413,0.0029829189081535625,0.32049999999999995,0.003185696556711017,0.3218222222222222,0.0024080369547223846,0.2895,0.0037490739597339988
false,0.5643288888888889,0.8568203703703703,0.5481162962962963,0.8318984567901234,0.3087040740740741,0.1,10,5,0.5709166666666666,0.0035416394334464897,0.5531851851851852,0.0023762946799662293,0.5588703703703704,0.0020724199753389336,0.5420055555555556,0.0018574507952541445,0.5966666666666668,0.0056492105861716225,0.8556944444444443,1.1102230246251565e-16,0.8602777777777778,0.0,0.8679629629629628,1.1102230246251565e-16,0.8543333333333333,0.0,0.8458333333333334,1.1102230246251565e-16,0.5533055555555555,0.0028278814650276292,0.5370185185185185,0.0023883863956152213,0.5481851851851852,0.002476466740569456,0.5341833333333332,0.0020054401321048733,0.5678888888888889,0.0035118845842842315,0.8256336805555555,0.004475017929541085,0.8497318672839506,0.0037504658513607663,0.8746817129629629,0.008216001003277334,0.8533223379629631,0.01358468449933846,0.7561226851851852,0.0025698354307127267,5,0.3023888888888888,0.0028278814650276297,0.32325925925925925,0.0023883863956152213,0.31977777777777777,0.002476466740569456,0.32014999999999993,0.002005440132104873,0.27794444444444444,0.0035118845842842315
false,0.5736859259259258,0.8568203703703703,0.5564244444444445,0.8482969135802468,0.3003959259259259,0.25,10,5,0.5804444444444444,0.004425654725923197,0.5574074074074075,0.002631976000657755,0.5622777777777778,0.006358988000858437,0.5472444444444445,0.0038632248410931888,0.6210555555555557,0.003462319211307294,0.8556944444444443,1.1102230246251565e-16,0.8602777777777778,0.0,0.8679629629629628,1.1102230246251565e-16,0.8543333333333333,0.0,0.8458333333333334,1.1102230246251565e-16,0.5615555555555556,0.0034363704653760257,0.5418703703703704,0.00286911561583177,0.551074074074074,0.006970285255512155,0.5394,0.0038979101713230778,0.5882222222222222,0.00457313680605702,0.8387384259259258,0.0015981026156553758,0.8574864969135803,0.0008723978327219464,0.8807648533950617,0.0044176744429495355,0.8719947916666667,0.007528526278324222,0.7925,0.004069468145550982,5,0.29413888888888884,0.0034363704653760257,0.3184074074074074,0.00286911561583177,0.3168888888888889,0.006970285255512155,0.3149333333333333,0.0038979101713230778,0.2576111111111111,0.00457313680605702
false,0.5901951851851852,0.8568203703703703,0.5711903703703703,0.8703053626543211,0.28563,0.5,10,5,0.5988055555555556,0.0020667861375264674,0.5715555555555556,0.0021335712315913697,0.5733703703703703,0.0032630712135741004,0.5514111111111112,0.004588848533586339,0.6558333333333334,0.0029762433857730653,0.8556944444444443,1.1102230246251565e-16,0.8602777777777778,0.0,0.8679629629629628,1.1102230246251565e-16,0.8543333333333333,0.0,0.8458333333333334,1.1102230246251565e-16,0.58,0.0024008100484813172,0.5556296296296296,0.0019601657218369577,0.5616944444444444,0.004089679707475794,0.5431833333333334,0.00450803808850451,0.6154444444444443,0.002328036315528548,0.8648119212962962,0.0012732632260702037,0.8770929783950617,0.002485007431552453,0.8951109182098765,0.004968314537722363,0.8925086805555555,0.004125074164012532,0.8220023148148148,0.0021269545900628414,5,0.27569444444444446,0.0024008100484813172,0.3046481481481482,0.0019601657218369577,0.3062685185185185,0.004089679707475794,0.3111499999999999,0.00450803808850451,0.23038888888888892,0.002328036315528548
false,0.5536385185185185,0.8568203703703703,0.5376507407407408,0.8138080246913579,0.31916962962962964,0.0,20,5,0.5559166666666667,0.0032174293856822903,0.5423148148148149,0.001260075987866993,0.5542222222222223,0.0032862414269267197,0.5349611111111111,0.003606261701095764,0.5807777777777778,0.0037695989897083178,0.8556944444444443,1.1102230246251565e-16,0.8602777777777778,0.0,0.8679629629629628,1.1102230246251565e-16,0.8543333333333333,0.0,0.8458333333333334,1.1102230246251565e-16,0.5388333333333334,0.0032401322180002756,0.5265185185185185,0.00174369331945677,0.5435740740740741,0.003417331562324435,0.5269388888888888,0.0037409726734112447,0.5523888888888889,0.0015575384187640259,0.7980208333333333,0.012393304286046705,0.831352237654321,0.00897723030933137,0.8637827932098766,0.007179024899590793,0.8589340277777777,0.01800989786755732,0.7169502314814815,0.006452738329645354,5,0.3168611111111111,0.003240132218000276,0.33375925925925926,0.00174369331945677,0.3243888888888889,0.003417331562324435,0.32739444444444443,0.0037409726734112447,0.29344444444444445,0.0015575384187640256
false,0.5598137037037038,0.8568203703703703,0.5434270370370371,0.8157532407407407,0.3133933333333333,0.1,20,5,0.5669722222222222,0.001959071964722842,0.5487777777777778,0.003773145307883505,0.5528796296296297,0.00569210280068384,0.5336055555555556,0.004399508951274623,0.5968333333333333,0.005174724898753339,0.8556944444444443,1.1102230246251565e-16,0.8602777777777778,0.0,0.8679629629629628,1.1102230246251565e-16,0.8543333333333333,0.0,0.8458333333333334,1.1102230246251565e-16,0.549138888888889,0.0032159901418680695,0.5336111111111111,0.004026660125904252,0.5427129629629629,0.005693322683850049,0.5256722222222223,0.004816362286935268,0.5660000000000001,0.004446527289725287,0.8077922453703704,0.00640853343388424,0.8298244598765432,0.008776726143613205,0.8585725308641976,0.006050049468011522,0.8405572916666666,0.002401645400918198,0.7420196759259259,0.004823359110975045,5,0.3065555555555555,0.0032159901418680695,0.3266666666666667,0.004026660125904252,0.32525000000000004,0.005693322683850049,0.328661111111111,0.004816362286935268,0.2798333333333334,0.004446527289725287
false,0.5729888888888888,0.8568203703703703,0.5560777777777778,0.8428551311728395,0.30074259259259256,0.25,20,5,0.5796388888888888,0.0026243752930958995,0.5589259259259258,0.002060970511992652,0.5648240740740741,0.002930873688191238,0.5454444444444444,0.0031956760910662246,0.616111111111111,0.003800584750330457,0.8556944444444443,1.1102230246251565e-16,0.8602777777777778,0.0,0.8679629629629628,1.1102230246251565e-16,0.8543333333333333,0.0,0.8458333333333334,1.1102230246251565e-16,0.5619444444444445,0.002058181505871426,0.5434444444444444,0.0025400765787792884,0.5541666666666666,0.0019700692473885615,0.5376111111111109,0.002961272666011873,0.5832222222222223,0.002632887913571739,0.8326938657407407,0.002639997520840459,0.8548804012345679,0.004439865705046992,0.876958912037037,0.007120395274716528,0.8658420138888889,0.005770042262182183,0.7839004629629629,0.0037637458118221323,5,0.29374999999999996,0.002058181505871426,0.3168333333333334,0.0025400765787792884,0.31379629629629624,0.0019700692473885615,0.3167222222222222,0.0029612726660118733,0.262611111111111,0.002632887913571739
false,0.5903751851851851,0.8568203703703703,0.5713688888888889,0.8682330246913578,0.2854514814814814,0.5,20,5,0.5989444444444445,0.0009606453592105899,0.5735,0.0015956043872991216,0.5727037037037036,0.0028814898124224935,0.551838888888889,0.002993222797596155,0.6548888888888889,0.0036960105285510944,0.8556944444444443,1.1102230246251565e-16,0.8602777777777778,0.0,0.8679629629629628,1.1102230246251565e-16,0.8543333333333333,0.0,0.8458333333333334,1.1102230246251565e-16,0.5792499999999999,0.001164018157764278,0.5578703703703703,0.001941355571255982,0.5611296296296296,0.002199459030633405,0.5433166666666667,0.002749051463799351,0.6152777777777778,0.0024720661623652005,0.8628877314814815,0.0020920198920307215,0.8782773919753087,0.0030060097156970745,0.8925260416666666,0.0033306032154142877,0.8853559027777779,0.005871077819262637,0.8221180555555556,0.003300438090542905,5,0.2764444444444444,0.001164018157764278,0.30240740740740746,0.001941355571255982,0.30683333333333335,0.002199459030633405,0.3110166666666666,0.002749051463799351,0.23055555555555554,0.002472066162365201
false,0.5533792592592592,0.8568203703703703,0.537504074074074,0.785449074074074,0.3193162962962963,0.0,50,5,0.5565277777777778,0.0033655847179691095,0.5441851851851851,0.001261979632400087,0.5550833333333334,0.005291032738024053,0.5335444444444445,0.00460754882479172,0.5775555555555555,0.006224701886857454,0.8556944444444443,1.1102230246251565e-16,0.8602777777777778,0.0,0.8679629629629628,1.1102230246251565e-16,0.8543333333333333,0.0,0.8458333333333334,1.1102230246251565e-16,0.5400833333333334,0.003387978019664278,0.5274074074074073,0.002099219268287897,0.5456574074074074,0.005814741094130492,0.5257611111111111,0.004932839064328743,0.5486111111111112,0.005067446333773953,0.7605960648148149,0.006786640202858492,0.7953125000000001,0.004787960970905674,0.8505526620370369,0.009758304869652177,0.831015625,0.015039587658178918,0.6897685185185185,0.006569018661325223,5,0.31561111111111106,0.003387978019664278,0.3328703703703704,0.002099219268287897,0.32230555555555557,0.005814741094130492,0.32857222222222215,0.004932839064328743,0.29722222222222217,0.005067446333773953
false,0.5602711111111112,0.8568203703703703,0.5438159259259259,0.8015785879629631,0.3130044444444444,0.1,50,5,0.5638333333333333,0.0024113927126900815,0.5459444444444446,0.0019337448121787555,0.5567222222222221,0.0053399040028773125,0.5378000000000001,0.0033577531435231346,0.5970555555555556,0.0037209782332534246,0.8556944444444443,1.1102230246251565e-16,0.8602777777777778,0.0,0.8679629629629628,1.1102230246251565e-16,0.8543333333333333,0.0,0.8458333333333334,1.1102230246251565e-16,0.5468611111111111,0.002438439594150522,0.53,0.001991063711957878,0.5460185185185185,0.005523673952805305,0.5294222222222223,0.0038489777382610954,0.5667777777777777,0.004474205909266848,0.7919965277777778,0.0034483117710288023,0.8169444444444445,0.001295882870581381,0.8483709490740741,0.002973381375426581,0.8252280092592592,0.007895771492721767,0.7253530092592593,0.0016234572943804504,5,0.3088333333333334,0.002438439594150522,0.3302777777777778,0.001991063711957878,0.3219444444444444,0.005523673952805304,0.32491111111111104,0.003848977738261096,0.27905555555555556,0.004474205909266847
false,0.5732692592592593,0.8568203703703703,0.5560766666666667,0.8316108796296297,0.3007437037037037,0.25,50,5,0.5773333333333334,0.003219587045063524,0.5565925925925926,0.0020533020680640252,0.5652037037037037,0.0020715924306925274,0.5468833333333333,0.0028861846317231915,0.6203333333333333,0.005251102177074245,0.8556944444444443,1.1102230246251565e-16,0.8602777777777778,0.0,0.8679629629629628,1.1102230246251565e-16,0.8543333333333333,0.0,0.8458333333333334,1.1102230246251565e-16,0.5594166666666667,0.002927097749404332,0.54,0.002158817691969506,0.5547777777777778,0.0023768358004912027,0.5393555555555556,0.0023301168306427067,0.5868333333333333,0.006379461643759402,0.820636574074074,0.0019314837563460697,0.8440451388888889,0.0030164344213370444,0.8702025462962963,0.004537904271566109,0.8527766203703704,0.007920438763868533,0.7703935185185184,0.0051145884406954435,5,0.29627777777777775,0.002927097749404332,0.3202777777777778,0.002158817691969506,0.3131851851851851,0.0023768358004912027,0.3149777777777777,0.0023301168306427067,0.259,0.006379461643759402
false,0.5875607407407407,0.8568203703703703,0.5689688888888889,0.8616989197530864,0.2878514814814815,0.5,50,5,0.5960555555555556,0.0018687653546171157,0.5693888888888889,0.0018542576964754114,0.5713425925925926,0.00309528049082346,0.5485722222222222,0.003530755523666439,0.6524444444444445,0.0025784003079716423,0.8556944444444443,1.1102230246251565e-16,0.8602777777777778,0.0,0.8679629629629628,1.1102230246251565e-16,0.8543333333333333,0.0,0.8458333333333334,1.1102230246251565e-16,0.5772777777777778,0.0020927564668708058,0.5535,0.0017948638809575617,0.5601944444444443,0.0030439453948008805,0.5402611111111112,0.0034260530506944795,0.6136111111111111,0.0038449903273329753,0.8576533564814814,0.0016506223422799538,0.871550925925926,0.0013343858371604224,0.8828539737654322,0.002545963629538633,0.8780277777777777,0.002433589376432759,0.8184085648148147,0.0029374158610224266,5,0.27841666666666665,0.0020927564668708058,0.30677777777777776,0.0017948638809575615,0.3077685185185185,0.00304394539480088,0.31407222222222214,0.00342605305069448,0.2322222222222222,0.0038449903273329758
false,0.5772311111111111,0.8568203703703703,0.5602162962962963,0.8166290509259261,0.2966040740740741,0.0,5,10,0.5873055555555554,0.0041718486295231495,0.5862037037037038,0.0012816634424443012,0.5971574074074074,0.0021716072193083084,0.5682666666666666,0.0019068265926195282,0.5472222222222223,0.008612007121842534,0.8556944444444443,1.1102230246251565e-16,0.8602777777777778,0.0,0.8679629629629628,1.1102230246251565e-16,0.8543333333333333,0.0,0.8458333333333334,1.1102230246251565e-16,0.564861111111111,0.0025775023799248903,0.5668888888888889,0.0014565023779433773,0.5848703703703704,0.002593154700968499,0.5594055555555555,0.002251857943461539,0.5250555555555556,0.006966409706407677,0.7842650462962962,0.00517132880618287,0.8306134259259259,0.004613092571257112,0.8959346064814815,0.00924035024883182,0.9061284722222221,0.009591006263063175,0.6662037037037037,0.007665987288739217,5,0.29083333333333333,0.0025775023799248903,0.2933888888888889,0.0014565023779433773,0.28309259259259256,0.002593154700968499,0.2949277777777778,0.002251857943461539,0.3207777777777777,0.006966409706407677
false,0.588265925925926,0.8568203703703703,0.5709492592592592,0.8361403935185185,0.2858711111111111,0.1,5,10,0.6013333333333334,0.0020272069211687547,0.5938703703703704,0.0009340385342902557,0.6047870370370371,0.001821181199172523,0.5746722222222223,0.0022006873224876735,0.5666666666666667,0.0049222347629637175,0.8556944444444443,1.1102230246251565e-16,0.8602777777777778,0.0,0.8679629629629628,1.1102230246251565e-16,0.8543333333333333,0.0,0.8458333333333334,1.1102230246251565e-16,0.5780277777777778,0.0015451037761303919,0.5739444444444445,0.0013335905101769646,0.5922407407407407,0.0020008571551415858,0.5657555555555556,0.0024751480813663008,0.5447777777777778,0.00523933366793435,0.804212962962963,0.004439015781804675,0.8431095679012346,0.005486469228296977,0.9069338348765432,0.005369553648002722,0.9194375,0.005191923222065932,0.7070081018518519,0.0016979900385570691,5,0.2776666666666666,0.0015451037761303919,0.28633333333333344,0.0013335905101769646,0.2757222222222222,0.0020008571551415858,0.2885777777777777,0.0024751480813663008,0.3010555555555555,0.00523933366793435
false,0.5997485185185185,0.8568203703703703,0.5815718518518519,0.844309413580247,0.2752485185185185,0.25,5,10,0.6159166666666667,0.001939676694455125,0.6049444444444444,0.0016266808337776202,0.6122592592592593,0.0016481481481481599,0.5819,0.0020621216450569316,0.5837222222222221,0.0062893207547043825,0.8556944444444443,1.1102230246251565e-16,0.8602777777777778,0.0,0.8679629629629628,1.1102230246251565e-16,0.8543333333333333,0.0,0.8458333333333334,1.1102230246251565e-16,0.5921944444444444,0.0012832010513834707,0.5847037037037037,0.00149232145317821,0.5990277777777777,0.0015087195126667057,0.5725444444444444,0.0020563511973671995,0.5593888888888889,0.005344317392807214,0.8182523148148148,0.0034736686801988804,0.8502064043209876,0.002340427839060684,0.9068094135802469,0.0036590735480596472,0.9187673611111111,0.009485182640221752,0.7275115740740742,0.0021532444237368645,5,0.26349999999999996,0.0012832010513834707,0.2755740740740741,0.00149232145317821,0.26893518518518517,0.0015087195126667057,0.2817888888888888,0.0020563511973671995,0.28644444444444445,0.005344317392807214
false,0.6128051851851852,0.8568203703703703,0.5935862962962963,0.8478698688271604,0.26323407407407406,0.5,5,10,0.6335833333333334,0.000866915918573742,0.6180740740740741,0.0016009684997445183,0.6218796296296295,0.0014571497254432806,0.5901555555555554,0.0014373329210471415,0.6003333333333333,0.005745099898131102,0.8556944444444443,1.1102230246251565e-16,0.8602777777777778,0.0,0.8679629629629628,1.1102230246251565e-16,0.8543333333333333,0.0,0.8458333333333334,1.1102230246251565e-16,0.6074166666666667,0.0018291197370171593,0.5967037037037037,0.0005902732389077618,0.6072222222222222,0.0015287595050048175,0.5809777777777778,0.0019726055965413186,0.5756111111111111,0.003367418324598163,0.8334288194444444,0.0018121166514037197,0.8537789351851852,0.001539950019536824,0.9019511959876544,0.001988912526558556,0.9059658564814815,0.0025752797930341026,0.7442245370370371,0.0034186256992848087,5,0.24827777777777776,0.0018291197370171593,0.26357407407407407,0.0005902732389077618,0.2607407407407407,0.0015287595050048175,0.2733555555555555,0.0019726055965413186,0.2702222222222222,0.003367418324598163
false,0.5789051851851851,0.8568203703703703,0.5613751851851851,0.8201433641975309,0.2954451851851852,0.0,10,10,0.5927777777777777,0.006325165298186492,0.5884444444444444,0.0035386364427275837,0.5994259259259259,0.002438298952808034,0.5687666666666666,0.0014435467295844072,0.5451111111111111,0.00617291975256482,0.8556944444444443,1.1102230246251565e-16,0.8602777777777778,0.0,0.8679629629629628,1.1102230246251565e-16,0.8543333333333333,0.0,0.8458333333333334,1.1102230246251565e-16,0.5688611111111112,0.005129044625018608,0.5673518518518519,0.0023978442535894434,0.5867407407407407,0.0019406046743367452,0.5602,0.0010626080192004624,0.5237222222222222,0.0075779895701911385,0.7853703703703704,0.0038627594403259475,0.8294135802469136,0.004166152231617332,0.9027575231481482,0.0030042958421676795,0.9180422453703704,0.003492745049384916,0.6651331018518518,0.005405832960436546,5,0.28683333333333333,0.005129044625018608,0.292925925925926,0.0023978442535894434,0.2812222222222222,0.0019406046743367452,0.29413333333333325,0.0010626080192004624,0.3221111111111111,0.0075779895701911385
false,0.5896885185185186,0.8568203703703703,0.5709055555555556,0.8310807484567901,0.2859148148148148,0.1,10,10,0.6067500000000001,0.005263577387440979,0.597925925925926,0.0014565023779433827,0.6062222222222221,0.004005590229469288,0.5742666666666667,0.0015682615994930557,0.5632777777777778,0.009492362101795567,0.8556944444444443,1.1102230246251565e-16,0.8602777777777778,0.0,0.8679629629629628,1.1102230246251565e-16,0.8543333333333333,0.0,0.8458333333333334,1.1102230246251565e-16,0.5813333333333333,0.004707985073976975,0.5763703703703703,0.0010098961632915265,0.5926018518518519,0.0032549160877044566,0.5650000000000001,0.00144924416230508,0.5392222222222223,0.008093588378433032,0.8021498842592593,0.00423801103890824,0.8379359567901234,0.00432971966852118,0.8976032021604938,0.004160626422286726,0.9208396990740741,0.00569771750235917,0.6968749999999999,0.004318417169733836,5,0.2743611111111111,0.004707985073976974,0.2839074074074074,0.0010098961632915265,0.27536111111111106,0.0032549160877044566,0.2893333333333333,0.00144924416230508,0.30661111111111106,0.008093588378433032
false,0.6030455555555555,0.8568203703703703,0.5835066666666666,0.8480021990740741,0.27331370370370367,0.25,10,10,0.6221944444444444,0.0022607766610417556,0.6087222222222223,0.002352945211002759,0.6125833333333333,0.002610125897662052,0.5825055555555555,0.0024804420155675015,0.5892222222222222,0.005413175513116344,0.8556944444444443,1.1102230246251565e-16,0.8602777777777778,0.0,0.8679629629629628,1.1102230246251565e-16,0.8543333333333333,0.0,0.8458333333333334,1.1102230246251565e-16,0.5965,0.002782495992920231,0.5864074074074075,0.0013217085837078132,0.5986203703703703,0.002668594981812473,0.5726166666666667,0.002429652213083871,0.5633888888888888,0.0059353513006163575,0.8235850694444444,0.00541273534107222,0.8554648919753086,0.0069159402469140254,0.9082069830246913,0.00383163366963149,0.9194554398148148,0.006836523178173441,0.733298611111111,0.0041345696609035275,5,0.25919444444444445,0.0027824959929202316,0.2738703703703704,0.0013217085837078132,0.26934259259259263,0.002668594981812473,0.2817166666666666,0.002429652213083871,0.28244444444444444,0.005935351300616357
false,0.6198911111111112,0.8568203703703703,0.5987762962962964,0.8635467978395059,0.2580440740740741,0.5,10,10,0.6437777777777778,0.0008351831321318466,0.6239629629629629,0.00237109363965469,0.6250925925925925,0.0017095812465070808,0.5933999999999999,0.0008753482552111656,0.6132222222222221,0.002603416558635534,0.8556944444444443,1.1102230246251565e-16,0.8602777777777778,0.0,0.8679629629629628,1.1102230246251565e-16,0.8543333333333333,0.0,0.8458333333333334,1.1102230246251565e-16,0.6149722222222221,0.0011297055226479303,0.6001296296296297,0.0018671589591877813,0.6101296296296297,0.0019381290739448485,0.5840944444444445,0.001001018000356181,0.5845555555555555,0.004569761049484159,0.846087962962963,0.000913838932553321,0.8727025462962963,0.002898208005461003,0.9159220679012345,0.0004793120194640831,0.9214241898148148,0.0015667666155609469,0.7615972222222221,0.0024699193394137385,5,0.2407222222222222,0.0011297055226479303,0.26014814814814813,0.0018671589591877813,0.2578333333333333,0.0019381290739448485,0.2702388888888888,0.001001018000356181,0.2612777777777778,0.004569761049484159
false,0.5790118518518519,0.8568203703703703,0.5618114814814815,0.8053694444444444,0.2950088888888889,0.0,20,10,0.5909722222222223,0.0011419335995052566,0.5871666666666667,0.001992441134268537,0.598648148148148,0.0019522330782387437,0.5694944444444445,0.0019322953791019654,0.5487777777777778,0.005470459388929397,0.8556944444444443,1.1102230246251565e-16,0.8602777777777778,0.0,0.8679629629629628,1.1102230246251565e-16,0.8543333333333333,0.0,0.8458333333333334,1.1102230246251565e-16,0.5688611111111112,0.0022211803113004244,0.5663703703703704,0.002165479256774941,0.5858703703703704,0.0013927107908861729,0.5607888888888889,0.0007184946540519481,0.5271666666666667,0.005622924857279982,0.7725925925925925,0.0031965824165959868,0.8174016203703705,0.005054899834315412,0.8901186342592593,0.0025733304859354308,0.901578125,0.00849237893501507,0.6451562500000001,0.004514523192612445,5,0.28683333333333333,0.0022211803113004244,0.2939074074074074,0.002165479256774941,0.28209259259259256,0.0013927107908861729,0.29354444444444433,0.0007184946540519481,0.31866666666666665,0.005622924857279982
false,0.5889781481481482,0.8568203703703703,0.5705403703703704,0.8243070601851852,0.28628,0.1,20,10,0.6060000000000001,0.0034296276297890423,0.5944259259259259,0.0028505287936262274,0.6038981481481482,0.0016793243628020799,0.5732333333333333,0.002557583736244296,0.5673333333333334,0.004653420353638206,0.8556944444444443,1.1102230246251565e-16,0.8602777777777778,0.0,0.8679629629629628,1.1102230246251565e-16,0.8543333333333333,0.0,0.8458333333333334,1.1102230246251565e-16,0.5816944444444444,0.0032577069114620655,0.5721296296296297,0.0032594696901765505,0.5903888888888889,0.0018324446031446184,0.5638777777777778,0.0021472491733251753,0.5446111111111112,0.0048768791883010525,0.7937037037037038,0.002206978969732015,0.8328530092592592,0.0010128968119015528,0.8982465277777778,0.0024883115283782275,0.9151869212962963,0.0004341168890003048,0.6815451388888889,0.0008761772833990108,5,0.274,0.0032577069114620655,0.28814814814814815,0.0032594696901765505,0.2775740740740741,0.0018324446031446184,0.29045555555555547,0.0021472491733251753,0.30122222222222217,0.0048768791883010525
false,0.6024081481481481,0.8568203703703703,0.5832362962962963,0.8433655092592591,0.27358407407407404,0.25,20,10,0.6213333333333333,0.003757297426424665,0.608111111111111,0.0036956393686256284,0.6129351851851851,0.0012650330596373017,0.5819944444444445,0.002260599177646349,0.5876666666666667,0.0023478385121239367,0.8556944444444443,1.1102230246251565e-16,0.8602777777777778,0.0,0.8679629629629628,1.1102230246251565e-16,0.8543333333333333,0.0,0.8458333333333334,1.1102230246251565e-16,0.5955833333333332,0.003911047979288463,0.5858333333333334,0.004077860193603212,0.598537037037037,0.0016001650292120893,0.5725055555555556,0.0027611390564201625,0.5637222222222221,0.002253940308344525,0.8214843749999999,0.004548702222900072,0.8534741512345678,0.0022873003086397096,0.9083024691358024,0.002656092396276546,0.9130399305555555,0.004198260930994435,0.7205266203703704,0.0031202542410937555,5,0.26011111111111107,0.003911047979288463,0.27444444444444444,0.004077860193603212,0.2694259259259259,0.0016001650292120893,0.28182777777777773,0.0027611390564201625,0.2821111111111111,0.0022539403083445255
false,0.6208766666666666,0.8568203703703703,0.6003392592592592,0.8632533950617283,0.2564811111111111,0.5,20,10,0.6435555555555555,0.0019156599610629442,0.6268148148148148,0.0021127349180669057,0.6260740740740741,0.0019801397326371134,0.5926055555555555,0.0016332199507131217,0.6153333333333333,0.0022319232696222844,0.8556944444444443,1.1102230246251565e-16,0.8602777777777778,0.0,0.8679629629629628,1.1102230246251565e-16,0.8543333333333333,0.0,0.8458333333333334,1.1102230246251565e-16,0.6145833333333333,0.0015087195126667057,0.604537037037037,0.0019119865924652462,0.6109259259259259,0.0020097072379930687,0.5833166666666667,0.0017008167972412131,0.5883333333333333,0.002749859704614346,0.8463078703703704,0.0012375602720492605,0.87194637345679,0.0014112818322998546,0.915228587962963,0.000993092482640278,0.9234496527777777,0.0019011510623014104,0.7593344907407408,0.002143259461087482,5,0.2411111111111111,0.0015087195126667057,0.25574074074074077,0.0019119865924652464,0.257037037037037,0.0020097072379930687,0.2710166666666666,0.0017008167972412131,0.2575,0.002749859704614346
false,0.5770107407407408,0.8568203703703703,0.559537037037037,0.7946407021604938,0.29728333333333334,0.0,50,10,0.5871388888888889,0.00267677482369927,0.5836111111111111,0.0031042693730074416,0.5973981481481482,0.0038072786042487442,0.5676833333333333,0.0025098940019918446,0.5492222222222223,0.002660873336628471,0.8556944444444443,1.1102230246251565e-16,0.8602777777777778,0.0,0.8679629629629628,1.1102230246251565e-16,0.8543333333333333,0.0,0.8458333333333334,1.1102230246251565e-16,0.5648055555555556,0.0012347839317162503,0.5629074074074074,0.0038895942922846636,0.5841666666666667,0.003631117419944048,0.5590833333333334,0.00280959555105246,0.5267222222222222,0.0015555555555555702,0.7549189814814815,0.004730852340030117,0.8015027006172839,0.002632062947944025,0.8828848379629629,0.003557379502015588,0.9007546296296296,0.007233924813673169,0.6331423611111111,0.006698667229416842,5,0.29088888888888886,0.0012347839317162503,0.2973703703703704,0.0038895942922846636,0.28379629629629627,0.003631117419944048,0.29524999999999996,0.00280959555105246,0.31911111111111107,0.0015555555555555704
false,0.586497037037037,0.8568203703703703,0.5682503703703703,0.8108276620370372,0.28856999999999994,0.1,50,10,0.6020555555555556,0.002274387721162082,0.5941481481481482,0.003921993138485384,0.602648148148148,0.0030840978920838465,0.5704666666666667,0.0009265294329504274,0.5631666666666666,0.006084791808930264,0.8556944444444443,1.1102230246251565e-16,0.8602777777777778,0.0,0.8679629629629628,1.1102230246251565e-16,0.8543333333333333,0.0,0.8458333333333334,1.1102230246251565e-16,0.5787222222222222,0.0028360553373555962,0.5725555555555555,0.004234468918686233,0.5899074074074073,0.0032424598614880103,0.5614,0.0012440723650104907,0.5386666666666666,0.0041995002642142825,0.7779166666666667,0.004802975784749439,0.8201929012345679,0.0009083006122898994,0.8895032793209876,0.0029986202193294795,0.8970405092592593,0.0051494358890626065,0.6694849537037038,0.008098054252166953,5,0.2769722222222222,0.0028360553373555962,0.28772222222222227,0.004234468918686233,0.2780555555555555,0.00324245986148801,0.2929333333333333,0.0012440723650104907,0.30716666666666664,0.0041995002642142825
false,0.600438888888889,0.8568203703703703,0.5815407407407407,0.8330366512345678,0.27527962962962965,0.25,50,10,0.619,0.0035761124488631183,0.6064814814814814,0.002970476584412995,0.611212962962963,0.0036741179432864955,0.5790555555555555,0.0018406419975006093,0.5864444444444444,0.00684799691357954,0.8556944444444443,1.1102230246251565e-16,0.8602777777777778,0.0,0.8679629629629628,1.1102230246251565e-16,0.8543333333333333,0.0,0.8458333333333334,1.1102230246251565e-16,0.5943333333333334,0.003396848575799848,0.5845185185185185,0.003253888672834211,0.5982407407407407,0.0034037067263114813,0.5698333333333333,0.0015267168033171333,0.5607777777777778,0.005914514475549244,0.8084143518518518,0.005806368175893869,0.8403510802469135,0.0041012145315575625,0.8950260416666667,0.003578564218794194,0.8995399305555555,0.008093142040360796,0.721851851851852,0.0032764239200237357,5,0.2613611111111111,0.003396848575799848,0.27575925925925926,0.003253888672834211,0.2697222222222222,0.0034037067263114813,0.2845,0.0015267168033171333,0.2850555555555555,0.005914514475549244
false,0.620624074074074,0.8568203703703703,0.5999803703703703,0.8605692515432098,0.25683999999999996,0.5,50,10,0.6427499999999999,0.0018929694486001067,0.6261666666666666,0.0015828730108413257,0.6267592592592592,0.002287992752777555,0.5933333333333334,0.0009019868330045365,0.6141111111111112,0.0046858073075465665,0.8556944444444443,1.1102230246251565e-16,0.8602777777777778,0.0,0.8679629629629628,1.1102230246251565e-16,0.8543333333333333,0.0,0.8458333333333334,1.1102230246251565e-16,0.6145833333333334,0.0010015420209622435,0.6037777777777779,0.0015815725535404583,0.6122685185185186,0.0019925702187921822,0.5839944444444444,0.0013108521401490277,0.5852777777777777,0.004468683900486708,0.8425173611111112,0.00411553552039085,0.8661747685185185,0.0038526674803633226,0.9122241512345679,0.003344168093463583,0.919927662037037,0.0038087235109661097,0.7620023148148147,0.008989792772906057,5,0.2411111111111111,0.0010015420209622432,0.25650000000000006,0.0015815725535404585,0.2556944444444444,0.0019925702187921822,0.27033888888888885,0.0013108521401490277,0.26055555555555554,0.004468683900486708
false,0.5771392592592592,0.8568203703703703,0.5597477777777777,0.8103900848765433,0.2970725925925926,0.0,5,15,0.5774722222222223,0.0019511788143150972,0.5948518518518519,0.0012984109735524642,0.6136111111111111,0.002552601620757431,0.5798722222222221,0.000868267751842082,0.5198888888888888,0.0048514984321379635,0.8556944444444443,1.1102230246251565e-16,0.8602777777777778,0.0,0.8679629629629628,1.1102230246251565e-16,0.8543333333333333,0.0,0.8458333333333334,1.1102230246251565e-16,0.5562222222222222,0.002272690796564745,0.5711111111111111,0.0016942167424418668,0.6009166666666668,0.002570240950952516,0.570488888888889,0.0012403454317743414,0.5,0.005861045286623522,0.7657465277777777,0.00549431853544926,0.8218248456790123,0.004336150300819662,0.9127256944444444,0.00551524668323526,0.9190260416666667,0.0026301498893396957,0.6326273148148148,0.0029955841342809188,5,0.29947222222222225,0.002272690796564745,0.2891666666666667,0.0016942167424418668,0.2670462962962962,0.002570240950952516,0.2838444444444444,0.0012403454317743414,0.3458333333333333,0.005861045286623522
false,0.5899437037037036,0.8568203703703703,0.5716488888888889,0.8245281249999998,0.28517148148148147,0.1,5,15,0.5951666666666666,0.001196058341200594,0.6068703703703704,0.001483100966679695,0.6199814814814815,0.002408226356431926,0.5854777777777779,0.0009924716620639722,0.5422222222222223,0.00327259477222736,0.8556944444444443,1.1102230246251565e-16,0.8602777777777778,0.0,0.8679629629629628,1.1102230246251565e-16,0.8543333333333333,0.0,0.8458333333333334,1.1102230246251565e-16,0.5731944444444445,0.0016550521233073662,0.5817777777777777,0.001764028622831074,0.6069166666666667,0.0027073795408202564,0.5760222222222222,0.001026260140774839,0.5203333333333334,0.0038022085849485905,0.7860416666666665,0.005212267033015192,0.835576774691358,0.004093418285879705,0.9129938271604938,0.001753666385982297,0.9232366898148148,0.002550754921651965,0.6647916666666667,0.006265028228484155,5,0.2825,0.0016550521233073662,0.2785000000000001,0.001764028622831074,0.2610462962962963,0.0027073795408202564,0.27831111111111106,0.001026260140774839,0.32549999999999996,0.0038022085849485905
false,0.6003296296296297,0.8568203703703703,0.5815648148148148,0.8363535493827159,0.2752555555555556,0.25,5,15,0.6060555555555556,0.002419379065324053,0.6176666666666667,0.0015464903404528167,0.6282037037037037,0.0010711966565910874,0.5936111111111111,0.0007317744373510852,0.5561111111111112,0.002551929795079066,0.8556944444444443,1.1102230246251565e-16,0.8602777777777778,0.0,0.8679629629629628,1.1102230246251565e-16,0.8543333333333333,0.0,0.8458333333333334,1.1102230246251565e-16,0.5833055555555555,0.0023756090836917114,0.5922222222222222,0.0011355340530930448,0.6134351851851851,0.0014034422701918892,0.5841944444444443,0.0008260795406057346,0.5346666666666666,0.0037325726738313032,0.8050491898148148,0.003600247553654505,0.8464988425925926,0.0021092380594932942,0.9156404320987654,0.0019511843067487238,0.9233292824074073,0.0015380811162373888,0.6912499999999999,0.0026039351748961856,5,0.27238888888888885,0.0023756090836917114,0.2680555555555556,0.0011355340530930448,0.2545277777777778,0.0014034422701918892,0.2701388888888889,0.0008260795406057346,0.31116666666666665,0.003732572673831303
false,0.6135966666666666,0.8568203703703703,0.593814074074074,0.8353512345679013,0.26300629629629624,0.5,5,15,0.6211944444444445,0.0014396287244277813,0.637074074074074,0.0015643490431068994,0.6389814814814814,0.0011861252059185154,0.6011777777777778,0.001212664650905392,0.5695555555555555,0.005825656323963695,0.8556944444444443,1.1102230246251565e-16,0.8602777777777778,0.0,0.8679629629629628,1.1102230246251565e-16,0.8543333333333333,0.0,0.8458333333333334,1.1102230246251565e-16,0.5979722222222222,0.0011405813982026467,0.6083333333333333,0.0017302679447108317,0.6229814814814816,0.0007936000865635772,0.5912833333333334,0.0010980341580960483,0.5485,0.004806759643627397,0.8069155092592593,0.002157462979633144,0.8472087191358025,0.0026082893464135955,0.9099537037037038,0.0010548293879689317,0.9076550925925925,0.0005664867860829227,0.7050231481481481,0.0031982163721304335,5,0.2577222222222222,0.0011405813982026467,0.25194444444444447,0.0017302679447108317,0.24498148148148147,0.0007936000865635772,0.2630499999999999,0.0010980341580960483,0.29733333333333334,0.004806759643627397
false,0.5793144444444445,0.8568203703703703,0.5616581481481482,0.8039900077160492,0.2951622222222222,0.0,10,15,0.5825833333333333,0.000849836585598802,0.5974259259259259,0.0004319223625811022,0.6141296296296296,0.0015184620585709952,0.5801,0.0018805863283220031,0.5223333333333333,0.004774546711081208,0.8556944444444443,1.1102230246251565e-16,0.8602777777777778,0.0,0.8679629629629628,1.1102230246251565e-16,0.8543333333333333,0.0,0.8458333333333334,1.1102230246251565e-16,0.56125,0.0018087578440110766,0.5727407407407408,0.0010583134860910682,0.6004722222222222,0.0017849969164593503,0.5712166666666667,0.0018069994226839576,0.5026111111111111,0.004159623677185525,0.7599016203703703,0.003623346104366352,0.8186612654320987,0.004393561814367279,0.9032060185185186,0.0027397327115857165,0.9136961805555557,0.002519763580600751,0.6244849537037036,0.0038565250750615394,5,0.29444444444444445,0.0018087578440110766,0.28753703703703704,0.0010583134860910682,0.26749074074074064,0.0017849969164593503,0.28311666666666657,0.0018069994226839576,0.3432222222222222,0.004159623677185525
false,0.590792962962963,0.8568203703703703,0.5724048148148149,0.8214379629629629,0.28441555555555553,0.1,10,15,0.5976388888888888,0.0018320702719823519,0.6082407407407407,0.0018304316730595163,0.6209907407407409,0.0008000557250824998,0.5863166666666666,0.0007504319743641901,0.5407777777777778,0.006572013239844513,0.8556944444444443,1.1102230246251565e-16,0.8602777777777778,0.0,0.8679629629629628,1.1102230246251565e-16,0.8543333333333333,0.0,0.8458333333333334,1.1102230246251565e-16,0.5751111111111111,0.0013099806802835178,0.5824259259259259,0.001715738492133368,0.6068981481481481,0.0009790325842878485,0.5763111111111111,0.000636202079861249,0.5212777777777777,0.004189198338113078,0.7839814814814815,0.0024567045765706338,0.8360455246913581,0.0012821824523024479,0.9108265817901235,0.0027833988787133676,0.9217413194444444,0.004863207323332417,0.6545949074074074,0.0020167803317115893,5,0.28058333333333335,0.0013099806802835175,0.2778518518518519,0.001715738492133368,0.2610648148148148,0.0009790325842878485,0.2780222222222222,0.000636202079861249,0.3245555555555556,0.004189198338113078
false,0.6041296296296297,0.8568203703703703,0.5849255555555556,0.8420642361111111,0.2718948148148148,0.25,10,15,0.6125,0.0035961227405960734,0.6228518518518518,0.0030233431109500963,0.6296574074074074,0.0014712027683952624,0.5941944444444445,0.0011649458208140132,0.5614444444444444,0.0043723316377668716,0.8556944444444443,1.1102230246251565e-16,0.8602777777777778,0.0,0.8679629629629628,1.1102230246251565e-16,0.8543333333333333,0.0,0.8458333333333334,1.1102230246251565e-16,0.5901666666666666,0.003219587045063505,0.5964259259259259,0.002489070760550772,0.6147962962962963,0.001376986032964522,0.584238888888889,0.0010071656845074602,0.539,0.006200358412579419,0.8103935185185186,0.0021998658418690455,0.8537268518518518,0.0019171083316498422,0.9213512731481481,0.0014683886647655253,0.9334085648148148,0.0013349975748849195,0.6914409722222222,0.0031416896151779568,5,0.2655277777777778,0.003219587045063505,0.26385185185185184,0.0024890707605507716,0.25316666666666665,0.001376986032964522,0.2700944444444444,0.0010071656845074602,0.30683333333333335,0.006200358412579419
false,0.6215133333333334,0.8568203703703703,0.6009692592592593,0.8574027391975308,0.2558511111111111,0.5,10,15,0.6314166666666667,0.0021487866228681947,0.6426666666666667,0.001402281112417957,0.6421666666666667,0.0016070617481220547,0.6050388888888889,0.0007622659527462038,0.5862777777777778,0.007037378159373305,0.8556944444444443,1.1102230246251565e-16,0.8602777777777778,0.0,0.8679629629629628,1.1102230246251565e-16,0.8543333333333333,0.0,0.8458333333333334,1.1102230246251565e-16,0.6080277777777778,0.0023030441475749204,0.6142777777777777,0.0008614595073787515,0.6265185185185185,0.001458561122715423,0.5950777777777778,0.0007102425250887425,0.5609444444444445,0.007146180884540223,0.8293171296296296,0.0014210681895612122,0.8642746913580247,0.0016203703703703502,0.9239265046296296,0.00167878692820273,0.9368101851851852,0.0024337082727373593,0.7326851851851852,0.0031201093417581763,5,0.24766666666666665,0.0023030441475749204,0.24600000000000008,0.0008614595073787515,0.24144444444444443,0.001458561122715423,0.25925555555555546,0.0007102425250887425,0.28488888888888886,0.007146180884540223
false,0.5792966666666666,0.8568203703703703,0.5619944444444445,0.8024178240740742,0.2948259259259259,0.0,20,15,0.5820277777777778,0.0034050162705145976,0.5984074074074074,0.002404128821620514,0.6134537037037037,0.0025600805349986536,0.5806500000000001,0.0009353483539354995,0.5219444444444444,0.00392444066943322,0.8556944444444443,1.1102230246251565e-16,0.8602777777777778,0.0,0.8679629629629628,1.1102230246251565e-16,0.8543333333333333,0.0,0.8458333333333334,1.1102230246251565e-16,0.5603888888888889,0.002830608711746009,0.5749259259259258,0.0027281995349189695,0.6005185185185186,0.002806395791548375,0.5715833333333332,0.0010332437237131292,0.5025555555555555,0.004521553322083519,0.7580179398148148,0.004408562953664398,0.8150308641975309,0.004071793694012851,0.9037393904320987,0.00350109244213273,0.9158854166666666,0.002541408134240539,0.6194155092592593,0.0037522632273625967,5,0.29530555555555554,0.0028306087117460094,0.28535185185185186,0.0027281995349189695,0.26744444444444443,0.002806395791548375,0.28274999999999995,0.0010332437237131292,0.34327777777777774,0.004521553322083519
true,0.5899925925925925,0.8568203703703703,0.5724818518518519,0.8172206790123457,0.28433851851851855,0.1,20,15,0.59625,0.0033275412640863603,0.608462962962963,0.003497794719710491,0.6195277777777777,0.001329405221958338,0.5858888888888889,0.0012510489426038095,0.5398333333333334,0.003280130982027889,0.8556944444444443,1.1102230246251565e-16,0.8602777777777778,0.0,0.8679629629629628,1.1102230246251565e-16,0.8543333333333333,0.0,0.8458333333333334,1.1102230246251565e-16,0.5734444444444444,0.0030012857327123325,0.5841851851851851,0.002894699758887179,0.6068796296296297,0.0014888704623882824,0.5770666666666667,0.0011843370808125623,0.5208333333333333,0.0038127466526163413,0.7762326388888889,0.0035790426373327067,0.828641975308642,0.0021686079991238413,0.9096257716049383,0.004565484442095389,0.9235185185185184,0.006249084295058666,0.6480844907407407,0.007749987814025321,5,0.28225,0.0030012857327123325,0.27609259259259267,0.002894699758887179,0.2610833333333333,0.0014888704623882824,0.2772666666666666,0.001184337080812562,0.325,0.0038127466526163413
false,0.6032296296296296,0.8568203703703703,0.5845611111111111,0.8387621527777777,0.27225925925925926,0.25,20,15,0.6115555555555555,0.003362602974695666,0.6222037037037038,0.0023080642308712447,0.6285000000000001,0.000970501122092896,0.5944444444444444,0.0010792658684563312,0.5594444444444445,0.006278023594007422,0.8556944444444443,1.1102230246251565e-16,0.8602777777777778,0.0,0.8679629629629628,1.1102230246251565e-16,0.8543333333333333,0.0,0.8458333333333334,1.1102230246251565e-16,0.5875555555555556,0.0029666354555162255,0.5954814814814815,0.001989685336083475,0.6141851851851852,0.0009735881057848163,0.5848055555555556,0.0009684848800900228,0.5407777777777778,0.007746763561579283,0.8040625,0.0028723065080046395,0.8474980709876543,0.0019923578747963666,0.9205082947530864,0.0005470127692426583,0.9321701388888888,0.0010625851000778423,0.6895717592592593,0.006666455677602637,5,0.26813888888888887,0.0029666354555162255,0.2647962962962963,0.001989685336083475,0.25377777777777777,0.0009735881057848163,0.2695277777777777,0.0009684848800900228,0.3050555555555555,0.007746763561579283
false,0.6216170370370371,0.8568203703703703,0.6021433333333334,0.856713425925926,0.25467703703703704,0.5,20,15,0.6353055555555557,0.0010258991840344067,0.6425185185185185,0.0024437428847352326,0.6415,0.0006889287125088332,0.6050388888888889,0.0004908420580246885,0.5837222222222223,0.0031259566436967015,0.8556944444444443,1.1102230246251565e-16,0.8602777777777778,0.0,0.8679629629629628,1.1102230246251565e-16,0.8543333333333333,0.0,0.8458333333333334,1.1102230246251565e-16,0.6111111111111112,0.002268612998788401,0.6146851851851851,0.002226539017065046,0.6258981481481481,0.0007548426193403186,0.5954666666666666,0.0005556666555577862,0.5635555555555556,0.00420684333725389,0.826166087962963,0.0007582288467987661,0.8643846450617283,0.002204997808535937,0.9241425540123457,0.0014747154296051027,0.934886574074074,0.0010575562788437594,0.7339872685185186,0.0011383118033184538,5,0.2445833333333333,0.002268612998788401,0.24559259259259264,0.002226539017065046,0.2420648148148148,0.0007548426193403186,0.2588666666666667,0.0005556666555577862,0.28227777777777774,0.00420684333725389
false,0.5778066666666667,0.8568203703703703,0.5603707407407407,0.7869663580246914,0.29644962962962956,0.0,50,15,0.5789444444444445,0.0024081907557436774,0.5975740740740741,0.002194581180300096,0.6140925925925926,0.00161004647667841,0.579811111111111,0.0012454113307321672,0.5186111111111111,0.006211299937499427,0.8556944444444443,1.1102230246251565e-16,0.8602777777777778,0.0,0.8679629629629628,1.1102230246251565e-16,0.8543333333333333,0.0,0.8458333333333334,1.1102230246251565e-16,0.5578888888888889,0.002316406859932141,0.5736666666666667,0.0015730933764144931,0.601175925925926,0.0026636428329055942,0.5713444444444444,0.00164847479076946,0.49777777777777776,0.006983225049986948,0.7335561342592593,0.0027590195990057774,0.799747299382716,0.00431122607349383,0.8971961805555555,0.004387325064892043,0.9072025462962963,0.001503255693928053,0.5971296296296297,0.0032705310664768385,5,0.2978055555555555,0.002316406859932141,0.28661111111111115,0.0015730933764144931,0.266787037037037,0.0026636428329055942,0.28298888888888885,0.00164847479076946,0.3480555555555555,0.006983225049986948
false,0.5887507407407407,0.8568203703703703,0.5706922222222222,0.8057964891975308,0.28612814814814813,0.1,50,15,0.5938055555555556,0.0016400654910139502,0.6069629629629629,0.0034293776405306857,0.6196574074074074,0.001737339071901179,0.5854388888888888,0.0010569289311169966,0.537888888888889,0.006695769808866888,0.8556944444444443,1.1102230246251565e-16,0.8602777777777778,0.0,0.8679629629629628,1.1102230246251565e-16,0.8543333333333333,0.0,0.8458333333333334,1.1102230246251565e-16,0.5715555555555556,0.0031906982865127706,0.5820000000000001,0.0029072304735027633,0.6065277777777778,0.0024334418488684596,0.5762666666666667,0.0008521215354109224,0.5171111111111111,0.005165770531603707,0.7621556712962962,0.002037503481292303,0.8166801697530864,0.003928554292196005,0.9087403549382718,0.005245572674405554,0.9133217592592593,0.004894158499971098,0.6280844907407408,0.004939930201670555,5,0.28413888888888883,0.0031906982865127706,0.2782777777777778,0.0029072304735027637,0.26143518518518516,0.0024334418488684596,0.2780666666666666,0.0008521215354109224,0.32872222222222225,0.005165770531603707
false,0.602401111111111,0.8568203703703703,0.5837966666666666,0.8314139660493828,0.2730237037037037,0.25,50,15,0.6106944444444444,0.0011915339216404242,0.621462962962963,0.0020897227124882112,0.6285648148148149,0.001547709489511259,0.5936722222222223,0.001515292417690739,0.5576111111111112,0.008503085859604315,0.8556944444444443,1.1102230246251565e-16,0.8602777777777778,0.0,0.8679629629629628,1.1102230246251565e-16,0.8543333333333333,0.0,0.8458333333333334,1.1102230246251565e-16,0.5886666666666667,0.0015629783218483542,0.5952222222222222,0.0027775308532226022,0.6138333333333332,0.0019319261943205302,0.5842611111111111,0.0017346860818226268,0.537,0.006901869490879697,0.7970428240740741,0.0030134574970748763,0.8403047839506174,0.003867340219482593,0.9171672453703703,0.001451505524841164,0.9269241898148147,0.003291704666769618,0.675630787037037,0.002953243562135432,5,0.26702777777777775,0.0015629783218483542,0.2650555555555556,0.0027775308532226022,0.25412962962962965,0.0019319261943205302,0.27007222222222216,0.0017346860818226268,0.3088333333333333,0.006901869490879697
false,0.6203911111111111,0.8568203703703703,0.5998907407407407,0.8533573688271605,0.2569296296296296,0.5,50,15,0.6301111111111111,0.003304738461103458,0.6422407407407407,0.0008574694002066767,0.6412592592592592,0.0009525793444156636,0.6042888888888889,0.0005201495511442462,0.5840555555555557,0.003859412096212973,0.8556944444444443,1.1102230246251565e-16,0.8602777777777778,0.0,0.8679629629629628,1.1102230246251565e-16,0.8543333333333333,0.0,0.8458333333333334,1.1102230246251565e-16,0.6065277777777778,0.003567038748331559,0.6139444444444445,0.001069594746532852,0.6253981481481481,0.000639224281262711,0.5945277777777778,0.000792129494339435,0.5590555555555555,0.0034632105278907966,0.8248900462962964,0.0023883782628793997,0.8594502314814814,0.003625637589675784,0.923160686728395,0.000340309434416061,0.931056712962963,0.0036068534595763706,0.7282291666666667,0.0054657454268368395,5,0.24916666666666662,0.003567038748331559,0.24633333333333338,0.001069594746532852,0.2425648148148148,0.000639224281262711,0.2598055555555555,0.000792129494339435,0.28677777777777774,0.0034632105278907966
false,0.573068888888889,0.8568203703703703,0.5580507407407407,0.7792971064814814,0.2987696296296296,0.0,5,30,0.5567777777777778,0.001832912409591499,0.5887222222222223,0.003407809960118069,0.6295833333333334,0.0014648955823591682,0.5928722222222222,0.0025859664000567255,0.4973888888888888,0.0043836114543508685,0.8556944444444443,1.1102230246251565e-16,0.8602777777777778,0.0,0.8679629629629628,1.1102230246251565e-16,0.8543333333333333,0.0,0.8458333333333334,1.1102230246251565e-16,0.5407222222222222,0.0008932186217118752,0.5691481481481482,0.003868287584192672,0.6158611111111111,0.0014536152367513938,0.5829666666666666,0.002800484966819634,0.4815555555555556,0.004404683253981064,0.7067621527777778,0.004575130430471401,0.7828935185185185,0.0020234447617129684,0.9050636574074074,0.0016359514603561376,0.9245092592592593,0.00830697799970932,0.5772569444444444,0.003967916032237687,5,0.3149722222222222,0.0008932186217118752,0.2911296296296296,0.003868287584192672,0.25210185185185185,0.0014536152367513938,0.27136666666666664,0.002800484966819634,0.3642777777777778,0.004404683253981064
false,0.5834785185185186,0.8568203703703703,0.5678048148148147,0.7912966820987655,0.2890155555555556,0.1,5,30,0.5703333333333334,0.002202341626990541,0.5989814814814814,0.002268046058132557,0.6353055555555556,0.0010200325447348299,0.6015499999999999,0.0010466584099698055,0.5112222222222222,0.0027137054981822063,0.8556944444444443,1.1102230246251565e-16,0.8602777777777778,0.0,0.8679629629629628,1.1102230246251565e-16,0.8543333333333333,0.0,0.8458333333333334,1.1102230246251565e-16,0.5526388888888889,0.0024088314876309575,0.5774444444444444,0.0028965946611497497,0.6213796296296297,0.0007558641345169869,0.5916166666666667,0.0007672702937711492,0.4959444444444444,0.0024381231397213113,0.7256568287037036,0.003760197174991926,0.7975212191358025,0.0014092237267080252,0.9045235339506174,0.002600917468885818,0.9262702546296295,0.002476988884557335,0.6025115740740741,0.005848229712183098,5,0.3030555555555555,0.0024088314876309575,0.2828333333333334,0.0028965946611497497,0.24658333333333332,0.0007558641345169869,0.2627166666666666,0.0007672702937711492,0.34988888888888886,0.0024381231397213113
false,0.5941614814814815,0.8568203703703703,0.5779818518518518,0.8070359567901233,0.2788385185185185,0.25,5,30,0.5834444444444444,0.0018990738483485908,0.6094814814814815,0.00027216552697589683,0.6438425925925926,0.0014197195379826017,0.6100388888888888,0.0012035954367264064,0.524,0.004958469497041032,0.8556944444444443,1.1102230246251565e-16,0.8602777777777778,0.0,0.8679629629629628,1.1102230246251565e-16,0.8543333333333333,0.0,0.8458333333333334,1.1102230246251565e-16,0.5658055555555556,0.0022828534234782573,0.5867222222222223,0.000970412778264751,0.6288425925925926,0.00138053040442101,0.6004833333333333,0.0013364084908144668,0.5080555555555556,0.005130999950675027,0.7505121527777778,0.0019978671533953064,0.808551311728395,0.0015316928943397226,0.9091608796296295,0.001924248554519734,0.932765625,0.0012943927978341144,0.6341898148148148,0.004067294970184158,5,0.28988888888888886,0.0022828534234782573,0.27355555555555555,0.000970412778264751,0.23912037037037032,0.0013805304044210097,0.25384999999999996,0.0013364084908144668,0.33777777777777784,0.005130999950675027
false,0.6018611111111111,0.8568203703703703,0.5847577777777778,0.8055992669753087,0.2720625925925926,0.5,5,30,0.5895555555555555,0.003498676998629725,0.6169814814814815,0.003355686368147618,0.6546851851851853,0.0011742843601842677,0.6186388888888888,0.0013146843962443659,0.5294444444444444,0.007355605907850459,0.8556944444444443,1.1102230246251565e-16,0.8602777777777778,0.0,0.8679629629629628,1.1102230246251565e-16,0.8543333333333333,0.0,0.8458333333333334,1.1102230246251565e-16,0.5722777777777778,0.001961433715989983,0.5930925925925926,0.0027232928103930755,0.6382685185185185,0.001230680608421682,0.60915,0.0013287653231292057,0.511,0.008044244933069227,0.7557320601851851,0.004892571908327053,0.8070235339506173,0.00535551743041184,0.8959461805555556,0.002928748206192685,0.9175642361111112,0.0024258753302390957,0.651730324074074,0.008607149112804512,5,0.28341666666666665,0.001961433715989983,0.26718518518518525,0.0027232928103930755,0.22969444444444442,0.001230680608421682,0.24518333333333325,0.0013287653231292057,0.33483333333333337,0.008044244933069227
false,0.574687037037037,0.8568203703703703,0.5593344444444445,0.7807244598765432,0.29748592592592593,0.0,10,30,0.5610833333333334,0.005138062996696771,0.5938333333333332,0.0022578927257605654,0.6294351851851852,0.0014321652815544653,0.5926388888888889,0.0019692073983655785,0.4964444444444444,0.011656609421691935,0.8556944444444443,1.1102230246251565e-16,0.8602777777777778,0.0,0.8679629629629628,1.1102230246251565e-16,0.8543333333333333,0.0,0.8458333333333334,1.1102230246251565e-16,0.5438333333333334,0.005401045852082391,0.5712592592592592,0.0025657338906841325,0.6154907407407407,0.0018804732644248747,0.5835333333333332,0.0018888398686449732,0.48255555555555557,0.011305794428270873,0.711412037037037,0.005776634168338442,0.7835243055555556,0.0014247280886041087,0.9040904706790123,0.00206329377872221,0.9268755787037037,0.0022190590279924267,0.5777199074074074,0.007853697958965466,5,0.3118611111111111,0.005401045852082391,0.2890185185185185,0.0025657338906841325,0.2524722222222222,0.0018804732644248747,0.2708,0.0018888398686449735,0.36327777777777776,0.011305794428270873
false,0.5867844444444444,0.8568203703703703,0.5699551851851851,0.7985797067901235,0.28686518518518517,0.1,10,30,0.5742777777777777,0.0036339024358917854,0.6020000000000001,0.0032317865716108827,0.6348888888888888,0.0014480013186907155,0.6000888888888889,0.0013286259494606706,0.5226666666666666,0.009397924646129104,0.8556944444444443,1.1102230246251565e-16,0.8602777777777778,0.0,0.8679629629629628,1.1102230246251565e-16,0.8543333333333333,0.0,0.8458333333333334,1.1102230246251565e-16,0.5558055555555554,0.003655074267540239,0.5786296296296296,0.003449319528924522,0.6201574074074074,0.0018884349490854596,0.5905722222222222,0.0017458592988433977,0.5046111111111111,0.0070110142624055715,0.7353443287037037,0.003135595623917545,0.8003433641975308,0.0006200146967335112,0.9091396604938271,0.0019098157478034039,0.9323651620370371,0.0028185949690127865,0.6157060185185185,0.005713924730707365,5,0.29988888888888887,0.0036550742675402394,0.2816481481481482,0.003449319528924522,0.24780555555555553,0.0018884349490854596,0.263761111111111,0.0017458592988433977,0.3412222222222222,0.0070110142624055715
false,0.599284074074074,0.8568203703703703,0.5817381481481483,0.8167908564814816,0.27508222222222223,0.25,10,30,0.5890000000000001,0.0014839678210214582,0.6152037037037037,0.0024416369961258568,0.6439722222222223,0.0010735950400470758,0.6090777777777777,0.00044975988106687423,0.5391666666666667,0.0073911859420278374,0.8556944444444443,1.1102230246251565e-16,0.8602777777777778,0.0,0.8679629629629628,1.1102230246251565e-16,0.8543333333333333,0.0,0.8458333333333334,1.1102230246251565e-16,0.5704722222222222,0.0014342589603806187,0.5896481481481481,0.0034223705274903826,0.6280648148148148,0.0011424590233471985,0.5992277777777778,0.000852990382473689,0.5212777777777777,0.006157901678852934,0.7623958333333334,0.00167640384785738,0.8164293981481481,0.0021873698643438597,0.9130439814814815,0.00014127957888577958,0.9367725694444444,0.0012057501023100235,0.6553125,0.004388070203178708,5,0.2852222222222222,0.0014342589603806187,0.27062962962962966,0.0034223705274903826,0.23989814814814814,0.0011424590233471985,0.25510555555555553,0.000852990382473689,0.32455555555555554,0.006157901678852934
false,0.6158048148148147,0.8568203703703703,0.5966237037037037,0.8351165509259258,0.26019666666666663,0.5,10,30,0.6081666666666667,0.0025282356117739416,0.6320185185185185,0.0029276834852574483,0.6581388888888889,0.0010675889788252459,0.6205888888888889,0.0005859465277082004,0.5601111111111111,0.003835345687576291,0.8556944444444443,1.1102230246251565e-16,0.8602777777777778,0.0,0.8679629629629628,1.1102230246251565e-16,0.8543333333333333,0.0,0.8458333333333334,1.1102230246251565e-16,0.5891111111111111,0.002597779203497394,0.6055,0.003120026907133082,0.6404907407407407,0.0009335794795938919,0.6107944444444444,0.0007771028817916765,0.5372222222222224,0.004314059701848282,0.7897164351851852,0.002724920272222521,0.8347415123456791,0.0024916358854323016,0.9160976080246914,0.0010689217714932367,0.9367864583333334,0.0018427484397787448,0.6982407407407407,0.0035789163129792034,5,0.26658333333333334,0.002597779203497394,0.2547777777777778,0.003120026907133082,0.22747222222222216,0.0009335794795938919,0.24353888888888883,0.0007771028817916765,0.3086111111111111,0.004314059701848282
false,0.5749581481481482,0.8568203703703703,0.5582070370370371,0.7754488040123456,0.29861333333333334,0.0,20,30,0.56125,0.003454957075719118,0.5900555555555556,0.0020676156058496006,0.6291296296296296,0.001703401744577407,0.5942444444444444,0.0014885779111389595,0.5001111111111112,0.003649792823479292,0.8556944444444443,1.1102230246251565e-16,0.8602777777777778,0.0,0.8679629629629628,1.1102230246251565e-16,0.8543333333333333,0.0,0.8458333333333334,1.1102230246251565e-16,0.5422499999999999,0.002822419065751237,0.5672592592592591,0.0035265989086974104,0.6153425925925926,0.0017353640367922829,0.5846833333333333,0.0017269290519929233,0.48149999999999993,0.0035944058043603975,0.6967216435185185,0.005238322708257533,0.7743904320987655,0.003683805537701146,0.9043142361111111,0.0010945725828489482,0.9343524305555555,0.003205285706043805,0.5674652777777779,0.005046442297412221,5,0.31344444444444447,0.002822419065751237,0.2930185185185185,0.0035265989086974104,0.25262037037037033,0.0017353640367922829,0.26964999999999995,0.0017269290519929233,0.36433333333333334,0.0035944058043603975
false,0.5858025925925926,0.8568203703703703,0.5677396296296295,0.7918593364197531,0.28908074074074075,0.1,20,30,0.5737777777777777,0.003353411750795024,0.6013333333333334,0.0013853040155011142,0.6352685185185185,0.0013822061449583038,0.6013555555555555,0.0016019278509053366,0.5172777777777778,0.003690996720416243,0.8556944444444443,1.1102230246251565e-16,0.8602777777777778,0.0,0.8679629629629628,1.1102230246251565e-16,0.8543333333333333,0.0,0.8458333333333334,1.1102230246251565e-16,0.5533333333333333,0.002016521268097939,0.5769629629629629,0.0021527727996756424,0.6206296296296296,0.0016670781385076897,0.5917166666666667,0.0015849796509189594,0.4960555555555556,0.004061259307221556,0.7247482638888889,0.005295530210950051,0.7949189814814814,0.00314139645687162,0.9055073302469137,0.0021641584261954706,0.9332482638888888,0.0019605383997607934,0.6008738425925926,0.0069959964415466655,5,0.30236111111111114,0.0020165212680979395,0.28331481481481485,0.002152772799675642,0.24733333333333332,0.0016670781385076897,0.2626166666666666,0.0015849796509189594,0.3497777777777778,0.004061259307221556
false,0.5989555555555556,0.8568203703703703,0.5808792592592592,0.8131542824074074,0.27594111111111114,0.25,20,30,0.5894444444444444,0.002998199047905937,0.6137407407407407,0.001855182190573069,0.6440092592592592,0.0018816127105008393,0.6098611111111112,0.0006380429181740891,0.5377222222222222,0.006515413822924107,0.8556944444444443,1.1102230246251565e-16,0.8602777777777778,0.0,0.8679629629629628,1.1102230246251565e-16,0.8543333333333333,0.0,0.8458333333333334,1.1102230246251565e-16,0.5701111111111111,0.0028671726512970322,0.5898518518518518,0.0032849367311786164,0.6287222222222223,0.001642729335825558,0.6002666666666667,0.000566176258382113,0.5154444444444446,0.005344894875913666,0.7554976851851853,0.002334493896782637,0.8138560956790124,0.002452941534463555,0.9128510802469135,0.0022184715486639373,0.9422239583333333,0.0019273953388563893,0.6413425925925926,0.005595630919829006,5,0.2855833333333333,0.0028671726512970322,0.27042592592592596,0.0032849367311786164,0.23924074074074073,0.001642729335825558,0.25406666666666655,0.000566176258382113,0.33038888888888884,0.005344894875913665
false,0.6159359259259259,0.8568203703703703,0.5970774074074074,0.8352615354938269,0.25974296296296295,0.5,20,30,0.6091666666666666,0.003223898031656475,0.6312222222222224,0.0014738227963756673,0.6583240740740741,0.0016062613255059645,0.6214111111111111,0.0007680743919731495,0.5595555555555556,0.0067049824849478,0.8556944444444443,1.1102230246251565e-16,0.8602777777777778,0.0,0.8679629629629628,1.1102230246251565e-16,0.8543333333333333,0.0,0.8458333333333334,1.1102230246251565e-16,0.5898888888888889,0.003016671782275172,0.6050185185185185,0.002719386277893443,0.6414907407407406,0.002292372693337128,0.6123222222222222,0.0008479459568150525,0.5366666666666667,0.004814458676287414,0.790546875,0.0036399071379364595,0.8362673611111111,0.0006663641851724279,0.9165605709876543,0.0024237877005071407,0.9395648148148148,0.0019092381541384572,0.6933680555555556,0.0038444572394616744,5,0.2658055555555555,0.003016671782275172,0.25525925925925924,0.0027193862778934434,0.22647222222222219,0.002292372693337128,0.2420111111111111,0.0008479459568150525,0.3091666666666667,0.004814458676287413
false,0.57115,0.8568203703703703,0.5551544444444444,0.7618457947530863,0.3016659259259259,0.0,50,30,0.5557500000000001,0.0014556191673971226,0.586962962962963,0.002358767900457889,0.6286481481481482,0.0020876293155448248,0.5933888888888889,0.0024589845339634685,0.491,0.006496912847130542,0.8556944444444443,1.1102230246251565e-16,0.8602777777777778,0.0,0.8679629629629628,1.1102230246251565e-16,0.8543333333333333,0.0,0.8458333333333334,1.1102230246251565e-16,0.5380833333333334,0.00269659135544702,0.5646481481481481,0.0023065779378258176,0.6146851851851853,0.0020255145496076116,0.5844666666666667,0.0018871233578918927,0.4738888888888889,0.006466914848234901,0.6799363425925925,0.0035969635837593654,0.7596219135802469,0.003832282949368935,0.8964699074074074,0.00119941141758294,0.9271012731481482,0.0034412298846330123,0.546099537037037,0.008291973945854196,5,0.3176111111111111,0.00269659135544702,0.2956296296296297,0.0023065779378258176,0.25327777777777777,0.0020255145496076116,0.2698666666666666,0.0018871233578918927,0.3719444444444444,0.006466914848234901
false,0.5816848148148148,0.8568203703703703,0.5656396296296297,0.7808498070987653,0.2911807407407407,0.1,50,30,0.5674444444444444,0.002382420182487967,0.5986296296296296,0.0018176470718802794,0.635,0.0016328881563470873,0.6010722222222222,0.001032735788997626,0.5062777777777778,0.007990349117050252,0.8556944444444443,1.1102230246251565e-16,0.8602777777777778,0.0,0.8679629629629628,1.1102230246251565e-16,0.8543333333333333,0.0,0.8458333333333334,1.1102230246251565e-16,0.5500833333333334,0.0032365581474732164,0.5754074074074074,0.0027682552829147405,0.6205740740740742,0.0020219559585933447,0.5915777777777778,0.0005809209376519796,0.4905555555555555,0.00746803889506955,0.7099537037037038,0.0024991961156099526,0.7800752314814815,0.0019641428772799695,0.9017264660493827,0.0017915561313480179,0.9278987268518519,0.0015992341520261171,0.5845949074074073,0.0023550610122455356,5,0.3056111111111111,0.0032365581474732164,0.2848703703703704,0.002768255282914741,0.24738888888888882,0.002021955958593345,0.2627555555555555,0.0005809209376519796,0.35527777777777775,0.00746803889506955
false,0.5974448148148148,0.8568203703703703,0.5801033333333333,0.8065261959876542,0.276717037037037,0.25,50,30,0.587,0.004427572140770649,0.6117037037037036,0.0018244265498889142,0.6440925925925927,0.0014589137586852703,0.6098166666666667,0.0010025584555476516,0.5346111111111111,0.004666666666666679,0.8556944444444443,1.1102230246251565e-16,0.8602777777777778,0.0,0.8679629629629628,1.1102230246251565e-16,0.8543333333333333,0.0,0.8458333333333334,1.1102230246251565e-16,0.5685277777777779,0.005761194149192641,0.5885555555555555,0.0019071377011763493,0.6285277777777778,0.001487084312702673,0.6005722222222222,0.001203210725260836,0.5143333333333333,0.0032231799343022884,0.7499074074074075,0.0028174253854306927,0.8044386574074075,0.0025286835623613024,0.9073572530864198,0.001403075056101583,0.9337170138888888,0.0011941554782080204,0.6372106481481481,0.00413651319153519,5,0.2871666666666666,0.005761194149192642,0.27172222222222225,0.0019071377011763493,0.23943518518518517,0.001487084312702673,0.25376111111111105,0.001203210725260836,0.33149999999999996,0.0032231799343022884
false,0.6153233333333333,0.8568203703703703,0.5964729629629629,0.829443788580247,0.2603474074074074,0.5,50,30,0.60675,0.0017249082995844508,0.630037037037037,0.002008725820979135,0.6578796296296296,0.0014327637876951503,0.6208388888888889,0.0008041942520695604,0.5611111111111111,0.0036132472314464753,0.8556944444444443,1.1102230246251565e-16,0.8602777777777778,0.0,0.8679629629629628,1.1102230246251565e-16,0.8543333333333333,0.0,0.8458333333333334,1.1102230246251565e-16,0.5865833333333332,0.00196928576386292,0.6037222222222223,0.00187247772737253,0.6405648148148149,0.0016572263505492432,0.6119388888888888,0.0008691204579172818,0.5395555555555556,0.005439340010799698,0.7843489583333333,0.0011623844090780074,0.8263657407407408,0.0007812285662354915,0.9139515817901235,0.001245778739510728,0.936291087962963,0.002161537816476985,0.6862615740740741,0.0025301201245494765,5,0.26911111111111113,0.00196928576386292,0.25655555555555554,0.00187247772737253,0.22739814814814813,0.0016572263505492434,0.24239444444444436,0.0008691204579172818,0.30627777777777776,0.005439340010799698
false,0.5707148148148148,0.8568203703703703,0.5556859259259259,0.7732956018518518,0.3011344444444444,0.0,5,50,0.5491944444444444,0.005573858738304029,0.5824074074074075,0.0037983282728113773,0.6308333333333332,0.000983837145121452,0.6018055555555556,0.0015353851006856426,0.48933333333333334,0.008184975697000803,0.8556944444444443,1.1102230246251565e-16,0.8602777777777778,0.0,0.8679629629629628,1.1102230246251565e-16,0.8543333333333333,0.0,0.8458333333333334,1.1102230246251565e-16,0.5320277777777778,0.005156950242388327,0.5626851851851852,0.0033599758311234564,0.6175555555555556,0.001284803550979325,0.5918833333333333,0.0019403448847060778,0.47427777777777774,0.008345546605714217,0.694754050925926,0.0024209933016061994,0.7690316358024691,0.0025026509864294892,0.8979301697530865,0.0014593166450242222,0.9324357638888889,0.002226262467601868,0.572326388888889,0.006817856654938136,5,0.32366666666666666,0.005156950242388327,0.29759259259259263,0.0033599758311234564,0.2504074074074074,0.0012848035509793253,0.26244999999999996,0.0019403448847060778,0.37155555555555553,0.008345546605714217
false,0.5805188888888889,0.8568203703703703,0.5646403703703704,0.786546836419753,0.29217999999999994,0.1,5,50,0.5634722222222222,0.0049026007207563236,0.5919444444444444,0.002935637890080017,0.6353333333333333,0.0009548267389997485,0.6084,0.0010990456016780573,0.5034444444444445,0.004784233364802439,0.8556944444444443,1.1102230246251565e-16,0.8602777777777778,0.0,0.8679629629629628,1.1102230246251565e-16,0.8543333333333333,0.0,0.8458333333333334,1.1102230246251565e-16,0.5441111111111111,0.0033719979789985375,0.5711666666666666,0.0015255033575273446,0.6218240740740741,0.0009354143466934771,0.5983222222222222,0.0011792443699041374,0.4877777777777778,0.005978356023250949,0.717589699074074,0.006193937814696544,0.7845177469135801,0.003799829214645226,0.8973726851851851,0.002492352629677092,0.9290584490740741,0.0017497729244394485,0.6041956018518517,0.006266511433118859,5,0.31158333333333327,0.0033719979789985375,0.2891111111111111,0.0015255033575273446,0.24613888888888885,0.0009354143466934771,0.2560111111111111,0.0011792443699041374,0.35805555555555557,0.005978356023250949
false,0.5918966666666666,0.8568203703703703,0.574714074074074,0.7978814814814814,0.2821062962962963,0.25,5,50,0.5748888888888889,0.00427940084648987,0.6018888888888889,0.002804562224835919,0.6435555555555557,0.0007490277191169107,0.6169833333333333,0.0017304106413375728,0.5221666666666667,0.004177393599357174,0.8556944444444443,1.1102230246251565e-16,0.8602777777777778,0.0,0.8679629629629628,1.1102230246251565e-16,0.8543333333333333,0.0,0.8458333333333334,1.1102230246251565e-16,0.5553611111111111,0.0043502163987610264,0.5794814814814815,0.0021505414509457553,0.6298888888888889,0.0003215510250775035,0.6068388888888889,0.0013510855260735648,0.502,0.005592653911854167,0.7357320601851851,0.004729941713458911,0.7924517746913581,0.003817434527742386,0.8965007716049382,0.0018024986983348264,0.9291788194444445,0.0014310137396649019,0.6355439814814815,0.006285425579630905,5,0.3003333333333333,0.0043502163987610264,0.2807962962962963,0.0021505414509457553,0.23807407407407402,0.00032155102507750344,0.24749444444444438,0.0013510855260735648,0.3438333333333333,0.005592653911854167
false,0.5959674074074074,0.8568203703703703,0.5787425925925926,0.7902103009259259,0.27807777777777776,0.5,5,50,0.5781111111111111,0.002469880288996876,0.6067592592592592,0.00297969810938044,0.6506388888888889,0.0022395926045362846,0.6271055555555556,0.0006901869490879448,0.5172222222222222,0.006278023594007389,0.8556944444444443,1.1102230246251565e-16,0.8602777777777778,0.0,0.8679629629629628,1.1102230246251565e-16,0.8543333333333333,0.0,0.8458333333333334,1.1102230246251565e-16,0.5600555555555555,0.0031751834787074255,0.5839814814814815,0.0032809672701368587,0.6363981481481481,0.0021674183564696675,0.6171111111111112,0.0008121378585157411,0.4961666666666667,0.007589791714639139,0.7354137731481482,0.004625666525663996,0.7859355709876543,0.004985252787939001,0.8814978780864198,0.004190582419474674,0.9138697916666667,0.004059903535764662,0.6343344907407408,0.003918448032812706,5,0.2956388888888889,0.0031751834787074255,0.2762962962962963,0.0032809672701368587,0.23156481481481478,0.0021674183564696675,0.23722222222222217,0.0008121378585157411,0.3496666666666667,0.00758979171463914
false,0.5728970370370371,0.8568203703703703,0.5581851851851851,0.7686056327160495,0.29863518518518517,0.0,10,50,0.5515277777777777,0.0023504662001451234,0.5835370370370371,0.002420477341851053,0.6316759259259259,0.002137746207513091,0.6027444444444444,0.0012694657182753947,0.495,0.003137782499209542,0.8556944444444443,1.1102230246251565e-16,0.8602777777777778,0.0,0.8679629629629628,1.1102230246251565e-16,0.8543333333333333,0.0,0.8458333333333334,1.1102230246251565e-16,0.5355555555555556,0.0020412414523193366,0.5644259259259259,0.0031770999881503615,0.6186666666666667,0.002170185493326733,0.5936111111111111,0.0014404860290888283,0.4786666666666667,0.0034578591821323233,0.6877922453703704,0.005494293392070584,0.764338348765432,0.0022087208205288033,0.8973350694444444,0.0016136263218114969,0.927306712962963,0.002891147871462206,0.566255787037037,0.007498399016795006,5,0.32013888888888886,0.0020412414523193366,0.2958518518518519,0.0031770999881503615,0.2492962962962963,0.002170185493326733,0.2607222222222222,0.0014404860290888283,0.3671666666666667,0.0034578591821323233
false,0.5837281481481482,0.8568203703703703,0.5682333333333333,0.7872940200617284,0.28858703703703703,0.1,10,50,0.5652222222222223,0.003975814226725386,0.5922592592592593,0.0007826128373746659,0.6366481481481481,0.002086027065098562,0.6098444444444444,0.0011882396981446562,0.5146666666666666,0.002851250537856948,0.8556944444444443,1.1102230246251565e-16,0.8602777777777778,0.0,0.8679629629629628,1.1102230246251565e-16,0.8543333333333333,0.0,0.8458333333333334,1.1102230246251565e-16,0.5471666666666666,0.003731538920612969,0.5719814814814814,0.002482172374799304,0.6233518518518519,0.0025290832336527626,0.6002777777777777,0.001155769211017418,0.4983888888888889,0.004973385959407797,0.7177806712962963,0.005103736065390445,0.7835783179012346,0.0028912664847289223,0.9004658564814814,0.0018219587981631892,0.9334473379629631,0.001977556047460169,0.6011979166666667,0.005146244501117075,5,0.30852777777777773,0.003731538920612969,0.2882962962962964,0.002482172374799304,0.2446111111111111,0.002529083233652763,0.25405555555555553,0.001155769211017418,0.3474444444444444,0.004973385959407796
false,0.5975874074074075,0.8568203703703703,0.5807548148148148,0.807470138888889,0.2760655555555555,0.25,10,50,0.5818055555555557,0.0036185820154404666,0.6070185185185185,0.0017425128883255892,0.6460740740740741,0.0014061885560421742,0.6189833333333332,0.0010129714266015055,0.5340555555555555,0.00610757473436081,0.8556944444444443,1.1102230246251565e-16,0.8602777777777778,0.0,0.8679629629629628,1.1102230246251565e-16,0.8543333333333333,0.0,0.8458333333333334,1.1102230246251565e-16,0.5628055555555556,0.0027264706078204103,0.5847407407407408,0.0010531160894898313,0.6319444444444444,0.001062598337255145,0.60945,0.0007894755252306881,0.5148333333333334,0.004000771530530842,0.7492592592592593,0.003605653817927148,0.8033545524691357,0.003922377544259173,0.9038532021604938,0.0022509472641848013,0.9351313657407407,0.000905982226830011,0.6457523148148148,0.006073147283489399,5,0.29288888888888887,0.0027264706078204103,0.275537037037037,0.0010531160894898313,0.2360185185185185,0.001062598337255145,0.2448833333333333,0.0007894755252306881,0.33099999999999996,0.004000771530530842
false,0.6149844444444444,0.8568203703703703,0.5967233333333333,0.8267286265432098,0.260097037037037,0.5,10,50,0.6005,0.003217429385682294,0.6242777777777777,0.003139093733073403,0.6593333333333333,0.0009298988838343488,0.6317555555555556,0.0006023103666530993,0.5590555555555555,0.003942487777602236,0.8556944444444443,1.1102230246251565e-16,0.8602777777777778,0.0,0.8679629629629628,1.1102230246251565e-16,0.8543333333333333,0.0,0.8458333333333334,1.1102230246251565e-16,0.5820277777777777,0.003360537141074792,0.5997407407407408,0.0023667507085292643,0.6442037037037037,0.0008074159020959897,0.6216444444444444,0.000629863790880016,0.5359999999999999,0.0013788526273323424,0.7764554398148149,0.003444569429342689,0.8231018518518519,0.0025098400311907372,0.9076957947530864,0.0020942525332486362,0.9359733796296297,0.0009343848278038667,0.6904166666666667,0.001505519679769302,5,0.2736666666666666,0.003360537141074792,0.26053703703703707,0.0023667507085292643,0.2237592592592592,0.0008074159020959897,0.23268888888888886,0.000629863790880016,0.30983333333333335,0.0013788526273323424
false,0.5725318518518518,0.8568203703703703,0.5572244444444444,0.7669350308641975,0.2995959259259259,0.0,20,50,0.5508333333333334,0.000993807989999913,0.5842222222222222,0.0019620892534956405,0.6304537037037037,0.0006289484332497123,0.6030944444444445,0.0009903235535625517,0.4940555555555555,0.007528956447289702,0.8556944444444443,1.1102230246251565e-16,0.8602777777777778,0.0,0.8679629629629628,1.1102230246251565e-16,0.8543333333333333,0.0,0.8458333333333334,1.1102230246251565e-16,0.5351944444444444,0.002996397013369279,0.5637962962962962,0.0018115995705771048,0.6166203703703703,0.0013305655428888868,0.5930666666666667,0.0011561163169299027,0.47744444444444445,0.008957030482348952,0.6891435185185186,0.0015304059885246034,0.7632716049382716,0.002067757273411617,0.8933150077160494,0.0013838089083912878,0.9261846064814814,0.001003979210802043,0.5627604166666667,0.004953091835481122,5,0.3205,0.002996397013369279,0.2964814814814815,0.0018115995705771048,0.25134259259259256,0.001330565542888887,0.2612666666666666,0.0011561163169299027,0.36838888888888893,0.008957030482348952
false,0.5845666666666667,0.8568203703703703,0.568467037037037,0.7852395833333333,0.2883533333333333,0.1,20,50,0.5656388888888889,0.0029744280495957887,0.5943888888888889,0.0012676734140833255,0.6368055555555556,0.0010256484448924487,0.6097777777777778,0.0008538221979305749,0.5162222222222221,0.0037704176668793953,0.8556944444444443,1.1102230246251565e-16,0.8602777777777778,0.0,0.8679629629629628,1.1102230246251565e-16,0.8543333333333333,0.0,0.8458333333333334,1.1102230246251565e-16,0.547611111111111,0.0016583123951777227,0.5729074074074074,0.0006484126444448698,0.6225555555555555,0.0006102687797512812,0.5998722222222223,0.0010383985771072093,0.4993888888888889,0.006184907955641117,0.7174652777777777,0.002552732816071206,0.7803935185185185,0.0018033283984779818,0.8979716435185185,0.0010334479981992412,0.9280642361111111,0.002724034681317944,0.6023032407407407,0.0018993827850098438,5,0.3080833333333334,0.0016583123951777227,0.2873703703703704,0.0006484126444448698,0.24540740740740738,0.0006102687797512812,0.254461111111111,0.0010383985771072093,0.34644444444444444,0.006184907955641117
false,0.5983922222222222,0.8568203703703703,0.5810622222222223,0.8058990354938272,0.27575814814814814,0.25,20,50,0.5838333333333333,0.002609633151457354,0.6071666666666666,0.002046778056244185,0.6454444444444445,0.0011327370738453252,0.6181277777777777,0.0007431996225862375,0.5373888888888889,0.004841946348777987,0.8556944444444443,1.1102230246251565e-16,0.8602777777777778,0.0,0.8679629629629628,1.1102230246251565e-16,0.8543333333333333,0.0,0.8458333333333334,1.1102230246251565e-16,0.5642777777777778,0.002229848026709922,0.5841111111111111,0.002443181491921795,0.631,0.0010616296968193248,0.6082,0.0009672731175581165,0.5177222222222222,0.004000000000000012,0.748342013888889,0.0011657504566252228,0.8019926697530865,0.00214004859149634,0.9029041280864198,0.0006800384132889702,0.9332355324074074,0.0011344628206888152,0.6430208333333334,0.001528961031687782,5,0.29141666666666666,0.002229848026709922,0.27616666666666667,0.002443181491921795,0.23696296296296296,0.001061629696819325,0.24613333333333326,0.0009672731175581165,0.3281111111111111,0.004000000000000012
false,0.6172422222222222,0.8568203703703703,0.5978940740740741,0.8267112654320987,0.25892629629629627,0.5,20,50,0.6040277777777778,0.0028880874956822566,0.626462962962963,0.0017405437240754482,0.6595648148148149,0.0010449434059011681,0.6314333333333333,0.0006015925367280487,0.5647222222222222,0.004779069592801465,0.8556944444444443,1.1102230246251565e-16,0.8602777777777778,0.0,0.8679629629629628,1.1102230246251565e-16,0.8543333333333333,0.0,0.8458333333333334,1.1102230246251565e-16,0.5844722222222223,0.004254083006033432,0.6001851851851852,0.0022106178493172656,0.6443240740740741,0.0005537006069528116,0.6212666666666667,0.0007855956299695013,0.5392222222222222,0.004592667263431173,0.776467013888889,0.003481790202756484,0.8210590277777778,0.003002591214539302,0.9075887345679012,0.0015372328309402048,0.9353107638888889,0.0006356988406555938,0.693130787037037,0.002255452676510315,5,0.2712222222222222,0.004254083006033432,0.26009259259259265,0.0022106178493172656,0.22363888888888886,0.0005537006069528115,0.2330666666666666,0.0007855956299695013,0.30661111111111106,0.0045926672634311735
false,0.5686,0.8568203703703703,0.5527737037037037,0.7536976851851852,0.30404666666666663,0.0,50,50,0.5459444444444445,0.0039775605154819555,0.5789814814814814,0.0027746896414391955,0.6301851851851852,0.001181417622795324,0.6030555555555555,0.0008906233078822874,0.48483333333333334,0.0032422747692033055,0.8556944444444443,1.1102230246251565e-16,0.8602777777777778,0.0,0.8679629629629628,1.1102230246251565e-16,0.8543333333333333,0.0,0.8458333333333334,1.1102230246251565e-16,0.5274722222222222,0.004175361298775059,0.5589814814814814,0.0022260769037354424,0.6169814814814816,0.0015431049347034852,0.5937666666666667,0.001019955215671412,0.4666666666666667,0.007131914015947203,0.6704629629629629,0.004362213089130296,0.7459567901234567,0.0036631654939077722,0.8894193672839508,0.0027293738762845564,0.91975,0.003069491578320868,0.5428993055555555,0.0046910673154273086,5,0.3282222222222222,0.004175361298775059,0.3012962962962963,0.0022260769037354424,0.2509814814814814,0.0015431049347034852,0.2605666666666666,0.001019955215671412,0.37916666666666665,0.007131914015947203
false,0.58156,0.8568203703703703,0.5646796296296297,0.7769190972222222,0.29214074074074076,0.1,50,50,0.5634166666666667,0.004269653179311506,0.5925740740740741,0.0025454712468053462,0.6361481481481481,0.001035796215346284,0.6093833333333334,0.0008148695267826648,0.5062777777777778,0.005069273208675737,0.8556944444444443,1.1102230246251565e-16,0.8602777777777778,0.0,0.8679629629629628,1.1102230246251565e-16,0.8543333333333333,0.0,0.8458333333333334,1.1102230246251565e-16,0.5438055555555555,0.005373833493862022,0.5701296296296297,0.0023892477479527403,0.6227407407407408,0.0014071027935459819,0.5998333333333333,0.0008579691784155809,0.48688888888888887,0.006773222512945862,0.7065567129629629,0.0015924659961257868,0.7717129629629629,0.0025961037731757684,0.8950115740740741,0.0013214227372084681,0.9274542824074075,0.0029909818762259067,0.5838599537037037,0.003968992005194034,5,0.3118888888888889,0.005373833493862022,0.29014814814814816,0.0023892477479527403,0.24522222222222217,0.0014071027935459819,0.2545,0.0008579691784155808,0.35894444444444445,0.006773222512945862
false,0.5958518518518519,0.8568203703703703,0.5777666666666667,0.7999577932098764,0.2790537037037037,0.25,50,50,0.580861111111111,0.004400301617047138,0.6064074074074075,0.0021749603846730353,0.6455462962962963,0.001276099273286041,0.619,0.0005377708906813529,0.5274444444444445,0.007452317561472898,0.8556944444444443,1.1102230246251565e-16,0.8602777777777778,0.0,0.8679629629629628,1.1102230246251565e-16,0.8543333333333333,0.0,0.8458333333333334,1.1102230246251565e-16,0.5605555555555555,0.005062876262499687,0.5817777777777777,0.002200043645906958,0.6315555555555556,0.0019377309145992457,0.6092222222222222,0.00033655847179690676,0.5057222222222222,0.009649090022981694,0.739609375,0.001187016379346954,0.7978395061728395,0.002581546131645211,0.8989882330246914,0.0010966307940888428,0.9326747685185185,0.00044726122011939587,0.6306770833333333,0.005380124020080793,5,0.2951388888888889,0.005062876262499687,0.2785,0.0022000436459069586,0.23640740740740734,0.0019377309145992457,0.24511111111111106,0.00033655847179690676,0.3401111111111111,0.009649090022981692
false,0.6154344444444445,0.8568203703703703,0.5958177777777778,0.8231001157407407,0.26100259259259256,0.5,50,50,0.6034722222222223,0.0033941216431346306,0.6242777777777777,0.0011892292117038842,0.6603055555555556,0.001407772857036812,0.6315611111111112,0.000761415186622756,0.5575555555555556,0.007855563413480274,0.8556944444444443,1.1102230246251565e-16,0.8602777777777778,0.0,0.8679629629629628,1.1102230246251565e-16,0.8543333333333333,0.0,0.8458333333333334,1.1102230246251565e-16,0.5816111111111111,0.004481271038830047,0.5996111111111111,0.003038053127224875,0.6446388888888889,0.0013300499696668132,0.6212833333333332,0.0007730810571910653,0.5319444444444444,0.007570654847159194,0.772109375,0.0017501816966411952,0.8177932098765432,0.00016585019490899887,0.9053578317901235,0.0018992718474996027,0.9355989583333334,0.001236563343851227,0.6846412037037036,0.0008638788405989458,5,0.2740833333333333,0.004481271038830047,0.2606666666666667,0.003038053127224875,0.223324074074074,0.0013300499696668132,0.23304999999999998,0.0007730810571910654,0.3138888888888889,0.007570654847159194
false,0.5727562962962963,0.8568203703703703,0.5583762962962964,0.772266010802469,0.2984440740740741,0.0,5,100,0.5522499999999999,0.003933670732547249,0.5817777777777778,0.004391037136378941,0.6306203703703702,0.000992772233605937,0.6083000000000001,0.001468117968819408,0.49083333333333334,0.005052196686395404,0.8556944444444443,1.1102230246251565e-16,0.8602777777777778,0.0,0.8679629629629628,1.1102230246251565e-16,0.8543333333333333,0.0,0.8458333333333334,1.1102230246251565e-16,0.5356388888888889,0.0034589747285632636,0.5621296296296296,0.0029145347881866274,0.6179629629629629,0.00048112522432467147,0.5989833333333334,0.0013135805369905952,0.47716666666666663,0.003953432638812697,0.7051822916666667,0.002698228902817248,0.7716126543209876,0.0034568848504436924,0.883707561728395,0.0013882939826734095,0.9169849537037036,0.003942655457144971,0.5838425925925926,0.005005783691927836,5,0.3200555555555555,0.0034589747285632636,0.29814814814814816,0.0029145347881866274,0.25,0.00048112522432467147,0.25534999999999997,0.0013135805369905952,0.36866666666666664,0.003953432638812697
false,0.5799370370370371,0.8568203703703703,0.56501,0.7795994598765432,0.2918103703703704,0.1,5,100,0.5610555555555556,0.003128670683679169,0.5896296296296296,0.0039492667444640545,0.6367777777777777,0.0011440338469960796,0.613611111111111,0.0009439541210864385,0.49861111111111106,0.007476300002567794,0.8556944444444443,1.1102230246251565e-16,0.8602777777777778,0.0,0.8679629629629628,1.1102230246251565e-16,0.8543333333333333,0.0,0.8458333333333334,1.1102230246251565e-16,0.545138888888889,0.0017324962366125054,0.5694259259259258,0.0025888862396001985,0.6232407407407407,0.0011997799295232114,0.6040222222222222,0.0007664653519908677,0.4832222222222223,0.006311365409587169,0.7168200231481481,0.004331916135369065,0.7780054012345679,0.004173567887316096,0.8832436342592592,0.0020063979556003233,0.9169305555555556,0.002981213684200473,0.6029976851851852,0.0045187384917236,5,0.31055555555555553,0.0017324962366125054,0.29085185185185186,0.0025888862396001985,0.2447222222222222,0.0011997799295232114,0.25031111111111104,0.0007664653519908677,0.3626111111111111,0.006311365409587169
false,0.5896351851851852,0.8568203703703703,0.5734577777777778,0.7861128858024691,0.28336259259259255,0.25,5,100,0.5724444444444445,0.005250367418066216,0.5976666666666667,0.0021158167179809763,0.6433703703703704,0.0010671873729054709,0.6204166666666666,0.0015127034094422711,0.5142777777777778,0.009510552943123285,0.8556944444444443,1.1102230246251565e-16,0.8602777777777778,0.0,0.8679629629629628,1.1102230246251565e-16,0.8543333333333333,0.0,0.8458333333333334,1.1102230246251565e-16,0.5552222222222223,0.0037950991789119,0.5766851851851852,0.0025635944415810775,0.6295370370370371,0.0013642883048956874,0.6106777777777778,0.0012848355805844594,0.49516666666666664,0.006681926978660293,0.7299826388888889,0.004340243055416639,0.7860976080246913,0.002296379619561799,0.8781086033950617,0.0012419555407820633,0.9116765046296297,0.0018768426409618486,0.6246990740740741,0.007859503663686773,5,0.3004722222222222,0.0037950991789118997,0.2835925925925926,0.0025635944415810775,0.2384259259259259,0.0013642883048956876,0.24365555555555546,0.0012848355805844596,0.3506666666666666,0.006681926978660294
false,0.5874966666666667,0.8568203703703703,0.5723511111111111,0.764601697530864,0.28446925925925926,0.5,5,100,0.5664166666666667,0.00212531769593207,0.5968148148148148,0.0018338009130632851,0.6443240740740741,0.0015049073817711128,0.6269277777777778,0.0018459665740724167,0.503,0.00594314627569616,0.8556944444444443,1.1102230246251565e-16,0.8602777777777778,0.0,0.8679629629629628,1.1102230246251565e-16,0.8543333333333333,0.0,0.8458333333333334,1.1102230246251565e-16,0.5505277777777777,0.002928415490320768,0.5782037037037037,0.001948056609594248,0.6305740740740742,0.0019627882521831333,0.6166722222222222,0.001714444804493348,0.48577777777777775,0.006995148230411713,0.7115769675925926,0.004777642457608062,0.7652951388888889,0.004326269833439074,0.8492746913580247,0.003984889440125403,0.8805480324074074,0.005367921639751937,0.6163136574074073,0.005883214107686635,5,0.3051666666666667,0.002928415490320768,0.28207407407407414,0.001948056609594248,0.23738888888888887,0.0019627882521831333,0.23766111111111105,0.0017144448044933483,0.3600555555555556,0.006995148230411713
false,0.5754429629629629,0.8568203703703703,0.5609503703703703,0.77521875,0.29586999999999997,0.0,10,100,0.5544444444444444,0.0017145888180012292,0.5842777777777778,0.0038138258336887975,0.6313425925925926,0.0019674564223033045,0.6085388888888889,0.0012862760873310018,0.49861111111111106,0.004123854124421241,0.8556944444444443,1.1102230246251565e-16,0.8602777777777778,0.0,0.8679629629629628,1.1102230246251565e-16,0.8543333333333333,0.0,0.8458333333333334,1.1102230246251565e-16,0.5375555555555556,0.0019594657876164895,0.5635000000000001,0.0038665141164742115,0.6178796296296296,0.0018981255644546177,0.5992055555555555,0.0011800292944679027,0.48661111111111116,0.0018375372676156868,0.7080005787037037,0.002274200635479203,0.766028163580247,0.004597876495486489,0.8871807484567901,0.0017210322859367957,0.9218402777777777,0.0021228088739761795,0.5930439814814814,0.0034181554457389063,5,0.31813888888888886,0.0019594657876164895,0.2967777777777778,0.0038665141164742115,0.2500833333333333,0.0018981255644546177,0.25512777777777773,0.0011800292944679027,0.3592222222222222,0.0018375372676156868
false,0.5886444444444445,0.8568203703703703,0.5724592592592592,0.7919790509259259,0.28436111111111106,0.1,10,100,0.5719166666666666,0.0030749385219188408,0.5972592592592593,0.001338723671994665,0.638962962962963,0.0012704432545769654,0.6141944444444445,0.0013257888404201936,0.5208888888888888,0.0036404788723124262,0.8556944444444443,1.1102230246251565e-16,0.8602777777777778,0.0,0.8679629629629628,1.1102230246251565e-16,0.8543333333333333,0.0,0.8458333333333334,1.1102230246251565e-16,0.5536666666666668,0.0029536021113377407,0.5745555555555555,0.001973243519255182,0.6251574074074073,0.0015241539513742215,0.6045277777777778,0.00156396536225105,0.5043888888888889,0.003862609621281933,0.72953125,0.0021468191505755246,0.7838155864197531,0.0042080899184652135,0.8925501543209876,0.0018083603373291223,0.9247216435185185,0.002133395657982958,0.6292766203703704,0.0032278752146716826,5,0.30202777777777773,0.0029536021113377407,0.28572222222222227,0.001973243519255182,0.24280555555555555,0.0015241539513742215,0.24980555555555553,0.00156396536225105,0.34144444444444444,0.003862609621281933
false,0.6029277777777778,0.8568203703703703,0.5851044444444444,0.8080288966049384,0.27171592592592586,0.25,10,100,0.5875555555555556,0.004347555010336405,0.6130555555555556,0.0018434996836658932,0.6480555555555555,0.00089628481780224,0.6228611111111111,0.0010440897742963265,0.5431111111111111,0.007291124318454613,0.8556944444444443,1.1102230246251565e-16,0.8602777777777778,0.0,0.8679629629629628,1.1102230246251565e-16,0.8543333333333333,0.0,0.8458333333333334,1.1102230246251565e-16,0.5685555555555556,0.003237749942685204,0.5892407407407407,0.0019680228287789823,0.6333703703703705,0.0007687973612832194,0.6127444444444444,0.000854255867067807,0.5216111111111111,0.007324910988377566,0.7537210648148148,0.002981952988869751,0.8020833333333333,0.002436170762393139,0.895822723765432,0.0008009159602293428,0.9242696759259259,0.0010212839928660329,0.6642476851851853,0.003427548258268167,5,0.28713888888888883,0.003237749942685204,0.2710370370370371,0.0019680228287789823,0.23459259259259255,0.0007687973612832194,0.24158888888888885,0.000854255867067807,0.3242222222222222,0.007324910988377566
false,0.6208196296296297,0.8568203703703703,0.6025100000000001,0.8231932484567901,0.25431037037037035,0.5,10,100,0.6061388888888889,0.003692877696189291,0.6301111111111111,0.0009098606293731909,0.6623425925925926,0.0016657919515320042,0.6373388888888889,0.0008630623055202156,0.5681666666666666,0.004233172933677479,0.8556944444444443,1.1102230246251565e-16,0.8602777777777778,0.0,0.8679629629629628,1.1102230246251565e-16,0.8543333333333333,0.0,0.8458333333333334,1.1102230246251565e-16,0.58875,0.0019184774055368808,0.6065185185185186,0.0011909581622824928,0.6473148148148148,0.001625520914713228,0.6271333333333333,0.0008678766482301689,0.5428333333333333,0.0024620577562400226,0.7768373842592592,0.004379340994704976,0.8212268518518517,0.002317012845319855,0.8936583719135802,0.0012191674689931184,0.9215989583333333,0.00043067804597215933,0.7026446759259259,0.00538348432271631,5,0.26694444444444443,0.0019184774055368808,0.2537592592592593,0.0011909581622824928,0.22064814814814815,0.001625520914713228,0.22719999999999993,0.0008678766482301688,0.30300000000000005,0.0024620577562400226
false,0.5737766666666666,0.8568203703703703,0.5595514814814815,0.7676980709876543,0.29726888888888886,0.0,20,100,0.5541666666666667,0.002413631555136512,0.5826111111111111,0.0028123771120843887,0.6314444444444445,0.0025850419147395312,0.6083833333333334,0.0007182368672874394,0.4922777777777778,0.005548328632776167,0.8556944444444443,1.1102230246251565e-16,0.8602777777777778,0.0,0.8679629629629628,1.1102230246251565e-16,0.8543333333333333,0.0,0.8458333333333334,1.1102230246251565e-16,0.5374166666666667,0.0014556191673970992,0.5637962962962962,0.0013519786850699218,0.6193611111111111,0.002790464854017874,0.5989055555555556,0.001123761320820757,0.47827777777777775,0.004545381593129502,0.6986747685185186,0.002266118285663715,0.7600385802469136,0.0032252994122379595,0.8832937885802469,0.0004391067287770074,0.9173165509259259,0.001556844510309994,0.5791666666666667,0.003658872186755419,5,0.31827777777777777,0.0014556191673970992,0.2964814814814815,0.0013519786850699218,0.24860185185185185,0.0027904648540178737,0.2554277777777777,0.001123761320820757,0.3675555555555555,0.004545381593129502
false,0.5865314814814815,0.8568203703703703,0.5708040740740741,0.784428086419753,0.28601629629629627,0.1,20,100,0.5684166666666666,0.0009485206154980085,0.5956851851851852,0.003165854346753187,0.6378055555555555,0.0023589496279172147,0.6144166666666666,0.0007531825480036633,0.5163333333333333,0.006720615051218636,0.8556944444444443,1.1102230246251565e-16,0.8602777777777778,0.0,0.8679629629629628,1.1102230246251565e-16,0.8543333333333333,0.0,0.8458333333333334,1.1102230246251565e-16,0.5511111111111111,0.001158702978589697,0.5755925925925927,0.0015456030825826241,0.6246388888888889,0.002112734918066899,0.6044555555555555,0.0011389024389438023,0.49822222222222223,0.006798692684790392,0.7222800925925926,0.00149628204350109,0.7759722222222223,0.0034808534697564186,0.8912422839506173,0.002422163643249082,0.9216967592592593,0.0007325758047266302,0.610949074074074,0.005188232817989377,5,0.3045833333333333,0.001158702978589697,0.2846851851851852,0.0015456030825826241,0.24332407407407403,0.002112734918066899,0.24987777777777773,0.0011389024389438025,0.3476111111111111,0.006798692684790392
false,0.6017262962962963,0.8568203703703703,0.5847888888888889,0.8046648919753088,0.27203148148148143,0.25,20,100,0.5847222222222223,0.0027216552697591,0.6109074074074075,0.0016390719713599284,0.6477962962962962,0.001665277198591324,0.623261111111111,0.0006021053597150332,0.5419444444444446,0.003328700484210065,0.8556944444444443,1.1102230246251565e-16,0.8602777777777778,0.0,0.8679629629629628,1.1102230246251565e-16,0.8543333333333333,0.0,0.8458333333333334,1.1102230246251565e-16,0.5680833333333334,0.0020325286811029627,0.5892037037037037,0.0014728917648257891,0.6336574074074075,0.0019617833632526176,0.6128888888888888,0.0006545189544454694,0.5201111111111111,0.003564225540521229,0.7477980324074074,0.0024527805385795515,0.7985513117283951,0.001442574967651285,0.8941695601851852,0.002466016329447436,0.9250104166666666,0.0013871994933727322,0.657795138888889,0.00573124436231666,5,0.28761111111111104,0.0020325286811029627,0.2710740740740741,0.0014728917648257893,0.23430555555555554,0.0019617833632526176,0.2414444444444444,0.0006545189544454694,0.3257222222222222,0.0035642255405212288
false,0.6219748148148149,0.8568203703703703,0.6032029629629629,0.8244060956790124,0.2536174074074074,0.5,20,100,0.6085555555555555,0.0030233147535057123,0.6302962962962962,0.0017454624693256603,0.6617222222222222,0.001274082148983881,0.6383,0.00023200681130914174,0.571,0.005198527806795382,0.8556944444444443,1.1102230246251565e-16,0.8602777777777778,0.0,0.8679629629629628,1.1102230246251565e-16,0.8543333333333333,0.0,0.8458333333333334,1.1102230246251565e-16,0.5903611111111111,0.002096440251568156,0.6076111111111111,0.002366026111656982,0.6467314814814815,0.0012417767924207425,0.6278111111111111,0.0005710073403346538,0.5435,0.004069610349291644,0.7810445601851852,0.0027647308254333458,0.8199845679012345,0.0009232213587127241,0.8960956790123457,0.0012956071801472537,0.9234010416666667,0.0008368613829925069,0.7015046296296297,0.003265366095974642,5,0.2653333333333333,0.002096440251568156,0.2526666666666667,0.002366026111656982,0.22123148148148147,0.0012417767924207425,0.22652222222222215,0.0005710073403346538,0.30233333333333334,0.004069610349291644
false,0.5727474074074074,0.8568203703703703,0.5576703703703704,0.7616094907407407,0.29914999999999997,0.0,50,100,0.5509444444444445,0.0012951714696527404,0.5817592592592593,0.0031185976940771615,0.6319166666666666,0.0013239769454144513,0.6081722222222222,0.0006204836822995401,0.49094444444444446,0.004287506973683279,0.8556944444444443,1.1102230246251565e-16,0.8602777777777778,0.0,0.8679629629629628,1.1102230246251565e-16,0.8543333333333333,0.0,0.8458333333333334,1.1102230246251565e-16,0.5349722222222221,0.0030961943984650414,0.5612592592592593,0.004101172504566045,0.6194537037037037,0.0018204278277357073,0.5989444444444445,0.0006903210918670532,0.47372222222222227,0.004630148119114361,0.686820023148148,0.011399233151260343,0.7561226851851852,0.008447036474242813,0.8794184027777778,0.0029608867576617153,0.9126655092592593,0.0029342181616951912,0.5730208333333333,0.005246963223712141,5,0.3207222222222222,0.003096194398465042,0.2990185185185186,0.004101172504566045,0.24850925925925926,0.0018204278277357073,0.25538888888888883,0.0006903210918670532,0.3721111111111111,0.004630148119114361
false,0.5845225925925926,0.8568203703703703,0.5688503703703703,0.7810088348765432,0.28796999999999995,0.1,50,100,0.5651111111111111,0.0024206544365593576,0.5928888888888888,0.0031182677826534695,0.6386574074074074,0.0014091120281294204,0.6148444444444444,0.0004870546398734049,0.5111111111111111,0.006860605019571358,0.8556944444444443,1.1102230246251565e-16,0.8602777777777778,0.0,0.8679629629629628,1.1102230246251565e-16,0.8543333333333333,0.0,0.8458333333333334,1.1102230246251565e-16,0.54825,0.003753187945345432,0.5718888888888889,0.004166296279833925,0.6250462962962963,0.001825507051345764,0.6047888888888889,0.0005705206632195578,0.49427777777777776,0.0077391899917494435,0.7165104166666667,0.00498511843066408,0.7756693672839505,0.00473532063092074,0.8832474922839506,0.0015235348176711877,0.9188703703703704,0.0017720901494964224,0.6107465277777777,0.003352582945066308,5,0.3074444444444444,0.003753187945345432,0.2883888888888889,0.004166296279833925,0.24291666666666661,0.0018255070513457643,0.2495444444444444,0.0005705206632195576,0.3515555555555555,0.0077391899917494435
false,0.6002759259259259,0.8568203703703703,0.5831374074074075,0.8035707175925927,0.27368296296296296,0.25,50,100,0.5842777777777777,0.0007370277311901002,0.6102962962962963,0.001320410627405634,0.6484722222222222,0.001336031221142811,0.6235555555555556,0.000658046116437151,0.5347777777777777,0.005658490834004982,0.8556944444444443,1.1102230246251565e-16,0.8602777777777778,0.0,0.8679629629629628,1.1102230246251565e-16,0.8543333333333333,0.0,0.8458333333333334,1.1102230246251565e-16,0.5661944444444444,0.0020442632769971333,0.5876481481481483,0.0032781439427198066,0.6335555555555555,0.0013603235312745704,0.6132888888888889,0.0005718715214425413,0.515,0.004827263110272999,0.748616898148148,0.004020200107657221,0.7993518518518519,0.004690228401199525,0.8909230324074073,0.002037010321136904,0.9232847222222222,0.001960265496788981,0.6556770833333334,0.003935844681937975,5,0.2895,0.0020442632769971333,0.27262962962962967,0.0032781439427198066,0.2344074074074074,0.0013603235312745704,0.2410444444444444,0.0005718715214425413,0.33083333333333326,0.004827263110273
false,0.6214881481481481,0.8568203703703703,0.6030785185185185,0.8252091820987653,0.25374185185185183,0.5,50,100,0.6066666666666667,0.0024984563135298835,0.6301851851851852,0.0013808408801709322,0.6631388888888889,0.0007192483883680871,0.6383388888888889,0.00024745619390355306,0.5691111111111111,0.005611936132966384,0.8556944444444443,1.1102230246251565e-16,0.8602777777777778,0.0,0.8679629629629628,1.1102230246251565e-16,0.8543333333333333,0.0,0.8458333333333334,1.1102230246251565e-16,0.5885555555555555,0.0018354365040757488,0.6078148148148148,0.0029690908854178117,0.648,0.0010068353495605853,0.627688888888889,0.0002089066186329357,0.5433333333333332,0.004346134936801767,0.7791377314814816,0.0028215767171989644,0.8213233024691358,0.0024500704669885845,0.895252700617284,0.0015779026209175586,0.924261574074074,0.0011095692426888186,0.7060706018518519,0.0042119572657480535,5,0.2671388888888888,0.0018354365040757488,0.252462962962963,0.0029690908854178117,0.21996296296296292,0.0010068353495605853,0.22664444444444437,0.0002089066186329357,0.3025,0.004346134936801767
