class,class_hierarchy,id,tag,existing_sfcm_label,existing_sfcm_max_membership,raw_pca_cosine_fcm_label,raw_pca_cosine_fcm_max_membership,normalized_pca_cosine_fcm_label,normalized_pca_cosine_fcm_max_membership,raw_pca_euclidean_fcm_label,raw_pca_euclidean_fcm_max_membership
Artist,"['People', 'Arts', 'Artist']",0,People,4,0.3785638754215764,2,0.2457952399094138,4,0.3785638754215763,-1,
Artist,"['People', 'Arts', 'Artist']",1,People,4,0.3236678718588625,2,0.20577612253128205,4,0.3236678718588624,-1,
Artist,"['People', 'Arts', 'Artist']",2,People,2,0.2692253024053827,6,0.17768711807871845,2,0.2692253024053827,-1,
Artist,"['People', 'Arts', 'Artist']",3,People,2,0.3713529160620861,0,0.2601448714514115,2,0.3713529160620861,-1,
Artist,"['People', 'Arts', 'Artist']",4,People,3,0.27171922596221443,6,0.17075110573538554,3,0.27171922596221443,-1,
Artist,"['People', 'Arts', 'Artist']",5,People,4,0.27873797979893267,2,0.17153927185468282,4,0.2787379797989326,-1,
Artist,"['People', 'Arts', 'Artist']",6,People,2,0.28060015305412017,0,0.17400588697335534,2,0.28060015305412017,-1,
Artist,"['People', 'Arts', 'Artist']",7,People,4,0.2488204718284845,2,0.16262236420622203,4,0.2488204718284845,-1,
Artist,"['People', 'Arts', 'Artist']",8,People,2,0.30936288955790797,6,0.1828727836071664,2,0.30936288955790797,-1,
Artist,"['People', 'Arts', 'Artist']",9,People,2,0.28464376212244213,6,0.16026818358546974,2,0.28464376212244213,-1,
Artist,"['People', 'Arts', 'Artist']",10,People,2,0.2622021346228042,6,0.18568245427457386,2,0.2622021346228042,-1,
Artist,"['People', 'Arts', 'Artist']",11,People,2,0.32606487893669506,0,0.19427014808045553,2,0.32606487893669495,-1,
Artist,"['People', 'Arts', 'Artist']",12,People,2,0.2537117965505055,6,0.22958666808363584,2,0.2537117965505055,-1,
Artist,"['People', 'Arts', 'Artist']",13,People,4,0.25045621910343385,2,0.16490371695890255,4,0.25045621910343385,-1,
Artist,"['People', 'Arts', 'Artist']",14,People,2,0.392252390599786,0,0.28627070157795254,2,0.39225239059978606,-1,
Artist,"['People', 'Arts', 'Artist']",15,People,2,0.2767742994386835,0,0.1529431700008042,2,0.2767742994386835,-1,
Artist,"['People', 'Arts', 'Artist']",16,People,2,0.30238643155508504,0,0.19490961468553122,2,0.30238643155508504,-1,
Artist,"['People', 'Arts', 'Artist']",17,People,4,0.28170548444255034,2,0.18718938142551111,4,0.28170548444255034,-1,
Artist,"['People', 'Arts', 'Artist']",18,People,2,0.26080148641248,0,0.16048797934206657,2,0.26080148641248,-1,
Artist,"['People', 'Arts', 'Artist']",19,People,2,0.2580787341344447,2,0.17387873366612963,2,0.2580787341344447,-1,
Artist,"['People', 'Arts', 'Artist']",20,People,2,0.27815536047765493,6,0.2486561353909804,2,0.27815536047765493,-1,
Artist,"['People', 'Arts', 'Artist']",21,People,4,0.2695354272472484,2,0.16815485339788808,4,0.2695354272472484,-1,
Artist,"['People', 'Arts', 'Artist']",22,People,2,0.2536679254792158,0,0.15000299273254877,2,0.2536679254792158,-1,
Artist,"['People', 'Arts', 'Artist']",23,People,2,0.2512996771432519,6,0.1792569319862237,2,0.2512996771432519,-1,
Artist,"['People', 'Arts', 'Artist']",24,People,4,0.27156819758930684,2,0.1758146304231496,4,0.27156819758930684,-1,
Artist,"['People', 'Arts', 'Artist']",25,People,4,0.26008133704544817,2,0.164504525890823,4,0.26008133704544817,-1,
Artist,"['People', 'Arts', 'Artist']",26,People,2,0.26209588205803575,6,0.15385455444052012,2,0.26209588205803563,-1,
Artist,"['People', 'Arts', 'Artist']",27,People,2,0.3363607795305074,0,0.20140688090159756,2,0.33636077953050725,-1,
Artist,"['People', 'Arts', 'Artist']",28,People,2,0.3786196294987769,0,0.2888195146169918,2,0.378619629498777,-1,
Artist,"['People', 'Arts', 'Artist']",29,People,2,0.2744237005979648,6,0.18107091032986847,2,0.2744237005979649,-1,
Artist,"['People', 'Arts', 'Artist']",30,People,2,0.2716736497463544,6,0.16408875002685483,2,0.2716736497463544,-1,
Artist,"['People', 'Arts', 'Artist']",31,People,2,0.28928018256886606,6,0.20505530989310364,2,0.28928018256886606,-1,
Artist,"['People', 'Arts', 'Artist']",32,People,4,0.2550447843922852,2,0.1597742849359596,4,0.2550447843922852,-1,
Artist,"['People', 'Arts', 'Artist']",33,People,4,0.29013184653989765,2,0.18874820092553882,4,0.29013184653989754,-1,
Artist,"['People', 'Arts', 'Artist']",34,People,2,0.25356298772231106,0,0.15192031012191148,2,0.25356298772231106,-1,
Artist,"['People', 'Arts', 'Artist']",35,People,2,0.25050794543935617,2,0.15820683160292764,2,0.25050794543935617,-1,
Artist,"['People', 'Arts', 'Artist']",36,People,2,0.30368629444147527,0,0.17710942678695096,2,0.30368629444147527,-1,
Artist,"['People', 'Arts', 'Artist']",37,People,2,0.2670274007278978,0,0.16873271223172925,2,0.26702740072789777,-1,
Artist,"['People', 'Arts', 'Artist']",38,People,2,0.2771102537649492,0,0.15706012225650262,2,0.2771102537649492,-1,
Artist,"['People', 'Arts', 'Artist']",39,People,2,0.27923296221761107,6,0.15949473538614614,2,0.27923296221761107,-1,
Artist,"['People', 'Arts', 'Artist']",40,People,2,0.2885509987945799,6,0.25066847918339136,2,0.2885509987945799,-1,
Artist,"['People', 'Arts', 'Artist']",41,People,2,0.2557946915274923,0,0.15518745003719955,2,0.2557946915274923,-1,
Artist,"['People', 'Arts', 'Artist']",42,People,4,0.34107832909379854,2,0.24185058288854336,4,0.3410783290937984,-1,
Artist,"['People', 'Arts', 'Artist']",43,People,2,0.300831561794246,0,0.1786993184048094,2,0.3008315617942461,-1,
Artist,"['People', 'Arts', 'Artist']",44,People,2,0.31325476808398667,0,0.19455090797544758,2,0.31325476808398667,-1,
Artist,"['People', 'Arts', 'Artist']",45,People,2,0.25194669485552657,4,0.1601608651676225,2,0.2519466948555266,-1,
Artist,"['People', 'Arts', 'Artist']",46,People,2,0.24712687038738235,2,0.15801430704821506,2,0.24712687038738235,-1,
Artist,"['People', 'Arts', 'Artist']",47,People,2,0.2904375792401797,0,0.17830599090117155,2,0.2904375792401797,-1,
Artist,"['People', 'Arts', 'Artist']",48,People,2,0.22679584633192554,5,0.1445082657812793,2,0.22679584633192554,-1,
Artist,"['People', 'Arts', 'Artist']",49,People,2,0.2385545082581206,2,0.14435191909581538,2,0.23855450825812066,-1,
Artist,"['People', 'Arts', 'Artist']",50,People,2,0.23889546678514978,6,0.13813454999410427,2,0.23889546678514972,-1,
Artist,"['People', 'Arts', 'Artist']",51,People,2,0.2836452754123349,2,0.16326783566933273,2,0.2836452754123349,-1,
Artist,"['People', 'Arts', 'Artist']",52,People,2,0.27501856257043183,6,0.1663389624132448,2,0.2750185625704317,-1,
Artist,"['People', 'Arts', 'Artist']",53,People,2,0.2493160129740982,2,0.16614115687248845,2,0.2493160129740982,-1,
Artist,"['People', 'Arts', 'Artist']",54,People,2,0.2801653252889397,6,0.17757581408449158,2,0.28016532528893967,-1,
Artist,"['People', 'Arts', 'Artist']",55,People,4,0.29689000685093814,2,0.1820107910236254,4,0.29689000685093814,-1,
Artist,"['People', 'Arts', 'Artist']",56,People,2,0.2524764148450695,6,0.17000076106993836,2,0.2524764148450695,-1,
Artist,"['People', 'Arts', 'Artist']",57,People,4,0.24713046417758913,2,0.16345195143200775,4,0.24713046417758908,-1,
Artist,"['People', 'Arts', 'Artist']",58,People,2,0.2993092231153059,0,0.16843399735206108,2,0.29930922311530583,-1,
Artist,"['People', 'Arts', 'Artist']",59,People,2,0.26587716493351465,6,0.15970191197307915,2,0.26587716493351465,-1,
Artist,"['People', 'Arts', 'Artist']",60,People,2,0.2568897093859089,6,0.16050557680573635,2,0.2568897093859089,-1,
Artist,"['People', 'Arts', 'Artist']",61,People,2,0.2371602657734676,2,0.14967418365640195,2,0.2371602657734676,-1,
Artist,"['People', 'Arts', 'Artist']",62,People,4,0.28550786662868777,2,0.19345906249667352,4,0.28550786662868777,-1,
Artist,"['People', 'Arts', 'Artist']",63,People,2,0.25534421449845374,6,0.1517280748440913,2,0.25534421449845374,-1,
Artist,"['People', 'Arts', 'Artist']",64,People,2,0.27518782704541844,0,0.153635421326904,2,0.27518782704541844,-1,
Artist,"['People', 'Arts', 'Artist']",65,People,2,0.2545425129476266,6,0.19767402622743874,2,0.25454251294762653,-1,
Artist,"['People', 'Arts', 'Artist']",66,People,2,0.35651344996456613,0,0.24900531706404802,2,0.3565134499645662,-1,
Artist,"['People', 'Arts', 'Artist']",67,People,4,0.2678176183713063,2,0.17652901121726797,4,0.2678176183713063,-1,
Artist,"['People', 'Arts', 'Artist']",68,People,2,0.2615277694809603,6,0.1615169017656964,2,0.2615277694809603,-1,
Artist,"['People', 'Arts', 'Artist']",69,People,4,0.2745175226930763,2,0.18447613920728748,4,0.27451752269307617,-1,
Artist,"['People', 'Arts', 'Artist']",70,People,2,0.3127325024410267,0,0.17961228445026878,2,0.31273250244102657,-1,
Artist,"['People', 'Arts', 'Artist']",71,People,2,0.26824719266762564,0,0.16831925559719113,2,0.26824719266762564,-1,
Artist,"['People', 'Arts', 'Artist']",72,People,4,0.29840470922352735,2,0.19000686982767778,4,0.29840470922352724,-1,
Artist,"['People', 'Arts', 'Artist']",73,People,2,0.28749130353830304,6,0.1675572993428961,2,0.28749130353830304,-1,
Artist,"['People', 'Arts', 'Artist']",74,People,2,0.29619853998926177,0,0.18916998764748094,2,0.29619853998926177,-1,
Artist,"['People', 'Arts', 'Artist']",75,People,2,0.2727952633473814,6,0.16330458530044997,2,0.2727952633473814,-1,
Artist,"['People', 'Arts', 'Artist']",76,People,2,0.2850490791305788,6,0.19519463631490877,2,0.2850490791305788,-1,
Artist,"['People', 'Arts', 'Artist']",77,People,2,0.27412045964119974,0,0.16884812876041863,2,0.2741204596411998,-1,
Artist,"['People', 'Arts', 'Artist']",78,People,4,0.3691421481403034,2,0.24495680864454358,4,0.36914214814030344,-1,
Artist,"['People', 'Arts', 'Artist']",79,People,4,0.3199724610760366,2,0.1957049118474633,4,0.3199724610760366,-1,
Artist,"['People', 'Arts', 'Artist']",80,People,2,0.3065849377773755,0,0.1982672007651931,2,0.30658493777737555,-1,
Artist,"['People', 'Arts', 'Artist']",81,People,2,0.3343168152098956,0,0.1796123070148592,2,0.3343168152098956,-1,
Artist,"['People', 'Arts', 'Artist']",82,People,4,0.3101446284216727,2,0.20262692565934332,4,0.3101446284216727,-1,
Artist,"['People', 'Arts', 'Artist']",83,People,2,0.24996369590878018,0,0.14454214606169244,2,0.24996369590878018,-1,
Artist,"['People', 'Arts', 'Artist']",84,People,2,0.36458709312926346,0,0.255145861138674,2,0.36458709312926346,-1,
Artist,"['People', 'Arts', 'Artist']",85,People,4,0.3554145118055387,2,0.21712317490679606,4,0.3554145118055387,-1,
Artist,"['People', 'Arts', 'Artist']",86,People,2,0.2630139117319579,2,0.15918126822538092,2,0.2630139117319579,-1,
Artist,"['People', 'Arts', 'Artist']",87,People,2,0.27886791338541517,0,0.1674748367452354,2,0.27886791338541517,-1,
Artist,"['People', 'Arts', 'Artist']",88,People,2,0.26493230862759853,6,0.1707765593546422,2,0.26493230862759853,-1,
Artist,"['People', 'Arts', 'Artist']",89,People,2,0.39457238010248963,0,0.27359577071534386,2,0.3945723801024895,-1,
Artist,"['People', 'Arts', 'Artist']",90,People,4,0.28058328134677424,2,0.17670527338457218,4,0.2805832813467741,-1,
Artist,"['People', 'Arts', 'Artist']",91,People,3,0.261162567088481,3,0.16618271878822208,3,0.261162567088481,-1,
Artist,"['People', 'Arts', 'Artist']",92,People,2,0.2567209327334634,6,0.15125550252744854,2,0.2567209327334634,-1,
Artist,"['People', 'Arts', 'Artist']",93,People,2,0.2636802235920411,6,0.15860067463913585,2,0.2636802235920411,-1,
Artist,"['People', 'Arts', 'Artist']",94,People,4,0.3068587378572031,2,0.1938744437352197,4,0.306858737857203,-1,
Artist,"['People', 'Arts', 'Artist']",95,People,2,0.279457512207689,0,0.19918759044741163,2,0.27945751220768905,-1,
Artist,"['People', 'Arts', 'Artist']",96,People,2,0.28377128286158004,6,0.16689650717280227,2,0.28377128286158004,-1,
Artist,"['People', 'Arts', 'Artist']",97,People,4,0.31684150254721166,2,0.20422242476944832,4,0.31684150254721155,-1,
Artist,"['People', 'Arts', 'Artist']",98,People,4,0.25046920818982477,5,0.1660336775022535,4,0.2504692081898247,-1,
Artist,"['People', 'Arts', 'Artist']",99,People,2,0.30640685556688213,6,0.2249459310318399,2,0.3064068555668821,-1,
Artist,"['People', 'Arts', 'Artist']",100,People,2,0.2885418179237669,0,0.16288064895830684,2,0.2885418179237669,-1,
Artist,"['People', 'Arts', 'Artist']",101,People,2,0.2834942196805636,6,0.2360449960398528,2,0.2834942196805636,-1,
Artist,"['People', 'Arts', 'Artist']",102,People,2,0.31096209034211364,0,0.173024576292279,2,0.3109620903421136,-1,
Artist,"['People', 'Arts', 'Artist']",103,People,2,0.281213208820065,6,0.18851104555353082,2,0.281213208820065,-1,
Artist,"['People', 'Arts', 'Artist']",104,People,2,0.2738430255274211,0,0.17569674958089945,2,0.2738430255274211,-1,
Artist,"['People', 'Arts', 'Artist']",105,People,2,0.2580120976111714,0,0.15014313145897706,2,0.2580120976111714,-1,
Artist,"['People', 'Arts', 'Artist']",106,People,3,0.3417291455153181,3,0.22877306153673274,3,0.341729145515318,-1,
Artist,"['People', 'Arts', 'Artist']",107,People,2,0.25915660651365413,6,0.1696094254838822,2,0.2591566065136541,-1,
Artist,"['People', 'Arts', 'Artist']",108,People,2,0.28911966325693866,0,0.17355278286998338,2,0.28911966325693866,-1,
Artist,"['People', 'Arts', 'Artist']",109,People,2,0.2518186821270083,6,0.21528285748721343,2,0.25181868212700836,-1,
Artist,"['People', 'Arts', 'Artist']",110,People,4,0.27396101893381536,2,0.17327963964514354,4,0.2739610189338153,-1,
Artist,"['People', 'Arts', 'Artist']",111,People,2,0.2895730598268481,0,0.16752268389198288,2,0.2895730598268481,-1,
Artist,"['People', 'Arts', 'Artist']",112,People,2,0.27496586557283215,0,0.16437231718706571,2,0.2749658655728322,-1,
Artist,"['People', 'Arts', 'Artist']",113,People,2,0.24130047747702477,0,0.14307835794269974,2,0.24130047747702477,-1,
Artist,"['People', 'Arts', 'Artist']",114,People,2,0.4006592408270848,0,0.27595023867571594,2,0.40065924082708476,-1,
Artist,"['People', 'Arts', 'Artist']",115,People,2,0.24513240405582676,6,0.1573757392953444,2,0.24513240405582676,-1,
Artist,"['People', 'Arts', 'Artist']",116,People,2,0.3205436301795251,0,0.20034100652892978,2,0.32054363017952514,-1,
Artist,"['People', 'Arts', 'Artist']",117,People,3,0.24012693469564822,6,0.16699998585745152,3,0.24012693469564822,-1,
Artist,"['People', 'Arts', 'Artist']",118,People,2,0.3622747503801685,0,0.2483815393184251,2,0.3622747503801685,-1,
Artist,"['People', 'Arts', 'Artist']",119,People,4,0.2578354895185597,2,0.16390741201544473,4,0.25783548951855967,-1,
Artist,"['People', 'Arts', 'Artist']",120,People,4,0.25763956992335263,2,0.1671729495605623,4,0.25763956992335263,-1,
Artist,"['People', 'Arts', 'Artist']",121,People,4,0.2929384607869813,2,0.19244076154161555,4,0.2929384607869813,-1,
Artist,"['People', 'Arts', 'Artist']",122,People,2,0.27930792133644217,6,0.1682933430607651,2,0.27930792133644217,-1,
Artist,"['People', 'Arts', 'Artist']",123,People,2,0.26903291813260843,6,0.15636015070274797,2,0.26903291813260843,-1,
Artist,"['People', 'Arts', 'Artist']",124,People,2,0.2622374935131221,6,0.17033713788492508,2,0.2622374935131221,-1,
Artist,"['People', 'Arts', 'Artist']",125,People,2,0.3032544612877075,6,0.16982003585993968,2,0.30325446128770733,-1,
Artist,"['People', 'Arts', 'Artist']",126,People,4,0.26961602787078726,2,0.1711137174895958,4,0.26961602787078726,-1,
Artist,"['People', 'Arts', 'Artist']",127,People,4,0.26172432123909944,2,0.16331265760736688,4,0.2617243212390994,-1,
Artist,"['People', 'Arts', 'Artist']",128,People,4,0.30118373799875736,2,0.19791545644462089,4,0.3011837379987573,-1,
Artist,"['People', 'Arts', 'Artist']",129,People,2,0.2874631924751014,6,0.21573522163769335,2,0.28746319247510144,-1,
Artist,"['People', 'Arts', 'Artist']",130,People,4,0.3679963055614021,2,0.23864611270362573,4,0.3679963055614021,-1,
Artist,"['People', 'Arts', 'Artist']",131,People,2,0.2987578397841732,0,0.17253524421177555,2,0.2987578397841732,-1,
Artist,"['People', 'Arts', 'Artist']",132,People,4,0.2787931718040576,2,0.18138771681441707,4,0.2787931718040576,-1,
Artist,"['People', 'Arts', 'Artist']",133,People,4,0.2617337946180339,2,0.16645290162161633,4,0.26173379461803387,-1,
Artist,"['People', 'Arts', 'Artist']",134,People,2,0.3540207935965334,0,0.24579180482048643,2,0.3540207935965334,-1,
Artist,"['People', 'Arts', 'Artist']",135,People,2,0.2795651091506738,0,0.1610898307461957,2,0.2795651091506738,-1,
Artist,"['People', 'Arts', 'Artist']",136,People,2,0.3175099209826484,0,0.18723123172816533,2,0.3175099209826485,-1,
Artist,"['People', 'Arts', 'Artist']",137,People,2,0.2763736685851901,6,0.16304153988522146,2,0.2763736685851901,-1,
Artist,"['People', 'Arts', 'Artist']",138,People,2,0.2640742669978827,6,0.1555716298122236,2,0.2640742669978828,-1,
Artist,"['People', 'Arts', 'Artist']",139,People,2,0.24244490427097903,6,0.15075274870986546,2,0.24244490427097903,-1,
Artist,"['People', 'Arts', 'Artist']",140,People,3,0.2700645020147927,6,0.17942505935460265,3,0.2700645020147927,-1,
Artist,"['People', 'Arts', 'Artist']",141,People,2,0.423787259543644,0,0.34471078328538013,2,0.42378725954364393,-1,
Artist,"['People', 'Arts', 'Artist']",142,People,2,0.4376044006051001,0,0.3768953027030927,2,0.4376044006051002,-1,
Artist,"['People', 'Arts', 'Artist']",143,People,2,0.3690144219259513,0,0.26006199804933544,2,0.3690144219259513,-1,
Artist,"['People', 'Arts', 'Artist']",144,People,4,0.24979476470674267,2,0.16325057139372456,4,0.24979476470674267,-1,
Artist,"['People', 'Arts', 'Artist']",145,People,2,0.25125170801667407,6,0.1556501487765586,2,0.25125170801667407,-1,
Artist,"['People', 'Arts', 'Artist']",146,People,4,0.2661839999543768,2,0.16649305767918648,4,0.2661839999543768,-1,
Artist,"['People', 'Arts', 'Artist']",147,People,2,0.2854833879385368,0,0.16175714043868028,2,0.2854833879385368,-1,
Artist,"['People', 'Arts', 'Artist']",148,People,2,0.2757656970402482,6,0.19576697161758327,2,0.2757656970402483,-1,
Artist,"['People', 'Arts', 'Artist']",149,People,2,0.3347976933688651,0,0.24545596372776676,2,0.3347976933688651,-1,
Artist,"['People', 'Arts', 'Artist']",150,People,4,0.34828109875980645,2,0.21603778553568323,4,0.3482810987598064,-1,
Artist,"['People', 'Arts', 'Artist']",151,People,2,0.31993484828719265,0,0.1868912884138703,2,0.31993484828719265,-1,
Artist,"['People', 'Arts', 'Artist']",152,People,2,0.38222873105019695,0,0.28921174835746916,2,0.38222873105019683,-1,
Artist,"['People', 'Arts', 'Artist']",153,People,2,0.2618203123497248,0,0.15515765608786727,2,0.26182031234972475,-1,
Artist,"['People', 'Arts', 'Artist']",154,People,2,0.3063868684735434,6,0.2067836077987952,2,0.3063868684735434,-1,
Artist,"['People', 'Arts', 'Artist']",155,People,4,0.25330713833896834,2,0.16397848196967618,4,0.25330713833896834,-1,
Artist,"['People', 'Arts', 'Artist']",156,People,3,0.2644619702266731,6,0.17498448252841978,3,0.2644619702266731,-1,
Artist,"['People', 'Arts', 'Artist']",157,People,2,0.40942758525608525,0,0.3411908694299311,2,0.409427585256085,-1,
Artist,"['People', 'Arts', 'Artist']",158,People,4,0.24249342204395222,2,0.15620057549997005,4,0.24249342204395222,-1,
Artist,"['People', 'Arts', 'Artist']",159,People,2,0.34146201238911844,0,0.24175266595378767,2,0.34146201238911844,-1,
Artist,"['People', 'Arts', 'Artist']",160,People,2,0.3019127312535305,0,0.17634617373450137,2,0.3019127312535305,-1,
Artist,"['People', 'Arts', 'Artist']",161,People,2,0.2918329778287043,6,0.17450347290014537,2,0.29183297782870427,-1,
Artist,"['People', 'Arts', 'Artist']",162,People,2,0.2590764319752689,2,0.16937153438407254,2,0.2590764319752689,-1,
Artist,"['People', 'Arts', 'Artist']",163,People,2,0.2722703271076145,0,0.16719807923180913,2,0.27227032710761456,-1,
Artist,"['People', 'Arts', 'Artist']",164,People,3,0.3136988161260356,3,0.1994929467333758,3,0.3136988161260356,-1,
Artist,"['People', 'Arts', 'Artist']",165,People,4,0.24139798147170263,2,0.1673524855234179,4,0.24139798147170263,-1,
Artist,"['People', 'Arts', 'Artist']",166,People,2,0.40340983594024643,0,0.2956679886104808,2,0.4034098359402463,-1,
Athlete,"['People', 'Sports', 'Athlete']",167,People,2,0.46404460126459823,0,0.389569046414429,2,0.46404460126459823,-1,
Athlete,"['People', 'Sports', 'Athlete']",168,People,2,0.48941456246517356,0,0.498196377802977,2,0.4894145624651737,-1,
Athlete,"['People', 'Sports', 'Athlete']",169,People,2,0.3661416656469488,0,0.23895743758043608,2,0.3661416656469487,-1,
Athlete,"['People', 'Sports', 'Athlete']",170,People,2,0.4133474343778125,0,0.350092181928848,2,0.4133474343778125,-1,
Athlete,"['People', 'Sports', 'Athlete']",171,People,2,0.31447032713823675,0,0.18381210453312655,2,0.31447032713823675,-1,
Athlete,"['People', 'Sports', 'Athlete']",172,People,2,0.28131338416842666,6,0.16264348355486322,2,0.28131338416842666,-1,
Athlete,"['People', 'Sports', 'Athlete']",173,People,2,0.5005210479057608,0,0.5741558672099197,2,0.5005210479057608,-1,
Athlete,"['People', 'Sports', 'Athlete']",174,People,2,0.43994600539851036,0,0.37164697247962253,2,0.4399460053985104,-1,
Athlete,"['People', 'Sports', 'Athlete']",175,People,2,0.34548044827715896,0,0.19595163488728756,2,0.34548044827715896,-1,
Athlete,"['People', 'Sports', 'Athlete']",176,People,2,0.4296002975413685,0,0.3118247917755986,2,0.4296002975413684,-1,
Athlete,"['People', 'Sports', 'Athlete']",177,People,2,0.5339428454631401,0,0.5753083203111989,2,0.5339428454631401,-1,
Athlete,"['People', 'Sports', 'Athlete']",178,People,2,0.3695797238445635,0,0.26391126370610646,2,0.3695797238445635,-1,
Athlete,"['People', 'Sports', 'Athlete']",179,People,2,0.33353241064386957,0,0.2002740342113773,2,0.33353241064386946,-1,
Athlete,"['People', 'Sports', 'Athlete']",180,People,2,0.5401946058579234,0,0.6442030921604243,2,0.5401946058579234,-1,
Athlete,"['People', 'Sports', 'Athlete']",181,People,2,0.3317366604045179,6,0.19195839634440162,2,0.3317366604045179,-1,
Athlete,"['People', 'Sports', 'Athlete']",182,People,2,0.4407933892168521,0,0.38845247377525827,2,0.4407933892168521,-1,
Athlete,"['People', 'Sports', 'Athlete']",183,People,2,0.5086931291994006,0,0.43829379049155726,2,0.5086931291994005,-1,
Athlete,"['People', 'Sports', 'Athlete']",184,People,2,0.3450272099269868,0,0.21267573542550658,2,0.34502720992698677,-1,
Athlete,"['People', 'Sports', 'Athlete']",185,People,2,0.31581453902531764,0,0.18955930085009612,2,0.31581453902531764,-1,
Athlete,"['People', 'Sports', 'Athlete']",186,People,2,0.5096040630408887,0,0.5776499267982543,2,0.5096040630408886,-1,
Athlete,"['People', 'Sports', 'Athlete']",187,People,2,0.34050495646543233,6,0.19884648017240103,2,0.34050495646543233,-1,
Athlete,"['People', 'Sports', 'Athlete']",188,People,2,0.27531631595226946,0,0.16383056892639702,2,0.27531631595226946,-1,
Athlete,"['People', 'Sports', 'Athlete']",189,People,2,0.370162585653738,0,0.2379448065381557,2,0.37016258565373794,-1,
Athlete,"['People', 'Sports', 'Athlete']",190,People,2,0.3272990309884572,0,0.19340741311438325,2,0.3272990309884572,-1,
Athlete,"['People', 'Sports', 'Athlete']",191,People,2,0.4515079941309807,0,0.4136173753359341,2,0.4515079941309808,-1,
Athlete,"['People', 'Sports', 'Athlete']",192,People,2,0.382785588679773,0,0.23111055989035142,2,0.3827855886797731,-1,
Athlete,"['People', 'Sports', 'Athlete']",193,People,2,0.31937610082399115,0,0.1969729281966832,2,0.31937610082399115,-1,
Athlete,"['People', 'Sports', 'Athlete']",194,People,2,0.27979533566834563,1,0.18410408699719455,2,0.2797953356683455,-1,
Athlete,"['People', 'Sports', 'Athlete']",195,People,2,0.3210148651332549,0,0.19200417311600257,2,0.32101486513325483,-1,
Athlete,"['People', 'Sports', 'Athlete']",196,People,2,0.3086746546022741,0,0.18096229321315782,2,0.3086746546022742,-1,
Athlete,"['People', 'Sports', 'Athlete']",197,People,2,0.44371569724387633,0,0.3353004294971528,2,0.4437156972438764,-1,
Athlete,"['People', 'Sports', 'Athlete']",198,People,2,0.2818928358052098,0,0.19084994510214612,2,0.2818928358052098,-1,
Athlete,"['People', 'Sports', 'Athlete']",199,People,2,0.5287418732604333,0,0.5904293505527929,2,0.5287418732604333,-1,
Athlete,"['People', 'Sports', 'Athlete']",200,People,2,0.363741943803518,6,0.20686291050792494,2,0.36374194380351793,-1,
Athlete,"['People', 'Sports', 'Athlete']",201,People,2,0.2906977867552724,6,0.17319057746529595,2,0.2906977867552724,-1,
Athlete,"['People', 'Sports', 'Athlete']",202,People,2,0.3687700532744178,0,0.2251091306826162,2,0.36877005327441775,-1,
Athlete,"['People', 'Sports', 'Athlete']",203,People,2,0.2841061636914511,0,0.16405639235710306,2,0.2841061636914511,-1,
Athlete,"['People', 'Sports', 'Athlete']",204,People,2,0.4768789149656621,0,0.4796559494466686,2,0.4768789149656621,-1,
Athlete,"['People', 'Sports', 'Athlete']",205,People,2,0.47630425884032734,0,0.42070733237942615,2,0.47630425884032734,-1,
Athlete,"['People', 'Sports', 'Athlete']",206,People,2,0.43589996004268516,0,0.31636615346964314,2,0.43589996004268516,-1,
Athlete,"['People', 'Sports', 'Athlete']",207,People,2,0.27568129935796887,6,0.17459305192045108,2,0.27568129935796887,-1,
Athlete,"['People', 'Sports', 'Athlete']",208,People,2,0.3140091439769882,0,0.18514591505434516,2,0.31400914397698804,-1,
Athlete,"['People', 'Sports', 'Athlete']",209,People,2,0.3551738885121581,0,0.21637908346643328,2,0.3551738885121581,-1,
Athlete,"['People', 'Sports', 'Athlete']",210,People,2,0.2858160844192402,0,0.1725260366886578,2,0.2858160844192401,-1,
Athlete,"['People', 'Sports', 'Athlete']",211,People,2,0.3220556956198148,6,0.18622770598974525,2,0.3220556956198148,-1,
Athlete,"['People', 'Sports', 'Athlete']",212,People,2,0.30019913831811357,0,0.2136041156469885,2,0.30019913831811357,-1,
Athlete,"['People', 'Sports', 'Athlete']",213,People,2,0.32908142224848275,0,0.20143032528928226,2,0.32908142224848264,-1,
Athlete,"['People', 'Sports', 'Athlete']",214,People,2,0.3995645829959281,0,0.2806065559707049,2,0.39956458299592795,-1,
Athlete,"['People', 'Sports', 'Athlete']",215,People,2,0.5129486048546835,0,0.5511278041472297,2,0.5129486048546834,-1,
Athlete,"['People', 'Sports', 'Athlete']",216,People,2,0.330026103317376,6,0.21959574371850804,2,0.330026103317376,-1,
Athlete,"['People', 'Sports', 'Athlete']",217,People,2,0.4684229463044619,0,0.4962366256885637,2,0.46842294630446174,-1,
Athlete,"['People', 'Sports', 'Athlete']",218,People,2,0.27918505188710985,0,0.1741437829259511,2,0.2791850518871098,-1,
Athlete,"['People', 'Sports', 'Athlete']",219,People,2,0.299333988259537,0,0.17253853393766358,2,0.29933398825953694,-1,
Athlete,"['People', 'Sports', 'Athlete']",220,People,2,0.36596817859624486,6,0.20248956685409975,2,0.36596817859624486,-1,
Athlete,"['People', 'Sports', 'Athlete']",221,People,2,0.38726612056344367,0,0.27348677704891167,2,0.38726612056344367,-1,
Athlete,"['People', 'Sports', 'Athlete']",222,People,2,0.26809522647646583,0,0.1634965101280907,2,0.2680952264764658,-1,
Athlete,"['People', 'Sports', 'Athlete']",223,People,2,0.4004185837603877,0,0.24820224687647374,2,0.4004185837603877,-1,
Athlete,"['People', 'Sports', 'Athlete']",224,People,2,0.38671482664224155,0,0.24034473678730597,2,0.3867148266422415,-1,
Athlete,"['People', 'Sports', 'Athlete']",225,People,2,0.5071008385297272,0,0.5152026815377859,2,0.5071008385297272,-1,
Athlete,"['People', 'Sports', 'Athlete']",226,People,2,0.5060732367839293,0,0.5996960190909901,2,0.5060732367839293,-1,
Athlete,"['People', 'Sports', 'Athlete']",227,People,2,0.4506017073658579,0,0.33530369566478724,2,0.4506017073658578,-1,
Athlete,"['People', 'Sports', 'Athlete']",228,People,2,0.30844021678976163,6,0.19717081590123878,2,0.30844021678976163,-1,
Athlete,"['People', 'Sports', 'Athlete']",229,People,2,0.30263399459670637,0,0.17602063358168918,2,0.30263399459670637,-1,
Athlete,"['People', 'Sports', 'Athlete']",230,People,2,0.30480985935759336,0,0.19043885398204835,2,0.30480985935759336,-1,
Athlete,"['People', 'Sports', 'Athlete']",231,People,2,0.47527479310324955,0,0.47580615278367355,2,0.47527479310324955,-1,
Athlete,"['People', 'Sports', 'Athlete']",232,People,2,0.3302082981062856,0,0.20653642785529083,2,0.3302082981062856,-1,
Athlete,"['People', 'Sports', 'Athlete']",233,People,2,0.35087513966960043,0,0.2028422944885098,2,0.3508751396696004,-1,
Athlete,"['People', 'Sports', 'Athlete']",234,People,2,0.41236284301809023,0,0.281845335444901,2,0.4123628430180904,-1,
Athlete,"['People', 'Sports', 'Athlete']",235,People,2,0.3207378085364128,0,0.18175658579433204,2,0.32073780853641276,-1,
Athlete,"['People', 'Sports', 'Athlete']",236,People,2,0.3208947055782108,0,0.19961023732376065,2,0.32089470557821076,-1,
Athlete,"['People', 'Sports', 'Athlete']",237,People,2,0.2860316380148037,6,0.16731635009656168,2,0.28603163801480364,-1,
Athlete,"['People', 'Sports', 'Athlete']",238,People,2,0.32042086475300136,6,0.1811562802862531,2,0.32042086475300136,-1,
Athlete,"['People', 'Sports', 'Athlete']",239,People,2,0.5645632457837795,0,0.6310688634800748,2,0.5645632457837795,-1,
Athlete,"['People', 'Sports', 'Athlete']",240,People,2,0.30087164257274784,6,0.203851298864891,2,0.30087164257274784,-1,
Athlete,"['People', 'Sports', 'Athlete']",241,People,2,0.35598734870268023,0,0.21707208307981052,2,0.35598734870268023,-1,
Athlete,"['People', 'Sports', 'Athlete']",242,People,2,0.30267198656446415,0,0.17894916236036762,2,0.30267198656446415,-1,
Athlete,"['People', 'Sports', 'Athlete']",243,People,2,0.33759368230480397,0,0.2229899999345591,2,0.3375936823048038,-1,
Athlete,"['People', 'Sports', 'Athlete']",244,People,2,0.31972759217962854,0,0.20317277340517734,2,0.31972759217962854,-1,
Athlete,"['People', 'Sports', 'Athlete']",245,People,2,0.3607548898590584,6,0.20882555597516514,2,0.3607548898590585,-1,
Athlete,"['People', 'Sports', 'Athlete']",246,People,2,0.29949655901665645,0,0.1771104042750575,2,0.2994965590166564,-1,
Athlete,"['People', 'Sports', 'Athlete']",247,People,2,0.2749016409991763,1,0.16304695290779417,2,0.2749016409991763,-1,
Athlete,"['People', 'Sports', 'Athlete']",248,People,2,0.3415518548042896,0,0.22296510350172952,2,0.3415518548042897,-1,
Athlete,"['People', 'Sports', 'Athlete']",249,People,2,0.30975606537987055,0,0.17965897637460934,2,0.30975606537987055,-1,
Athlete,"['People', 'Sports', 'Athlete']",250,People,2,0.37832692537729934,0,0.27888331238511943,2,0.3783269253772994,-1,
Athlete,"['People', 'Sports', 'Athlete']",251,People,2,0.3998934451674618,0,0.30652242884053144,2,0.39989344516746167,-1,
Athlete,"['People', 'Sports', 'Athlete']",252,People,2,0.3215073335910469,0,0.19038498210129115,2,0.3215073335910469,-1,
Athlete,"['People', 'Sports', 'Athlete']",253,People,2,0.45328387210792065,0,0.3900440713074117,2,0.45328387210792065,-1,
Athlete,"['People', 'Sports', 'Athlete']",254,People,2,0.5040048550703304,0,0.5039100828247667,2,0.5040048550703304,-1,
Athlete,"['People', 'Sports', 'Athlete']",255,People,2,0.3205468802103607,0,0.1934918987178838,2,0.3205468802103607,-1,
Athlete,"['People', 'Sports', 'Athlete']",256,People,2,0.28632970110341,0,0.16978385570749985,2,0.28632970110340994,-1,
Athlete,"['People', 'Sports', 'Athlete']",257,People,2,0.3320895677977007,6,0.20567188768691805,2,0.33208956779770066,-1,
Athlete,"['People', 'Sports', 'Athlete']",258,People,2,0.36347202078689983,0,0.20785582330613936,2,0.3634720207868997,-1,
Athlete,"['People', 'Sports', 'Athlete']",259,People,2,0.337331978240808,0,0.20402442843320182,2,0.3373319782408081,-1,
Athlete,"['People', 'Sports', 'Athlete']",260,People,2,0.31986699636857446,0,0.2368843560541689,2,0.31986699636857435,-1,
Athlete,"['People', 'Sports', 'Athlete']",261,People,2,0.4787857383651313,0,0.47514960138723455,2,0.4787857383651313,-1,
Athlete,"['People', 'Sports', 'Athlete']",262,People,2,0.5203092351897546,0,0.6324742620825248,2,0.5203092351897546,-1,
Athlete,"['People', 'Sports', 'Athlete']",263,People,2,0.4745189109811633,0,0.41634933055472106,2,0.4745189109811634,-1,
Athlete,"['People', 'Sports', 'Athlete']",264,People,2,0.35929444125125215,0,0.23086970336469728,2,0.35929444125125215,-1,
Athlete,"['People', 'Sports', 'Athlete']",265,People,2,0.46823051789663633,0,0.4351779025111063,2,0.46823051789663633,-1,
Athlete,"['People', 'Sports', 'Athlete']",266,People,2,0.4692055846591404,0,0.4768864338917167,2,0.4692055846591402,-1,
Athlete,"['People', 'Sports', 'Athlete']",267,People,2,0.32701260888930317,0,0.2099451786631267,2,0.3270126088893032,-1,
Athlete,"['People', 'Sports', 'Athlete']",268,People,2,0.4723525470321541,0,0.4319195936212135,2,0.472352547032154,-1,
Athlete,"['People', 'Sports', 'Athlete']",269,People,2,0.3187632454818324,0,0.19312541844889355,2,0.3187632454818324,-1,
Athlete,"['People', 'Sports', 'Athlete']",270,People,2,0.33073029369307094,0,0.18774552023798782,2,0.330730293693071,-1,
Athlete,"['People', 'Sports', 'Athlete']",271,People,2,0.3293763450308182,0,0.18976681812934787,2,0.3293763450308183,-1,
Athlete,"['People', 'Sports', 'Athlete']",272,People,2,0.5119898154955509,0,0.4280672267610201,2,0.5119898154955506,-1,
Athlete,"['People', 'Sports', 'Athlete']",273,People,2,0.405448494205506,0,0.33385861811322404,2,0.405448494205506,-1,
Athlete,"['People', 'Sports', 'Athlete']",274,People,2,0.4392352089617498,0,0.318781392542741,2,0.43923520896174983,-1,
Athlete,"['People', 'Sports', 'Athlete']",275,People,2,0.31769421996897357,0,0.18510068164197327,2,0.3176942199689735,-1,
Athlete,"['People', 'Sports', 'Athlete']",276,People,2,0.3266405016600562,0,0.19316840917781034,2,0.326640501660056,-1,
Athlete,"['People', 'Sports', 'Athlete']",277,People,2,0.46883961341218217,0,0.4032793599635316,2,0.46883961341218217,-1,
Athlete,"['People', 'Sports', 'Athlete']",278,People,2,0.49368858781004965,0,0.4646072732951748,2,0.49368858781004954,-1,
Athlete,"['People', 'Sports', 'Athlete']",279,People,2,0.29248389377139766,6,0.1660043994721996,2,0.29248389377139766,-1,
Athlete,"['People', 'Sports', 'Athlete']",280,People,2,0.5323705369673138,0,0.5639370632379119,2,0.5323705369673138,-1,
Athlete,"['People', 'Sports', 'Athlete']",281,People,2,0.4685686764192256,0,0.4208136842181112,2,0.4685686764192255,-1,
Athlete,"['People', 'Sports', 'Athlete']",282,People,2,0.5159841362924255,0,0.525153265848343,2,0.5159841362924253,-1,
Athlete,"['People', 'Sports', 'Athlete']",283,People,2,0.3231520291472956,0,0.20614378949552625,2,0.32315202914729557,-1,
Athlete,"['People', 'Sports', 'Athlete']",284,People,2,0.3052087103853052,0,0.17623161809851173,2,0.3052087103853053,-1,
Athlete,"['People', 'Sports', 'Athlete']",285,People,2,0.3224519077598011,0,0.19455532917565424,2,0.3224519077598011,-1,
Athlete,"['People', 'Sports', 'Athlete']",286,People,2,0.4960341045676216,0,0.47745863300270525,2,0.4960341045676216,-1,
Athlete,"['People', 'Sports', 'Athlete']",287,People,2,0.29400753180104955,6,0.1777041395817497,2,0.29400753180104955,-1,
Athlete,"['People', 'Sports', 'Athlete']",288,People,2,0.3831758837461499,0,0.2694983643642616,2,0.38317588374614986,-1,
Athlete,"['People', 'Sports', 'Athlete']",289,People,2,0.322458224752081,0,0.18373170596053545,2,0.322458224752081,-1,
Athlete,"['People', 'Sports', 'Athlete']",290,People,2,0.3182390337557799,0,0.1930689548474247,2,0.31823903375577983,-1,
Athlete,"['People', 'Sports', 'Athlete']",291,People,2,0.3692377637887304,0,0.26580233420897803,2,0.3692377637887304,-1,
Athlete,"['People', 'Sports', 'Athlete']",292,People,2,0.41519293877860874,0,0.3101105226964502,2,0.4151929387786088,-1,
Athlete,"['People', 'Sports', 'Athlete']",293,People,2,0.3095013745525384,0,0.19406281169764378,2,0.30950137455253846,-1,
Athlete,"['People', 'Sports', 'Athlete']",294,People,2,0.33607050777240166,0,0.21050890316497325,2,0.3360705077724017,-1,
Athlete,"['People', 'Sports', 'Athlete']",295,People,2,0.47258053188472715,0,0.5260677663161618,2,0.47258053188472715,-1,
Athlete,"['People', 'Sports', 'Athlete']",296,People,2,0.4263615926083217,0,0.34665801733237334,2,0.4263615926083217,-1,
Athlete,"['People', 'Sports', 'Athlete']",297,People,2,0.5043085335876522,0,0.4981625778115075,2,0.504308533587652,-1,
Athlete,"['People', 'Sports', 'Athlete']",298,People,2,0.4937847177617088,0,0.573020265408196,2,0.4937847177617088,-1,
Athlete,"['People', 'Sports', 'Athlete']",299,People,2,0.2984876763434237,6,0.18151659647924537,2,0.29848767634342366,-1,
Athlete,"['People', 'Sports', 'Athlete']",300,People,2,0.4944065929338097,0,0.5178714528129539,2,0.49440659293380956,-1,
Athlete,"['People', 'Sports', 'Athlete']",301,People,2,0.4623321148136673,0,0.41784096357369677,2,0.4623321148136673,-1,
Athlete,"['People', 'Sports', 'Athlete']",302,People,2,0.4233595971350487,0,0.3199880831067241,2,0.42335959713504856,-1,
Athlete,"['People', 'Sports', 'Athlete']",303,People,2,0.2891299536314306,0,0.18459238311142045,2,0.2891299536314306,-1,
Athlete,"['People', 'Sports', 'Athlete']",304,People,2,0.35981253154095083,0,0.2246063643510451,2,0.35981253154095083,-1,
Athlete,"['People', 'Sports', 'Athlete']",305,People,2,0.29680042903798326,0,0.17483056791901666,2,0.2968004290379832,-1,
Athlete,"['People', 'Sports', 'Athlete']",306,People,2,0.3999226143722574,0,0.34143706435125176,2,0.39992261437225723,-1,
Athlete,"['People', 'Sports', 'Athlete']",307,People,2,0.4829398361504707,0,0.45061025030535207,2,0.4829398361504708,-1,
Athlete,"['People', 'Sports', 'Athlete']",308,People,2,0.3134641095668849,0,0.2026206954123952,2,0.3134641095668849,-1,
Athlete,"['People', 'Sports', 'Athlete']",309,People,2,0.3052757037107322,0,0.18124642394706264,2,0.3052757037107322,-1,
Athlete,"['People', 'Sports', 'Athlete']",310,People,2,0.3166956861001615,0,0.18014510336210585,2,0.3166956861001615,-1,
Athlete,"['People', 'Sports', 'Athlete']",311,People,2,0.31683636771834417,0,0.19460966350203046,2,0.31683636771834417,-1,
Athlete,"['People', 'Sports', 'Athlete']",312,People,2,0.5071012064889786,0,0.47470510357856255,2,0.5071012064889784,-1,
Athlete,"['People', 'Sports', 'Athlete']",313,People,2,0.33922054135033747,0,0.21896673663869828,2,0.33922054135033747,-1,
Athlete,"['People', 'Sports', 'Athlete']",314,People,2,0.48424528309518755,0,0.4638814317343957,2,0.48424528309518755,-1,
Athlete,"['People', 'Sports', 'Athlete']",315,People,2,0.5221529483035183,0,0.5511534944609733,2,0.5221529483035184,-1,
Athlete,"['People', 'Sports', 'Athlete']",316,People,2,0.4407512618633157,0,0.37548389724700804,2,0.44075126186331554,-1,
Athlete,"['People', 'Sports', 'Athlete']",317,People,2,0.3877619991080498,0,0.3046766417311075,2,0.38776199910804976,-1,
Athlete,"['People', 'Sports', 'Athlete']",318,People,2,0.3785238883111777,0,0.29253217299026174,2,0.3785238883111777,-1,
Athlete,"['People', 'Sports', 'Athlete']",319,People,2,0.29109199806814956,6,0.1671955078734118,2,0.29109199806814956,-1,
Athlete,"['People', 'Sports', 'Athlete']",320,People,2,0.43218092671006597,0,0.30806069066097436,2,0.43218092671006597,-1,
Athlete,"['People', 'Sports', 'Athlete']",321,People,2,0.5051474116992202,0,0.5932782345484463,2,0.5051474116992202,-1,
Athlete,"['People', 'Sports', 'Athlete']",322,People,2,0.32170913744919305,0,0.18637345844224068,2,0.32170913744919305,-1,
Athlete,"['People', 'Sports', 'Athlete']",323,People,2,0.3625606944363154,0,0.20671103203911462,2,0.3625606944363155,-1,
Athlete,"['People', 'Sports', 'Athlete']",324,People,2,0.4121067797584539,0,0.28867862940806926,2,0.41210677975845383,-1,
Athlete,"['People', 'Sports', 'Athlete']",325,People,2,0.5025284173283143,0,0.46624009943036293,2,0.5025284173283142,-1,
Athlete,"['People', 'Sports', 'Athlete']",326,People,2,0.4444351955500055,0,0.38048064701431894,2,0.4444351955500055,-1,
Athlete,"['People', 'Sports', 'Athlete']",327,People,2,0.29677033460428526,0,0.19108230700614087,2,0.29677033460428526,-1,
Athlete,"['People', 'Sports', 'Athlete']",328,People,2,0.3091037538721503,6,0.2048135831983169,2,0.3091037538721503,-1,
Athlete,"['People', 'Sports', 'Athlete']",329,People,2,0.33100579432457244,0,0.20016433208257428,2,0.3310057943245724,-1,
Athlete,"['People', 'Sports', 'Athlete']",330,People,2,0.3076002587380623,0,0.1780850965625886,2,0.30760025873806224,-1,
Athlete,"['People', 'Sports', 'Athlete']",331,People,2,0.3975090238334534,0,0.24546838874843152,2,0.3975090238334534,-1,
Athlete,"['People', 'Sports', 'Athlete']",332,People,2,0.3193835643449637,0,0.1837924130214641,2,0.3193835643449637,-1,
Athlete,"['People', 'Sports', 'Athlete']",333,People,2,0.272628012837557,3,0.16972117486550245,2,0.2726280128375569,-1,
Politician,"['People', 'PublicLife', 'Politician']",334,People,2,0.5287102127785227,0,0.3452992017522027,2,0.5287102127785227,-1,
Politician,"['People', 'PublicLife', 'Politician']",335,People,2,0.3429186312698688,6,0.4768368123967949,2,0.3429186312698688,-1,
Politician,"['People', 'PublicLife', 'Politician']",336,People,2,0.30655024832124816,6,0.34442802499441366,2,0.3065502483212481,-1,
Politician,"['People', 'PublicLife', 'Politician']",337,People,2,0.3679797033411978,6,0.4736483987769962,2,0.36797970334119784,-1,
Politician,"['People', 'PublicLife', 'Politician']",338,People,2,0.3392633054298415,6,0.5480337220179218,2,0.33926330542984157,-1,
Politician,"['People', 'PublicLife', 'Politician']",339,People,2,0.32388407450797346,6,0.2164503142847193,2,0.3238840745079736,-1,
Politician,"['People', 'PublicLife', 'Politician']",340,People,0,0.21287431268761542,7,0.15119285725851123,0,0.21287431268761542,-1,
Politician,"['People', 'PublicLife', 'Politician']",341,People,2,0.2508267693502591,6,0.21122793519010152,2,0.2508267693502591,-1,
Politician,"['People', 'PublicLife', 'Politician']",342,People,2,0.295676949335886,6,0.2189606995868808,2,0.295676949335886,-1,
Politician,"['People', 'PublicLife', 'Politician']",343,People,2,0.3007138091959829,6,0.18853376270178385,2,0.3007138091959829,-1,
Politician,"['People', 'PublicLife', 'Politician']",344,People,2,0.2994496187644744,6,0.19363571684889425,2,0.2994496187644744,-1,
Politician,"['People', 'PublicLife', 'Politician']",345,People,2,0.46471567536877534,0,0.24630374406526667,2,0.46471567536877534,-1,
Politician,"['People', 'PublicLife', 'Politician']",346,People,2,0.31881632984685915,6,0.4433628049585804,2,0.3188163298468593,-1,
Politician,"['People', 'PublicLife', 'Politician']",347,People,2,0.336700653882507,6,0.2438370303752824,2,0.336700653882507,-1,
Politician,"['People', 'PublicLife', 'Politician']",348,People,2,0.2932666586546873,6,0.3951369575931297,2,0.2932666586546873,-1,
Politician,"['People', 'PublicLife', 'Politician']",349,People,2,0.3807514943781754,6,0.2430775620066434,2,0.3807514943781754,-1,
Politician,"['People', 'PublicLife', 'Politician']",350,People,2,0.3165753866634742,6,0.38520382851569124,2,0.31657538666347423,-1,
Politician,"['People', 'PublicLife', 'Politician']",351,People,2,0.31071682333376244,6,0.3567769439564792,2,0.31071682333376244,-1,
Politician,"['People', 'PublicLife', 'Politician']",352,People,2,0.3524376079338316,6,0.5378225395489797,2,0.3524376079338316,-1,
Politician,"['People', 'PublicLife', 'Politician']",353,People,2,0.3298479708636569,6,0.23619459494750067,2,0.3298479708636569,-1,
Politician,"['People', 'PublicLife', 'Politician']",354,People,2,0.3169313458451252,6,0.42247298487501206,2,0.31693134584512533,-1,
Politician,"['People', 'PublicLife', 'Politician']",355,People,2,0.34350049752452655,6,0.5192879409892078,2,0.3435004975245266,-1,
Politician,"['People', 'PublicLife', 'Politician']",356,People,2,0.2848449893296297,6,0.22680864011550597,2,0.2848449893296297,-1,
Politician,"['People', 'PublicLife', 'Politician']",357,People,2,0.28980656079002776,6,0.2701840916223106,2,0.28980656079002776,-1,
Politician,"['People', 'PublicLife', 'Politician']",358,People,2,0.24583158492164084,6,0.2530730204728489,2,0.2458315849216409,-1,
Politician,"['People', 'PublicLife', 'Politician']",359,People,2,0.32825579553397427,6,0.42417407763538156,2,0.32825579553397427,-1,
Politician,"['People', 'PublicLife', 'Politician']",360,People,2,0.3386977564348845,6,0.23778753099219382,2,0.33869775643488453,-1,
Politician,"['People', 'PublicLife', 'Politician']",361,People,2,0.4209205863413482,0,0.24740442801476234,2,0.4209205863413482,-1,
Politician,"['People', 'PublicLife', 'Politician']",362,People,2,0.29924946927712825,6,0.2143320968491163,2,0.2992494692771283,-1,
Politician,"['People', 'PublicLife', 'Politician']",363,People,2,0.28064675643262593,6,0.3068653777213486,2,0.28064675643262593,-1,
Politician,"['People', 'PublicLife', 'Politician']",364,People,2,0.4883029638810228,0,0.30397017364790263,2,0.4883029638810228,-1,
Politician,"['People', 'PublicLife', 'Politician']",365,People,2,0.2879582227162979,6,0.2700692196762951,2,0.2879582227162979,-1,
Politician,"['People', 'PublicLife', 'Politician']",366,People,2,0.3359494990693327,6,0.22850755415367344,2,0.3359494990693327,-1,
Politician,"['People', 'PublicLife', 'Politician']",367,People,2,0.30134558622755864,6,0.2726259581550969,2,0.3013455862275586,-1,
Politician,"['People', 'PublicLife', 'Politician']",368,People,2,0.33812665872624303,6,0.3798589922403777,2,0.33812665872624303,-1,
Politician,"['People', 'PublicLife', 'Politician']",369,People,2,0.29354501878146605,6,0.37163436117387283,2,0.29354501878146605,-1,
Politician,"['People', 'PublicLife', 'Politician']",370,People,2,0.257432762231464,6,0.17243302473872843,2,0.257432762231464,-1,
Politician,"['People', 'PublicLife', 'Politician']",371,People,2,0.33602926518677134,0,0.17854330823700892,2,0.3360292651867714,-1,
Politician,"['People', 'PublicLife', 'Politician']",372,People,0,0.21675918730016344,7,0.15434916974234464,0,0.21675918730016344,-1,
Politician,"['People', 'PublicLife', 'Politician']",373,People,2,0.323635037453773,6,0.5056718548079093,2,0.32363503745377314,-1,
Politician,"['People', 'PublicLife', 'Politician']",374,People,2,0.28271778440996426,6,0.3084179892209459,2,0.2827177844099643,-1,
Politician,"['People', 'PublicLife', 'Politician']",375,People,2,0.30631195136841655,6,0.3633912951519732,2,0.30631195136841655,-1,
Politician,"['People', 'PublicLife', 'Politician']",376,People,2,0.28191498825445943,6,0.23984056630583317,2,0.28191498825445943,-1,
Politician,"['People', 'PublicLife', 'Politician']",377,People,2,0.2763253816844455,6,0.31356626031124524,2,0.2763253816844456,-1,
Politician,"['People', 'PublicLife', 'Politician']",378,People,4,0.21983451027187695,7,0.15771712470876217,4,0.21983451027187695,-1,
Politician,"['People', 'PublicLife', 'Politician']",379,People,2,0.3757892780477712,6,0.2307653406659003,2,0.3757892780477712,-1,
Politician,"['People', 'PublicLife', 'Politician']",380,People,2,0.23946879937487678,6,0.2127662273466292,2,0.23946879937487678,-1,
Politician,"['People', 'PublicLife', 'Politician']",381,People,2,0.33283342194809057,6,0.4955685747357958,2,0.33283342194809057,-1,
Politician,"['People', 'PublicLife', 'Politician']",382,People,2,0.3597786994964387,6,0.2600289378889199,2,0.35977869949643876,-1,
Politician,"['People', 'PublicLife', 'Politician']",383,People,2,0.3563428723519759,6,0.22753918182179703,2,0.356342872351976,-1,
Politician,"['People', 'PublicLife', 'Politician']",384,People,2,0.29542457960858015,6,0.33725317642796987,2,0.29542457960858015,-1,
Politician,"['People', 'PublicLife', 'Politician']",385,People,2,0.33610394889681267,6,0.2165066257305833,2,0.3361039488968127,-1,
Politician,"['People', 'PublicLife', 'Politician']",386,People,0,0.2184458549190804,7,0.1553365480376076,0,0.2184458549190804,-1,
Politician,"['People', 'PublicLife', 'Politician']",387,People,2,0.3179336605978817,6,0.4819829415263682,2,0.3179336605978818,-1,
Politician,"['People', 'PublicLife', 'Politician']",388,People,2,0.37687187355705765,0,0.2414735215789682,2,0.37687187355705754,-1,
Politician,"['People', 'PublicLife', 'Politician']",389,People,2,0.26078947774071987,6,0.2285763642264989,2,0.26078947774071987,-1,
Politician,"['People', 'PublicLife', 'Politician']",390,People,2,0.3288410870650997,6,0.22748355589799948,2,0.3288410870650998,-1,
Politician,"['People', 'PublicLife', 'Politician']",391,People,2,0.343750889489327,6,0.22053555431297453,2,0.343750889489327,-1,
Politician,"['People', 'PublicLife', 'Politician']",392,People,2,0.4905220516366029,0,0.28692835108918946,2,0.4905220516366028,-1,
Politician,"['People', 'PublicLife', 'Politician']",393,People,2,0.30683009702222863,6,0.3864582511158369,2,0.30683009702222874,-1,
Politician,"['People', 'PublicLife', 'Politician']",394,People,2,0.32946771047450174,6,0.2179579524147642,2,0.32946771047450174,-1,
Politician,"['People', 'PublicLife', 'Politician']",395,People,4,0.21711949710759712,7,0.1571485374133934,4,0.21711949710759712,-1,
Politician,"['People', 'PublicLife', 'Politician']",396,People,2,0.4270093714183905,0,0.2558299448051826,2,0.4270093714183905,-1,
Politician,"['People', 'PublicLife', 'Politician']",397,People,0,0.21484513869078983,7,0.15811416260157374,0,0.21484513869078983,-1,
Politician,"['People', 'PublicLife', 'Politician']",398,People,4,0.21488014640165282,7,0.15580335413848015,4,0.21488014640165282,-1,
Politician,"['People', 'PublicLife', 'Politician']",399,People,2,0.3372907207513335,6,0.26030234745112907,2,0.3372907207513335,-1,
Politician,"['People', 'PublicLife', 'Politician']",400,People,2,0.3078084708996895,6,0.21674670139666186,2,0.3078084708996895,-1,
Politician,"['People', 'PublicLife', 'Politician']",401,People,2,0.3169189955450598,6,0.1726656368888489,2,0.3169189955450598,-1,
Politician,"['People', 'PublicLife', 'Politician']",402,People,2,0.24717401282134263,6,0.16953901561725282,2,0.2471740128213427,-1,
Politician,"['People', 'PublicLife', 'Politician']",403,People,2,0.29881996877187855,6,0.34139740739616703,2,0.29881996877187855,-1,
Politician,"['People', 'PublicLife', 'Politician']",404,People,2,0.3366706257715482,6,0.24126138136574504,2,0.33667062577154827,-1,
Politician,"['People', 'PublicLife', 'Politician']",405,People,2,0.2943979138708146,6,0.2315614161270729,2,0.2943979138708146,-1,
Politician,"['People', 'PublicLife', 'Politician']",406,People,2,0.3520683019792258,6,0.255573511668191,2,0.3520683019792258,-1,
Politician,"['People', 'PublicLife', 'Politician']",407,People,4,0.22288107640665303,7,0.1539457794346012,4,0.22288107640665303,-1,
Politician,"['People', 'PublicLife', 'Politician']",408,People,2,0.34220820819881625,6,0.25758917941484816,2,0.3422082081988163,-1,
Politician,"['People', 'PublicLife', 'Politician']",409,People,2,0.2497669532643814,6,0.2567978427151192,2,0.24976695326438145,-1,
Politician,"['People', 'PublicLife', 'Politician']",410,People,2,0.4707890842694161,0,0.29157883066648554,2,0.4707890842694161,-1,
Politician,"['People', 'PublicLife', 'Politician']",411,People,2,0.48758332445043207,0,0.29169631507245103,2,0.48758332445043207,-1,
Politician,"['People', 'PublicLife', 'Politician']",412,People,2,0.26607500605156065,6,0.21744526668334493,2,0.2660750060515606,-1,
Politician,"['People', 'PublicLife', 'Politician']",413,People,2,0.32776732856250784,6,0.21997521420757754,2,0.32776732856250784,-1,
Politician,"['People', 'PublicLife', 'Politician']",414,People,2,0.32380273222283307,6,0.3671732404911167,2,0.323802732222833,-1,
Politician,"['People', 'PublicLife', 'Politician']",415,People,2,0.2823785479354078,6,0.2058595931583004,2,0.2823785479354078,-1,
Politician,"['People', 'PublicLife', 'Politician']",416,People,2,0.3418425462385766,6,0.20158241276821567,2,0.34184254623857646,-1,
Politician,"['People', 'PublicLife', 'Politician']",417,People,2,0.29056145442261494,6,0.3301195255869107,2,0.29056145442261494,-1,
Politician,"['People', 'PublicLife', 'Politician']",418,People,4,0.21619314272857132,7,0.1523958339477603,4,0.21619314272857132,-1,
Politician,"['People', 'PublicLife', 'Politician']",419,People,2,0.26370337797122156,6,0.33637921554035766,2,0.26370337797122156,-1,
Politician,"['People', 'PublicLife', 'Politician']",420,People,2,0.2962163138403263,6,0.3356607403729692,2,0.29621631384032643,-1,
Politician,"['People', 'PublicLife', 'Politician']",421,People,2,0.3291032064824652,6,0.21575851890449355,2,0.32910320648246527,-1,
Politician,"['People', 'PublicLife', 'Politician']",422,People,2,0.27882094330380414,6,0.2581095558563609,2,0.2788209433038041,-1,
Politician,"['People', 'PublicLife', 'Politician']",423,People,2,0.2959721399086072,6,0.1984953692229557,2,0.29597213990860727,-1,
Politician,"['People', 'PublicLife', 'Politician']",424,People,2,0.35660622393065394,6,0.23821236355202927,2,0.356606223930654,-1,
Politician,"['People', 'PublicLife', 'Politician']",425,People,2,0.2997206707804087,6,0.39826766547189646,2,0.2997206707804087,-1,
Politician,"['People', 'PublicLife', 'Politician']",426,People,2,0.40070096320170323,0,0.22689936409906455,2,0.40070096320170323,-1,
Politician,"['People', 'PublicLife', 'Politician']",427,People,2,0.3041884357171624,6,0.2375294522533656,2,0.3041884357171624,-1,
Politician,"['People', 'PublicLife', 'Politician']",428,People,2,0.2993101719490899,6,0.3199027389967161,2,0.29931017194908993,-1,
Politician,"['People', 'PublicLife', 'Politician']",429,People,2,0.33376399468640766,6,0.4679388884757576,2,0.3337639946864077,-1,
Politician,"['People', 'PublicLife', 'Politician']",430,People,4,0.21747828960808055,7,0.1568698658756345,4,0.21747828960808055,-1,
Politician,"['People', 'PublicLife', 'Politician']",431,People,2,0.45795902565222146,0,0.28347216283319776,2,0.4579590256522215,-1,
Politician,"['People', 'PublicLife', 'Politician']",432,People,2,0.3924821547965841,6,0.2376307383959451,2,0.3924821547965841,-1,
Politician,"['People', 'PublicLife', 'Politician']",433,People,2,0.3226969165283405,6,0.49347218170055906,2,0.3226969165283405,-1,
Politician,"['People', 'PublicLife', 'Politician']",434,People,2,0.3005819469591116,6,0.36303432032411,2,0.3005819469591116,-1,
Politician,"['People', 'PublicLife', 'Politician']",435,People,2,0.2293806110024159,6,0.15968354091292897,2,0.22938061100241594,-1,
Politician,"['People', 'PublicLife', 'Politician']",436,People,2,0.36793975515537525,6,0.24488353743687433,2,0.36793975515537525,-1,
Politician,"['People', 'PublicLife', 'Politician']",437,People,2,0.3135581924932158,6,0.22653663425286408,2,0.31355819249321587,-1,
Politician,"['People', 'PublicLife', 'Politician']",438,People,2,0.32857835135847535,6,0.3443601285650691,2,0.32857835135847535,-1,
Politician,"['People', 'PublicLife', 'Politician']",439,People,2,0.41314833842287807,0,0.2351144343752812,2,0.41314833842287824,-1,
Politician,"['People', 'PublicLife', 'Politician']",440,People,4,0.22731361928572416,7,0.16264857519432324,4,0.22731361928572416,-1,
Politician,"['People', 'PublicLife', 'Politician']",441,People,2,0.31450821293196884,6,0.2329397231881595,2,0.3145082129319689,-1,
Politician,"['People', 'PublicLife', 'Politician']",442,People,2,0.30116357822056383,6,0.26686918366905266,2,0.30116357822056383,-1,
Politician,"['People', 'PublicLife', 'Politician']",443,People,2,0.43045082595026424,0,0.2531427289459227,2,0.43045082595026424,-1,
Politician,"['People', 'PublicLife', 'Politician']",444,People,2,0.3212765754764808,6,0.43769938594272895,2,0.3212765754764808,-1,
Politician,"['People', 'PublicLife', 'Politician']",445,People,2,0.33925318584262554,6,0.5438727103643951,2,0.33925318584262554,-1,
Politician,"['People', 'PublicLife', 'Politician']",446,People,2,0.2852167492840963,6,0.2784783303485901,2,0.2852167492840964,-1,
Politician,"['People', 'PublicLife', 'Politician']",447,People,2,0.3314574712594877,6,0.238832989500973,2,0.33145747125948777,-1,
Politician,"['People', 'PublicLife', 'Politician']",448,People,2,0.3229189830246605,6,0.5039843295737428,2,0.3229189830246605,-1,
Politician,"['People', 'PublicLife', 'Politician']",449,People,2,0.36581932932416367,6,0.295708845783036,2,0.36581932932416367,-1,
Politician,"['People', 'PublicLife', 'Politician']",450,People,2,0.27551964509569626,6,0.2169547295261274,2,0.27551964509569626,-1,
Politician,"['People', 'PublicLife', 'Politician']",451,People,2,0.5047835194552216,0,0.31650832627726677,2,0.5047835194552216,-1,
Politician,"['People', 'PublicLife', 'Politician']",452,People,2,0.4349292711305384,0,0.2667023828096865,2,0.43492927113053853,-1,
Politician,"['People', 'PublicLife', 'Politician']",453,People,3,0.2269557324025612,3,0.14561886394805634,3,0.22695573240256117,-1,
Politician,"['People', 'PublicLife', 'Politician']",454,People,2,0.3232727382538134,6,0.21968340791581953,2,0.3232727382538133,-1,
Politician,"['People', 'PublicLife', 'Politician']",455,People,2,0.3337776992207679,6,0.23629488146363165,2,0.3337776992207679,-1,
Politician,"['People', 'PublicLife', 'Politician']",456,People,2,0.5047195765177048,0,0.3068154759037719,2,0.5047195765177048,-1,
Politician,"['People', 'PublicLife', 'Politician']",457,People,2,0.39726302573915157,0,0.23718134392934842,2,0.3972630257391516,-1,
Politician,"['People', 'PublicLife', 'Politician']",458,People,2,0.28892604328434457,6,0.38925290734664114,2,0.28892604328434457,-1,
Politician,"['People', 'PublicLife', 'Politician']",459,People,4,0.22379528939404017,7,0.1568821938354192,4,0.22379528939404017,-1,
Politician,"['People', 'PublicLife', 'Politician']",460,People,2,0.3999229525516787,6,0.310396411260345,2,0.3999229525516788,-1,
Politician,"['People', 'PublicLife', 'Politician']",461,People,2,0.29448880510497616,6,0.3341028616739983,2,0.29448880510497616,-1,
Politician,"['People', 'PublicLife', 'Politician']",462,People,2,0.28517219147180883,6,0.2470112639305229,2,0.28517219147180883,-1,
Politician,"['People', 'PublicLife', 'Politician']",463,People,2,0.3288876185629253,6,0.18830636136801912,2,0.32888761856292537,-1,
Politician,"['People', 'PublicLife', 'Politician']",464,People,2,0.2936090080647257,6,0.2203724082186129,2,0.2936090080647256,-1,
Politician,"['People', 'PublicLife', 'Politician']",465,People,2,0.25027958034316816,6,0.18516452403010333,2,0.2502795803431682,-1,
Politician,"['People', 'PublicLife', 'Politician']",466,People,2,0.4240809959691673,0,0.24519749696968762,2,0.4240809959691673,-1,
Politician,"['People', 'PublicLife', 'Politician']",467,People,2,0.26882099823397826,6,0.1904582693408154,2,0.26882099823397826,-1,
Politician,"['People', 'PublicLife', 'Politician']",468,People,2,0.5054185625314824,0,0.29426152238668324,2,0.5054185625314828,-1,
Politician,"['People', 'PublicLife', 'Politician']",469,People,4,0.21715241465247376,7,0.16071840153483077,4,0.21715241465247376,-1,
Politician,"['People', 'PublicLife', 'Politician']",470,People,2,0.3679275582748786,6,0.5117487476981346,2,0.3679275582748787,-1,
Politician,"['People', 'PublicLife', 'Politician']",471,People,2,0.3444521814981309,6,0.5515729732944175,2,0.344452181498131,-1,
Politician,"['People', 'PublicLife', 'Politician']",472,People,2,0.33779247483768965,6,0.2398105815528685,2,0.33779247483768965,-1,
Politician,"['People', 'PublicLife', 'Politician']",473,People,2,0.3668551369773486,6,0.1976474304915083,2,0.3668551369773486,-1,
Politician,"['People', 'PublicLife', 'Politician']",474,People,2,0.29272738092864076,6,0.36355264762383355,2,0.29272738092864076,-1,
Politician,"['People', 'PublicLife', 'Politician']",475,People,2,0.3491625993911148,6,0.55557140220757,2,0.3491625993911148,-1,
Politician,"['People', 'PublicLife', 'Politician']",476,People,2,0.3049623696255036,6,0.337821053762399,2,0.3049623696255036,-1,
Politician,"['People', 'PublicLife', 'Politician']",477,People,2,0.3164667758047571,6,0.17722553677314298,2,0.3164667758047572,-1,
Politician,"['People', 'PublicLife', 'Politician']",478,People,2,0.3188904483815666,6,0.18339990736527437,2,0.3188904483815666,-1,
Politician,"['People', 'PublicLife', 'Politician']",479,People,2,0.3117733440384648,6,0.331118046168371,2,0.31177334403846485,-1,
Politician,"['People', 'PublicLife', 'Politician']",480,People,4,0.21506821812820187,7,0.15737358692017625,4,0.21506821812820187,-1,
Politician,"['People', 'PublicLife', 'Politician']",481,People,2,0.31897257531344614,6,0.45300630165447503,2,0.3189725753134461,-1,
Politician,"['People', 'PublicLife', 'Politician']",482,People,2,0.4334282659115648,0,0.2557487503727708,2,0.4334282659115648,-1,
Politician,"['People', 'PublicLife', 'Politician']",483,People,2,0.2946874416796031,6,0.3054297455090456,2,0.29468744167960315,-1,
Politician,"['People', 'PublicLife', 'Politician']",484,People,2,0.35062829007593865,6,0.4693471706055447,2,0.3506282900759385,-1,
Politician,"['People', 'PublicLife', 'Politician']",485,People,2,0.27780250810022844,6,0.29108866387758175,2,0.2778025081002284,-1,
Politician,"['People', 'PublicLife', 'Politician']",486,People,2,0.3416852796045723,6,0.4996608515772928,2,0.3416852796045723,-1,
Politician,"['People', 'PublicLife', 'Politician']",487,People,2,0.27448439069961017,6,0.2787055046933153,2,0.2744843906996103,-1,
Politician,"['People', 'PublicLife', 'Politician']",488,People,2,0.3664852604445043,6,0.31315204430233157,2,0.3664852604445043,-1,
Politician,"['People', 'PublicLife', 'Politician']",489,People,2,0.24402994178077403,6,0.2592168606559627,2,0.24402994178077403,-1,
Politician,"['People', 'PublicLife', 'Politician']",490,People,2,0.34189774447891313,6,0.24878069840432696,2,0.34189774447891313,-1,
Politician,"['People', 'PublicLife', 'Politician']",491,People,2,0.28274583997563557,6,0.2029310126381833,2,0.28274583997563557,-1,
Politician,"['People', 'PublicLife', 'Politician']",492,People,2,0.3459665393689603,6,0.4360734764581304,2,0.3459665393689603,-1,
Politician,"['People', 'PublicLife', 'Politician']",493,People,2,0.351394968659207,6,0.23998325006168494,2,0.35139496865920705,-1,
Politician,"['People', 'PublicLife', 'Politician']",494,People,2,0.3389918097582641,6,0.5127683369528327,2,0.3389918097582642,-1,
Politician,"['People', 'PublicLife', 'Politician']",495,People,2,0.32776651624204167,6,0.21379621874584595,2,0.3277665162420417,-1,
Politician,"['People', 'PublicLife', 'Politician']",496,People,0,0.22025600447197743,7,0.15269678822477795,0,0.22025600447197743,-1,
Politician,"['People', 'PublicLife', 'Politician']",497,People,2,0.5007760838749677,0,0.36414274745656816,2,0.5007760838749676,-1,
Politician,"['People', 'PublicLife', 'Politician']",498,People,2,0.35571601808994574,6,0.5321720552640483,2,0.35571601808994574,-1,
Politician,"['People', 'PublicLife', 'Politician']",499,People,2,0.2944150560923827,6,0.45041619343839595,2,0.2944150560923827,-1,
NaturalPlace,"['Places', 'Nature', 'NaturalPlace']",500,Places,3,0.2605194916484647,3,0.16169307615280062,3,0.2605194916484647,-1,
NaturalPlace,"['Places', 'Nature', 'NaturalPlace']",501,Places,3,0.320919300214441,3,0.19875939608464918,3,0.32091930021444104,-1,
NaturalPlace,"['Places', 'Nature', 'NaturalPlace']",502,Places,3,0.23676355690405823,3,0.146075301669443,3,0.23676355690405823,-1,
NaturalPlace,"['Places', 'Nature', 'NaturalPlace']",503,Places,3,0.2777742228349544,3,0.16717917668599094,3,0.2777742228349544,-1,
NaturalPlace,"['Places', 'Nature', 'NaturalPlace']",504,Places,3,0.3391143243973201,3,0.20938269547013041,3,0.33911432439732003,-1,
NaturalPlace,"['Places', 'Nature', 'NaturalPlace']",505,Places,3,0.28045788487450496,3,0.16639939043159593,3,0.28045788487450496,-1,
NaturalPlace,"['Places', 'Nature', 'NaturalPlace']",506,Places,3,0.21924859597555202,5,0.13936319877333608,3,0.21924859597555202,-1,
NaturalPlace,"['Places', 'Nature', 'NaturalPlace']",507,Places,3,0.2480622386704187,3,0.15163305355487758,3,0.24806223867041877,-1,
NaturalPlace,"['Places', 'Nature', 'NaturalPlace']",508,Places,3,0.3117332652946156,3,0.18912042050076006,3,0.3117332652946156,-1,
NaturalPlace,"['Places', 'Nature', 'NaturalPlace']",509,Places,3,0.29920647502005215,3,0.18572246816480517,3,0.2992064750200521,-1,
NaturalPlace,"['Places', 'Nature', 'NaturalPlace']",510,Places,3,0.280104822314083,3,0.16970375193796572,3,0.280104822314083,-1,
NaturalPlace,"['Places', 'Nature', 'NaturalPlace']",511,Places,0,0.23538123082785295,7,0.18294729725115919,0,0.235381230827853,-1,
NaturalPlace,"['Places', 'Nature', 'NaturalPlace']",512,Places,3,0.22935870975859424,3,0.14177271222656926,3,0.22935870975859424,-1,
NaturalPlace,"['Places', 'Nature', 'NaturalPlace']",513,Places,3,0.21723282778092534,5,0.1573117636663322,3,0.21723282778092534,-1,
NaturalPlace,"['Places', 'Nature', 'NaturalPlace']",514,Places,0,0.22237555440655385,5,0.14725259951108166,0,0.2223755544065539,-1,
NaturalPlace,"['Places', 'Nature', 'NaturalPlace']",515,Places,3,0.2510308950296742,3,0.15349221806701802,3,0.2510308950296742,-1,
NaturalPlace,"['Places', 'Nature', 'NaturalPlace']",516,Places,3,0.27553590611807993,3,0.16604582502722753,3,0.2755359061180799,-1,
NaturalPlace,"['Places', 'Nature', 'NaturalPlace']",517,Places,3,0.2487097708815331,3,0.1494504621742823,3,0.24870977088153304,-1,
NaturalPlace,"['Places', 'Nature', 'NaturalPlace']",518,Places,3,0.23195628234581797,3,0.14058450325764016,3,0.23195628234581794,-1,
NaturalPlace,"['Places', 'Nature', 'NaturalPlace']",519,Places,3,0.2466334569337557,3,0.14860640710896558,3,0.24663345693375577,-1,
NaturalPlace,"['Places', 'Nature', 'NaturalPlace']",520,Places,3,0.3903067222140512,3,0.25277213877732924,3,0.3903067222140511,-1,
NaturalPlace,"['Places', 'Nature', 'NaturalPlace']",521,Places,3,0.23533124456650026,0,0.14715903581759068,3,0.23533124456650023,-1,
NaturalPlace,"['Places', 'Nature', 'NaturalPlace']",522,Places,3,0.23318826951420246,3,0.13910457844484245,3,0.2331882695142024,-1,
NaturalPlace,"['Places', 'Nature', 'NaturalPlace']",523,Places,3,0.23638598386857096,3,0.14543849154903093,3,0.23638598386857096,-1,
NaturalPlace,"['Places', 'Nature', 'NaturalPlace']",524,Places,3,0.2561672676686802,3,0.15272306800159693,3,0.2561672676686802,-1,
NaturalPlace,"['Places', 'Nature', 'NaturalPlace']",525,Places,3,0.2568212527890444,3,0.15432497758080604,3,0.2568212527890444,-1,
NaturalPlace,"['Places', 'Nature', 'NaturalPlace']",526,Places,3,0.2538664703028869,3,0.15318573056013698,3,0.2538664703028869,-1,
NaturalPlace,"['Places', 'Nature', 'NaturalPlace']",527,Places,3,0.28402366422604775,3,0.1615946523844298,3,0.28402366422604775,-1,
NaturalPlace,"['Places', 'Nature', 'NaturalPlace']",528,Places,3,0.3140912463572831,3,0.18737844138680226,3,0.3140912463572831,-1,
NaturalPlace,"['Places', 'Nature', 'NaturalPlace']",529,Places,0,0.22875279801283283,7,0.15337268037382676,0,0.22875279801283283,-1,
NaturalPlace,"['Places', 'Nature', 'NaturalPlace']",530,Places,3,0.24332065444557868,3,0.14306912100523006,3,0.24332065444557868,-1,
NaturalPlace,"['Places', 'Nature', 'NaturalPlace']",531,Places,3,0.21759088666713208,3,0.13346586677376265,3,0.21759088666713208,-1,
NaturalPlace,"['Places', 'Nature', 'NaturalPlace']",532,Places,3,0.23111641133491465,3,0.14059780820019457,3,0.2311164113349146,-1,
NaturalPlace,"['Places', 'Nature', 'NaturalPlace']",533,Places,4,0.28216787691297485,2,0.1664733531910512,4,0.28216787691297485,-1,
NaturalPlace,"['Places', 'Nature', 'NaturalPlace']",534,Places,3,0.2611347272016278,3,0.15480873118123634,3,0.2611347272016277,-1,
NaturalPlace,"['Places', 'Nature', 'NaturalPlace']",535,Places,3,0.24296299913224179,3,0.14642637514535206,3,0.24296299913224173,-1,
NaturalPlace,"['Places', 'Nature', 'NaturalPlace']",536,Places,3,0.2356130116742613,3,0.1437794213428078,3,0.23561301167426124,-1,
NaturalPlace,"['Places', 'Nature', 'NaturalPlace']",537,Places,3,0.2509098833970993,3,0.15328250903589005,3,0.2509098833970993,-1,
NaturalPlace,"['Places', 'Nature', 'NaturalPlace']",538,Places,0,0.24869614979847746,5,0.17680117595927095,0,0.24869614979847746,-1,
NaturalPlace,"['Places', 'Nature', 'NaturalPlace']",539,Places,3,0.2552841069227289,3,0.1579237915213245,3,0.25528410692272885,-1,
NaturalPlace,"['Places', 'Nature', 'NaturalPlace']",540,Places,3,0.316536051280132,3,0.19769859509241483,3,0.3165360512801319,-1,
NaturalPlace,"['Places', 'Nature', 'NaturalPlace']",541,Places,3,0.27001703937875354,3,0.16330153177910436,3,0.2700170393787535,-1,
NaturalPlace,"['Places', 'Nature', 'NaturalPlace']",542,Places,3,0.24146550742057263,3,0.15095146876832985,3,0.24146550742057263,-1,
NaturalPlace,"['Places', 'Nature', 'NaturalPlace']",543,Places,3,0.24982161489229004,5,0.14750632738449876,3,0.24982161489229004,-1,
NaturalPlace,"['Places', 'Nature', 'NaturalPlace']",544,Places,3,0.25289026563181827,3,0.15169022375618302,3,0.25289026563181827,-1,
NaturalPlace,"['Places', 'Nature', 'NaturalPlace']",545,Places,3,0.2767711121316383,3,0.1674461418104962,3,0.2767711121316383,-1,
NaturalPlace,"['Places', 'Nature', 'NaturalPlace']",546,Places,3,0.24198140526096684,3,0.14821261750854314,3,0.24198140526096684,-1,
NaturalPlace,"['Places', 'Nature', 'NaturalPlace']",547,Places,3,0.2598023860001558,3,0.1613938363826632,3,0.2598023860001558,-1,
NaturalPlace,"['Places', 'Nature', 'NaturalPlace']",548,Places,0,0.2490849672003439,5,0.15877406201044197,0,0.24908496720034384,-1,
NaturalPlace,"['Places', 'Nature', 'NaturalPlace']",549,Places,3,0.2293826535923502,5,0.15606948632734824,3,0.2293826535923502,-1,
NaturalPlace,"['Places', 'Nature', 'NaturalPlace']",550,Places,3,0.257998285263929,3,0.15396845525465971,3,0.25799828526392893,-1,
NaturalPlace,"['Places', 'Nature', 'NaturalPlace']",551,Places,3,0.2370328502775051,3,0.14805203077977827,3,0.2370328502775051,-1,
NaturalPlace,"['Places', 'Nature', 'NaturalPlace']",552,Places,3,0.23932147084977978,3,0.14725705231335104,3,0.23932147084977978,-1,
NaturalPlace,"['Places', 'Nature', 'NaturalPlace']",553,Places,3,0.2785152898762147,3,0.1655406914837302,3,0.2785152898762146,-1,
NaturalPlace,"['Places', 'Nature', 'NaturalPlace']",554,Places,3,0.2479104683876934,5,0.15140792098837227,3,0.24791046838769337,-1,
NaturalPlace,"['Places', 'Nature', 'NaturalPlace']",555,Places,3,0.25210030699378816,3,0.1572898885442779,3,0.25210030699378816,-1,
NaturalPlace,"['Places', 'Nature', 'NaturalPlace']",556,Places,3,0.25434349270670653,3,0.1530507620652585,3,0.2543434927067065,-1,
NaturalPlace,"['Places', 'Nature', 'NaturalPlace']",557,Places,3,0.24275918418635312,3,0.14454479980649027,3,0.24275918418635312,-1,
NaturalPlace,"['Places', 'Nature', 'NaturalPlace']",558,Places,0,0.22262329617512552,7,0.15059953344991936,0,0.22262329617512552,-1,
NaturalPlace,"['Places', 'Nature', 'NaturalPlace']",559,Places,3,0.27301726576701574,3,0.1659162962388585,3,0.27301726576701574,-1,
NaturalPlace,"['Places', 'Nature', 'NaturalPlace']",560,Places,3,0.29967006529421186,3,0.17864990488841337,3,0.2996700652942119,-1,
NaturalPlace,"['Places', 'Nature', 'NaturalPlace']",561,Places,3,0.22967307963961034,4,0.14417819583536873,3,0.22967307963961034,-1,
NaturalPlace,"['Places', 'Nature', 'NaturalPlace']",562,Places,3,0.2511997890316599,3,0.15572746965182013,3,0.25119978903165996,-1,
NaturalPlace,"['Places', 'Nature', 'NaturalPlace']",563,Places,0,0.25849906519228383,4,0.16008494156819306,0,0.25849906519228383,-1,
NaturalPlace,"['Places', 'Nature', 'NaturalPlace']",564,Places,3,0.28171390229615,3,0.17445306207467942,3,0.28171390229615,-1,
NaturalPlace,"['Places', 'Nature', 'NaturalPlace']",565,Places,3,0.2456065737263442,3,0.14932863021958998,3,0.24560657372634415,-1,
NaturalPlace,"['Places', 'Nature', 'NaturalPlace']",566,Places,3,0.24714039348100575,5,0.15030113505968964,3,0.24714039348100575,-1,
NaturalPlace,"['Places', 'Nature', 'NaturalPlace']",567,Places,3,0.3329332260856042,3,0.2013567749388165,3,0.3329332260856041,-1,
NaturalPlace,"['Places', 'Nature', 'NaturalPlace']",568,Places,3,0.24300436120593316,3,0.14556515346722454,3,0.24300436120593316,-1,
NaturalPlace,"['Places', 'Nature', 'NaturalPlace']",569,Places,3,0.30958390153468685,3,0.1869600410179435,3,0.3095839015346868,-1,
NaturalPlace,"['Places', 'Nature', 'NaturalPlace']",570,Places,3,0.2209142976624116,7,0.14348761636917431,3,0.2209142976624116,-1,
NaturalPlace,"['Places', 'Nature', 'NaturalPlace']",571,Places,0,0.21920484212623312,7,0.14404904646507113,0,0.21920484212623317,-1,
NaturalPlace,"['Places', 'Nature', 'NaturalPlace']",572,Places,3,0.24312065537991917,3,0.14749081623497165,3,0.24312065537991917,-1,
NaturalPlace,"['Places', 'Nature', 'NaturalPlace']",573,Places,3,0.285805424382858,3,0.17254895783239657,3,0.285805424382858,-1,
NaturalPlace,"['Places', 'Nature', 'NaturalPlace']",574,Places,2,0.20954328817819526,7,0.1525968052678691,2,0.20954328817819526,-1,
NaturalPlace,"['Places', 'Nature', 'NaturalPlace']",575,Places,3,0.2405466074808884,3,0.14381197078289498,3,0.2405466074808884,-1,
NaturalPlace,"['Places', 'Nature', 'NaturalPlace']",576,Places,3,0.22158397410472047,3,0.13447809899764485,3,0.22158397410472044,-1,
NaturalPlace,"['Places', 'Nature', 'NaturalPlace']",577,Places,3,0.2602947153038702,3,0.1608601711210739,3,0.2602947153038702,-1,
NaturalPlace,"['Places', 'Nature', 'NaturalPlace']",578,Places,3,0.24021741855984866,3,0.14859385240848197,3,0.24021741855984866,-1,
NaturalPlace,"['Places', 'Nature', 'NaturalPlace']",579,Places,3,0.22871276806360924,3,0.13942849209853353,3,0.22871276806360924,-1,
NaturalPlace,"['Places', 'Nature', 'NaturalPlace']",580,Places,3,0.2342024487200311,3,0.14183765048774924,3,0.2342024487200311,-1,
NaturalPlace,"['Places', 'Nature', 'NaturalPlace']",581,Places,3,0.2313441647112227,5,0.15289975652898594,3,0.2313441647112227,-1,
NaturalPlace,"['Places', 'Nature', 'NaturalPlace']",582,Places,3,0.25125762570368615,3,0.1529354772734874,3,0.2512576257036861,-1,
NaturalPlace,"['Places', 'Nature', 'NaturalPlace']",583,Places,3,0.33602564944824637,3,0.20474207342812198,3,0.3360256494482464,-1,
NaturalPlace,"['Places', 'Nature', 'NaturalPlace']",584,Places,3,0.23349791016725485,3,0.1421528957864679,3,0.23349791016725485,-1,
NaturalPlace,"['Places', 'Nature', 'NaturalPlace']",585,Places,3,0.2873598561532089,3,0.174799534283194,3,0.2873598561532089,-1,
NaturalPlace,"['Places', 'Nature', 'NaturalPlace']",586,Places,3,0.22027110707745617,7,0.13619283590283113,3,0.22027110707745617,-1,
NaturalPlace,"['Places', 'Nature', 'NaturalPlace']",587,Places,3,0.24401345088803775,3,0.14845589016519825,3,0.24401345088803772,-1,
NaturalPlace,"['Places', 'Nature', 'NaturalPlace']",588,Places,0,0.23019719848322187,5,0.15556619707567668,0,0.23019719848322187,-1,
NaturalPlace,"['Places', 'Nature', 'NaturalPlace']",589,Places,3,0.23370611962984286,3,0.1431316124294915,3,0.2337061196298428,-1,
NaturalPlace,"['Places', 'Nature', 'NaturalPlace']",590,Places,2,0.21882140508079442,7,0.14229973714655111,2,0.21882140508079442,-1,
NaturalPlace,"['Places', 'Nature', 'NaturalPlace']",591,Places,2,0.24538641628583385,0,0.16356566445056456,2,0.2453864162858339,-1,
NaturalPlace,"['Places', 'Nature', 'NaturalPlace']",592,Places,0,0.22818326396969615,4,0.14159300053777515,0,0.22818326396969615,-1,
NaturalPlace,"['Places', 'Nature', 'NaturalPlace']",593,Places,3,0.24485040314118778,3,0.1503661985056624,3,0.24485040314118778,-1,
NaturalPlace,"['Places', 'Nature', 'NaturalPlace']",594,Places,3,0.23400717828612436,3,0.14039367636268818,3,0.23400717828612427,-1,
NaturalPlace,"['Places', 'Nature', 'NaturalPlace']",595,Places,3,0.2438128861614284,3,0.15100828296270669,3,0.24381288616142835,-1,
NaturalPlace,"['Places', 'Nature', 'NaturalPlace']",596,Places,3,0.2589861650335373,3,0.15612047623299202,3,0.2589861650335373,-1,
NaturalPlace,"['Places', 'Nature', 'NaturalPlace']",597,Places,0,0.22003710702509932,7,0.1377395699070381,0,0.22003710702509927,-1,
NaturalPlace,"['Places', 'Nature', 'NaturalPlace']",598,Places,3,0.2786120669025911,3,0.17232813993833232,3,0.2786120669025911,-1,
NaturalPlace,"['Places', 'Nature', 'NaturalPlace']",599,Places,3,0.30375680224923945,3,0.18634094646251387,3,0.30375680224923945,-1,
NaturalPlace,"['Places', 'Nature', 'NaturalPlace']",600,Places,0,0.21775113545557712,7,0.1364557021276476,0,0.21775113545557712,-1,
NaturalPlace,"['Places', 'Nature', 'NaturalPlace']",601,Places,0,0.23074199260043288,7,0.14251412329576832,0,0.23074199260043288,-1,
NaturalPlace,"['Places', 'Nature', 'NaturalPlace']",602,Places,3,0.2707104404982583,3,0.16553746965939886,3,0.27071044049825826,-1,
NaturalPlace,"['Places', 'Nature', 'NaturalPlace']",603,Places,3,0.2566352029715552,3,0.15433472012727373,3,0.25663520297155523,-1,
NaturalPlace,"['Places', 'Nature', 'NaturalPlace']",604,Places,3,0.24385763987640866,3,0.14893536331836504,3,0.2438576398764086,-1,
NaturalPlace,"['Places', 'Nature', 'NaturalPlace']",605,Places,3,0.21695588058335835,5,0.14617318296777826,3,0.2169558805833583,-1,
NaturalPlace,"['Places', 'Nature', 'NaturalPlace']",606,Places,3,0.2731315989542812,3,0.16530631903958862,3,0.2731315989542812,-1,
NaturalPlace,"['Places', 'Nature', 'NaturalPlace']",607,Places,3,0.25879890746628603,3,0.15393886797312056,3,0.25879890746628603,-1,
NaturalPlace,"['Places', 'Nature', 'NaturalPlace']",608,Places,3,0.24793636858844947,3,0.15174741264271585,3,0.24793636858844942,-1,
NaturalPlace,"['Places', 'Nature', 'NaturalPlace']",609,Places,3,0.31090675409334423,3,0.18854630815598392,3,0.3109067540933442,-1,
NaturalPlace,"['Places', 'Nature', 'NaturalPlace']",610,Places,3,0.2572261138209913,3,0.1525882123869616,3,0.25722611382099136,-1,
NaturalPlace,"['Places', 'Nature', 'NaturalPlace']",611,Places,3,0.287926451036,3,0.17403699224231065,3,0.287926451036,-1,
NaturalPlace,"['Places', 'Nature', 'NaturalPlace']",612,Places,3,0.2645395430261711,3,0.1575253585327666,3,0.2645395430261711,-1,
NaturalPlace,"['Places', 'Nature', 'NaturalPlace']",613,Places,3,0.2546315874783626,3,0.15134981058821048,3,0.2546315874783626,-1,
NaturalPlace,"['Places', 'Nature', 'NaturalPlace']",614,Places,3,0.24269005328446644,3,0.1492878785134994,3,0.24269005328446638,-1,
NaturalPlace,"['Places', 'Nature', 'NaturalPlace']",615,Places,3,0.27075155808262064,6,0.1621131647391696,3,0.2707515580826206,-1,
NaturalPlace,"['Places', 'Nature', 'NaturalPlace']",616,Places,3,0.23706080259418894,5,0.1646967259629319,3,0.23706080259418894,-1,
NaturalPlace,"['Places', 'Nature', 'NaturalPlace']",617,Places,3,0.2780293493032958,3,0.16740219655321786,3,0.2780293493032958,-1,
NaturalPlace,"['Places', 'Nature', 'NaturalPlace']",618,Places,3,0.2507303721834814,3,0.14970563921824162,3,0.2507303721834814,-1,
NaturalPlace,"['Places', 'Nature', 'NaturalPlace']",619,Places,3,0.24257270318056937,3,0.15011179149736203,3,0.24257270318056928,-1,
NaturalPlace,"['Places', 'Nature', 'NaturalPlace']",620,Places,3,0.27096485163744505,3,0.16795359205416427,3,0.270964851637445,-1,
NaturalPlace,"['Places', 'Nature', 'NaturalPlace']",621,Places,3,0.2397599849737993,3,0.14114359655142644,3,0.2397599849737993,-1,
NaturalPlace,"['Places', 'Nature', 'NaturalPlace']",622,Places,3,0.26184850693936096,3,0.16141881375576145,3,0.2618485069393609,-1,
NaturalPlace,"['Places', 'Nature', 'NaturalPlace']",623,Places,3,0.3035038099366708,3,0.18197944469285512,3,0.30350380993667075,-1,
NaturalPlace,"['Places', 'Nature', 'NaturalPlace']",624,Places,3,0.26612143595168475,3,0.1583653076980767,3,0.26612143595168475,-1,
NaturalPlace,"['Places', 'Nature', 'NaturalPlace']",625,Places,3,0.26930482135362144,3,0.16297973523293552,3,0.2693048213536213,-1,
NaturalPlace,"['Places', 'Nature', 'NaturalPlace']",626,Places,3,0.23703311678424566,5,0.1602090486522496,3,0.23703311678424566,-1,
NaturalPlace,"['Places', 'Nature', 'NaturalPlace']",627,Places,3,0.264006625885091,3,0.16566643029181194,3,0.264006625885091,-1,
NaturalPlace,"['Places', 'Nature', 'NaturalPlace']",628,Places,3,0.23275604587617507,3,0.14233377107545372,3,0.23275604587617504,-1,
NaturalPlace,"['Places', 'Nature', 'NaturalPlace']",629,Places,3,0.24390279824120864,3,0.14953363293917105,3,0.24390279824120864,-1,
NaturalPlace,"['Places', 'Nature', 'NaturalPlace']",630,Places,3,0.24093700866163562,5,0.15097805355445215,3,0.24093700866163562,-1,
NaturalPlace,"['Places', 'Nature', 'NaturalPlace']",631,Places,3,0.23849306433046907,3,0.1457272048700975,3,0.23849306433046907,-1,
NaturalPlace,"['Places', 'Nature', 'NaturalPlace']",632,Places,3,0.28582898745280266,3,0.17369907186313222,3,0.28582898745280255,-1,
NaturalPlace,"['Places', 'Nature', 'NaturalPlace']",633,Places,3,0.2647921929909217,3,0.16452962268638496,3,0.2647921929909217,-1,
NaturalPlace,"['Places', 'Nature', 'NaturalPlace']",634,Places,0,0.2742997879465702,4,0.16895386100525298,0,0.2742997879465701,-1,
NaturalPlace,"['Places', 'Nature', 'NaturalPlace']",635,Places,3,0.25002110608946,3,0.15846596280207084,3,0.25002110608946,-1,
NaturalPlace,"['Places', 'Nature', 'NaturalPlace']",636,Places,3,0.24184255035864874,3,0.1458672945645807,3,0.24184255035864868,-1,
NaturalPlace,"['Places', 'Nature', 'NaturalPlace']",637,Places,3,0.24508989480528334,3,0.14895827583299895,3,0.24508989480528334,-1,
NaturalPlace,"['Places', 'Nature', 'NaturalPlace']",638,Places,3,0.23278684013238207,0,0.14328815856637178,3,0.23278684013238213,-1,
NaturalPlace,"['Places', 'Nature', 'NaturalPlace']",639,Places,1,0.22958559518386876,1,0.14338766128220717,1,0.2295855951838687,-1,
NaturalPlace,"['Places', 'Nature', 'NaturalPlace']",640,Places,3,0.21872461850494848,7,0.14394343786443167,3,0.21872461850494843,-1,
NaturalPlace,"['Places', 'Nature', 'NaturalPlace']",641,Places,3,0.2886397332444757,3,0.17438258279340882,3,0.28863973324447567,-1,
NaturalPlace,"['Places', 'Nature', 'NaturalPlace']",642,Places,3,0.26083746623313075,3,0.15742552173498556,3,0.26083746623313075,-1,
NaturalPlace,"['Places', 'Nature', 'NaturalPlace']",643,Places,3,0.2268900713501871,3,0.14105996818518382,3,0.2268900713501871,-1,
NaturalPlace,"['Places', 'Nature', 'NaturalPlace']",644,Places,3,0.30813619950153137,3,0.1871491845551242,3,0.30813619950153137,-1,
NaturalPlace,"['Places', 'Nature', 'NaturalPlace']",645,Places,0,0.2338069149975062,5,0.1618484189356963,0,0.2338069149975062,-1,
NaturalPlace,"['Places', 'Nature', 'NaturalPlace']",646,Places,0,0.24917977601828087,5,0.16458370146469217,0,0.24917977601828087,-1,
NaturalPlace,"['Places', 'Nature', 'NaturalPlace']",647,Places,2,0.23738988733726651,0,0.15150292643568655,2,0.23738988733726651,-1,
NaturalPlace,"['Places', 'Nature', 'NaturalPlace']",648,Places,3,0.2603376672373287,3,0.1543530322340804,3,0.2603376672373287,-1,
NaturalPlace,"['Places', 'Nature', 'NaturalPlace']",649,Places,3,0.24661518467146165,3,0.14928634143439148,3,0.24661518467146165,-1,
NaturalPlace,"['Places', 'Nature', 'NaturalPlace']",650,Places,3,0.23433249896838618,7,0.15050506593305815,3,0.23433249896838618,-1,
NaturalPlace,"['Places', 'Nature', 'NaturalPlace']",651,Places,3,0.2991323017942347,3,0.18592313058370827,3,0.2991323017942347,-1,
NaturalPlace,"['Places', 'Nature', 'NaturalPlace']",652,Places,3,0.28511995748886454,3,0.16896692638302446,3,0.28511995748886454,-1,
NaturalPlace,"['Places', 'Nature', 'NaturalPlace']",653,Places,3,0.24459028980956463,3,0.14459633959037815,3,0.24459028980956463,-1,
NaturalPlace,"['Places', 'Nature', 'NaturalPlace']",654,Places,3,0.24822297136520635,3,0.14728100546808776,3,0.2482229713652063,-1,
NaturalPlace,"['Places', 'Nature', 'NaturalPlace']",655,Places,3,0.24512314106927582,3,0.15322708826497397,3,0.2451231410692757,-1,
NaturalPlace,"['Places', 'Nature', 'NaturalPlace']",656,Places,3,0.23075627347974292,3,0.14131945993715134,3,0.23075627347974292,-1,
NaturalPlace,"['Places', 'Nature', 'NaturalPlace']",657,Places,3,0.2962455786651227,3,0.1814927222265497,3,0.2962455786651227,-1,
NaturalPlace,"['Places', 'Nature', 'NaturalPlace']",658,Places,3,0.21399725049172952,5,0.14982027737638887,3,0.21399725049172952,-1,
NaturalPlace,"['Places', 'Nature', 'NaturalPlace']",659,Places,3,0.2984476615287535,3,0.1779607958005739,3,0.2984476615287535,-1,
NaturalPlace,"['Places', 'Nature', 'NaturalPlace']",660,Places,3,0.2853730137516396,3,0.17879548354614166,3,0.2853730137516396,-1,
NaturalPlace,"['Places', 'Nature', 'NaturalPlace']",661,Places,3,0.23469405971912752,0,0.14799360807859793,3,0.23469405971912752,-1,
NaturalPlace,"['Places', 'Nature', 'NaturalPlace']",662,Places,3,0.2405061202638282,3,0.14589531370902184,3,0.24050612026382814,-1,
NaturalPlace,"['Places', 'Nature', 'NaturalPlace']",663,Places,3,0.2171607945443606,5,0.13664604239242434,3,0.21716079454436057,-1,
NaturalPlace,"['Places', 'Nature', 'NaturalPlace']",664,Places,3,0.3443728131686717,3,0.21552271798646416,3,0.3443728131686717,-1,
NaturalPlace,"['Places', 'Nature', 'NaturalPlace']",665,Places,0,0.22251300010828426,7,0.1519206727682998,0,0.22251300010828426,-1,
NaturalPlace,"['Places', 'Nature', 'NaturalPlace']",666,Places,3,0.3036581485628352,3,0.18562124131476246,3,0.30365814856283513,-1,
Village,"['Places', 'Settlements', 'Village']",667,Places,3,0.5061096106867713,3,0.34061566365427043,3,0.5061096106867711,-1,
Village,"['Places', 'Settlements', 'Village']",668,Places,3,0.6612097225712592,3,0.5301761975046576,3,0.6612097225712592,-1,
Village,"['Places', 'Settlements', 'Village']",669,Places,3,0.6964940710591075,3,0.5816247205811739,3,0.696494071059107,-1,
Village,"['Places', 'Settlements', 'Village']",670,Places,3,0.3069036865799269,6,0.18052138070791257,3,0.3069036865799269,-1,
Village,"['Places', 'Settlements', 'Village']",671,Places,3,0.2859630998565925,3,0.17577040409869138,3,0.28596309985659246,-1,
Village,"['Places', 'Settlements', 'Village']",672,Places,3,0.5442727680098058,3,0.39852613806842324,3,0.5442727680098058,-1,
Village,"['Places', 'Settlements', 'Village']",673,Places,3,0.7223876028963289,3,0.6357012668934153,3,0.7223876028963289,-1,
Village,"['Places', 'Settlements', 'Village']",674,Places,3,0.33801867145965925,3,0.21033217702466467,3,0.33801867145965925,-1,
Village,"['Places', 'Settlements', 'Village']",675,Places,3,0.5522873847076459,3,0.40609509481435263,3,0.5522873847076458,-1,
Village,"['Places', 'Settlements', 'Village']",676,Places,3,0.36347210615150827,3,0.2281660779991026,3,0.36347210615150827,-1,
Village,"['Places', 'Settlements', 'Village']",677,Places,3,0.2813056627475921,6,0.19532622467285485,3,0.28130566274759217,-1,
Village,"['Places', 'Settlements', 'Village']",678,Places,3,0.435351208700567,3,0.2844895533120195,3,0.43535120870056687,-1,
Village,"['Places', 'Settlements', 'Village']",679,Places,3,0.32035622414004056,3,0.196274504839001,3,0.32035622414004056,-1,
Village,"['Places', 'Settlements', 'Village']",680,Places,3,0.2543800752966272,3,0.154934043528482,3,0.25438007529662715,-1,
Village,"['Places', 'Settlements', 'Village']",681,Places,3,0.6398915566614085,3,0.5256387555129204,3,0.6398915566614083,-1,
Village,"['Places', 'Settlements', 'Village']",682,Places,3,0.6340203924386231,3,0.5001445884192599,3,0.6340203924386232,-1,
Village,"['Places', 'Settlements', 'Village']",683,Places,3,0.7003209080656098,3,0.60136894769719,3,0.7003209080656096,-1,
Village,"['Places', 'Settlements', 'Village']",684,Places,3,0.6181423096531389,3,0.48091524849202616,3,0.6181423096531389,-1,
Village,"['Places', 'Settlements', 'Village']",685,Places,3,0.6904489752376999,3,0.5791598289594276,3,0.6904489752376997,-1,
Village,"['Places', 'Settlements', 'Village']",686,Places,3,0.5522791241502996,3,0.38241104476030396,3,0.5522791241502997,-1,
Village,"['Places', 'Settlements', 'Village']",687,Places,3,0.7553025427796147,3,0.6900425247669624,3,0.7553025427796148,-1,
Village,"['Places', 'Settlements', 'Village']",688,Places,3,0.7485621657545561,3,0.6280882597301543,3,0.7485621657545557,-1,
Village,"['Places', 'Settlements', 'Village']",689,Places,3,0.5949962227195218,3,0.4616396431864587,3,0.5949962227195215,-1,
Village,"['Places', 'Settlements', 'Village']",690,Places,3,0.6324114407985738,3,0.4945739941809494,3,0.6324114407985737,-1,
Village,"['Places', 'Settlements', 'Village']",691,Places,3,0.29730335949864267,3,0.17323339132863505,3,0.29730335949864256,-1,
Village,"['Places', 'Settlements', 'Village']",692,Places,3,0.5541840316976976,3,0.4106732634090415,3,0.5541840316976977,-1,
Village,"['Places', 'Settlements', 'Village']",693,Places,3,0.6246229399318161,3,0.495294241232904,3,0.6246229399318158,-1,
Village,"['Places', 'Settlements', 'Village']",694,Places,3,0.6542607052665368,3,0.5217039297879978,3,0.6542607052665371,-1,
Village,"['Places', 'Settlements', 'Village']",695,Places,3,0.481760425918228,3,0.3309590496119117,3,0.4817604259182279,-1,
Village,"['Places', 'Settlements', 'Village']",696,Places,3,0.6547808914921669,3,0.5202156159339816,3,0.6547808914921667,-1,
Village,"['Places', 'Settlements', 'Village']",697,Places,3,0.6550082276027915,3,0.5159792255614184,3,0.6550082276027912,-1,
Village,"['Places', 'Settlements', 'Village']",698,Places,3,0.5770321584704805,3,0.43345054925801546,3,0.5770321584704806,-1,
Village,"['Places', 'Settlements', 'Village']",699,Places,3,0.3078890823639989,3,0.1872801122489997,3,0.30788908236399887,-1,
Village,"['Places', 'Settlements', 'Village']",700,Places,3,0.37538253523220216,3,0.23172346291322526,3,0.37538253523220205,-1,
Village,"['Places', 'Settlements', 'Village']",701,Places,3,0.45817037919688336,3,0.30209594835056897,3,0.45817037919688336,-1,
Village,"['Places', 'Settlements', 'Village']",702,Places,3,0.6352900761681463,3,0.48441790996674017,3,0.6352900761681463,-1,
Village,"['Places', 'Settlements', 'Village']",703,Places,3,0.3095561700376223,3,0.18586829309127234,3,0.30955617003762226,-1,
Village,"['Places', 'Settlements', 'Village']",704,Places,3,0.35630724478550574,3,0.22142890092907042,3,0.35630724478550563,-1,
Village,"['Places', 'Settlements', 'Village']",705,Places,3,0.26162304775522444,3,0.1593052468045432,3,0.2616230477552245,-1,
Village,"['Places', 'Settlements', 'Village']",706,Places,3,0.3168497536731531,3,0.20033391027784378,3,0.3168497536731531,-1,
Village,"['Places', 'Settlements', 'Village']",707,Places,3,0.6594045897867178,3,0.5366705065867909,3,0.659404589786718,-1,
Village,"['Places', 'Settlements', 'Village']",708,Places,3,0.6328348571261388,3,0.48743028387255705,3,0.6328348571261388,-1,
Village,"['Places', 'Settlements', 'Village']",709,Places,3,0.6180726700982418,3,0.49389996463418284,3,0.618072670098242,-1,
Village,"['Places', 'Settlements', 'Village']",710,Places,3,0.41734674002975003,3,0.26236972081115184,3,0.41734674002975,-1,
Village,"['Places', 'Settlements', 'Village']",711,Places,3,0.6854796704111799,3,0.5974272331370469,3,0.68547967041118,-1,
Village,"['Places', 'Settlements', 'Village']",712,Places,3,0.32965190461130334,3,0.20173012521326303,3,0.3296519046113032,-1,
Village,"['Places', 'Settlements', 'Village']",713,Places,3,0.6379436994224496,3,0.5043533733644033,3,0.6379436994224496,-1,
Village,"['Places', 'Settlements', 'Village']",714,Places,3,0.7503724717925612,3,0.6612913201721932,3,0.7503724717925612,-1,
Village,"['Places', 'Settlements', 'Village']",715,Places,3,0.7029867687632442,3,0.573626426051033,3,0.7029867687632442,-1,
Village,"['Places', 'Settlements', 'Village']",716,Places,3,0.5569033816490383,3,0.4128135186082253,3,0.5569033816490381,-1,
Village,"['Places', 'Settlements', 'Village']",717,Places,3,0.29030925528981205,3,0.17401934707239125,3,0.29030925528981205,-1,
Village,"['Places', 'Settlements', 'Village']",718,Places,3,0.6282977215113663,3,0.48504014685048,3,0.6282977215113663,-1,
Village,"['Places', 'Settlements', 'Village']",719,Places,3,0.3081190960513337,3,0.18861560548510864,3,0.3081190960513337,-1,
Village,"['Places', 'Settlements', 'Village']",720,Places,3,0.6708191693855905,3,0.5552090276916624,3,0.670819169385591,-1,
Village,"['Places', 'Settlements', 'Village']",721,Places,3,0.2747288638945936,3,0.16627770358277144,3,0.2747288638945936,-1,
Village,"['Places', 'Settlements', 'Village']",722,Places,3,0.655345266584309,3,0.5354898789486235,3,0.655345266584309,-1,
Village,"['Places', 'Settlements', 'Village']",723,Places,3,0.646808015404443,3,0.537534660485871,3,0.646808015404443,-1,
Village,"['Places', 'Settlements', 'Village']",724,Places,3,0.7073846047482715,3,0.6061413288229299,3,0.7073846047482717,-1,
Village,"['Places', 'Settlements', 'Village']",725,Places,3,0.5651616333074514,3,0.425029288198825,3,0.5651616333074514,-1,
Village,"['Places', 'Settlements', 'Village']",726,Places,3,0.6851645193896355,3,0.5731730538432068,3,0.685164519389636,-1,
Village,"['Places', 'Settlements', 'Village']",727,Places,3,0.6549015080404296,3,0.5254485057056378,3,0.6549015080404295,-1,
Village,"['Places', 'Settlements', 'Village']",728,Places,3,0.6845308973843568,3,0.574261443773253,3,0.6845308973843566,-1,
Village,"['Places', 'Settlements', 'Village']",729,Places,3,0.27122287325635935,3,0.16271588491704989,3,0.27122287325635935,-1,
Village,"['Places', 'Settlements', 'Village']",730,Places,3,0.6821861155482852,3,0.5504818888189092,3,0.6821861155482852,-1,
Village,"['Places', 'Settlements', 'Village']",731,Places,3,0.694551220319222,3,0.5913798070358763,3,0.694551220319222,-1,
Village,"['Places', 'Settlements', 'Village']",732,Places,3,0.6597780555603384,3,0.5591372832030965,3,0.6597780555603382,-1,
Village,"['Places', 'Settlements', 'Village']",733,Places,3,0.6165806943924027,3,0.4502608936272738,3,0.6165806943924027,-1,
Village,"['Places', 'Settlements', 'Village']",734,Places,3,0.35170318957532876,3,0.2184004222999719,3,0.3517031895753287,-1,
Village,"['Places', 'Settlements', 'Village']",735,Places,3,0.7133460172874823,3,0.6367534319177518,3,0.7133460172874823,-1,
Village,"['Places', 'Settlements', 'Village']",736,Places,3,0.6968193446389108,3,0.5722777386124352,3,0.6968193446389108,-1,
Village,"['Places', 'Settlements', 'Village']",737,Places,3,0.2847845292464317,3,0.17416900147520037,3,0.2847845292464317,-1,
Village,"['Places', 'Settlements', 'Village']",738,Places,3,0.5519929296951314,3,0.410058444961102,3,0.5519929296951315,-1,
Village,"['Places', 'Settlements', 'Village']",739,Places,3,0.632226811941601,3,0.5049215520632654,3,0.6322268119416009,-1,
Village,"['Places', 'Settlements', 'Village']",740,Places,3,0.33075440339424184,3,0.20737893911933644,3,0.33075440339424184,-1,
Village,"['Places', 'Settlements', 'Village']",741,Places,3,0.5315369981172556,3,0.3845593729776613,3,0.5315369981172554,-1,
Village,"['Places', 'Settlements', 'Village']",742,Places,3,0.34171459017741446,3,0.21175275354255302,3,0.3417145901774144,-1,
Village,"['Places', 'Settlements', 'Village']",743,Places,3,0.652719887475723,3,0.5326349833880626,3,0.6527198874757228,-1,
Village,"['Places', 'Settlements', 'Village']",744,Places,3,0.2591856680009117,3,0.15724763202881023,3,0.25918566800091175,-1,
Village,"['Places', 'Settlements', 'Village']",745,Places,3,0.7113846901857642,3,0.6161752671258918,3,0.7113846901857642,-1,
Village,"['Places', 'Settlements', 'Village']",746,Places,3,0.5844807839629328,3,0.44179240249897717,3,0.5844807839629325,-1,
Village,"['Places', 'Settlements', 'Village']",747,Places,3,0.6829033376533927,3,0.5836088141692339,3,0.6829033376533931,-1,
Village,"['Places', 'Settlements', 'Village']",748,Places,3,0.7004677422964268,3,0.5664540167275801,3,0.7004677422964267,-1,
Village,"['Places', 'Settlements', 'Village']",749,Places,3,0.7323724963844713,3,0.6350866877797618,3,0.7323724963844713,-1,
Village,"['Places', 'Settlements', 'Village']",750,Places,3,0.7034234276589056,3,0.5944010452239262,3,0.7034234276589055,-1,
Village,"['Places', 'Settlements', 'Village']",751,Places,3,0.6533516219815422,3,0.5255000236387406,3,0.6533516219815417,-1,
Village,"['Places', 'Settlements', 'Village']",752,Places,3,0.7147840617327251,3,0.6324991599941548,3,0.7147840617327249,-1,
Village,"['Places', 'Settlements', 'Village']",753,Places,3,0.2875205025168445,3,0.1755934301512163,3,0.2875205025168444,-1,
Village,"['Places', 'Settlements', 'Village']",754,Places,3,0.6802522720446726,3,0.548630916159079,3,0.6802522720446729,-1,
Village,"['Places', 'Settlements', 'Village']",755,Places,3,0.6571196546047067,3,0.5207317461773775,3,0.6571196546047066,-1,
Village,"['Places', 'Settlements', 'Village']",756,Places,3,0.6648032055231852,3,0.5556826378368579,3,0.6648032055231848,-1,
Village,"['Places', 'Settlements', 'Village']",757,Places,3,0.5708045798697192,3,0.4258143141498808,3,0.5708045798697192,-1,
Village,"['Places', 'Settlements', 'Village']",758,Places,3,0.2578554751620318,3,0.15165288670857294,3,0.2578554751620318,-1,
Village,"['Places', 'Settlements', 'Village']",759,Places,3,0.5224769118425567,3,0.3767932140478395,3,0.5224769118425567,-1,
Village,"['Places', 'Settlements', 'Village']",760,Places,3,0.7368787497999395,3,0.6468516020485177,3,0.7368787497999395,-1,
Village,"['Places', 'Settlements', 'Village']",761,Places,3,0.6945605706847848,3,0.5718300702958296,3,0.6945605706847843,-1,
Village,"['Places', 'Settlements', 'Village']",762,Places,3,0.3136376791257137,3,0.19632162138073336,3,0.3136376791257137,-1,
Village,"['Places', 'Settlements', 'Village']",763,Places,3,0.3228042835170127,3,0.20789716023985727,3,0.3228042835170127,-1,
Village,"['Places', 'Settlements', 'Village']",764,Places,3,0.7039882244282276,3,0.5891036943109715,3,0.7039882244282276,-1,
Village,"['Places', 'Settlements', 'Village']",765,Places,3,0.5054423272740705,3,0.34694519235199556,3,0.5054423272740706,-1,
Village,"['Places', 'Settlements', 'Village']",766,Places,3,0.2746068770944176,3,0.16132817859425744,3,0.27460687709441756,-1,
Village,"['Places', 'Settlements', 'Village']",767,Places,3,0.27585828501804727,3,0.16894606021166175,3,0.2758582850180472,-1,
Village,"['Places', 'Settlements', 'Village']",768,Places,3,0.3740933369170859,3,0.23401277218566835,3,0.3740933369170859,-1,
Village,"['Places', 'Settlements', 'Village']",769,Places,3,0.5549769325615942,3,0.41282728078771047,3,0.5549769325615943,-1,
Village,"['Places', 'Settlements', 'Village']",770,Places,3,0.3129462263724407,3,0.19424903081348813,3,0.31294622637244063,-1,
Village,"['Places', 'Settlements', 'Village']",771,Places,3,0.25366093599665734,3,0.1558212517146808,3,0.25366093599665734,-1,
Village,"['Places', 'Settlements', 'Village']",772,Places,3,0.6773673188181535,3,0.5766737154931131,3,0.6773673188181534,-1,
Village,"['Places', 'Settlements', 'Village']",773,Places,3,0.2638464129854072,3,0.15791689320367858,3,0.2638464129854071,-1,
Village,"['Places', 'Settlements', 'Village']",774,Places,3,0.5420109948046197,3,0.4013551662681449,3,0.5420109948046198,-1,
Village,"['Places', 'Settlements', 'Village']",775,Places,3,0.6854307341520718,3,0.5756882310092314,3,0.6854307341520719,-1,
Village,"['Places', 'Settlements', 'Village']",776,Places,3,0.3264880314603384,3,0.20725083665977295,3,0.32648803146033845,-1,
Village,"['Places', 'Settlements', 'Village']",777,Places,3,0.27702344914960125,6,0.1787978448896542,3,0.27702344914960125,-1,
Village,"['Places', 'Settlements', 'Village']",778,Places,3,0.3249437533778436,3,0.2002856007710082,3,0.3249437533778436,-1,
Village,"['Places', 'Settlements', 'Village']",779,Places,3,0.6426918122928247,3,0.4950716079539454,3,0.6426918122928251,-1,
Village,"['Places', 'Settlements', 'Village']",780,Places,3,0.5559855302265053,3,0.40878399855283243,3,0.5559855302265053,-1,
Village,"['Places', 'Settlements', 'Village']",781,Places,3,0.6851575415873179,3,0.5684079707736334,3,0.6851575415873179,-1,
Village,"['Places', 'Settlements', 'Village']",782,Places,3,0.7250641295623929,3,0.6456818331585773,3,0.7250641295623926,-1,
Village,"['Places', 'Settlements', 'Village']",783,Places,3,0.6348392046162481,3,0.4900405961680999,3,0.6348392046162479,-1,
Village,"['Places', 'Settlements', 'Village']",784,Places,3,0.25127768342459217,0,0.1510378089115943,3,0.2512776834245921,-1,
Village,"['Places', 'Settlements', 'Village']",785,Places,3,0.3288090601886908,3,0.20529445209836986,3,0.3288090601886908,-1,
Village,"['Places', 'Settlements', 'Village']",786,Places,3,0.6744447478755585,3,0.5367714761622251,3,0.6744447478755587,-1,
Village,"['Places', 'Settlements', 'Village']",787,Places,3,0.3107249985939552,3,0.1882180302587349,3,0.310724998593955,-1,
Village,"['Places', 'Settlements', 'Village']",788,Places,3,0.5648943164185638,3,0.42625570364646725,3,0.5648943164185637,-1,
Village,"['Places', 'Settlements', 'Village']",789,Places,3,0.29761234353628196,3,0.1813672535785639,3,0.29761234353628196,-1,
Village,"['Places', 'Settlements', 'Village']",790,Places,3,0.2624562934245186,3,0.1582544695713179,3,0.2624562934245186,-1,
Village,"['Places', 'Settlements', 'Village']",791,Places,3,0.6449311050619273,3,0.5150302194796844,3,0.6449311050619275,-1,
Village,"['Places', 'Settlements', 'Village']",792,Places,3,0.26596833547653725,3,0.16234402906542936,3,0.2659683354765372,-1,
Village,"['Places', 'Settlements', 'Village']",793,Places,3,0.27181547537633677,3,0.16424975385405705,3,0.27181547537633677,-1,
Village,"['Places', 'Settlements', 'Village']",794,Places,3,0.7003609900404699,3,0.5962734834762576,3,0.7003609900404701,-1,
Village,"['Places', 'Settlements', 'Village']",795,Places,3,0.2804391326975978,3,0.1703486137080834,3,0.2804391326975978,-1,
Village,"['Places', 'Settlements', 'Village']",796,Places,3,0.2957559840591282,3,0.1840588861573825,3,0.29575598405912806,-1,
Village,"['Places', 'Settlements', 'Village']",797,Places,3,0.6898065204294954,3,0.5831734592691078,3,0.6898065204294951,-1,
Village,"['Places', 'Settlements', 'Village']",798,Places,3,0.5978621902872706,3,0.4562723089782979,3,0.5978621902872706,-1,
Village,"['Places', 'Settlements', 'Village']",799,Places,3,0.6380149465499084,3,0.518305961603924,3,0.6380149465499084,-1,
Village,"['Places', 'Settlements', 'Village']",800,Places,3,0.5710116217954192,3,0.4290812821975931,3,0.5710116217954189,-1,
Village,"['Places', 'Settlements', 'Village']",801,Places,3,0.7271271272288897,3,0.5996280164976291,3,0.7271271272288895,-1,
Village,"['Places', 'Settlements', 'Village']",802,Places,3,0.6564558461263894,3,0.5450775286504734,3,0.6564558461263894,-1,
Village,"['Places', 'Settlements', 'Village']",803,Places,3,0.43697232884423776,3,0.285316415548743,3,0.43697232884423776,-1,
Village,"['Places', 'Settlements', 'Village']",804,Places,3,0.29681880045035625,3,0.18034061327908138,3,0.2968188004503562,-1,
Village,"['Places', 'Settlements', 'Village']",805,Places,3,0.3733630229103917,3,0.2287744375882472,3,0.37336302291039164,-1,
Village,"['Places', 'Settlements', 'Village']",806,Places,3,0.3925429656860786,3,0.25162179493564535,3,0.39254296568607866,-1,
Village,"['Places', 'Settlements', 'Village']",807,Places,3,0.7239220364219261,3,0.6301738368408896,3,0.723922036421926,-1,
Village,"['Places', 'Settlements', 'Village']",808,Places,2,0.29367304776404735,0,0.21612676947003392,2,0.29367304776404735,-1,
Village,"['Places', 'Settlements', 'Village']",809,Places,3,0.2838009884213784,3,0.17346971908339717,3,0.2838009884213784,-1,
Village,"['Places', 'Settlements', 'Village']",810,Places,3,0.30380186196205605,3,0.18124135634538188,3,0.30380186196205605,-1,
Village,"['Places', 'Settlements', 'Village']",811,Places,3,0.5711142648560593,3,0.4296451864261162,3,0.5711142648560591,-1,
Village,"['Places', 'Settlements', 'Village']",812,Places,3,0.6821073064791318,3,0.5694176738386719,3,0.6821073064791315,-1,
Village,"['Places', 'Settlements', 'Village']",813,Places,3,0.6329280502339236,3,0.5142567891462991,3,0.6329280502339235,-1,
Village,"['Places', 'Settlements', 'Village']",814,Places,3,0.685370489604018,3,0.5812136177775269,3,0.685370489604018,-1,
Village,"['Places', 'Settlements', 'Village']",815,Places,3,0.7258979112037119,3,0.6418538463205454,3,0.725897911203712,-1,
Village,"['Places', 'Settlements', 'Village']",816,Places,3,0.32291939744924475,3,0.2065932115892155,3,0.32291939744924475,-1,
Village,"['Places', 'Settlements', 'Village']",817,Places,3,0.3068074168235012,3,0.18413355133600962,3,0.3068074168235011,-1,
Village,"['Places', 'Settlements', 'Village']",818,Places,3,0.6452959624831556,3,0.5352023975642237,3,0.6452959624831557,-1,
Village,"['Places', 'Settlements', 'Village']",819,Places,3,0.7259197268334883,3,0.5922776691465784,3,0.725919726833488,-1,
Village,"['Places', 'Settlements', 'Village']",820,Places,3,0.7332471035398368,3,0.6369540006829704,3,0.7332471035398366,-1,
Village,"['Places', 'Settlements', 'Village']",821,Places,3,0.6804354352849092,3,0.5757391261608935,3,0.6804354352849094,-1,
Village,"['Places', 'Settlements', 'Village']",822,Places,3,0.7106837270103978,3,0.6151135180558746,3,0.7106837270103981,-1,
Village,"['Places', 'Settlements', 'Village']",823,Places,3,0.5347855569672347,3,0.39612976877054396,3,0.5347855569672346,-1,
Village,"['Places', 'Settlements', 'Village']",824,Places,3,0.5987246186297245,3,0.46278594445545873,3,0.5987246186297247,-1,
Village,"['Places', 'Settlements', 'Village']",825,Places,3,0.6416931892473916,3,0.5080544669955057,3,0.6416931892473914,-1,
Village,"['Places', 'Settlements', 'Village']",826,Places,3,0.2973865605540493,3,0.18066112637774648,3,0.2973865605540493,-1,
Village,"['Places', 'Settlements', 'Village']",827,Places,3,0.3358880445830591,3,0.20958776351562364,3,0.3358880445830591,-1,
Village,"['Places', 'Settlements', 'Village']",828,Places,3,0.6397408130005426,3,0.4903952220500018,3,0.6397408130005426,-1,
Village,"['Places', 'Settlements', 'Village']",829,Places,3,0.6892897526980463,3,0.576242060870722,3,0.6892897526980463,-1,
Village,"['Places', 'Settlements', 'Village']",830,Places,3,0.27568890372360383,3,0.16706957439310063,3,0.27568890372360383,-1,
Village,"['Places', 'Settlements', 'Village']",831,Places,3,0.37923466927402927,3,0.23131134305581943,3,0.37923466927402905,-1,
Village,"['Places', 'Settlements', 'Village']",832,Places,3,0.315411549525952,3,0.1960334363621981,3,0.3154115495259519,-1,
Village,"['Places', 'Settlements', 'Village']",833,Places,3,0.2580225380103152,3,0.1557387136458903,3,0.25802253801031516,-1,
Building,"['Places', 'Structures', 'Building']",834,Places,1,0.2135163755192988,7,0.28115495233090615,1,0.2135163755192988,-1,
Building,"['Places', 'Structures', 'Building']",835,Places,4,0.23094439952795076,7,0.4136585222445675,4,0.23094439952795076,-1,
Building,"['Places', 'Structures', 'Building']",836,Places,4,0.2552668117603324,7,0.41913188566238313,4,0.2552668117603324,-1,
Building,"['Places', 'Structures', 'Building']",837,Places,4,0.24130914872154677,7,0.21737738036457008,4,0.24130914872154677,-1,
Building,"['Places', 'Structures', 'Building']",838,Places,4,0.23410767576745964,7,0.21875361924742265,4,0.23410767576745964,-1,
Building,"['Places', 'Structures', 'Building']",839,Places,4,0.22791630715420222,7,0.524723755363287,4,0.22791630715420222,-1,
Building,"['Places', 'Structures', 'Building']",840,Places,4,0.2496001079636926,7,0.34475090528484503,4,0.2496001079636926,-1,
Building,"['Places', 'Structures', 'Building']",841,Places,4,0.22195696793576625,7,0.32192130729667257,4,0.22195696793576625,-1,
Building,"['Places', 'Structures', 'Building']",842,Places,1,0.23131019378421655,7,0.2765348455818998,1,0.23131019378421652,-1,
Building,"['Places', 'Structures', 'Building']",843,Places,4,0.2531422641508172,7,0.41631627418850364,4,0.2531422641508172,-1,
Building,"['Places', 'Structures', 'Building']",844,Places,4,0.23400445637598788,7,0.28676133475048593,4,0.23400445637598788,-1,
Building,"['Places', 'Structures', 'Building']",845,Places,4,0.24043134392011722,7,0.33688618241938434,4,0.24043134392011722,-1,
Building,"['Places', 'Structures', 'Building']",846,Places,4,0.23225675346412858,7,0.27794379811624687,4,0.23225675346412858,-1,
Building,"['Places', 'Structures', 'Building']",847,Places,1,0.22441196086613688,7,0.23513667797432194,1,0.22441196086613688,-1,
Building,"['Places', 'Structures', 'Building']",848,Places,1,0.23688905667169113,7,0.226210413593383,1,0.23688905667169108,-1,
Building,"['Places', 'Structures', 'Building']",849,Places,1,0.22976548346577128,7,0.27004279303897566,1,0.22976548346577128,-1,
Building,"['Places', 'Structures', 'Building']",850,Places,4,0.22421248667874427,7,0.5194793812623644,4,0.22421248667874427,-1,
Building,"['Places', 'Structures', 'Building']",851,Places,4,0.22199047149693743,7,0.3241361913944671,4,0.22199047149693743,-1,
Building,"['Places', 'Structures', 'Building']",852,Places,0,0.22802058283430285,7,0.44450704549802106,0,0.22802058283430285,-1,
Building,"['Places', 'Structures', 'Building']",853,Places,4,0.23278601804667268,7,0.37180408299590767,4,0.23278601804667268,-1,
Building,"['Places', 'Structures', 'Building']",854,Places,4,0.23023232434700197,7,0.32788889940405475,4,0.23023232434700197,-1,
Building,"['Places', 'Structures', 'Building']",855,Places,1,0.23572268600854923,7,0.220379552595615,1,0.2357226860085492,-1,
Building,"['Places', 'Structures', 'Building']",856,Places,3,0.21721028194799055,7,0.16017546232679594,3,0.21721028194799055,-1,
Building,"['Places', 'Structures', 'Building']",857,Places,4,0.24974191775663374,7,0.43455862497334563,4,0.2497419177566338,-1,
Building,"['Places', 'Structures', 'Building']",858,Places,4,0.2792447835257452,7,0.2562073651640426,4,0.2792447835257452,-1,
Building,"['Places', 'Structures', 'Building']",859,Places,1,0.23890648382736346,1,0.1479166138287324,1,0.23890648382736346,-1,
Building,"['Places', 'Structures', 'Building']",860,Places,4,0.21806291159227462,7,0.33155863054431756,4,0.21806291159227462,-1,
Building,"['Places', 'Structures', 'Building']",861,Places,4,0.2424839106664385,7,0.44035571151026104,4,0.2424839106664385,-1,
Building,"['Places', 'Structures', 'Building']",862,Places,4,0.25671476726435577,7,0.25369892038883746,4,0.25671476726435577,-1,
Building,"['Places', 'Structures', 'Building']",863,Places,1,0.23683255477007703,7,0.20618591996837188,1,0.23683255477007703,-1,
Building,"['Places', 'Structures', 'Building']",864,Places,4,0.22907263250920615,7,0.43638519279210547,4,0.2290726325092062,-1,
Building,"['Places', 'Structures', 'Building']",865,Places,1,0.25153362886954433,1,0.15299615144500228,1,0.25153362886954433,-1,
Building,"['Places', 'Structures', 'Building']",866,Places,4,0.23859858516804394,7,0.5004698376619279,4,0.23859858516804394,-1,
Building,"['Places', 'Structures', 'Building']",867,Places,4,0.23682648589786112,7,0.5461754227568534,4,0.23682648589786118,-1,
Building,"['Places', 'Structures', 'Building']",868,Places,1,0.23644719154004673,7,0.29409389322723406,1,0.23644719154004673,-1,
Building,"['Places', 'Structures', 'Building']",869,Places,4,0.26519600356894363,7,0.31597687113127493,4,0.26519600356894363,-1,
Building,"['Places', 'Structures', 'Building']",870,Places,4,0.28094334176165403,7,0.3388487832836024,4,0.28094334176165403,-1,
Building,"['Places', 'Structures', 'Building']",871,Places,1,0.24821599130236513,7,0.24055050515152565,1,0.24821599130236507,-1,
Building,"['Places', 'Structures', 'Building']",872,Places,4,0.23563752366450527,7,0.4415806609175444,4,0.23563752366450533,-1,
Building,"['Places', 'Structures', 'Building']",873,Places,4,0.23813617393858802,7,0.2871066135617343,4,0.23813617393858807,-1,
Building,"['Places', 'Structures', 'Building']",874,Places,4,0.24837818994603614,7,0.5056132679087504,4,0.24837818994603614,-1,
Building,"['Places', 'Structures', 'Building']",875,Places,1,0.23417314469676467,7,0.20776837311676385,1,0.23417314469676467,-1,
Building,"['Places', 'Structures', 'Building']",876,Places,1,0.2514926779566653,7,0.21363727690377254,1,0.25149267795666524,-1,
Building,"['Places', 'Structures', 'Building']",877,Places,4,0.2383968424860915,7,0.5019335046655755,4,0.2383968424860915,-1,
Building,"['Places', 'Structures', 'Building']",878,Places,4,0.23798214174715085,7,0.2117421482591351,4,0.23798214174715085,-1,
Building,"['Places', 'Structures', 'Building']",879,Places,1,0.23332700880376944,7,0.21002049117952162,1,0.23332700880376944,-1,
Building,"['Places', 'Structures', 'Building']",880,Places,4,0.2545774468175005,7,0.44981210062212157,4,0.25457744681750044,-1,
Building,"['Places', 'Structures', 'Building']",881,Places,4,0.2269412571186142,7,0.4968133071559069,4,0.22694125711861426,-1,
Building,"['Places', 'Structures', 'Building']",882,Places,1,0.22915955102975086,7,0.3841057527531126,1,0.22915955102975086,-1,
Building,"['Places', 'Structures', 'Building']",883,Places,1,0.23568040625173012,7,0.21475502501641386,1,0.23568040625173012,-1,
Building,"['Places', 'Structures', 'Building']",884,Places,4,0.3261150830533563,7,0.21793023133244138,4,0.3261150830533563,-1,
Building,"['Places', 'Structures', 'Building']",885,Places,4,0.25760075142163125,7,0.2819402451419796,4,0.25760075142163125,-1,
Building,"['Places', 'Structures', 'Building']",886,Places,4,0.24490170368189842,7,0.5305665413004469,4,0.24490170368189842,-1,
Building,"['Places', 'Structures', 'Building']",887,Places,4,0.23172330444398448,7,0.35323907686566025,4,0.23172330444398448,-1,
Building,"['Places', 'Structures', 'Building']",888,Places,4,0.22480667129138804,7,0.28886042101371423,4,0.22480667129138804,-1,
Building,"['Places', 'Structures', 'Building']",889,Places,4,0.23414103118784146,7,0.49387575934504313,4,0.23414103118784146,-1,
Building,"['Places', 'Structures', 'Building']",890,Places,4,0.2436039213159314,7,0.3713558802225076,4,0.24360392131593142,-1,
Building,"['Places', 'Structures', 'Building']",891,Places,4,0.22778682427440053,7,0.3635639993147721,4,0.22778682427440047,-1,
Building,"['Places', 'Structures', 'Building']",892,Places,4,0.2553354545960177,7,0.3884259470237638,4,0.25533545459601775,-1,
Building,"['Places', 'Structures', 'Building']",893,Places,3,0.21565789925309867,7,0.1776082452241784,3,0.21565789925309867,-1,
Building,"['Places', 'Structures', 'Building']",894,Places,4,0.2411730177641516,7,0.40484801746600496,4,0.2411730177641516,-1,
Building,"['Places', 'Structures', 'Building']",895,Places,1,0.2301331838573076,7,0.311607161026467,1,0.23013318385730758,-1,
Building,"['Places', 'Structures', 'Building']",896,Places,4,0.2387594995684618,7,0.45466039267106506,4,0.23875949956846185,-1,
Building,"['Places', 'Structures', 'Building']",897,Places,4,0.275221224153403,7,0.17508537058918874,4,0.275221224153403,-1,
Building,"['Places', 'Structures', 'Building']",898,Places,4,0.24070664744601014,7,0.4651759690913162,4,0.24070664744601014,-1,
Building,"['Places', 'Structures', 'Building']",899,Places,1,0.23915316591919109,7,0.17564467682371973,1,0.23915316591919109,-1,
Building,"['Places', 'Structures', 'Building']",900,Places,4,0.23207444928141222,7,0.44992976144913266,4,0.23207444928141222,-1,
Building,"['Places', 'Structures', 'Building']",901,Places,4,0.2534099569011157,7,0.3543021522038879,4,0.2534099569011157,-1,
Building,"['Places', 'Structures', 'Building']",902,Places,4,0.2477232767134665,7,0.4312664590504147,4,0.2477232767134665,-1,
Building,"['Places', 'Structures', 'Building']",903,Places,4,0.2524633601118719,7,0.19376288125565863,4,0.2524633601118719,-1,
Building,"['Places', 'Structures', 'Building']",904,Places,1,0.25002569251165174,7,0.269883781010683,1,0.25002569251165174,-1,
Building,"['Places', 'Structures', 'Building']",905,Places,4,0.22691231587736316,7,0.4301044222693542,4,0.2269123158773631,-1,
Building,"['Places', 'Structures', 'Building']",906,Places,4,0.24495619412406583,7,0.4790916503659668,4,0.24495619412406588,-1,
Building,"['Places', 'Structures', 'Building']",907,Places,4,0.2469065496070984,7,0.3402927877936618,4,0.2469065496070984,-1,
Building,"['Places', 'Structures', 'Building']",908,Places,4,0.2747353139730452,7,0.20541574542607058,4,0.27473531397304524,-1,
Building,"['Places', 'Structures', 'Building']",909,Places,1,0.2568076171525394,7,0.27968782341142906,1,0.2568076171525394,-1,
Building,"['Places', 'Structures', 'Building']",910,Places,4,0.23860371294809962,7,0.4694771293669789,4,0.23860371294809968,-1,
Building,"['Places', 'Structures', 'Building']",911,Places,1,0.23076542569280206,7,0.23273545202099566,1,0.23076542569280206,-1,
Building,"['Places', 'Structures', 'Building']",912,Places,4,0.24440723523227054,7,0.39082946894398385,4,0.24440723523227048,-1,
Building,"['Places', 'Structures', 'Building']",913,Places,4,0.23154987386698475,7,0.548905733785891,4,0.23154987386698475,-1,
Building,"['Places', 'Structures', 'Building']",914,Places,4,0.2530691021137444,7,0.41827597902644054,4,0.2530691021137444,-1,
Building,"['Places', 'Structures', 'Building']",915,Places,4,0.23719992125991698,7,0.4967784461215264,4,0.23719992125991698,-1,
Building,"['Places', 'Structures', 'Building']",916,Places,4,0.24491119478797344,7,0.49138388493732815,4,0.24491119478797338,-1,
Building,"['Places', 'Structures', 'Building']",917,Places,1,0.22309296408385498,7,0.3403955987012073,1,0.22309296408385498,-1,
Building,"['Places', 'Structures', 'Building']",918,Places,3,0.23346755274385073,7,0.16909791499666482,3,0.23346755274385073,-1,
Building,"['Places', 'Structures', 'Building']",919,Places,1,0.22453602050508162,7,0.30919077669393585,1,0.22453602050508162,-1,
Building,"['Places', 'Structures', 'Building']",920,Places,4,0.2470917568931659,7,0.5026899651091357,4,0.2470917568931659,-1,
Building,"['Places', 'Structures', 'Building']",921,Places,4,0.23302396397625055,7,0.49444944818982417,4,0.23302396397625055,-1,
Building,"['Places', 'Structures', 'Building']",922,Places,1,0.23967636351734847,7,0.21078145635844855,1,0.23967636351734842,-1,
Building,"['Places', 'Structures', 'Building']",923,Places,4,0.24060298907093924,7,0.502369476180364,4,0.2406029890709393,-1,
Building,"['Places', 'Structures', 'Building']",924,Places,4,0.24579114045967684,7,0.3504911088761485,4,0.24579114045967684,-1,
Building,"['Places', 'Structures', 'Building']",925,Places,1,0.227517394747571,7,0.23377827649512412,1,0.227517394747571,-1,
Building,"['Places', 'Structures', 'Building']",926,Places,4,0.23269856118805884,7,0.4877568466652725,4,0.23269856118805884,-1,
Building,"['Places', 'Structures', 'Building']",927,Places,1,0.24832935485668103,7,0.21357419784779072,1,0.24832935485668098,-1,
Building,"['Places', 'Structures', 'Building']",928,Places,4,0.23838335577699818,7,0.40007699074824543,4,0.23838335577699823,-1,
Building,"['Places', 'Structures', 'Building']",929,Places,4,0.2494755553137702,7,0.5396187614754938,4,0.2494755553137702,-1,
Building,"['Places', 'Structures', 'Building']",930,Places,1,0.23907367038308483,7,0.25852032302081773,1,0.23907367038308483,-1,
Building,"['Places', 'Structures', 'Building']",931,Places,4,0.23300707015132102,7,0.3893131079010202,4,0.23300707015132102,-1,
Building,"['Places', 'Structures', 'Building']",932,Places,4,0.23272158534432374,7,0.34302824132500875,4,0.23272158534432374,-1,
Building,"['Places', 'Structures', 'Building']",933,Places,4,0.2535192427145937,7,0.4005774129433579,4,0.25351924271459375,-1,
Building,"['Places', 'Structures', 'Building']",934,Places,4,0.24194564353427644,7,0.4216921026604766,4,0.24194564353427644,-1,
Building,"['Places', 'Structures', 'Building']",935,Places,4,0.23424264487858315,7,0.4865377667062146,4,0.2342426448785831,-1,
Building,"['Places', 'Structures', 'Building']",936,Places,4,0.2457531681942024,7,0.28182795409832523,4,0.2457531681942024,-1,
Building,"['Places', 'Structures', 'Building']",937,Places,1,0.2285215130249002,7,0.28027923364351137,1,0.2285215130249002,-1,
Building,"['Places', 'Structures', 'Building']",938,Places,4,0.25743293783911303,7,0.3167862387487432,4,0.257432937839113,-1,
Building,"['Places', 'Structures', 'Building']",939,Places,4,0.23493501981144294,7,0.23841765846061283,4,0.23493501981144294,-1,
Building,"['Places', 'Structures', 'Building']",940,Places,4,0.25068990107946837,7,0.5129864251774245,4,0.2506899010794683,-1,
Building,"['Places', 'Structures', 'Building']",941,Places,4,0.2430060426041004,7,0.32052067109828364,4,0.24300604260410044,-1,
Building,"['Places', 'Structures', 'Building']",942,Places,4,0.2525396079115536,7,0.5270316179214177,4,0.2525396079115536,-1,
Building,"['Places', 'Structures', 'Building']",943,Places,1,0.2575130930056913,7,0.15820055919674603,1,0.2575130930056913,-1,
Building,"['Places', 'Structures', 'Building']",944,Places,4,0.23790409141204374,7,0.39653422511993003,4,0.23790409141204374,-1,
Building,"['Places', 'Structures', 'Building']",945,Places,4,0.2307579462981429,7,0.4839462566815618,4,0.2307579462981429,-1,
Building,"['Places', 'Structures', 'Building']",946,Places,4,0.2523519982855178,7,0.2854556991304424,4,0.2523519982855178,-1,
Building,"['Places', 'Structures', 'Building']",947,Places,1,0.25043124142237766,7,0.16076616639714753,1,0.25043124142237766,-1,
Building,"['Places', 'Structures', 'Building']",948,Places,1,0.2460790875761871,1,0.14855677286339933,1,0.2460790875761871,-1,
Building,"['Places', 'Structures', 'Building']",949,Places,4,0.23909977877819746,7,0.4674014188318663,4,0.23909977877819746,-1,
Building,"['Places', 'Structures', 'Building']",950,Places,4,0.23370742900971053,7,0.47810703807235544,4,0.23370742900971053,-1,
Building,"['Places', 'Structures', 'Building']",951,Places,3,0.2416302823674445,7,0.16975879250174233,3,0.24163028236744444,-1,
Building,"['Places', 'Structures', 'Building']",952,Places,4,0.24585221510756555,7,0.41248260266318615,4,0.24585221510756555,-1,
Building,"['Places', 'Structures', 'Building']",953,Places,1,0.2314007369165319,7,0.21848712969367157,1,0.2314007369165319,-1,
Building,"['Places', 'Structures', 'Building']",954,Places,4,0.26081683693315094,7,0.48334954208251235,4,0.26081683693315094,-1,
Building,"['Places', 'Structures', 'Building']",955,Places,4,0.2575190185362768,7,0.21866885371249814,4,0.25751901853627684,-1,
Building,"['Places', 'Structures', 'Building']",956,Places,4,0.22658882632198457,7,0.37377613831071604,4,0.22658882632198457,-1,
Building,"['Places', 'Structures', 'Building']",957,Places,4,0.22450567514035805,7,0.3407364098205411,4,0.22450567514035805,-1,
Building,"['Places', 'Structures', 'Building']",958,Places,4,0.24083028782474084,7,0.228350688833145,4,0.2408302878247409,-1,
Building,"['Places', 'Structures', 'Building']",959,Places,0,0.2239152846850468,7,0.37544463951775364,0,0.2239152846850468,-1,
Building,"['Places', 'Structures', 'Building']",960,Places,4,0.25726070592627537,7,0.40531873552942227,4,0.2572607059262754,-1,
Building,"['Places', 'Structures', 'Building']",961,Places,4,0.24355891503183535,7,0.3017768037048324,4,0.24355891503183535,-1,
Building,"['Places', 'Structures', 'Building']",962,Places,1,0.2595245973234139,7,0.22976762693622627,1,0.2595245973234139,-1,
Building,"['Places', 'Structures', 'Building']",963,Places,4,0.24774340120200594,7,0.5226789201064651,4,0.24774340120200594,-1,
Building,"['Places', 'Structures', 'Building']",964,Places,1,0.24263824969639916,7,0.2519082384938861,1,0.2426382496963991,-1,
Building,"['Places', 'Structures', 'Building']",965,Places,4,0.2233494319744384,7,0.30628727671051714,4,0.22334943197443843,-1,
Building,"['Places', 'Structures', 'Building']",966,Places,4,0.22326034310818385,7,0.30822648247603995,4,0.22326034310818385,-1,
Building,"['Places', 'Structures', 'Building']",967,Places,4,0.2324018912690941,7,0.4025902181220016,4,0.2324018912690941,-1,
Building,"['Places', 'Structures', 'Building']",968,Places,3,0.227428252389892,7,0.14824498491012178,3,0.22742825238989195,-1,
Building,"['Places', 'Structures', 'Building']",969,Places,4,0.22253420316999595,7,0.32566292675397807,4,0.22253420316999598,-1,
Building,"['Places', 'Structures', 'Building']",970,Places,4,0.22480876387123835,7,0.4375666536890007,4,0.22480876387123835,-1,
Building,"['Places', 'Structures', 'Building']",971,Places,4,0.2240085038197957,7,0.3346096901489894,4,0.2240085038197957,-1,
Building,"['Places', 'Structures', 'Building']",972,Places,0,0.23407201885041717,7,0.24542146603142326,0,0.23407201885041717,-1,
Building,"['Places', 'Structures', 'Building']",973,Places,3,0.2445970164028961,7,0.21000774671050387,3,0.2445970164028961,-1,
Building,"['Places', 'Structures', 'Building']",974,Places,4,0.22540020599358132,7,0.31066881160709614,4,0.22540020599358132,-1,
Building,"['Places', 'Structures', 'Building']",975,Places,4,0.22681890863827048,7,0.4865176782458655,4,0.22681890863827048,-1,
Building,"['Places', 'Structures', 'Building']",976,Places,4,0.23608541668115565,7,0.40255137364804505,4,0.23608541668115576,-1,
Building,"['Places', 'Structures', 'Building']",977,Places,1,0.22889257338539915,7,0.3252282047583269,1,0.22889257338539915,-1,
Building,"['Places', 'Structures', 'Building']",978,Places,4,0.23894411500183826,7,0.3900045285775111,4,0.23894411500183826,-1,
Building,"['Places', 'Structures', 'Building']",979,Places,1,0.23642436288605476,7,0.24189691413124073,1,0.23642436288605476,-1,
Building,"['Places', 'Structures', 'Building']",980,Places,4,0.24568970843949234,7,0.516750759780578,4,0.24568970843949234,-1,
Building,"['Places', 'Structures', 'Building']",981,Places,4,0.2400399316791184,7,0.5643498267124545,4,0.2400399316791184,-1,
Building,"['Places', 'Structures', 'Building']",982,Places,4,0.24763541934261038,7,0.31093822442082136,4,0.24763541934261038,-1,
Building,"['Places', 'Structures', 'Building']",983,Places,4,0.252219092318844,7,0.47839149802833125,4,0.25221909231884404,-1,
Building,"['Places', 'Structures', 'Building']",984,Places,0,0.22965713322087042,7,0.4148346876476339,0,0.22965713322087042,-1,
Building,"['Places', 'Structures', 'Building']",985,Places,4,0.2296329788319395,7,0.17755481798571268,4,0.22963297883193953,-1,
Building,"['Places', 'Structures', 'Building']",986,Places,4,0.25824069393752447,7,0.438861934562718,4,0.25824069393752447,-1,
Building,"['Places', 'Structures', 'Building']",987,Places,4,0.23410471936448835,7,0.5342210645369633,4,0.23410471936448835,-1,
Building,"['Places', 'Structures', 'Building']",988,Places,4,0.23962874703236728,7,0.42714375360619594,4,0.23962874703236728,-1,
Building,"['Places', 'Structures', 'Building']",989,Places,1,0.23180903349358037,7,0.15485989621896024,1,0.23180903349358037,-1,
Building,"['Places', 'Structures', 'Building']",990,Places,4,0.2182274744655377,7,0.35934429237792787,4,0.2182274744655377,-1,
Building,"['Places', 'Structures', 'Building']",991,Places,3,0.23991919931037645,7,0.15722958139149243,3,0.2399191993103764,-1,
Building,"['Places', 'Structures', 'Building']",992,Places,4,0.2211913700500957,7,0.1889622240774955,4,0.22119137005009565,-1,
Building,"['Places', 'Structures', 'Building']",993,Places,1,0.25596931659477634,7,0.23190852354111283,1,0.25596931659477634,-1,
Building,"['Places', 'Structures', 'Building']",994,Places,0,0.21589835919192693,7,0.31434197006398223,0,0.21589835919192693,-1,
Building,"['Places', 'Structures', 'Building']",995,Places,3,0.2336796244997046,5,0.14911799758035607,3,0.23367962449970456,-1,
Building,"['Places', 'Structures', 'Building']",996,Places,1,0.23515193947749416,7,0.2832475343422605,1,0.23515193947749416,-1,
Building,"['Places', 'Structures', 'Building']",997,Places,4,0.2523357526894181,7,0.3413934223249089,4,0.2523357526894181,-1,
Building,"['Places', 'Structures', 'Building']",998,Places,4,0.21846927462157972,7,0.23828235381728696,4,0.21846927462157972,-1,
Building,"['Places', 'Structures', 'Building']",999,Places,1,0.24412313621360876,7,0.18876032361599415,1,0.24412313621360876,-1,
Company,"['Organizations', 'Business', 'Company']",1000,Organizations,0,0.31273522684446753,4,0.1798144042371651,0,0.3127352268444676,-1,
Company,"['Organizations', 'Business', 'Company']",1001,Organizations,4,0.29487400170522504,7,0.16540240424597075,4,0.29487400170522504,-1,
Company,"['Organizations', 'Business', 'Company']",1002,Organizations,3,0.26942441857163907,3,0.15920387123334273,3,0.26942441857163907,-1,
Company,"['Organizations', 'Business', 'Company']",1003,Organizations,1,0.2338428300122005,1,0.14681716293581656,1,0.23384283001220052,-1,
Company,"['Organizations', 'Business', 'Company']",1004,Organizations,0,0.23527165663092475,7,0.14986137361743954,0,0.23527165663092475,-1,
Company,"['Organizations', 'Business', 'Company']",1005,Organizations,4,0.31105600719754345,2,0.1890537171236689,4,0.31105600719754345,-1,
Company,"['Organizations', 'Business', 'Company']",1006,Organizations,3,0.22894002678812322,5,0.14819830805719297,3,0.22894002678812322,-1,
Company,"['Organizations', 'Business', 'Company']",1007,Organizations,4,0.29980183613801137,2,0.18626338271201806,4,0.29980183613801137,-1,
Company,"['Organizations', 'Business', 'Company']",1008,Organizations,3,0.2403724672840309,3,0.1443694770667142,3,0.2403724672840309,-1,
Company,"['Organizations', 'Business', 'Company']",1009,Organizations,4,0.24843735195599947,7,0.14416509998517185,4,0.24843735195599947,-1,
Company,"['Organizations', 'Business', 'Company']",1010,Organizations,4,0.24792272454801143,2,0.1556232453252723,4,0.24792272454801143,-1,
Company,"['Organizations', 'Business', 'Company']",1011,Organizations,4,0.3352401256549914,2,0.2029384173919318,4,0.3352401256549913,-1,
Company,"['Organizations', 'Business', 'Company']",1012,Organizations,4,0.27868061621426454,7,0.16517667331498495,4,0.27868061621426454,-1,
Company,"['Organizations', 'Business', 'Company']",1013,Organizations,0,0.23529670172021222,7,0.1542820287926255,0,0.23529670172021222,-1,
Company,"['Organizations', 'Business', 'Company']",1014,Organizations,4,0.22365261212032056,6,0.1376924937105159,4,0.22365261212032056,-1,
Company,"['Organizations', 'Business', 'Company']",1015,Organizations,0,0.22790807151901907,5,0.14330917589068215,0,0.22790807151901907,-1,
Company,"['Organizations', 'Business', 'Company']",1016,Organizations,4,0.3328200320969966,2,0.18648417862059166,4,0.3328200320969966,-1,
Company,"['Organizations', 'Business', 'Company']",1017,Organizations,0,0.22952176911742056,5,0.14175678688960508,0,0.22952176911742056,-1,
Company,"['Organizations', 'Business', 'Company']",1018,Organizations,0,0.24686885630532635,4,0.14853742223414637,0,0.24686885630532635,-1,
Company,"['Organizations', 'Business', 'Company']",1019,Organizations,0,0.21054285157567737,7,0.13439623095388467,0,0.21054285157567737,-1,
Company,"['Organizations', 'Business', 'Company']",1020,Organizations,1,0.23137309661911615,1,0.1422849363971835,1,0.23137309661911615,-1,
Company,"['Organizations', 'Business', 'Company']",1021,Organizations,4,0.36079600565334363,2,0.21565257424014403,4,0.36079600565334347,-1,
Company,"['Organizations', 'Business', 'Company']",1022,Organizations,0,0.22246603990566366,4,0.13582407473914843,0,0.22246603990566366,-1,
Company,"['Organizations', 'Business', 'Company']",1023,Organizations,4,0.25617521480967653,7,0.1647983723934403,4,0.2561752148096765,-1,
Company,"['Organizations', 'Business', 'Company']",1024,Organizations,4,0.22926202733930875,7,0.14780563722610318,4,0.2292620273393087,-1,
Company,"['Organizations', 'Business', 'Company']",1025,Organizations,4,0.2634034610572582,7,0.16924327403756814,4,0.2634034610572582,-1,
Company,"['Organizations', 'Business', 'Company']",1026,Organizations,4,0.23160440124828263,7,0.1478557806773725,4,0.23160440124828263,-1,
Company,"['Organizations', 'Business', 'Company']",1027,Organizations,0,0.22677940300576482,7,0.15051241654941494,0,0.22677940300576482,-1,
Company,"['Organizations', 'Business', 'Company']",1028,Organizations,4,0.23571357963968192,7,0.14477505979803404,4,0.23571357963968198,-1,
Company,"['Organizations', 'Business', 'Company']",1029,Organizations,4,0.2632025812264999,2,0.16096003816506524,4,0.2632025812265,-1,
Company,"['Organizations', 'Business', 'Company']",1030,Organizations,4,0.2388513671855252,7,0.1712816688330608,4,0.2388513671855252,-1,
Company,"['Organizations', 'Business', 'Company']",1031,Organizations,4,0.23145635518437838,7,0.15712084321391986,4,0.23145635518437843,-1,
Company,"['Organizations', 'Business', 'Company']",1032,Organizations,4,0.26447186101546977,7,0.2510342115709373,4,0.2644718610154697,-1,
Company,"['Organizations', 'Business', 'Company']",1033,Organizations,0,0.21812594151352965,5,0.1363209685830798,0,0.21812594151352965,-1,
Company,"['Organizations', 'Business', 'Company']",1034,Organizations,3,0.23991636106311545,6,0.14404594506352836,3,0.23991636106311545,-1,
Company,"['Organizations', 'Business', 'Company']",1035,Organizations,0,0.24254787445782824,7,0.16612749372716323,0,0.2425478744578282,-1,
Company,"['Organizations', 'Business', 'Company']",1036,Organizations,0,0.22988413285591117,5,0.15887079532459425,0,0.2298841328559111,-1,
Company,"['Organizations', 'Business', 'Company']",1037,Organizations,3,0.22560855891318296,3,0.14226320777058682,3,0.22560855891318296,-1,
Company,"['Organizations', 'Business', 'Company']",1038,Organizations,0,0.22741088212845142,7,0.14621859140171475,0,0.22741088212845142,-1,
Company,"['Organizations', 'Business', 'Company']",1039,Organizations,0,0.22451299699872743,5,0.13870000951402,0,0.22451299699872743,-1,
Company,"['Organizations', 'Business', 'Company']",1040,Organizations,4,0.31641201251295537,2,0.17045077883856957,4,0.31641201251295537,-1,
Company,"['Organizations', 'Business', 'Company']",1041,Organizations,4,0.21670214989802386,6,0.13971205039329856,4,0.21670214989802386,-1,
Company,"['Organizations', 'Business', 'Company']",1042,Organizations,4,0.2176009076582581,7,0.19787157650832468,4,0.2176009076582581,-1,
Company,"['Organizations', 'Business', 'Company']",1043,Organizations,2,0.21616532739468525,7,0.13949850714813564,2,0.21616532739468525,-1,
Company,"['Organizations', 'Business', 'Company']",1044,Organizations,4,0.264851345050055,7,0.17194967764189126,4,0.264851345050055,-1,
Company,"['Organizations', 'Business', 'Company']",1045,Organizations,0,0.22784727317297898,7,0.1491847830131292,0,0.22784727317297893,-1,
Company,"['Organizations', 'Business', 'Company']",1046,Organizations,0,0.21404731106439095,7,0.13527386213185696,0,0.21404731106439087,-1,
Company,"['Organizations', 'Business', 'Company']",1047,Organizations,4,0.24283721717186926,7,0.1585863717502175,4,0.24283721717186926,-1,
Company,"['Organizations', 'Business', 'Company']",1048,Organizations,0,0.24276517737404615,4,0.143052454274315,0,0.24276517737404615,-1,
Company,"['Organizations', 'Business', 'Company']",1049,Organizations,4,0.3348923860511314,2,0.2038628441799378,4,0.3348923860511315,-1,
Company,"['Organizations', 'Business', 'Company']",1050,Organizations,4,0.3221025621965121,2,0.1870705450359571,4,0.32210256219651207,-1,
Company,"['Organizations', 'Business', 'Company']",1051,Organizations,2,0.24318272523117446,6,0.14953768911321208,2,0.24318272523117446,-1,
Company,"['Organizations', 'Business', 'Company']",1052,Organizations,4,0.28826603513325977,2,0.16864775798375137,4,0.28826603513325977,-1,
Company,"['Organizations', 'Business', 'Company']",1053,Organizations,0,0.22069303027990206,4,0.13759587537983092,0,0.22069303027990206,-1,
Company,"['Organizations', 'Business', 'Company']",1054,Organizations,4,0.2406413981632709,7,0.1514164238979829,4,0.24064139816327085,-1,
Company,"['Organizations', 'Business', 'Company']",1055,Organizations,4,0.2241660255624444,2,0.14374135355891113,4,0.2241660255624444,-1,
Company,"['Organizations', 'Business', 'Company']",1056,Organizations,0,0.2373354565720949,7,0.14434062510347762,0,0.2373354565720949,-1,
Company,"['Organizations', 'Business', 'Company']",1057,Organizations,4,0.2189342614200025,7,0.14196215502819193,4,0.2189342614200025,-1,
Company,"['Organizations', 'Business', 'Company']",1058,Organizations,4,0.21696156543680745,0,0.13836884643770542,4,0.21696156543680745,-1,
Company,"['Organizations', 'Business', 'Company']",1059,Organizations,4,0.22745263343039304,7,0.14373710526727423,4,0.22745263343039304,-1,
Company,"['Organizations', 'Business', 'Company']",1060,Organizations,4,0.2902180094488053,2,0.17981360881831526,4,0.29021800944880527,-1,
Company,"['Organizations', 'Business', 'Company']",1061,Organizations,4,0.286575611279234,7,0.1649686328407817,4,0.28657561127923403,-1,
Company,"['Organizations', 'Business', 'Company']",1062,Organizations,0,0.24596925849893767,7,0.16579222731557783,0,0.24596925849893767,-1,
Company,"['Organizations', 'Business', 'Company']",1063,Organizations,4,0.21873403242946884,7,0.14856977538773464,4,0.21873403242946884,-1,
Company,"['Organizations', 'Business', 'Company']",1064,Organizations,4,0.32381398303429654,2,0.19310769729023403,4,0.32381398303429654,-1,
Company,"['Organizations', 'Business', 'Company']",1065,Organizations,0,0.27158818705877336,4,0.1605985545554229,0,0.27158818705877336,-1,
Company,"['Organizations', 'Business', 'Company']",1066,Organizations,4,0.2345476802126207,7,0.16759815087344582,4,0.23454768021262076,-1,
Company,"['Organizations', 'Business', 'Company']",1067,Organizations,4,0.21911393423795783,7,0.15672724127945986,4,0.21911393423795783,-1,
Company,"['Organizations', 'Business', 'Company']",1068,Organizations,0,0.24308967284195404,4,0.14718591465195877,0,0.24308967284195404,-1,
Company,"['Organizations', 'Business', 'Company']",1069,Organizations,4,0.24744566714468313,7,0.16388572702077345,4,0.24744566714468313,-1,
Company,"['Organizations', 'Business', 'Company']",1070,Organizations,4,0.31211803858532666,2,0.18332113276623796,4,0.31211803858532666,-1,
Company,"['Organizations', 'Business', 'Company']",1071,Organizations,4,0.24250576236768645,7,0.19464859190227607,4,0.2425057623676865,-1,
Company,"['Organizations', 'Business', 'Company']",1072,Organizations,4,0.3028402952566386,2,0.1621774583817709,4,0.3028402952566386,-1,
Company,"['Organizations', 'Business', 'Company']",1073,Organizations,4,0.25154500865948703,4,0.14481673093024205,4,0.25154500865948703,-1,
Company,"['Organizations', 'Business', 'Company']",1074,Organizations,4,0.23285105874194803,6,0.13987261291501465,4,0.23285105874194797,-1,
Company,"['Organizations', 'Business', 'Company']",1075,Organizations,1,0.23462716351684212,1,0.14409962020406974,1,0.23462716351684212,-1,
Company,"['Organizations', 'Business', 'Company']",1076,Organizations,2,0.23863869442813465,0,0.1510462168959524,2,0.2386386944281347,-1,
Company,"['Organizations', 'Business', 'Company']",1077,Organizations,4,0.30103628482841815,2,0.18384802868221012,4,0.3010362848284181,-1,
Company,"['Organizations', 'Business', 'Company']",1078,Organizations,4,0.24962252151997016,2,0.15666865992599174,4,0.24962252151997016,-1,
Company,"['Organizations', 'Business', 'Company']",1079,Organizations,2,0.23110610589102565,0,0.15094135170108777,2,0.23110610589102565,-1,
Company,"['Organizations', 'Business', 'Company']",1080,Organizations,4,0.30910765393926337,2,0.1893920075051558,4,0.3091076539392633,-1,
Company,"['Organizations', 'Business', 'Company']",1081,Organizations,2,0.2758297094155742,6,0.16307501200212987,2,0.2758297094155742,-1,
Company,"['Organizations', 'Business', 'Company']",1082,Organizations,0,0.21811549966029714,5,0.13483817151089403,0,0.21811549966029714,-1,
Company,"['Organizations', 'Business', 'Company']",1083,Organizations,3,0.2897711353806792,3,0.17549419050744317,3,0.2897711353806791,-1,
Company,"['Organizations', 'Business', 'Company']",1084,Organizations,4,0.278412737260061,2,0.1698913861801645,4,0.27841273726006094,-1,
Company,"['Organizations', 'Business', 'Company']",1085,Organizations,4,0.31228389328870276,2,0.18485181473244103,4,0.3122838932887027,-1,
Company,"['Organizations', 'Business', 'Company']",1086,Organizations,0,0.24577795349206863,4,0.14867134660351297,0,0.24577795349206863,-1,
Company,"['Organizations', 'Business', 'Company']",1087,Organizations,4,0.3140643861516251,2,0.18894137337088918,4,0.31406438615162513,-1,
Company,"['Organizations', 'Business', 'Company']",1088,Organizations,4,0.30602884351518006,7,0.1733157681259944,4,0.30602884351518006,-1,
Company,"['Organizations', 'Business', 'Company']",1089,Organizations,4,0.21912710802536378,7,0.1664377345663873,4,0.21912710802536378,-1,
Company,"['Organizations', 'Business', 'Company']",1090,Organizations,4,0.24345105618601182,6,0.15308583883669227,4,0.24345105618601182,-1,
Company,"['Organizations', 'Business', 'Company']",1091,Organizations,3,0.21327615029483638,5,0.13826166387190772,3,0.21327615029483638,-1,
Company,"['Organizations', 'Business', 'Company']",1092,Organizations,4,0.2535596501756689,7,0.1577212487831129,4,0.25355965017566884,-1,
Company,"['Organizations', 'Business', 'Company']",1093,Organizations,0,0.2986917024747742,4,0.18898523227922698,0,0.29869170247477433,-1,
Company,"['Organizations', 'Business', 'Company']",1094,Organizations,2,0.2416471362913365,0,0.1533776129565915,2,0.24164713629133655,-1,
Company,"['Organizations', 'Business', 'Company']",1095,Organizations,0,0.23114212545740362,4,0.1401761031388685,0,0.23114212545740356,-1,
Company,"['Organizations', 'Business', 'Company']",1096,Organizations,1,0.2133567104967633,6,0.13955438558828862,1,0.2133567104967633,-1,
Company,"['Organizations', 'Business', 'Company']",1097,Organizations,4,0.3051870623840678,2,0.18223118717654704,4,0.3051870623840678,-1,
Company,"['Organizations', 'Business', 'Company']",1098,Organizations,4,0.3004216929785043,2,0.17630270151329341,4,0.30042169297850424,-1,
Company,"['Organizations', 'Business', 'Company']",1099,Organizations,3,0.23691852909755817,7,0.1505154405708826,3,0.23691852909755817,-1,
Company,"['Organizations', 'Business', 'Company']",1100,Organizations,4,0.2882986119029522,2,0.18736997433674543,4,0.2882986119029522,-1,
Company,"['Organizations', 'Business', 'Company']",1101,Organizations,4,0.25197848775637477,5,0.16025603917772885,4,0.25197848775637477,-1,
Company,"['Organizations', 'Business', 'Company']",1102,Organizations,4,0.24309226441769544,2,0.1477535153110103,4,0.24309226441769544,-1,
Company,"['Organizations', 'Business', 'Company']",1103,Organizations,0,0.2694697756277723,4,0.16120587345010856,0,0.26946977562777236,-1,
Company,"['Organizations', 'Business', 'Company']",1104,Organizations,0,0.23909085060174964,7,0.14829039603925154,0,0.23909085060174964,-1,
Company,"['Organizations', 'Business', 'Company']",1105,Organizations,4,0.2515769344411115,7,0.15542853585425084,4,0.2515769344411115,-1,
Company,"['Organizations', 'Business', 'Company']",1106,Organizations,3,0.24605921955470392,3,0.1462405435662573,3,0.24605921955470392,-1,
Company,"['Organizations', 'Business', 'Company']",1107,Organizations,4,0.27033436215006806,7,0.1608043454748859,4,0.27033436215006806,-1,
Company,"['Organizations', 'Business', 'Company']",1108,Organizations,4,0.25410474473764316,2,0.15741953312525878,4,0.25410474473764316,-1,
Company,"['Organizations', 'Business', 'Company']",1109,Organizations,2,0.23931920075454058,0,0.15551863830526946,2,0.23931920075454058,-1,
Company,"['Organizations', 'Business', 'Company']",1110,Organizations,2,0.2484456333487553,0,0.14554002517505996,2,0.2484456333487553,-1,
Company,"['Organizations', 'Business', 'Company']",1111,Organizations,0,0.2261314437823541,7,0.1510536406513088,0,0.2261314437823541,-1,
Company,"['Organizations', 'Business', 'Company']",1112,Organizations,3,0.21424489311352538,7,0.14755656633753486,3,0.21424489311352538,-1,
Company,"['Organizations', 'Business', 'Company']",1113,Organizations,0,0.21291768444405912,7,0.13735557750123176,0,0.21291768444405912,-1,
Company,"['Organizations', 'Business', 'Company']",1114,Organizations,0,0.25405105373043874,4,0.15493202235292786,0,0.25405105373043874,-1,
Company,"['Organizations', 'Business', 'Company']",1115,Organizations,4,0.2640883425437687,2,0.1614915852281576,4,0.2640883425437687,-1,
Company,"['Organizations', 'Business', 'Company']",1116,Organizations,1,0.22064871601627387,7,0.14016715424943055,1,0.22064871601627387,-1,
Company,"['Organizations', 'Business', 'Company']",1117,Organizations,2,0.2579000056624534,0,0.14658059806785123,2,0.2579000056624534,-1,
Company,"['Organizations', 'Business', 'Company']",1118,Organizations,0,0.21789285744836262,6,0.1330895312534133,0,0.2178928574483626,-1,
Company,"['Organizations', 'Business', 'Company']",1119,Organizations,0,0.23890459818760487,4,0.14853211784609285,0,0.23890459818760487,-1,
Company,"['Organizations', 'Business', 'Company']",1120,Organizations,2,0.227234213156822,7,0.1517257512398844,2,0.22723421315682205,-1,
Company,"['Organizations', 'Business', 'Company']",1121,Organizations,4,0.251637450403622,7,0.17545866897794138,4,0.251637450403622,-1,
Company,"['Organizations', 'Business', 'Company']",1122,Organizations,4,0.27977536524771657,2,0.16004549933601608,4,0.27977536524771657,-1,
Company,"['Organizations', 'Business', 'Company']",1123,Organizations,4,0.2117956940995494,2,0.13430459945969642,4,0.2117956940995494,-1,
Company,"['Organizations', 'Business', 'Company']",1124,Organizations,3,0.24951185055529615,3,0.15031193105947677,3,0.24951185055529615,-1,
Company,"['Organizations', 'Business', 'Company']",1125,Organizations,0,0.23827404440149677,7,0.1472286989290533,0,0.23827404440149677,-1,
Company,"['Organizations', 'Business', 'Company']",1126,Organizations,4,0.23758794938104322,7,0.14565386123606175,4,0.23758794938104322,-1,
Company,"['Organizations', 'Business', 'Company']",1127,Organizations,3,0.23209388301056735,7,0.14743797970929542,3,0.23209388301056735,-1,
Company,"['Organizations', 'Business', 'Company']",1128,Organizations,4,0.24660046759244447,2,0.14734059945089065,4,0.24660046759244447,-1,
Company,"['Organizations', 'Business', 'Company']",1129,Organizations,2,0.21076216698112793,7,0.1365725092174037,2,0.21076216698112793,-1,
Company,"['Organizations', 'Business', 'Company']",1130,Organizations,4,0.2810211289814455,7,0.17933387589601243,4,0.28102112898144554,-1,
Company,"['Organizations', 'Business', 'Company']",1131,Organizations,4,0.21693038392469033,6,0.15589049858847756,4,0.21693038392469033,-1,
Company,"['Organizations', 'Business', 'Company']",1132,Organizations,3,0.24252265331400122,3,0.15381048808710426,3,0.24252265331400116,-1,
Company,"['Organizations', 'Business', 'Company']",1133,Organizations,4,0.20587105462014393,7,0.15367034940112553,4,0.20587105462014388,-1,
Company,"['Organizations', 'Business', 'Company']",1134,Organizations,2,0.21300100656348722,7,0.14384782901193896,2,0.21300100656348722,-1,
Company,"['Organizations', 'Business', 'Company']",1135,Organizations,4,0.25106114636178545,5,0.1450864483016903,4,0.25106114636178545,-1,
Company,"['Organizations', 'Business', 'Company']",1136,Organizations,4,0.27953671267227853,2,0.17087757611662668,4,0.27953671267227853,-1,
Company,"['Organizations', 'Business', 'Company']",1137,Organizations,4,0.2506860026136556,7,0.16969740852648663,4,0.2506860026136556,-1,
Company,"['Organizations', 'Business', 'Company']",1138,Organizations,4,0.2716970633231931,7,0.17867564208565143,4,0.2716970633231931,-1,
Company,"['Organizations', 'Business', 'Company']",1139,Organizations,0,0.2621715019073504,7,0.1708333952900194,0,0.2621715019073503,-1,
Company,"['Organizations', 'Business', 'Company']",1140,Organizations,4,0.26413814300402894,7,0.16374995363400469,4,0.26413814300402894,-1,
Company,"['Organizations', 'Business', 'Company']",1141,Organizations,4,0.2318662811591622,7,0.17134809460205766,4,0.2318662811591622,-1,
Company,"['Organizations', 'Business', 'Company']",1142,Organizations,1,0.28248859352286204,1,0.17794414996726063,1,0.28248859352286204,-1,
Company,"['Organizations', 'Business', 'Company']",1143,Organizations,4,0.23013705606467388,7,0.16510690795854888,4,0.23013705606467388,-1,
Company,"['Organizations', 'Business', 'Company']",1144,Organizations,4,0.23220614160186126,7,0.16074704465486184,4,0.23220614160186126,-1,
Company,"['Organizations', 'Business', 'Company']",1145,Organizations,0,0.22561011117586294,6,0.1543885304248876,0,0.22561011117586288,-1,
Company,"['Organizations', 'Business', 'Company']",1146,Organizations,4,0.2433538768003009,2,0.15318824854530902,4,0.2433538768003009,-1,
Company,"['Organizations', 'Business', 'Company']",1147,Organizations,4,0.27397733800300705,2,0.1579478971148715,4,0.27397733800300705,-1,
Company,"['Organizations', 'Business', 'Company']",1148,Organizations,0,0.2381678336942272,7,0.15516446298762948,0,0.23816783369422714,-1,
Company,"['Organizations', 'Business', 'Company']",1149,Organizations,4,0.31700205882954424,2,0.1863848726065646,4,0.3170020588295442,-1,
Company,"['Organizations', 'Business', 'Company']",1150,Organizations,4,0.2844817464311703,2,0.15524030649562046,4,0.2844817464311703,-1,
Company,"['Organizations', 'Business', 'Company']",1151,Organizations,4,0.26398127369049157,2,0.15657676868581574,4,0.26398127369049157,-1,
Company,"['Organizations', 'Business', 'Company']",1152,Organizations,4,0.2897981924801629,2,0.18024494759892368,4,0.28979819248016286,-1,
Company,"['Organizations', 'Business', 'Company']",1153,Organizations,4,0.27172514710869466,7,0.16582419803404858,4,0.27172514710869466,-1,
Company,"['Organizations', 'Business', 'Company']",1154,Organizations,2,0.2289399956973579,0,0.14158880588029377,2,0.2289399956973579,-1,
Company,"['Organizations', 'Business', 'Company']",1155,Organizations,3,0.2649474710404501,3,0.16123779903622612,3,0.2649474710404501,-1,
Company,"['Organizations', 'Business', 'Company']",1156,Organizations,4,0.2129300579102875,6,0.144564371751652,4,0.2129300579102875,-1,
Company,"['Organizations', 'Business', 'Company']",1157,Organizations,0,0.221522467835595,7,0.14110361250429412,0,0.221522467835595,-1,
Company,"['Organizations', 'Business', 'Company']",1158,Organizations,4,0.25895041964795373,2,0.15661663428610192,4,0.25895041964795373,-1,
Company,"['Organizations', 'Business', 'Company']",1159,Organizations,2,0.22592278701890145,6,0.17609157306779064,2,0.22592278701890145,-1,
Company,"['Organizations', 'Business', 'Company']",1160,Organizations,4,0.2838590062253263,2,0.18084837433329043,4,0.2838590062253263,-1,
Company,"['Organizations', 'Business', 'Company']",1161,Organizations,4,0.24073113748844147,2,0.14292729702995002,4,0.24073113748844147,-1,
Company,"['Organizations', 'Business', 'Company']",1162,Organizations,4,0.2609362451966706,2,0.14755311485983427,4,0.2609362451966706,-1,
Company,"['Organizations', 'Business', 'Company']",1163,Organizations,4,0.23905416955698663,7,0.19902966367371203,4,0.23905416955698663,-1,
Company,"['Organizations', 'Business', 'Company']",1164,Organizations,3,0.23122049320147384,3,0.1448179238802126,3,0.2312204932014739,-1,
Company,"['Organizations', 'Business', 'Company']",1165,Organizations,0,0.2326851215292799,4,0.1425890576276267,0,0.2326851215292799,-1,
Company,"['Organizations', 'Business', 'Company']",1166,Organizations,4,0.352763935633603,2,0.2082187421556908,4,0.35276393563360287,-1,
EducationalInstitution,"['Organizations', 'Education', 'EducationalInstitution']",1167,Organizations,0,0.2093476327390896,7,0.1449136336339544,0,0.2093476327390896,-1,
EducationalInstitution,"['Organizations', 'Education', 'EducationalInstitution']",1168,Organizations,0,0.2143847346320963,7,0.14366431932127202,0,0.2143847346320963,-1,
EducationalInstitution,"['Organizations', 'Education', 'EducationalInstitution']",1169,Organizations,3,0.4047434729848469,3,0.26592021061948157,3,0.40474347298484675,-1,
EducationalInstitution,"['Organizations', 'Education', 'EducationalInstitution']",1170,Organizations,3,0.2580251417628943,3,0.15518023743450718,3,0.25802514176289426,-1,
EducationalInstitution,"['Organizations', 'Education', 'EducationalInstitution']",1171,Organizations,3,0.23229652116963012,3,0.13827697623727217,3,0.23229652116963007,-1,
EducationalInstitution,"['Organizations', 'Education', 'EducationalInstitution']",1172,Organizations,3,0.22131402905043362,7,0.1498522553077981,3,0.22131402905043362,-1,
EducationalInstitution,"['Organizations', 'Education', 'EducationalInstitution']",1173,Organizations,3,0.22270842774062413,7,0.13759575114387138,3,0.22270842774062408,-1,
EducationalInstitution,"['Organizations', 'Education', 'EducationalInstitution']",1174,Organizations,3,0.2368687583400283,7,0.1551607548453274,3,0.2368687583400283,-1,
EducationalInstitution,"['Organizations', 'Education', 'EducationalInstitution']",1175,Organizations,3,0.2594883737432327,6,0.17498185736074878,3,0.2594883737432327,-1,
EducationalInstitution,"['Organizations', 'Education', 'EducationalInstitution']",1176,Organizations,3,0.3278095776815069,3,0.2013888552195885,3,0.3278095776815068,-1,
EducationalInstitution,"['Organizations', 'Education', 'EducationalInstitution']",1177,Organizations,0,0.23078893968953143,6,0.13953732343327466,0,0.2307889396895314,-1,
EducationalInstitution,"['Organizations', 'Education', 'EducationalInstitution']",1178,Organizations,4,0.2192911682989139,7,0.17767993045483385,4,0.21929116829891396,-1,
EducationalInstitution,"['Organizations', 'Education', 'EducationalInstitution']",1179,Organizations,0,0.20572676672352264,7,0.15899799980185578,0,0.20572676672352264,-1,
EducationalInstitution,"['Organizations', 'Education', 'EducationalInstitution']",1180,Organizations,3,0.22142920306388053,6,0.15808032561292984,3,0.22142920306388053,-1,
EducationalInstitution,"['Organizations', 'Education', 'EducationalInstitution']",1181,Organizations,0,0.2536426467851265,7,0.16998956412367514,0,0.25364264678512644,-1,
EducationalInstitution,"['Organizations', 'Education', 'EducationalInstitution']",1182,Organizations,0,0.22661965493760503,7,0.161703734512474,0,0.22661965493760503,-1,
EducationalInstitution,"['Organizations', 'Education', 'EducationalInstitution']",1183,Organizations,0,0.22620836372836298,7,0.15608097377311922,0,0.22620836372836298,-1,
EducationalInstitution,"['Organizations', 'Education', 'EducationalInstitution']",1184,Organizations,0,0.215715675255153,7,0.14082254239447012,0,0.21571567525515295,-1,
EducationalInstitution,"['Organizations', 'Education', 'EducationalInstitution']",1185,Organizations,0,0.22441827728008187,7,0.14957409849685896,0,0.22441827728008187,-1,
EducationalInstitution,"['Organizations', 'Education', 'EducationalInstitution']",1186,Organizations,4,0.2281362514578645,7,0.14641506877749325,4,0.2281362514578645,-1,
EducationalInstitution,"['Organizations', 'Education', 'EducationalInstitution']",1187,Organizations,0,0.24279392801216695,4,0.15009446110327798,0,0.2427939280121669,-1,
EducationalInstitution,"['Organizations', 'Education', 'EducationalInstitution']",1188,Organizations,2,0.21933449765737917,7,0.1548586977777818,2,0.21933449765737917,-1,
EducationalInstitution,"['Organizations', 'Education', 'EducationalInstitution']",1189,Organizations,0,0.23059388633605532,7,0.15154429960938923,0,0.23059388633605532,-1,
EducationalInstitution,"['Organizations', 'Education', 'EducationalInstitution']",1190,Organizations,4,0.2162098023338242,7,0.17479578958455766,4,0.2162098023338242,-1,
EducationalInstitution,"['Organizations', 'Education', 'EducationalInstitution']",1191,Organizations,2,0.21903014480917105,7,0.15484084481397725,2,0.2190301448091711,-1,
EducationalInstitution,"['Organizations', 'Education', 'EducationalInstitution']",1192,Organizations,3,0.26395326432025723,3,0.16346805022842636,3,0.2639532643202571,-1,
EducationalInstitution,"['Organizations', 'Education', 'EducationalInstitution']",1193,Organizations,3,0.2455769051041404,6,0.17345543488665813,3,0.2455769051041404,-1,
EducationalInstitution,"['Organizations', 'Education', 'EducationalInstitution']",1194,Organizations,3,0.22743633922371295,6,0.15073919096811236,3,0.22743633922371295,-1,
EducationalInstitution,"['Organizations', 'Education', 'EducationalInstitution']",1195,Organizations,0,0.21295222930556706,7,0.14210122857067348,0,0.21295222930556706,-1,
EducationalInstitution,"['Organizations', 'Education', 'EducationalInstitution']",1196,Organizations,3,0.26038482729066664,3,0.16058710814509072,3,0.26038482729066664,-1,
EducationalInstitution,"['Organizations', 'Education', 'EducationalInstitution']",1197,Organizations,3,0.22245927209030406,7,0.13746068420123825,3,0.22245927209030403,-1,
EducationalInstitution,"['Organizations', 'Education', 'EducationalInstitution']",1198,Organizations,0,0.23179547008891668,7,0.1816638311186753,0,0.23179547008891668,-1,
EducationalInstitution,"['Organizations', 'Education', 'EducationalInstitution']",1199,Organizations,2,0.23486196564264084,6,0.21080832568743915,2,0.2348619656426409,-1,
EducationalInstitution,"['Organizations', 'Education', 'EducationalInstitution']",1200,Organizations,0,0.24217478658989078,6,0.15832511407817834,0,0.24217478658989078,-1,
EducationalInstitution,"['Organizations', 'Education', 'EducationalInstitution']",1201,Organizations,0,0.2592428394223189,4,0.1610902751244422,0,0.2592428394223189,-1,
EducationalInstitution,"['Organizations', 'Education', 'EducationalInstitution']",1202,Organizations,3,0.2210030685419061,6,0.16569504723510436,3,0.2210030685419061,-1,
EducationalInstitution,"['Organizations', 'Education', 'EducationalInstitution']",1203,Organizations,0,0.22971966194439028,4,0.14019452875329771,0,0.22971966194439022,-1,
EducationalInstitution,"['Organizations', 'Education', 'EducationalInstitution']",1204,Organizations,3,0.25508467535933294,3,0.15656007724194404,3,0.25508467535933294,-1,
EducationalInstitution,"['Organizations', 'Education', 'EducationalInstitution']",1205,Organizations,3,0.22007715075141598,3,0.1361164438762404,3,0.22007715075141598,-1,
EducationalInstitution,"['Organizations', 'Education', 'EducationalInstitution']",1206,Organizations,3,0.21812550033307815,7,0.14595136304033798,3,0.21812550033307812,-1,
EducationalInstitution,"['Organizations', 'Education', 'EducationalInstitution']",1207,Organizations,0,0.22670172310411985,7,0.1396616665657485,0,0.22670172310411985,-1,
EducationalInstitution,"['Organizations', 'Education', 'EducationalInstitution']",1208,Organizations,3,0.24848307837221373,3,0.14952355748563304,3,0.24848307837221373,-1,
EducationalInstitution,"['Organizations', 'Education', 'EducationalInstitution']",1209,Organizations,0,0.22401235444937923,7,0.17309231639055375,0,0.22401235444937923,-1,
EducationalInstitution,"['Organizations', 'Education', 'EducationalInstitution']",1210,Organizations,0,0.21843580545778982,7,0.1405413758412039,0,0.21843580545778982,-1,
EducationalInstitution,"['Organizations', 'Education', 'EducationalInstitution']",1211,Organizations,3,0.26704362270550785,3,0.1568448908636344,3,0.26704362270550785,-1,
EducationalInstitution,"['Organizations', 'Education', 'EducationalInstitution']",1212,Organizations,0,0.24501921521032108,4,0.14943107086593035,0,0.24501921521032108,-1,
EducationalInstitution,"['Organizations', 'Education', 'EducationalInstitution']",1213,Organizations,3,0.21920277496456753,7,0.16065315368260938,3,0.21920277496456744,-1,
EducationalInstitution,"['Organizations', 'Education', 'EducationalInstitution']",1214,Organizations,0,0.21654039304749448,7,0.15919863880909335,0,0.21654039304749448,-1,
EducationalInstitution,"['Organizations', 'Education', 'EducationalInstitution']",1215,Organizations,3,0.39823256311321914,3,0.25810129766125184,3,0.39823256311321914,-1,
EducationalInstitution,"['Organizations', 'Education', 'EducationalInstitution']",1216,Organizations,3,0.23600801197120538,6,0.14131757060555306,3,0.23600801197120533,-1,
EducationalInstitution,"['Organizations', 'Education', 'EducationalInstitution']",1217,Organizations,3,0.2669252156446939,3,0.16209728920641728,3,0.26692521564469396,-1,
EducationalInstitution,"['Organizations', 'Education', 'EducationalInstitution']",1218,Organizations,3,0.21701990847697802,6,0.16458686926599733,3,0.21701990847697802,-1,
EducationalInstitution,"['Organizations', 'Education', 'EducationalInstitution']",1219,Organizations,3,0.263198488460235,3,0.16017502117747098,3,0.263198488460235,-1,
EducationalInstitution,"['Organizations', 'Education', 'EducationalInstitution']",1220,Organizations,3,0.2829374706240372,3,0.1708567020032254,3,0.2829374706240372,-1,
EducationalInstitution,"['Organizations', 'Education', 'EducationalInstitution']",1221,Organizations,3,0.2388111326837067,3,0.14470096294359736,3,0.2388111326837067,-1,
EducationalInstitution,"['Organizations', 'Education', 'EducationalInstitution']",1222,Organizations,3,0.24288227261882397,6,0.17845811212388274,3,0.24288227261882392,-1,
EducationalInstitution,"['Organizations', 'Education', 'EducationalInstitution']",1223,Organizations,3,0.21804632478159394,7,0.14830435080208332,3,0.21804632478159394,-1,
EducationalInstitution,"['Organizations', 'Education', 'EducationalInstitution']",1224,Organizations,3,0.2768512451822533,3,0.16249198521438687,3,0.27685124518225324,-1,
EducationalInstitution,"['Organizations', 'Education', 'EducationalInstitution']",1225,Organizations,3,0.2221648179519728,3,0.13593270797997428,3,0.22216481795197274,-1,
EducationalInstitution,"['Organizations', 'Education', 'EducationalInstitution']",1226,Organizations,3,0.2195905429579486,6,0.17991208922966143,3,0.2195905429579486,-1,
EducationalInstitution,"['Organizations', 'Education', 'EducationalInstitution']",1227,Organizations,0,0.23273981445875017,7,0.15395070425926535,0,0.23273981445875017,-1,
EducationalInstitution,"['Organizations', 'Education', 'EducationalInstitution']",1228,Organizations,3,0.23685413402700706,6,0.2073703917302481,3,0.23685413402700703,-1,
EducationalInstitution,"['Organizations', 'Education', 'EducationalInstitution']",1229,Organizations,0,0.21807233987091917,7,0.13968732092923702,0,0.21807233987091912,-1,
EducationalInstitution,"['Organizations', 'Education', 'EducationalInstitution']",1230,Organizations,0,0.21796071409196274,7,0.15393930525730207,0,0.21796071409196274,-1,
EducationalInstitution,"['Organizations', 'Education', 'EducationalInstitution']",1231,Organizations,2,0.21037305599602707,7,0.1479226256027798,2,0.21037305599602707,-1,
EducationalInstitution,"['Organizations', 'Education', 'EducationalInstitution']",1232,Organizations,3,0.2503871316744134,3,0.14745260145607503,3,0.2503871316744134,-1,
EducationalInstitution,"['Organizations', 'Education', 'EducationalInstitution']",1233,Organizations,3,0.21536065411466257,6,0.1790455225908465,3,0.21536065411466257,-1,
EducationalInstitution,"['Organizations', 'Education', 'EducationalInstitution']",1234,Organizations,3,0.23504990382033855,7,0.13922967722795715,3,0.23504990382033855,-1,
EducationalInstitution,"['Organizations', 'Education', 'EducationalInstitution']",1235,Organizations,3,0.22606067658256251,7,0.14143616405611875,3,0.22606067658256251,-1,
EducationalInstitution,"['Organizations', 'Education', 'EducationalInstitution']",1236,Organizations,3,0.2304150074365164,7,0.1589328721020931,3,0.23041500743651636,-1,
EducationalInstitution,"['Organizations', 'Education', 'EducationalInstitution']",1237,Organizations,3,0.2921159364167859,3,0.18613773980875709,3,0.2921159364167859,-1,
EducationalInstitution,"['Organizations', 'Education', 'EducationalInstitution']",1238,Organizations,3,0.2202663040068879,7,0.15544473459719785,3,0.2202663040068879,-1,
EducationalInstitution,"['Organizations', 'Education', 'EducationalInstitution']",1239,Organizations,3,0.21711838860223237,7,0.1472470222112281,3,0.21711838860223232,-1,
EducationalInstitution,"['Organizations', 'Education', 'EducationalInstitution']",1240,Organizations,3,0.21979771743873083,7,0.15489301645865255,3,0.21979771743873078,-1,
EducationalInstitution,"['Organizations', 'Education', 'EducationalInstitution']",1241,Organizations,4,0.2208160587926734,7,0.14924692877962956,4,0.22081605879267346,-1,
EducationalInstitution,"['Organizations', 'Education', 'EducationalInstitution']",1242,Organizations,0,0.2222938274833482,7,0.14278416329327395,0,0.2222938274833482,-1,
EducationalInstitution,"['Organizations', 'Education', 'EducationalInstitution']",1243,Organizations,0,0.2119577851933552,7,0.13960708681096023,0,0.2119577851933552,-1,
EducationalInstitution,"['Organizations', 'Education', 'EducationalInstitution']",1244,Organizations,2,0.21112228117703316,7,0.17490370218649687,2,0.21112228117703316,-1,
EducationalInstitution,"['Organizations', 'Education', 'EducationalInstitution']",1245,Organizations,3,0.22645066087202093,7,0.14794929724560477,3,0.22645066087202087,-1,
EducationalInstitution,"['Organizations', 'Education', 'EducationalInstitution']",1246,Organizations,3,0.26018465147188674,3,0.15734987279726365,3,0.26018465147188674,-1,
EducationalInstitution,"['Organizations', 'Education', 'EducationalInstitution']",1247,Organizations,0,0.21857132359716214,7,0.14926644204063383,0,0.21857132359716214,-1,
EducationalInstitution,"['Organizations', 'Education', 'EducationalInstitution']",1248,Organizations,0,0.22122629327454735,7,0.13951370267698998,0,0.22122629327454735,-1,
EducationalInstitution,"['Organizations', 'Education', 'EducationalInstitution']",1249,Organizations,4,0.20892501257271803,7,0.16299698633548124,4,0.20892501257271803,-1,
EducationalInstitution,"['Organizations', 'Education', 'EducationalInstitution']",1250,Organizations,0,0.22278695604990645,7,0.15251432325033853,0,0.2227869560499065,-1,
EducationalInstitution,"['Organizations', 'Education', 'EducationalInstitution']",1251,Organizations,3,0.2467110176583561,6,0.16100585254190686,3,0.24671101765835604,-1,
EducationalInstitution,"['Organizations', 'Education', 'EducationalInstitution']",1252,Organizations,0,0.21319563873326478,7,0.14925824347938654,0,0.21319563873326478,-1,
EducationalInstitution,"['Organizations', 'Education', 'EducationalInstitution']",1253,Organizations,3,0.23212532283622456,6,0.15300008004407523,3,0.23212532283622453,-1,
EducationalInstitution,"['Organizations', 'Education', 'EducationalInstitution']",1254,Organizations,4,0.21343550601838562,7,0.14137018600214446,4,0.21343550601838562,-1,
EducationalInstitution,"['Organizations', 'Education', 'EducationalInstitution']",1255,Organizations,1,0.21744788804838197,7,0.19479546625515037,1,0.21744788804838197,-1,
EducationalInstitution,"['Organizations', 'Education', 'EducationalInstitution']",1256,Organizations,0,0.2193531649711934,7,0.14022877619387453,0,0.2193531649711934,-1,
EducationalInstitution,"['Organizations', 'Education', 'EducationalInstitution']",1257,Organizations,0,0.21403461879946772,7,0.15855227678293665,0,0.21403461879946767,-1,
EducationalInstitution,"['Organizations', 'Education', 'EducationalInstitution']",1258,Organizations,0,0.25963471312900044,4,0.15894183678490584,0,0.25963471312900044,-1,
EducationalInstitution,"['Organizations', 'Education', 'EducationalInstitution']",1259,Organizations,3,0.26354013403044835,3,0.1547822328280104,3,0.26354013403044835,-1,
EducationalInstitution,"['Organizations', 'Education', 'EducationalInstitution']",1260,Organizations,3,0.26245706802943225,3,0.1565633546198782,3,0.26245706802943225,-1,
EducationalInstitution,"['Organizations', 'Education', 'EducationalInstitution']",1261,Organizations,4,0.24493564190746525,7,0.1721012346369683,4,0.2449356419074652,-1,
EducationalInstitution,"['Organizations', 'Education', 'EducationalInstitution']",1262,Organizations,3,0.24451244149279794,6,0.1549949340224744,3,0.24451244149279794,-1,
EducationalInstitution,"['Organizations', 'Education', 'EducationalInstitution']",1263,Organizations,0,0.2090906441270715,7,0.16369742981562072,0,0.2090906441270715,-1,
EducationalInstitution,"['Organizations', 'Education', 'EducationalInstitution']",1264,Organizations,3,0.236070309609446,3,0.14173370867095164,3,0.236070309609446,-1,
EducationalInstitution,"['Organizations', 'Education', 'EducationalInstitution']",1265,Organizations,0,0.21766344336834761,7,0.14961633275670966,0,0.2176634433683476,-1,
EducationalInstitution,"['Organizations', 'Education', 'EducationalInstitution']",1266,Organizations,0,0.2327149076999537,7,0.1599748587151906,0,0.23271490769995376,-1,
EducationalInstitution,"['Organizations', 'Education', 'EducationalInstitution']",1267,Organizations,2,0.21757686458093617,7,0.1468045307973699,2,0.21757686458093617,-1,
EducationalInstitution,"['Organizations', 'Education', 'EducationalInstitution']",1268,Organizations,3,0.24100049861956643,3,0.1431807742760224,3,0.24100049861956643,-1,
EducationalInstitution,"['Organizations', 'Education', 'EducationalInstitution']",1269,Organizations,3,0.2328538037745704,6,0.16640046705123507,3,0.2328538037745704,-1,
EducationalInstitution,"['Organizations', 'Education', 'EducationalInstitution']",1270,Organizations,0,0.2528461293485989,6,0.15987922058476028,0,0.2528461293485989,-1,
EducationalInstitution,"['Organizations', 'Education', 'EducationalInstitution']",1271,Organizations,3,0.2312353248499818,6,0.15032154897072345,3,0.2312353248499818,-1,
EducationalInstitution,"['Organizations', 'Education', 'EducationalInstitution']",1272,Organizations,0,0.22006535143947414,7,0.1618661175474584,0,0.22006535143947417,-1,
EducationalInstitution,"['Organizations', 'Education', 'EducationalInstitution']",1273,Organizations,2,0.2078778407314388,7,0.19251277011418572,2,0.2078778407314388,-1,
EducationalInstitution,"['Organizations', 'Education', 'EducationalInstitution']",1274,Organizations,3,0.22940716472927103,7,0.14151357217790902,3,0.22940716472927097,-1,
EducationalInstitution,"['Organizations', 'Education', 'EducationalInstitution']",1275,Organizations,2,0.20934951920811948,7,0.14614569589882276,2,0.20934951920811948,-1,
EducationalInstitution,"['Organizations', 'Education', 'EducationalInstitution']",1276,Organizations,3,0.21312216011331397,7,0.13846041993467348,3,0.21312216011331397,-1,
EducationalInstitution,"['Organizations', 'Education', 'EducationalInstitution']",1277,Organizations,0,0.2243279175579448,7,0.1534746721567562,0,0.2243279175579448,-1,
EducationalInstitution,"['Organizations', 'Education', 'EducationalInstitution']",1278,Organizations,3,0.239838840602742,6,0.15780945306773633,3,0.239838840602742,-1,
EducationalInstitution,"['Organizations', 'Education', 'EducationalInstitution']",1279,Organizations,3,0.25016931888620786,3,0.1562728376893918,3,0.25016931888620786,-1,
EducationalInstitution,"['Organizations', 'Education', 'EducationalInstitution']",1280,Organizations,3,0.2109228852748461,7,0.1687901601331452,3,0.2109228852748461,-1,
EducationalInstitution,"['Organizations', 'Education', 'EducationalInstitution']",1281,Organizations,3,0.27675244097801877,3,0.16305409015852246,3,0.27675244097801865,-1,
EducationalInstitution,"['Organizations', 'Education', 'EducationalInstitution']",1282,Organizations,3,0.21748345089544563,7,0.1562584685234782,3,0.21748345089544557,-1,
EducationalInstitution,"['Organizations', 'Education', 'EducationalInstitution']",1283,Organizations,3,0.28659794600539384,3,0.17314416383532585,3,0.28659794600539384,-1,
EducationalInstitution,"['Organizations', 'Education', 'EducationalInstitution']",1284,Organizations,3,0.23747752848001322,3,0.142579637040281,3,0.23747752848001322,-1,
EducationalInstitution,"['Organizations', 'Education', 'EducationalInstitution']",1285,Organizations,3,0.22898647815630999,7,0.14984825759000361,3,0.22898647815630999,-1,
EducationalInstitution,"['Organizations', 'Education', 'EducationalInstitution']",1286,Organizations,3,0.24122071391942698,6,0.15494556529413292,3,0.24122071391942698,-1,
EducationalInstitution,"['Organizations', 'Education', 'EducationalInstitution']",1287,Organizations,3,0.2345849150675481,3,0.14677513719679583,3,0.23458491506754817,-1,
EducationalInstitution,"['Organizations', 'Education', 'EducationalInstitution']",1288,Organizations,3,0.27053183878646636,3,0.16032382174570087,3,0.2705318387864663,-1,
EducationalInstitution,"['Organizations', 'Education', 'EducationalInstitution']",1289,Organizations,2,0.23061569493675096,7,0.1605521988088347,2,0.23061569493675096,-1,
EducationalInstitution,"['Organizations', 'Education', 'EducationalInstitution']",1290,Organizations,0,0.2161529432939248,7,0.17760378281089848,0,0.2161529432939248,-1,
EducationalInstitution,"['Organizations', 'Education', 'EducationalInstitution']",1291,Organizations,3,0.2303359665668918,3,0.13825639797009495,3,0.23033596656689176,-1,
EducationalInstitution,"['Organizations', 'Education', 'EducationalInstitution']",1292,Organizations,4,0.2336741026476136,7,0.19363130176076254,4,0.2336741026476136,-1,
EducationalInstitution,"['Organizations', 'Education', 'EducationalInstitution']",1293,Organizations,0,0.21589254457700954,5,0.13593318085495662,0,0.21589254457700954,-1,
EducationalInstitution,"['Organizations', 'Education', 'EducationalInstitution']",1294,Organizations,0,0.22073038762265537,7,0.1464551445602803,0,0.22073038762265537,-1,
EducationalInstitution,"['Organizations', 'Education', 'EducationalInstitution']",1295,Organizations,3,0.2637816153973713,3,0.15779698770898776,3,0.2637816153973713,-1,
EducationalInstitution,"['Organizations', 'Education', 'EducationalInstitution']",1296,Organizations,2,0.22009937654315606,7,0.1432935640886747,2,0.22009937654315606,-1,
EducationalInstitution,"['Organizations', 'Education', 'EducationalInstitution']",1297,Organizations,0,0.2319935193283025,7,0.14429490242548243,0,0.23199351932830248,-1,
EducationalInstitution,"['Organizations', 'Education', 'EducationalInstitution']",1298,Organizations,3,0.2258836252521027,3,0.1380314979648796,3,0.22588362525210265,-1,
EducationalInstitution,"['Organizations', 'Education', 'EducationalInstitution']",1299,Organizations,0,0.21328506804127415,7,0.18230577834027825,0,0.21328506804127417,-1,
EducationalInstitution,"['Organizations', 'Education', 'EducationalInstitution']",1300,Organizations,3,0.2634486984791253,6,0.15749495308597675,3,0.2634486984791253,-1,
EducationalInstitution,"['Organizations', 'Education', 'EducationalInstitution']",1301,Organizations,0,0.22499542213764157,7,0.16229580166254304,0,0.22499542213764157,-1,
EducationalInstitution,"['Organizations', 'Education', 'EducationalInstitution']",1302,Organizations,2,0.21794167480199103,7,0.16492165818340757,2,0.21794167480199111,-1,
EducationalInstitution,"['Organizations', 'Education', 'EducationalInstitution']",1303,Organizations,0,0.2220396860831326,7,0.1733347053844391,0,0.2220396860831326,-1,
EducationalInstitution,"['Organizations', 'Education', 'EducationalInstitution']",1304,Organizations,3,0.3082024893403334,3,0.18433365199273505,3,0.30820248934033334,-1,
EducationalInstitution,"['Organizations', 'Education', 'EducationalInstitution']",1305,Organizations,3,0.2187589946419744,7,0.142940316664835,3,0.21875899464197435,-1,
EducationalInstitution,"['Organizations', 'Education', 'EducationalInstitution']",1306,Organizations,3,0.27805692167460855,3,0.1687615772364207,3,0.27805692167460855,-1,
EducationalInstitution,"['Organizations', 'Education', 'EducationalInstitution']",1307,Organizations,3,0.2566510331936536,3,0.15660390702488103,3,0.2566510331936536,-1,
EducationalInstitution,"['Organizations', 'Education', 'EducationalInstitution']",1308,Organizations,3,0.23187156095362466,7,0.17113424614958306,3,0.2318715609536246,-1,
EducationalInstitution,"['Organizations', 'Education', 'EducationalInstitution']",1309,Organizations,3,0.22704970598380766,7,0.16914980827860548,3,0.22704970598380764,-1,
EducationalInstitution,"['Organizations', 'Education', 'EducationalInstitution']",1310,Organizations,3,0.23579875018677993,3,0.14024030226935136,3,0.23579875018677987,-1,
EducationalInstitution,"['Organizations', 'Education', 'EducationalInstitution']",1311,Organizations,3,0.29069036736328074,3,0.17493464823648647,3,0.2906903673632807,-1,
EducationalInstitution,"['Organizations', 'Education', 'EducationalInstitution']",1312,Organizations,4,0.21206796784927093,7,0.16143342790284315,4,0.21206796784927093,-1,
EducationalInstitution,"['Organizations', 'Education', 'EducationalInstitution']",1313,Organizations,3,0.2539290934966372,3,0.15119171583318555,3,0.25392909349663717,-1,
EducationalInstitution,"['Organizations', 'Education', 'EducationalInstitution']",1314,Organizations,0,0.22503936139657452,7,0.15277357939854871,0,0.22503936139657452,-1,
EducationalInstitution,"['Organizations', 'Education', 'EducationalInstitution']",1315,Organizations,3,0.2311229176753994,7,0.1483959147043496,3,0.23112291767539936,-1,
EducationalInstitution,"['Organizations', 'Education', 'EducationalInstitution']",1316,Organizations,3,0.24721277971912967,3,0.15408778230926512,3,0.2472127797191296,-1,
EducationalInstitution,"['Organizations', 'Education', 'EducationalInstitution']",1317,Organizations,0,0.21938240935280479,7,0.161792685836783,0,0.21938240935280479,-1,
EducationalInstitution,"['Organizations', 'Education', 'EducationalInstitution']",1318,Organizations,3,0.2439757385397102,6,0.1557998750219938,3,0.2439757385397102,-1,
EducationalInstitution,"['Organizations', 'Education', 'EducationalInstitution']",1319,Organizations,3,0.24171319663499385,6,0.15167886493462854,3,0.24171319663499385,-1,
EducationalInstitution,"['Organizations', 'Education', 'EducationalInstitution']",1320,Organizations,0,0.23979240221045495,4,0.14589809914215227,0,0.23979240221045495,-1,
EducationalInstitution,"['Organizations', 'Education', 'EducationalInstitution']",1321,Organizations,3,0.2285500681928453,7,0.1502682880171787,3,0.2285500681928452,-1,
EducationalInstitution,"['Organizations', 'Education', 'EducationalInstitution']",1322,Organizations,3,0.21623899813926967,7,0.14179914353888096,3,0.21623899813926964,-1,
EducationalInstitution,"['Organizations', 'Education', 'EducationalInstitution']",1323,Organizations,3,0.22354133530547046,4,0.13759057679071435,3,0.22354133530547043,-1,
EducationalInstitution,"['Organizations', 'Education', 'EducationalInstitution']",1324,Organizations,3,0.23089519061954764,7,0.14185973296176263,3,0.23089519061954764,-1,
EducationalInstitution,"['Organizations', 'Education', 'EducationalInstitution']",1325,Organizations,3,0.2447213485792564,7,0.1698380562540125,3,0.24472134857925637,-1,
EducationalInstitution,"['Organizations', 'Education', 'EducationalInstitution']",1326,Organizations,3,0.22642930041899778,3,0.1359627450293997,3,0.22642930041899778,-1,
EducationalInstitution,"['Organizations', 'Education', 'EducationalInstitution']",1327,Organizations,0,0.2175782940290577,5,0.13579544069372085,0,0.21757829402905765,-1,
EducationalInstitution,"['Organizations', 'Education', 'EducationalInstitution']",1328,Organizations,3,0.2758594585102606,3,0.16396908005232172,3,0.2758594585102606,-1,
EducationalInstitution,"['Organizations', 'Education', 'EducationalInstitution']",1329,Organizations,0,0.23469057468756788,7,0.17171367689634778,0,0.23469057468756788,-1,
EducationalInstitution,"['Organizations', 'Education', 'EducationalInstitution']",1330,Organizations,0,0.22829868880589874,7,0.16636381464381383,0,0.22829868880589874,-1,
EducationalInstitution,"['Organizations', 'Education', 'EducationalInstitution']",1331,Organizations,4,0.2156801500132548,7,0.16853012237982137,4,0.2156801500132548,-1,
EducationalInstitution,"['Organizations', 'Education', 'EducationalInstitution']",1332,Organizations,3,0.2411477071024941,3,0.14191914166626654,3,0.2411477071024941,-1,
EducationalInstitution,"['Organizations', 'Education', 'EducationalInstitution']",1333,Organizations,0,0.214457604074077,7,0.1625736091820702,0,0.214457604074077,-1,
SportsTeam,"['Organizations', 'Sports', 'SportsTeam']",1334,Organizations,2,0.22620568350333822,0,0.14743008920693085,2,0.22620568350333822,-1,
SportsTeam,"['Organizations', 'Sports', 'SportsTeam']",1335,Organizations,3,0.23491373390635084,3,0.14732116957361702,3,0.23491373390635084,-1,
SportsTeam,"['Organizations', 'Sports', 'SportsTeam']",1336,Organizations,4,0.23374800032047063,2,0.14155513398861444,4,0.2337480003204707,-1,
SportsTeam,"['Organizations', 'Sports', 'SportsTeam']",1337,Organizations,1,0.24649696794545323,1,0.15370978673255706,1,0.24649696794545323,-1,
SportsTeam,"['Organizations', 'Sports', 'SportsTeam']",1338,Organizations,0,0.2123054920688727,0,0.13969369203662052,0,0.2123054920688727,-1,
SportsTeam,"['Organizations', 'Sports', 'SportsTeam']",1339,Organizations,2,0.235207730654892,0,0.16224359405515307,2,0.23520773065489206,-1,
SportsTeam,"['Organizations', 'Sports', 'SportsTeam']",1340,Organizations,0,0.21313858151530032,5,0.13463149655643683,0,0.21313858151530032,-1,
SportsTeam,"['Organizations', 'Sports', 'SportsTeam']",1341,Organizations,2,0.22286488291883677,0,0.1486680140044512,2,0.22286488291883672,-1,
SportsTeam,"['Organizations', 'Sports', 'SportsTeam']",1342,Organizations,2,0.22279754413342787,0,0.16051688099648675,2,0.22279754413342787,-1,
SportsTeam,"['Organizations', 'Sports', 'SportsTeam']",1343,Organizations,2,0.24212632436874143,0,0.18532597588046018,2,0.24212632436874149,-1,
SportsTeam,"['Organizations', 'Sports', 'SportsTeam']",1344,Organizations,2,0.22147952536138027,0,0.1403601653637236,2,0.22147952536138027,-1,
SportsTeam,"['Organizations', 'Sports', 'SportsTeam']",1345,Organizations,3,0.23779977400264216,3,0.1452308195759842,3,0.2377997740026421,-1,
SportsTeam,"['Organizations', 'Sports', 'SportsTeam']",1346,Organizations,0,0.21951123511624615,4,0.13841783155385184,0,0.21951123511624612,-1,
SportsTeam,"['Organizations', 'Sports', 'SportsTeam']",1347,Organizations,1,0.2429300653068244,1,0.15302233334654802,1,0.2429300653068244,-1,
SportsTeam,"['Organizations', 'Sports', 'SportsTeam']",1348,Organizations,1,0.22777699232039672,0,0.148950050777043,1,0.22777699232039672,-1,
SportsTeam,"['Organizations', 'Sports', 'SportsTeam']",1349,Organizations,3,0.222680002370854,0,0.14329309988247513,3,0.222680002370854,-1,
SportsTeam,"['Organizations', 'Sports', 'SportsTeam']",1350,Organizations,1,0.24081636602546563,1,0.15062987144658527,1,0.24081636602546563,-1,
SportsTeam,"['Organizations', 'Sports', 'SportsTeam']",1351,Organizations,3,0.2317443999505023,0,0.15113556692783958,3,0.23174439995050225,-1,
SportsTeam,"['Organizations', 'Sports', 'SportsTeam']",1352,Organizations,1,0.23425236502839844,1,0.14859194774591167,1,0.23425236502839847,-1,
SportsTeam,"['Organizations', 'Sports', 'SportsTeam']",1353,Organizations,1,0.2730110538003019,1,0.18022154514367958,1,0.27301105380030183,-1,
SportsTeam,"['Organizations', 'Sports', 'SportsTeam']",1354,Organizations,1,0.21550855925358445,7,0.14758286871683754,1,0.2155085592535845,-1,
SportsTeam,"['Organizations', 'Sports', 'SportsTeam']",1355,Organizations,1,0.23366662294110763,1,0.14767791552683246,1,0.23366662294110763,-1,
SportsTeam,"['Organizations', 'Sports', 'SportsTeam']",1356,Organizations,2,0.2267389219038686,0,0.1516874168829917,2,0.2267389219038686,-1,
SportsTeam,"['Organizations', 'Sports', 'SportsTeam']",1357,Organizations,3,0.22097234209154923,3,0.13641509588255732,3,0.2209723420915492,-1,
SportsTeam,"['Organizations', 'Sports', 'SportsTeam']",1358,Organizations,3,0.22252278765097505,0,0.1448698497399851,3,0.22252278765097502,-1,
SportsTeam,"['Organizations', 'Sports', 'SportsTeam']",1359,Organizations,2,0.2380684210977213,0,0.16278803904795386,2,0.2380684210977213,-1,
SportsTeam,"['Organizations', 'Sports', 'SportsTeam']",1360,Organizations,1,0.23734141764676733,7,0.14766408078450532,1,0.23734141764676733,-1,
SportsTeam,"['Organizations', 'Sports', 'SportsTeam']",1361,Organizations,1,0.3096764437484596,1,0.19096142406556235,1,0.30967644374845954,-1,
SportsTeam,"['Organizations', 'Sports', 'SportsTeam']",1362,Organizations,1,0.21598863348253078,1,0.13601465178631578,1,0.21598863348253078,-1,
SportsTeam,"['Organizations', 'Sports', 'SportsTeam']",1363,Organizations,1,0.2437612923333442,1,0.15364660541819114,1,0.24376129233334426,-1,
SportsTeam,"['Organizations', 'Sports', 'SportsTeam']",1364,Organizations,1,0.291710513337753,1,0.18316923623514056,1,0.29171051333775294,-1,
SportsTeam,"['Organizations', 'Sports', 'SportsTeam']",1365,Organizations,2,0.21779326896371018,0,0.14429243951944834,2,0.21779326896371018,-1,
SportsTeam,"['Organizations', 'Sports', 'SportsTeam']",1366,Organizations,0,0.2134432892773542,0,0.14273582549629094,0,0.2134432892773542,-1,
SportsTeam,"['Organizations', 'Sports', 'SportsTeam']",1367,Organizations,2,0.21219847718708187,0,0.14855015733007415,2,0.21219847718708187,-1,
SportsTeam,"['Organizations', 'Sports', 'SportsTeam']",1368,Organizations,1,0.21106349127516555,0,0.14583419414494778,1,0.21106349127516555,-1,
SportsTeam,"['Organizations', 'Sports', 'SportsTeam']",1369,Organizations,1,0.23151019395109218,1,0.1477328345690941,1,0.23151019395109224,-1,
SportsTeam,"['Organizations', 'Sports', 'SportsTeam']",1370,Organizations,2,0.23475070750974772,0,0.17023305429221794,2,0.23475070750974772,-1,
SportsTeam,"['Organizations', 'Sports', 'SportsTeam']",1371,Organizations,1,0.2306319971062396,1,0.14384013612139868,1,0.2306319971062396,-1,
SportsTeam,"['Organizations', 'Sports', 'SportsTeam']",1372,Organizations,1,0.25254104937060157,1,0.1601823906942725,1,0.25254104937060157,-1,
SportsTeam,"['Organizations', 'Sports', 'SportsTeam']",1373,Organizations,1,0.39073778414732147,1,0.2551188201189608,1,0.3907377841473214,-1,
SportsTeam,"['Organizations', 'Sports', 'SportsTeam']",1374,Organizations,1,0.21070661477190608,0,0.14622375507585117,1,0.21070661477190608,-1,
SportsTeam,"['Organizations', 'Sports', 'SportsTeam']",1375,Organizations,1,0.2147952107935573,7,0.15192770555702723,1,0.2147952107935573,-1,
SportsTeam,"['Organizations', 'Sports', 'SportsTeam']",1376,Organizations,3,0.23386646364782024,3,0.1433281627124544,3,0.2338664636478202,-1,
SportsTeam,"['Organizations', 'Sports', 'SportsTeam']",1377,Organizations,1,0.2274790665796695,1,0.14094449037107948,1,0.2274790665796695,-1,
SportsTeam,"['Organizations', 'Sports', 'SportsTeam']",1378,Organizations,1,0.21911566954544606,7,0.14148161348575153,1,0.2191156695454461,-1,
SportsTeam,"['Organizations', 'Sports', 'SportsTeam']",1379,Organizations,2,0.2330196133785131,0,0.17865543134122266,2,0.2330196133785131,-1,
SportsTeam,"['Organizations', 'Sports', 'SportsTeam']",1380,Organizations,3,0.2220607489467864,6,0.14044314446519776,3,0.2220607489467864,-1,
SportsTeam,"['Organizations', 'Sports', 'SportsTeam']",1381,Organizations,4,0.23243468057966332,0,0.14469357886040576,4,0.23243468057966338,-1,
SportsTeam,"['Organizations', 'Sports', 'SportsTeam']",1382,Organizations,4,0.21445533026167116,2,0.13096552978954878,4,0.21445533026167116,-1,
SportsTeam,"['Organizations', 'Sports', 'SportsTeam']",1383,Organizations,3,0.24370250904837343,3,0.14838065881876233,3,0.24370250904837343,-1,
SportsTeam,"['Organizations', 'Sports', 'SportsTeam']",1384,Organizations,1,0.22529145261435626,1,0.1432225350504571,1,0.22529145261435626,-1,
SportsTeam,"['Organizations', 'Sports', 'SportsTeam']",1385,Organizations,1,0.21564020566919195,0,0.13985826790941,1,0.21564020566919195,-1,
SportsTeam,"['Organizations', 'Sports', 'SportsTeam']",1386,Organizations,3,0.2068497629234774,7,0.13650079785359073,3,0.2068497629234774,-1,
SportsTeam,"['Organizations', 'Sports', 'SportsTeam']",1387,Organizations,1,0.2526737220225866,1,0.15762275760326555,1,0.2526737220225866,-1,
SportsTeam,"['Organizations', 'Sports', 'SportsTeam']",1388,Organizations,2,0.22830009214185928,0,0.15317223779028127,2,0.22830009214185926,-1,
SportsTeam,"['Organizations', 'Sports', 'SportsTeam']",1389,Organizations,1,0.2690612342192722,1,0.16876618221928547,1,0.2690612342192722,-1,
SportsTeam,"['Organizations', 'Sports', 'SportsTeam']",1390,Organizations,1,0.22031517702822326,1,0.14293075936970137,1,0.22031517702822326,-1,
SportsTeam,"['Organizations', 'Sports', 'SportsTeam']",1391,Organizations,3,0.22772415471865406,3,0.1410880247362904,3,0.22772415471865406,-1,
SportsTeam,"['Organizations', 'Sports', 'SportsTeam']",1392,Organizations,4,0.21746213771272538,5,0.13761682872920672,4,0.21746213771272543,-1,
SportsTeam,"['Organizations', 'Sports', 'SportsTeam']",1393,Organizations,1,0.31840345427231437,1,0.19639811018673012,1,0.3184034542723143,-1,
SportsTeam,"['Organizations', 'Sports', 'SportsTeam']",1394,Organizations,1,0.24498911509669463,1,0.15655159444854733,1,0.24498911509669463,-1,
SportsTeam,"['Organizations', 'Sports', 'SportsTeam']",1395,Organizations,3,0.2131763861956338,3,0.13421807852023407,3,0.2131763861956338,-1,
SportsTeam,"['Organizations', 'Sports', 'SportsTeam']",1396,Organizations,1,0.22949268258075697,1,0.14506055323477138,1,0.22949268258075703,-1,
SportsTeam,"['Organizations', 'Sports', 'SportsTeam']",1397,Organizations,3,0.22043446431040284,0,0.14268688148146605,3,0.22043446431040284,-1,
SportsTeam,"['Organizations', 'Sports', 'SportsTeam']",1398,Organizations,2,0.223539069225172,0,0.15324894298967828,2,0.223539069225172,-1,
SportsTeam,"['Organizations', 'Sports', 'SportsTeam']",1399,Organizations,1,0.26784448818563494,1,0.16067723804952241,1,0.26784448818563494,-1,
SportsTeam,"['Organizations', 'Sports', 'SportsTeam']",1400,Organizations,4,0.21363747598459132,7,0.1375593398170347,4,0.21363747598459132,-1,
SportsTeam,"['Organizations', 'Sports', 'SportsTeam']",1401,Organizations,0,0.2216747278562821,0,0.14221114894528322,0,0.221674727856282,-1,
SportsTeam,"['Organizations', 'Sports', 'SportsTeam']",1402,Organizations,1,0.28203991567229236,1,0.17670821169045392,1,0.28203991567229236,-1,
SportsTeam,"['Organizations', 'Sports', 'SportsTeam']",1403,Organizations,3,0.2357050110283466,3,0.14729150285222772,3,0.2357050110283466,-1,
SportsTeam,"['Organizations', 'Sports', 'SportsTeam']",1404,Organizations,0,0.21299790519355247,0,0.14083469691008538,0,0.21299790519355247,-1,
SportsTeam,"['Organizations', 'Sports', 'SportsTeam']",1405,Organizations,4,0.2312248618126932,7,0.16517355475912704,4,0.2312248618126932,-1,
SportsTeam,"['Organizations', 'Sports', 'SportsTeam']",1406,Organizations,1,0.23427073258249703,1,0.1511522510069063,1,0.23427073258249703,-1,
SportsTeam,"['Organizations', 'Sports', 'SportsTeam']",1407,Organizations,1,0.26143362571506534,1,0.1636015479473801,1,0.26143362571506534,-1,
SportsTeam,"['Organizations', 'Sports', 'SportsTeam']",1408,Organizations,1,0.2269972730500736,1,0.14176677484591996,1,0.2269972730500736,-1,
SportsTeam,"['Organizations', 'Sports', 'SportsTeam']",1409,Organizations,1,0.2161378438042964,0,0.14640764481111548,1,0.2161378438042964,-1,
SportsTeam,"['Organizations', 'Sports', 'SportsTeam']",1410,Organizations,1,0.36371433192362673,1,0.22939191912353207,1,0.3637143319236268,-1,
SportsTeam,"['Organizations', 'Sports', 'SportsTeam']",1411,Organizations,1,0.23556645815708105,1,0.14742444818357245,1,0.23556645815708105,-1,
SportsTeam,"['Organizations', 'Sports', 'SportsTeam']",1412,Organizations,1,0.29961658290368515,1,0.18859559337428314,1,0.29961658290368515,-1,
SportsTeam,"['Organizations', 'Sports', 'SportsTeam']",1413,Organizations,1,0.3611596230848896,1,0.22241154201577823,1,0.36115962308488947,-1,
SportsTeam,"['Organizations', 'Sports', 'SportsTeam']",1414,Organizations,2,0.22217729805834802,0,0.1482802018539402,2,0.22217729805834802,-1,
SportsTeam,"['Organizations', 'Sports', 'SportsTeam']",1415,Organizations,2,0.21592599689137176,0,0.14030738263544848,2,0.21592599689137174,-1,
SportsTeam,"['Organizations', 'Sports', 'SportsTeam']",1416,Organizations,1,0.23444182802515412,1,0.14466753808466068,1,0.23444182802515412,-1,
SportsTeam,"['Organizations', 'Sports', 'SportsTeam']",1417,Organizations,1,0.2148498094153467,1,0.1353449019857727,1,0.21484980941534676,-1,
SportsTeam,"['Organizations', 'Sports', 'SportsTeam']",1418,Organizations,2,0.22087512472812823,0,0.15074887100304196,2,0.22087512472812823,-1,
SportsTeam,"['Organizations', 'Sports', 'SportsTeam']",1419,Organizations,2,0.23619764424684592,0,0.15287207374470818,2,0.23619764424684592,-1,
SportsTeam,"['Organizations', 'Sports', 'SportsTeam']",1420,Organizations,1,0.24516758040212777,1,0.15427305690308732,1,0.24516758040212777,-1,
SportsTeam,"['Organizations', 'Sports', 'SportsTeam']",1421,Organizations,3,0.21820563944185042,3,0.13781025694442234,3,0.21820563944185042,-1,
SportsTeam,"['Organizations', 'Sports', 'SportsTeam']",1422,Organizations,3,0.240323898672318,3,0.14959006094016966,3,0.24032389867231793,-1,
SportsTeam,"['Organizations', 'Sports', 'SportsTeam']",1423,Organizations,3,0.22929509770975556,1,0.14432703810352288,3,0.22929509770975556,-1,
SportsTeam,"['Organizations', 'Sports', 'SportsTeam']",1424,Organizations,1,0.2596324109252266,1,0.16198718833323253,1,0.2596324109252266,-1,
SportsTeam,"['Organizations', 'Sports', 'SportsTeam']",1425,Organizations,0,0.22662767405096823,4,0.14203960014513664,0,0.22662767405096823,-1,
SportsTeam,"['Organizations', 'Sports', 'SportsTeam']",1426,Organizations,1,0.2085449308796039,7,0.14511575339400506,1,0.2085449308796039,-1,
SportsTeam,"['Organizations', 'Sports', 'SportsTeam']",1427,Organizations,1,0.21830286598940504,0,0.13694128116063425,1,0.21830286598940507,-1,
SportsTeam,"['Organizations', 'Sports', 'SportsTeam']",1428,Organizations,3,0.23919185276918262,3,0.15075066023680342,3,0.23919185276918262,-1,
SportsTeam,"['Organizations', 'Sports', 'SportsTeam']",1429,Organizations,1,0.21767461605690758,0,0.14246232951091134,1,0.21767461605690758,-1,
SportsTeam,"['Organizations', 'Sports', 'SportsTeam']",1430,Organizations,1,0.2321975257562461,1,0.14647477350029975,1,0.2321975257562461,-1,
SportsTeam,"['Organizations', 'Sports', 'SportsTeam']",1431,Organizations,2,0.2493988732266092,0,0.14858841040710657,2,0.2493988732266092,-1,
SportsTeam,"['Organizations', 'Sports', 'SportsTeam']",1432,Organizations,1,0.23847001185026873,1,0.14901314294437723,1,0.23847001185026873,-1,
SportsTeam,"['Organizations', 'Sports', 'SportsTeam']",1433,Organizations,1,0.2294860062668599,7,0.15158136081893547,1,0.2294860062668599,-1,
SportsTeam,"['Organizations', 'Sports', 'SportsTeam']",1434,Organizations,2,0.22828485832107712,0,0.15253977631116034,2,0.22828485832107712,-1,
SportsTeam,"['Organizations', 'Sports', 'SportsTeam']",1435,Organizations,1,0.22099204339628165,1,0.13825793063575376,1,0.22099204339628165,-1,
SportsTeam,"['Organizations', 'Sports', 'SportsTeam']",1436,Organizations,3,0.23222313214189869,1,0.14745913897007382,3,0.23222313214189869,-1,
SportsTeam,"['Organizations', 'Sports', 'SportsTeam']",1437,Organizations,1,0.2399272981955681,1,0.1526985162728325,1,0.23992729819556805,-1,
SportsTeam,"['Organizations', 'Sports', 'SportsTeam']",1438,Organizations,1,0.2316105156823117,1,0.1464183848027216,1,0.2316105156823117,-1,
SportsTeam,"['Organizations', 'Sports', 'SportsTeam']",1439,Organizations,3,0.23558511272175295,3,0.14665567381231287,3,0.23558511272175295,-1,
SportsTeam,"['Organizations', 'Sports', 'SportsTeam']",1440,Organizations,1,0.2352978958719673,1,0.1471462686789674,1,0.2352978958719673,-1,
SportsTeam,"['Organizations', 'Sports', 'SportsTeam']",1441,Organizations,2,0.21807164627499906,0,0.14884842100456475,2,0.21807164627499906,-1,
SportsTeam,"['Organizations', 'Sports', 'SportsTeam']",1442,Organizations,2,0.21457079786191716,0,0.14540252155823455,2,0.21457079786191716,-1,
SportsTeam,"['Organizations', 'Sports', 'SportsTeam']",1443,Organizations,1,0.22471199206500247,1,0.14115767359721865,1,0.22471199206500247,-1,
SportsTeam,"['Organizations', 'Sports', 'SportsTeam']",1444,Organizations,2,0.21355231479967923,7,0.13377127089387567,2,0.21355231479967923,-1,
SportsTeam,"['Organizations', 'Sports', 'SportsTeam']",1445,Organizations,2,0.22223876014760613,0,0.150187565506925,2,0.22223876014760613,-1,
SportsTeam,"['Organizations', 'Sports', 'SportsTeam']",1446,Organizations,1,0.22105397765138027,7,0.1552171396739591,1,0.22105397765138027,-1,
SportsTeam,"['Organizations', 'Sports', 'SportsTeam']",1447,Organizations,3,0.22749278101562154,3,0.1388865003922208,3,0.22749278101562154,-1,
SportsTeam,"['Organizations', 'Sports', 'SportsTeam']",1448,Organizations,1,0.23520964046894316,1,0.14948197932783158,1,0.23520964046894316,-1,
SportsTeam,"['Organizations', 'Sports', 'SportsTeam']",1449,Organizations,1,0.31003436679984037,1,0.19671022793533732,1,0.31003436679984037,-1,
SportsTeam,"['Organizations', 'Sports', 'SportsTeam']",1450,Organizations,1,0.2274660106035871,1,0.14151169772516353,1,0.2274660106035871,-1,
SportsTeam,"['Organizations', 'Sports', 'SportsTeam']",1451,Organizations,0,0.21756205016426286,0,0.14418666649516548,0,0.21756205016426286,-1,
SportsTeam,"['Organizations', 'Sports', 'SportsTeam']",1452,Organizations,3,0.21727288859637348,0,0.14351354191586946,3,0.21727288859637345,-1,
SportsTeam,"['Organizations', 'Sports', 'SportsTeam']",1453,Organizations,1,0.2394507697703441,1,0.1504991705007143,1,0.2394507697703441,-1,
SportsTeam,"['Organizations', 'Sports', 'SportsTeam']",1454,Organizations,1,0.2977791703569314,1,0.18996897953139238,1,0.2977791703569314,-1,
SportsTeam,"['Organizations', 'Sports', 'SportsTeam']",1455,Organizations,1,0.22364950596941072,1,0.14218070899526294,1,0.22364950596941072,-1,
SportsTeam,"['Organizations', 'Sports', 'SportsTeam']",1456,Organizations,1,0.21205196006229166,0,0.146504088825255,1,0.21205196006229166,-1,
SportsTeam,"['Organizations', 'Sports', 'SportsTeam']",1457,Organizations,1,0.22036947895786593,1,0.1395705831908568,1,0.22036947895786593,-1,
SportsTeam,"['Organizations', 'Sports', 'SportsTeam']",1458,Organizations,1,0.24620804272464464,1,0.15438185567370968,1,0.2462080427246447,-1,
SportsTeam,"['Organizations', 'Sports', 'SportsTeam']",1459,Organizations,1,0.27731183068689447,1,0.1725020949182691,1,0.2773118306868945,-1,
SportsTeam,"['Organizations', 'Sports', 'SportsTeam']",1460,Organizations,1,0.30650192639372387,1,0.18784816179574892,1,0.30650192639372387,-1,
SportsTeam,"['Organizations', 'Sports', 'SportsTeam']",1461,Organizations,1,0.32381479765554544,1,0.20162425650081997,1,0.32381479765554544,-1,
SportsTeam,"['Organizations', 'Sports', 'SportsTeam']",1462,Organizations,1,0.22134286911432158,0,0.1394205892074215,1,0.2213428691143216,-1,
SportsTeam,"['Organizations', 'Sports', 'SportsTeam']",1463,Organizations,4,0.2096687581036143,2,0.13204227859041837,4,0.2096687581036143,-1,
SportsTeam,"['Organizations', 'Sports', 'SportsTeam']",1464,Organizations,1,0.286405804333436,1,0.17764027150340858,1,0.286405804333436,-1,
SportsTeam,"['Organizations', 'Sports', 'SportsTeam']",1465,Organizations,1,0.22324245077644864,1,0.13919326685034614,1,0.22324245077644864,-1,
SportsTeam,"['Organizations', 'Sports', 'SportsTeam']",1466,Organizations,2,0.23485863371081023,0,0.1789150868034839,2,0.23485863371081023,-1,
SportsTeam,"['Organizations', 'Sports', 'SportsTeam']",1467,Organizations,4,0.22361294807170978,5,0.13911384890877806,4,0.22361294807170978,-1,
SportsTeam,"['Organizations', 'Sports', 'SportsTeam']",1468,Organizations,1,0.2445595925968056,0,0.16535681462298146,1,0.2445595925968056,-1,
SportsTeam,"['Organizations', 'Sports', 'SportsTeam']",1469,Organizations,3,0.24350510077641307,3,0.14769317391591713,3,0.24350510077641307,-1,
SportsTeam,"['Organizations', 'Sports', 'SportsTeam']",1470,Organizations,2,0.2142648672666837,0,0.1359912895556997,2,0.21426486726668376,-1,
SportsTeam,"['Organizations', 'Sports', 'SportsTeam']",1471,Organizations,1,0.3418024237011531,1,0.22100746630780252,1,0.3418024237011531,-1,
SportsTeam,"['Organizations', 'Sports', 'SportsTeam']",1472,Organizations,1,0.22754464645401462,1,0.1433356732009382,1,0.22754464645401462,-1,
SportsTeam,"['Organizations', 'Sports', 'SportsTeam']",1473,Organizations,2,0.2196740609825538,7,0.15249030651887938,2,0.21967406098255385,-1,
SportsTeam,"['Organizations', 'Sports', 'SportsTeam']",1474,Organizations,0,0.22620770238865742,0,0.1528099006750753,0,0.22620770238865742,-1,
SportsTeam,"['Organizations', 'Sports', 'SportsTeam']",1475,Organizations,1,0.23192524228276534,1,0.14667362396431194,1,0.23192524228276534,-1,
SportsTeam,"['Organizations', 'Sports', 'SportsTeam']",1476,Organizations,3,0.21978239105759018,1,0.1367220156023771,3,0.21978239105759015,-1,
SportsTeam,"['Organizations', 'Sports', 'SportsTeam']",1477,Organizations,3,0.2245069006772164,3,0.14185461292488968,3,0.2245069006772164,-1,
SportsTeam,"['Organizations', 'Sports', 'SportsTeam']",1478,Organizations,1,0.21670001299926736,0,0.13578589078476094,1,0.21670001299926736,-1,
SportsTeam,"['Organizations', 'Sports', 'SportsTeam']",1479,Organizations,1,0.291979937628071,1,0.18197204669231018,1,0.291979937628071,-1,
SportsTeam,"['Organizations', 'Sports', 'SportsTeam']",1480,Organizations,1,0.21606121552735139,0,0.1412048629417274,1,0.21606121552735139,-1,
SportsTeam,"['Organizations', 'Sports', 'SportsTeam']",1481,Organizations,3,0.21952344480191488,0,0.13949181826195187,3,0.21952344480191485,-1,
SportsTeam,"['Organizations', 'Sports', 'SportsTeam']",1482,Organizations,1,0.21916547423475938,1,0.1356225099517809,1,0.21916547423475938,-1,
SportsTeam,"['Organizations', 'Sports', 'SportsTeam']",1483,Organizations,1,0.2242248915822902,0,0.1565079671283519,1,0.2242248915822902,-1,
SportsTeam,"['Organizations', 'Sports', 'SportsTeam']",1484,Organizations,3,0.22631012569396516,0,0.1408807034732362,3,0.22631012569396508,-1,
SportsTeam,"['Organizations', 'Sports', 'SportsTeam']",1485,Organizations,2,0.21998933495703654,0,0.15352543530442253,2,0.21998933495703654,-1,
SportsTeam,"['Organizations', 'Sports', 'SportsTeam']",1486,Organizations,2,0.2190715319095275,0,0.15287436661152187,2,0.21907153190952755,-1,
SportsTeam,"['Organizations', 'Sports', 'SportsTeam']",1487,Organizations,3,0.21406359175687406,3,0.13617501379873692,3,0.21406359175687403,-1,
SportsTeam,"['Organizations', 'Sports', 'SportsTeam']",1488,Organizations,3,0.22420880279881283,3,0.13816188494568996,3,0.22420880279881278,-1,
SportsTeam,"['Organizations', 'Sports', 'SportsTeam']",1489,Organizations,3,0.2072075065591421,3,0.13025306743599974,3,0.2072075065591421,-1,
SportsTeam,"['Organizations', 'Sports', 'SportsTeam']",1490,Organizations,1,0.23137069312683659,1,0.1428010860023709,1,0.23137069312683659,-1,
SportsTeam,"['Organizations', 'Sports', 'SportsTeam']",1491,Organizations,0,0.23257051299183587,4,0.14631026838151354,0,0.23257051299183587,-1,
SportsTeam,"['Organizations', 'Sports', 'SportsTeam']",1492,Organizations,1,0.22657843517844553,0,0.15101665770947284,1,0.22657843517844556,-1,
SportsTeam,"['Organizations', 'Sports', 'SportsTeam']",1493,Organizations,4,0.22079876527454806,0,0.15198935209364212,4,0.22079876527454806,-1,
SportsTeam,"['Organizations', 'Sports', 'SportsTeam']",1494,Organizations,1,0.3048428655916331,1,0.18777723790752912,1,0.3048428655916331,-1,
SportsTeam,"['Organizations', 'Sports', 'SportsTeam']",1495,Organizations,1,0.2777443838098909,1,0.17315904147973096,1,0.2777443838098909,-1,
SportsTeam,"['Organizations', 'Sports', 'SportsTeam']",1496,Organizations,1,0.2608890759300593,1,0.1630208121408662,1,0.26088907593005933,-1,
SportsTeam,"['Organizations', 'Sports', 'SportsTeam']",1497,Organizations,3,0.253020321288176,3,0.15831125473567512,3,0.253020321288176,-1,
SportsTeam,"['Organizations', 'Sports', 'SportsTeam']",1498,Organizations,1,0.22111526884288832,1,0.13840898390290776,1,0.22111526884288835,-1,
SportsTeam,"['Organizations', 'Sports', 'SportsTeam']",1499,Organizations,2,0.22884833224633194,0,0.14695664137820255,2,0.22884833224633194,-1,
Film,"['CreativeWorks', 'FilmAndTV', 'Film']",1500,CreativeWorks,4,0.26461503297707456,2,0.16091851416195552,4,0.26461503297707456,-1,
Film,"['CreativeWorks', 'FilmAndTV', 'Film']",1501,CreativeWorks,4,0.2827560213574141,7,0.15820662533807905,4,0.2827560213574142,-1,
Film,"['CreativeWorks', 'FilmAndTV', 'Film']",1502,CreativeWorks,4,0.2788692591411194,2,0.1732075410146685,4,0.27886925914111943,-1,
Film,"['CreativeWorks', 'FilmAndTV', 'Film']",1503,CreativeWorks,4,0.23388460101781158,2,0.1477733950765353,4,0.23388460101781158,-1,
Film,"['CreativeWorks', 'FilmAndTV', 'Film']",1504,CreativeWorks,4,0.3127916424660398,2,0.1833572054679972,4,0.31279164246603974,-1,
Film,"['CreativeWorks', 'FilmAndTV', 'Film']",1505,CreativeWorks,4,0.30903740815488506,2,0.1890564070512417,4,0.30903740815488506,-1,
Film,"['CreativeWorks', 'FilmAndTV', 'Film']",1506,CreativeWorks,4,0.27258414646703394,2,0.16663735031669077,4,0.27258414646703394,-1,
Film,"['CreativeWorks', 'FilmAndTV', 'Film']",1507,CreativeWorks,4,0.3430576137493907,2,0.20113928946874302,4,0.3430576137493907,-1,
Film,"['CreativeWorks', 'FilmAndTV', 'Film']",1508,CreativeWorks,4,0.31914162560109294,2,0.18889365604851466,4,0.31914162560109294,-1,
Film,"['CreativeWorks', 'FilmAndTV', 'Film']",1509,CreativeWorks,4,0.3301512819884405,2,0.19903342575119523,4,0.3301512819884405,-1,
Film,"['CreativeWorks', 'FilmAndTV', 'Film']",1510,CreativeWorks,4,0.38732599578747495,2,0.23301312614359923,4,0.3873259957874751,-1,
Film,"['CreativeWorks', 'FilmAndTV', 'Film']",1511,CreativeWorks,4,0.29287344953354916,2,0.16903175726235498,4,0.29287344953354916,-1,
Film,"['CreativeWorks', 'FilmAndTV', 'Film']",1512,CreativeWorks,4,0.276027314565178,2,0.17522082107130205,4,0.276027314565178,-1,
Film,"['CreativeWorks', 'FilmAndTV', 'Film']",1513,CreativeWorks,4,0.2878536793599424,2,0.17805990058179913,4,0.2878536793599425,-1,
Film,"['CreativeWorks', 'FilmAndTV', 'Film']",1514,CreativeWorks,4,0.31421386301023574,2,0.2069604116943437,4,0.31421386301023574,-1,
Film,"['CreativeWorks', 'FilmAndTV', 'Film']",1515,CreativeWorks,4,0.32403963247707807,2,0.181111478822783,4,0.324039632477078,-1,
Film,"['CreativeWorks', 'FilmAndTV', 'Film']",1516,CreativeWorks,4,0.2800862915598357,2,0.18652436950581427,4,0.2800862915598357,-1,
Film,"['CreativeWorks', 'FilmAndTV', 'Film']",1517,CreativeWorks,1,0.2528340006437481,1,0.15860328974144125,1,0.2528340006437481,-1,
Film,"['CreativeWorks', 'FilmAndTV', 'Film']",1518,CreativeWorks,4,0.30938548989778863,2,0.18327874189856017,4,0.30938548989778863,-1,
Film,"['CreativeWorks', 'FilmAndTV', 'Film']",1519,CreativeWorks,4,0.2826044652613543,2,0.17771539306771886,4,0.2826044652613543,-1,
Film,"['CreativeWorks', 'FilmAndTV', 'Film']",1520,CreativeWorks,4,0.36878682654122386,2,0.23581490185810963,4,0.3687868265412239,-1,
Film,"['CreativeWorks', 'FilmAndTV', 'Film']",1521,CreativeWorks,4,0.30048013690523073,2,0.17370350807103657,4,0.30048013690523073,-1,
Film,"['CreativeWorks', 'FilmAndTV', 'Film']",1522,CreativeWorks,4,0.3123267339850942,2,0.18245073729080857,4,0.3123267339850942,-1,
Film,"['CreativeWorks', 'FilmAndTV', 'Film']",1523,CreativeWorks,4,0.36816445235831735,2,0.22123463040164076,4,0.3681644523583175,-1,
Film,"['CreativeWorks', 'FilmAndTV', 'Film']",1524,CreativeWorks,4,0.2621392053033394,2,0.15091296552386735,4,0.2621392053033394,-1,
Film,"['CreativeWorks', 'FilmAndTV', 'Film']",1525,CreativeWorks,4,0.24963705497603542,2,0.15611799709897506,4,0.24963705497603542,-1,
Film,"['CreativeWorks', 'FilmAndTV', 'Film']",1526,CreativeWorks,4,0.2696130039015527,2,0.16057357308016312,4,0.26961300390155274,-1,
Film,"['CreativeWorks', 'FilmAndTV', 'Film']",1527,CreativeWorks,4,0.25818758499812317,2,0.164357684561485,4,0.2581875849981232,-1,
Film,"['CreativeWorks', 'FilmAndTV', 'Film']",1528,CreativeWorks,4,0.32251682793720987,2,0.1919760431687579,4,0.32251682793720987,-1,
Film,"['CreativeWorks', 'FilmAndTV', 'Film']",1529,CreativeWorks,4,0.3072944176995991,2,0.18776024757278736,4,0.3072944176995992,-1,
Film,"['CreativeWorks', 'FilmAndTV', 'Film']",1530,CreativeWorks,4,0.26374899636496413,2,0.1568677565410166,4,0.26374899636496413,-1,
Film,"['CreativeWorks', 'FilmAndTV', 'Film']",1531,CreativeWorks,4,0.33660511601423415,2,0.20108035446916364,4,0.33660511601423415,-1,
Film,"['CreativeWorks', 'FilmAndTV', 'Film']",1532,CreativeWorks,4,0.26750903388137304,2,0.17316775012229013,4,0.2675090338813731,-1,
Film,"['CreativeWorks', 'FilmAndTV', 'Film']",1533,CreativeWorks,4,0.2691989694356522,2,0.16240772687068836,4,0.2691989694356522,-1,
Film,"['CreativeWorks', 'FilmAndTV', 'Film']",1534,CreativeWorks,4,0.341095906398936,2,0.21370221121886968,4,0.3410959063989361,-1,
Film,"['CreativeWorks', 'FilmAndTV', 'Film']",1535,CreativeWorks,4,0.27540124300021396,2,0.16742711708361785,4,0.27540124300021396,-1,
Film,"['CreativeWorks', 'FilmAndTV', 'Film']",1536,CreativeWorks,4,0.2763638194930665,2,0.15852760010934586,4,0.27636381949306654,-1,
Film,"['CreativeWorks', 'FilmAndTV', 'Film']",1537,CreativeWorks,4,0.3476775649476925,2,0.19906501442429658,4,0.3476775649476925,-1,
Film,"['CreativeWorks', 'FilmAndTV', 'Film']",1538,CreativeWorks,4,0.29463691755920113,2,0.17524254430101585,4,0.29463691755920113,-1,
Film,"['CreativeWorks', 'FilmAndTV', 'Film']",1539,CreativeWorks,4,0.3064602792698041,2,0.18558211212548847,4,0.3064602792698041,-1,
Film,"['CreativeWorks', 'FilmAndTV', 'Film']",1540,CreativeWorks,4,0.3633644406673089,2,0.19710256815629695,4,0.3633644406673088,-1,
Film,"['CreativeWorks', 'FilmAndTV', 'Film']",1541,CreativeWorks,4,0.2590211322446846,2,0.16252727293224184,4,0.25902113224468465,-1,
Film,"['CreativeWorks', 'FilmAndTV', 'Film']",1542,CreativeWorks,4,0.3123935277219135,2,0.17693720486876074,4,0.3123935277219135,-1,
Film,"['CreativeWorks', 'FilmAndTV', 'Film']",1543,CreativeWorks,4,0.29838074394424163,2,0.18346568322619466,4,0.29838074394424163,-1,
Film,"['CreativeWorks', 'FilmAndTV', 'Film']",1544,CreativeWorks,4,0.2773717606224154,2,0.17296512401878028,4,0.2773717606224155,-1,
Film,"['CreativeWorks', 'FilmAndTV', 'Film']",1545,CreativeWorks,4,0.3649368151229017,2,0.23634506283847023,4,0.3649368151229017,-1,
Film,"['CreativeWorks', 'FilmAndTV', 'Film']",1546,CreativeWorks,4,0.34688451250741087,2,0.21450667500268336,4,0.34688451250741087,-1,
Film,"['CreativeWorks', 'FilmAndTV', 'Film']",1547,CreativeWorks,4,0.27383170705579324,2,0.16395699199353045,4,0.27383170705579324,-1,
Film,"['CreativeWorks', 'FilmAndTV', 'Film']",1548,CreativeWorks,4,0.29237569235815736,2,0.17206263620576703,4,0.2923756923581574,-1,
Film,"['CreativeWorks', 'FilmAndTV', 'Film']",1549,CreativeWorks,4,0.31065132178398974,2,0.18393060985439522,4,0.3106513217839898,-1,
Film,"['CreativeWorks', 'FilmAndTV', 'Film']",1550,CreativeWorks,4,0.30267604010596955,2,0.1849596554349535,4,0.3026760401059695,-1,
Film,"['CreativeWorks', 'FilmAndTV', 'Film']",1551,CreativeWorks,1,0.25359365449441923,1,0.15436875164240152,1,0.25359365449441923,-1,
Film,"['CreativeWorks', 'FilmAndTV', 'Film']",1552,CreativeWorks,4,0.3150934726476053,2,0.18775454336034783,4,0.31509347264760534,-1,
Film,"['CreativeWorks', 'FilmAndTV', 'Film']",1553,CreativeWorks,4,0.306999448922338,2,0.18833254499321658,4,0.306999448922338,-1,
Film,"['CreativeWorks', 'FilmAndTV', 'Film']",1554,CreativeWorks,4,0.3287810088783003,2,0.19833102353595794,4,0.3287810088783003,-1,
Film,"['CreativeWorks', 'FilmAndTV', 'Film']",1555,CreativeWorks,4,0.2978081616859831,2,0.1756074234110852,4,0.2978081616859831,-1,
Film,"['CreativeWorks', 'FilmAndTV', 'Film']",1556,CreativeWorks,4,0.2513167227384702,2,0.15102308241724163,4,0.2513167227384702,-1,
Film,"['CreativeWorks', 'FilmAndTV', 'Film']",1557,CreativeWorks,4,0.3391110887555123,2,0.21505724082424377,4,0.3391110887555124,-1,
Film,"['CreativeWorks', 'FilmAndTV', 'Film']",1558,CreativeWorks,4,0.29280963887577016,2,0.17166707929889902,4,0.29280963887577016,-1,
Film,"['CreativeWorks', 'FilmAndTV', 'Film']",1559,CreativeWorks,4,0.3221594331520831,2,0.18727970282297993,4,0.322159433152083,-1,
Film,"['CreativeWorks', 'FilmAndTV', 'Film']",1560,CreativeWorks,4,0.2965250857141604,2,0.16819264965524838,4,0.2965250857141604,-1,
Film,"['CreativeWorks', 'FilmAndTV', 'Film']",1561,CreativeWorks,4,0.39039910834635355,2,0.23168420084144187,4,0.39039910834635355,-1,
Film,"['CreativeWorks', 'FilmAndTV', 'Film']",1562,CreativeWorks,4,0.2882011515282784,2,0.16548453010251687,4,0.2882011515282784,-1,
Film,"['CreativeWorks', 'FilmAndTV', 'Film']",1563,CreativeWorks,4,0.32598541387368346,2,0.19915247054727178,4,0.32598541387368346,-1,
Film,"['CreativeWorks', 'FilmAndTV', 'Film']",1564,CreativeWorks,4,0.36384765942891406,2,0.21854315430710333,4,0.363847659428914,-1,
Film,"['CreativeWorks', 'FilmAndTV', 'Film']",1565,CreativeWorks,4,0.28597857988806263,2,0.16832725546941837,4,0.2859785798880627,-1,
Film,"['CreativeWorks', 'FilmAndTV', 'Film']",1566,CreativeWorks,4,0.3215940358996471,2,0.18736905467127507,4,0.32159403589964713,-1,
Film,"['CreativeWorks', 'FilmAndTV', 'Film']",1567,CreativeWorks,4,0.29327633556347454,2,0.1717503691745738,4,0.29327633556347454,-1,
Film,"['CreativeWorks', 'FilmAndTV', 'Film']",1568,CreativeWorks,4,0.3461655425849474,2,0.204156662091702,4,0.3461655425849474,-1,
Film,"['CreativeWorks', 'FilmAndTV', 'Film']",1569,CreativeWorks,1,0.25421634332897103,1,0.15609466787858908,1,0.2542163433289709,-1,
Film,"['CreativeWorks', 'FilmAndTV', 'Film']",1570,CreativeWorks,4,0.29192354121356107,2,0.17594722317640715,4,0.2919235412135611,-1,
Film,"['CreativeWorks', 'FilmAndTV', 'Film']",1571,CreativeWorks,4,0.27589542497866515,2,0.17002315884898253,4,0.27589542497866515,-1,
Film,"['CreativeWorks', 'FilmAndTV', 'Film']",1572,CreativeWorks,4,0.3359346160144453,2,0.20069296449645024,4,0.3359346160144453,-1,
Film,"['CreativeWorks', 'FilmAndTV', 'Film']",1573,CreativeWorks,4,0.317156100645736,2,0.18269999903829898,4,0.31715610064573607,-1,
Film,"['CreativeWorks', 'FilmAndTV', 'Film']",1574,CreativeWorks,4,0.3008973808766636,2,0.1796325442008802,4,0.3008973808766636,-1,
Film,"['CreativeWorks', 'FilmAndTV', 'Film']",1575,CreativeWorks,4,0.29357658031472805,7,0.16943858699473213,4,0.29357658031472805,-1,
Film,"['CreativeWorks', 'FilmAndTV', 'Film']",1576,CreativeWorks,4,0.40366542586784804,2,0.2443402513302046,4,0.40366542586784804,-1,
Film,"['CreativeWorks', 'FilmAndTV', 'Film']",1577,CreativeWorks,4,0.29487746602135145,2,0.17772026438330488,4,0.29487746602135145,-1,
Film,"['CreativeWorks', 'FilmAndTV', 'Film']",1578,CreativeWorks,4,0.24694257204402867,2,0.15419281690824527,4,0.24694257204402867,-1,
Film,"['CreativeWorks', 'FilmAndTV', 'Film']",1579,CreativeWorks,4,0.27794566585744634,2,0.15869909310623198,4,0.2779456658574464,-1,
Film,"['CreativeWorks', 'FilmAndTV', 'Film']",1580,CreativeWorks,4,0.3482313714540353,2,0.20333299110673553,4,0.3482313714540353,-1,
Film,"['CreativeWorks', 'FilmAndTV', 'Film']",1581,CreativeWorks,4,0.339126568757873,2,0.200754981838085,4,0.33912656875787295,-1,
Film,"['CreativeWorks', 'FilmAndTV', 'Film']",1582,CreativeWorks,4,0.3186386438614657,2,0.18294423776022023,4,0.3186386438614656,-1,
Film,"['CreativeWorks', 'FilmAndTV', 'Film']",1583,CreativeWorks,4,0.3021457763071261,2,0.1877818848221332,4,0.3021457763071261,-1,
Film,"['CreativeWorks', 'FilmAndTV', 'Film']",1584,CreativeWorks,4,0.2808886987643853,2,0.1785049404391879,4,0.2808886987643853,-1,
Film,"['CreativeWorks', 'FilmAndTV', 'Film']",1585,CreativeWorks,4,0.2686593138371587,2,0.1665418774840487,4,0.26865931383715874,-1,
Film,"['CreativeWorks', 'FilmAndTV', 'Film']",1586,CreativeWorks,4,0.34560208346532306,2,0.19824232163768937,4,0.3456020834653232,-1,
Film,"['CreativeWorks', 'FilmAndTV', 'Film']",1587,CreativeWorks,4,0.32041518500172866,2,0.19001368375408792,4,0.32041518500172866,-1,
Film,"['CreativeWorks', 'FilmAndTV', 'Film']",1588,CreativeWorks,4,0.33281678928546443,2,0.19861420416698117,4,0.3328167892854644,-1,
Film,"['CreativeWorks', 'FilmAndTV', 'Film']",1589,CreativeWorks,4,0.3430355567834368,2,0.20244759785778207,4,0.3430355567834367,-1,
Film,"['CreativeWorks', 'FilmAndTV', 'Film']",1590,CreativeWorks,4,0.3142353767091502,2,0.1766202400699383,4,0.3142353767091502,-1,
Film,"['CreativeWorks', 'FilmAndTV', 'Film']",1591,CreativeWorks,4,0.3548057418338491,2,0.2403272075956872,4,0.3548057418338491,-1,
Film,"['CreativeWorks', 'FilmAndTV', 'Film']",1592,CreativeWorks,4,0.26984648686997537,2,0.16996714911992958,4,0.26984648686997537,-1,
Film,"['CreativeWorks', 'FilmAndTV', 'Film']",1593,CreativeWorks,4,0.28830847693906025,2,0.16914796302397125,4,0.28830847693906037,-1,
Film,"['CreativeWorks', 'FilmAndTV', 'Film']",1594,CreativeWorks,4,0.26270216456281137,2,0.1594474956449994,4,0.26270216456281137,-1,
Film,"['CreativeWorks', 'FilmAndTV', 'Film']",1595,CreativeWorks,4,0.3222059520703584,2,0.1957458754897994,4,0.3222059520703584,-1,
Film,"['CreativeWorks', 'FilmAndTV', 'Film']",1596,CreativeWorks,4,0.290365309738606,2,0.177001971589854,4,0.2903653097386061,-1,
Film,"['CreativeWorks', 'FilmAndTV', 'Film']",1597,CreativeWorks,4,0.31125842330389236,2,0.18884139316174886,4,0.3112584233038924,-1,
Film,"['CreativeWorks', 'FilmAndTV', 'Film']",1598,CreativeWorks,4,0.26507807378632325,2,0.15876400643867514,4,0.2650780737863233,-1,
Film,"['CreativeWorks', 'FilmAndTV', 'Film']",1599,CreativeWorks,1,0.2626628337052399,1,0.1644470100832471,1,0.26266283370523985,-1,
Film,"['CreativeWorks', 'FilmAndTV', 'Film']",1600,CreativeWorks,4,0.299604616644226,2,0.18604313845577403,4,0.29960461664422594,-1,
Film,"['CreativeWorks', 'FilmAndTV', 'Film']",1601,CreativeWorks,4,0.24797360713791095,2,0.15766730125088316,4,0.24797360713791095,-1,
Film,"['CreativeWorks', 'FilmAndTV', 'Film']",1602,CreativeWorks,4,0.2748148467280534,2,0.15946434313436186,4,0.2748148467280534,-1,
Film,"['CreativeWorks', 'FilmAndTV', 'Film']",1603,CreativeWorks,4,0.28168765760982595,2,0.17650262703047226,4,0.28168765760982595,-1,
Film,"['CreativeWorks', 'FilmAndTV', 'Film']",1604,CreativeWorks,4,0.3347905248010404,2,0.19716406701043837,4,0.3347905248010404,-1,
Film,"['CreativeWorks', 'FilmAndTV', 'Film']",1605,CreativeWorks,4,0.37410023255163743,2,0.2251734217849868,4,0.3741002325516375,-1,
Film,"['CreativeWorks', 'FilmAndTV', 'Film']",1606,CreativeWorks,4,0.3320927214507266,2,0.18955796612680922,4,0.33209272145072666,-1,
Film,"['CreativeWorks', 'FilmAndTV', 'Film']",1607,CreativeWorks,4,0.38292616480473696,2,0.22390885209221018,4,0.382926164804737,-1,
Film,"['CreativeWorks', 'FilmAndTV', 'Film']",1608,CreativeWorks,4,0.296603916699477,2,0.16905771294193184,4,0.296603916699477,-1,
Film,"['CreativeWorks', 'FilmAndTV', 'Film']",1609,CreativeWorks,4,0.35316505838481904,2,0.21057000139883272,4,0.35316505838481893,-1,
Film,"['CreativeWorks', 'FilmAndTV', 'Film']",1610,CreativeWorks,4,0.2998422128204707,2,0.1827741091862485,4,0.2998422128204707,-1,
Film,"['CreativeWorks', 'FilmAndTV', 'Film']",1611,CreativeWorks,4,0.30521673381954534,2,0.1749487400364487,4,0.3052167338195453,-1,
Film,"['CreativeWorks', 'FilmAndTV', 'Film']",1612,CreativeWorks,1,0.26405315388292466,1,0.16568856344624733,1,0.2640531538829246,-1,
Film,"['CreativeWorks', 'FilmAndTV', 'Film']",1613,CreativeWorks,4,0.3807698393463397,2,0.22279603002129383,4,0.3807698393463397,-1,
Film,"['CreativeWorks', 'FilmAndTV', 'Film']",1614,CreativeWorks,4,0.31107783236929387,2,0.18228981704527833,4,0.31107783236929387,-1,
Film,"['CreativeWorks', 'FilmAndTV', 'Film']",1615,CreativeWorks,4,0.3113514654079471,2,0.18781273514663552,4,0.3113514654079471,-1,
Film,"['CreativeWorks', 'FilmAndTV', 'Film']",1616,CreativeWorks,4,0.3028367342175082,2,0.1896727228092825,4,0.3028367342175082,-1,
Film,"['CreativeWorks', 'FilmAndTV', 'Film']",1617,CreativeWorks,4,0.26527197653492396,2,0.16125664591592784,4,0.26527197653492396,-1,
Film,"['CreativeWorks', 'FilmAndTV', 'Film']",1618,CreativeWorks,4,0.25185733813651096,2,0.15736155825754763,4,0.25185733813651096,-1,
Film,"['CreativeWorks', 'FilmAndTV', 'Film']",1619,CreativeWorks,4,0.2515834080751847,2,0.15858954985534718,4,0.2515834080751847,-1,
Film,"['CreativeWorks', 'FilmAndTV', 'Film']",1620,CreativeWorks,4,0.2890600704911596,2,0.1632553761600425,4,0.2890600704911596,-1,
Film,"['CreativeWorks', 'FilmAndTV', 'Film']",1621,CreativeWorks,4,0.291413220817734,2,0.16629492767423573,4,0.291413220817734,-1,
Film,"['CreativeWorks', 'FilmAndTV', 'Film']",1622,CreativeWorks,1,0.2604552708769597,1,0.16172412645163423,1,0.26045527087695963,-1,
Film,"['CreativeWorks', 'FilmAndTV', 'Film']",1623,CreativeWorks,4,0.3253980074104467,2,0.18819871166322005,4,0.3253980074104468,-1,
Film,"['CreativeWorks', 'FilmAndTV', 'Film']",1624,CreativeWorks,4,0.27160264590363603,2,0.16483840193435748,4,0.27160264590363603,-1,
Film,"['CreativeWorks', 'FilmAndTV', 'Film']",1625,CreativeWorks,4,0.29845859876264524,2,0.17808579760057258,4,0.29845859876264524,-1,
Film,"['CreativeWorks', 'FilmAndTV', 'Film']",1626,CreativeWorks,4,0.3035537439102071,2,0.18649362287231125,4,0.3035537439102072,-1,
Film,"['CreativeWorks', 'FilmAndTV', 'Film']",1627,CreativeWorks,4,0.2923834279869769,2,0.18791408477137744,4,0.2923834279869769,-1,
Film,"['CreativeWorks', 'FilmAndTV', 'Film']",1628,CreativeWorks,1,0.2607965135520306,1,0.16240589811143047,1,0.2607965135520306,-1,
Film,"['CreativeWorks', 'FilmAndTV', 'Film']",1629,CreativeWorks,4,0.2568114152669484,2,0.15990265070896487,4,0.25681141526694845,-1,
Film,"['CreativeWorks', 'FilmAndTV', 'Film']",1630,CreativeWorks,4,0.26833009214357234,2,0.16442827400513946,4,0.2683300921435724,-1,
Film,"['CreativeWorks', 'FilmAndTV', 'Film']",1631,CreativeWorks,4,0.2484953740552577,2,0.1556800507560243,4,0.24849537405525776,-1,
Film,"['CreativeWorks', 'FilmAndTV', 'Film']",1632,CreativeWorks,4,0.2632496071047682,2,0.1637835311631506,4,0.26324960710476825,-1,
Film,"['CreativeWorks', 'FilmAndTV', 'Film']",1633,CreativeWorks,4,0.34665427777160673,2,0.20583264820644545,4,0.3466542777716068,-1,
Film,"['CreativeWorks', 'FilmAndTV', 'Film']",1634,CreativeWorks,4,0.30090286989301046,2,0.1810032543950336,4,0.3009028698930104,-1,
Film,"['CreativeWorks', 'FilmAndTV', 'Film']",1635,CreativeWorks,4,0.2750856902606478,2,0.16742539092303171,4,0.27508569026064783,-1,
Film,"['CreativeWorks', 'FilmAndTV', 'Film']",1636,CreativeWorks,4,0.31876309711506207,7,0.2024634109923338,4,0.31876309711506207,-1,
Film,"['CreativeWorks', 'FilmAndTV', 'Film']",1637,CreativeWorks,4,0.34741220390530647,2,0.2134121491535886,4,0.3474122039053066,-1,
Film,"['CreativeWorks', 'FilmAndTV', 'Film']",1638,CreativeWorks,4,0.25525614008338154,2,0.16010802414023087,4,0.25525614008338154,-1,
Film,"['CreativeWorks', 'FilmAndTV', 'Film']",1639,CreativeWorks,4,0.30653755035850155,7,0.17921682630500663,4,0.3065375503585016,-1,
Film,"['CreativeWorks', 'FilmAndTV', 'Film']",1640,CreativeWorks,4,0.3331317753030104,2,0.20170531019668958,4,0.3331317753030104,-1,
Film,"['CreativeWorks', 'FilmAndTV', 'Film']",1641,CreativeWorks,4,0.33361754555442635,2,0.19878560185580718,4,0.33361754555442635,-1,
Film,"['CreativeWorks', 'FilmAndTV', 'Film']",1642,CreativeWorks,4,0.2827619401449306,2,0.16697819577861675,4,0.28276194014493067,-1,
Film,"['CreativeWorks', 'FilmAndTV', 'Film']",1643,CreativeWorks,4,0.3564604901040816,2,0.2234722341947629,4,0.3564604901040816,-1,
Film,"['CreativeWorks', 'FilmAndTV', 'Film']",1644,CreativeWorks,4,0.3032849948570212,2,0.176854800820472,4,0.30328499485702126,-1,
Film,"['CreativeWorks', 'FilmAndTV', 'Film']",1645,CreativeWorks,4,0.31719801852473634,2,0.18013543870215035,4,0.31719801852473634,-1,
Film,"['CreativeWorks', 'FilmAndTV', 'Film']",1646,CreativeWorks,4,0.3481391357354578,2,0.20226872726861234,4,0.3481391357354578,-1,
Film,"['CreativeWorks', 'FilmAndTV', 'Film']",1647,CreativeWorks,4,0.3513186242559746,2,0.2118704745843106,4,0.3513186242559745,-1,
Film,"['CreativeWorks', 'FilmAndTV', 'Film']",1648,CreativeWorks,4,0.34852507259789106,2,0.2132284243502456,4,0.34852507259789106,-1,
Film,"['CreativeWorks', 'FilmAndTV', 'Film']",1649,CreativeWorks,4,0.274567979382664,2,0.1722059309065294,4,0.274567979382664,-1,
Film,"['CreativeWorks', 'FilmAndTV', 'Film']",1650,CreativeWorks,4,0.27240619459030896,2,0.16317725081163134,4,0.27240619459030896,-1,
Film,"['CreativeWorks', 'FilmAndTV', 'Film']",1651,CreativeWorks,4,0.257660634796141,2,0.1473146002116753,4,0.25766063479614104,-1,
Film,"['CreativeWorks', 'FilmAndTV', 'Film']",1652,CreativeWorks,4,0.2973103415788014,2,0.17514239422031147,4,0.2973103415788014,-1,
Film,"['CreativeWorks', 'FilmAndTV', 'Film']",1653,CreativeWorks,4,0.2687922858060139,2,0.16401470175532967,4,0.2687922858060139,-1,
Film,"['CreativeWorks', 'FilmAndTV', 'Film']",1654,CreativeWorks,4,0.29265961454095585,2,0.17289234310058935,4,0.2926596145409559,-1,
Film,"['CreativeWorks', 'FilmAndTV', 'Film']",1655,CreativeWorks,1,0.25017321548828664,7,0.15697558124747055,1,0.25017321548828664,-1,
Film,"['CreativeWorks', 'FilmAndTV', 'Film']",1656,CreativeWorks,4,0.26249846958318745,2,0.16192636524082146,4,0.2624984695831875,-1,
Film,"['CreativeWorks', 'FilmAndTV', 'Film']",1657,CreativeWorks,4,0.2573665456100291,2,0.15276251698104953,4,0.2573665456100291,-1,
Film,"['CreativeWorks', 'FilmAndTV', 'Film']",1658,CreativeWorks,4,0.36663431668073426,2,0.2044072684121765,4,0.36663431668073426,-1,
Film,"['CreativeWorks', 'FilmAndTV', 'Film']",1659,CreativeWorks,4,0.29803011540083496,2,0.18018997819702973,4,0.2980301154008349,-1,
Film,"['CreativeWorks', 'FilmAndTV', 'Film']",1660,CreativeWorks,4,0.27887988264641633,2,0.1659903640256137,4,0.27887988264641633,-1,
Film,"['CreativeWorks', 'FilmAndTV', 'Film']",1661,CreativeWorks,4,0.37433875675319667,2,0.21687504357888757,4,0.37433875675319683,-1,
Film,"['CreativeWorks', 'FilmAndTV', 'Film']",1662,CreativeWorks,4,0.2734399058975721,2,0.16745191140243293,4,0.2734399058975721,-1,
Film,"['CreativeWorks', 'FilmAndTV', 'Film']",1663,CreativeWorks,4,0.27361935874468507,2,0.16393772334953105,4,0.27361935874468507,-1,
Film,"['CreativeWorks', 'FilmAndTV', 'Film']",1664,CreativeWorks,4,0.3339599754722362,2,0.19218260070513238,4,0.33395997547223627,-1,
Film,"['CreativeWorks', 'FilmAndTV', 'Film']",1665,CreativeWorks,4,0.2808363304899441,2,0.16745960780255123,4,0.28083633048994416,-1,
Film,"['CreativeWorks', 'FilmAndTV', 'Film']",1666,CreativeWorks,4,0.2986081702944167,2,0.1816311633937843,4,0.2986081702944167,-1,
WrittenWork,"['CreativeWorks', 'Writing', 'WrittenWork']",1667,CreativeWorks,4,0.29730654316317046,2,0.18146771593741587,4,0.2973065431631705,-1,
WrittenWork,"['CreativeWorks', 'Writing', 'WrittenWork']",1668,CreativeWorks,4,0.28182147465703594,2,0.17320535776499166,4,0.281821474657036,-1,
WrittenWork,"['CreativeWorks', 'Writing', 'WrittenWork']",1669,CreativeWorks,4,0.22790398533147863,2,0.14449886526873262,4,0.22790398533147863,-1,
WrittenWork,"['CreativeWorks', 'Writing', 'WrittenWork']",1670,CreativeWorks,4,0.2913260300008917,2,0.1814682635265367,4,0.2913260300008917,-1,
WrittenWork,"['CreativeWorks', 'Writing', 'WrittenWork']",1671,CreativeWorks,4,0.2926965594539862,2,0.17857238924202895,4,0.2926965594539862,-1,
WrittenWork,"['CreativeWorks', 'Writing', 'WrittenWork']",1672,CreativeWorks,4,0.265816063699254,2,0.15400124018039354,4,0.2658160636992539,-1,
WrittenWork,"['CreativeWorks', 'Writing', 'WrittenWork']",1673,CreativeWorks,4,0.3207216082282672,2,0.18561461391383557,4,0.32072160822826723,-1,
WrittenWork,"['CreativeWorks', 'Writing', 'WrittenWork']",1674,CreativeWorks,4,0.34479696095941376,2,0.20368755418950538,4,0.34479696095941376,-1,
WrittenWork,"['CreativeWorks', 'Writing', 'WrittenWork']",1675,CreativeWorks,3,0.24598010322319255,3,0.14835781445155277,3,0.2459801032231925,-1,
WrittenWork,"['CreativeWorks', 'Writing', 'WrittenWork']",1676,CreativeWorks,4,0.3138351767578133,2,0.18720956988093249,4,0.31383517675781336,-1,
WrittenWork,"['CreativeWorks', 'Writing', 'WrittenWork']",1677,CreativeWorks,4,0.2385411964788915,2,0.14916105791522558,4,0.2385411964788915,-1,
WrittenWork,"['CreativeWorks', 'Writing', 'WrittenWork']",1678,CreativeWorks,4,0.24856817025293138,2,0.15732260878617457,4,0.24856817025293138,-1,
WrittenWork,"['CreativeWorks', 'Writing', 'WrittenWork']",1679,CreativeWorks,4,0.26939229118720937,7,0.15509972944682404,4,0.2693922911872094,-1,
WrittenWork,"['CreativeWorks', 'Writing', 'WrittenWork']",1680,CreativeWorks,4,0.26376793110914126,2,0.16570935713644178,4,0.26376793110914126,-1,
WrittenWork,"['CreativeWorks', 'Writing', 'WrittenWork']",1681,CreativeWorks,4,0.27214649988160916,7,0.21752930674409368,4,0.27214649988160916,-1,
WrittenWork,"['CreativeWorks', 'Writing', 'WrittenWork']",1682,CreativeWorks,4,0.28886677710250563,2,0.17682165571148104,4,0.28886677710250563,-1,
WrittenWork,"['CreativeWorks', 'Writing', 'WrittenWork']",1683,CreativeWorks,4,0.32117329462455224,2,0.1857560703199076,4,0.3211732946245522,-1,
WrittenWork,"['CreativeWorks', 'Writing', 'WrittenWork']",1684,CreativeWorks,3,0.26179061232823103,3,0.16741020979326443,3,0.26179061232823103,-1,
WrittenWork,"['CreativeWorks', 'Writing', 'WrittenWork']",1685,CreativeWorks,4,0.2765372787699069,2,0.16758279674869708,4,0.27653727876990697,-1,
WrittenWork,"['CreativeWorks', 'Writing', 'WrittenWork']",1686,CreativeWorks,1,0.2174849425148013,6,0.13684575640549249,1,0.21748494251480127,-1,
WrittenWork,"['CreativeWorks', 'Writing', 'WrittenWork']",1687,CreativeWorks,4,0.3721440590951101,2,0.2077916375590118,4,0.37214405909510995,-1,
WrittenWork,"['CreativeWorks', 'Writing', 'WrittenWork']",1688,CreativeWorks,4,0.30147535796823344,2,0.17662250854227765,4,0.3014753579682335,-1,
WrittenWork,"['CreativeWorks', 'Writing', 'WrittenWork']",1689,CreativeWorks,0,0.23854701097165515,4,0.1456949624781623,0,0.23854701097165515,-1,
WrittenWork,"['CreativeWorks', 'Writing', 'WrittenWork']",1690,CreativeWorks,1,0.2389260312346197,2,0.14868109200295299,1,0.23892603123461964,-1,
WrittenWork,"['CreativeWorks', 'Writing', 'WrittenWork']",1691,CreativeWorks,0,0.2415548514337186,4,0.14331254405611976,0,0.2415548514337186,-1,
WrittenWork,"['CreativeWorks', 'Writing', 'WrittenWork']",1692,CreativeWorks,4,0.3244768845194797,2,0.21313904934219163,4,0.3244768845194797,-1,
WrittenWork,"['CreativeWorks', 'Writing', 'WrittenWork']",1693,CreativeWorks,4,0.26981291988497913,2,0.16550560989324997,4,0.26981291988497913,-1,
WrittenWork,"['CreativeWorks', 'Writing', 'WrittenWork']",1694,CreativeWorks,4,0.3066256231303577,2,0.17506811871010347,4,0.3066256231303578,-1,
WrittenWork,"['CreativeWorks', 'Writing', 'WrittenWork']",1695,CreativeWorks,4,0.23680936216305828,2,0.14384400106154782,4,0.23680936216305826,-1,
WrittenWork,"['CreativeWorks', 'Writing', 'WrittenWork']",1696,CreativeWorks,0,0.2585133848148853,4,0.15476642437623,0,0.2585133848148853,-1,
WrittenWork,"['CreativeWorks', 'Writing', 'WrittenWork']",1697,CreativeWorks,4,0.30794566978031046,2,0.17076466895609585,4,0.30794566978031046,-1,
WrittenWork,"['CreativeWorks', 'Writing', 'WrittenWork']",1698,CreativeWorks,0,0.2698256034474767,4,0.16314994745877048,0,0.2698256034474767,-1,
WrittenWork,"['CreativeWorks', 'Writing', 'WrittenWork']",1699,CreativeWorks,4,0.2515528070721993,2,0.15975540105897598,4,0.25155280707219924,-1,
WrittenWork,"['CreativeWorks', 'Writing', 'WrittenWork']",1700,CreativeWorks,4,0.32110762253573394,2,0.20558246470184446,4,0.32110762253573394,-1,
WrittenWork,"['CreativeWorks', 'Writing', 'WrittenWork']",1701,CreativeWorks,2,0.22759192997491579,6,0.18011897189817563,2,0.22759192997491579,-1,
WrittenWork,"['CreativeWorks', 'Writing', 'WrittenWork']",1702,CreativeWorks,0,0.24750209237980852,4,0.14820887568473873,0,0.24750209237980852,-1,
WrittenWork,"['CreativeWorks', 'Writing', 'WrittenWork']",1703,CreativeWorks,4,0.280247202376506,2,0.1733052662442178,4,0.280247202376506,-1,
WrittenWork,"['CreativeWorks', 'Writing', 'WrittenWork']",1704,CreativeWorks,4,0.2567678310774048,2,0.1657473100460455,4,0.2567678310774048,-1,
WrittenWork,"['CreativeWorks', 'Writing', 'WrittenWork']",1705,CreativeWorks,4,0.33861163388064774,2,0.20732794312341485,4,0.3386116338806477,-1,
WrittenWork,"['CreativeWorks', 'Writing', 'WrittenWork']",1706,CreativeWorks,0,0.273008579854213,4,0.1766473146900239,0,0.273008579854213,-1,
WrittenWork,"['CreativeWorks', 'Writing', 'WrittenWork']",1707,CreativeWorks,4,0.32653043217046784,2,0.1869466713424265,4,0.32653043217046784,-1,
WrittenWork,"['CreativeWorks', 'Writing', 'WrittenWork']",1708,CreativeWorks,0,0.23725908944329135,5,0.14230936667958632,0,0.23725908944329133,-1,
WrittenWork,"['CreativeWorks', 'Writing', 'WrittenWork']",1709,CreativeWorks,0,0.2636694292700701,4,0.15586713139656763,0,0.2636694292700701,-1,
WrittenWork,"['CreativeWorks', 'Writing', 'WrittenWork']",1710,CreativeWorks,4,0.3353643832149636,2,0.19622718857756155,4,0.3353643832149636,-1,
WrittenWork,"['CreativeWorks', 'Writing', 'WrittenWork']",1711,CreativeWorks,4,0.2671211137020546,2,0.16707401977883418,4,0.26712111370205455,-1,
WrittenWork,"['CreativeWorks', 'Writing', 'WrittenWork']",1712,CreativeWorks,4,0.2984282565230351,2,0.18758548140991757,4,0.2984282565230352,-1,
WrittenWork,"['CreativeWorks', 'Writing', 'WrittenWork']",1713,CreativeWorks,4,0.26016447684245286,2,0.17602188525938897,4,0.26016447684245286,-1,
WrittenWork,"['CreativeWorks', 'Writing', 'WrittenWork']",1714,CreativeWorks,4,0.27615225774724744,2,0.17189452395095758,4,0.27615225774724744,-1,
WrittenWork,"['CreativeWorks', 'Writing', 'WrittenWork']",1715,CreativeWorks,4,0.26477497247168275,2,0.16770187739551803,4,0.2647749724716827,-1,
WrittenWork,"['CreativeWorks', 'Writing', 'WrittenWork']",1716,CreativeWorks,0,0.252734018894082,4,0.147708023924125,0,0.2527340188940819,-1,
WrittenWork,"['CreativeWorks', 'Writing', 'WrittenWork']",1717,CreativeWorks,4,0.22257369217264644,2,0.1414946873732646,4,0.22257369217264647,-1,
WrittenWork,"['CreativeWorks', 'Writing', 'WrittenWork']",1718,CreativeWorks,4,0.26629528460908786,2,0.1613130864290466,4,0.2662952846090878,-1,
WrittenWork,"['CreativeWorks', 'Writing', 'WrittenWork']",1719,CreativeWorks,0,0.2157881611427596,7,0.15399099692675758,0,0.21578816114275956,-1,
WrittenWork,"['CreativeWorks', 'Writing', 'WrittenWork']",1720,CreativeWorks,4,0.2774159603070853,2,0.1644470434091859,4,0.2774159603070853,-1,
WrittenWork,"['CreativeWorks', 'Writing', 'WrittenWork']",1721,CreativeWorks,4,0.3039519357526276,2,0.18210252591551968,4,0.3039519357526276,-1,
WrittenWork,"['CreativeWorks', 'Writing', 'WrittenWork']",1722,CreativeWorks,4,0.2588532988384677,2,0.153968610443793,4,0.25885329883846764,-1,
WrittenWork,"['CreativeWorks', 'Writing', 'WrittenWork']",1723,CreativeWorks,4,0.25927326157515923,2,0.1554959325020764,4,0.25927326157515923,-1,
WrittenWork,"['CreativeWorks', 'Writing', 'WrittenWork']",1724,CreativeWorks,4,0.2407719495514488,2,0.14401472687158803,4,0.24077194955144884,-1,
WrittenWork,"['CreativeWorks', 'Writing', 'WrittenWork']",1725,CreativeWorks,4,0.2963416710851851,2,0.1793422700206851,4,0.2963416710851851,-1,
WrittenWork,"['CreativeWorks', 'Writing', 'WrittenWork']",1726,CreativeWorks,4,0.27820901679400273,2,0.16956776156630313,4,0.27820901679400273,-1,
WrittenWork,"['CreativeWorks', 'Writing', 'WrittenWork']",1727,CreativeWorks,4,0.2729400771981838,2,0.17154644742482453,4,0.27294007719818386,-1,
WrittenWork,"['CreativeWorks', 'Writing', 'WrittenWork']",1728,CreativeWorks,4,0.2698799636853162,2,0.16282219946845244,4,0.2698799636853162,-1,
WrittenWork,"['CreativeWorks', 'Writing', 'WrittenWork']",1729,CreativeWorks,4,0.3541615711100631,2,0.1938502097296727,4,0.3541615711100631,-1,
WrittenWork,"['CreativeWorks', 'Writing', 'WrittenWork']",1730,CreativeWorks,4,0.2628846646051128,2,0.1512725134748936,4,0.26288466460511273,-1,
WrittenWork,"['CreativeWorks', 'Writing', 'WrittenWork']",1731,CreativeWorks,4,0.2488671231140752,6,0.1547192228256386,4,0.24886712311407513,-1,
WrittenWork,"['CreativeWorks', 'Writing', 'WrittenWork']",1732,CreativeWorks,4,0.24433064233730628,2,0.14487496120769827,4,0.24433064233730634,-1,
WrittenWork,"['CreativeWorks', 'Writing', 'WrittenWork']",1733,CreativeWorks,4,0.3407907362763844,2,0.1983761864616384,4,0.34079073627638445,-1,
WrittenWork,"['CreativeWorks', 'Writing', 'WrittenWork']",1734,CreativeWorks,0,0.24744464251031345,4,0.14721333893028146,0,0.24744464251031345,-1,
WrittenWork,"['CreativeWorks', 'Writing', 'WrittenWork']",1735,CreativeWorks,4,0.2696400935778303,2,0.16648861692967662,4,0.2696400935778303,-1,
WrittenWork,"['CreativeWorks', 'Writing', 'WrittenWork']",1736,CreativeWorks,4,0.27344995183240517,2,0.16150475548793755,4,0.2734499518324052,-1,
WrittenWork,"['CreativeWorks', 'Writing', 'WrittenWork']",1737,CreativeWorks,4,0.28059656539454797,2,0.16062384463388282,4,0.28059656539454797,-1,
WrittenWork,"['CreativeWorks', 'Writing', 'WrittenWork']",1738,CreativeWorks,4,0.2702657748745103,2,0.17234271057527595,4,0.2702657748745103,-1,
WrittenWork,"['CreativeWorks', 'Writing', 'WrittenWork']",1739,CreativeWorks,4,0.2726977092437971,2,0.16862282601743595,4,0.27269770924379716,-1,
WrittenWork,"['CreativeWorks', 'Writing', 'WrittenWork']",1740,CreativeWorks,4,0.3049341747493066,2,0.18823022872151596,4,0.3049341747493066,-1,
WrittenWork,"['CreativeWorks', 'Writing', 'WrittenWork']",1741,CreativeWorks,4,0.36025861783343416,2,0.21688207764277423,4,0.36025861783343416,-1,
WrittenWork,"['CreativeWorks', 'Writing', 'WrittenWork']",1742,CreativeWorks,4,0.22395956589491844,7,0.14745226560691008,4,0.22395956589491844,-1,
WrittenWork,"['CreativeWorks', 'Writing', 'WrittenWork']",1743,CreativeWorks,4,0.25386577123919607,2,0.15118395425563455,4,0.25386577123919607,-1,
WrittenWork,"['CreativeWorks', 'Writing', 'WrittenWork']",1744,CreativeWorks,4,0.27239111480857364,2,0.17829936450088085,4,0.27239111480857364,-1,
WrittenWork,"['CreativeWorks', 'Writing', 'WrittenWork']",1745,CreativeWorks,0,0.27439138143420716,4,0.17160812255649746,0,0.2743913814342071,-1,
WrittenWork,"['CreativeWorks', 'Writing', 'WrittenWork']",1746,CreativeWorks,0,0.2447964551365804,7,0.15720967243108175,0,0.2447964551365804,-1,
WrittenWork,"['CreativeWorks', 'Writing', 'WrittenWork']",1747,CreativeWorks,4,0.298580184233437,2,0.18017732250268795,4,0.298580184233437,-1,
WrittenWork,"['CreativeWorks', 'Writing', 'WrittenWork']",1748,CreativeWorks,4,0.2782915250956228,2,0.16012703554471266,4,0.2782915250956228,-1,
WrittenWork,"['CreativeWorks', 'Writing', 'WrittenWork']",1749,CreativeWorks,4,0.28840485978896035,2,0.16974143608916178,4,0.28840485978896035,-1,
WrittenWork,"['CreativeWorks', 'Writing', 'WrittenWork']",1750,CreativeWorks,4,0.3015475699017694,2,0.18062327854034385,4,0.3015475699017694,-1,
WrittenWork,"['CreativeWorks', 'Writing', 'WrittenWork']",1751,CreativeWorks,4,0.31104947840329217,2,0.19038639300458438,4,0.3110494784032921,-1,
WrittenWork,"['CreativeWorks', 'Writing', 'WrittenWork']",1752,CreativeWorks,0,0.2781566209350165,4,0.16682447538389497,0,0.27815662093501636,-1,
WrittenWork,"['CreativeWorks', 'Writing', 'WrittenWork']",1753,CreativeWorks,4,0.3268497778093924,2,0.20849867765275323,4,0.32684977780939245,-1,
WrittenWork,"['CreativeWorks', 'Writing', 'WrittenWork']",1754,CreativeWorks,0,0.2670879972957868,4,0.15510417344167285,0,0.26708799729578675,-1,
WrittenWork,"['CreativeWorks', 'Writing', 'WrittenWork']",1755,CreativeWorks,4,0.2987168716502223,2,0.18865751150653515,4,0.2987168716502223,-1,
WrittenWork,"['CreativeWorks', 'Writing', 'WrittenWork']",1756,CreativeWorks,4,0.274266653065316,2,0.163446592875452,4,0.274266653065316,-1,
WrittenWork,"['CreativeWorks', 'Writing', 'WrittenWork']",1757,CreativeWorks,4,0.24366538797390705,2,0.15721128016645147,4,0.24366538797390705,-1,
WrittenWork,"['CreativeWorks', 'Writing', 'WrittenWork']",1758,CreativeWorks,4,0.2213854440787883,2,0.13745280082371888,4,0.2213854440787883,-1,
WrittenWork,"['CreativeWorks', 'Writing', 'WrittenWork']",1759,CreativeWorks,4,0.2541775515161198,2,0.15488468156166105,4,0.2541775515161198,-1,
WrittenWork,"['CreativeWorks', 'Writing', 'WrittenWork']",1760,CreativeWorks,4,0.2722866570183002,2,0.17424255399320418,4,0.2722866570183002,-1,
WrittenWork,"['CreativeWorks', 'Writing', 'WrittenWork']",1761,CreativeWorks,0,0.24305155932072733,7,0.14457274073707788,0,0.24305155932072728,-1,
WrittenWork,"['CreativeWorks', 'Writing', 'WrittenWork']",1762,CreativeWorks,4,0.27996210704448926,7,0.16430137163814612,4,0.27996210704448926,-1,
WrittenWork,"['CreativeWorks', 'Writing', 'WrittenWork']",1763,CreativeWorks,4,0.28974141499205414,2,0.18337747642470695,4,0.2897414149920541,-1,
WrittenWork,"['CreativeWorks', 'Writing', 'WrittenWork']",1764,CreativeWorks,4,0.33484113633824203,2,0.2003092747365226,4,0.33484113633824214,-1,
WrittenWork,"['CreativeWorks', 'Writing', 'WrittenWork']",1765,CreativeWorks,4,0.26362585028810254,2,0.16304725378388255,4,0.26362585028810254,-1,
WrittenWork,"['CreativeWorks', 'Writing', 'WrittenWork']",1766,CreativeWorks,4,0.29240950806012755,2,0.1704970314079408,4,0.29240950806012755,-1,
WrittenWork,"['CreativeWorks', 'Writing', 'WrittenWork']",1767,CreativeWorks,4,0.23426735867299517,2,0.1452089104177334,4,0.23426735867299517,-1,
WrittenWork,"['CreativeWorks', 'Writing', 'WrittenWork']",1768,CreativeWorks,4,0.3029666193528425,2,0.17478155046429997,4,0.3029666193528426,-1,
WrittenWork,"['CreativeWorks', 'Writing', 'WrittenWork']",1769,CreativeWorks,4,0.2450040096423135,2,0.154030653856727,4,0.2450040096423135,-1,
WrittenWork,"['CreativeWorks', 'Writing', 'WrittenWork']",1770,CreativeWorks,4,0.27444357889719484,2,0.1688790735606471,4,0.27444357889719484,-1,
WrittenWork,"['CreativeWorks', 'Writing', 'WrittenWork']",1771,CreativeWorks,1,0.23220065535725384,1,0.14563347438007304,1,0.23220065535725384,-1,
WrittenWork,"['CreativeWorks', 'Writing', 'WrittenWork']",1772,CreativeWorks,1,0.21411572642524648,6,0.14585781651020557,1,0.21411572642524643,-1,
WrittenWork,"['CreativeWorks', 'Writing', 'WrittenWork']",1773,CreativeWorks,4,0.2453363821329203,2,0.150274444638467,4,0.24533638213292025,-1,
WrittenWork,"['CreativeWorks', 'Writing', 'WrittenWork']",1774,CreativeWorks,4,0.2057570012093468,5,0.15049101026050607,4,0.2057570012093468,-1,
WrittenWork,"['CreativeWorks', 'Writing', 'WrittenWork']",1775,CreativeWorks,4,0.3001548398813242,2,0.17923934329581942,4,0.3001548398813242,-1,
WrittenWork,"['CreativeWorks', 'Writing', 'WrittenWork']",1776,CreativeWorks,4,0.23139046989676695,2,0.1421485198702549,4,0.23139046989676695,-1,
WrittenWork,"['CreativeWorks', 'Writing', 'WrittenWork']",1777,CreativeWorks,0,0.2305198246275036,5,0.14372000992693568,0,0.2305198246275036,-1,
WrittenWork,"['CreativeWorks', 'Writing', 'WrittenWork']",1778,CreativeWorks,0,0.2571643490465926,7,0.1499356874351853,0,0.2571643490465926,-1,
WrittenWork,"['CreativeWorks', 'Writing', 'WrittenWork']",1779,CreativeWorks,4,0.2754871154242949,2,0.15893808005704976,4,0.27548711542429494,-1,
WrittenWork,"['CreativeWorks', 'Writing', 'WrittenWork']",1780,CreativeWorks,0,0.27448867670621807,4,0.1829393022839064,0,0.27448867670621807,-1,
WrittenWork,"['CreativeWorks', 'Writing', 'WrittenWork']",1781,CreativeWorks,4,0.2977629338611966,2,0.17596256674418034,4,0.29776293386119673,-1,
WrittenWork,"['CreativeWorks', 'Writing', 'WrittenWork']",1782,CreativeWorks,4,0.26932235158119056,2,0.16305118325656637,4,0.26932235158119056,-1,
WrittenWork,"['CreativeWorks', 'Writing', 'WrittenWork']",1783,CreativeWorks,0,0.2263134927624859,5,0.16375384339078244,0,0.2263134927624859,-1,
WrittenWork,"['CreativeWorks', 'Writing', 'WrittenWork']",1784,CreativeWorks,4,0.24249377193497756,2,0.15582682950360446,4,0.24249377193497756,-1,
WrittenWork,"['CreativeWorks', 'Writing', 'WrittenWork']",1785,CreativeWorks,0,0.2687756836807272,4,0.16721095330958252,0,0.26877568368072713,-1,
WrittenWork,"['CreativeWorks', 'Writing', 'WrittenWork']",1786,CreativeWorks,4,0.23940548614086465,2,0.15262413907956557,4,0.23940548614086465,-1,
WrittenWork,"['CreativeWorks', 'Writing', 'WrittenWork']",1787,CreativeWorks,4,0.24797642228789993,2,0.15249498100325146,4,0.24797642228789993,-1,
WrittenWork,"['CreativeWorks', 'Writing', 'WrittenWork']",1788,CreativeWorks,4,0.24187957590297907,2,0.14916154184880054,4,0.24187957590297907,-1,
WrittenWork,"['CreativeWorks', 'Writing', 'WrittenWork']",1789,CreativeWorks,1,0.23648922277069268,1,0.14939840928986964,1,0.23648922277069268,-1,
WrittenWork,"['CreativeWorks', 'Writing', 'WrittenWork']",1790,CreativeWorks,4,0.27408757210716,2,0.17030507611935466,4,0.27408757210716006,-1,
WrittenWork,"['CreativeWorks', 'Writing', 'WrittenWork']",1791,CreativeWorks,4,0.24291822156300266,4,0.15877255692834494,4,0.24291822156300258,-1,
WrittenWork,"['CreativeWorks', 'Writing', 'WrittenWork']",1792,CreativeWorks,0,0.2507587052725675,5,0.14717389204039066,0,0.2507587052725675,-1,
WrittenWork,"['CreativeWorks', 'Writing', 'WrittenWork']",1793,CreativeWorks,4,0.2623883907700047,2,0.15829288767632232,4,0.26238839077000475,-1,
WrittenWork,"['CreativeWorks', 'Writing', 'WrittenWork']",1794,CreativeWorks,4,0.23504701896544053,5,0.15725749227305166,4,0.23504701896544053,-1,
WrittenWork,"['CreativeWorks', 'Writing', 'WrittenWork']",1795,CreativeWorks,4,0.2666711242229433,2,0.16612268014600412,4,0.26667112422294326,-1,
WrittenWork,"['CreativeWorks', 'Writing', 'WrittenWork']",1796,CreativeWorks,0,0.26746140139373253,4,0.16036055919587233,0,0.26746140139373253,-1,
WrittenWork,"['CreativeWorks', 'Writing', 'WrittenWork']",1797,CreativeWorks,4,0.27827016324060355,2,0.17431005950720388,4,0.27827016324060355,-1,
WrittenWork,"['CreativeWorks', 'Writing', 'WrittenWork']",1798,CreativeWorks,4,0.32565797817405284,2,0.1911326003802455,4,0.3256579781740528,-1,
WrittenWork,"['CreativeWorks', 'Writing', 'WrittenWork']",1799,CreativeWorks,4,0.27637222911523285,2,0.1635098140118232,4,0.27637222911523285,-1,
WrittenWork,"['CreativeWorks', 'Writing', 'WrittenWork']",1800,CreativeWorks,4,0.2895973119570266,2,0.1856881343539659,4,0.2895973119570266,-1,
WrittenWork,"['CreativeWorks', 'Writing', 'WrittenWork']",1801,CreativeWorks,3,0.21846983278831983,6,0.14999699550089998,3,0.21846983278831983,-1,
WrittenWork,"['CreativeWorks', 'Writing', 'WrittenWork']",1802,CreativeWorks,0,0.25598425045126544,4,0.16889628203300272,0,0.25598425045126544,-1,
WrittenWork,"['CreativeWorks', 'Writing', 'WrittenWork']",1803,CreativeWorks,4,0.2916568950753412,2,0.17545127287295761,4,0.2916568950753411,-1,
WrittenWork,"['CreativeWorks', 'Writing', 'WrittenWork']",1804,CreativeWorks,4,0.26285177873243704,2,0.15451699382650533,4,0.26285177873243715,-1,
WrittenWork,"['CreativeWorks', 'Writing', 'WrittenWork']",1805,CreativeWorks,4,0.2600403437541502,7,0.22524794628547753,4,0.2600403437541502,-1,
WrittenWork,"['CreativeWorks', 'Writing', 'WrittenWork']",1806,CreativeWorks,4,0.2847436726026607,2,0.17401454187189078,4,0.28474367260266076,-1,
WrittenWork,"['CreativeWorks', 'Writing', 'WrittenWork']",1807,CreativeWorks,0,0.22658304744027916,4,0.13643943382347273,0,0.2265830474402792,-1,
WrittenWork,"['CreativeWorks', 'Writing', 'WrittenWork']",1808,CreativeWorks,4,0.25872790396946604,2,0.16408076809258398,4,0.258727903969466,-1,
WrittenWork,"['CreativeWorks', 'Writing', 'WrittenWork']",1809,CreativeWorks,4,0.3250659383489188,2,0.1946314328202576,4,0.3250659383489188,-1,
WrittenWork,"['CreativeWorks', 'Writing', 'WrittenWork']",1810,CreativeWorks,4,0.26772928207929914,2,0.1560174505661872,4,0.2677292820792992,-1,
WrittenWork,"['CreativeWorks', 'Writing', 'WrittenWork']",1811,CreativeWorks,0,0.28440870237214505,4,0.1753076589745419,0,0.28440870237214505,-1,
WrittenWork,"['CreativeWorks', 'Writing', 'WrittenWork']",1812,CreativeWorks,4,0.28160282259289415,2,0.16613197086065765,4,0.28160282259289415,-1,
WrittenWork,"['CreativeWorks', 'Writing', 'WrittenWork']",1813,CreativeWorks,1,0.2346718988883941,2,0.1438844483895033,1,0.2346718988883941,-1,
WrittenWork,"['CreativeWorks', 'Writing', 'WrittenWork']",1814,CreativeWorks,4,0.33314871933582546,2,0.2084764516472226,4,0.33314871933582535,-1,
WrittenWork,"['CreativeWorks', 'Writing', 'WrittenWork']",1815,CreativeWorks,4,0.2912069208536903,2,0.17371358032549697,4,0.2912069208536903,-1,
WrittenWork,"['CreativeWorks', 'Writing', 'WrittenWork']",1816,CreativeWorks,4,0.25302677658933687,7,0.2209123896655754,4,0.25302677658933687,-1,
WrittenWork,"['CreativeWorks', 'Writing', 'WrittenWork']",1817,CreativeWorks,0,0.2794981419252488,4,0.1641311684663555,0,0.2794981419252488,-1,
WrittenWork,"['CreativeWorks', 'Writing', 'WrittenWork']",1818,CreativeWorks,0,0.245433979822643,2,0.153567832474977,0,0.245433979822643,-1,
WrittenWork,"['CreativeWorks', 'Writing', 'WrittenWork']",1819,CreativeWorks,4,0.2564967037601351,2,0.14964452248549784,4,0.2564967037601352,-1,
WrittenWork,"['CreativeWorks', 'Writing', 'WrittenWork']",1820,CreativeWorks,0,0.21751824562651564,4,0.1344311624575848,0,0.21751824562651564,-1,
WrittenWork,"['CreativeWorks', 'Writing', 'WrittenWork']",1821,CreativeWorks,4,0.22596308708195295,2,0.14393914505026434,4,0.2259630870819529,-1,
WrittenWork,"['CreativeWorks', 'Writing', 'WrittenWork']",1822,CreativeWorks,4,0.386656212342841,2,0.24036597590172112,4,0.3866562123428408,-1,
WrittenWork,"['CreativeWorks', 'Writing', 'WrittenWork']",1823,CreativeWorks,4,0.26335862922596437,2,0.1605530994606406,4,0.26335862922596437,-1,
WrittenWork,"['CreativeWorks', 'Writing', 'WrittenWork']",1824,CreativeWorks,0,0.22604437428915575,7,0.18665807595272638,0,0.22604437428915575,-1,
WrittenWork,"['CreativeWorks', 'Writing', 'WrittenWork']",1825,CreativeWorks,4,0.2815009603253089,2,0.1627818068346836,4,0.2815009603253089,-1,
WrittenWork,"['CreativeWorks', 'Writing', 'WrittenWork']",1826,CreativeWorks,4,0.2570153595497745,2,0.15052122877262483,4,0.2570153595497745,-1,
WrittenWork,"['CreativeWorks', 'Writing', 'WrittenWork']",1827,CreativeWorks,4,0.3184182126652039,2,0.18137452172831542,4,0.3184182126652039,-1,
WrittenWork,"['CreativeWorks', 'Writing', 'WrittenWork']",1828,CreativeWorks,4,0.2526291476585942,2,0.15140195495736292,4,0.2526291476585942,-1,
WrittenWork,"['CreativeWorks', 'Writing', 'WrittenWork']",1829,CreativeWorks,4,0.2779090687524036,2,0.15711284057644226,4,0.2779090687524036,-1,
WrittenWork,"['CreativeWorks', 'Writing', 'WrittenWork']",1830,CreativeWorks,4,0.2482881826624681,2,0.1592333877159161,4,0.2482881826624681,-1,
WrittenWork,"['CreativeWorks', 'Writing', 'WrittenWork']",1831,CreativeWorks,4,0.2892420127252159,2,0.17712081403899776,4,0.2892420127252159,-1,
WrittenWork,"['CreativeWorks', 'Writing', 'WrittenWork']",1832,CreativeWorks,0,0.26125989511478465,4,0.1541507262861211,0,0.26125989511478465,-1,
WrittenWork,"['CreativeWorks', 'Writing', 'WrittenWork']",1833,CreativeWorks,4,0.23028559094259757,7,0.14213462014118655,4,0.23028559094259757,-1,
Album,"['CreativeWorks', 'Music', 'Album']",1834,CreativeWorks,4,0.34376032744233415,2,0.24163588136794878,4,0.34376032744233403,-1,
Album,"['CreativeWorks', 'Music', 'Album']",1835,CreativeWorks,4,0.40128917676198145,2,0.3303288001373702,4,0.4012891767619813,-1,
Album,"['CreativeWorks', 'Music', 'Album']",1836,CreativeWorks,4,0.3863623421697916,2,0.3002517092728564,4,0.38636234216979165,-1,
Album,"['CreativeWorks', 'Music', 'Album']",1837,CreativeWorks,4,0.44846760601835006,2,0.3433513541203397,4,0.44846760601835006,-1,
Album,"['CreativeWorks', 'Music', 'Album']",1838,CreativeWorks,4,0.490673396850943,2,0.38447079803039014,4,0.490673396850943,-1,
Album,"['CreativeWorks', 'Music', 'Album']",1839,CreativeWorks,4,0.4690479169239642,2,0.35136700296746887,4,0.46904791692396397,-1,
Album,"['CreativeWorks', 'Music', 'Album']",1840,CreativeWorks,4,0.4853456531230254,2,0.3455789687989334,4,0.4853456531230253,-1,
Album,"['CreativeWorks', 'Music', 'Album']",1841,CreativeWorks,4,0.368073417394866,2,0.27391486116081015,4,0.36807341739486593,-1,
Album,"['CreativeWorks', 'Music', 'Album']",1842,CreativeWorks,4,0.4138228920328093,2,0.3029494660682135,4,0.4138228920328092,-1,
Album,"['CreativeWorks', 'Music', 'Album']",1843,CreativeWorks,4,0.35000401218088134,2,0.265243980732546,4,0.35000401218088123,-1,
Album,"['CreativeWorks', 'Music', 'Album']",1844,CreativeWorks,4,0.4489190450830786,2,0.33271422932388706,4,0.44891904508307845,-1,
Album,"['CreativeWorks', 'Music', 'Album']",1845,CreativeWorks,4,0.411881450059704,2,0.30458727548285874,4,0.411881450059704,-1,
Album,"['CreativeWorks', 'Music', 'Album']",1846,CreativeWorks,4,0.47523636615574916,2,0.3897519370214521,4,0.47523636615574916,-1,
Album,"['CreativeWorks', 'Music', 'Album']",1847,CreativeWorks,0,0.25129609466479347,4,0.1541457435633678,0,0.25129609466479347,-1,
Album,"['CreativeWorks', 'Music', 'Album']",1848,CreativeWorks,4,0.34011228675395133,2,0.25359095744601895,4,0.3401122867539512,-1,
Album,"['CreativeWorks', 'Music', 'Album']",1849,CreativeWorks,4,0.4458870693807874,2,0.3669795659680502,4,0.4458870693807873,-1,
Album,"['CreativeWorks', 'Music', 'Album']",1850,CreativeWorks,4,0.4514770542703569,2,0.3313676390179191,4,0.4514770542703569,-1,
Album,"['CreativeWorks', 'Music', 'Album']",1851,CreativeWorks,4,0.38112562931960864,2,0.28247315957520913,4,0.3811256293196086,-1,
Album,"['CreativeWorks', 'Music', 'Album']",1852,CreativeWorks,4,0.3747175891198689,2,0.28066710764884506,4,0.3747175891198689,-1,
Album,"['CreativeWorks', 'Music', 'Album']",1853,CreativeWorks,4,0.35531648242061836,2,0.25724085807819075,4,0.3553164824206183,-1,
Album,"['CreativeWorks', 'Music', 'Album']",1854,CreativeWorks,4,0.42986746316191093,2,0.3261003116464753,4,0.42986746316191077,-1,
Album,"['CreativeWorks', 'Music', 'Album']",1855,CreativeWorks,4,0.33418850051515675,2,0.22782069819605907,4,0.33418850051515664,-1,
Album,"['CreativeWorks', 'Music', 'Album']",1856,CreativeWorks,4,0.42922021872079996,2,0.3319176899599481,4,0.42922021872079985,-1,
Album,"['CreativeWorks', 'Music', 'Album']",1857,CreativeWorks,4,0.44432191914202745,2,0.35083850628058005,4,0.4443219191420274,-1,
Album,"['CreativeWorks', 'Music', 'Album']",1858,CreativeWorks,4,0.3696221333653133,2,0.28228332581138393,4,0.3696221333653132,-1,
Album,"['CreativeWorks', 'Music', 'Album']",1859,CreativeWorks,4,0.4756167143463513,2,0.3856590909753345,4,0.47561671434635105,-1,
Album,"['CreativeWorks', 'Music', 'Album']",1860,CreativeWorks,4,0.4227730703384285,2,0.30584280875024944,4,0.4227730703384285,-1,
Album,"['CreativeWorks', 'Music', 'Album']",1861,CreativeWorks,4,0.4627978864523442,2,0.3837240306640939,4,0.4627978864523437,-1,
Album,"['CreativeWorks', 'Music', 'Album']",1862,CreativeWorks,4,0.5194759120978043,2,0.38820540051509467,4,0.5194759120978044,-1,
Album,"['CreativeWorks', 'Music', 'Album']",1863,CreativeWorks,4,0.39205572004710115,2,0.29546807365048505,4,0.3920557200471012,-1,
Album,"['CreativeWorks', 'Music', 'Album']",1864,CreativeWorks,4,0.44018971032106796,2,0.354857720299289,4,0.4401897103210678,-1,
Album,"['CreativeWorks', 'Music', 'Album']",1865,CreativeWorks,4,0.44621960859707027,2,0.371619024769271,4,0.44621960859707027,-1,
Album,"['CreativeWorks', 'Music', 'Album']",1866,CreativeWorks,4,0.3592234997132394,2,0.26688457467104043,4,0.35922349971323936,-1,
Album,"['CreativeWorks', 'Music', 'Album']",1867,CreativeWorks,4,0.3578691664777485,2,0.2534891037716195,4,0.3578691664777484,-1,
Album,"['CreativeWorks', 'Music', 'Album']",1868,CreativeWorks,4,0.5065150001280411,2,0.41385037667593044,4,0.5065150001280411,-1,
Album,"['CreativeWorks', 'Music', 'Album']",1869,CreativeWorks,4,0.39803972928529013,2,0.29371747550434274,4,0.39803972928529,-1,
Album,"['CreativeWorks', 'Music', 'Album']",1870,CreativeWorks,4,0.43331324679033545,2,0.35522944412988333,4,0.4333132467903351,-1,
Album,"['CreativeWorks', 'Music', 'Album']",1871,CreativeWorks,4,0.4117610858665424,2,0.31863331694231545,4,0.4117610858665424,-1,
Album,"['CreativeWorks', 'Music', 'Album']",1872,CreativeWorks,4,0.4124708568674179,2,0.3226350703225293,4,0.4124708568674179,-1,
Album,"['CreativeWorks', 'Music', 'Album']",1873,CreativeWorks,4,0.40271714064806274,2,0.3000353222449225,4,0.40271714064806263,-1,
Album,"['CreativeWorks', 'Music', 'Album']",1874,CreativeWorks,4,0.45655540658795324,2,0.3187498863313685,4,0.4565554065879531,-1,
Album,"['CreativeWorks', 'Music', 'Album']",1875,CreativeWorks,4,0.37904932636355754,2,0.30365824294610777,4,0.3790493263635575,-1,
Album,"['CreativeWorks', 'Music', 'Album']",1876,CreativeWorks,4,0.324830280708995,2,0.2460316867421011,4,0.324830280708995,-1,
Album,"['CreativeWorks', 'Music', 'Album']",1877,CreativeWorks,4,0.4283464928115859,2,0.31793957704017733,4,0.4283464928115857,-1,
Album,"['CreativeWorks', 'Music', 'Album']",1878,CreativeWorks,4,0.4103566030973909,2,0.32177004501270356,4,0.41035660309739075,-1,
Album,"['CreativeWorks', 'Music', 'Album']",1879,CreativeWorks,4,0.42502955704736767,2,0.33719652624992014,4,0.4250295570473674,-1,
Album,"['CreativeWorks', 'Music', 'Album']",1880,CreativeWorks,4,0.4504587771607777,2,0.3507167141648815,4,0.45045877716077765,-1,
Album,"['CreativeWorks', 'Music', 'Album']",1881,CreativeWorks,4,0.44708687174481127,2,0.36237435595692147,4,0.44708687174481115,-1,
Album,"['CreativeWorks', 'Music', 'Album']",1882,CreativeWorks,4,0.4006928719283154,2,0.3352349899929559,4,0.4006928719283154,-1,
Album,"['CreativeWorks', 'Music', 'Album']",1883,CreativeWorks,4,0.3605227022895281,2,0.26683816130771226,4,0.3605227022895281,-1,
Album,"['CreativeWorks', 'Music', 'Album']",1884,CreativeWorks,4,0.4473539265495396,2,0.38128969986224925,4,0.4473539265495394,-1,
Album,"['CreativeWorks', 'Music', 'Album']",1885,CreativeWorks,4,0.4532480851787779,2,0.349349902330538,4,0.4532480851787776,-1,
Album,"['CreativeWorks', 'Music', 'Album']",1886,CreativeWorks,4,0.5340521725188634,2,0.47158562592684267,4,0.5340521725188632,-1,
Album,"['CreativeWorks', 'Music', 'Album']",1887,CreativeWorks,4,0.45652934852698485,2,0.33667085734918495,4,0.45652934852698485,-1,
Album,"['CreativeWorks', 'Music', 'Album']",1888,CreativeWorks,4,0.3574079046984595,2,0.2705023354610136,4,0.3574079046984594,-1,
Album,"['CreativeWorks', 'Music', 'Album']",1889,CreativeWorks,4,0.36734128252419185,2,0.2808251995905053,4,0.36734128252419185,-1,
Album,"['CreativeWorks', 'Music', 'Album']",1890,CreativeWorks,4,0.3351539777261506,2,0.2539713992685869,4,0.3351539777261505,-1,
Album,"['CreativeWorks', 'Music', 'Album']",1891,CreativeWorks,4,0.40620397117986085,2,0.31156915513969685,4,0.4062039711798608,-1,
Album,"['CreativeWorks', 'Music', 'Album']",1892,CreativeWorks,4,0.4514979988091576,2,0.3591406953301061,4,0.4514979988091576,-1,
Album,"['CreativeWorks', 'Music', 'Album']",1893,CreativeWorks,4,0.4011194599491159,2,0.3266032941157977,4,0.4011194599491159,-1,
Album,"['CreativeWorks', 'Music', 'Album']",1894,CreativeWorks,4,0.4468114257474697,2,0.31418633707136645,4,0.44681142574746974,-1,
Album,"['CreativeWorks', 'Music', 'Album']",1895,CreativeWorks,4,0.43817066578312064,2,0.3334148709686655,4,0.43817066578312047,-1,
Album,"['CreativeWorks', 'Music', 'Album']",1896,CreativeWorks,4,0.47541483152611097,2,0.3873774020597348,4,0.47541483152611086,-1,
Album,"['CreativeWorks', 'Music', 'Album']",1897,CreativeWorks,4,0.3518176395789104,2,0.2552357699180162,4,0.35181763957891027,-1,
Album,"['CreativeWorks', 'Music', 'Album']",1898,CreativeWorks,4,0.35040423370960233,2,0.2779450217701752,4,0.3504042337096022,-1,
Album,"['CreativeWorks', 'Music', 'Album']",1899,CreativeWorks,4,0.4294615938010767,2,0.33559837615484955,4,0.4294615938010767,-1,
Album,"['CreativeWorks', 'Music', 'Album']",1900,CreativeWorks,4,0.4293142564001806,2,0.32827863190788004,4,0.4293142564001806,-1,
Album,"['CreativeWorks', 'Music', 'Album']",1901,CreativeWorks,4,0.45038726548845714,2,0.3718753123007424,4,0.45038726548845714,-1,
Album,"['CreativeWorks', 'Music', 'Album']",1902,CreativeWorks,4,0.3702365089806633,2,0.2727209810481591,4,0.3702365089806633,-1,
Album,"['CreativeWorks', 'Music', 'Album']",1903,CreativeWorks,4,0.33227913880855187,2,0.24036751487278205,4,0.33227913880855187,-1,
Album,"['CreativeWorks', 'Music', 'Album']",1904,CreativeWorks,4,0.3028707441166723,2,0.22842317802417983,4,0.30287074411667225,-1,
Album,"['CreativeWorks', 'Music', 'Album']",1905,CreativeWorks,4,0.376894282914118,2,0.3025723809328975,4,0.37689428291411775,-1,
Album,"['CreativeWorks', 'Music', 'Album']",1906,CreativeWorks,4,0.42806400609005785,2,0.32307855170259736,4,0.42806400609005785,-1,
Album,"['CreativeWorks', 'Music', 'Album']",1907,CreativeWorks,4,0.39805517671985446,2,0.30256576806207885,4,0.39805517671985446,-1,
Album,"['CreativeWorks', 'Music', 'Album']",1908,CreativeWorks,4,0.322318921430118,2,0.25502738893730303,4,0.3223189214301179,-1,
Album,"['CreativeWorks', 'Music', 'Album']",1909,CreativeWorks,4,0.36250050709721876,2,0.26543705950262725,4,0.36250050709721865,-1,
Album,"['CreativeWorks', 'Music', 'Album']",1910,CreativeWorks,4,0.48680440094160954,2,0.35981280945220634,4,0.4868044009416093,-1,
Album,"['CreativeWorks', 'Music', 'Album']",1911,CreativeWorks,4,0.4654102416953661,2,0.3784626002124175,4,0.4654102416953659,-1,
Album,"['CreativeWorks', 'Music', 'Album']",1912,CreativeWorks,4,0.4089344328720214,2,0.3258593131402141,4,0.4089344328720214,-1,
Album,"['CreativeWorks', 'Music', 'Album']",1913,CreativeWorks,4,0.4176921354109967,2,0.30893054986102353,4,0.41769213541099665,-1,
Album,"['CreativeWorks', 'Music', 'Album']",1914,CreativeWorks,4,0.44459657971010735,2,0.3219552798606811,4,0.4445965797101071,-1,
Album,"['CreativeWorks', 'Music', 'Album']",1915,CreativeWorks,4,0.3972358726137951,2,0.3022484291776188,4,0.39723587261379495,-1,
Album,"['CreativeWorks', 'Music', 'Album']",1916,CreativeWorks,4,0.4073963381659636,2,0.3243662507508586,4,0.40739633816596377,-1,
Album,"['CreativeWorks', 'Music', 'Album']",1917,CreativeWorks,4,0.4083836021577532,2,0.34195322056793076,4,0.4083836021577532,-1,
Album,"['CreativeWorks', 'Music', 'Album']",1918,CreativeWorks,4,0.38513980266325554,2,0.28557485516762154,4,0.3851398026632556,-1,
Album,"['CreativeWorks', 'Music', 'Album']",1919,CreativeWorks,4,0.4155337858967218,2,0.3273341245026022,4,0.4155337858967218,-1,
Album,"['CreativeWorks', 'Music', 'Album']",1920,CreativeWorks,4,0.39920234713899994,2,0.28989838867576084,4,0.3992023471389998,-1,
Album,"['CreativeWorks', 'Music', 'Album']",1921,CreativeWorks,4,0.30279850738707653,2,0.22215124959938545,4,0.30279850738707653,-1,
Album,"['CreativeWorks', 'Music', 'Album']",1922,CreativeWorks,4,0.4968848996016443,2,0.4129796499310369,4,0.4968848996016443,-1,
Album,"['CreativeWorks', 'Music', 'Album']",1923,CreativeWorks,4,0.4350879991986202,2,0.3574795527189947,4,0.4350879991986202,-1,
Album,"['CreativeWorks', 'Music', 'Album']",1924,CreativeWorks,4,0.43670467751889025,2,0.35090822967641305,4,0.4367046775188902,-1,
Album,"['CreativeWorks', 'Music', 'Album']",1925,CreativeWorks,4,0.3738958598260378,2,0.2849736007988988,4,0.3738958598260377,-1,
Album,"['CreativeWorks', 'Music', 'Album']",1926,CreativeWorks,4,0.3876569374655404,2,0.2676966217348551,4,0.38765693746554036,-1,
Album,"['CreativeWorks', 'Music', 'Album']",1927,CreativeWorks,4,0.4447218527588499,2,0.3400643348341475,4,0.44472185275884973,-1,
Album,"['CreativeWorks', 'Music', 'Album']",1928,CreativeWorks,4,0.4578178662470292,2,0.35993049019569867,4,0.457817866247029,-1,
Album,"['CreativeWorks', 'Music', 'Album']",1929,CreativeWorks,4,0.4671587861293412,2,0.37732870884333103,4,0.467158786129341,-1,
Album,"['CreativeWorks', 'Music', 'Album']",1930,CreativeWorks,4,0.4517299202373123,2,0.3455136074222108,4,0.4517299202373123,-1,
Album,"['CreativeWorks', 'Music', 'Album']",1931,CreativeWorks,4,0.3846236316062184,2,0.3056002782209512,4,0.3846236316062183,-1,
Album,"['CreativeWorks', 'Music', 'Album']",1932,CreativeWorks,4,0.3610837508632349,2,0.25952360506970357,4,0.3610837508632349,-1,
Album,"['CreativeWorks', 'Music', 'Album']",1933,CreativeWorks,4,0.3339037894188381,2,0.2532814226898662,4,0.33390378941883797,-1,
Album,"['CreativeWorks', 'Music', 'Album']",1934,CreativeWorks,4,0.39362455176619665,2,0.3196148775337249,4,0.39362455176619654,-1,
Album,"['CreativeWorks', 'Music', 'Album']",1935,CreativeWorks,4,0.3813952398626717,2,0.31112244745393514,4,0.38139523986267165,-1,
Album,"['CreativeWorks', 'Music', 'Album']",1936,CreativeWorks,4,0.35772821887062667,2,0.2643934520434142,4,0.35772821887062667,-1,
Album,"['CreativeWorks', 'Music', 'Album']",1937,CreativeWorks,4,0.4874111021015992,2,0.40682291335700355,4,0.4874111021015992,-1,
Album,"['CreativeWorks', 'Music', 'Album']",1938,CreativeWorks,4,0.35613601996766076,2,0.2717859450631414,4,0.3561360199676607,-1,
Album,"['CreativeWorks', 'Music', 'Album']",1939,CreativeWorks,4,0.4789933492820359,2,0.37800340637196234,4,0.4789933492820359,-1,
Album,"['CreativeWorks', 'Music', 'Album']",1940,CreativeWorks,4,0.44068272154615945,2,0.3320825010541496,4,0.44068272154615945,-1,
Album,"['CreativeWorks', 'Music', 'Album']",1941,CreativeWorks,4,0.4538591911097465,2,0.376042346024098,4,0.4538591911097465,-1,
Album,"['CreativeWorks', 'Music', 'Album']",1942,CreativeWorks,4,0.3793815849782672,2,0.31110860961816833,4,0.379381584978267,-1,
Album,"['CreativeWorks', 'Music', 'Album']",1943,CreativeWorks,4,0.37701009453285395,2,0.2738972791545116,4,0.37701009453285395,-1,
Album,"['CreativeWorks', 'Music', 'Album']",1944,CreativeWorks,4,0.36405287539006514,2,0.2654862024264524,4,0.3640528753900651,-1,
Album,"['CreativeWorks', 'Music', 'Album']",1945,CreativeWorks,4,0.41021830693075545,2,0.30666777305758014,4,0.4102183069307554,-1,
Album,"['CreativeWorks', 'Music', 'Album']",1946,CreativeWorks,4,0.43991245444455324,2,0.31640188416092535,4,0.43991245444455296,-1,
Album,"['CreativeWorks', 'Music', 'Album']",1947,CreativeWorks,4,0.3204362519711627,2,0.23741405622745948,4,0.3204362519711626,-1,
Album,"['CreativeWorks', 'Music', 'Album']",1948,CreativeWorks,4,0.3728819718455179,2,0.28157230031272773,4,0.37288197184551786,-1,
Album,"['CreativeWorks', 'Music', 'Album']",1949,CreativeWorks,4,0.5102003748045632,2,0.3982275068161858,4,0.5102003748045632,-1,
Album,"['CreativeWorks', 'Music', 'Album']",1950,CreativeWorks,4,0.3515154272317816,2,0.2545945280401479,4,0.3515154272317814,-1,
Album,"['CreativeWorks', 'Music', 'Album']",1951,CreativeWorks,4,0.3928084912098553,2,0.30928492322885287,4,0.3928084912098552,-1,
Album,"['CreativeWorks', 'Music', 'Album']",1952,CreativeWorks,4,0.4912515690972685,2,0.3566752389803423,4,0.4912515690972683,-1,
Album,"['CreativeWorks', 'Music', 'Album']",1953,CreativeWorks,4,0.47047071769494997,2,0.3743598321393749,4,0.47047071769494997,-1,
Album,"['CreativeWorks', 'Music', 'Album']",1954,CreativeWorks,4,0.43551095902460896,2,0.328993406194899,4,0.43551095902460885,-1,
Album,"['CreativeWorks', 'Music', 'Album']",1955,CreativeWorks,4,0.3744660616068255,2,0.2894844875367286,4,0.37446606160682555,-1,
Album,"['CreativeWorks', 'Music', 'Album']",1956,CreativeWorks,4,0.419195791311292,2,0.3123369673320193,4,0.419195791311292,-1,
Album,"['CreativeWorks', 'Music', 'Album']",1957,CreativeWorks,4,0.3874060458763382,2,0.29811825170972056,4,0.38740604587633815,-1,
Album,"['CreativeWorks', 'Music', 'Album']",1958,CreativeWorks,4,0.4147832819691897,2,0.3336458932451711,4,0.4147832819691895,-1,
Album,"['CreativeWorks', 'Music', 'Album']",1959,CreativeWorks,4,0.32975586773329973,2,0.24649246861514593,4,0.3297558677332998,-1,
Album,"['CreativeWorks', 'Music', 'Album']",1960,CreativeWorks,4,0.4936384329432318,2,0.3815159524944566,4,0.49363843294323156,-1,
Album,"['CreativeWorks', 'Music', 'Album']",1961,CreativeWorks,4,0.48186180986488847,2,0.3601520542786235,4,0.4818618098648883,-1,
Album,"['CreativeWorks', 'Music', 'Album']",1962,CreativeWorks,4,0.393655584623223,2,0.28232499873721456,4,0.393655584623223,-1,
Album,"['CreativeWorks', 'Music', 'Album']",1963,CreativeWorks,4,0.39823468783245236,2,0.32190951137172297,4,0.3982346878324522,-1,
Album,"['CreativeWorks', 'Music', 'Album']",1964,CreativeWorks,4,0.43928058805154757,2,0.3610736213726611,4,0.43928058805154757,-1,
Album,"['CreativeWorks', 'Music', 'Album']",1965,CreativeWorks,4,0.3643890975560145,2,0.27272848647981585,4,0.3643890975560144,-1,
Album,"['CreativeWorks', 'Music', 'Album']",1966,CreativeWorks,4,0.4251324668789706,2,0.31162127248867716,4,0.42513246687897055,-1,
Album,"['CreativeWorks', 'Music', 'Album']",1967,CreativeWorks,4,0.28453088390525844,2,0.17549741249626982,4,0.2845308839052584,-1,
Album,"['CreativeWorks', 'Music', 'Album']",1968,CreativeWorks,4,0.42072939422116223,2,0.3146072482635603,4,0.4207293942211621,-1,
Album,"['CreativeWorks', 'Music', 'Album']",1969,CreativeWorks,4,0.37155591433018886,2,0.24790953592907708,4,0.37155591433018886,-1,
Album,"['CreativeWorks', 'Music', 'Album']",1970,CreativeWorks,4,0.367534105883383,2,0.27791447014468834,4,0.3675341058833829,-1,
Album,"['CreativeWorks', 'Music', 'Album']",1971,CreativeWorks,4,0.44834391403367907,2,0.3679563629976186,4,0.448343914033679,-1,
Album,"['CreativeWorks', 'Music', 'Album']",1972,CreativeWorks,4,0.40815154253325914,2,0.30008969619420756,4,0.40815154253325925,-1,
Album,"['CreativeWorks', 'Music', 'Album']",1973,CreativeWorks,4,0.4278358400682022,2,0.334968898606051,4,0.42783584006820213,-1,
Album,"['CreativeWorks', 'Music', 'Album']",1974,CreativeWorks,4,0.4437750312680962,2,0.3449865524846741,4,0.4437750312680961,-1,
Album,"['CreativeWorks', 'Music', 'Album']",1975,CreativeWorks,4,0.3749743594317754,2,0.2739340279790751,4,0.3749743594317753,-1,
Album,"['CreativeWorks', 'Music', 'Album']",1976,CreativeWorks,4,0.3912206001696468,2,0.26829840976451297,4,0.3912206001696467,-1,
Album,"['CreativeWorks', 'Music', 'Album']",1977,CreativeWorks,4,0.3080669635300036,2,0.2339431936951211,4,0.3080669635300036,-1,
Album,"['CreativeWorks', 'Music', 'Album']",1978,CreativeWorks,4,0.4335972454317342,2,0.34124700516875917,4,0.4335972454317341,-1,
Album,"['CreativeWorks', 'Music', 'Album']",1979,CreativeWorks,4,0.46482767078670695,2,0.37960496595917087,4,0.4648276707867067,-1,
Album,"['CreativeWorks', 'Music', 'Album']",1980,CreativeWorks,4,0.4899529907158865,2,0.37127878766573563,4,0.4899529907158865,-1,
Album,"['CreativeWorks', 'Music', 'Album']",1981,CreativeWorks,4,0.4297968390349128,2,0.32976065065797244,4,0.4297968390349126,-1,
Album,"['CreativeWorks', 'Music', 'Album']",1982,CreativeWorks,4,0.48066318385825524,2,0.3671472706520873,4,0.48066318385825524,-1,
Album,"['CreativeWorks', 'Music', 'Album']",1983,CreativeWorks,4,0.3963436904914327,2,0.3087476959664107,4,0.3963436904914327,-1,
Album,"['CreativeWorks', 'Music', 'Album']",1984,CreativeWorks,4,0.4223430209476115,2,0.34708332052772706,4,0.4223430209476116,-1,
Album,"['CreativeWorks', 'Music', 'Album']",1985,CreativeWorks,4,0.4485306385977478,2,0.36644165560883185,4,0.44853063859774767,-1,
Album,"['CreativeWorks', 'Music', 'Album']",1986,CreativeWorks,4,0.38287053902665175,2,0.30134492186439216,4,0.38287053902665175,-1,
Album,"['CreativeWorks', 'Music', 'Album']",1987,CreativeWorks,4,0.3267141913401119,2,0.22498524622142607,4,0.3267141913401119,-1,
Album,"['CreativeWorks', 'Music', 'Album']",1988,CreativeWorks,4,0.3883622840091167,2,0.3100007935863692,4,0.3883622840091166,-1,
Album,"['CreativeWorks', 'Music', 'Album']",1989,CreativeWorks,4,0.4764629990422232,2,0.3901133982554211,4,0.47646299904222333,-1,
Album,"['CreativeWorks', 'Music', 'Album']",1990,CreativeWorks,4,0.3720160063782539,2,0.2828960737761226,4,0.37201600637825377,-1,
Album,"['CreativeWorks', 'Music', 'Album']",1991,CreativeWorks,4,0.42653728958568,2,0.3303356866688353,4,0.4265372895856799,-1,
Album,"['CreativeWorks', 'Music', 'Album']",1992,CreativeWorks,4,0.5101514566082193,2,0.3945297368523754,4,0.510151456608219,-1,
Album,"['CreativeWorks', 'Music', 'Album']",1993,CreativeWorks,4,0.48870243426236576,2,0.4021407358634415,4,0.48870243426236565,-1,
Album,"['CreativeWorks', 'Music', 'Album']",1994,CreativeWorks,4,0.39076301150238124,2,0.27218007900197966,4,0.39076301150238124,-1,
Album,"['CreativeWorks', 'Music', 'Album']",1995,CreativeWorks,4,0.4546420172505392,2,0.3396892825308127,4,0.454642017250539,-1,
Album,"['CreativeWorks', 'Music', 'Album']",1996,CreativeWorks,4,0.5466006328931668,2,0.4161202008576194,4,0.5466006328931666,-1,
Album,"['CreativeWorks', 'Music', 'Album']",1997,CreativeWorks,4,0.4279658417959048,2,0.332205237816135,4,0.4279658417959048,-1,
Album,"['CreativeWorks', 'Music', 'Album']",1998,CreativeWorks,4,0.3276055219852897,2,0.22237922241924712,4,0.3276055219852897,-1,
Album,"['CreativeWorks', 'Music', 'Album']",1999,CreativeWorks,4,0.40838682509027546,2,0.3200867612310452,4,0.40838682509027546,-1,
Animal,"['ScienceAndNature', 'Animals', 'Animal']",2000,ScienceAndNature,2,0.39853566097732596,0,0.2899434543451575,2,0.3985356609773259,-1,
Animal,"['ScienceAndNature', 'Animals', 'Animal']",2001,ScienceAndNature,2,0.3257246510515584,6,0.4609609651780892,2,0.3257246510515584,-1,
Animal,"['ScienceAndNature', 'Animals', 'Animal']",2002,ScienceAndNature,0,0.26646895378658797,6,0.20931874084657828,0,0.26646895378658797,-1,
Animal,"['ScienceAndNature', 'Animals', 'Animal']",2003,ScienceAndNature,2,0.28033261883995914,6,0.26996462369065793,2,0.28033261883995914,-1,
Animal,"['ScienceAndNature', 'Animals', 'Animal']",2004,ScienceAndNature,3,0.3077884505195313,3,0.20982879680219868,3,0.30778845051953135,-1,
Animal,"['ScienceAndNature', 'Animals', 'Animal']",2005,ScienceAndNature,2,0.27461709219980773,6,0.1682546953315957,2,0.27461709219980773,-1,
Animal,"['ScienceAndNature', 'Animals', 'Animal']",2006,ScienceAndNature,2,0.2768005590520479,6,0.24163843187857897,2,0.276800559052048,-1,
Animal,"['ScienceAndNature', 'Animals', 'Animal']",2007,ScienceAndNature,2,0.3246849213420962,0,0.17977107013737162,2,0.3246849213420962,-1,
Animal,"['ScienceAndNature', 'Animals', 'Animal']",2008,ScienceAndNature,2,0.3205085157507914,6,0.28921419510046736,2,0.32050851575079153,-1,
Animal,"['ScienceAndNature', 'Animals', 'Animal']",2009,ScienceAndNature,2,0.2823147932067577,6,0.19885763647877222,2,0.2823147932067577,-1,
Animal,"['ScienceAndNature', 'Animals', 'Animal']",2010,ScienceAndNature,2,0.2871488137039077,6,0.16987769726492963,2,0.28714881370390777,-1,
Animal,"['ScienceAndNature', 'Animals', 'Animal']",2011,ScienceAndNature,2,0.3072242474904222,6,0.181803492446465,2,0.3072242474904222,-1,
Animal,"['ScienceAndNature', 'Animals', 'Animal']",2012,ScienceAndNature,2,0.29091841527101103,6,0.2004099997542498,2,0.29091841527101103,-1,
Animal,"['ScienceAndNature', 'Animals', 'Animal']",2013,ScienceAndNature,2,0.3106959759800486,6,0.2909049793973821,2,0.31069597598004867,-1,
Animal,"['ScienceAndNature', 'Animals', 'Animal']",2014,ScienceAndNature,2,0.2778565190784166,6,0.21860255189477018,2,0.2778565190784166,-1,
Animal,"['ScienceAndNature', 'Animals', 'Animal']",2015,ScienceAndNature,2,0.4295604369721075,0,0.2784529640201538,2,0.4295604369721075,-1,
Animal,"['ScienceAndNature', 'Animals', 'Animal']",2016,ScienceAndNature,2,0.28021264747033453,6,0.17242458416357126,2,0.2802126474703346,-1,
Animal,"['ScienceAndNature', 'Animals', 'Animal']",2017,ScienceAndNature,2,0.2977824583714639,0,0.1717079117595232,2,0.2977824583714639,-1,
Animal,"['ScienceAndNature', 'Animals', 'Animal']",2018,ScienceAndNature,2,0.3471509019009495,6,0.48674002830612034,2,0.34715090190094955,-1,
Animal,"['ScienceAndNature', 'Animals', 'Animal']",2019,ScienceAndNature,2,0.5372125866539176,0,0.5956316720709671,2,0.5372125866539174,-1,
Animal,"['ScienceAndNature', 'Animals', 'Animal']",2020,ScienceAndNature,2,0.31609891365706666,6,0.3059448712712067,2,0.31609891365706666,-1,
Animal,"['ScienceAndNature', 'Animals', 'Animal']",2021,ScienceAndNature,2,0.27502918705308266,6,0.2265247805301119,2,0.2750291870530826,-1,
Animal,"['ScienceAndNature', 'Animals', 'Animal']",2022,ScienceAndNature,2,0.28602314825434905,6,0.22510199585360893,2,0.2860231482543491,-1,
Animal,"['ScienceAndNature', 'Animals', 'Animal']",2023,ScienceAndNature,2,0.29541413239824543,6,0.2605837950372041,2,0.2954141323982456,-1,
Animal,"['ScienceAndNature', 'Animals', 'Animal']",2024,ScienceAndNature,3,0.2789489839339741,6,0.1893769977818264,3,0.2789489839339741,-1,
Animal,"['ScienceAndNature', 'Animals', 'Animal']",2025,ScienceAndNature,2,0.41850916344045325,0,0.2842060374248002,2,0.41850916344045325,-1,
Animal,"['ScienceAndNature', 'Animals', 'Animal']",2026,ScienceAndNature,3,0.30745790704449977,3,0.2009079238352877,3,0.3074579070444998,-1,
Animal,"['ScienceAndNature', 'Animals', 'Animal']",2027,ScienceAndNature,2,0.4487446206771502,0,0.33726072450527483,2,0.4487446206771502,-1,
Animal,"['ScienceAndNature', 'Animals', 'Animal']",2028,ScienceAndNature,1,0.23261194116407172,7,0.167189939201886,1,0.23261194116407172,-1,
Animal,"['ScienceAndNature', 'Animals', 'Animal']",2029,ScienceAndNature,2,0.30667630258901263,6,0.24490880850000726,2,0.30667630258901263,-1,
Animal,"['ScienceAndNature', 'Animals', 'Animal']",2030,ScienceAndNature,2,0.3128485555112072,6,0.4389073431960362,2,0.3128485555112072,-1,
Animal,"['ScienceAndNature', 'Animals', 'Animal']",2031,ScienceAndNature,2,0.24692392601423674,6,0.161811315910281,2,0.24692392601423674,-1,
Animal,"['ScienceAndNature', 'Animals', 'Animal']",2032,ScienceAndNature,2,0.25756567709161005,6,0.18693101141397442,2,0.25756567709161005,-1,
Animal,"['ScienceAndNature', 'Animals', 'Animal']",2033,ScienceAndNature,2,0.28564680064695713,6,0.17572212056045566,2,0.28564680064695713,-1,
Animal,"['ScienceAndNature', 'Animals', 'Animal']",2034,ScienceAndNature,2,0.24615843216200212,6,0.18227275751881378,2,0.24615843216200212,-1,
Animal,"['ScienceAndNature', 'Animals', 'Animal']",2035,ScienceAndNature,2,0.31474316518368656,6,0.18155211256617698,2,0.31474316518368656,-1,
Animal,"['ScienceAndNature', 'Animals', 'Animal']",2036,ScienceAndNature,2,0.24603462886379676,6,0.17856830909284177,2,0.24603462886379676,-1,
Animal,"['ScienceAndNature', 'Animals', 'Animal']",2037,ScienceAndNature,2,0.32510405298633943,0,0.1799735119131177,2,0.32510405298633954,-1,
Animal,"['ScienceAndNature', 'Animals', 'Animal']",2038,ScienceAndNature,2,0.3196210708822355,0,0.22316511434690003,2,0.31962107088223546,-1,
Animal,"['ScienceAndNature', 'Animals', 'Animal']",2039,ScienceAndNature,2,0.29688352400236173,0,0.1759314216329853,2,0.29688352400236173,-1,
Animal,"['ScienceAndNature', 'Animals', 'Animal']",2040,ScienceAndNature,2,0.2907390763487599,6,0.2281456655400064,2,0.2907390763487599,-1,
Animal,"['ScienceAndNature', 'Animals', 'Animal']",2041,ScienceAndNature,2,0.29991067708972596,6,0.16571065294646514,2,0.29991067708972596,-1,
Animal,"['ScienceAndNature', 'Animals', 'Animal']",2042,ScienceAndNature,2,0.29229944885811954,6,0.2438525760433738,2,0.29229944885811954,-1,
Animal,"['ScienceAndNature', 'Animals', 'Animal']",2043,ScienceAndNature,2,0.3293560602203301,0,0.20963922606054777,2,0.3293560602203299,-1,
Animal,"['ScienceAndNature', 'Animals', 'Animal']",2044,ScienceAndNature,2,0.4494235552851835,0,0.40700907315082524,2,0.44942355528518335,-1,
Animal,"['ScienceAndNature', 'Animals', 'Animal']",2045,ScienceAndNature,2,0.2858847720645288,6,0.20730173560815995,2,0.2858847720645288,-1,
Animal,"['ScienceAndNature', 'Animals', 'Animal']",2046,ScienceAndNature,2,0.2673357467662886,6,0.2101580266186964,2,0.2673357467662886,-1,
Animal,"['ScienceAndNature', 'Animals', 'Animal']",2047,ScienceAndNature,2,0.4037978592633828,0,0.2493460872256966,2,0.40379785926338285,-1,
Animal,"['ScienceAndNature', 'Animals', 'Animal']",2048,ScienceAndNature,2,0.433915792024039,0,0.36327417455387145,2,0.43391579202403874,-1,
Animal,"['ScienceAndNature', 'Animals', 'Animal']",2049,ScienceAndNature,2,0.4531094407460242,0,0.3317407710321889,2,0.4531094407460242,-1,
Animal,"['ScienceAndNature', 'Animals', 'Animal']",2050,ScienceAndNature,2,0.3746318634476553,0,0.2607943620063597,2,0.37463186344765526,-1,
Animal,"['ScienceAndNature', 'Animals', 'Animal']",2051,ScienceAndNature,2,0.3394887951446753,6,0.17855052323034104,2,0.3394887951446753,-1,
Animal,"['ScienceAndNature', 'Animals', 'Animal']",2052,ScienceAndNature,2,0.34033313228539513,0,0.21192385269529276,2,0.34033313228539513,-1,
Animal,"['ScienceAndNature', 'Animals', 'Animal']",2053,ScienceAndNature,2,0.27828002315896655,6,0.26256088410634637,2,0.2782800231589666,-1,
Animal,"['ScienceAndNature', 'Animals', 'Animal']",2054,ScienceAndNature,2,0.2624997146378354,6,0.2737667980614062,2,0.2624997146378354,-1,
Animal,"['ScienceAndNature', 'Animals', 'Animal']",2055,ScienceAndNature,2,0.2702040826460778,6,0.18863063266831878,2,0.2702040826460778,-1,
Animal,"['ScienceAndNature', 'Animals', 'Animal']",2056,ScienceAndNature,2,0.3461331150347744,0,0.21477969698738958,2,0.34613311503477434,-1,
Animal,"['ScienceAndNature', 'Animals', 'Animal']",2057,ScienceAndNature,2,0.29767312921221795,6,0.33949525699982946,2,0.29767312921221795,-1,
Animal,"['ScienceAndNature', 'Animals', 'Animal']",2058,ScienceAndNature,2,0.29123371909963797,6,0.21974341340436965,2,0.29123371909963797,-1,
Animal,"['ScienceAndNature', 'Animals', 'Animal']",2059,ScienceAndNature,1,0.24898958020162604,6,0.17531137587840484,1,0.24898958020162604,-1,
Animal,"['ScienceAndNature', 'Animals', 'Animal']",2060,ScienceAndNature,2,0.2874567530579057,6,0.18754757783102488,2,0.2874567530579057,-1,
Animal,"['ScienceAndNature', 'Animals', 'Animal']",2061,ScienceAndNature,2,0.3431629056070354,6,0.5167712580603325,2,0.34316290560703544,-1,
Animal,"['ScienceAndNature', 'Animals', 'Animal']",2062,ScienceAndNature,2,0.28090314885072826,6,0.2153038544148064,2,0.28090314885072826,-1,
Animal,"['ScienceAndNature', 'Animals', 'Animal']",2063,ScienceAndNature,3,0.33055793220355484,3,0.21668249052723446,3,0.33055793220355484,-1,
Animal,"['ScienceAndNature', 'Animals', 'Animal']",2064,ScienceAndNature,2,0.5154483402133792,0,0.5165131994616642,2,0.515448340213379,-1,
Animal,"['ScienceAndNature', 'Animals', 'Animal']",2065,ScienceAndNature,2,0.33747262317256965,0,0.22682240203089166,2,0.33747262317256976,-1,
Animal,"['ScienceAndNature', 'Animals', 'Animal']",2066,ScienceAndNature,2,0.31701579503159677,0,0.20397403429479272,2,0.31701579503159677,-1,
Animal,"['ScienceAndNature', 'Animals', 'Animal']",2067,ScienceAndNature,2,0.27543108311385056,6,0.23540844140332115,2,0.2754310831138505,-1,
Animal,"['ScienceAndNature', 'Animals', 'Animal']",2068,ScienceAndNature,2,0.2781885256921081,0,0.16173549892159342,2,0.2781885256921081,-1,
Animal,"['ScienceAndNature', 'Animals', 'Animal']",2069,ScienceAndNature,2,0.3149897466091253,0,0.1764066124096517,2,0.3149897466091254,-1,
Animal,"['ScienceAndNature', 'Animals', 'Animal']",2070,ScienceAndNature,2,0.42174800121319855,0,0.3520123545842064,2,0.42174800121319855,-1,
Animal,"['ScienceAndNature', 'Animals', 'Animal']",2071,ScienceAndNature,1,0.2613035371936237,1,0.1625045356654085,1,0.26130353719362365,-1,
Animal,"['ScienceAndNature', 'Animals', 'Animal']",2072,ScienceAndNature,2,0.3008241859869403,6,0.333249212910888,2,0.3008241859869404,-1,
Animal,"['ScienceAndNature', 'Animals', 'Animal']",2073,ScienceAndNature,1,0.2780274536819462,1,0.1711888313451565,1,0.2780274536819462,-1,
Animal,"['ScienceAndNature', 'Animals', 'Animal']",2074,ScienceAndNature,2,0.24153965234996985,6,0.2053533559714212,2,0.24153965234996985,-1,
Animal,"['ScienceAndNature', 'Animals', 'Animal']",2075,ScienceAndNature,4,0.24917574911698387,2,0.15560259097321152,4,0.24917574911698387,-1,
Animal,"['ScienceAndNature', 'Animals', 'Animal']",2076,ScienceAndNature,2,0.29914031640974664,6,0.175443306186098,2,0.29914031640974664,-1,
Animal,"['ScienceAndNature', 'Animals', 'Animal']",2077,ScienceAndNature,3,0.3238428882522043,3,0.21858506297473831,3,0.3238428882522043,-1,
Animal,"['ScienceAndNature', 'Animals', 'Animal']",2078,ScienceAndNature,2,0.2724274547412183,0,0.17724373381499312,2,0.2724274547412183,-1,
Animal,"['ScienceAndNature', 'Animals', 'Animal']",2079,ScienceAndNature,2,0.27669881393930346,6,0.18100067145374116,2,0.27669881393930346,-1,
Animal,"['ScienceAndNature', 'Animals', 'Animal']",2080,ScienceAndNature,2,0.29504034819974656,6,0.18302721966641247,2,0.2950403481997466,-1,
Animal,"['ScienceAndNature', 'Animals', 'Animal']",2081,ScienceAndNature,2,0.3323116995523859,6,0.19158888242302746,2,0.3323116995523859,-1,
Animal,"['ScienceAndNature', 'Animals', 'Animal']",2082,ScienceAndNature,2,0.3106601277123646,6,0.20041162828065634,2,0.31066012771236473,-1,
Animal,"['ScienceAndNature', 'Animals', 'Animal']",2083,ScienceAndNature,2,0.2918284271306284,6,0.17204467785318156,2,0.29182842713062834,-1,
Animal,"['ScienceAndNature', 'Animals', 'Animal']",2084,ScienceAndNature,2,0.2682839216517018,6,0.1958459249752692,2,0.2682839216517018,-1,
Animal,"['ScienceAndNature', 'Animals', 'Animal']",2085,ScienceAndNature,2,0.3106428703429557,6,0.29762733223661825,2,0.3106428703429557,-1,
Animal,"['ScienceAndNature', 'Animals', 'Animal']",2086,ScienceAndNature,2,0.2527709943819613,6,0.18084893257363902,2,0.2527709943819613,-1,
Animal,"['ScienceAndNature', 'Animals', 'Animal']",2087,ScienceAndNature,2,0.30444935211357443,0,0.17753787941408822,2,0.30444935211357443,-1,
Animal,"['ScienceAndNature', 'Animals', 'Animal']",2088,ScienceAndNature,2,0.27474682669876266,6,0.1719006262163281,2,0.27474682669876266,-1,
Animal,"['ScienceAndNature', 'Animals', 'Animal']",2089,ScienceAndNature,1,0.2823330388776854,1,0.1798624680063658,1,0.28233303887768546,-1,
Animal,"['ScienceAndNature', 'Animals', 'Animal']",2090,ScienceAndNature,2,0.3187952698416754,6,0.26538823551149676,2,0.3187952698416754,-1,
Animal,"['ScienceAndNature', 'Animals', 'Animal']",2091,ScienceAndNature,2,0.3489708217221059,6,0.5819033067012024,2,0.34897082172210603,-1,
Animal,"['ScienceAndNature', 'Animals', 'Animal']",2092,ScienceAndNature,2,0.32151402256648065,6,0.37602956975664903,2,0.3215140225664807,-1,
Animal,"['ScienceAndNature', 'Animals', 'Animal']",2093,ScienceAndNature,2,0.30686882064000354,6,0.18937381444514365,2,0.30686882064000354,-1,
Animal,"['ScienceAndNature', 'Animals', 'Animal']",2094,ScienceAndNature,2,0.27204056914663727,0,0.1674792981652573,2,0.27204056914663727,-1,
Animal,"['ScienceAndNature', 'Animals', 'Animal']",2095,ScienceAndNature,1,0.26368768995715414,1,0.16471665856743511,1,0.26368768995715414,-1,
Animal,"['ScienceAndNature', 'Animals', 'Animal']",2096,ScienceAndNature,2,0.2686089822168578,6,0.22164358738335552,2,0.26860898221685775,-1,
Animal,"['ScienceAndNature', 'Animals', 'Animal']",2097,ScienceAndNature,2,0.3042489160358361,6,0.21913333736006096,2,0.3042489160358361,-1,
Animal,"['ScienceAndNature', 'Animals', 'Animal']",2098,ScienceAndNature,2,0.28064582948570016,6,0.17542743099320526,2,0.28064582948570027,-1,
Animal,"['ScienceAndNature', 'Animals', 'Animal']",2099,ScienceAndNature,2,0.2951416538305028,6,0.31632829742931723,2,0.29514165383050284,-1,
Animal,"['ScienceAndNature', 'Animals', 'Animal']",2100,ScienceAndNature,2,0.2933276741484063,6,0.16716872704947375,2,0.2933276741484064,-1,
Animal,"['ScienceAndNature', 'Animals', 'Animal']",2101,ScienceAndNature,2,0.29033919235871813,6,0.1926164525727708,2,0.2903391923587181,-1,
Animal,"['ScienceAndNature', 'Animals', 'Animal']",2102,ScienceAndNature,2,0.3429744741065914,6,0.5083412770787495,2,0.3429744741065915,-1,
Animal,"['ScienceAndNature', 'Animals', 'Animal']",2103,ScienceAndNature,3,0.3235079293594632,6,0.24286430000219653,3,0.3235079293594632,-1,
Animal,"['ScienceAndNature', 'Animals', 'Animal']",2104,ScienceAndNature,2,0.4846500984181989,0,0.44842417293812176,2,0.4846500984181988,-1,
Animal,"['ScienceAndNature', 'Animals', 'Animal']",2105,ScienceAndNature,2,0.2655076331710244,6,0.1913723566376212,2,0.2655076331710244,-1,
Animal,"['ScienceAndNature', 'Animals', 'Animal']",2106,ScienceAndNature,2,0.29576763756339575,6,0.33124086754277066,2,0.2957676375633958,-1,
Animal,"['ScienceAndNature', 'Animals', 'Animal']",2107,ScienceAndNature,2,0.3933027737485893,0,0.25432438096328563,2,0.3933027737485894,-1,
Animal,"['ScienceAndNature', 'Animals', 'Animal']",2108,ScienceAndNature,2,0.39058662864172744,0,0.2611664329725669,2,0.39058662864172744,-1,
Animal,"['ScienceAndNature', 'Animals', 'Animal']",2109,ScienceAndNature,2,0.2801880793247229,6,0.16773814924452907,2,0.280188079324723,-1,
Animal,"['ScienceAndNature', 'Animals', 'Animal']",2110,ScienceAndNature,2,0.3003634319175943,0,0.16773897500456766,2,0.3003634319175943,-1,
Animal,"['ScienceAndNature', 'Animals', 'Animal']",2111,ScienceAndNature,2,0.3435905622746216,0,0.1947576989915571,2,0.3435905622746216,-1,
Animal,"['ScienceAndNature', 'Animals', 'Animal']",2112,ScienceAndNature,2,0.32347831789392284,6,0.1868954292799009,2,0.3234783178939228,-1,
Animal,"['ScienceAndNature', 'Animals', 'Animal']",2113,ScienceAndNature,2,0.3376327149988154,6,0.4357359027476289,2,0.33763271499881553,-1,
Animal,"['ScienceAndNature', 'Animals', 'Animal']",2114,ScienceAndNature,2,0.2813320993318158,6,0.3214578897120414,2,0.2813320993318158,-1,
Animal,"['ScienceAndNature', 'Animals', 'Animal']",2115,ScienceAndNature,2,0.2774645503578987,6,0.2634741783948059,2,0.2774645503578988,-1,
Animal,"['ScienceAndNature', 'Animals', 'Animal']",2116,ScienceAndNature,2,0.4736654419492389,0,0.3705618216305667,2,0.47366544194923865,-1,
Animal,"['ScienceAndNature', 'Animals', 'Animal']",2117,ScienceAndNature,2,0.3238330857375211,6,0.3450378230438587,2,0.3238330857375211,-1,
Animal,"['ScienceAndNature', 'Animals', 'Animal']",2118,ScienceAndNature,2,0.2560100567503899,0,0.15348314738635954,2,0.2560100567503899,-1,
Animal,"['ScienceAndNature', 'Animals', 'Animal']",2119,ScienceAndNature,3,0.32917333952398115,6,0.20852659954770258,3,0.3291733395239811,-1,
Animal,"['ScienceAndNature', 'Animals', 'Animal']",2120,ScienceAndNature,2,0.25210446863300867,6,0.1615319955038742,2,0.25210446863300867,-1,
Animal,"['ScienceAndNature', 'Animals', 'Animal']",2121,ScienceAndNature,3,0.2899969293161988,3,0.18299034873873976,3,0.2899969293161988,-1,
Animal,"['ScienceAndNature', 'Animals', 'Animal']",2122,ScienceAndNature,2,0.26502195260356387,6,0.17679349029106645,2,0.26502195260356387,-1,
Animal,"['ScienceAndNature', 'Animals', 'Animal']",2123,ScienceAndNature,2,0.3444663616544924,6,0.3246594494954063,2,0.3444663616544924,-1,
Animal,"['ScienceAndNature', 'Animals', 'Animal']",2124,ScienceAndNature,2,0.23925052548047795,6,0.14641795944873998,2,0.23925052548047795,-1,
Animal,"['ScienceAndNature', 'Animals', 'Animal']",2125,ScienceAndNature,2,0.23830079701190948,6,0.19327767573370724,2,0.23830079701190948,-1,
Animal,"['ScienceAndNature', 'Animals', 'Animal']",2126,ScienceAndNature,2,0.2922488940156553,6,0.1688499661078096,2,0.2922488940156554,-1,
Animal,"['ScienceAndNature', 'Animals', 'Animal']",2127,ScienceAndNature,2,0.37120971389384344,6,0.5004528703671005,2,0.3712097138938435,-1,
Animal,"['ScienceAndNature', 'Animals', 'Animal']",2128,ScienceAndNature,3,0.2942525219819236,6,0.19032512538056381,3,0.2942525219819236,-1,
Animal,"['ScienceAndNature', 'Animals', 'Animal']",2129,ScienceAndNature,2,0.441295084510734,0,0.32315742854409807,2,0.441295084510734,-1,
Animal,"['ScienceAndNature', 'Animals', 'Animal']",2130,ScienceAndNature,2,0.5785566267039922,0,0.6882896826337886,2,0.5785566267039922,-1,
Animal,"['ScienceAndNature', 'Animals', 'Animal']",2131,ScienceAndNature,2,0.44607372733886147,0,0.3569927415941902,2,0.44607372733886147,-1,
Animal,"['ScienceAndNature', 'Animals', 'Animal']",2132,ScienceAndNature,3,0.2386604902607044,6,0.16185775356206394,3,0.2386604902607044,-1,
Animal,"['ScienceAndNature', 'Animals', 'Animal']",2133,ScienceAndNature,2,0.2753114241975773,6,0.16711511184229155,2,0.27531142419757737,-1,
Animal,"['ScienceAndNature', 'Animals', 'Animal']",2134,ScienceAndNature,4,0.311032960848359,2,0.2105926523494163,4,0.311032960848359,-1,
Animal,"['ScienceAndNature', 'Animals', 'Animal']",2135,ScienceAndNature,3,0.2668702768229154,6,0.1737270664037133,3,0.2668702768229154,-1,
Animal,"['ScienceAndNature', 'Animals', 'Animal']",2136,ScienceAndNature,2,0.3163573629365459,6,0.21919031005984557,2,0.31635736293654587,-1,
Animal,"['ScienceAndNature', 'Animals', 'Animal']",2137,ScienceAndNature,2,0.3121371320022829,0,0.1791075452506251,2,0.3121371320022828,-1,
Animal,"['ScienceAndNature', 'Animals', 'Animal']",2138,ScienceAndNature,3,0.3597617212788972,3,0.23845402030245774,3,0.3597617212788973,-1,
Animal,"['ScienceAndNature', 'Animals', 'Animal']",2139,ScienceAndNature,2,0.2656452253305439,6,0.191909828549044,2,0.2656452253305439,-1,
Animal,"['ScienceAndNature', 'Animals', 'Animal']",2140,ScienceAndNature,4,0.3006879822726305,2,0.19900461353935484,4,0.3006879822726305,-1,
Animal,"['ScienceAndNature', 'Animals', 'Animal']",2141,ScienceAndNature,1,0.27999231915835404,1,0.1778648126667825,1,0.27999231915835404,-1,
Animal,"['ScienceAndNature', 'Animals', 'Animal']",2142,ScienceAndNature,2,0.3285600852639253,0,0.17419249163830128,2,0.3285600852639253,-1,
Animal,"['ScienceAndNature', 'Animals', 'Animal']",2143,ScienceAndNature,2,0.3718728239688495,0,0.2493307819818053,2,0.3718728239688496,-1,
Animal,"['ScienceAndNature', 'Animals', 'Animal']",2144,ScienceAndNature,2,0.3611012020399619,0,0.2385548143463557,2,0.3611012020399617,-1,
Animal,"['ScienceAndNature', 'Animals', 'Animal']",2145,ScienceAndNature,2,0.30027756986608445,6,0.19444536133657897,2,0.30027756986608445,-1,
Animal,"['ScienceAndNature', 'Animals', 'Animal']",2146,ScienceAndNature,2,0.23116229178304562,6,0.1744415979067305,2,0.23116229178304562,-1,
Animal,"['ScienceAndNature', 'Animals', 'Animal']",2147,ScienceAndNature,3,0.2845865527707513,3,0.18181440093788057,3,0.2845865527707512,-1,
Animal,"['ScienceAndNature', 'Animals', 'Animal']",2148,ScienceAndNature,2,0.47947102932241537,0,0.42320977819084427,2,0.4794710293224152,-1,
Animal,"['ScienceAndNature', 'Animals', 'Animal']",2149,ScienceAndNature,2,0.2855050718119132,6,0.2344072398433301,2,0.2855050718119132,-1,
Animal,"['ScienceAndNature', 'Animals', 'Animal']",2150,ScienceAndNature,2,0.30637736729898174,6,0.24775396519586462,2,0.30637736729898174,-1,
Animal,"['ScienceAndNature', 'Animals', 'Animal']",2151,ScienceAndNature,1,0.3157889889977925,1,0.1992007105274215,1,0.3157889889977925,-1,
Animal,"['ScienceAndNature', 'Animals', 'Animal']",2152,ScienceAndNature,2,0.2811080636971331,6,0.1918728030729349,2,0.2811080636971331,-1,
Animal,"['ScienceAndNature', 'Animals', 'Animal']",2153,ScienceAndNature,2,0.49049370233902295,0,0.48991122610410953,2,0.49049370233902295,-1,
Animal,"['ScienceAndNature', 'Animals', 'Animal']",2154,ScienceAndNature,1,0.34933973074309804,1,0.22449868932168085,1,0.3493397307430981,-1,
Animal,"['ScienceAndNature', 'Animals', 'Animal']",2155,ScienceAndNature,1,0.2370634432486588,6,0.1522440013232192,1,0.23706344324865875,-1,
Animal,"['ScienceAndNature', 'Animals', 'Animal']",2156,ScienceAndNature,2,0.2820628273110115,6,0.16790932773619044,2,0.2820628273110115,-1,
Animal,"['ScienceAndNature', 'Animals', 'Animal']",2157,ScienceAndNature,2,0.37960724356206066,0,0.2804414851951799,2,0.37960724356206066,-1,
Animal,"['ScienceAndNature', 'Animals', 'Animal']",2158,ScienceAndNature,2,0.3049295663476817,6,0.33469340714850804,2,0.3049295663476817,-1,
Animal,"['ScienceAndNature', 'Animals', 'Animal']",2159,ScienceAndNature,2,0.3104052730424567,0,0.17174613789085677,2,0.3104052730424567,-1,
Animal,"['ScienceAndNature', 'Animals', 'Animal']",2160,ScienceAndNature,3,0.2580750806898352,3,0.16211142217198787,3,0.25807508068983526,-1,
Animal,"['ScienceAndNature', 'Animals', 'Animal']",2161,ScienceAndNature,2,0.3311097638485311,6,0.19348970598441467,2,0.3311097638485311,-1,
Animal,"['ScienceAndNature', 'Animals', 'Animal']",2162,ScienceAndNature,1,0.26278910483127427,1,0.15813385876393707,1,0.2627891048312742,-1,
Animal,"['ScienceAndNature', 'Animals', 'Animal']",2163,ScienceAndNature,2,0.3219807079258005,0,0.18331198194726786,2,0.3219807079258005,-1,
Animal,"['ScienceAndNature', 'Animals', 'Animal']",2164,ScienceAndNature,2,0.252743533603617,6,0.1880840659975118,2,0.252743533603617,-1,
Animal,"['ScienceAndNature', 'Animals', 'Animal']",2165,ScienceAndNature,2,0.26798353749421827,6,0.20938984791657642,2,0.26798353749421827,-1,
Animal,"['ScienceAndNature', 'Animals', 'Animal']",2166,ScienceAndNature,2,0.2597601226146375,6,0.19791882685701734,2,0.2597601226146375,-1,
Plant,"['ScienceAndNature', 'Plants', 'Plant']",2167,ScienceAndNature,0,0.24107676705676367,5,0.4178413834889056,0,0.24107676705676362,-1,
Plant,"['ScienceAndNature', 'Plants', 'Plant']",2168,ScienceAndNature,0,0.2624475155687681,5,0.20908997674129154,0,0.2624475155687681,-1,
Plant,"['ScienceAndNature', 'Plants', 'Plant']",2169,ScienceAndNature,0,0.24586334504003532,5,0.18050005647034859,0,0.24586334504003532,-1,
Plant,"['ScienceAndNature', 'Plants', 'Plant']",2170,ScienceAndNature,0,0.28711073374936097,5,0.2696991347822269,0,0.28711073374936097,-1,
Plant,"['ScienceAndNature', 'Plants', 'Plant']",2171,ScienceAndNature,0,0.27908902550295606,5,0.18958052480678325,0,0.27908902550295606,-1,
Plant,"['ScienceAndNature', 'Plants', 'Plant']",2172,ScienceAndNature,0,0.2551718254839276,5,0.6014579385891584,0,0.25517182548392753,-1,
Plant,"['ScienceAndNature', 'Plants', 'Plant']",2173,ScienceAndNature,2,0.22258414687976308,5,0.3684928430121256,2,0.22258414687976308,-1,
Plant,"['ScienceAndNature', 'Plants', 'Plant']",2174,ScienceAndNature,0,0.23640488655563077,5,0.4817958838465127,0,0.23640488655563083,-1,
Plant,"['ScienceAndNature', 'Plants', 'Plant']",2175,ScienceAndNature,0,0.24891035476736825,5,0.5629498518799644,0,0.24891035476736825,-1,
Plant,"['ScienceAndNature', 'Plants', 'Plant']",2176,ScienceAndNature,0,0.24659567490954784,5,0.16376271873538611,0,0.24659567490954784,-1,
Plant,"['ScienceAndNature', 'Plants', 'Plant']",2177,ScienceAndNature,0,0.27897225455922386,5,0.24677089677014435,0,0.27897225455922386,-1,
Plant,"['ScienceAndNature', 'Plants', 'Plant']",2178,ScienceAndNature,0,0.24491493120295535,5,0.31030656519085204,0,0.24491493120295535,-1,
Plant,"['ScienceAndNature', 'Plants', 'Plant']",2179,ScienceAndNature,0,0.23797217435816076,5,0.19978051690157472,0,0.23797217435816076,-1,
Plant,"['ScienceAndNature', 'Plants', 'Plant']",2180,ScienceAndNature,0,0.25007844387457673,5,0.18125972267888518,0,0.25007844387457673,-1,
Plant,"['ScienceAndNature', 'Plants', 'Plant']",2181,ScienceAndNature,0,0.24451745876887782,5,0.34770293423326615,0,0.24451745876887776,-1,
Plant,"['ScienceAndNature', 'Plants', 'Plant']",2182,ScienceAndNature,0,0.25481726285541123,5,0.5348245709676798,0,0.25481726285541123,-1,
Plant,"['ScienceAndNature', 'Plants', 'Plant']",2183,ScienceAndNature,0,0.2532294187876774,5,0.5540538225541738,0,0.2532294187876774,-1,
Plant,"['ScienceAndNature', 'Plants', 'Plant']",2184,ScienceAndNature,0,0.24617999541201224,5,0.500531633720406,0,0.24617999541201224,-1,
Plant,"['ScienceAndNature', 'Plants', 'Plant']",2185,ScienceAndNature,0,0.2880249319427427,4,0.1698768132778672,0,0.28802493194274276,-1,
Plant,"['ScienceAndNature', 'Plants', 'Plant']",2186,ScienceAndNature,0,0.23714798375015525,5,0.49976899293806254,0,0.23714798375015525,-1,
Plant,"['ScienceAndNature', 'Plants', 'Plant']",2187,ScienceAndNature,0,0.23701940260603202,5,0.16510815288298486,0,0.23701940260603202,-1,
Plant,"['ScienceAndNature', 'Plants', 'Plant']",2188,ScienceAndNature,0,0.23715572116368686,5,0.1734359195054117,0,0.23715572116368686,-1,
Plant,"['ScienceAndNature', 'Plants', 'Plant']",2189,ScienceAndNature,0,0.23681931371826936,5,0.526269593790677,0,0.23681931371826936,-1,
Plant,"['ScienceAndNature', 'Plants', 'Plant']",2190,ScienceAndNature,0,0.22334965459305353,5,0.4224529589717253,0,0.22334965459305348,-1,
Plant,"['ScienceAndNature', 'Plants', 'Plant']",2191,ScienceAndNature,0,0.23557085747364023,5,0.49385396550922683,0,0.23557085747364018,-1,
Plant,"['ScienceAndNature', 'Plants', 'Plant']",2192,ScienceAndNature,0,0.2706347673770582,5,0.22992766019417765,0,0.2706347673770582,-1,
Plant,"['ScienceAndNature', 'Plants', 'Plant']",2193,ScienceAndNature,0,0.24740906520748504,5,0.21559798712117448,0,0.24740906520748498,-1,
Plant,"['ScienceAndNature', 'Plants', 'Plant']",2194,ScienceAndNature,3,0.2526176188311062,3,0.1550043207255768,3,0.2526176188311062,-1,
Plant,"['ScienceAndNature', 'Plants', 'Plant']",2195,ScienceAndNature,0,0.2485286893174917,5,0.2929546602027969,0,0.2485286893174917,-1,
Plant,"['ScienceAndNature', 'Plants', 'Plant']",2196,ScienceAndNature,3,0.2725779546600359,3,0.17246614678110067,3,0.2725779546600359,-1,
Plant,"['ScienceAndNature', 'Plants', 'Plant']",2197,ScienceAndNature,0,0.26419755943243534,5,0.3289977708380212,0,0.26419755943243534,-1,
Plant,"['ScienceAndNature', 'Plants', 'Plant']",2198,ScienceAndNature,0,0.2355315826252434,5,0.3876915521558356,0,0.2355315826252434,-1,
Plant,"['ScienceAndNature', 'Plants', 'Plant']",2199,ScienceAndNature,0,0.26297238543452606,5,0.42967159614490974,0,0.26297238543452606,-1,
Plant,"['ScienceAndNature', 'Plants', 'Plant']",2200,ScienceAndNature,0,0.250041804094009,5,0.4902716899020357,0,0.25004180409400906,-1,
Plant,"['ScienceAndNature', 'Plants', 'Plant']",2201,ScienceAndNature,0,0.24808082611329396,5,0.3864506393980251,0,0.24808082611329396,-1,
Plant,"['ScienceAndNature', 'Plants', 'Plant']",2202,ScienceAndNature,0,0.237776570619927,5,0.29196558349018886,0,0.237776570619927,-1,
Plant,"['ScienceAndNature', 'Plants', 'Plant']",2203,ScienceAndNature,0,0.25825276223216376,5,0.5248362791166719,0,0.2582527622321637,-1,
Plant,"['ScienceAndNature', 'Plants', 'Plant']",2204,ScienceAndNature,0,0.2843719971537881,5,0.1740003233887883,0,0.2843719971537881,-1,
Plant,"['ScienceAndNature', 'Plants', 'Plant']",2205,ScienceAndNature,0,0.23108990441111668,5,0.43113799246403217,0,0.2310899044111167,-1,
Plant,"['ScienceAndNature', 'Plants', 'Plant']",2206,ScienceAndNature,0,0.25510684366499964,5,0.17660799531610294,0,0.2551068436649997,-1,
Plant,"['ScienceAndNature', 'Plants', 'Plant']",2207,ScienceAndNature,0,0.2391571351051654,5,0.5083726980090946,0,0.23915713510516534,-1,
Plant,"['ScienceAndNature', 'Plants', 'Plant']",2208,ScienceAndNature,0,0.23634378043597584,5,0.43600271932483564,0,0.23634378043597584,-1,
Plant,"['ScienceAndNature', 'Plants', 'Plant']",2209,ScienceAndNature,0,0.26291895852868935,5,0.1594351549432297,0,0.26291895852868935,-1,
Plant,"['ScienceAndNature', 'Plants', 'Plant']",2210,ScienceAndNature,0,0.27779577456692955,5,0.19494040969442372,0,0.27779577456692955,-1,
Plant,"['ScienceAndNature', 'Plants', 'Plant']",2211,ScienceAndNature,0,0.24353492624740483,5,0.30682684386447107,0,0.24353492624740483,-1,
Plant,"['ScienceAndNature', 'Plants', 'Plant']",2212,ScienceAndNature,0,0.2586143314514721,5,0.18202377253909352,0,0.2586143314514721,-1,
Plant,"['ScienceAndNature', 'Plants', 'Plant']",2213,ScienceAndNature,0,0.3074520640132215,5,0.25048738264681103,0,0.3074520640132215,-1,
Plant,"['ScienceAndNature', 'Plants', 'Plant']",2214,ScienceAndNature,0,0.2650520461244679,5,0.48262523201042595,0,0.2650520461244679,-1,
Plant,"['ScienceAndNature', 'Plants', 'Plant']",2215,ScienceAndNature,0,0.24054327187522737,5,0.4165247811170385,0,0.24054327187522737,-1,
Plant,"['ScienceAndNature', 'Plants', 'Plant']",2216,ScienceAndNature,0,0.2953800826689238,5,0.24961028221790363,0,0.2953800826689238,-1,
Plant,"['ScienceAndNature', 'Plants', 'Plant']",2217,ScienceAndNature,0,0.24673988132281321,5,0.38320117918488533,0,0.24673988132281327,-1,
Plant,"['ScienceAndNature', 'Plants', 'Plant']",2218,ScienceAndNature,0,0.27428217893576784,4,0.16509222183673855,0,0.27428217893576784,-1,
Plant,"['ScienceAndNature', 'Plants', 'Plant']",2219,ScienceAndNature,0,0.24418689819416747,5,0.154360980192584,0,0.24418689819416742,-1,
Plant,"['ScienceAndNature', 'Plants', 'Plant']",2220,ScienceAndNature,0,0.24782264952161426,5,0.5203577782719997,0,0.24782264952161426,-1,
Plant,"['ScienceAndNature', 'Plants', 'Plant']",2221,ScienceAndNature,0,0.24179574954912714,5,0.1740461903461772,0,0.24179574954912714,-1,
Plant,"['ScienceAndNature', 'Plants', 'Plant']",2222,ScienceAndNature,0,0.24583222597927915,5,0.1695771383444343,0,0.24583222597927915,-1,
Plant,"['ScienceAndNature', 'Plants', 'Plant']",2223,ScienceAndNature,0,0.24683269198775967,5,0.18726813686972404,0,0.24683269198775967,-1,
Plant,"['ScienceAndNature', 'Plants', 'Plant']",2224,ScienceAndNature,0,0.24556796731606284,5,0.40233750892650727,0,0.24556796731606284,-1,
Plant,"['ScienceAndNature', 'Plants', 'Plant']",2225,ScienceAndNature,0,0.2354882092428547,5,0.18870767089746673,0,0.2354882092428547,-1,
Plant,"['ScienceAndNature', 'Plants', 'Plant']",2226,ScienceAndNature,3,0.23250658745246455,5,0.17238650583171491,3,0.23250658745246455,-1,
Plant,"['ScienceAndNature', 'Plants', 'Plant']",2227,ScienceAndNature,0,0.341374428585571,5,0.2160823235242683,0,0.34137442858557104,-1,
Plant,"['ScienceAndNature', 'Plants', 'Plant']",2228,ScienceAndNature,0,0.2376622496691707,5,0.5234113550045028,0,0.2376622496691707,-1,
Plant,"['ScienceAndNature', 'Plants', 'Plant']",2229,ScienceAndNature,0,0.291691401480658,4,0.17505116011320734,0,0.291691401480658,-1,
Plant,"['ScienceAndNature', 'Plants', 'Plant']",2230,ScienceAndNature,3,0.26892990267789874,5,0.1680165944381792,3,0.26892990267789874,-1,
Plant,"['ScienceAndNature', 'Plants', 'Plant']",2231,ScienceAndNature,0,0.24208593660709887,5,0.18814732412486573,0,0.24208593660709887,-1,
Plant,"['ScienceAndNature', 'Plants', 'Plant']",2232,ScienceAndNature,3,0.2244830165232746,5,0.3472216717447039,3,0.2244830165232746,-1,
Plant,"['ScienceAndNature', 'Plants', 'Plant']",2233,ScienceAndNature,0,0.23190122489837023,5,0.3404253829569628,0,0.23190122489837023,-1,
Plant,"['ScienceAndNature', 'Plants', 'Plant']",2234,ScienceAndNature,3,0.23554295108959236,5,0.1789384572020147,3,0.23554295108959236,-1,
Plant,"['ScienceAndNature', 'Plants', 'Plant']",2235,ScienceAndNature,0,0.24023314322985773,5,0.36189486512582547,0,0.24023314322985773,-1,
Plant,"['ScienceAndNature', 'Plants', 'Plant']",2236,ScienceAndNature,0,0.24848582648784875,5,0.4026883249881765,0,0.24848582648784875,-1,
Plant,"['ScienceAndNature', 'Plants', 'Plant']",2237,ScienceAndNature,0,0.23258704294388557,5,0.3684050799034133,0,0.23258704294388557,-1,
Plant,"['ScienceAndNature', 'Plants', 'Plant']",2238,ScienceAndNature,0,0.24732169191438083,5,0.5088173808543439,0,0.24732169191438083,-1,
Plant,"['ScienceAndNature', 'Plants', 'Plant']",2239,ScienceAndNature,0,0.22956963720268683,5,0.43655849181724654,0,0.22956963720268683,-1,
Plant,"['ScienceAndNature', 'Plants', 'Plant']",2240,ScienceAndNature,0,0.24675986331156566,5,0.1680544633634605,0,0.24675986331156566,-1,
Plant,"['ScienceAndNature', 'Plants', 'Plant']",2241,ScienceAndNature,0,0.26369945350792245,5,0.20708669581921288,0,0.26369945350792245,-1,
Plant,"['ScienceAndNature', 'Plants', 'Plant']",2242,ScienceAndNature,0,0.26669785853626227,5,0.33724722045058186,0,0.26669785853626227,-1,
Plant,"['ScienceAndNature', 'Plants', 'Plant']",2243,ScienceAndNature,0,0.26006705960389886,5,0.22631066773607628,0,0.26006705960389886,-1,
Plant,"['ScienceAndNature', 'Plants', 'Plant']",2244,ScienceAndNature,0,0.23083970747772128,5,0.18253855150549914,0,0.23083970747772134,-1,
Plant,"['ScienceAndNature', 'Plants', 'Plant']",2245,ScienceAndNature,0,0.2193761355522629,5,0.40546476720707547,0,0.2193761355522629,-1,
Plant,"['ScienceAndNature', 'Plants', 'Plant']",2246,ScienceAndNature,0,0.22022452660300315,5,0.3814596095146534,0,0.22022452660300315,-1,
Plant,"['ScienceAndNature', 'Plants', 'Plant']",2247,ScienceAndNature,0,0.23722795071174618,5,0.3158969769463046,0,0.23722795071174618,-1,
Plant,"['ScienceAndNature', 'Plants', 'Plant']",2248,ScienceAndNature,0,0.25504024444359163,5,0.1860723075296987,0,0.25504024444359163,-1,
Plant,"['ScienceAndNature', 'Plants', 'Plant']",2249,ScienceAndNature,0,0.267538233734351,5,0.2981558679904718,0,0.2675382337343509,-1,
Plant,"['ScienceAndNature', 'Plants', 'Plant']",2250,ScienceAndNature,0,0.2568842980955551,5,0.19862166142691146,0,0.256884298095555,-1,
Plant,"['ScienceAndNature', 'Plants', 'Plant']",2251,ScienceAndNature,0,0.2333243659854518,5,0.1854655455801322,0,0.2333243659854518,-1,
Plant,"['ScienceAndNature', 'Plants', 'Plant']",2252,ScienceAndNature,0,0.2755595381269152,5,0.19234493097602653,0,0.2755595381269152,-1,
Plant,"['ScienceAndNature', 'Plants', 'Plant']",2253,ScienceAndNature,0,0.2337308386364317,5,0.20776492234859034,0,0.23373083863643165,-1,
Plant,"['ScienceAndNature', 'Plants', 'Plant']",2254,ScienceAndNature,0,0.25128041831346715,5,0.3782332486232928,0,0.25128041831346715,-1,
Plant,"['ScienceAndNature', 'Plants', 'Plant']",2255,ScienceAndNature,0,0.23180758648966932,5,0.2100425236197651,0,0.23180758648966932,-1,
Plant,"['ScienceAndNature', 'Plants', 'Plant']",2256,ScienceAndNature,3,0.24478014494496536,5,0.1672994426110157,3,0.24478014494496536,-1,
Plant,"['ScienceAndNature', 'Plants', 'Plant']",2257,ScienceAndNature,0,0.23889852304753148,5,0.5501910513288575,0,0.23889852304753148,-1,
Plant,"['ScienceAndNature', 'Plants', 'Plant']",2258,ScienceAndNature,0,0.2475117830533816,5,0.5544215458469096,0,0.2475117830533816,-1,
Plant,"['ScienceAndNature', 'Plants', 'Plant']",2259,ScienceAndNature,3,0.23502172438497604,5,0.5115743982873179,3,0.23502172438497604,-1,
Plant,"['ScienceAndNature', 'Plants', 'Plant']",2260,ScienceAndNature,0,0.2374679599540853,5,0.5241449626346985,0,0.23746795995408523,-1,
Plant,"['ScienceAndNature', 'Plants', 'Plant']",2261,ScienceAndNature,0,0.2736961867806848,5,0.3890398618603963,0,0.27369618678068486,-1,
Plant,"['ScienceAndNature', 'Plants', 'Plant']",2262,ScienceAndNature,0,0.25392085726679614,5,0.5390310285668951,0,0.2539208572667961,-1,
Plant,"['ScienceAndNature', 'Plants', 'Plant']",2263,ScienceAndNature,0,0.21649028746802687,5,0.1650278110073988,0,0.21649028746802687,-1,
Plant,"['ScienceAndNature', 'Plants', 'Plant']",2264,ScienceAndNature,0,0.2336418960778094,5,0.42104331074669177,0,0.23364189607780936,-1,
Plant,"['ScienceAndNature', 'Plants', 'Plant']",2265,ScienceAndNature,0,0.26528824465961065,5,0.17509526655959767,0,0.2652882446596106,-1,
Plant,"['ScienceAndNature', 'Plants', 'Plant']",2266,ScienceAndNature,0,0.25980882891398976,4,0.15462205945431357,0,0.25980882891398976,-1,
Plant,"['ScienceAndNature', 'Plants', 'Plant']",2267,ScienceAndNature,0,0.24012128732306479,5,0.1810821115381683,0,0.24012128732306479,-1,
Plant,"['ScienceAndNature', 'Plants', 'Plant']",2268,ScienceAndNature,0,0.26318164303933916,5,0.31165152505212607,0,0.26318164303933916,-1,
Plant,"['ScienceAndNature', 'Plants', 'Plant']",2269,ScienceAndNature,0,0.2760975329733481,5,0.3891670959670609,0,0.2760975329733481,-1,
Plant,"['ScienceAndNature', 'Plants', 'Plant']",2270,ScienceAndNature,0,0.2504476478588419,5,0.40266368296733285,0,0.2504476478588419,-1,
Plant,"['ScienceAndNature', 'Plants', 'Plant']",2271,ScienceAndNature,0,0.2462550279056988,5,0.18601955204548581,0,0.2462550279056988,-1,
Plant,"['ScienceAndNature', 'Plants', 'Plant']",2272,ScienceAndNature,3,0.2516845574504274,3,0.15910369854240702,3,0.25168455745042745,-1,
Plant,"['ScienceAndNature', 'Plants', 'Plant']",2273,ScienceAndNature,0,0.23361601727883302,5,0.4690307699983145,0,0.23361601727883308,-1,
Plant,"['ScienceAndNature', 'Plants', 'Plant']",2274,ScienceAndNature,0,0.32817236439472247,5,0.22370923155586558,0,0.3281723643947224,-1,
Plant,"['ScienceAndNature', 'Plants', 'Plant']",2275,ScienceAndNature,0,0.2638528120561366,5,0.1947991565959697,0,0.2638528120561366,-1,
Plant,"['ScienceAndNature', 'Plants', 'Plant']",2276,ScienceAndNature,0,0.2581587070230231,5,0.5419411638198579,0,0.2581587070230231,-1,
Plant,"['ScienceAndNature', 'Plants', 'Plant']",2277,ScienceAndNature,0,0.2532481232268068,5,0.41290249575344334,0,0.2532481232268068,-1,
Plant,"['ScienceAndNature', 'Plants', 'Plant']",2278,ScienceAndNature,0,0.2507205203723908,5,0.5185492705291244,0,0.2507205203723908,-1,
Plant,"['ScienceAndNature', 'Plants', 'Plant']",2279,ScienceAndNature,0,0.23450307360367234,5,0.32398168066863725,0,0.23450307360367234,-1,
Plant,"['ScienceAndNature', 'Plants', 'Plant']",2280,ScienceAndNature,0,0.2915892471579651,5,0.18494654488688927,0,0.2915892471579651,-1,
Plant,"['ScienceAndNature', 'Plants', 'Plant']",2281,ScienceAndNature,0,0.28589191947488746,5,0.22713337353624044,0,0.28589191947488746,-1,
Plant,"['ScienceAndNature', 'Plants', 'Plant']",2282,ScienceAndNature,0,0.2351153001247252,5,0.4803710694123414,0,0.2351153001247252,-1,
Plant,"['ScienceAndNature', 'Plants', 'Plant']",2283,ScienceAndNature,0,0.2629619886239198,5,0.17989295316409015,0,0.26296198862391984,-1,
Plant,"['ScienceAndNature', 'Plants', 'Plant']",2284,ScienceAndNature,0,0.2583421338652138,5,0.3109291039664506,0,0.2583421338652139,-1,
Plant,"['ScienceAndNature', 'Plants', 'Plant']",2285,ScienceAndNature,0,0.23738953756220554,5,0.16051175271906293,0,0.23738953756220554,-1,
Plant,"['ScienceAndNature', 'Plants', 'Plant']",2286,ScienceAndNature,0,0.22872386862210375,5,0.522639747847946,0,0.22872386862210367,-1,
Plant,"['ScienceAndNature', 'Plants', 'Plant']",2287,ScienceAndNature,0,0.24044987268099854,5,0.5541164442061566,0,0.24044987268099854,-1,
Plant,"['ScienceAndNature', 'Plants', 'Plant']",2288,ScienceAndNature,0,0.24461804869522966,5,0.1598639997689188,0,0.24461804869522966,-1,
Plant,"['ScienceAndNature', 'Plants', 'Plant']",2289,ScienceAndNature,0,0.24877219537757458,5,0.4142601165931635,0,0.24877219537757464,-1,
Plant,"['ScienceAndNature', 'Plants', 'Plant']",2290,ScienceAndNature,0,0.24798371604732475,5,0.46028062585732293,0,0.24798371604732475,-1,
Plant,"['ScienceAndNature', 'Plants', 'Plant']",2291,ScienceAndNature,0,0.26643617896236776,5,0.1879686903669292,0,0.26643617896236776,-1,
Plant,"['ScienceAndNature', 'Plants', 'Plant']",2292,ScienceAndNature,0,0.2328691305572082,5,0.5525183794431728,0,0.2328691305572082,-1,
Plant,"['ScienceAndNature', 'Plants', 'Plant']",2293,ScienceAndNature,0,0.23831923768745492,5,0.4476598544402206,0,0.23831923768745492,-1,
Plant,"['ScienceAndNature', 'Plants', 'Plant']",2294,ScienceAndNature,0,0.24519642748704773,5,0.17581098814114826,0,0.24519642748704767,-1,
Plant,"['ScienceAndNature', 'Plants', 'Plant']",2295,ScienceAndNature,0,0.24079380654529534,5,0.4316163498473446,0,0.24079380654529534,-1,
Plant,"['ScienceAndNature', 'Plants', 'Plant']",2296,ScienceAndNature,0,0.2771047743841441,4,0.15994368745976267,0,0.2771047743841441,-1,
Plant,"['ScienceAndNature', 'Plants', 'Plant']",2297,ScienceAndNature,0,0.2505292272354244,5,0.17681784976241424,0,0.2505292272354244,-1,
Plant,"['ScienceAndNature', 'Plants', 'Plant']",2298,ScienceAndNature,0,0.2402039627008216,5,0.35596943247282753,0,0.24020396270082164,-1,
Plant,"['ScienceAndNature', 'Plants', 'Plant']",2299,ScienceAndNature,0,0.23731869323802393,5,0.35417996912840377,0,0.23731869323802393,-1,
Plant,"['ScienceAndNature', 'Plants', 'Plant']",2300,ScienceAndNature,0,0.23849260081528337,5,0.2480438542075796,0,0.23849260081528337,-1,
Plant,"['ScienceAndNature', 'Plants', 'Plant']",2301,ScienceAndNature,0,0.2389553506433319,5,0.17137454202902608,0,0.2389553506433319,-1,
Plant,"['ScienceAndNature', 'Plants', 'Plant']",2302,ScienceAndNature,0,0.2385945552739174,5,0.40438440783616675,0,0.2385945552739174,-1,
Plant,"['ScienceAndNature', 'Plants', 'Plant']",2303,ScienceAndNature,0,0.2479964172379463,5,0.34784943883024133,0,0.2479964172379463,-1,
Plant,"['ScienceAndNature', 'Plants', 'Plant']",2304,ScienceAndNature,0,0.23979611868565173,5,0.18922660789593376,0,0.23979611868565173,-1,
Plant,"['ScienceAndNature', 'Plants', 'Plant']",2305,ScienceAndNature,0,0.26145433980813026,5,0.4901647659904165,0,0.26145433980813015,-1,
Plant,"['ScienceAndNature', 'Plants', 'Plant']",2306,ScienceAndNature,0,0.24924424523858787,5,0.16203732287827458,0,0.24924424523858787,-1,
Plant,"['ScienceAndNature', 'Plants', 'Plant']",2307,ScienceAndNature,0,0.23511069333803,5,0.3974376264321981,0,0.23511069333802997,-1,
Plant,"['ScienceAndNature', 'Plants', 'Plant']",2308,ScienceAndNature,0,0.2629086099955408,5,0.18294844139966784,0,0.2629086099955408,-1,
Plant,"['ScienceAndNature', 'Plants', 'Plant']",2309,ScienceAndNature,0,0.25486769232881057,5,0.38246918306536387,0,0.25486769232881057,-1,
Plant,"['ScienceAndNature', 'Plants', 'Plant']",2310,ScienceAndNature,0,0.253477387769569,5,0.525260942603706,0,0.253477387769569,-1,
Plant,"['ScienceAndNature', 'Plants', 'Plant']",2311,ScienceAndNature,3,0.2580802131048717,5,0.15917231987345706,3,0.2580802131048717,-1,
Plant,"['ScienceAndNature', 'Plants', 'Plant']",2312,ScienceAndNature,0,0.25554826521310564,5,0.5366270793789305,0,0.25554826521310564,-1,
Plant,"['ScienceAndNature', 'Plants', 'Plant']",2313,ScienceAndNature,0,0.2429649312156222,5,0.17363044788218976,0,0.24296493121562215,-1,
Plant,"['ScienceAndNature', 'Plants', 'Plant']",2314,ScienceAndNature,0,0.25764826057456314,5,0.33263327572956275,0,0.25764826057456314,-1,
Plant,"['ScienceAndNature', 'Plants', 'Plant']",2315,ScienceAndNature,0,0.23781130725610886,5,0.5483103567333085,0,0.2378113072561088,-1,
Plant,"['ScienceAndNature', 'Plants', 'Plant']",2316,ScienceAndNature,0,0.23600871092506814,5,0.17140709124749548,0,0.23600871092506817,-1,
Plant,"['ScienceAndNature', 'Plants', 'Plant']",2317,ScienceAndNature,0,0.2631158766694918,5,0.21539075177173025,0,0.2631158766694918,-1,
Plant,"['ScienceAndNature', 'Plants', 'Plant']",2318,ScienceAndNature,0,0.24930431415881948,5,0.18699189247980527,0,0.24930431415881948,-1,
Plant,"['ScienceAndNature', 'Plants', 'Plant']",2319,ScienceAndNature,0,0.2425804947521442,5,0.37612848065280985,0,0.24258049475214422,-1,
Plant,"['ScienceAndNature', 'Plants', 'Plant']",2320,ScienceAndNature,0,0.24845903713647705,5,0.18045576859018056,0,0.24845903713647705,-1,
Plant,"['ScienceAndNature', 'Plants', 'Plant']",2321,ScienceAndNature,0,0.2650914600556877,5,0.32279423181106415,0,0.2650914600556876,-1,
Plant,"['ScienceAndNature', 'Plants', 'Plant']",2322,ScienceAndNature,0,0.25578271368699934,5,0.4506833853684485,0,0.25578271368699934,-1,
Plant,"['ScienceAndNature', 'Plants', 'Plant']",2323,ScienceAndNature,0,0.2658793178927397,5,0.46160585651276853,0,0.26587931789273966,-1,
Plant,"['ScienceAndNature', 'Plants', 'Plant']",2324,ScienceAndNature,0,0.2440857994952485,5,0.1538582751759258,0,0.24408579949524845,-1,
Plant,"['ScienceAndNature', 'Plants', 'Plant']",2325,ScienceAndNature,0,0.23437547066725448,5,0.45632726915377575,0,0.23437547066725448,-1,
Plant,"['ScienceAndNature', 'Plants', 'Plant']",2326,ScienceAndNature,0,0.2352557003596828,5,0.17058079911089666,0,0.23525570035968277,-1,
Plant,"['ScienceAndNature', 'Plants', 'Plant']",2327,ScienceAndNature,0,0.25043858624982074,5,0.46145477504033205,0,0.25043858624982074,-1,
Plant,"['ScienceAndNature', 'Plants', 'Plant']",2328,ScienceAndNature,0,0.25815767681810775,5,0.2947675872783866,0,0.25815767681810775,-1,
Plant,"['ScienceAndNature', 'Plants', 'Plant']",2329,ScienceAndNature,0,0.2385206370281613,5,0.5847464861086031,0,0.23852063702816123,-1,
Plant,"['ScienceAndNature', 'Plants', 'Plant']",2330,ScienceAndNature,0,0.2438458783102784,5,0.17860716040288035,0,0.2438458783102784,-1,
Plant,"['ScienceAndNature', 'Plants', 'Plant']",2331,ScienceAndNature,0,0.26073159969539594,5,0.475848274384665,0,0.26073159969539594,-1,
Plant,"['ScienceAndNature', 'Plants', 'Plant']",2332,ScienceAndNature,0,0.25434323604203557,5,0.21438361905625544,0,0.2543432360420355,-1,
Plant,"['ScienceAndNature', 'Plants', 'Plant']",2333,ScienceAndNature,0,0.2450325924449303,5,0.18257129823223744,0,0.2450325924449303,-1,
Disease,"['ScienceAndNature', 'Medicine', 'Disease']",2334,ScienceAndNature,0,0.4545583033842662,4,0.31759136847100233,0,0.45455830338426617,-1,
Disease,"['ScienceAndNature', 'Medicine', 'Disease']",2335,ScienceAndNature,0,0.4747818609635514,4,0.353746572618076,0,0.4747818609635513,-1,
Disease,"['ScienceAndNature', 'Medicine', 'Disease']",2336,ScienceAndNature,0,0.4599730315196748,4,0.30889619279857666,0,0.45997303151967467,-1,
Disease,"['ScienceAndNature', 'Medicine', 'Disease']",2337,ScienceAndNature,0,0.47773268657012324,4,0.3507949681406049,0,0.47773268657012313,-1,
Disease,"['ScienceAndNature', 'Medicine', 'Disease']",2338,ScienceAndNature,0,0.4213930719739973,4,0.27502151338284825,0,0.4213930719739972,-1,
Disease,"['ScienceAndNature', 'Medicine', 'Disease']",2339,ScienceAndNature,0,0.49324288047187703,4,0.37257373421426604,0,0.49324288047187703,-1,
Disease,"['ScienceAndNature', 'Medicine', 'Disease']",2340,ScienceAndNature,0,0.43579175248521135,4,0.32466734154739973,0,0.43579175248521135,-1,
Disease,"['ScienceAndNature', 'Medicine', 'Disease']",2341,ScienceAndNature,0,0.5861773721046033,4,0.44384172992486726,0,0.5861773721046033,-1,
Disease,"['ScienceAndNature', 'Medicine', 'Disease']",2342,ScienceAndNature,0,0.32908326547371386,4,0.18910421167333136,0,0.32908326547371386,-1,
Disease,"['ScienceAndNature', 'Medicine', 'Disease']",2343,ScienceAndNature,0,0.5451943232122141,4,0.39503370182418107,0,0.5451943232122141,-1,
Disease,"['ScienceAndNature', 'Medicine', 'Disease']",2344,ScienceAndNature,0,0.5573255702106502,4,0.4442263449904416,0,0.5573255702106502,-1,
Disease,"['ScienceAndNature', 'Medicine', 'Disease']",2345,ScienceAndNature,0,0.4408433616407683,4,0.3250773619142105,0,0.4408433616407683,-1,
Disease,"['ScienceAndNature', 'Medicine', 'Disease']",2346,ScienceAndNature,0,0.40001327108302065,4,0.2584034500848355,0,0.40001327108302065,-1,
Disease,"['ScienceAndNature', 'Medicine', 'Disease']",2347,ScienceAndNature,0,0.5554195656822037,4,0.43346945919000407,0,0.5554195656822037,-1,
Disease,"['ScienceAndNature', 'Medicine', 'Disease']",2348,ScienceAndNature,0,0.3965516426850622,4,0.2672085502811299,0,0.39655164268506227,-1,
Disease,"['ScienceAndNature', 'Medicine', 'Disease']",2349,ScienceAndNature,0,0.4871757187603279,4,0.3612674734370032,0,0.4871757187603279,-1,
Disease,"['ScienceAndNature', 'Medicine', 'Disease']",2350,ScienceAndNature,0,0.4549930188911952,4,0.3371311273903739,0,0.45499301889119514,-1,
Disease,"['ScienceAndNature', 'Medicine', 'Disease']",2351,ScienceAndNature,0,0.5069838524603578,4,0.3912134275628436,0,0.5069838524603577,-1,
Disease,"['ScienceAndNature', 'Medicine', 'Disease']",2352,ScienceAndNature,0,0.5172967455909079,4,0.40490159882864996,0,0.517296745590908,-1,
Disease,"['ScienceAndNature', 'Medicine', 'Disease']",2353,ScienceAndNature,0,0.6393254975594843,4,0.5518804520495935,0,0.6393254975594845,-1,
Disease,"['ScienceAndNature', 'Medicine', 'Disease']",2354,ScienceAndNature,0,0.46847625172244434,4,0.321530550630867,0,0.4684762517224442,-1,
Disease,"['ScienceAndNature', 'Medicine', 'Disease']",2355,ScienceAndNature,0,0.47668428149441466,4,0.3334862273024873,0,0.47668428149441455,-1,
Disease,"['ScienceAndNature', 'Medicine', 'Disease']",2356,ScienceAndNature,0,0.573333030518217,4,0.46186886950874295,0,0.5733330305182172,-1,
Disease,"['ScienceAndNature', 'Medicine', 'Disease']",2357,ScienceAndNature,0,0.4988110045255558,4,0.3944738513695729,0,0.4988110045255557,-1,
Disease,"['ScienceAndNature', 'Medicine', 'Disease']",2358,ScienceAndNature,0,0.5135952095510754,4,0.4094323702475049,0,0.5135952095510754,-1,
Disease,"['ScienceAndNature', 'Medicine', 'Disease']",2359,ScienceAndNature,0,0.4846897015062933,4,0.3260780033736341,0,0.4846897015062934,-1,
Disease,"['ScienceAndNature', 'Medicine', 'Disease']",2360,ScienceAndNature,0,0.5069163488036907,4,0.3980473221237151,0,0.5069163488036907,-1,
Disease,"['ScienceAndNature', 'Medicine', 'Disease']",2361,ScienceAndNature,0,0.4638995898896972,4,0.34960965634571745,0,0.463899589889697,-1,
Disease,"['ScienceAndNature', 'Medicine', 'Disease']",2362,ScienceAndNature,0,0.2619445140817714,5,0.19316532008386159,0,0.2619445140817714,-1,
Disease,"['ScienceAndNature', 'Medicine', 'Disease']",2363,ScienceAndNature,0,0.2855271053615177,5,0.19689641605072702,0,0.28552710536151776,-1,
Disease,"['ScienceAndNature', 'Medicine', 'Disease']",2364,ScienceAndNature,0,0.5059053948749291,4,0.3507389759681673,0,0.5059053948749289,-1,
Disease,"['ScienceAndNature', 'Medicine', 'Disease']",2365,ScienceAndNature,0,0.4436148143338986,4,0.31558979213100724,0,0.44361481433389877,-1,
Disease,"['ScienceAndNature', 'Medicine', 'Disease']",2366,ScienceAndNature,0,0.5225621999259914,4,0.4311210069718794,0,0.5225621999259913,-1,
Disease,"['ScienceAndNature', 'Medicine', 'Disease']",2367,ScienceAndNature,0,0.4833519300131604,4,0.33559333562080873,0,0.4833519300131604,-1,
Disease,"['ScienceAndNature', 'Medicine', 'Disease']",2368,ScienceAndNature,0,0.5064100022309953,4,0.38082837396079944,0,0.5064100022309953,-1,
Disease,"['ScienceAndNature', 'Medicine', 'Disease']",2369,ScienceAndNature,0,0.4245393880347945,4,0.2854436572856633,0,0.4245393880347945,-1,
Disease,"['ScienceAndNature', 'Medicine', 'Disease']",2370,ScienceAndNature,0,0.47341718884444,4,0.3130826476843869,0,0.4734171888444402,-1,
Disease,"['ScienceAndNature', 'Medicine', 'Disease']",2371,ScienceAndNature,0,0.5294208262041469,4,0.4103776880336362,0,0.529420826204147,-1,
Disease,"['ScienceAndNature', 'Medicine', 'Disease']",2372,ScienceAndNature,0,0.5050348353738999,4,0.3402231448921634,0,0.5050348353738999,-1,
Disease,"['ScienceAndNature', 'Medicine', 'Disease']",2373,ScienceAndNature,0,0.4865372101679746,4,0.37646239468091125,0,0.48653721016797447,-1,
Disease,"['ScienceAndNature', 'Medicine', 'Disease']",2374,ScienceAndNature,0,0.48091976564639033,4,0.35665353808806793,0,0.48091976564639055,-1,
Disease,"['ScienceAndNature', 'Medicine', 'Disease']",2375,ScienceAndNature,0,0.5513672053600246,4,0.4296767688178416,0,0.5513672053600243,-1,
Disease,"['ScienceAndNature', 'Medicine', 'Disease']",2376,ScienceAndNature,0,0.2473706649144277,5,0.17577473347503553,0,0.2473706649144277,-1,
Disease,"['ScienceAndNature', 'Medicine', 'Disease']",2377,ScienceAndNature,0,0.5103404098338197,4,0.3438045622788024,0,0.5103404098338198,-1,
Disease,"['ScienceAndNature', 'Medicine', 'Disease']",2378,ScienceAndNature,0,0.4745996676012792,4,0.3522081674640208,0,0.4745996676012791,-1,
Disease,"['ScienceAndNature', 'Medicine', 'Disease']",2379,ScienceAndNature,0,0.5090679850807994,4,0.41730558418307057,0,0.5090679850807992,-1,
Disease,"['ScienceAndNature', 'Medicine', 'Disease']",2380,ScienceAndNature,0,0.48969673566945343,4,0.35593618926147225,0,0.4896967356694534,-1,
Disease,"['ScienceAndNature', 'Medicine', 'Disease']",2381,ScienceAndNature,0,0.3975675625085402,4,0.2511502326959996,0,0.3975675625085402,-1,
Disease,"['ScienceAndNature', 'Medicine', 'Disease']",2382,ScienceAndNature,0,0.3164034278984809,4,0.21739924874840585,0,0.3164034278984809,-1,
Disease,"['ScienceAndNature', 'Medicine', 'Disease']",2383,ScienceAndNature,0,0.5480065307558276,4,0.4077353762760587,0,0.5480065307558276,-1,
Disease,"['ScienceAndNature', 'Medicine', 'Disease']",2384,ScienceAndNature,0,0.6046848647730861,4,0.5005110391552811,0,0.604684864773086,-1,
Disease,"['ScienceAndNature', 'Medicine', 'Disease']",2385,ScienceAndNature,0,0.5122091360986125,4,0.37673726485657505,0,0.5122091360986125,-1,
Disease,"['ScienceAndNature', 'Medicine', 'Disease']",2386,ScienceAndNature,0,0.33127481354407445,5,0.19765459860317128,0,0.33127481354407445,-1,
Disease,"['ScienceAndNature', 'Medicine', 'Disease']",2387,ScienceAndNature,0,0.5366660564422693,4,0.4036190705373412,0,0.5366660564422691,-1,
Disease,"['ScienceAndNature', 'Medicine', 'Disease']",2388,ScienceAndNature,0,0.5314032909381702,4,0.40550263570498457,0,0.5314032909381698,-1,
Disease,"['ScienceAndNature', 'Medicine', 'Disease']",2389,ScienceAndNature,0,0.4597784653143386,4,0.3265641694878654,0,0.45977846531433847,-1,
Disease,"['ScienceAndNature', 'Medicine', 'Disease']",2390,ScienceAndNature,0,0.5255932988669678,4,0.42726816965399156,0,0.5255932988669676,-1,
Disease,"['ScienceAndNature', 'Medicine', 'Disease']",2391,ScienceAndNature,0,0.29172873693375184,5,0.22013036274285325,0,0.2917287369337518,-1,
Disease,"['ScienceAndNature', 'Medicine', 'Disease']",2392,ScienceAndNature,0,0.48861533748778885,4,0.36298414590441785,0,0.48861533748778885,-1,
Disease,"['ScienceAndNature', 'Medicine', 'Disease']",2393,ScienceAndNature,0,0.5321689081917595,4,0.3863878428613209,0,0.5321689081917594,-1,
Disease,"['ScienceAndNature', 'Medicine', 'Disease']",2394,ScienceAndNature,0,0.5273799363774426,4,0.3994317707471163,0,0.5273799363774425,-1,
Disease,"['ScienceAndNature', 'Medicine', 'Disease']",2395,ScienceAndNature,0,0.47888862480934546,4,0.36121422294248406,0,0.47888862480934535,-1,
Disease,"['ScienceAndNature', 'Medicine', 'Disease']",2396,ScienceAndNature,0,0.47889986164552056,4,0.343897443044488,0,0.47889986164552056,-1,
Disease,"['ScienceAndNature', 'Medicine', 'Disease']",2397,ScienceAndNature,0,0.5850694405463909,4,0.46331751869625404,0,0.585069440546391,-1,
Disease,"['ScienceAndNature', 'Medicine', 'Disease']",2398,ScienceAndNature,0,0.5002935309193002,4,0.38365068467353197,0,0.5002935309193002,-1,
Disease,"['ScienceAndNature', 'Medicine', 'Disease']",2399,ScienceAndNature,0,0.28653908222682184,5,0.2233784365564396,0,0.2865390822268218,-1,
Disease,"['ScienceAndNature', 'Medicine', 'Disease']",2400,ScienceAndNature,0,0.2542020601565664,5,0.20209556324032069,0,0.2542020601565664,-1,
Disease,"['ScienceAndNature', 'Medicine', 'Disease']",2401,ScienceAndNature,0,0.5394650637038587,4,0.42503978072370235,0,0.5394650637038587,-1,
Disease,"['ScienceAndNature', 'Medicine', 'Disease']",2402,ScienceAndNature,0,0.5159407188741802,4,0.40663300787991946,0,0.5159407188741801,-1,
Disease,"['ScienceAndNature', 'Medicine', 'Disease']",2403,ScienceAndNature,0,0.48751187702350346,4,0.3734304219924248,0,0.48751187702350335,-1,
Disease,"['ScienceAndNature', 'Medicine', 'Disease']",2404,ScienceAndNature,0,0.4994431455369122,4,0.4240687029897453,0,0.4994431455369123,-1,
Disease,"['ScienceAndNature', 'Medicine', 'Disease']",2405,ScienceAndNature,0,0.42709977886994893,4,0.28640969111967085,0,0.4270997788699488,-1,
Disease,"['ScienceAndNature', 'Medicine', 'Disease']",2406,ScienceAndNature,0,0.32085570507413164,5,0.2452109025766077,0,0.32085570507413164,-1,
Disease,"['ScienceAndNature', 'Medicine', 'Disease']",2407,ScienceAndNature,0,0.25843086215412125,5,0.20290899713063146,0,0.25843086215412125,-1,
Disease,"['ScienceAndNature', 'Medicine', 'Disease']",2408,ScienceAndNature,0,0.5811437360644545,4,0.4637317851444989,0,0.5811437360644545,-1,
Disease,"['ScienceAndNature', 'Medicine', 'Disease']",2409,ScienceAndNature,0,0.2657282580725384,5,0.22485586457242876,0,0.26572825807253836,-1,
Disease,"['ScienceAndNature', 'Medicine', 'Disease']",2410,ScienceAndNature,0,0.2689966296292526,5,0.21646191309350915,0,0.2689966296292526,-1,
Disease,"['ScienceAndNature', 'Medicine', 'Disease']",2411,ScienceAndNature,0,0.48942153430940766,4,0.38095022054033345,0,0.48942153430940766,-1,
Disease,"['ScienceAndNature', 'Medicine', 'Disease']",2412,ScienceAndNature,0,0.4760815161683454,4,0.32863794486011877,0,0.4760815161683454,-1,
Disease,"['ScienceAndNature', 'Medicine', 'Disease']",2413,ScienceAndNature,0,0.5896658498136188,4,0.5255857571425387,0,0.5896658498136188,-1,
Disease,"['ScienceAndNature', 'Medicine', 'Disease']",2414,ScienceAndNature,0,0.46096219263980565,4,0.33894646685684127,0,0.46096219263980553,-1,
Disease,"['ScienceAndNature', 'Medicine', 'Disease']",2415,ScienceAndNature,0,0.5737192621087861,4,0.44728874538458097,0,0.5737192621087861,-1,
Disease,"['ScienceAndNature', 'Medicine', 'Disease']",2416,ScienceAndNature,0,0.4622510073870919,4,0.3280138572031726,0,0.4622510073870919,-1,
Disease,"['ScienceAndNature', 'Medicine', 'Disease']",2417,ScienceAndNature,0,0.3055846357438653,5,0.2053795731464871,0,0.3055846357438653,-1,
Disease,"['ScienceAndNature', 'Medicine', 'Disease']",2418,ScienceAndNature,0,0.5681907926590853,4,0.44803210978868985,0,0.5681907926590853,-1,
Disease,"['ScienceAndNature', 'Medicine', 'Disease']",2419,ScienceAndNature,0,0.6488074613361433,4,0.5685917965171647,0,0.6488074613361431,-1,
Disease,"['ScienceAndNature', 'Medicine', 'Disease']",2420,ScienceAndNature,0,0.5132605134304016,4,0.3765320603987523,0,0.5132605134304017,-1,
Disease,"['ScienceAndNature', 'Medicine', 'Disease']",2421,ScienceAndNature,0,0.4714266745572712,4,0.337546692914439,0,0.4714266745572712,-1,
Disease,"['ScienceAndNature', 'Medicine', 'Disease']",2422,ScienceAndNature,0,0.5808006298380674,4,0.4593816099352252,0,0.5808006298380674,-1,
Disease,"['ScienceAndNature', 'Medicine', 'Disease']",2423,ScienceAndNature,0,0.5127229795257018,4,0.36577445380056267,0,0.5127229795257019,-1,
Disease,"['ScienceAndNature', 'Medicine', 'Disease']",2424,ScienceAndNature,0,0.47446341637720324,4,0.3481448214244403,0,0.47446341637720324,-1,
Disease,"['ScienceAndNature', 'Medicine', 'Disease']",2425,ScienceAndNature,0,0.4420292201582205,4,0.31311105324067884,0,0.4420292201582205,-1,
Disease,"['ScienceAndNature', 'Medicine', 'Disease']",2426,ScienceAndNature,0,0.27389852038053375,5,0.23264467498216623,0,0.27389852038053375,-1,
Disease,"['ScienceAndNature', 'Medicine', 'Disease']",2427,ScienceAndNature,0,0.5907050133356909,4,0.4272243038787394,0,0.5907050133356911,-1,
Disease,"['ScienceAndNature', 'Medicine', 'Disease']",2428,ScienceAndNature,0,0.5350733846928439,4,0.43351684199864143,0,0.5350733846928442,-1,
Disease,"['ScienceAndNature', 'Medicine', 'Disease']",2429,ScienceAndNature,0,0.6402588943482879,4,0.5187801009179622,0,0.6402588943482879,-1,
Disease,"['ScienceAndNature', 'Medicine', 'Disease']",2430,ScienceAndNature,0,0.5220808853323693,4,0.38187772169373174,0,0.5220808853323693,-1,
Disease,"['ScienceAndNature', 'Medicine', 'Disease']",2431,ScienceAndNature,0,0.4897284140276362,4,0.36472283548330126,0,0.4897284140276361,-1,
Disease,"['ScienceAndNature', 'Medicine', 'Disease']",2432,ScienceAndNature,0,0.3223301072140604,5,0.2128587838622011,0,0.32233010721406036,-1,
Disease,"['ScienceAndNature', 'Medicine', 'Disease']",2433,ScienceAndNature,0,0.31637156605028555,5,0.1966150962115857,0,0.31637156605028544,-1,
Disease,"['ScienceAndNature', 'Medicine', 'Disease']",2434,ScienceAndNature,0,0.47654781750775654,4,0.3408728456527054,0,0.47654781750775643,-1,
Disease,"['ScienceAndNature', 'Medicine', 'Disease']",2435,ScienceAndNature,0,0.48209364621576445,4,0.37202348822280557,0,0.48209364621576445,-1,
Disease,"['ScienceAndNature', 'Medicine', 'Disease']",2436,ScienceAndNature,0,0.49298006719564264,4,0.3921594770456751,0,0.49298006719564264,-1,
Disease,"['ScienceAndNature', 'Medicine', 'Disease']",2437,ScienceAndNature,0,0.3103008830309599,4,0.18317060240362146,0,0.3103008830309599,-1,
Disease,"['ScienceAndNature', 'Medicine', 'Disease']",2438,ScienceAndNature,0,0.5061694534063087,4,0.38155966994509327,0,0.5061694534063087,-1,
Disease,"['ScienceAndNature', 'Medicine', 'Disease']",2439,ScienceAndNature,0,0.5004733935231226,4,0.3615544735577887,0,0.5004733935231225,-1,
Disease,"['ScienceAndNature', 'Medicine', 'Disease']",2440,ScienceAndNature,0,0.41083220764843853,4,0.27907720048527135,0,0.4108322076484384,-1,
Disease,"['ScienceAndNature', 'Medicine', 'Disease']",2441,ScienceAndNature,0,0.4483172490249827,4,0.32802815730626667,0,0.4483172490249827,-1,
Disease,"['ScienceAndNature', 'Medicine', 'Disease']",2442,ScienceAndNature,0,0.479024844205766,4,0.33742972745979516,0,0.479024844205766,-1,
Disease,"['ScienceAndNature', 'Medicine', 'Disease']",2443,ScienceAndNature,0,0.5093147873479958,4,0.35971950327191865,0,0.5093147873479958,-1,
Disease,"['ScienceAndNature', 'Medicine', 'Disease']",2444,ScienceAndNature,0,0.4941388354913085,4,0.41505952957164577,0,0.4941388354913085,-1,
Disease,"['ScienceAndNature', 'Medicine', 'Disease']",2445,ScienceAndNature,0,0.42018004352845406,4,0.30487500653497634,0,0.4201800435284541,-1,
Disease,"['ScienceAndNature', 'Medicine', 'Disease']",2446,ScienceAndNature,0,0.6690887114056022,4,0.5701715548971723,0,0.6690887114056022,-1,
Disease,"['ScienceAndNature', 'Medicine', 'Disease']",2447,ScienceAndNature,0,0.458489066353218,4,0.34001123245503,0,0.4584890663532179,-1,
Disease,"['ScienceAndNature', 'Medicine', 'Disease']",2448,ScienceAndNature,0,0.48665773020165143,4,0.38048003132902664,0,0.48665773020165143,-1,
Disease,"['ScienceAndNature', 'Medicine', 'Disease']",2449,ScienceAndNature,0,0.42170015859149457,4,0.32605193268019517,0,0.42170015859149457,-1,
Disease,"['ScienceAndNature', 'Medicine', 'Disease']",2450,ScienceAndNature,0,0.5484001391126606,4,0.4366727557356626,0,0.5484001391126605,-1,
Disease,"['ScienceAndNature', 'Medicine', 'Disease']",2451,ScienceAndNature,0,0.4287687021428435,4,0.3304622800539095,0,0.4287687021428436,-1,
Disease,"['ScienceAndNature', 'Medicine', 'Disease']",2452,ScienceAndNature,0,0.4009161240321914,4,0.27789006085102314,0,0.4009161240321914,-1,
Disease,"['ScienceAndNature', 'Medicine', 'Disease']",2453,ScienceAndNature,0,0.4821995655638044,4,0.3565669453995595,0,0.48219956556380433,-1,
Disease,"['ScienceAndNature', 'Medicine', 'Disease']",2454,ScienceAndNature,0,0.5641180904586158,4,0.4188739442927455,0,0.5641180904586157,-1,
Disease,"['ScienceAndNature', 'Medicine', 'Disease']",2455,ScienceAndNature,0,0.5077366511491135,4,0.3727224194806778,0,0.5077366511491134,-1,
Disease,"['ScienceAndNature', 'Medicine', 'Disease']",2456,ScienceAndNature,0,0.5621214391358489,4,0.4774461931331219,0,0.5621214391358489,-1,
Disease,"['ScienceAndNature', 'Medicine', 'Disease']",2457,ScienceAndNature,0,0.2842171145936664,5,0.19773831532775024,0,0.28421711459366644,-1,
Disease,"['ScienceAndNature', 'Medicine', 'Disease']",2458,ScienceAndNature,0,0.5066907605388915,4,0.3711775959825602,0,0.5066907605388914,-1,
Disease,"['ScienceAndNature', 'Medicine', 'Disease']",2459,ScienceAndNature,0,0.5384739226696673,4,0.44429157481872067,0,0.5384739226696674,-1,
Disease,"['ScienceAndNature', 'Medicine', 'Disease']",2460,ScienceAndNature,0,0.5741744531191486,4,0.49940445229957525,0,0.5741744531191486,-1,
Disease,"['ScienceAndNature', 'Medicine', 'Disease']",2461,ScienceAndNature,0,0.5002358338981966,4,0.3525016882002287,0,0.5002358338981966,-1,
Disease,"['ScienceAndNature', 'Medicine', 'Disease']",2462,ScienceAndNature,0,0.5076115343571393,4,0.396651792172269,0,0.5076115343571393,-1,
Disease,"['ScienceAndNature', 'Medicine', 'Disease']",2463,ScienceAndNature,0,0.6569178265011792,4,0.5718476411809507,0,0.6569178265011789,-1,
Disease,"['ScienceAndNature', 'Medicine', 'Disease']",2464,ScienceAndNature,0,0.3722158369719191,4,0.244189275205932,0,0.3722158369719192,-1,
Disease,"['ScienceAndNature', 'Medicine', 'Disease']",2465,ScienceAndNature,0,0.39791823827178346,4,0.2615117110509097,0,0.3979182382717835,-1,
Disease,"['ScienceAndNature', 'Medicine', 'Disease']",2466,ScienceAndNature,0,0.45816617513558033,4,0.34388311478130995,0,0.45816617513558033,-1,
Disease,"['ScienceAndNature', 'Medicine', 'Disease']",2467,ScienceAndNature,0,0.4563710513546356,4,0.3256093235713274,0,0.45637105135463557,-1,
Disease,"['ScienceAndNature', 'Medicine', 'Disease']",2468,ScienceAndNature,0,0.30395304941627604,5,0.22787134732237635,0,0.30395304941627604,-1,
Disease,"['ScienceAndNature', 'Medicine', 'Disease']",2469,ScienceAndNature,0,0.5575348469972319,4,0.4612517231538426,0,0.557534846997232,-1,
Disease,"['ScienceAndNature', 'Medicine', 'Disease']",2470,ScienceAndNature,0,0.4565621856447808,4,0.3289273846311983,0,0.4565621856447808,-1,
Disease,"['ScienceAndNature', 'Medicine', 'Disease']",2471,ScienceAndNature,0,0.4545394642643824,4,0.3330809732775999,0,0.45453946426438235,-1,
Disease,"['ScienceAndNature', 'Medicine', 'Disease']",2472,ScienceAndNature,0,0.36894296579793695,4,0.25042011929840036,0,0.36894296579793695,-1,
Disease,"['ScienceAndNature', 'Medicine', 'Disease']",2473,ScienceAndNature,0,0.40571081621394545,4,0.2932886844838266,0,0.4057108162139454,-1,
Disease,"['ScienceAndNature', 'Medicine', 'Disease']",2474,ScienceAndNature,0,0.47716231884349847,4,0.344995439832766,0,0.47716231884349847,-1,
Disease,"['ScienceAndNature', 'Medicine', 'Disease']",2475,ScienceAndNature,0,0.4616010299123235,4,0.35679036598096264,0,0.4616010299123236,-1,
Disease,"['ScienceAndNature', 'Medicine', 'Disease']",2476,ScienceAndNature,0,0.4348737753578497,4,0.2944800625163172,0,0.4348737753578497,-1,
Disease,"['ScienceAndNature', 'Medicine', 'Disease']",2477,ScienceAndNature,0,0.5275932094869963,4,0.365599425986025,0,0.5275932094869962,-1,
Disease,"['ScienceAndNature', 'Medicine', 'Disease']",2478,ScienceAndNature,0,0.4520792692740812,4,0.34590768480515227,0,0.4520792692740812,-1,
Disease,"['ScienceAndNature', 'Medicine', 'Disease']",2479,ScienceAndNature,0,0.5618003032608107,4,0.4781019893106656,0,0.5618003032608107,-1,
Disease,"['ScienceAndNature', 'Medicine', 'Disease']",2480,ScienceAndNature,0,0.5070104890999847,4,0.38419326547208116,0,0.5070104890999848,-1,
Disease,"['ScienceAndNature', 'Medicine', 'Disease']",2481,ScienceAndNature,0,0.6017245091066298,4,0.4482274216554405,0,0.6017245091066298,-1,
Disease,"['ScienceAndNature', 'Medicine', 'Disease']",2482,ScienceAndNature,0,0.5407155006828193,4,0.45940839077171947,0,0.5407155006828192,-1,
Disease,"['ScienceAndNature', 'Medicine', 'Disease']",2483,ScienceAndNature,0,0.5932843604821825,4,0.4992560190023888,0,0.5932843604821824,-1,
Disease,"['ScienceAndNature', 'Medicine', 'Disease']",2484,ScienceAndNature,0,0.49910608174657245,4,0.3829752352524158,0,0.49910608174657245,-1,
Disease,"['ScienceAndNature', 'Medicine', 'Disease']",2485,ScienceAndNature,0,0.4423165721396546,4,0.3195184848828979,0,0.4423165721396545,-1,
Disease,"['ScienceAndNature', 'Medicine', 'Disease']",2486,ScienceAndNature,0,0.5320290644949239,4,0.3786040136702496,0,0.5320290644949237,-1,
Disease,"['ScienceAndNature', 'Medicine', 'Disease']",2487,ScienceAndNature,0,0.3030157776953827,5,0.2093319950872182,0,0.3030157776953827,-1,
Disease,"['ScienceAndNature', 'Medicine', 'Disease']",2488,ScienceAndNature,0,0.5238286924653617,4,0.42015945959516815,0,0.5238286924653618,-1,
Disease,"['ScienceAndNature', 'Medicine', 'Disease']",2489,ScienceAndNature,0,0.6686453474454851,4,0.5401502211630507,0,0.668645347445485,-1,
Disease,"['ScienceAndNature', 'Medicine', 'Disease']",2490,ScienceAndNature,0,0.5677754172285877,4,0.4470739212333761,0,0.5677754172285876,-1,
Disease,"['ScienceAndNature', 'Medicine', 'Disease']",2491,ScienceAndNature,0,0.5296126369814022,4,0.4191467809276196,0,0.5296126369814022,-1,
Disease,"['ScienceAndNature', 'Medicine', 'Disease']",2492,ScienceAndNature,0,0.2637236347045969,5,0.20514815821196392,0,0.2637236347045969,-1,
Disease,"['ScienceAndNature', 'Medicine', 'Disease']",2493,ScienceAndNature,0,0.511729681859106,4,0.34588831681109306,0,0.5117296818591061,-1,
Disease,"['ScienceAndNature', 'Medicine', 'Disease']",2494,ScienceAndNature,0,0.4578944966188284,4,0.3553934371860395,0,0.4578944966188284,-1,
Disease,"['ScienceAndNature', 'Medicine', 'Disease']",2495,ScienceAndNature,0,0.6703718110068378,4,0.5806560074019512,0,0.6703718110068378,-1,
Disease,"['ScienceAndNature', 'Medicine', 'Disease']",2496,ScienceAndNature,0,0.48130777387006574,4,0.38163824679181974,0,0.4813077738700655,-1,
Disease,"['ScienceAndNature', 'Medicine', 'Disease']",2497,ScienceAndNature,0,0.48980900507336594,4,0.3540870160794198,0,0.48980900507336594,-1,
Disease,"['ScienceAndNature', 'Medicine', 'Disease']",2498,ScienceAndNature,0,0.5763565452583521,4,0.47097082123485917,0,0.5763565452583521,-1,
Disease,"['ScienceAndNature', 'Medicine', 'Disease']",2499,ScienceAndNature,0,0.5933607485211578,4,0.46447232439357206,0,0.5933607485211577,-1,
MilitaryConflict,"['EventsAndTransport', 'Conflicts', 'MilitaryConflict']",2500,EventsAndTransport,1,0.24702319013528604,1,0.1482492622413583,1,0.24702319013528604,-1,
MilitaryConflict,"['EventsAndTransport', 'Conflicts', 'MilitaryConflict']",2501,EventsAndTransport,3,0.23876322049300147,3,0.15314708286834577,3,0.2387632204930015,-1,
MilitaryConflict,"['EventsAndTransport', 'Conflicts', 'MilitaryConflict']",2502,EventsAndTransport,1,0.2589768483639094,1,0.1541004634756357,1,0.25897684836390933,-1,
MilitaryConflict,"['EventsAndTransport', 'Conflicts', 'MilitaryConflict']",2503,EventsAndTransport,1,0.23659080158159002,1,0.14631301168204464,1,0.23659080158159002,-1,
MilitaryConflict,"['EventsAndTransport', 'Conflicts', 'MilitaryConflict']",2504,EventsAndTransport,1,0.2706264339841121,1,0.16245859362865225,1,0.27062643398411207,-1,
MilitaryConflict,"['EventsAndTransport', 'Conflicts', 'MilitaryConflict']",2505,EventsAndTransport,1,0.24817850783493722,1,0.1520906125978029,1,0.24817850783493728,-1,
MilitaryConflict,"['EventsAndTransport', 'Conflicts', 'MilitaryConflict']",2506,EventsAndTransport,1,0.2442882314409534,1,0.1503036851935488,1,0.2442882314409534,-1,
MilitaryConflict,"['EventsAndTransport', 'Conflicts', 'MilitaryConflict']",2507,EventsAndTransport,1,0.2214249450313051,3,0.13519690291640357,1,0.22142494503130508,-1,
MilitaryConflict,"['EventsAndTransport', 'Conflicts', 'MilitaryConflict']",2508,EventsAndTransport,4,0.2277929269363902,2,0.13860326099025497,4,0.2277929269363902,-1,
MilitaryConflict,"['EventsAndTransport', 'Conflicts', 'MilitaryConflict']",2509,EventsAndTransport,1,0.28073577990498644,1,0.16963092870619448,1,0.28073577990498644,-1,
MilitaryConflict,"['EventsAndTransport', 'Conflicts', 'MilitaryConflict']",2510,EventsAndTransport,1,0.22568582797063727,4,0.1355492442845446,1,0.22568582797063727,-1,
MilitaryConflict,"['EventsAndTransport', 'Conflicts', 'MilitaryConflict']",2511,EventsAndTransport,1,0.29817279303045485,1,0.17853239233419008,1,0.29817279303045485,-1,
MilitaryConflict,"['EventsAndTransport', 'Conflicts', 'MilitaryConflict']",2512,EventsAndTransport,1,0.2756212641460427,1,0.1669195509263157,1,0.2756212641460427,-1,
MilitaryConflict,"['EventsAndTransport', 'Conflicts', 'MilitaryConflict']",2513,EventsAndTransport,1,0.24879713254852592,1,0.15873589262785004,1,0.24879713254852592,-1,
MilitaryConflict,"['EventsAndTransport', 'Conflicts', 'MilitaryConflict']",2514,EventsAndTransport,1,0.2621956438122654,1,0.16066072077737592,1,0.2621956438122654,-1,
MilitaryConflict,"['EventsAndTransport', 'Conflicts', 'MilitaryConflict']",2515,EventsAndTransport,4,0.2066861623253284,5,0.13575354332034595,4,0.2066861623253284,-1,
MilitaryConflict,"['EventsAndTransport', 'Conflicts', 'MilitaryConflict']",2516,EventsAndTransport,1,0.24382559492430286,1,0.15019509273904266,1,0.2438255949243028,-1,
MilitaryConflict,"['EventsAndTransport', 'Conflicts', 'MilitaryConflict']",2517,EventsAndTransport,1,0.244011320277232,1,0.14987113032672839,1,0.24401132027723196,-1,
MilitaryConflict,"['EventsAndTransport', 'Conflicts', 'MilitaryConflict']",2518,EventsAndTransport,1,0.25086803070836167,1,0.15271305976468347,1,0.25086803070836167,-1,
MilitaryConflict,"['EventsAndTransport', 'Conflicts', 'MilitaryConflict']",2519,EventsAndTransport,1,0.24812812469993448,1,0.14692939381840273,1,0.24812812469993448,-1,
MilitaryConflict,"['EventsAndTransport', 'Conflicts', 'MilitaryConflict']",2520,EventsAndTransport,1,0.23639384029486127,1,0.14067727224466656,1,0.23639384029486138,-1,
MilitaryConflict,"['EventsAndTransport', 'Conflicts', 'MilitaryConflict']",2521,EventsAndTransport,1,0.24165621887203176,1,0.1464947711651394,1,0.2416562188720318,-1,
MilitaryConflict,"['EventsAndTransport', 'Conflicts', 'MilitaryConflict']",2522,EventsAndTransport,1,0.24078308864365305,1,0.14702903289376712,1,0.24078308864365297,-1,
MilitaryConflict,"['EventsAndTransport', 'Conflicts', 'MilitaryConflict']",2523,EventsAndTransport,1,0.23499820528525692,1,0.14114877988361532,1,0.23499820528525686,-1,
MilitaryConflict,"['EventsAndTransport', 'Conflicts', 'MilitaryConflict']",2524,EventsAndTransport,1,0.26325518379083657,1,0.1593187947270636,1,0.26325518379083657,-1,
MilitaryConflict,"['EventsAndTransport', 'Conflicts', 'MilitaryConflict']",2525,EventsAndTransport,4,0.20859642645475018,7,0.1462616431899998,4,0.2085964264547502,-1,
MilitaryConflict,"['EventsAndTransport', 'Conflicts', 'MilitaryConflict']",2526,EventsAndTransport,1,0.24281303552006447,1,0.14675087919182872,1,0.24281303552006447,-1,
MilitaryConflict,"['EventsAndTransport', 'Conflicts', 'MilitaryConflict']",2527,EventsAndTransport,1,0.2801005996931387,1,0.16694554818882107,1,0.28010059969313866,-1,
MilitaryConflict,"['EventsAndTransport', 'Conflicts', 'MilitaryConflict']",2528,EventsAndTransport,1,0.2675006050852146,1,0.16047641668914836,1,0.26750060508521456,-1,
MilitaryConflict,"['EventsAndTransport', 'Conflicts', 'MilitaryConflict']",2529,EventsAndTransport,1,0.26164114427820023,1,0.15842392563790392,1,0.26164114427820023,-1,
MilitaryConflict,"['EventsAndTransport', 'Conflicts', 'MilitaryConflict']",2530,EventsAndTransport,1,0.2681033603306774,1,0.1667519666557773,1,0.2681033603306773,-1,
MilitaryConflict,"['EventsAndTransport', 'Conflicts', 'MilitaryConflict']",2531,EventsAndTransport,1,0.3000725875387623,1,0.1897031934399932,1,0.3000725875387623,-1,
MilitaryConflict,"['EventsAndTransport', 'Conflicts', 'MilitaryConflict']",2532,EventsAndTransport,1,0.2539950548942513,1,0.15036530518973976,1,0.2539950548942513,-1,
MilitaryConflict,"['EventsAndTransport', 'Conflicts', 'MilitaryConflict']",2533,EventsAndTransport,1,0.23489294192948562,1,0.14472638570931293,1,0.23489294192948562,-1,
MilitaryConflict,"['EventsAndTransport', 'Conflicts', 'MilitaryConflict']",2534,EventsAndTransport,1,0.2989542729953082,1,0.18309349108509962,1,0.29895427299530813,-1,
MilitaryConflict,"['EventsAndTransport', 'Conflicts', 'MilitaryConflict']",2535,EventsAndTransport,1,0.2566821396322068,1,0.15986358219955615,1,0.25668213963220676,-1,
MilitaryConflict,"['EventsAndTransport', 'Conflicts', 'MilitaryConflict']",2536,EventsAndTransport,0,0.2275061701636575,4,0.1467675920685958,0,0.2275061701636575,-1,
MilitaryConflict,"['EventsAndTransport', 'Conflicts', 'MilitaryConflict']",2537,EventsAndTransport,1,0.2656034155694943,1,0.15677722412774878,1,0.26560341556949424,-1,
MilitaryConflict,"['EventsAndTransport', 'Conflicts', 'MilitaryConflict']",2538,EventsAndTransport,1,0.2416598080332488,1,0.14577694345837441,1,0.24165980803324874,-1,
MilitaryConflict,"['EventsAndTransport', 'Conflicts', 'MilitaryConflict']",2539,EventsAndTransport,1,0.25045910477307004,1,0.15216310387844303,1,0.2504591047730701,-1,
MilitaryConflict,"['EventsAndTransport', 'Conflicts', 'MilitaryConflict']",2540,EventsAndTransport,1,0.22678009798812548,7,0.1538760549581778,1,0.22678009798812543,-1,
MilitaryConflict,"['EventsAndTransport', 'Conflicts', 'MilitaryConflict']",2541,EventsAndTransport,1,0.2695345945221749,1,0.16038234072828256,1,0.2695345945221748,-1,
MilitaryConflict,"['EventsAndTransport', 'Conflicts', 'MilitaryConflict']",2542,EventsAndTransport,1,0.2706419819063336,1,0.16421273776224896,1,0.2706419819063336,-1,
MilitaryConflict,"['EventsAndTransport', 'Conflicts', 'MilitaryConflict']",2543,EventsAndTransport,1,0.2624799520889402,1,0.1576178568436697,1,0.2624799520889402,-1,
MilitaryConflict,"['EventsAndTransport', 'Conflicts', 'MilitaryConflict']",2544,EventsAndTransport,1,0.22107231101184055,2,0.13934926568585673,1,0.22107231101184052,-1,
MilitaryConflict,"['EventsAndTransport', 'Conflicts', 'MilitaryConflict']",2545,EventsAndTransport,0,0.21233371856487304,4,0.1360731575916192,0,0.2123337185648731,-1,
MilitaryConflict,"['EventsAndTransport', 'Conflicts', 'MilitaryConflict']",2546,EventsAndTransport,0,0.2108559131771459,4,0.13646769239665446,0,0.2108559131771459,-1,
MilitaryConflict,"['EventsAndTransport', 'Conflicts', 'MilitaryConflict']",2547,EventsAndTransport,1,0.2211551076059864,1,0.13582509307093257,1,0.2211551076059864,-1,
MilitaryConflict,"['EventsAndTransport', 'Conflicts', 'MilitaryConflict']",2548,EventsAndTransport,1,0.23429656829310222,3,0.14271144117988296,1,0.23429656829310222,-1,
MilitaryConflict,"['EventsAndTransport', 'Conflicts', 'MilitaryConflict']",2549,EventsAndTransport,1,0.2570712412080121,1,0.15505281812801358,1,0.2570712412080121,-1,
MilitaryConflict,"['EventsAndTransport', 'Conflicts', 'MilitaryConflict']",2550,EventsAndTransport,3,0.21968518058214612,3,0.13488169569633138,3,0.21968518058214617,-1,
MilitaryConflict,"['EventsAndTransport', 'Conflicts', 'MilitaryConflict']",2551,EventsAndTransport,1,0.23102137126513092,1,0.14076525397285974,1,0.23102137126513092,-1,
MilitaryConflict,"['EventsAndTransport', 'Conflicts', 'MilitaryConflict']",2552,EventsAndTransport,1,0.2383844630917445,4,0.14763164714555602,1,0.23838446309174444,-1,
MilitaryConflict,"['EventsAndTransport', 'Conflicts', 'MilitaryConflict']",2553,EventsAndTransport,1,0.24528481844167713,1,0.15008941692665884,1,0.24528481844167713,-1,
MilitaryConflict,"['EventsAndTransport', 'Conflicts', 'MilitaryConflict']",2554,EventsAndTransport,1,0.2602759243294734,1,0.15611416476493264,1,0.26027592432947344,-1,
MilitaryConflict,"['EventsAndTransport', 'Conflicts', 'MilitaryConflict']",2555,EventsAndTransport,1,0.22043455588649785,4,0.14100554132717527,1,0.22043455588649785,-1,
MilitaryConflict,"['EventsAndTransport', 'Conflicts', 'MilitaryConflict']",2556,EventsAndTransport,1,0.24418320651733744,1,0.15123326810580437,1,0.24418320651733738,-1,
MilitaryConflict,"['EventsAndTransport', 'Conflicts', 'MilitaryConflict']",2557,EventsAndTransport,1,0.25816039854390743,1,0.15545759824054461,1,0.25816039854390743,-1,
MilitaryConflict,"['EventsAndTransport', 'Conflicts', 'MilitaryConflict']",2558,EventsAndTransport,1,0.2554803114318473,1,0.15362300430458112,1,0.2554803114318473,-1,
MilitaryConflict,"['EventsAndTransport', 'Conflicts', 'MilitaryConflict']",2559,EventsAndTransport,0,0.22087232624594427,4,0.14680622059641676,0,0.22087232624594427,-1,
MilitaryConflict,"['EventsAndTransport', 'Conflicts', 'MilitaryConflict']",2560,EventsAndTransport,1,0.25422533372344647,1,0.15096439159981168,1,0.25422533372344647,-1,
MilitaryConflict,"['EventsAndTransport', 'Conflicts', 'MilitaryConflict']",2561,EventsAndTransport,1,0.2549073698095609,1,0.15385519481661666,1,0.2549073698095609,-1,
MilitaryConflict,"['EventsAndTransport', 'Conflicts', 'MilitaryConflict']",2562,EventsAndTransport,1,0.22669020398950634,1,0.14008229040394587,1,0.2266902039895064,-1,
MilitaryConflict,"['EventsAndTransport', 'Conflicts', 'MilitaryConflict']",2563,EventsAndTransport,4,0.2177435571268539,7,0.1370122589330499,4,0.2177435571268539,-1,
MilitaryConflict,"['EventsAndTransport', 'Conflicts', 'MilitaryConflict']",2564,EventsAndTransport,1,0.23882033509476355,1,0.14598782238319719,1,0.23882033509476355,-1,
MilitaryConflict,"['EventsAndTransport', 'Conflicts', 'MilitaryConflict']",2565,EventsAndTransport,1,0.2411412441879254,4,0.14692424448023905,1,0.2411412441879254,-1,
MilitaryConflict,"['EventsAndTransport', 'Conflicts', 'MilitaryConflict']",2566,EventsAndTransport,1,0.24181035764849895,1,0.14772945123926165,1,0.2418103576484989,-1,
MilitaryConflict,"['EventsAndTransport', 'Conflicts', 'MilitaryConflict']",2567,EventsAndTransport,1,0.22441692655629897,4,0.1430813239788419,1,0.22441692655629897,-1,
MilitaryConflict,"['EventsAndTransport', 'Conflicts', 'MilitaryConflict']",2568,EventsAndTransport,1,0.23553331655917542,1,0.14499898207414455,1,0.23553331655917548,-1,
MilitaryConflict,"['EventsAndTransport', 'Conflicts', 'MilitaryConflict']",2569,EventsAndTransport,1,0.2593696390024884,1,0.15603839855543444,1,0.2593696390024884,-1,
MilitaryConflict,"['EventsAndTransport', 'Conflicts', 'MilitaryConflict']",2570,EventsAndTransport,1,0.2508024473220476,1,0.14981884029496217,1,0.25080244732204754,-1,
MilitaryConflict,"['EventsAndTransport', 'Conflicts', 'MilitaryConflict']",2571,EventsAndTransport,1,0.24331047234365277,1,0.1532616466794764,1,0.24331047234365272,-1,
MilitaryConflict,"['EventsAndTransport', 'Conflicts', 'MilitaryConflict']",2572,EventsAndTransport,1,0.254724139120011,1,0.15727032952021075,1,0.254724139120011,-1,
MilitaryConflict,"['EventsAndTransport', 'Conflicts', 'MilitaryConflict']",2573,EventsAndTransport,1,0.2250670620114889,1,0.13660873131417672,1,0.22506706201148888,-1,
MilitaryConflict,"['EventsAndTransport', 'Conflicts', 'MilitaryConflict']",2574,EventsAndTransport,1,0.2576254900959495,1,0.15288126131561527,1,0.2576254900959495,-1,
MilitaryConflict,"['EventsAndTransport', 'Conflicts', 'MilitaryConflict']",2575,EventsAndTransport,3,0.21257008288436688,3,0.13782301047672096,3,0.21257008288436688,-1,
MilitaryConflict,"['EventsAndTransport', 'Conflicts', 'MilitaryConflict']",2576,EventsAndTransport,1,0.22806531092674434,3,0.14205548089705292,1,0.22806531092674429,-1,
MilitaryConflict,"['EventsAndTransport', 'Conflicts', 'MilitaryConflict']",2577,EventsAndTransport,1,0.2687524254926483,1,0.16600706489545392,1,0.2687524254926483,-1,
MilitaryConflict,"['EventsAndTransport', 'Conflicts', 'MilitaryConflict']",2578,EventsAndTransport,1,0.2471011245146788,1,0.14540102017888723,1,0.24710112451467875,-1,
MilitaryConflict,"['EventsAndTransport', 'Conflicts', 'MilitaryConflict']",2579,EventsAndTransport,1,0.2420455784154778,7,0.1479516199477555,1,0.2420455784154778,-1,
MilitaryConflict,"['EventsAndTransport', 'Conflicts', 'MilitaryConflict']",2580,EventsAndTransport,1,0.23184160457191802,1,0.14030296945891135,1,0.23184160457191802,-1,
MilitaryConflict,"['EventsAndTransport', 'Conflicts', 'MilitaryConflict']",2581,EventsAndTransport,1,0.2347922706430065,4,0.14905703239862175,1,0.2347922706430065,-1,
MilitaryConflict,"['EventsAndTransport', 'Conflicts', 'MilitaryConflict']",2582,EventsAndTransport,1,0.2740728546646195,1,0.16317105988779446,1,0.27407285466461945,-1,
MilitaryConflict,"['EventsAndTransport', 'Conflicts', 'MilitaryConflict']",2583,EventsAndTransport,1,0.31967086645232756,1,0.19530441552012784,1,0.31967086645232756,-1,
MilitaryConflict,"['EventsAndTransport', 'Conflicts', 'MilitaryConflict']",2584,EventsAndTransport,1,0.23468870217229323,1,0.14217618583993946,1,0.23468870217229326,-1,
MilitaryConflict,"['EventsAndTransport', 'Conflicts', 'MilitaryConflict']",2585,EventsAndTransport,1,0.24535954073910424,1,0.14882367089147333,1,0.24535954073910424,-1,
MilitaryConflict,"['EventsAndTransport', 'Conflicts', 'MilitaryConflict']",2586,EventsAndTransport,3,0.22239403523430776,3,0.13942346738952377,3,0.2223940352343078,-1,
MilitaryConflict,"['EventsAndTransport', 'Conflicts', 'MilitaryConflict']",2587,EventsAndTransport,1,0.22895239494419223,4,0.14452508735565714,1,0.22895239494419223,-1,
MilitaryConflict,"['EventsAndTransport', 'Conflicts', 'MilitaryConflict']",2588,EventsAndTransport,1,0.23492690013472822,1,0.1431785060793931,1,0.23492690013472822,-1,
MilitaryConflict,"['EventsAndTransport', 'Conflicts', 'MilitaryConflict']",2589,EventsAndTransport,1,0.26381027374810917,1,0.15703579293926864,1,0.26381027374810917,-1,
MilitaryConflict,"['EventsAndTransport', 'Conflicts', 'MilitaryConflict']",2590,EventsAndTransport,0,0.21947955599521268,4,0.1415703952490412,0,0.21947955599521268,-1,
MilitaryConflict,"['EventsAndTransport', 'Conflicts', 'MilitaryConflict']",2591,EventsAndTransport,1,0.22932822580124332,1,0.13868946127675763,1,0.2293282258012433,-1,
MilitaryConflict,"['EventsAndTransport', 'Conflicts', 'MilitaryConflict']",2592,EventsAndTransport,1,0.2560119967905138,1,0.15670615945715705,1,0.25601199679051373,-1,
MilitaryConflict,"['EventsAndTransport', 'Conflicts', 'MilitaryConflict']",2593,EventsAndTransport,1,0.26930227629103043,1,0.16144939885869378,1,0.26930227629103043,-1,
MilitaryConflict,"['EventsAndTransport', 'Conflicts', 'MilitaryConflict']",2594,EventsAndTransport,1,0.2651526575262114,1,0.15427604282698074,1,0.26515265752621137,-1,
MilitaryConflict,"['EventsAndTransport', 'Conflicts', 'MilitaryConflict']",2595,EventsAndTransport,1,0.2540946755708681,1,0.1539584416854792,1,0.2540946755708681,-1,
MilitaryConflict,"['EventsAndTransport', 'Conflicts', 'MilitaryConflict']",2596,EventsAndTransport,1,0.3124167333914272,1,0.1935535162680024,1,0.3124167333914272,-1,
MilitaryConflict,"['EventsAndTransport', 'Conflicts', 'MilitaryConflict']",2597,EventsAndTransport,1,0.34339957584845787,1,0.20940536127459877,1,0.3433995758484577,-1,
MilitaryConflict,"['EventsAndTransport', 'Conflicts', 'MilitaryConflict']",2598,EventsAndTransport,1,0.2566744419261419,1,0.1515800079159361,1,0.2566744419261419,-1,
MilitaryConflict,"['EventsAndTransport', 'Conflicts', 'MilitaryConflict']",2599,EventsAndTransport,1,0.28451259951018865,1,0.1685491122330989,1,0.28451259951018865,-1,
MilitaryConflict,"['EventsAndTransport', 'Conflicts', 'MilitaryConflict']",2600,EventsAndTransport,1,0.27189702632978896,1,0.16560668230533668,1,0.2718970263297889,-1,
MilitaryConflict,"['EventsAndTransport', 'Conflicts', 'MilitaryConflict']",2601,EventsAndTransport,1,0.2377270079536672,1,0.14576643944792664,1,0.2377270079536672,-1,
MilitaryConflict,"['EventsAndTransport', 'Conflicts', 'MilitaryConflict']",2602,EventsAndTransport,1,0.2656305515466594,1,0.16006503998481744,1,0.2656305515466593,-1,
MilitaryConflict,"['EventsAndTransport', 'Conflicts', 'MilitaryConflict']",2603,EventsAndTransport,1,0.2554869732742759,1,0.15515521697869053,1,0.2554869732742759,-1,
MilitaryConflict,"['EventsAndTransport', 'Conflicts', 'MilitaryConflict']",2604,EventsAndTransport,1,0.2515890399006203,1,0.1534799701449603,1,0.25158903990062026,-1,
MilitaryConflict,"['EventsAndTransport', 'Conflicts', 'MilitaryConflict']",2605,EventsAndTransport,1,0.2739549102465808,1,0.16419634726873344,1,0.2739549102465808,-1,
MilitaryConflict,"['EventsAndTransport', 'Conflicts', 'MilitaryConflict']",2606,EventsAndTransport,1,0.2694565507275781,1,0.1594841334149126,1,0.2694565507275781,-1,
MilitaryConflict,"['EventsAndTransport', 'Conflicts', 'MilitaryConflict']",2607,EventsAndTransport,1,0.2587759087439384,1,0.15865425200243352,1,0.2587759087439384,-1,
MilitaryConflict,"['EventsAndTransport', 'Conflicts', 'MilitaryConflict']",2608,EventsAndTransport,1,0.21899977864805523,1,0.13189483250796202,1,0.21899977864805523,-1,
MilitaryConflict,"['EventsAndTransport', 'Conflicts', 'MilitaryConflict']",2609,EventsAndTransport,1,0.24726631374941724,1,0.14909992203181358,1,0.24726631374941724,-1,
MilitaryConflict,"['EventsAndTransport', 'Conflicts', 'MilitaryConflict']",2610,EventsAndTransport,3,0.2313032132660696,3,0.14936897780139896,3,0.2313032132660696,-1,
MilitaryConflict,"['EventsAndTransport', 'Conflicts', 'MilitaryConflict']",2611,EventsAndTransport,1,0.25952243975600187,1,0.15086422605610544,1,0.25952243975600187,-1,
MilitaryConflict,"['EventsAndTransport', 'Conflicts', 'MilitaryConflict']",2612,EventsAndTransport,1,0.2675701440266438,1,0.15858611815488066,1,0.2675701440266438,-1,
MilitaryConflict,"['EventsAndTransport', 'Conflicts', 'MilitaryConflict']",2613,EventsAndTransport,1,0.28876286603447526,1,0.1751346524981237,1,0.28876286603447526,-1,
MilitaryConflict,"['EventsAndTransport', 'Conflicts', 'MilitaryConflict']",2614,EventsAndTransport,1,0.231955065602736,1,0.14332370031553945,1,0.231955065602736,-1,
MilitaryConflict,"['EventsAndTransport', 'Conflicts', 'MilitaryConflict']",2615,EventsAndTransport,1,0.24897239804753513,1,0.14820645730202495,1,0.24897239804753513,-1,
MilitaryConflict,"['EventsAndTransport', 'Conflicts', 'MilitaryConflict']",2616,EventsAndTransport,1,0.2662899102073275,1,0.16405507429775437,1,0.2662899102073275,-1,
MilitaryConflict,"['EventsAndTransport', 'Conflicts', 'MilitaryConflict']",2617,EventsAndTransport,1,0.22596802961046125,1,0.14200836243233847,1,0.22596802961046125,-1,
MilitaryConflict,"['EventsAndTransport', 'Conflicts', 'MilitaryConflict']",2618,EventsAndTransport,1,0.24145301822491172,1,0.14919463490523985,1,0.24145301822491172,-1,
MilitaryConflict,"['EventsAndTransport', 'Conflicts', 'MilitaryConflict']",2619,EventsAndTransport,1,0.268356648918414,1,0.16009864506569138,1,0.2683566489184139,-1,
MilitaryConflict,"['EventsAndTransport', 'Conflicts', 'MilitaryConflict']",2620,EventsAndTransport,3,0.21677882047257158,3,0.13794310373904672,3,0.21677882047257163,-1,
MilitaryConflict,"['EventsAndTransport', 'Conflicts', 'MilitaryConflict']",2621,EventsAndTransport,1,0.24614216658969507,1,0.148967746261609,1,0.24614216658969504,-1,
MilitaryConflict,"['EventsAndTransport', 'Conflicts', 'MilitaryConflict']",2622,EventsAndTransport,1,0.27210300318214414,1,0.16232498813054466,1,0.27210300318214414,-1,
MilitaryConflict,"['EventsAndTransport', 'Conflicts', 'MilitaryConflict']",2623,EventsAndTransport,1,0.21471635846751025,4,0.13542773128077484,1,0.21471635846751025,-1,
MilitaryConflict,"['EventsAndTransport', 'Conflicts', 'MilitaryConflict']",2624,EventsAndTransport,1,0.2196033844472493,7,0.1409963257182715,1,0.2196033844472493,-1,
MilitaryConflict,"['EventsAndTransport', 'Conflicts', 'MilitaryConflict']",2625,EventsAndTransport,1,0.229578174525177,1,0.14333155380938298,1,0.22957817452517704,-1,
MilitaryConflict,"['EventsAndTransport', 'Conflicts', 'MilitaryConflict']",2626,EventsAndTransport,1,0.27094276643121057,1,0.16019944529364294,1,0.27094276643121057,-1,
MilitaryConflict,"['EventsAndTransport', 'Conflicts', 'MilitaryConflict']",2627,EventsAndTransport,1,0.24103442538175066,3,0.15358828303377903,1,0.2410344253817507,-1,
MilitaryConflict,"['EventsAndTransport', 'Conflicts', 'MilitaryConflict']",2628,EventsAndTransport,1,0.2617728270067828,1,0.15489547244890767,1,0.2617728270067828,-1,
MilitaryConflict,"['EventsAndTransport', 'Conflicts', 'MilitaryConflict']",2629,EventsAndTransport,1,0.2515152565347656,1,0.1504686902253065,1,0.2515152565347656,-1,
MilitaryConflict,"['EventsAndTransport', 'Conflicts', 'MilitaryConflict']",2630,EventsAndTransport,1,0.23095438465963564,1,0.14124354753979154,1,0.23095438465963558,-1,
MilitaryConflict,"['EventsAndTransport', 'Conflicts', 'MilitaryConflict']",2631,EventsAndTransport,3,0.22621522664242097,3,0.14883551637017475,3,0.22621522664242097,-1,
MilitaryConflict,"['EventsAndTransport', 'Conflicts', 'MilitaryConflict']",2632,EventsAndTransport,1,0.24919099322265986,3,0.15992636820408318,1,0.24919099322265986,-1,
MilitaryConflict,"['EventsAndTransport', 'Conflicts', 'MilitaryConflict']",2633,EventsAndTransport,1,0.2633657451420419,1,0.15924695650810075,1,0.2633657451420419,-1,
MilitaryConflict,"['EventsAndTransport', 'Conflicts', 'MilitaryConflict']",2634,EventsAndTransport,1,0.2538958870454995,1,0.15569656733129786,1,0.25389588704549954,-1,
MilitaryConflict,"['EventsAndTransport', 'Conflicts', 'MilitaryConflict']",2635,EventsAndTransport,0,0.21594390224198817,7,0.14164416352600387,0,0.21594390224198817,-1,
MilitaryConflict,"['EventsAndTransport', 'Conflicts', 'MilitaryConflict']",2636,EventsAndTransport,1,0.24813350147172525,1,0.15118744641167053,1,0.24813350147172525,-1,
MilitaryConflict,"['EventsAndTransport', 'Conflicts', 'MilitaryConflict']",2637,EventsAndTransport,1,0.22793006692951773,1,0.14023080052740924,1,0.22793006692951773,-1,
MilitaryConflict,"['EventsAndTransport', 'Conflicts', 'MilitaryConflict']",2638,EventsAndTransport,1,0.2609453380400198,1,0.15802208615259666,1,0.2609453380400198,-1,
MilitaryConflict,"['EventsAndTransport', 'Conflicts', 'MilitaryConflict']",2639,EventsAndTransport,1,0.24913457885135276,1,0.1483972375753294,1,0.2491345788513527,-1,
MilitaryConflict,"['EventsAndTransport', 'Conflicts', 'MilitaryConflict']",2640,EventsAndTransport,1,0.2433542635647086,1,0.1453389600628346,1,0.2433542635647086,-1,
MilitaryConflict,"['EventsAndTransport', 'Conflicts', 'MilitaryConflict']",2641,EventsAndTransport,1,0.29135471448820616,1,0.18186278242088727,1,0.29135471448820616,-1,
MilitaryConflict,"['EventsAndTransport', 'Conflicts', 'MilitaryConflict']",2642,EventsAndTransport,1,0.2665044168928187,1,0.1602075947843213,1,0.2665044168928187,-1,
MilitaryConflict,"['EventsAndTransport', 'Conflicts', 'MilitaryConflict']",2643,EventsAndTransport,1,0.2549490113802776,1,0.15446502930663777,1,0.2549490113802776,-1,
MilitaryConflict,"['EventsAndTransport', 'Conflicts', 'MilitaryConflict']",2644,EventsAndTransport,1,0.2928140516877062,1,0.17848359232327907,1,0.2928140516877062,-1,
MilitaryConflict,"['EventsAndTransport', 'Conflicts', 'MilitaryConflict']",2645,EventsAndTransport,1,0.26308261332759136,1,0.15922459980104584,1,0.2630826133275913,-1,
MilitaryConflict,"['EventsAndTransport', 'Conflicts', 'MilitaryConflict']",2646,EventsAndTransport,1,0.24804544060124906,1,0.15159744145952614,1,0.24804544060124906,-1,
MilitaryConflict,"['EventsAndTransport', 'Conflicts', 'MilitaryConflict']",2647,EventsAndTransport,1,0.2570037564817898,1,0.15608378119206043,1,0.2570037564817898,-1,
MilitaryConflict,"['EventsAndTransport', 'Conflicts', 'MilitaryConflict']",2648,EventsAndTransport,1,0.26462012148337377,1,0.15885301863006582,1,0.26462012148337366,-1,
MilitaryConflict,"['EventsAndTransport', 'Conflicts', 'MilitaryConflict']",2649,EventsAndTransport,1,0.22964812778205226,1,0.14024706708115176,1,0.2296481277820522,-1,
MilitaryConflict,"['EventsAndTransport', 'Conflicts', 'MilitaryConflict']",2650,EventsAndTransport,1,0.2310217395033733,1,0.1431954640941996,1,0.2310217395033733,-1,
MilitaryConflict,"['EventsAndTransport', 'Conflicts', 'MilitaryConflict']",2651,EventsAndTransport,0,0.21757926322556306,4,0.14033631008721256,0,0.21757926322556304,-1,
MilitaryConflict,"['EventsAndTransport', 'Conflicts', 'MilitaryConflict']",2652,EventsAndTransport,1,0.24061168168912409,1,0.1442072420071443,1,0.24061168168912409,-1,
MilitaryConflict,"['EventsAndTransport', 'Conflicts', 'MilitaryConflict']",2653,EventsAndTransport,1,0.24542211567214414,1,0.1458806672945004,1,0.24542211567214414,-1,
MilitaryConflict,"['EventsAndTransport', 'Conflicts', 'MilitaryConflict']",2654,EventsAndTransport,1,0.2721639161563947,1,0.16541613851563944,1,0.2721639161563947,-1,
MilitaryConflict,"['EventsAndTransport', 'Conflicts', 'MilitaryConflict']",2655,EventsAndTransport,1,0.24076081454479945,1,0.14889621676746542,1,0.24076081454479945,-1,
MilitaryConflict,"['EventsAndTransport', 'Conflicts', 'MilitaryConflict']",2656,EventsAndTransport,1,0.23821150491982135,1,0.14792639824048132,1,0.2382115049198213,-1,
MilitaryConflict,"['EventsAndTransport', 'Conflicts', 'MilitaryConflict']",2657,EventsAndTransport,1,0.2566257445897879,1,0.15376121000721826,1,0.2566257445897879,-1,
MilitaryConflict,"['EventsAndTransport', 'Conflicts', 'MilitaryConflict']",2658,EventsAndTransport,1,0.26048204725269514,1,0.159461467049835,1,0.26048204725269514,-1,
MilitaryConflict,"['EventsAndTransport', 'Conflicts', 'MilitaryConflict']",2659,EventsAndTransport,1,0.2641700748770623,1,0.1567160594866014,1,0.26417007487706223,-1,
MilitaryConflict,"['EventsAndTransport', 'Conflicts', 'MilitaryConflict']",2660,EventsAndTransport,1,0.2527680181773013,1,0.15461196882664616,1,0.25276801817730127,-1,
MilitaryConflict,"['EventsAndTransport', 'Conflicts', 'MilitaryConflict']",2661,EventsAndTransport,1,0.24012314206291838,1,0.14925752751015692,1,0.24012314206291838,-1,
MilitaryConflict,"['EventsAndTransport', 'Conflicts', 'MilitaryConflict']",2662,EventsAndTransport,1,0.2538840400441868,1,0.15293677447952506,1,0.2538840400441868,-1,
MilitaryConflict,"['EventsAndTransport', 'Conflicts', 'MilitaryConflict']",2663,EventsAndTransport,1,0.23760849799366696,1,0.14884299247986302,1,0.23760849799366693,-1,
MilitaryConflict,"['EventsAndTransport', 'Conflicts', 'MilitaryConflict']",2664,EventsAndTransport,1,0.2557477942546833,1,0.15343766360688477,1,0.2557477942546833,-1,
MilitaryConflict,"['EventsAndTransport', 'Conflicts', 'MilitaryConflict']",2665,EventsAndTransport,1,0.24265382095055368,1,0.14709696196596564,1,0.24265382095055368,-1,
MilitaryConflict,"['EventsAndTransport', 'Conflicts', 'MilitaryConflict']",2666,EventsAndTransport,1,0.2507454465497393,1,0.15013852207066583,1,0.2507454465497393,-1,
SportsEvent,"['EventsAndTransport', 'SportsEvents', 'SportsEvent']",2667,EventsAndTransport,1,0.5495099075032986,1,0.3994958076123136,1,0.5495099075032986,-1,
SportsEvent,"['EventsAndTransport', 'SportsEvents', 'SportsEvent']",2668,EventsAndTransport,1,0.5314170329277337,1,0.4115896956065949,1,0.5314170329277335,-1,
SportsEvent,"['EventsAndTransport', 'SportsEvents', 'SportsEvent']",2669,EventsAndTransport,1,0.5862006649621808,1,0.45829550178224226,1,0.5862006649621805,-1,
SportsEvent,"['EventsAndTransport', 'SportsEvents', 'SportsEvent']",2670,EventsAndTransport,1,0.5636675506220249,1,0.4507452480902853,1,0.5636675506220248,-1,
SportsEvent,"['EventsAndTransport', 'SportsEvents', 'SportsEvent']",2671,EventsAndTransport,1,0.41369672363709903,1,0.26087121465712676,1,0.41369672363709903,-1,
SportsEvent,"['EventsAndTransport', 'SportsEvents', 'SportsEvent']",2672,EventsAndTransport,1,0.5378710824521439,1,0.40064205368631234,1,0.5378710824521439,-1,
SportsEvent,"['EventsAndTransport', 'SportsEvents', 'SportsEvent']",2673,EventsAndTransport,1,0.38449637006130316,1,0.2428192988839233,1,0.3844963700613031,-1,
SportsEvent,"['EventsAndTransport', 'SportsEvents', 'SportsEvent']",2674,EventsAndTransport,1,0.6320345158252187,1,0.5160083124721309,1,0.6320345158252185,-1,
SportsEvent,"['EventsAndTransport', 'SportsEvents', 'SportsEvent']",2675,EventsAndTransport,1,0.48587005123551186,1,0.325471872902991,1,0.48587005123551164,-1,
SportsEvent,"['EventsAndTransport', 'SportsEvents', 'SportsEvent']",2676,EventsAndTransport,1,0.40063481932110573,1,0.2563131289092129,1,0.40063481932110573,-1,
SportsEvent,"['EventsAndTransport', 'SportsEvents', 'SportsEvent']",2677,EventsAndTransport,1,0.5191078470213876,1,0.38797751528420504,1,0.5191078470213876,-1,
SportsEvent,"['EventsAndTransport', 'SportsEvents', 'SportsEvent']",2678,EventsAndTransport,1,0.4778919442171786,1,0.323514403095842,1,0.4778919442171786,-1,
SportsEvent,"['EventsAndTransport', 'SportsEvents', 'SportsEvent']",2679,EventsAndTransport,1,0.6192538766320208,1,0.4962102268102601,1,0.6192538766320208,-1,
SportsEvent,"['EventsAndTransport', 'SportsEvents', 'SportsEvent']",2680,EventsAndTransport,1,0.3995891150508291,1,0.2528172774988738,1,0.3995891150508291,-1,
SportsEvent,"['EventsAndTransport', 'SportsEvents', 'SportsEvent']",2681,EventsAndTransport,1,0.4255623738039181,1,0.2772970750950109,1,0.4255623738039181,-1,
SportsEvent,"['EventsAndTransport', 'SportsEvents', 'SportsEvent']",2682,EventsAndTransport,1,0.538934071504665,1,0.3718157825121264,1,0.538934071504665,-1,
SportsEvent,"['EventsAndTransport', 'SportsEvents', 'SportsEvent']",2683,EventsAndTransport,1,0.4036275600349934,1,0.25153129243241923,1,0.4036275600349933,-1,
SportsEvent,"['EventsAndTransport', 'SportsEvents', 'SportsEvent']",2684,EventsAndTransport,1,0.518388503977281,1,0.3848221030273658,1,0.5183885039772808,-1,
SportsEvent,"['EventsAndTransport', 'SportsEvents', 'SportsEvent']",2685,EventsAndTransport,1,0.5351953389068111,1,0.4074075256516622,1,0.5351953389068111,-1,
SportsEvent,"['EventsAndTransport', 'SportsEvents', 'SportsEvent']",2686,EventsAndTransport,1,0.45446136257934777,1,0.3041560038905568,1,0.45446136257934766,-1,
SportsEvent,"['EventsAndTransport', 'SportsEvents', 'SportsEvent']",2687,EventsAndTransport,1,0.5618447881786468,1,0.43280849277728606,1,0.5618447881786466,-1,
SportsEvent,"['EventsAndTransport', 'SportsEvents', 'SportsEvent']",2688,EventsAndTransport,1,0.5697629204029548,1,0.4040227846793697,1,0.5697629204029548,-1,
SportsEvent,"['EventsAndTransport', 'SportsEvents', 'SportsEvent']",2689,EventsAndTransport,1,0.5158681852592834,1,0.37196587472702286,1,0.5158681852592834,-1,
SportsEvent,"['EventsAndTransport', 'SportsEvents', 'SportsEvent']",2690,EventsAndTransport,1,0.4248247960658932,1,0.2664709006235078,1,0.4248247960658932,-1,
SportsEvent,"['EventsAndTransport', 'SportsEvents', 'SportsEvent']",2691,EventsAndTransport,1,0.534739644354082,1,0.37582941031892064,1,0.534739644354082,-1,
SportsEvent,"['EventsAndTransport', 'SportsEvents', 'SportsEvent']",2692,EventsAndTransport,1,0.5527273275828497,1,0.41533825823782927,1,0.5527273275828497,-1,
SportsEvent,"['EventsAndTransport', 'SportsEvents', 'SportsEvent']",2693,EventsAndTransport,1,0.5730748615544289,1,0.46043961129394034,1,0.573074861554429,-1,
SportsEvent,"['EventsAndTransport', 'SportsEvents', 'SportsEvent']",2694,EventsAndTransport,1,0.5738290561137201,1,0.464028654834442,1,0.5738290561137199,-1,
SportsEvent,"['EventsAndTransport', 'SportsEvents', 'SportsEvent']",2695,EventsAndTransport,1,0.42222830280577167,1,0.27042791426703916,1,0.42222830280577167,-1,
SportsEvent,"['EventsAndTransport', 'SportsEvents', 'SportsEvent']",2696,EventsAndTransport,1,0.5513738300092487,1,0.43414410822391464,1,0.5513738300092487,-1,
SportsEvent,"['EventsAndTransport', 'SportsEvents', 'SportsEvent']",2697,EventsAndTransport,1,0.516418342462725,1,0.3549272382666095,1,0.5164183424627248,-1,
SportsEvent,"['EventsAndTransport', 'SportsEvents', 'SportsEvent']",2698,EventsAndTransport,1,0.5492840366532138,1,0.38287531785871354,1,0.5492840366532137,-1,
SportsEvent,"['EventsAndTransport', 'SportsEvents', 'SportsEvent']",2699,EventsAndTransport,1,0.5986125696582213,1,0.49109231295695216,1,0.5986125696582213,-1,
SportsEvent,"['EventsAndTransport', 'SportsEvents', 'SportsEvent']",2700,EventsAndTransport,1,0.5239007306704484,1,0.3847263675012501,1,0.5239007306704484,-1,
SportsEvent,"['EventsAndTransport', 'SportsEvents', 'SportsEvent']",2701,EventsAndTransport,1,0.5180529430745316,1,0.3682306496440014,1,0.5180529430745316,-1,
SportsEvent,"['EventsAndTransport', 'SportsEvents', 'SportsEvent']",2702,EventsAndTransport,1,0.5282134564184363,1,0.38727933558788424,1,0.5282134564184363,-1,
SportsEvent,"['EventsAndTransport', 'SportsEvents', 'SportsEvent']",2703,EventsAndTransport,1,0.4074534508870776,1,0.2586140057876222,1,0.4074534508870776,-1,
SportsEvent,"['EventsAndTransport', 'SportsEvents', 'SportsEvent']",2704,EventsAndTransport,1,0.5600270554299029,1,0.42140360972794966,1,0.5600270554299029,-1,
SportsEvent,"['EventsAndTransport', 'SportsEvents', 'SportsEvent']",2705,EventsAndTransport,1,0.5966421718725958,1,0.47284757181948334,1,0.5966421718725958,-1,
SportsEvent,"['EventsAndTransport', 'SportsEvents', 'SportsEvent']",2706,EventsAndTransport,1,0.5909238599493516,1,0.46303202993756715,1,0.5909238599493516,-1,
SportsEvent,"['EventsAndTransport', 'SportsEvents', 'SportsEvent']",2707,EventsAndTransport,1,0.6470258027569669,1,0.5399108998689824,1,0.6470258027569669,-1,
SportsEvent,"['EventsAndTransport', 'SportsEvents', 'SportsEvent']",2708,EventsAndTransport,1,0.5348935948516806,1,0.3930835853886136,1,0.5348935948516806,-1,
SportsEvent,"['EventsAndTransport', 'SportsEvents', 'SportsEvent']",2709,EventsAndTransport,1,0.4735370719664713,1,0.3298659048088444,1,0.4735370719664712,-1,
SportsEvent,"['EventsAndTransport', 'SportsEvents', 'SportsEvent']",2710,EventsAndTransport,1,0.5222727776915514,1,0.400666272038342,1,0.5222727776915512,-1,
SportsEvent,"['EventsAndTransport', 'SportsEvents', 'SportsEvent']",2711,EventsAndTransport,1,0.44334535437087763,1,0.2948075320565497,1,0.44334535437087763,-1,
SportsEvent,"['EventsAndTransport', 'SportsEvents', 'SportsEvent']",2712,EventsAndTransport,1,0.5258687023300848,1,0.3886957556851644,1,0.5258687023300848,-1,
SportsEvent,"['EventsAndTransport', 'SportsEvents', 'SportsEvent']",2713,EventsAndTransport,1,0.5883300534229613,1,0.4578876180034198,1,0.5883300534229613,-1,
SportsEvent,"['EventsAndTransport', 'SportsEvents', 'SportsEvent']",2714,EventsAndTransport,1,0.41031059974424483,1,0.26223857826572305,1,0.41031059974424483,-1,
SportsEvent,"['EventsAndTransport', 'SportsEvents', 'SportsEvent']",2715,EventsAndTransport,1,0.5558606687919981,1,0.42754524911432396,1,0.5558606687919981,-1,
SportsEvent,"['EventsAndTransport', 'SportsEvents', 'SportsEvent']",2716,EventsAndTransport,1,0.43968583890261254,1,0.28310699016081975,1,0.43968583890261254,-1,
SportsEvent,"['EventsAndTransport', 'SportsEvents', 'SportsEvent']",2717,EventsAndTransport,1,0.4359762497551866,1,0.2765613060389631,1,0.43597624975518645,-1,
SportsEvent,"['EventsAndTransport', 'SportsEvents', 'SportsEvent']",2718,EventsAndTransport,1,0.6107817675887132,1,0.48709044381919503,1,0.6107817675887134,-1,
SportsEvent,"['EventsAndTransport', 'SportsEvents', 'SportsEvent']",2719,EventsAndTransport,1,0.5326408566473596,1,0.4105927464434257,1,0.5326408566473596,-1,
SportsEvent,"['EventsAndTransport', 'SportsEvents', 'SportsEvent']",2720,EventsAndTransport,1,0.48394156261074667,1,0.3506223976947398,1,0.48394156261074656,-1,
SportsEvent,"['EventsAndTransport', 'SportsEvents', 'SportsEvent']",2721,EventsAndTransport,1,0.4331879618599703,1,0.27650741624253344,1,0.4331879618599703,-1,
SportsEvent,"['EventsAndTransport', 'SportsEvents', 'SportsEvent']",2722,EventsAndTransport,1,0.5721198213710459,1,0.4563981705743958,1,0.5721198213710457,-1,
SportsEvent,"['EventsAndTransport', 'SportsEvents', 'SportsEvent']",2723,EventsAndTransport,1,0.5327370757803781,1,0.41814568245639355,1,0.5327370757803781,-1,
SportsEvent,"['EventsAndTransport', 'SportsEvents', 'SportsEvent']",2724,EventsAndTransport,1,0.441566203573169,1,0.2871025621123051,1,0.4415662035731691,-1,
SportsEvent,"['EventsAndTransport', 'SportsEvents', 'SportsEvent']",2725,EventsAndTransport,1,0.5420468295929018,1,0.3889795558808477,1,0.5420468295929018,-1,
SportsEvent,"['EventsAndTransport', 'SportsEvents', 'SportsEvent']",2726,EventsAndTransport,1,0.5346378953864596,1,0.39728776564857654,1,0.5346378953864594,-1,
SportsEvent,"['EventsAndTransport', 'SportsEvents', 'SportsEvent']",2727,EventsAndTransport,1,0.5289917806138142,1,0.38954724583432593,1,0.5289917806138141,-1,
SportsEvent,"['EventsAndTransport', 'SportsEvents', 'SportsEvent']",2728,EventsAndTransport,1,0.5045346297564337,1,0.38601467035915477,1,0.5045346297564337,-1,
SportsEvent,"['EventsAndTransport', 'SportsEvents', 'SportsEvent']",2729,EventsAndTransport,1,0.3851306573773644,1,0.2437887784082293,1,0.3851306573773644,-1,
SportsEvent,"['EventsAndTransport', 'SportsEvents', 'SportsEvent']",2730,EventsAndTransport,1,0.45518205400309814,1,0.320609836700546,1,0.455182054003098,-1,
SportsEvent,"['EventsAndTransport', 'SportsEvents', 'SportsEvent']",2731,EventsAndTransport,1,0.630634639318375,1,0.5125553655118815,1,0.6306346393183748,-1,
SportsEvent,"['EventsAndTransport', 'SportsEvents', 'SportsEvent']",2732,EventsAndTransport,1,0.40860024638530734,1,0.2554290801954498,1,0.40860024638530734,-1,
SportsEvent,"['EventsAndTransport', 'SportsEvents', 'SportsEvent']",2733,EventsAndTransport,1,0.5664080755325137,1,0.4386284004469594,1,0.5664080755325136,-1,
SportsEvent,"['EventsAndTransport', 'SportsEvents', 'SportsEvent']",2734,EventsAndTransport,1,0.5652035837922543,1,0.45183332453860714,1,0.5652035837922541,-1,
SportsEvent,"['EventsAndTransport', 'SportsEvents', 'SportsEvent']",2735,EventsAndTransport,1,0.5443413660650099,1,0.42684381689549816,1,0.5443413660650098,-1,
SportsEvent,"['EventsAndTransport', 'SportsEvents', 'SportsEvent']",2736,EventsAndTransport,1,0.6116834225099715,1,0.5007290009535516,1,0.6116834225099714,-1,
SportsEvent,"['EventsAndTransport', 'SportsEvents', 'SportsEvent']",2737,EventsAndTransport,1,0.4996403615515427,1,0.360115910613942,1,0.4996403615515427,-1,
SportsEvent,"['EventsAndTransport', 'SportsEvents', 'SportsEvent']",2738,EventsAndTransport,1,0.4465808085660979,1,0.31183495092223795,1,0.4465808085660979,-1,
SportsEvent,"['EventsAndTransport', 'SportsEvents', 'SportsEvent']",2739,EventsAndTransport,1,0.5692765392668978,1,0.392548173971011,1,0.5692765392668978,-1,
SportsEvent,"['EventsAndTransport', 'SportsEvents', 'SportsEvent']",2740,EventsAndTransport,1,0.5329846134675654,1,0.38614888255050933,1,0.5329846134675653,-1,
SportsEvent,"['EventsAndTransport', 'SportsEvents', 'SportsEvent']",2741,EventsAndTransport,1,0.5855986408662581,1,0.45257889223064557,1,0.5855986408662581,-1,
SportsEvent,"['EventsAndTransport', 'SportsEvents', 'SportsEvent']",2742,EventsAndTransport,1,0.32170552815241193,1,0.21749607504989618,1,0.32170552815241193,-1,
SportsEvent,"['EventsAndTransport', 'SportsEvents', 'SportsEvent']",2743,EventsAndTransport,1,0.5307543702964612,1,0.3956342093618768,1,0.5307543702964612,-1,
SportsEvent,"['EventsAndTransport', 'SportsEvents', 'SportsEvent']",2744,EventsAndTransport,1,0.4254672846814786,1,0.2709328560782225,1,0.4254672846814786,-1,
SportsEvent,"['EventsAndTransport', 'SportsEvents', 'SportsEvent']",2745,EventsAndTransport,1,0.5413073790590068,1,0.4186455696663139,1,0.5413073790590067,-1,
SportsEvent,"['EventsAndTransport', 'SportsEvents', 'SportsEvent']",2746,EventsAndTransport,1,0.6142576296967176,1,0.4891799944761845,1,0.6142576296967174,-1,
SportsEvent,"['EventsAndTransport', 'SportsEvents', 'SportsEvent']",2747,EventsAndTransport,1,0.553301761496463,1,0.4356894661140859,1,0.553301761496463,-1,
SportsEvent,"['EventsAndTransport', 'SportsEvents', 'SportsEvent']",2748,EventsAndTransport,1,0.5902622233512482,1,0.45450241333147795,1,0.5902622233512482,-1,
SportsEvent,"['EventsAndTransport', 'SportsEvents', 'SportsEvent']",2749,EventsAndTransport,1,0.45816857697818386,1,0.29776388602230086,1,0.45816857697818375,-1,
SportsEvent,"['EventsAndTransport', 'SportsEvents', 'SportsEvent']",2750,EventsAndTransport,1,0.39868366958834256,1,0.2529970396479942,1,0.39868366958834256,-1,
SportsEvent,"['EventsAndTransport', 'SportsEvents', 'SportsEvent']",2751,EventsAndTransport,1,0.4622833797931683,1,0.3246670613315579,1,0.46228337979316814,-1,
SportsEvent,"['EventsAndTransport', 'SportsEvents', 'SportsEvent']",2752,EventsAndTransport,1,0.42782006710181564,1,0.27319216815300573,1,0.4278200671018156,-1,
SportsEvent,"['EventsAndTransport', 'SportsEvents', 'SportsEvent']",2753,EventsAndTransport,1,0.5926687380869441,1,0.4607477868602346,1,0.592668738086944,-1,
SportsEvent,"['EventsAndTransport', 'SportsEvents', 'SportsEvent']",2754,EventsAndTransport,1,0.4809979705422798,1,0.3151305600054104,1,0.48099797054227966,-1,
SportsEvent,"['EventsAndTransport', 'SportsEvents', 'SportsEvent']",2755,EventsAndTransport,1,0.4088520730674062,1,0.2621110925383399,1,0.4088520730674063,-1,
SportsEvent,"['EventsAndTransport', 'SportsEvents', 'SportsEvent']",2756,EventsAndTransport,4,0.22813272768049078,4,0.1411041807871179,4,0.22813272768049078,-1,
SportsEvent,"['EventsAndTransport', 'SportsEvents', 'SportsEvent']",2757,EventsAndTransport,1,0.4028710703180075,1,0.2549558777145019,1,0.4028710703180075,-1,
SportsEvent,"['EventsAndTransport', 'SportsEvents', 'SportsEvent']",2758,EventsAndTransport,1,0.6204970415729647,1,0.5082602921762542,1,0.6204970415729647,-1,
SportsEvent,"['EventsAndTransport', 'SportsEvents', 'SportsEvent']",2759,EventsAndTransport,1,0.5967609023473718,1,0.4843263353075791,1,0.5967609023473718,-1,
SportsEvent,"['EventsAndTransport', 'SportsEvents', 'SportsEvent']",2760,EventsAndTransport,1,0.4073058280541667,1,0.2578492516078925,1,0.4073058280541667,-1,
SportsEvent,"['EventsAndTransport', 'SportsEvents', 'SportsEvent']",2761,EventsAndTransport,1,0.5662447660578369,1,0.3930743196560412,1,0.5662447660578369,-1,
SportsEvent,"['EventsAndTransport', 'SportsEvents', 'SportsEvent']",2762,EventsAndTransport,1,0.4184396271244815,1,0.2637316740804055,1,0.4184396271244815,-1,
SportsEvent,"['EventsAndTransport', 'SportsEvents', 'SportsEvent']",2763,EventsAndTransport,1,0.42439637821537135,1,0.27376848961694006,1,0.42439637821537135,-1,
SportsEvent,"['EventsAndTransport', 'SportsEvents', 'SportsEvent']",2764,EventsAndTransport,1,0.4368972340095629,1,0.30064830292841055,1,0.4368972340095628,-1,
SportsEvent,"['EventsAndTransport', 'SportsEvents', 'SportsEvent']",2765,EventsAndTransport,1,0.5637634352755908,1,0.449392837293857,1,0.5637634352755906,-1,
SportsEvent,"['EventsAndTransport', 'SportsEvents', 'SportsEvent']",2766,EventsAndTransport,1,0.4338027612856207,1,0.2785586101517569,1,0.43380276128562084,-1,
SportsEvent,"['EventsAndTransport', 'SportsEvents', 'SportsEvent']",2767,EventsAndTransport,1,0.4072716908707445,1,0.2629954287974821,1,0.4072716908707445,-1,
SportsEvent,"['EventsAndTransport', 'SportsEvents', 'SportsEvent']",2768,EventsAndTransport,1,0.5395075721092584,1,0.4122228459736342,1,0.5395075721092584,-1,
SportsEvent,"['EventsAndTransport', 'SportsEvents', 'SportsEvent']",2769,EventsAndTransport,1,0.6223815106990129,1,0.4938312770129514,1,0.622381510699013,-1,
SportsEvent,"['EventsAndTransport', 'SportsEvents', 'SportsEvent']",2770,EventsAndTransport,1,0.5516786717620443,1,0.3850693124333824,1,0.5516786717620443,-1,
SportsEvent,"['EventsAndTransport', 'SportsEvents', 'SportsEvent']",2771,EventsAndTransport,1,0.5439252944800669,1,0.42365760359224036,1,0.5439252944800669,-1,
SportsEvent,"['EventsAndTransport', 'SportsEvents', 'SportsEvent']",2772,EventsAndTransport,1,0.6167361708181696,1,0.4839751085740777,1,0.6167361708181693,-1,
SportsEvent,"['EventsAndTransport', 'SportsEvents', 'SportsEvent']",2773,EventsAndTransport,1,0.48473409147763025,1,0.3613754860674656,1,0.48473409147763047,-1,
SportsEvent,"['EventsAndTransport', 'SportsEvents', 'SportsEvent']",2774,EventsAndTransport,1,0.4943702259960183,1,0.34965484346450776,1,0.4943702259960181,-1,
SportsEvent,"['EventsAndTransport', 'SportsEvents', 'SportsEvent']",2775,EventsAndTransport,1,0.603531867579152,1,0.43287946554096485,1,0.6035318675791518,-1,
SportsEvent,"['EventsAndTransport', 'SportsEvents', 'SportsEvent']",2776,EventsAndTransport,1,0.6603984414221484,1,0.5480435741010891,1,0.6603984414221483,-1,
SportsEvent,"['EventsAndTransport', 'SportsEvents', 'SportsEvent']",2777,EventsAndTransport,1,0.47172034038720984,1,0.3378799809079766,1,0.4717203403872096,-1,
SportsEvent,"['EventsAndTransport', 'SportsEvents', 'SportsEvent']",2778,EventsAndTransport,1,0.47149473382563833,1,0.3117078219164638,1,0.4714947338256382,-1,
SportsEvent,"['EventsAndTransport', 'SportsEvents', 'SportsEvent']",2779,EventsAndTransport,1,0.5921103065810083,1,0.4534556292912077,1,0.5921103065810083,-1,
SportsEvent,"['EventsAndTransport', 'SportsEvents', 'SportsEvent']",2780,EventsAndTransport,1,0.5651730298263132,1,0.44387360677250476,1,0.5651730298263131,-1,
SportsEvent,"['EventsAndTransport', 'SportsEvents', 'SportsEvent']",2781,EventsAndTransport,1,0.40971534191487297,1,0.2571633529765722,1,0.40971534191487297,-1,
SportsEvent,"['EventsAndTransport', 'SportsEvents', 'SportsEvent']",2782,EventsAndTransport,1,0.5169600543583688,1,0.3514613943785926,1,0.5169600543583687,-1,
SportsEvent,"['EventsAndTransport', 'SportsEvents', 'SportsEvent']",2783,EventsAndTransport,1,0.5625260805201111,1,0.43551873089316484,1,0.5625260805201109,-1,
SportsEvent,"['EventsAndTransport', 'SportsEvents', 'SportsEvent']",2784,EventsAndTransport,1,0.5295595085718071,1,0.40794095441630523,1,0.5295595085718072,-1,
SportsEvent,"['EventsAndTransport', 'SportsEvents', 'SportsEvent']",2785,EventsAndTransport,1,0.4149128238652519,1,0.2637947497523042,1,0.414912823865252,-1,
SportsEvent,"['EventsAndTransport', 'SportsEvents', 'SportsEvent']",2786,EventsAndTransport,1,0.5965897174024203,1,0.486768435772986,1,0.5965897174024203,-1,
SportsEvent,"['EventsAndTransport', 'SportsEvents', 'SportsEvent']",2787,EventsAndTransport,1,0.5129859187390269,1,0.36248940698079973,1,0.512985918739027,-1,
SportsEvent,"['EventsAndTransport', 'SportsEvents', 'SportsEvent']",2788,EventsAndTransport,1,0.5934882581127169,1,0.47160614493801134,1,0.5934882581127169,-1,
SportsEvent,"['EventsAndTransport', 'SportsEvents', 'SportsEvent']",2789,EventsAndTransport,1,0.5065471822831942,1,0.3719898630854059,1,0.5065471822831942,-1,
SportsEvent,"['EventsAndTransport', 'SportsEvents', 'SportsEvent']",2790,EventsAndTransport,1,0.37175246823483016,1,0.232587051692082,1,0.37175246823483016,-1,
SportsEvent,"['EventsAndTransport', 'SportsEvents', 'SportsEvent']",2791,EventsAndTransport,1,0.40729989636152225,1,0.26068203979689486,1,0.40729989636152214,-1,
SportsEvent,"['EventsAndTransport', 'SportsEvents', 'SportsEvent']",2792,EventsAndTransport,1,0.600492985159849,1,0.4654053839829899,1,0.6004929851598488,-1,
SportsEvent,"['EventsAndTransport', 'SportsEvents', 'SportsEvent']",2793,EventsAndTransport,1,0.5594054383154755,1,0.44966208502434346,1,0.5594054383154755,-1,
SportsEvent,"['EventsAndTransport', 'SportsEvents', 'SportsEvent']",2794,EventsAndTransport,1,0.5555912390413787,1,0.41765119992811994,1,0.5555912390413789,-1,
SportsEvent,"['EventsAndTransport', 'SportsEvents', 'SportsEvent']",2795,EventsAndTransport,1,0.5385355703152872,1,0.4059418398604508,1,0.5385355703152871,-1,
SportsEvent,"['EventsAndTransport', 'SportsEvents', 'SportsEvent']",2796,EventsAndTransport,1,0.41990428053865764,1,0.2690506655108799,1,0.41990428053865747,-1,
SportsEvent,"['EventsAndTransport', 'SportsEvents', 'SportsEvent']",2797,EventsAndTransport,1,0.510526644174005,1,0.39420231740140177,1,0.510526644174005,-1,
SportsEvent,"['EventsAndTransport', 'SportsEvents', 'SportsEvent']",2798,EventsAndTransport,1,0.39439289992301335,1,0.24806528866233238,1,0.3943928999230133,-1,
SportsEvent,"['EventsAndTransport', 'SportsEvents', 'SportsEvent']",2799,EventsAndTransport,1,0.6219938403151263,1,0.48754442273952436,1,0.6219938403151263,-1,
SportsEvent,"['EventsAndTransport', 'SportsEvents', 'SportsEvent']",2800,EventsAndTransport,1,0.5840290354965139,1,0.44962674289137566,1,0.5840290354965139,-1,
SportsEvent,"['EventsAndTransport', 'SportsEvents', 'SportsEvent']",2801,EventsAndTransport,1,0.39134867847880506,1,0.24720474096141673,1,0.39134867847880506,-1,
SportsEvent,"['EventsAndTransport', 'SportsEvents', 'SportsEvent']",2802,EventsAndTransport,1,0.5324187394301685,1,0.3929197409981646,1,0.5324187394301684,-1,
SportsEvent,"['EventsAndTransport', 'SportsEvents', 'SportsEvent']",2803,EventsAndTransport,1,0.6299402099636711,1,0.5028663059947085,1,0.6299402099636711,-1,
SportsEvent,"['EventsAndTransport', 'SportsEvents', 'SportsEvent']",2804,EventsAndTransport,1,0.6112138040664074,1,0.47957212726581816,1,0.6112138040664075,-1,
SportsEvent,"['EventsAndTransport', 'SportsEvents', 'SportsEvent']",2805,EventsAndTransport,1,0.572666227287438,1,0.40393835804203604,1,0.572666227287438,-1,
SportsEvent,"['EventsAndTransport', 'SportsEvents', 'SportsEvent']",2806,EventsAndTransport,1,0.5325220795766616,1,0.3780298201216166,1,0.5325220795766615,-1,
SportsEvent,"['EventsAndTransport', 'SportsEvents', 'SportsEvent']",2807,EventsAndTransport,1,0.5034185577738259,1,0.37165397893765423,1,0.5034185577738259,-1,
SportsEvent,"['EventsAndTransport', 'SportsEvents', 'SportsEvent']",2808,EventsAndTransport,1,0.5415583612686982,1,0.41431571003122974,1,0.541558361268698,-1,
SportsEvent,"['EventsAndTransport', 'SportsEvents', 'SportsEvent']",2809,EventsAndTransport,1,0.40994545861811393,1,0.26104224224810396,1,0.40994545861811393,-1,
SportsEvent,"['EventsAndTransport', 'SportsEvents', 'SportsEvent']",2810,EventsAndTransport,1,0.2847141081082985,1,0.17789375854974251,1,0.2847141081082985,-1,
SportsEvent,"['EventsAndTransport', 'SportsEvents', 'SportsEvent']",2811,EventsAndTransport,1,0.6973477464876272,1,0.5929176942331448,1,0.6973477464876274,-1,
SportsEvent,"['EventsAndTransport', 'SportsEvents', 'SportsEvent']",2812,EventsAndTransport,1,0.6453982756369603,1,0.5306870053555366,1,0.6453982756369601,-1,
SportsEvent,"['EventsAndTransport', 'SportsEvents', 'SportsEvent']",2813,EventsAndTransport,1,0.5430098425553758,1,0.37574269437187313,1,0.5430098425553757,-1,
SportsEvent,"['EventsAndTransport', 'SportsEvents', 'SportsEvent']",2814,EventsAndTransport,1,0.5839430189291773,1,0.45531974648293777,1,0.5839430189291772,-1,
SportsEvent,"['EventsAndTransport', 'SportsEvents', 'SportsEvent']",2815,EventsAndTransport,1,0.5436283311972654,1,0.402587270974396,1,0.5436283311972652,-1,
SportsEvent,"['EventsAndTransport', 'SportsEvents', 'SportsEvent']",2816,EventsAndTransport,1,0.5257956142570681,1,0.3605979129360322,1,0.525795614257068,-1,
SportsEvent,"['EventsAndTransport', 'SportsEvents', 'SportsEvent']",2817,EventsAndTransport,1,0.5130900306787516,1,0.3909298688167274,1,0.5130900306787517,-1,
SportsEvent,"['EventsAndTransport', 'SportsEvents', 'SportsEvent']",2818,EventsAndTransport,1,0.6256935699626185,1,0.4981753079148682,1,0.6256935699626185,-1,
SportsEvent,"['EventsAndTransport', 'SportsEvents', 'SportsEvent']",2819,EventsAndTransport,1,0.4620754067316807,1,0.3267131982226607,1,0.4620754067316807,-1,
SportsEvent,"['EventsAndTransport', 'SportsEvents', 'SportsEvent']",2820,EventsAndTransport,1,0.5626757011080611,1,0.43024777527524116,1,0.562675701108061,-1,
SportsEvent,"['EventsAndTransport', 'SportsEvents', 'SportsEvent']",2821,EventsAndTransport,1,0.5132189834799123,1,0.3774614239072835,1,0.5132189834799123,-1,
SportsEvent,"['EventsAndTransport', 'SportsEvents', 'SportsEvent']",2822,EventsAndTransport,1,0.383235044064821,1,0.24508988766438833,1,0.38323504406482084,-1,
SportsEvent,"['EventsAndTransport', 'SportsEvents', 'SportsEvent']",2823,EventsAndTransport,1,0.4325108205376476,1,0.2802748521725028,1,0.4325108205376475,-1,
SportsEvent,"['EventsAndTransport', 'SportsEvents', 'SportsEvent']",2824,EventsAndTransport,1,0.505818317199872,1,0.33697453579753295,1,0.5058183171998719,-1,
SportsEvent,"['EventsAndTransport', 'SportsEvents', 'SportsEvent']",2825,EventsAndTransport,1,0.5430035981968871,1,0.37844267797648234,1,0.543003598196887,-1,
SportsEvent,"['EventsAndTransport', 'SportsEvents', 'SportsEvent']",2826,EventsAndTransport,1,0.580517128051856,1,0.48110741447025984,1,0.580517128051856,-1,
SportsEvent,"['EventsAndTransport', 'SportsEvents', 'SportsEvent']",2827,EventsAndTransport,1,0.409634086524898,1,0.25909671720866045,1,0.409634086524898,-1,
SportsEvent,"['EventsAndTransport', 'SportsEvents', 'SportsEvent']",2828,EventsAndTransport,1,0.6081416359958737,1,0.5091685772580504,1,0.6081416359958737,-1,
SportsEvent,"['EventsAndTransport', 'SportsEvents', 'SportsEvent']",2829,EventsAndTransport,1,0.5761003926572742,1,0.45915879060108,1,0.5761003926572742,-1,
SportsEvent,"['EventsAndTransport', 'SportsEvents', 'SportsEvent']",2830,EventsAndTransport,1,0.5152782979764685,1,0.3908695848875597,1,0.5152782979764685,-1,
SportsEvent,"['EventsAndTransport', 'SportsEvents', 'SportsEvent']",2831,EventsAndTransport,1,0.5780112377623158,1,0.46893237465745596,1,0.578011237762316,-1,
SportsEvent,"['EventsAndTransport', 'SportsEvents', 'SportsEvent']",2832,EventsAndTransport,1,0.5894538850637363,1,0.46700080465332194,1,0.5894538850637363,-1,
SportsEvent,"['EventsAndTransport', 'SportsEvents', 'SportsEvent']",2833,EventsAndTransport,1,0.4902700722618284,1,0.3458575326357892,1,0.4902700722618284,-1,
MeanOfTransportation,"['EventsAndTransport', 'Transport', 'MeanOfTransportation']",2834,EventsAndTransport,0,0.2536431614888545,4,0.15354132355789019,0,0.2536431614888545,-1,
MeanOfTransportation,"['EventsAndTransport', 'Transport', 'MeanOfTransportation']",2835,EventsAndTransport,4,0.22592615077819275,7,0.145005962606254,4,0.22592615077819275,-1,
MeanOfTransportation,"['EventsAndTransport', 'Transport', 'MeanOfTransportation']",2836,EventsAndTransport,3,0.21730899963370856,6,0.14459061095545586,3,0.21730899963370856,-1,
MeanOfTransportation,"['EventsAndTransport', 'Transport', 'MeanOfTransportation']",2837,EventsAndTransport,0,0.25121437125484564,4,0.15199027164011755,0,0.2512143712548456,-1,
MeanOfTransportation,"['EventsAndTransport', 'Transport', 'MeanOfTransportation']",2838,EventsAndTransport,0,0.22078638883743196,7,0.15136191253637998,0,0.22078638883743196,-1,
MeanOfTransportation,"['EventsAndTransport', 'Transport', 'MeanOfTransportation']",2839,EventsAndTransport,1,0.25789736495117865,1,0.15365487452533028,1,0.25789736495117865,-1,
MeanOfTransportation,"['EventsAndTransport', 'Transport', 'MeanOfTransportation']",2840,EventsAndTransport,1,0.23105082119195186,1,0.1426727020788518,1,0.23105082119195183,-1,
MeanOfTransportation,"['EventsAndTransport', 'Transport', 'MeanOfTransportation']",2841,EventsAndTransport,1,0.25987865971273083,1,0.1570370580826119,1,0.2598786597127309,-1,
MeanOfTransportation,"['EventsAndTransport', 'Transport', 'MeanOfTransportation']",2842,EventsAndTransport,0,0.2539591324955432,4,0.15329674112312436,0,0.25395913249554314,-1,
MeanOfTransportation,"['EventsAndTransport', 'Transport', 'MeanOfTransportation']",2843,EventsAndTransport,0,0.23459797456782103,4,0.1449473906431048,0,0.23459797456782097,-1,
MeanOfTransportation,"['EventsAndTransport', 'Transport', 'MeanOfTransportation']",2844,EventsAndTransport,0,0.2202475418048933,7,0.14557780627407063,0,0.2202475418048933,-1,
MeanOfTransportation,"['EventsAndTransport', 'Transport', 'MeanOfTransportation']",2845,EventsAndTransport,1,0.2639542673519383,1,0.1558689262572894,1,0.2639542673519382,-1,
MeanOfTransportation,"['EventsAndTransport', 'Transport', 'MeanOfTransportation']",2846,EventsAndTransport,1,0.21360454603517035,5,0.14652588393729593,1,0.21360454603517032,-1,
MeanOfTransportation,"['EventsAndTransport', 'Transport', 'MeanOfTransportation']",2847,EventsAndTransport,1,0.21727902243241864,7,0.13689069809087068,1,0.21727902243241862,-1,
MeanOfTransportation,"['EventsAndTransport', 'Transport', 'MeanOfTransportation']",2848,EventsAndTransport,1,0.21450534168564142,5,0.1402148447927823,1,0.21450534168564142,-1,
MeanOfTransportation,"['EventsAndTransport', 'Transport', 'MeanOfTransportation']",2849,EventsAndTransport,1,0.2225531559728236,5,0.14766872509988224,1,0.22255315597282355,-1,
MeanOfTransportation,"['EventsAndTransport', 'Transport', 'MeanOfTransportation']",2850,EventsAndTransport,4,0.21245738609574827,5,0.13605419261184093,4,0.21245738609574827,-1,
MeanOfTransportation,"['EventsAndTransport', 'Transport', 'MeanOfTransportation']",2851,EventsAndTransport,0,0.2243911237772732,5,0.13966635573270467,0,0.22439112377727313,-1,
MeanOfTransportation,"['EventsAndTransport', 'Transport', 'MeanOfTransportation']",2852,EventsAndTransport,3,0.21552692258519895,5,0.15049220296643787,3,0.21552692258519898,-1,
MeanOfTransportation,"['EventsAndTransport', 'Transport', 'MeanOfTransportation']",2853,EventsAndTransport,2,0.3378635343151474,0,0.23549858416846198,2,0.3378635343151473,-1,
MeanOfTransportation,"['EventsAndTransport', 'Transport', 'MeanOfTransportation']",2854,EventsAndTransport,1,0.21318966852628612,5,0.13949136315233404,1,0.21318966852628612,-1,
MeanOfTransportation,"['EventsAndTransport', 'Transport', 'MeanOfTransportation']",2855,EventsAndTransport,0,0.23366363288787176,0,0.13923190739325542,0,0.23366363288787176,-1,
MeanOfTransportation,"['EventsAndTransport', 'Transport', 'MeanOfTransportation']",2856,EventsAndTransport,0,0.22375664416686972,7,0.1462141697102425,0,0.22375664416686966,-1,
MeanOfTransportation,"['EventsAndTransport', 'Transport', 'MeanOfTransportation']",2857,EventsAndTransport,1,0.23238441822906983,1,0.1394363843858716,1,0.23238441822906983,-1,
MeanOfTransportation,"['EventsAndTransport', 'Transport', 'MeanOfTransportation']",2858,EventsAndTransport,0,0.23284123271554277,5,0.15182453176093516,0,0.23284123271554277,-1,
MeanOfTransportation,"['EventsAndTransport', 'Transport', 'MeanOfTransportation']",2859,EventsAndTransport,4,0.24630996637369246,7,0.1518013791252801,4,0.24630996637369246,-1,
MeanOfTransportation,"['EventsAndTransport', 'Transport', 'MeanOfTransportation']",2860,EventsAndTransport,1,0.2578987800485412,1,0.15668597647333252,1,0.2578987800485412,-1,
MeanOfTransportation,"['EventsAndTransport', 'Transport', 'MeanOfTransportation']",2861,EventsAndTransport,0,0.24838184896359022,4,0.1523621820210928,0,0.24838184896359022,-1,
MeanOfTransportation,"['EventsAndTransport', 'Transport', 'MeanOfTransportation']",2862,EventsAndTransport,0,0.22263917143337897,5,0.1378401763654723,0,0.22263917143337897,-1,
MeanOfTransportation,"['EventsAndTransport', 'Transport', 'MeanOfTransportation']",2863,EventsAndTransport,1,0.21554522985915017,5,0.14409505566250513,1,0.21554522985915017,-1,
MeanOfTransportation,"['EventsAndTransport', 'Transport', 'MeanOfTransportation']",2864,EventsAndTransport,3,0.20567220167212094,5,0.1411480691462473,3,0.20567220167212094,-1,
MeanOfTransportation,"['EventsAndTransport', 'Transport', 'MeanOfTransportation']",2865,EventsAndTransport,0,0.25524593071001317,4,0.15436924548868164,0,0.2552459307100131,-1,
MeanOfTransportation,"['EventsAndTransport', 'Transport', 'MeanOfTransportation']",2866,EventsAndTransport,3,0.21619028204090837,5,0.146579085886184,3,0.21619028204090837,-1,
MeanOfTransportation,"['EventsAndTransport', 'Transport', 'MeanOfTransportation']",2867,EventsAndTransport,0,0.22629195970093804,4,0.13488194008608148,0,0.22629195970093804,-1,
MeanOfTransportation,"['EventsAndTransport', 'Transport', 'MeanOfTransportation']",2868,EventsAndTransport,0,0.24795030456919329,4,0.14976139580590397,0,0.24795030456919329,-1,
MeanOfTransportation,"['EventsAndTransport', 'Transport', 'MeanOfTransportation']",2869,EventsAndTransport,2,0.21311320530535147,5,0.14075242980745667,2,0.21311320530535147,-1,
MeanOfTransportation,"['EventsAndTransport', 'Transport', 'MeanOfTransportation']",2870,EventsAndTransport,3,0.22478890165473014,6,0.14816782522755695,3,0.22478890165473014,-1,
MeanOfTransportation,"['EventsAndTransport', 'Transport', 'MeanOfTransportation']",2871,EventsAndTransport,3,0.2112743511287385,5,0.13816928865473818,3,0.2112743511287385,-1,
MeanOfTransportation,"['EventsAndTransport', 'Transport', 'MeanOfTransportation']",2872,EventsAndTransport,1,0.2601753016339334,1,0.15439939744714393,1,0.2601753016339334,-1,
MeanOfTransportation,"['EventsAndTransport', 'Transport', 'MeanOfTransportation']",2873,EventsAndTransport,0,0.24377367790970786,4,0.14722480603188284,0,0.2437736779097078,-1,
MeanOfTransportation,"['EventsAndTransport', 'Transport', 'MeanOfTransportation']",2874,EventsAndTransport,1,0.2166867717850178,5,0.13798656126732567,1,0.2166867717850178,-1,
MeanOfTransportation,"['EventsAndTransport', 'Transport', 'MeanOfTransportation']",2875,EventsAndTransport,2,0.20858381990330016,5,0.1342651106052777,2,0.20858381990330016,-1,
MeanOfTransportation,"['EventsAndTransport', 'Transport', 'MeanOfTransportation']",2876,EventsAndTransport,1,0.214693330462215,5,0.14095878262254535,1,0.214693330462215,-1,
MeanOfTransportation,"['EventsAndTransport', 'Transport', 'MeanOfTransportation']",2877,EventsAndTransport,1,0.25924756539343935,1,0.15454280550128044,1,0.2592475653934394,-1,
MeanOfTransportation,"['EventsAndTransport', 'Transport', 'MeanOfTransportation']",2878,EventsAndTransport,0,0.2158446078643207,5,0.14102253139031393,0,0.21584460786432064,-1,
MeanOfTransportation,"['EventsAndTransport', 'Transport', 'MeanOfTransportation']",2879,EventsAndTransport,0,0.23487418764143572,4,0.1406895301525203,0,0.23487418764143572,-1,
MeanOfTransportation,"['EventsAndTransport', 'Transport', 'MeanOfTransportation']",2880,EventsAndTransport,1,0.2320663068194252,1,0.14102687312996934,1,0.2320663068194252,-1,
MeanOfTransportation,"['EventsAndTransport', 'Transport', 'MeanOfTransportation']",2881,EventsAndTransport,1,0.23284664665165578,1,0.14339152740177613,1,0.23284664665165578,-1,
MeanOfTransportation,"['EventsAndTransport', 'Transport', 'MeanOfTransportation']",2882,EventsAndTransport,1,0.21840594775208427,5,0.13692438773524623,1,0.2184059477520843,-1,
MeanOfTransportation,"['EventsAndTransport', 'Transport', 'MeanOfTransportation']",2883,EventsAndTransport,0,0.23148330485776733,5,0.145025135799047,0,0.23148330485776727,-1,
MeanOfTransportation,"['EventsAndTransport', 'Transport', 'MeanOfTransportation']",2884,EventsAndTransport,1,0.24885798503595244,1,0.15032046462257212,1,0.24885798503595244,-1,
MeanOfTransportation,"['EventsAndTransport', 'Transport', 'MeanOfTransportation']",2885,EventsAndTransport,1,0.2214946884286379,5,0.14063231024285278,1,0.22149468842863784,-1,
MeanOfTransportation,"['EventsAndTransport', 'Transport', 'MeanOfTransportation']",2886,EventsAndTransport,0,0.2556088771082954,4,0.15456848023172967,0,0.25560887710829533,-1,
MeanOfTransportation,"['EventsAndTransport', 'Transport', 'MeanOfTransportation']",2887,EventsAndTransport,2,0.20861376962615935,5,0.1411165945774063,2,0.20861376962615935,-1,
MeanOfTransportation,"['EventsAndTransport', 'Transport', 'MeanOfTransportation']",2888,EventsAndTransport,0,0.25572327245215215,4,0.15182920218837703,0,0.25572327245215215,-1,
MeanOfTransportation,"['EventsAndTransport', 'Transport', 'MeanOfTransportation']",2889,EventsAndTransport,0,0.2290670962927818,7,0.15194898074150487,0,0.2290670962927818,-1,
MeanOfTransportation,"['EventsAndTransport', 'Transport', 'MeanOfTransportation']",2890,EventsAndTransport,1,0.23625932264776964,1,0.1429744189154353,1,0.23625932264776964,-1,
MeanOfTransportation,"['EventsAndTransport', 'Transport', 'MeanOfTransportation']",2891,EventsAndTransport,0,0.3065840690755223,4,0.18202513541395757,0,0.3065840690755223,-1,
MeanOfTransportation,"['EventsAndTransport', 'Transport', 'MeanOfTransportation']",2892,EventsAndTransport,1,0.24499897548592733,1,0.1492618837581921,1,0.24499897548592733,-1,
MeanOfTransportation,"['EventsAndTransport', 'Transport', 'MeanOfTransportation']",2893,EventsAndTransport,1,0.21107889109769934,5,0.1350449396314557,1,0.21107889109769934,-1,
MeanOfTransportation,"['EventsAndTransport', 'Transport', 'MeanOfTransportation']",2894,EventsAndTransport,0,0.2251861998487022,7,0.1385627655086644,0,0.2251861998487022,-1,
MeanOfTransportation,"['EventsAndTransport', 'Transport', 'MeanOfTransportation']",2895,EventsAndTransport,3,0.21695526788663594,7,0.13709159340872928,3,0.21695526788663594,-1,
MeanOfTransportation,"['EventsAndTransport', 'Transport', 'MeanOfTransportation']",2896,EventsAndTransport,0,0.22971323305650904,4,0.1410475877545923,0,0.22971323305650898,-1,
MeanOfTransportation,"['EventsAndTransport', 'Transport', 'MeanOfTransportation']",2897,EventsAndTransport,1,0.2632681835547437,1,0.15361559570657024,1,0.2632681835547437,-1,
MeanOfTransportation,"['EventsAndTransport', 'Transport', 'MeanOfTransportation']",2898,EventsAndTransport,1,0.2371304303307544,1,0.14476147660627328,1,0.2371304303307544,-1,
MeanOfTransportation,"['EventsAndTransport', 'Transport', 'MeanOfTransportation']",2899,EventsAndTransport,0,0.22318879902786237,5,0.14495950482974215,0,0.22318879902786237,-1,
MeanOfTransportation,"['EventsAndTransport', 'Transport', 'MeanOfTransportation']",2900,EventsAndTransport,0,0.22913526852469218,4,0.14046722901454184,0,0.22913526852469218,-1,
MeanOfTransportation,"['EventsAndTransport', 'Transport', 'MeanOfTransportation']",2901,EventsAndTransport,1,0.2126424880345464,5,0.14114761729226133,1,0.2126424880345464,-1,
MeanOfTransportation,"['EventsAndTransport', 'Transport', 'MeanOfTransportation']",2902,EventsAndTransport,1,0.20382248392813848,5,0.14745176415595074,1,0.20382248392813848,-1,
MeanOfTransportation,"['EventsAndTransport', 'Transport', 'MeanOfTransportation']",2903,EventsAndTransport,4,0.24556549579697548,7,0.15368752112551531,4,0.24556549579697548,-1,
MeanOfTransportation,"['EventsAndTransport', 'Transport', 'MeanOfTransportation']",2904,EventsAndTransport,4,0.2328547067462964,7,0.14461224976513307,4,0.2328547067462964,-1,
MeanOfTransportation,"['EventsAndTransport', 'Transport', 'MeanOfTransportation']",2905,EventsAndTransport,3,0.21577593200072526,6,0.14805667199020583,3,0.21577593200072526,-1,
MeanOfTransportation,"['EventsAndTransport', 'Transport', 'MeanOfTransportation']",2906,EventsAndTransport,3,0.25017864475744606,3,0.1543856122374431,3,0.25017864475744606,-1,
MeanOfTransportation,"['EventsAndTransport', 'Transport', 'MeanOfTransportation']",2907,EventsAndTransport,1,0.22174672769297724,5,0.13598664423821288,1,0.22174672769297724,-1,
MeanOfTransportation,"['EventsAndTransport', 'Transport', 'MeanOfTransportation']",2908,EventsAndTransport,1,0.21340047819881844,5,0.1430074813111293,1,0.21340047819881844,-1,
MeanOfTransportation,"['EventsAndTransport', 'Transport', 'MeanOfTransportation']",2909,EventsAndTransport,3,0.21083529675335724,5,0.14058423635894504,3,0.21083529675335724,-1,
MeanOfTransportation,"['EventsAndTransport', 'Transport', 'MeanOfTransportation']",2910,EventsAndTransport,0,0.22591667181778546,5,0.14463218868637354,0,0.22591667181778546,-1,
MeanOfTransportation,"['EventsAndTransport', 'Transport', 'MeanOfTransportation']",2911,EventsAndTransport,0,0.22314551209263064,7,0.1401070051253244,0,0.22314551209263064,-1,
MeanOfTransportation,"['EventsAndTransport', 'Transport', 'MeanOfTransportation']",2912,EventsAndTransport,0,0.23853421373599065,4,0.1433363201063519,0,0.23853421373599065,-1,
MeanOfTransportation,"['EventsAndTransport', 'Transport', 'MeanOfTransportation']",2913,EventsAndTransport,1,0.21080902356228629,5,0.16059774360440887,1,0.21080902356228629,-1,
MeanOfTransportation,"['EventsAndTransport', 'Transport', 'MeanOfTransportation']",2914,EventsAndTransport,1,0.22817369838511656,1,0.13626564496410304,1,0.22817369838511656,-1,
MeanOfTransportation,"['EventsAndTransport', 'Transport', 'MeanOfTransportation']",2915,EventsAndTransport,4,0.2277913540893575,7,0.15080356395890931,4,0.2277913540893575,-1,
MeanOfTransportation,"['EventsAndTransport', 'Transport', 'MeanOfTransportation']",2916,EventsAndTransport,4,0.2524175260450543,2,0.16421915435304427,4,0.2524175260450543,-1,
MeanOfTransportation,"['EventsAndTransport', 'Transport', 'MeanOfTransportation']",2917,EventsAndTransport,3,0.21418278305854932,5,0.13991907580633925,3,0.21418278305854932,-1,
MeanOfTransportation,"['EventsAndTransport', 'Transport', 'MeanOfTransportation']",2918,EventsAndTransport,3,0.2291788816346709,3,0.1405555627727583,3,0.2291788816346709,-1,
MeanOfTransportation,"['EventsAndTransport', 'Transport', 'MeanOfTransportation']",2919,EventsAndTransport,1,0.21790774872742216,5,0.14871264283461127,1,0.21790774872742216,-1,
MeanOfTransportation,"['EventsAndTransport', 'Transport', 'MeanOfTransportation']",2920,EventsAndTransport,1,0.22299217373496125,5,0.13419885901858117,1,0.22299217373496125,-1,
MeanOfTransportation,"['EventsAndTransport', 'Transport', 'MeanOfTransportation']",2921,EventsAndTransport,1,0.2465725366014772,1,0.14817216171897557,1,0.2465725366014772,-1,
MeanOfTransportation,"['EventsAndTransport', 'Transport', 'MeanOfTransportation']",2922,EventsAndTransport,1,0.21766986095196542,5,0.1450694005115359,1,0.21766986095196542,-1,
MeanOfTransportation,"['EventsAndTransport', 'Transport', 'MeanOfTransportation']",2923,EventsAndTransport,1,0.21538488823289365,5,0.14143422389787222,1,0.21538488823289365,-1,
MeanOfTransportation,"['EventsAndTransport', 'Transport', 'MeanOfTransportation']",2924,EventsAndTransport,0,0.23517806749700393,4,0.14196229508603306,0,0.2351780674970039,-1,
MeanOfTransportation,"['EventsAndTransport', 'Transport', 'MeanOfTransportation']",2925,EventsAndTransport,0,0.22642514074178988,5,0.143301203494627,0,0.22642514074178988,-1,
MeanOfTransportation,"['EventsAndTransport', 'Transport', 'MeanOfTransportation']",2926,EventsAndTransport,4,0.22619528551163323,7,0.14988904906875508,4,0.2261952855116333,-1,
MeanOfTransportation,"['EventsAndTransport', 'Transport', 'MeanOfTransportation']",2927,EventsAndTransport,3,0.21961781488204715,5,0.1459547784186317,3,0.21961781488204715,-1,
MeanOfTransportation,"['EventsAndTransport', 'Transport', 'MeanOfTransportation']",2928,EventsAndTransport,3,0.21602848304769,5,0.13380277514796607,3,0.21602848304769,-1,
MeanOfTransportation,"['EventsAndTransport', 'Transport', 'MeanOfTransportation']",2929,EventsAndTransport,1,0.22617099555358156,1,0.13807666319073358,1,0.22617099555358156,-1,
MeanOfTransportation,"['EventsAndTransport', 'Transport', 'MeanOfTransportation']",2930,EventsAndTransport,0,0.21401462785776043,5,0.1397617952586166,0,0.21401462785776043,-1,
MeanOfTransportation,"['EventsAndTransport', 'Transport', 'MeanOfTransportation']",2931,EventsAndTransport,1,0.2158441233012564,5,0.14500066428388467,1,0.2158441233012564,-1,
MeanOfTransportation,"['EventsAndTransport', 'Transport', 'MeanOfTransportation']",2932,EventsAndTransport,0,0.24954633895923542,4,0.14955441444508497,0,0.24954633895923536,-1,
MeanOfTransportation,"['EventsAndTransport', 'Transport', 'MeanOfTransportation']",2933,EventsAndTransport,3,0.22962789676141673,5,0.14158789360067098,3,0.22962789676141673,-1,
MeanOfTransportation,"['EventsAndTransport', 'Transport', 'MeanOfTransportation']",2934,EventsAndTransport,0,0.21951647306380256,4,0.13587244102417004,0,0.21951647306380248,-1,
MeanOfTransportation,"['EventsAndTransport', 'Transport', 'MeanOfTransportation']",2935,EventsAndTransport,1,0.26276240997208583,1,0.1579207304256658,1,0.26276240997208583,-1,
MeanOfTransportation,"['EventsAndTransport', 'Transport', 'MeanOfTransportation']",2936,EventsAndTransport,1,0.21844954414811696,5,0.1483282085553794,1,0.21844954414811696,-1,
MeanOfTransportation,"['EventsAndTransport', 'Transport', 'MeanOfTransportation']",2937,EventsAndTransport,0,0.24995513747483328,4,0.15175334950418568,0,0.24995513747483328,-1,
MeanOfTransportation,"['EventsAndTransport', 'Transport', 'MeanOfTransportation']",2938,EventsAndTransport,1,0.23855979181572728,1,0.1466974527430914,1,0.23855979181572728,-1,
MeanOfTransportation,"['EventsAndTransport', 'Transport', 'MeanOfTransportation']",2939,EventsAndTransport,1,0.21052855387558872,5,0.1438693316507414,1,0.21052855387558872,-1,
MeanOfTransportation,"['EventsAndTransport', 'Transport', 'MeanOfTransportation']",2940,EventsAndTransport,1,0.24723823480361587,1,0.15169836450113802,1,0.24723823480361592,-1,
MeanOfTransportation,"['EventsAndTransport', 'Transport', 'MeanOfTransportation']",2941,EventsAndTransport,0,0.2306977483356571,4,0.14129620533679804,0,0.23069774833565704,-1,
MeanOfTransportation,"['EventsAndTransport', 'Transport', 'MeanOfTransportation']",2942,EventsAndTransport,1,0.23242515931460025,5,0.13953772649606425,1,0.23242515931460025,-1,
MeanOfTransportation,"['EventsAndTransport', 'Transport', 'MeanOfTransportation']",2943,EventsAndTransport,0,0.206104572517217,5,0.1466609596487553,0,0.206104572517217,-1,
MeanOfTransportation,"['EventsAndTransport', 'Transport', 'MeanOfTransportation']",2944,EventsAndTransport,0,0.22482283208266596,7,0.14647457815472464,0,0.224822832082666,-1,
MeanOfTransportation,"['EventsAndTransport', 'Transport', 'MeanOfTransportation']",2945,EventsAndTransport,1,0.21976835554700674,1,0.13635501320341847,1,0.21976835554700674,-1,
MeanOfTransportation,"['EventsAndTransport', 'Transport', 'MeanOfTransportation']",2946,EventsAndTransport,1,0.263128223030103,1,0.16236434359141305,1,0.263128223030103,-1,
MeanOfTransportation,"['EventsAndTransport', 'Transport', 'MeanOfTransportation']",2947,EventsAndTransport,1,0.2468268847097806,1,0.15158386805347582,1,0.2468268847097806,-1,
MeanOfTransportation,"['EventsAndTransport', 'Transport', 'MeanOfTransportation']",2948,EventsAndTransport,1,0.21062967225959575,5,0.1404047433731146,1,0.21062967225959575,-1,
MeanOfTransportation,"['EventsAndTransport', 'Transport', 'MeanOfTransportation']",2949,EventsAndTransport,1,0.22393674571255728,5,0.13810755294263183,1,0.22393674571255728,-1,
MeanOfTransportation,"['EventsAndTransport', 'Transport', 'MeanOfTransportation']",2950,EventsAndTransport,0,0.22283314435883944,5,0.1544580582778594,0,0.22283314435883944,-1,
MeanOfTransportation,"['EventsAndTransport', 'Transport', 'MeanOfTransportation']",2951,EventsAndTransport,3,0.21531277556719755,5,0.13793424951270192,3,0.21531277556719755,-1,
MeanOfTransportation,"['EventsAndTransport', 'Transport', 'MeanOfTransportation']",2952,EventsAndTransport,1,0.21349481629911155,7,0.13462373483070045,1,0.21349481629911155,-1,
MeanOfTransportation,"['EventsAndTransport', 'Transport', 'MeanOfTransportation']",2953,EventsAndTransport,3,0.21171208577722664,5,0.15672583720409597,3,0.21171208577722664,-1,
MeanOfTransportation,"['EventsAndTransport', 'Transport', 'MeanOfTransportation']",2954,EventsAndTransport,1,0.2214857342301888,1,0.1329542407609301,1,0.2214857342301888,-1,
MeanOfTransportation,"['EventsAndTransport', 'Transport', 'MeanOfTransportation']",2955,EventsAndTransport,4,0.23754735239849922,2,0.1460834050453615,4,0.23754735239849922,-1,
MeanOfTransportation,"['EventsAndTransport', 'Transport', 'MeanOfTransportation']",2956,EventsAndTransport,1,0.258528171464335,1,0.1521314868203633,1,0.25852817146433493,-1,
MeanOfTransportation,"['EventsAndTransport', 'Transport', 'MeanOfTransportation']",2957,EventsAndTransport,0,0.2262723077047831,5,0.13670023332092437,0,0.2262723077047831,-1,
MeanOfTransportation,"['EventsAndTransport', 'Transport', 'MeanOfTransportation']",2958,EventsAndTransport,4,0.21588700342192568,5,0.14037382223645056,4,0.21588700342192568,-1,
MeanOfTransportation,"['EventsAndTransport', 'Transport', 'MeanOfTransportation']",2959,EventsAndTransport,1,0.24380129181969948,1,0.14364198078533083,1,0.24380129181969953,-1,
MeanOfTransportation,"['EventsAndTransport', 'Transport', 'MeanOfTransportation']",2960,EventsAndTransport,0,0.2416003077206364,4,0.14740676173859024,0,0.2416003077206364,-1,
MeanOfTransportation,"['EventsAndTransport', 'Transport', 'MeanOfTransportation']",2961,EventsAndTransport,0,0.22740746108368198,4,0.13735954182588056,0,0.22740746108368198,-1,
MeanOfTransportation,"['EventsAndTransport', 'Transport', 'MeanOfTransportation']",2962,EventsAndTransport,3,0.2333086191772684,3,0.1423596901286212,3,0.2333086191772684,-1,
MeanOfTransportation,"['EventsAndTransport', 'Transport', 'MeanOfTransportation']",2963,EventsAndTransport,0,0.21993263628684842,5,0.1631440411582954,0,0.21993263628684842,-1,
MeanOfTransportation,"['EventsAndTransport', 'Transport', 'MeanOfTransportation']",2964,EventsAndTransport,2,0.20403773143395612,5,0.14022478034823652,2,0.20403773143395612,-1,
MeanOfTransportation,"['EventsAndTransport', 'Transport', 'MeanOfTransportation']",2965,EventsAndTransport,3,0.22224061328410086,3,0.1368939217524398,3,0.22224061328410086,-1,
MeanOfTransportation,"['EventsAndTransport', 'Transport', 'MeanOfTransportation']",2966,EventsAndTransport,0,0.23459648708031614,5,0.15268881135143905,0,0.23459648708031614,-1,
MeanOfTransportation,"['EventsAndTransport', 'Transport', 'MeanOfTransportation']",2967,EventsAndTransport,4,0.20774379668452514,5,0.1452552882560399,4,0.20774379668452514,-1,
MeanOfTransportation,"['EventsAndTransport', 'Transport', 'MeanOfTransportation']",2968,EventsAndTransport,0,0.23181239813781182,4,0.14544346701474486,0,0.23181239813781182,-1,
MeanOfTransportation,"['EventsAndTransport', 'Transport', 'MeanOfTransportation']",2969,EventsAndTransport,0,0.23975988892664482,4,0.1416981663095154,0,0.23975988892664482,-1,
MeanOfTransportation,"['EventsAndTransport', 'Transport', 'MeanOfTransportation']",2970,EventsAndTransport,0,0.21230672389455676,7,0.1418408113303274,0,0.21230672389455676,-1,
MeanOfTransportation,"['EventsAndTransport', 'Transport', 'MeanOfTransportation']",2971,EventsAndTransport,1,0.24110993422115193,1,0.14483913572113846,1,0.24110993422115193,-1,
MeanOfTransportation,"['EventsAndTransport', 'Transport', 'MeanOfTransportation']",2972,EventsAndTransport,1,0.2242765395972296,7,0.1412704215343515,1,0.2242765395972296,-1,
MeanOfTransportation,"['EventsAndTransport', 'Transport', 'MeanOfTransportation']",2973,EventsAndTransport,0,0.22780496480667362,7,0.14162378434097755,0,0.22780496480667356,-1,
MeanOfTransportation,"['EventsAndTransport', 'Transport', 'MeanOfTransportation']",2974,EventsAndTransport,0,0.22016230072540022,7,0.14566596893130274,0,0.22016230072540016,-1,
MeanOfTransportation,"['EventsAndTransport', 'Transport', 'MeanOfTransportation']",2975,EventsAndTransport,0,0.24318096811755796,4,0.1464077025067846,0,0.24318096811755796,-1,
MeanOfTransportation,"['EventsAndTransport', 'Transport', 'MeanOfTransportation']",2976,EventsAndTransport,2,0.21910651179128568,0,0.13598046109142564,2,0.21910651179128562,-1,
MeanOfTransportation,"['EventsAndTransport', 'Transport', 'MeanOfTransportation']",2977,EventsAndTransport,0,0.2508895268527957,4,0.1467632660101931,0,0.2508895268527957,-1,
MeanOfTransportation,"['EventsAndTransport', 'Transport', 'MeanOfTransportation']",2978,EventsAndTransport,0,0.21475137358017843,7,0.14003928364392815,0,0.21475137358017843,-1,
MeanOfTransportation,"['EventsAndTransport', 'Transport', 'MeanOfTransportation']",2979,EventsAndTransport,0,0.22078217661174065,5,0.14388756379427442,0,0.22078217661174065,-1,
MeanOfTransportation,"['EventsAndTransport', 'Transport', 'MeanOfTransportation']",2980,EventsAndTransport,1,0.21585075677353058,7,0.1359283649989816,1,0.21585075677353055,-1,
MeanOfTransportation,"['EventsAndTransport', 'Transport', 'MeanOfTransportation']",2981,EventsAndTransport,0,0.24665734182890323,4,0.14759598564449278,0,0.24665734182890323,-1,
MeanOfTransportation,"['EventsAndTransport', 'Transport', 'MeanOfTransportation']",2982,EventsAndTransport,0,0.21453759058499117,5,0.13950801218202513,0,0.21453759058499117,-1,
MeanOfTransportation,"['EventsAndTransport', 'Transport', 'MeanOfTransportation']",2983,EventsAndTransport,0,0.2510808365060488,4,0.15122587491160175,0,0.2510808365060488,-1,
MeanOfTransportation,"['EventsAndTransport', 'Transport', 'MeanOfTransportation']",2984,EventsAndTransport,3,0.23052727602038228,5,0.14045314878770193,3,0.23052727602038228,-1,
MeanOfTransportation,"['EventsAndTransport', 'Transport', 'MeanOfTransportation']",2985,EventsAndTransport,1,0.2313692040759294,1,0.13806595722036086,1,0.2313692040759294,-1,
MeanOfTransportation,"['EventsAndTransport', 'Transport', 'MeanOfTransportation']",2986,EventsAndTransport,1,0.2379164570472284,1,0.1447597945613092,1,0.23791645704722836,-1,
MeanOfTransportation,"['EventsAndTransport', 'Transport', 'MeanOfTransportation']",2987,EventsAndTransport,0,0.22916157992249625,7,0.14137835304706162,0,0.22916157992249625,-1,
MeanOfTransportation,"['EventsAndTransport', 'Transport', 'MeanOfTransportation']",2988,EventsAndTransport,1,0.23869179604192337,1,0.14069525914396758,1,0.23869179604192337,-1,
MeanOfTransportation,"['EventsAndTransport', 'Transport', 'MeanOfTransportation']",2989,EventsAndTransport,0,0.21730949210160908,5,0.15073017951497666,0,0.21730949210160908,-1,
MeanOfTransportation,"['EventsAndTransport', 'Transport', 'MeanOfTransportation']",2990,EventsAndTransport,0,0.21712602108659548,7,0.14324744578738843,0,0.21712602108659548,-1,
MeanOfTransportation,"['EventsAndTransport', 'Transport', 'MeanOfTransportation']",2991,EventsAndTransport,3,0.21947130133053866,3,0.13472905356352344,3,0.21947130133053866,-1,
MeanOfTransportation,"['EventsAndTransport', 'Transport', 'MeanOfTransportation']",2992,EventsAndTransport,1,0.21338450589043123,5,0.14086597150205465,1,0.21338450589043123,-1,
MeanOfTransportation,"['EventsAndTransport', 'Transport', 'MeanOfTransportation']",2993,EventsAndTransport,0,0.22719052271104362,5,0.15233599361328665,0,0.22719052271104362,-1,
MeanOfTransportation,"['EventsAndTransport', 'Transport', 'MeanOfTransportation']",2994,EventsAndTransport,1,0.28136613284643525,1,0.17164986053646275,1,0.2813661328464353,-1,
MeanOfTransportation,"['EventsAndTransport', 'Transport', 'MeanOfTransportation']",2995,EventsAndTransport,4,0.2542832619250175,7,0.1570612770465011,4,0.2542832619250175,-1,
MeanOfTransportation,"['EventsAndTransport', 'Transport', 'MeanOfTransportation']",2996,EventsAndTransport,3,0.2153821791199068,5,0.1544360420858247,3,0.2153821791199068,-1,
MeanOfTransportation,"['EventsAndTransport', 'Transport', 'MeanOfTransportation']",2997,EventsAndTransport,0,0.22316222378045164,4,0.13659165702834483,0,0.22316222378045164,-1,
MeanOfTransportation,"['EventsAndTransport', 'Transport', 'MeanOfTransportation']",2998,EventsAndTransport,3,0.22025545682239803,5,0.1549552687126862,3,0.22025545682239797,-1,
MeanOfTransportation,"['EventsAndTransport', 'Transport', 'MeanOfTransportation']",2999,EventsAndTransport,0,0.2275147741945638,4,0.13834055378268345,0,0.22751477419456387,-1,
