dataset_size,sample_ratio,sample_size,sample_seed,selection_seed,sample_min_child_size,full_k,selected_k,k_match,status,selection_reason,strategy,selection_sec,full_fit_sec,assignment_sec,quality_sec,algorithm_sec,end_to_end_sec,clusters,silhouette,xie_beni,agreement_ari_vs_full_selection,tag_nmi,tag_ari,class_nmi,class_ari
300,1.0,300,-1,52,20,4,4,True,ok,selected_multi_metric_xb_worsening_patience,full_selection,2.5852590190002047,0.0,0.0,0.05428712799994173,2.5852590190002047,2.6395461470001464,4,0.05264709102478441,0.19826627199703276,,0.37561186527719603,0.27513754634293175,0.4360650395393033,0.1755484322242213
300,1.0,300,-1,53,20,5,5,True,ok,selected_multi_metric_xb_worsening_patience,full_selection,1.973077726000156,0.0,0.0,0.05714002300010179,1.973077726000156,2.0302177490002578,5,0.052722513342384994,0.22761282019068615,,0.41736083845379773,0.35431141027117646,0.47478239853169124,0.2331926756745336
300,1.0,300,-1,54,20,4,4,True,ok,selected_multi_metric_xb_worsening_patience,full_selection,2.066765832999863,0.0,0.0,0.02941944499980309,2.066765832999863,2.096185277999666,4,0.05264709102478441,0.19826581645106717,,0.3756118652771959,0.27513754634293175,0.43606503953930337,0.1755484322242213
300,0.05,15,52,52,2,4,7,False,ok,selected_multi_metric_max_k,sample_select_full_fit,1.6077172999998766,0.42949694999970234,0.0,0.03035504800027411,2.037214249999579,2.067569297999853,7,0.0710928183519717,0.16279000423672318,0.4140719177396751,0.48442497171794086,0.39071971339584194,0.5624700062878575,0.33743974815186834
300,0.05,15,52,52,2,4,7,False,ok,selected_multi_metric_max_k,sample_select_project,1.6077172999998766,0.0,0.003688521999720251,0.04862804399999732,1.6114058219995968,1.6600338659995941,7,0.031255042998625845,0.17193386783427905,0.20610011045198437,0.2687810740000071,0.1850665551863453,0.4151952839066843,0.21825518018127202
300,0.05,15,52,53,2,5,7,False,ok,selected_multi_metric_max_k,sample_select_full_fit,1.342941842000073,0.428679927000303,0.0,0.06241908099991633,1.771621769000376,1.8340408500002923,7,0.07053618713964227,0.16777461719858752,0.5709304599341962,0.46913443016085826,0.37942997315003496,0.5701733561581362,0.33828023078014835
300,0.05,15,52,53,2,5,7,False,ok,selected_multi_metric_max_k,sample_select_project,1.342941842000073,0.0,0.0033857090002129553,0.032094007000068814,1.346327551000286,1.3784215580003547,7,0.031457258212357155,0.17192126031940858,0.178729640243056,0.28224954510250405,0.19924188201678303,0.3898370092854151,0.19864494668694418
300,0.05,15,52,54,2,4,7,False,ok,selected_multi_metric_max_k,sample_select_full_fit,1.4783968920000916,0.4792722510001113,0.0,0.02342551599986109,1.957669143000203,1.981094659000064,7,0.0710928183519717,0.16279005759283818,0.4140719177396751,0.4844249717179408,0.39071971339584194,0.5624700062878575,0.33743974815186834
300,0.05,15,52,54,2,4,7,False,ok,selected_multi_metric_max_k,sample_select_project,1.4783968920000916,0.0,0.0014064010001675342,0.01975635099961437,1.4798032930002591,1.4995596439998735,7,0.027690323147265817,0.1752625306173196,0.15875112531874158,0.2622072154843239,0.17935210369524324,0.356223341504051,0.16392440721029064
300,0.05,15,53,52,2,4,2,False,ok,selected_multi_metric_max_k,sample_select_full_fit,1.3756058219996703,0.30699446300013733,0.0,0.016270104999875912,1.6826002849998076,1.6988703899996835,2,0.04654678702383393,0.2358589524659098,0.4106427501091022,0.2199180925272739,0.1310269169596462,0.260385179528236,0.07541911557553566
300,0.05,15,53,52,2,4,2,False,ok,selected_multi_metric_max_k,sample_select_project,1.3756058219996703,0.0,0.0016596420000496437,0.015429247999691142,1.37726546399972,1.392694711999411,2,0.030582571466819176,0.6730063576814215,0.1432095165733729,0.1490987679574175,0.10051623774357608,0.16053384034902826,0.0495033809035443
300,0.05,15,53,53,2,5,2,False,ok,selected_multi_metric_max_k,sample_select_full_fit,1.1408234430000448,0.28413933899992116,0.0,0.026292407999790157,1.424962781999966,1.4512551899997561,2,0.04654678702383393,0.23585900580051988,0.2703115138879887,0.2199180925272739,0.1310269169596462,0.2603851795282359,0.07541911557553566
300,0.05,15,53,53,2,5,2,False,ok,selected_multi_metric_max_k,sample_select_project,1.1408234430000448,0.0,0.003648337999948126,0.03013948599982541,1.144471780999993,1.1746112669998183,2,0.030582571466819176,0.673005981462861,0.1431841593622252,0.1490987679574175,0.10051623774357608,0.16053384034902826,0.0495033809035443
300,0.05,15,53,54,2,4,5,False,ok,selected_multi_metric_max_k,sample_select_full_fit,1.1751930650002578,0.3353192979998312,0.0,0.01962855200008562,1.510512363000089,1.5301409150001746,5,0.052722513342384994,0.22761306488777777,0.6651646272086402,0.41736083845379773,0.35431141027117646,0.47478239853169124,0.2331926756745336
300,0.05,15,53,54,2,4,5,False,ok,selected_multi_metric_max_k,sample_select_project,1.1751930650002578,0.0,0.0013393949998317112,0.03272598500007007,1.1765324600000895,1.2092584450001596,5,0.023985118385862873,0.22844120124778997,0.19922641323344878,0.19799017110254188,0.15392717179115678,0.2879357861664027,0.12431315108564493
300,0.05,15,54,52,2,4,6,False,ok,selected_multi_metric_max_k,sample_select_full_fit,1.5093760129998373,0.3488010780001787,0.0,0.017550269999901502,1.858177091000016,1.8757273609999174,6,0.054057845425899045,0.20506492259976972,0.5566887969207028,0.37778063293721015,0.2874573020387874,0.4780218428852275,0.2509242454390936
300,0.05,15,54,52,2,4,6,False,ok,selected_multi_metric_max_k,sample_select_project,1.5093760129998373,0.0,0.001256631999694946,0.014830222000000504,1.5106326449995322,1.5254628669995327,6,0.026686253511852484,0.18472429611211755,0.22778966539465703,0.2675901472470534,0.1977591630732706,0.37157076037650694,0.16592310812133756
300,0.05,15,54,53,2,5,7,False,ok,selected_multi_metric_max_k,sample_select_full_fit,1.5049151309999615,0.3964544250002291,0.0,0.023258875999999873,1.9013695560001906,1.9246284320001905,7,0.07053618713964227,0.16777461719858752,0.5709304599341962,0.46913443016085826,0.37942997315003496,0.5701733561581362,0.33828023078014835
300,0.05,15,54,53,2,5,7,False,ok,selected_multi_metric_max_k,sample_select_project,1.5049151309999615,0.0,0.0018901909998021438,0.015127886999835027,1.5068053219997637,1.5219332089995987,7,0.0259830550928456,0.16160273037288297,0.18665208140946324,0.22038560503322677,0.15109922516585045,0.34953821647597527,0.17072798862806504
300,0.05,15,54,54,2,4,7,False,ok,selected_multi_metric_max_k,sample_select_full_fit,1.6413220750000619,0.4415720480001255,0.0,0.03894723699977476,2.0828941230001874,2.121841359999962,7,0.0710928183519717,0.16279005759283818,0.4140719177396751,0.4844249717179408,0.39071971339584194,0.5624700062878575,0.33743974815186834
300,0.05,15,54,54,2,4,7,False,ok,selected_multi_metric_max_k,sample_select_project,1.6413220750000619,0.0,0.0015709270001025288,0.015156989999923098,1.6428930020001644,1.6580499920000875,7,0.024861500173508543,0.16098801274819227,0.2164915579148681,0.26606514924755614,0.19009561375467446,0.37453341707269333,0.15996208767648973
300,0.05,15,55,52,2,4,6,False,ok,selected_multi_metric_max_k,sample_select_full_fit,1.6999641570000676,0.38711330099977204,0.0,0.015387870000267867,2.0870774579998397,2.1024653280001075,6,0.054057845425899045,0.20506492259976972,0.5566887969207028,0.37778063293721015,0.2874573020387874,0.4780218428852275,0.2509242454390936
300,0.05,15,55,52,2,4,6,False,ok,selected_multi_metric_max_k,sample_select_project,1.6999641570000676,0.0,0.0012938599998051359,0.017054856999948242,1.7012580169998728,1.718312873999821,6,0.020385081312615166,0.20485626816517613,0.14784635462680945,0.2089504707920185,0.1404969314330098,0.2943598074455743,0.12174666661271497
300,0.05,15,55,53,2,5,6,False,ok,selected_multi_metric_max_k,sample_select_full_fit,1.7029555509998318,0.3207745579998118,0.0,0.015196404000107577,2.0237301089996436,2.038926512999751,6,0.06268494465680813,0.18373730295630242,0.40364843162477515,0.3934912784498073,0.2984944934196491,0.4906280568757003,0.26293798504089255
300,0.05,15,55,53,2,5,6,False,ok,selected_multi_metric_max_k,sample_select_project,1.7029555509998318,0.0,0.0016426809997938108,0.014803261999986717,1.7045982319996256,1.7194014939996123,6,0.019685449431521337,0.21071187870335886,0.13023772740760006,0.20949026483509303,0.13969369583539865,0.30642551880206265,0.12475224002792383
300,0.05,15,55,54,2,4,5,False,ok,selected_multi_metric_max_k,sample_select_full_fit,1.3895222810001542,0.3119615679997878,0.0,0.015420661000007385,1.701483848999942,1.7169045099999494,5,0.052722513342384994,0.22761306488777777,0.6651646272086402,0.41736083845379773,0.35431141027117646,0.47478239853169124,0.2331926756745336
300,0.05,15,55,54,2,4,5,False,ok,selected_multi_metric_max_k,sample_select_project,1.3895222810001542,0.0,0.0012429660000634613,0.019475786999919364,1.3907652470002176,1.410241034000137,5,0.022017615796610355,0.25477870778819794,0.20579239324209364,0.18282684380454617,0.12054815993307201,0.305756730922627,0.12209981300136431
300,0.05,15,56,52,2,4,7,False,ok,selected_multi_metric_max_k,sample_select_full_fit,1.6721265400001357,0.3585912080002345,0.0,0.04231746599998587,2.03071774800037,2.073035214000356,7,0.0710928183519717,0.16279000423672318,0.4140719177396751,0.48442497171794086,0.39071971339584194,0.5624700062878575,0.33743974815186834
300,0.05,15,56,52,2,4,7,False,ok,selected_multi_metric_max_k,sample_select_project,1.6721265400001357,0.0,0.004912742999749753,0.07028753999975379,1.6770392829998855,1.7473268229996393,7,0.02178270517738384,0.18957247842361125,0.14244924528203898,0.27898106367611053,0.1830675517871836,0.39603538080685435,0.17381439073603508
300,0.05,15,56,53,2,5,7,False,ok,selected_multi_metric_max_k,sample_select_full_fit,1.469220712999686,0.3980328159996134,0.0,0.015313782999783143,1.8672535289992993,1.8825673119990824,7,0.07053618713964227,0.16777461719858752,0.5709304599341962,0.46913443016085826,0.37942997315003496,0.5701733561581362,0.33828023078014835
300,0.05,15,56,53,2,5,7,False,ok,selected_multi_metric_max_k,sample_select_project,1.469220712999686,0.0,0.001625337999939802,0.014795878000313678,1.4708460509996257,1.4856419289999394,7,0.021054665702247795,0.18894218490688672,0.14985768506258387,0.2681865369040329,0.17356346941489523,0.386964474339557,0.15974474873703803
300,0.05,15,56,54,2,4,7,False,ok,selected_multi_metric_xb_worsening_patience,sample_select_full_fit,1.555848130999948,0.5558062330001121,0.0,0.03962226499970711,2.11165436400006,2.151276628999767,7,0.0710928183519717,0.16279005759283818,0.4140719177396751,0.4844249717179408,0.39071971339584194,0.5624700062878575,0.33743974815186834
300,0.05,15,56,54,2,4,7,False,ok,selected_multi_metric_xb_worsening_patience,sample_select_project,1.555848130999948,0.0,0.003693973000281403,0.03473293499973806,1.5595421040002293,1.5942750389999674,7,0.03146893661734917,0.16035887561363799,0.17642617735769128,0.268823422091755,0.1762513002323783,0.4214802088777656,0.1973494291020732
300,0.1,30,52,52,2,4,8,False,ok,selected_multi_metric_max_k,sample_select_full_fit,1.3330269389998648,0.46700117599993973,0.0,0.015409240000280988,1.8000281149998045,1.8154373550000855,8,0.0751001502284028,0.14144254282756055,0.41007040783427473,0.46897627311045426,0.35629484849457954,0.5741292929304576,0.3551994582194894
300,0.1,30,52,52,2,4,8,False,ok,selected_multi_metric_max_k,sample_select_project,1.3330269389998648,0.0,0.0016642909999973199,0.014683648999834986,1.3346912299998621,1.349374878999697,8,0.044101649027979944,0.1347370317072065,0.22956118250637506,0.3138371561345868,0.22524876233631558,0.4539174778320674,0.2566709610144677
300,0.1,30,52,53,2,5,8,False,ok,selected_multi_metric_max_k,sample_select_full_fit,1.3608914159999586,0.40426742199997534,0.0,0.061187407000034,1.765158837999934,1.826346244999968,8,0.0751001502284028,0.14144253916266766,0.5583341333731527,0.46897627311045426,0.35629484849457954,0.5741292929304574,0.3551994582194894
300,0.1,30,52,53,2,5,8,False,ok,selected_multi_metric_max_k,sample_select_project,1.3608914159999586,0.0,0.003556495999873732,0.029462495000188937,1.3644479119998323,1.3939104070000212,8,0.0465340456852603,0.13401646507262982,0.20039801295636103,0.3461853088365208,0.23789340394471947,0.49796277581275533,0.2888837228585982
300,0.1,30,52,54,2,4,8,False,ok,selected_multi_metric_max_k,sample_select_full_fit,1.446655660000033,0.4778764200000296,0.0,0.0417091019999134,1.9245320800000627,1.966241181999976,8,0.07535424766307643,0.14325240787399762,0.35685435437385526,0.459026067386859,0.3427757480561979,0.5812309086398255,0.3577274750762655
300,0.1,30,52,54,2,4,8,False,ok,selected_multi_metric_max_k,sample_select_project,1.446655660000033,0.0,0.004608687000200007,0.04143198700012363,1.451264347000233,1.4926963340003567,8,0.042365022138328795,0.14756354609535363,0.1981514575910102,0.329904996240341,0.23904294333995882,0.45910905424159304,0.2573738995325377
300,0.1,30,53,52,2,4,8,False,ok,selected_multi_metric_max_k,sample_select_full_fit,1.5657735260001573,0.43120009400035997,0.0,0.015529134000189515,1.9969736200005173,2.0125027540007068,8,0.0751001502284028,0.14144254282756055,0.41007040783427473,0.46897627311045426,0.35629484849457954,0.5741292929304576,0.3551994582194894
300,0.1,30,53,52,2,4,8,False,ok,selected_multi_metric_max_k,sample_select_project,1.5657735260001573,0.0,0.00137528300001577,0.015485031000025629,1.567148809000173,1.5826338400001987,8,0.05152629631805393,0.1346206191502811,0.2063505748148122,0.35006988556295576,0.28571491200835875,0.45063432633529593,0.25063100169243696
300,0.1,30,53,53,2,5,8,False,ok,selected_multi_metric_xb_worsening_patience,sample_select_full_fit,1.3491489849998288,0.3523075500002051,0.0,0.040717585000038525,1.701456535000034,1.7421741200000724,8,0.0751001502284028,0.14144253916266766,0.5583341333731527,0.46897627311045426,0.35629484849457954,0.5741292929304574,0.3551994582194894
300,0.1,30,53,53,2,5,8,False,ok,selected_multi_metric_xb_worsening_patience,sample_select_project,1.3491489849998288,0.0,0.003658246000213694,0.03203338699995584,1.3528072310000425,1.3848406179999984,8,0.03987733506691025,0.1651395921268575,0.20590237562423155,0.3601648924320347,0.28527199433581685,0.442340586051767,0.22707947351321925
300,0.1,30,53,54,2,4,8,False,ok,selected_multi_metric_max_k,sample_select_full_fit,1.8395687590000307,0.3562054529998022,0.0,0.015204468999854726,2.195774211999833,2.2109786809996876,8,0.07535424766307643,0.14325240787399762,0.35685435437385526,0.459026067386859,0.3427757480561979,0.5812309086398255,0.3577274750762655
300,0.1,30,53,54,2,4,8,False,ok,selected_multi_metric_max_k,sample_select_project,1.8395687590000307,0.0,0.0016206589998546406,0.014516658000047755,1.8411894179998853,1.855706075999933,8,0.04795241528606752,0.15020327653752838,0.28629971280738037,0.452777367617935,0.35005640768310364,0.5411519103231427,0.29787281562808915
300,0.1,30,54,52,2,4,7,False,ok,selected_multi_metric_max_k,sample_select_full_fit,1.5564037730000564,0.35257097099975,0.0,0.02288022999982786,1.9089747439998064,1.9318549739996342,7,0.0710928183519717,0.16279000423672318,0.4140719177396751,0.48442497171794086,0.39071971339584194,0.5624700062878575,0.33743974815186834
300,0.1,30,54,52,2,4,7,False,ok,selected_multi_metric_max_k,sample_select_project,1.5564037730000564,0.0,0.0015997010000319278,0.014539200000399433,1.5580034740000883,1.5725426740004878,7,0.04344965126309205,0.1761115058190505,0.2607575991238106,0.337150144695257,0.26341571660195623,0.42194039665097277,0.21603094570095607
300,0.1,30,54,53,2,5,8,False,ok,selected_multi_metric_max_k,sample_select_full_fit,1.6264323129998957,0.3786547099998643,0.0,0.015226730999984284,2.00508702299976,2.020313753999744,8,0.0751001502284028,0.14144253916266766,0.5583341333731527,0.46897627311045426,0.35629484849457954,0.5741292929304574,0.3551994582194894
300,0.1,30,54,53,2,5,8,False,ok,selected_multi_metric_max_k,sample_select_project,1.6264323129998957,0.0,0.0012319449997448828,0.016122850000101607,1.6276642579996405,1.6437871079997421,8,0.047306386863901595,0.1525132598166405,0.2936134398512318,0.355355196404827,0.267791107770519,0.468420780429719,0.263409870558865
300,0.1,30,54,54,2,4,8,False,ok,selected_multi_metric_max_k,sample_select_full_fit,1.7940383790000851,0.35252388399976553,0.0,0.015422575000229699,2.1465622629998506,2.1619848380000803,8,0.07535424766307643,0.14325240787399762,0.35685435437385526,0.459026067386859,0.3427757480561979,0.5812309086398255,0.3577274750762655
300,0.1,30,54,54,2,4,8,False,ok,selected_multi_metric_max_k,sample_select_project,1.7940383790000851,0.0,0.0015621299999111216,0.014894551999987016,1.7956005089999962,1.8104950609999833,8,0.045605493657612454,0.15858122303484282,0.23837562065632484,0.3286597594987315,0.2328943608690403,0.4409417513061042,0.22053412242527
300,0.1,30,55,52,2,4,8,False,ok,selected_multi_metric_max_k,sample_select_full_fit,1.5483378449998781,0.5053580850003527,0.0,0.08930245900000955,2.053695930000231,2.1429983890002404,8,0.0751001502284028,0.14144254282756055,0.41007040783427473,0.46897627311045426,0.35629484849457954,0.5741292929304576,0.3551994582194894
300,0.1,30,55,52,2,4,8,False,ok,selected_multi_metric_max_k,sample_select_project,1.5483378449998781,0.0,0.004818306999823108,0.044750850000127684,1.5531561519997013,1.597907001999829,8,0.037105960298685466,0.165512516557989,0.20416164357740552,0.30982161889324195,0.2074606713599723,0.4210656991799045,0.21945785325091424
300,0.1,30,55,53,2,5,7,False,ok,selected_multi_metric_xb_worsening_patience,sample_select_full_fit,1.6765457460001016,0.42585179900015646,0.0,0.04363352800010034,2.102397545000258,2.1460310730003584,7,0.07053618713964227,0.16777461719858752,0.5709304599341962,0.46913443016085826,0.37942997315003496,0.5701733561581362,0.33828023078014835
300,0.1,30,55,53,2,5,7,False,ok,selected_multi_metric_xb_worsening_patience,sample_select_project,1.6765457460001016,0.0,0.003692299000249477,0.03771569199989244,1.6802380450003511,1.7179537370002436,7,0.03773122021962248,0.19493378541376274,0.22832931599244796,0.3005566027288881,0.2068863308325535,0.40776244603541495,0.21253298199633358
300,0.1,30,55,54,2,4,6,False,ok,selected_multi_metric_xb_worsening_patience,sample_select_full_fit,1.5780665249999402,0.30114026499995816,0.0,0.01600932900009866,1.8792067899998983,1.895216118999997,6,0.054057845425899045,0.20506490377981085,0.5566887969207028,0.37778063293721015,0.2874573020387874,0.4780218428852276,0.2509242454390936
300,0.1,30,55,54,2,4,6,False,ok,selected_multi_metric_xb_worsening_patience,sample_select_project,1.5780665249999402,0.0,0.001384930999847711,0.014960885000164126,1.5794514559997879,1.594412340999952,6,0.03175071980899828,0.22776549645507782,0.23986105566628435,0.2620174301335651,0.19377008609570356,0.34444749983214334,0.1598736989757116
300,0.1,30,56,52,2,4,7,False,ok,selected_multi_metric_max_k,sample_select_full_fit,1.695074379000289,0.42591250900022715,0.0,0.015637515999969764,2.120986888000516,2.136624404000486,7,0.0710928183519717,0.16279000423672318,0.4140719177396751,0.48442497171794086,0.39071971339584194,0.5624700062878575,0.33743974815186834
300,0.1,30,56,52,2,4,7,False,ok,selected_multi_metric_max_k,sample_select_project,1.695074379000289,0.0,0.001392533999933221,0.015310086000226875,1.6964669130002221,1.711776999000449,7,0.038321649562820914,0.17030538499150547,0.20272378959593,0.2772715999291671,0.17614915844947981,0.46197455208034477,0.25740597320279235
300,0.1,30,56,53,2,5,8,False,ok,selected_multi_metric_xb_worsening_patience,sample_select_full_fit,1.7257368189998488,0.3518115259998922,0.0,0.038755780000428786,2.077548344999741,2.1163041250001697,8,0.0751001502284028,0.14144253916266766,0.5583341333731527,0.46897627311045426,0.35629484849457954,0.5741292929304574,0.3551994582194894
300,0.1,30,56,53,2,5,8,False,ok,selected_multi_metric_xb_worsening_patience,sample_select_project,1.7257368189998488,0.0,0.0037089209999976447,0.03580779699996128,1.7294457399998464,1.7652535369998077,8,0.03224397585252585,0.15057651962852026,0.16362737692025833,0.24794986698004548,0.1566875450629051,0.4326402130491223,0.24003771409676078
300,0.1,30,56,54,2,4,8,False,ok,selected_multi_metric_max_k,sample_select_full_fit,1.7338765230001627,0.44079192400022293,0.0,0.039294713999879605,2.1746684470003856,2.2139631610002652,8,0.07535424766307643,0.14325240787399762,0.35685435437385526,0.459026067386859,0.3427757480561979,0.5812309086398255,0.3577274750762655
300,0.1,30,56,54,2,4,8,False,ok,selected_multi_metric_max_k,sample_select_project,1.7338765230001627,0.0,0.003523986000345758,0.04410367399987081,1.7374005090005085,1.7815041830003793,8,0.048989442639152316,0.15087951560031612,0.17795085731662585,0.3439457755724889,0.21436498040271745,0.5350655178525643,0.32798813644862196
300,0.15,45,52,52,3,4,8,False,ok,selected_multi_metric_max_k,sample_select_full_fit,1.6818100020000202,0.5112833240000327,0.0,0.025047295999684138,2.193093326000053,2.218140621999737,8,0.0751001502284028,0.14144254282756055,0.41007040783427473,0.46897627311045426,0.35629484849457954,0.5741292929304576,0.3551994582194894
300,0.15,45,52,52,3,4,8,False,ok,selected_multi_metric_max_k,sample_select_project,1.6818100020000202,0.0,0.0012917669996568293,0.01571451000017987,1.683101768999677,1.6988162789998569,8,0.047308584782736494,0.1643294452959069,0.21645007365860194,0.3350433576864571,0.2475648702686729,0.4361651837335694,0.2359474255149739
300,0.15,45,52,53,3,5,8,False,ok,selected_multi_metric_max_k,sample_select_full_fit,1.9775556659997164,0.4218937539999388,0.0,0.038697982000030606,2.399449419999655,2.438147401999686,8,0.0751001502284028,0.14144253916266766,0.5583341333731527,0.46897627311045426,0.35629484849457954,0.5741292929304574,0.3551994582194894
300,0.15,45,52,53,3,5,8,False,ok,selected_multi_metric_max_k,sample_select_project,1.9775556659997164,0.0,0.003694303999964177,0.03421755699991991,1.9812499699996806,2.0154675269996005,8,0.04348820062763144,0.15090544899167202,0.17455312452559082,0.26817318990704925,0.16085250599562442,0.41114747029763077,0.20204849848777648
300,0.15,45,52,54,3,4,8,False,ok,selected_multi_metric_xb_worsening_patience,sample_select_full_fit,1.7653763600001184,0.3762369259998195,0.0,0.03672795100010262,2.141613285999938,2.1783412370000406,8,0.07535424766307643,0.14325240787399762,0.35685435437385526,0.459026067386859,0.3427757480561979,0.5812309086398255,0.3577274750762655
300,0.15,45,52,54,3,4,8,False,ok,selected_multi_metric_xb_worsening_patience,sample_select_project,1.7653763600001184,0.0,0.0037061459997858037,0.036423936000119284,1.7690825059999042,1.8055064420000235,8,0.04633664805529418,0.1950177652302769,0.2476937388697815,0.30771664928776127,0.2066808434978384,0.4437892074558408,0.24162613638269276
300,0.15,45,53,52,3,4,8,False,ok,selected_multi_metric_max_k,sample_select_full_fit,1.9943391800002246,0.553362546000244,0.0,0.039875444999779575,2.5477017260004686,2.587577171000248,8,0.0751001502284028,0.14144254282756055,0.41007040783427473,0.46897627311045426,0.35629484849457954,0.5741292929304576,0.3551994582194894
300,0.15,45,53,52,3,4,8,False,ok,selected_multi_metric_max_k,sample_select_project,1.9943391800002246,0.0,0.002833900000041467,0.046189400000002934,1.997173080000266,2.043362480000269,8,0.03602506291474991,0.15912832886672576,0.17955390635701465,0.2762984964888141,0.17434717642307102,0.4091884350993215,0.20608825323308114
300,0.15,45,53,53,3,5,7,False,ok,selected_multi_metric_xb_worsening_patience,sample_select_full_fit,2.1781096069998966,0.6667382910000015,0.0,0.039429145000212884,2.844847897999898,2.884277043000111,7,0.07053618713964227,0.16777461719858752,0.5709304599341962,0.46913443016085826,0.37942997315003496,0.5701733561581362,0.33828023078014835
300,0.15,45,53,53,3,5,7,False,ok,selected_multi_metric_xb_worsening_patience,sample_select_project,2.1781096069998966,0.0,0.0016740189998927235,0.017034208000040962,2.1797836259997894,2.1968178339998303,7,0.049463597645902316,0.182012226377511,0.28893839069808935,0.35358395912053675,0.2513339459198775,0.46521109115374293,0.2518526299260334
300,0.15,45,53,54,3,4,7,False,ok,selected_multi_metric_xb_worsening_patience,sample_select_full_fit,1.898755015000006,0.45141975599972284,0.0,0.02054702300029021,2.350174770999729,2.370721794000019,7,0.0710928183519717,0.16279005759283818,0.4140719177396751,0.4844249717179408,0.39071971339584194,0.5624700062878575,0.33743974815186834
300,0.15,45,53,54,3,4,7,False,ok,selected_multi_metric_xb_worsening_patience,sample_select_project,1.898755015000006,0.0,0.0016280640002150903,0.014793934999943303,1.9003830790002212,1.9151770140001645,7,0.03953463885749657,0.1793181261955396,0.20872893452259733,0.296010516640464,0.210356957790579,0.39184499572330916,0.18696884374046532
300,0.15,45,54,52,3,4,8,False,ok,selected_multi_metric_max_k,sample_select_full_fit,1.776046695000332,0.4771079590000227,0.0,0.02903992700021263,2.2531546540003546,2.2821945810005673,8,0.0751001502284028,0.14144254282756055,0.41007040783427473,0.46897627311045426,0.35629484849457954,0.5741292929304576,0.3551994582194894
300,0.15,45,54,52,3,4,8,False,ok,selected_multi_metric_max_k,sample_select_project,1.776046695000332,0.0,0.0014411950000976503,0.018956680999963282,1.7774878900004296,1.796444571000393,8,0.04937540454033016,0.15276114932339183,0.23007869446117882,0.3845147658638611,0.31278610299112664,0.4903954284887854,0.2790241270640872
300,0.15,45,54,53,3,5,8,False,ok,selected_multi_metric_max_k,sample_select_full_fit,1.8770997870001338,0.48417260099995474,0.0,0.015294305999759672,2.3612723880000885,2.376566693999848,8,0.0751001502284028,0.14144253916266766,0.5583341333731527,0.46897627311045426,0.35629484849457954,0.5741292929304574,0.3551994582194894
300,0.15,45,54,53,3,5,8,False,ok,selected_multi_metric_max_k,sample_select_project,1.8770997870001338,0.0,0.0016830350000418548,0.02456154300034541,1.8787828220001757,1.903344365000521,8,0.04529141907167633,0.1679538310413564,0.2698692003244297,0.3555408614338816,0.2825259303244006,0.4634683776325776,0.23826543728668662
300,0.15,45,54,54,3,4,8,False,ok,selected_multi_metric_max_k,sample_select_full_fit,1.8423276220000844,0.39028820600015024,0.0,0.033825484000317374,2.2326158280002346,2.266441312000552,8,0.07535424766307643,0.14325240787399762,0.35685435437385526,0.459026067386859,0.3427757480561979,0.5812309086398255,0.3577274750762655
300,0.15,45,54,54,3,4,8,False,ok,selected_multi_metric_max_k,sample_select_project,1.8423276220000844,0.0,0.005655177000335243,0.036175020999962726,1.8479827990004196,1.8841578200003823,8,0.0493595848488445,0.15764039803249189,0.24751288800855367,0.34950488100124594,0.2651621153835502,0.4478580382163441,0.22150798566441748
300,0.15,45,55,52,3,4,8,False,ok,selected_multi_metric_xb_worsening_patience,sample_select_full_fit,1.4494160549998014,0.5574106760000177,0.0,0.02050406300031682,2.006826730999819,2.027330794000136,8,0.0751001502284028,0.14144254282756055,0.41007040783427473,0.46897627311045426,0.35629484849457954,0.5741292929304576,0.3551994582194894
300,0.15,45,55,52,3,4,8,False,ok,selected_multi_metric_xb_worsening_patience,sample_select_project,1.4494160549998014,0.0,0.0016933350002545922,0.014656479000223044,1.451109390000056,1.465765869000279,8,0.04030578429909853,0.199464049484304,0.19775602739620832,0.30338149149739435,0.22267622811174137,0.43145437716247287,0.22625952083700615
300,0.15,45,55,53,3,5,6,False,ok,selected_multi_metric_xb_worsening_patience,sample_select_full_fit,1.894322054999975,0.3226510340000459,0.0,0.015006209000148374,2.216973089000021,2.2319792980001694,6,0.06268494465680813,0.18373730295630242,0.40364843162477515,0.3934912784498073,0.2984944934196491,0.4906280568757003,0.26293798504089255
300,0.15,45,55,53,3,5,6,False,ok,selected_multi_metric_xb_worsening_patience,sample_select_project,1.894322054999975,0.0,0.0013673680000465538,0.02555700799985061,1.8956894230000216,1.9212464309998722,6,0.03138370090004378,0.19208520880155816,0.1793243992284154,0.24283313874058787,0.17249882898620839,0.38713080499142905,0.18539422408690517
300,0.15,45,55,54,3,4,8,False,ok,selected_multi_metric_max_k,sample_select_full_fit,1.5598062879998906,0.5488846630000808,0.0,0.037411544999940816,2.1086909509999714,2.146102495999912,8,0.07535424766307643,0.14325240787399762,0.35685435437385526,0.459026067386859,0.3427757480561979,0.5812309086398255,0.3577274750762655
300,0.15,45,55,54,3,4,8,False,ok,selected_multi_metric_max_k,sample_select_project,1.5598062879998906,0.0,0.003686108000238164,0.038477671000237024,1.5634923960001288,1.6019700670003658,8,0.027799700473488335,0.17171785695897265,0.20327764642453144,0.25843675817364237,0.16110366273764967,0.38658539448631635,0.18192589525025596
300,0.15,45,56,52,3,4,8,False,ok,selected_multi_metric_xb_worsening_patience,sample_select_full_fit,2.6291290069998468,0.5561291809999602,0.0,0.026249598000049446,3.185258187999807,3.2115077859998564,8,0.0751001502284028,0.14144254282756055,0.41007040783427473,0.46897627311045426,0.35629484849457954,0.5741292929304576,0.3551994582194894
300,0.15,45,56,52,3,4,8,False,ok,selected_multi_metric_xb_worsening_patience,sample_select_project,2.6291290069998468,0.0,0.004203031000088231,0.01785596900026576,2.633332037999935,2.6511880070002007,8,0.041228006006368195,0.19063246007559914,0.21887110122537876,0.32215905511791,0.22081332351909166,0.4856794298411851,0.2760276116514205
300,0.15,45,56,53,3,5,8,False,ok,selected_multi_metric_max_k,sample_select_full_fit,2.3843035129998498,0.48031274000004487,0.0,0.0405379809999431,2.8646162529998946,2.9051542339998377,8,0.0751001502284028,0.14144253916266766,0.5583341333731527,0.46897627311045426,0.35629484849457954,0.5741292929304574,0.3551994582194894
300,0.15,45,56,53,3,5,8,False,ok,selected_multi_metric_max_k,sample_select_project,2.3843035129998498,0.0,0.003667302999929234,0.04444989900002838,2.387970815999779,2.4324207149998074,8,0.040165152566477326,0.16690558026741276,0.18669459057249596,0.3076365437589227,0.19480265834255653,0.4966259607629465,0.29578676815402816
300,0.15,45,56,54,3,4,7,False,ok,selected_multi_metric_xb_worsening_patience,sample_select_full_fit,2.3097318979998818,0.39148166999984824,0.0,0.015635612000096444,2.70121356799973,2.7168491799998264,7,0.0710928183519717,0.16279005759283818,0.4140719177396751,0.4844249717179408,0.39071971339584194,0.5624700062878575,0.33743974815186834
300,0.15,45,56,54,3,4,7,False,ok,selected_multi_metric_xb_worsening_patience,sample_select_project,2.3097318979998818,0.0,0.0014857880000818113,0.01577668600020843,2.3112176859999636,2.326994372000172,7,0.038768969111954495,0.169937059887864,0.15937946061911842,0.3015349932052486,0.19361934251203242,0.46667918400849184,0.2630020071895294
300,0.2,60,52,52,4,4,8,False,ok,selected_multi_metric_max_k,sample_select_full_fit,1.9695264689999021,0.520060027999989,0.0,0.05437207600016336,2.489586496999891,2.5439585730000545,8,0.0751001502284028,0.14144254282756055,0.41007040783427473,0.46897627311045426,0.35629484849457954,0.5741292929304576,0.3551994582194894
300,0.2,60,52,52,4,4,8,False,ok,selected_multi_metric_max_k,sample_select_project,1.9695264689999021,0.0,0.005756044000008842,0.04245445100013967,1.975282512999911,2.0177369640000506,8,0.046628480171555256,0.1524536926541696,0.16994982669444564,0.33498123093354926,0.2389406107967292,0.4700791302619551,0.2396186477188925
300,0.2,60,52,53,4,5,7,False,ok,selected_multi_metric_xb_worsening_patience,sample_select_full_fit,2.474450051000076,0.4542243519999829,0.0,0.05661690900024041,2.928674403000059,2.9852913120002995,7,0.07053618713964227,0.16777461719858752,0.5709304599341962,0.46913443016085826,0.37942997315003496,0.5701733561581362,0.33828023078014835
300,0.2,60,52,53,4,5,7,False,ok,selected_multi_metric_xb_worsening_patience,sample_select_project,2.474450051000076,0.0,0.003727905999767245,0.03942375499991613,2.4781779569998434,2.5176017119997596,7,0.04856494891234132,0.16149802378911596,0.24327798143863763,0.3580020947737286,0.2654919336695834,0.48933262481834194,0.2577356400448588
300,0.2,60,52,54,4,4,8,False,ok,selected_multi_metric_max_k,sample_select_full_fit,2.1534219410000333,0.3618948329999512,0.0,0.035168946999874606,2.5153167739999844,2.550485720999859,8,0.07535424766307643,0.14325240787399762,0.35685435437385526,0.459026067386859,0.3427757480561979,0.5812309086398255,0.3577274750762655
300,0.2,60,52,54,4,4,8,False,ok,selected_multi_metric_max_k,sample_select_project,2.1534219410000333,0.0,0.003724900000179332,0.03701343300008375,2.1571468410002126,2.1941602740002963,8,0.03940402240639724,0.1551883333453776,0.15272763890929855,0.27094200028260385,0.17553132820844533,0.38226831589631655,0.18173024748153915
300,0.2,60,53,52,4,4,6,False,ok,selected_multi_metric_xb_worsening_patience,sample_select_full_fit,1.5778406839999661,0.34370188699995197,0.0,0.0357416239999111,1.921542570999918,1.9572841949998292,6,0.054057845425899045,0.20506492259976972,0.5566887969207028,0.37778063293721015,0.2874573020387874,0.4780218428852275,0.2509242454390936
300,0.2,60,53,52,4,4,6,False,ok,selected_multi_metric_xb_worsening_patience,sample_select_project,1.5778406839999661,0.0,0.0036906360001012217,0.03663718300003893,1.5815313200000674,1.6181685030001063,6,0.054038507054341475,0.20926718598462443,0.2845126023374295,0.38975603155077837,0.29938591088109273,0.4866597146247024,0.26708019852507825
300,0.2,60,53,53,4,5,7,False,ok,selected_multi_metric_max_k,sample_select_full_fit,1.9249642580002728,0.4440370110000913,0.0,0.03971771200031071,2.369001269000364,2.408718981000675,7,0.07053618713964227,0.16777461719858752,0.5709304599341962,0.46913443016085826,0.37942997315003496,0.5701733561581362,0.33828023078014835
300,0.2,60,53,53,4,5,7,False,ok,selected_multi_metric_max_k,sample_select_project,1.9249642580002728,0.0,0.0029917540000496956,0.040424027999961254,1.9279560120003225,1.9683800400002838,7,0.05121932789073527,0.18127908000041898,0.25806605818925704,0.3495134613358258,0.2537454532256436,0.451588087425748,0.24342360194630414
300,0.2,60,53,54,4,4,5,False,ok,selected_multi_metric_xb_worsening_patience,sample_select_full_fit,1.5463720339998872,0.37606046700011575,0.0,0.06138886000007915,1.922432501000003,1.983821361000082,5,0.052722513342384994,0.22761306488777777,0.6651646272086402,0.41736083845379773,0.35431141027117646,0.47478239853169124,0.2331926756745336
300,0.2,60,53,54,4,4,5,False,ok,selected_multi_metric_xb_worsening_patience,sample_select_project,1.5463720339998872,0.0,0.005704577999949834,0.03437277600005473,1.552076611999837,1.5864493879998918,5,0.04438984981798696,0.251243002182157,0.32299975033117373,0.28952491428937593,0.20717535882490365,0.408172447619201,0.19863891982853885
300,0.2,60,54,52,4,4,7,False,ok,selected_multi_metric_xb_worsening_patience,sample_select_full_fit,1.624911940000402,0.34202512199999546,0.0,0.015684251999573462,1.9669370620003974,1.9826213139999709,7,0.0710928183519717,0.16279000423672318,0.4140719177396751,0.48442497171794086,0.39071971339584194,0.5624700062878575,0.33743974815186834
300,0.2,60,54,52,4,4,7,False,ok,selected_multi_metric_xb_worsening_patience,sample_select_project,1.624911940000402,0.0,0.0014730049997524475,0.01903762000029019,1.6263849450001544,1.6454225650004446,7,0.04188909597087931,0.18604653832372714,0.300718451045073,0.29445431828246926,0.1837070856118812,0.41837509816667745,0.191712292262222
300,0.2,60,54,53,4,5,8,False,ok,selected_multi_metric_xb_worsening_patience,sample_select_full_fit,1.9549508190002598,0.40550203200018586,0.0,0.026960824000070716,2.3604528510004457,2.3874136750005164,8,0.0751001502284028,0.14144253916266766,0.5583341333731527,0.46897627311045426,0.35629484849457954,0.5741292929304574,0.3551994582194894
300,0.2,60,54,53,4,5,8,False,ok,selected_multi_metric_xb_worsening_patience,sample_select_project,1.9549508190002598,0.0,0.00534156300000177,0.03408927500004211,1.9602923820002616,1.9943816570003037,8,0.050534556652314974,0.16356898512010135,0.27195486221307213,0.340215663249616,0.24106182829607511,0.4742060970177942,0.25891838710504433
300,0.2,60,54,54,4,4,8,False,ok,selected_multi_metric_xb_worsening_patience,sample_select_full_fit,1.9770903070002532,0.4412600169998768,0.0,0.0428726000000097,2.41835032400013,2.4612229240001398,8,0.07535424766307643,0.14325240787399762,0.35685435437385526,0.459026067386859,0.3427757480561979,0.5812309086398255,0.3577274750762655
300,0.2,60,54,54,4,4,8,False,ok,selected_multi_metric_xb_worsening_patience,sample_select_project,1.9770903070002532,0.0,0.0037010559999544057,0.03909401999999318,1.9807913630002076,2.019885383000201,8,0.045510724002894035,0.1633041059155173,0.22102815761763367,0.33825708126999465,0.24727196599534795,0.4455071965308373,0.2342991805505534
300,0.2,60,55,52,4,4,6,False,ok,selected_multi_metric_xb_worsening_patience,sample_select_full_fit,1.4988384990001578,0.420898508999926,0.0,0.038637117999769544,1.9197370080000837,1.9583741259998533,6,0.054057845425899045,0.20506492259976972,0.5566887969207028,0.37778063293721015,0.2874573020387874,0.4780218428852275,0.2509242454390936
300,0.2,60,55,52,4,4,6,False,ok,selected_multi_metric_xb_worsening_patience,sample_select_project,1.4988384990001578,0.0,0.0036896249998790154,0.03397320200019749,1.5025281240000368,1.5365013260002343,6,0.03397699650194261,0.17961647740511924,0.24413746144301715,0.23310931162007123,0.16655824141617148,0.3971994826580359,0.19322194780795937
300,0.2,60,55,53,4,5,7,False,ok,selected_multi_metric_xb_worsening_patience,sample_select_full_fit,1.3107683160001216,0.43683509200036497,0.0,0.016228506999595993,1.7476034080004865,1.7638319150000825,7,0.07053618713964227,0.16777461719858752,0.5709304599341962,0.46913443016085826,0.37942997315003496,0.5701733561581362,0.33828023078014835
300,0.2,60,55,53,4,5,7,False,ok,selected_multi_metric_xb_worsening_patience,sample_select_project,1.3107683160001216,0.0,0.005470693000006577,0.025783178999972733,1.3162390090001281,1.3420221880001009,7,0.0483286607605917,0.15375953853780558,0.22054088053683746,0.3561860729637007,0.29033048722976496,0.47377452952758525,0.2698196564814883
300,0.2,60,55,54,4,4,7,False,ok,selected_multi_metric_xb_worsening_patience,sample_select_full_fit,1.2656438610001715,0.3864928250000048,0.0,0.015917245999844454,1.6521366860001763,1.6680539320000207,7,0.0710928183519717,0.16279005759283818,0.4140719177396751,0.4844249717179408,0.39071971339584194,0.5624700062878575,0.33743974815186834
300,0.2,60,55,54,4,4,7,False,ok,selected_multi_metric_xb_worsening_patience,sample_select_project,1.2656438610001715,0.0,0.0016408970000156842,0.014577700999780063,1.2672847580001871,1.2818624589999672,7,0.04310265009166566,0.16702232686612614,0.22657132321347045,0.2880150893136464,0.2174235517513622,0.4567668732984691,0.2506637871123747
300,0.2,60,56,52,4,4,8,False,ok,selected_multi_metric_xb_worsening_patience,sample_select_full_fit,1.8319629180000447,0.4313064010002563,0.0,0.016587216000061744,2.263269319000301,2.279856535000363,8,0.0751001502284028,0.14144254282756055,0.41007040783427473,0.46897627311045426,0.35629484849457954,0.5741292929304576,0.3551994582194894
300,0.2,60,56,52,4,4,8,False,ok,selected_multi_metric_xb_worsening_patience,sample_select_project,1.8319629180000447,0.0,0.0021092700003464415,0.014833528000053775,1.8340721880003912,1.848905716000445,8,0.04538452997405594,0.1327058554904652,0.19465455394092082,0.35266591456640267,0.23552133228491498,0.46841932575345585,0.2666369804422466
300,0.2,60,56,53,4,5,8,False,ok,selected_multi_metric_xb_worsening_patience,sample_select_full_fit,1.978204492000259,0.3712192570001207,0.0,0.04029470699970261,2.3494237490003798,2.3897184560000824,8,0.0751001502284028,0.14144253916266766,0.5583341333731527,0.46897627311045426,0.35629484849457954,0.5741292929304574,0.3551994582194894
300,0.2,60,56,53,4,5,8,False,ok,selected_multi_metric_xb_worsening_patience,sample_select_project,1.978204492000259,0.0,0.0036892940001962415,0.03637488399999711,1.9818937860004553,2.0182686700004524,8,0.04458156798421972,0.15223166387968293,0.1957936646297119,0.38529983751591085,0.29099471470086286,0.5029216321781085,0.2931429731907525
300,0.2,60,56,54,4,4,5,False,ok,selected_multi_metric_xb_worsening_patience,sample_select_full_fit,2.2342582350001976,0.3129256140000507,0.0,0.016295080999952916,2.5471838490002483,2.563478930000201,5,0.052722513342384994,0.22761306488777777,0.6651646272086402,0.41736083845379773,0.35431141027117646,0.47478239853169124,0.2331926756745336
300,0.2,60,56,54,4,4,5,False,ok,selected_multi_metric_xb_worsening_patience,sample_select_project,2.2342582350001976,0.0,0.0016264199998659024,0.015947422999943228,2.2358846550000635,2.2518320780000067,5,0.038578650685219165,0.2276417495774403,0.2717478770604151,0.32274233512223166,0.26300403590922444,0.3852580758896267,0.18213759322548967
300,0.3,90,52,52,6,4,5,False,ok,selected_multi_metric_xb_worsening_patience,sample_select_full_fit,1.1911130650000814,0.42370219299982637,0.0,0.03474995599981412,1.6148152579999078,1.649565213999722,5,0.052722513342384994,0.2276128125395684,0.6651646272086402,0.4173608384537977,0.35431141027117646,0.47478239853169124,0.2331926756745336
300,0.3,90,52,52,6,4,5,False,ok,selected_multi_metric_xb_worsening_patience,sample_select_project,1.1911130650000814,0.0,0.003356954999617301,0.03309072499996546,1.1944700199996987,1.2275607449996642,5,0.0528128061024402,0.22424888588136357,0.43042422252496215,0.358435662020518,0.29625017414786264,0.45212234448659444,0.22703184021452413
300,0.3,90,52,53,6,5,5,True,ok,selected_multi_metric_xb_worsening_patience,sample_select_full_fit,1.093789444000322,0.3750415580002482,0.0,0.053289529999801744,1.4688310020005702,1.522120532000372,5,0.052722513342384994,0.22761282019068615,1.0,0.41736083845379773,0.35431141027117646,0.47478239853169124,0.2331926756745336
300,0.3,90,52,53,6,5,5,True,ok,selected_multi_metric_xb_worsening_patience,sample_select_project,1.093789444000322,0.0,0.006887293000090722,0.0625965899998846,1.1006767370004127,1.1632733270002973,5,0.0528128061024402,0.22424817586747106,0.34879603682827526,0.35843566202051813,0.29625017414786264,0.45212234448659455,0.22703184021452413
300,0.3,90,52,54,6,4,5,False,ok,selected_multi_metric_xb_worsening_patience,sample_select_full_fit,1.3165685539997867,0.4279013370000939,0.0,0.01446778700028517,1.7444698909998806,1.7589376780001658,5,0.052722513342384994,0.22761306488777777,0.6651646272086402,0.41736083845379773,0.35431141027117646,0.47478239853169124,0.2331926756745336
300,0.3,90,52,54,6,4,5,False,ok,selected_multi_metric_xb_worsening_patience,sample_select_project,1.3165685539997867,0.0,0.0014413859998967382,0.014464951999798359,1.3180099399996834,1.3324748919994818,5,0.0528128061024402,0.22424905749307217,0.43042422252496215,0.3584356620205182,0.29625017414786264,0.45212234448659444,0.22703184021452413
300,0.3,90,53,52,6,4,7,False,ok,selected_multi_metric_xb_worsening_patience,sample_select_full_fit,2.6938097229999585,0.38819689899992227,0.0,0.016932338000060554,3.0820066219998807,3.0989389599999413,7,0.0710928183519717,0.16279000423672318,0.4140719177396751,0.48442497171794086,0.39071971339584194,0.5624700062878575,0.33743974815186834
300,0.3,90,53,52,6,4,7,False,ok,selected_multi_metric_xb_worsening_patience,sample_select_project,2.6938097229999585,0.0,0.0012724809998871933,0.016564432999985,2.6950822039998457,2.7116466369998307,7,0.055767874606101414,0.18966694008056353,0.2671812372353833,0.3708094719916843,0.28627597353458767,0.48792479230728875,0.28672082483281136
300,0.3,90,53,53,6,5,8,False,ok,selected_multi_metric_max_k,sample_select_full_fit,2.4988688650000768,0.43873679599983006,0.0,0.038643069000045216,2.937605660999907,2.976248729999952,8,0.0751001502284028,0.14144253916266766,0.5583341333731527,0.46897627311045426,0.35629484849457954,0.5741292929304574,0.3551994582194894
300,0.3,90,53,53,6,5,8,False,ok,selected_multi_metric_max_k,sample_select_project,2.4988688650000768,0.0,0.0036855169996670156,0.035805392999918695,2.502554381999744,2.5383597749996625,8,0.0628346775983525,0.13910493319926012,0.2987651764400933,0.4667074140765599,0.378456510809452,0.5479600007786127,0.3242686728554831
300,0.3,90,53,54,6,4,6,False,ok,selected_multi_metric_xb_worsening_patience,sample_select_full_fit,2.693641630000002,0.3052720330001648,0.0,0.021690793999823654,2.9989136630001667,3.0206044569999904,6,0.054057845425899045,0.20506490377981085,0.5566887969207028,0.37778063293721015,0.2874573020387874,0.4780218428852276,0.2509242454390936
300,0.3,90,53,54,6,4,6,False,ok,selected_multi_metric_xb_worsening_patience,sample_select_project,2.693641630000002,0.0,0.001379340000312368,0.031040814999869326,2.6950209700003143,2.7260617850001836,6,0.049819351014795794,0.1813185935529503,0.36644234436393175,0.3470413789481607,0.25569239474628586,0.4174561135535044,0.21231858873002563
300,0.3,90,54,52,6,4,8,False,ok,selected_multi_metric_xb_worsening_patience,sample_select_full_fit,2.2447524310000517,0.4369253509998998,0.0,0.015545865000149206,2.6816777819999515,2.6972236470001008,8,0.0751001502284028,0.14144254282756055,0.41007040783427473,0.46897627311045426,0.35629484849457954,0.5741292929304576,0.3551994582194894
300,0.3,90,54,52,6,4,8,False,ok,selected_multi_metric_xb_worsening_patience,sample_select_project,2.2447524310000517,0.0,0.001401259999965987,0.014184097999986989,2.2461536910000177,2.2603377890000047,8,0.05531745294113322,0.1615327043466826,0.27829490330013107,0.37265398673851696,0.284715782247894,0.4825397289929394,0.2461690738047333
300,0.3,90,54,53,6,5,8,False,ok,selected_multi_metric_xb_worsening_patience,sample_select_full_fit,2.613362653999957,0.4895884729999125,0.0,0.015616657000009582,3.1029511269998693,3.118567783999879,8,0.0751001502284028,0.14144253916266766,0.5583341333731527,0.46897627311045426,0.35629484849457954,0.5741292929304574,0.3551994582194894
300,0.3,90,54,53,6,5,8,False,ok,selected_multi_metric_xb_worsening_patience,sample_select_project,2.613362653999957,0.0,0.0012442580000424641,0.024838758999976562,2.6146069119999993,2.639445670999976,8,0.05096786976582046,0.18804934892345776,0.23706478820434135,0.3576453136945085,0.24839816478169766,0.4949072758934456,0.261087706899183
300,0.3,90,54,54,6,4,8,False,ok,selected_multi_metric_xb_worsening_patience,sample_select_full_fit,2.1704229370002395,0.4393031710001196,0.0,0.03297723300011057,2.609726108000359,2.6427033410004697,8,0.07535424766307643,0.14325240787399762,0.35685435437385526,0.459026067386859,0.3427757480561979,0.5812309086398255,0.3577274750762655
300,0.3,90,54,54,6,4,8,False,ok,selected_multi_metric_xb_worsening_patience,sample_select_project,2.1704229370002395,0.0,0.005136108999977296,0.03665695900008359,2.1755590460002168,2.2122160050003004,8,0.0494777582995526,0.16204108698349692,0.21607359997695308,0.39698104798430944,0.3179095567519955,0.49465751824021637,0.2796605198442486
300,0.3,90,55,52,6,4,5,False,ok,selected_multi_metric_xb_worsening_patience,sample_select_full_fit,2.4059449100000165,0.3756819019999966,0.0,0.035022303000005195,2.781626812000013,2.8166491150000184,5,0.052722513342384994,0.2276128125395684,0.6651646272086402,0.4173608384537977,0.35431141027117646,0.47478239853169124,0.2331926756745336
300,0.3,90,55,52,6,4,5,False,ok,selected_multi_metric_xb_worsening_patience,sample_select_project,2.4059449100000165,0.0,0.0036950740000065707,0.03582847600000605,2.409639984000023,2.445468460000029,5,0.044476912772718626,0.1915787389522988,0.43351523466849806,0.2806468069770251,0.21063072759904686,0.40761861727360865,0.18448461050719256
300,0.3,90,55,53,6,5,8,False,ok,selected_multi_metric_max_k,sample_select_full_fit,2.1326721520003957,0.39172682700018413,0.0,0.05705442399994354,2.52439897900058,2.5814534030005234,8,0.0751001502284028,0.14144253916266766,0.5583341333731527,0.46897627311045426,0.35629484849457954,0.5741292929304574,0.3551994582194894
300,0.3,90,55,53,6,5,8,False,ok,selected_multi_metric_max_k,sample_select_project,2.1326721520003957,0.0,0.007769917000132409,0.04736828700015394,2.140442069000528,2.187810356000682,8,0.0593402039213615,0.1314949167072191,0.2284323461966168,0.4382668872586383,0.32675606536686114,0.5417334099449594,0.3428173065908198
300,0.3,90,55,54,6,4,8,False,ok,selected_multi_metric_xb_worsening_patience,sample_select_full_fit,2.618738368999857,0.3879385979998915,0.0,0.04600899400020353,3.0066769669997484,3.052685960999952,8,0.07535424766307643,0.14325240787399762,0.35685435437385526,0.459026067386859,0.3427757480561979,0.5812309086398255,0.3577274750762655
300,0.3,90,55,54,6,4,8,False,ok,selected_multi_metric_xb_worsening_patience,sample_select_project,2.618738368999857,0.0,0.003536518999680993,0.031055152000135422,2.622274887999538,2.6533300399996733,8,0.05071534789724857,0.14830022023810482,0.2001053236310482,0.3181444608775941,0.23517194879586562,0.46751318614914766,0.28539060022103707
300,0.3,90,56,52,6,4,5,False,ok,selected_multi_metric_xb_worsening_patience,sample_select_full_fit,1.578665079000075,0.36356071799991696,0.0,0.015699150999807898,1.9422257969999919,1.9579249479997998,5,0.052722513342384994,0.2276128125395684,0.6651646272086402,0.4173608384537977,0.35431141027117646,0.47478239853169124,0.2331926756745336
300,0.3,90,56,52,6,4,5,False,ok,selected_multi_metric_xb_worsening_patience,sample_select_project,1.578665079000075,0.0,0.0014599099999941245,0.014278923999881954,1.580124989000069,1.594403912999951,5,0.044868701862420514,0.216423954615203,0.34132450559827904,0.28791595289130745,0.23497317407571752,0.4071874899615534,0.19475499630542403
300,0.3,90,56,53,6,5,5,True,ok,selected_multi_metric_xb_worsening_patience,sample_select_full_fit,1.3304969180003354,0.38181756099993436,0.0,0.015505640000355925,1.7123144790002698,1.7278201190006257,5,0.052722513342384994,0.22761282019068615,1.0,0.41736083845379773,0.35431141027117646,0.47478239853169124,0.2331926756745336
300,0.3,90,56,53,6,5,5,True,ok,selected_multi_metric_xb_worsening_patience,sample_select_project,1.3304969180003354,0.0,0.001559896999879129,0.01492711299988514,1.3320568150002146,1.3469839280000997,5,0.044868701862420514,0.2164239450745797,0.32582309968625883,0.2879159528913075,0.23497317407571752,0.4071874899615534,0.19475499630542403
300,0.3,90,56,54,6,4,5,False,ok,selected_multi_metric_xb_worsening_patience,sample_select_full_fit,1.3681709610000325,0.3514709920000314,0.0,0.01660739300041314,1.719641953000064,1.736249346000477,5,0.052722513342384994,0.22761306488777777,0.6651646272086402,0.41736083845379773,0.35431141027117646,0.47478239853169124,0.2331926756745336
300,0.3,90,56,54,6,4,5,False,ok,selected_multi_metric_xb_worsening_patience,sample_select_project,1.3681709610000325,0.0,0.0014974499999880209,0.01759009400029754,1.3696684110000206,1.387258505000318,5,0.044868701862420514,0.21642400550534024,0.34132450559827904,0.28791595289130745,0.23497317407571752,0.4071874899615534,0.19475499630542403
300,0.4,120,52,52,8,4,6,False,ok,selected_multi_metric_xb_worsening_patience,sample_select_full_fit,1.365188451999984,0.3493198440000924,0.0,0.03920143999994252,1.7145082960000764,1.753709736000019,6,0.054057845425899045,0.20506492259976972,0.5566887969207028,0.37778063293721015,0.2874573020387874,0.4780218428852275,0.2509242454390936
300,0.4,120,52,52,8,4,6,False,ok,selected_multi_metric_xb_worsening_patience,sample_select_project,1.365188451999984,0.0,0.00537552500009042,0.045070856000165804,1.3705639770000744,1.4156348330002402,6,0.04906288039530402,0.3150414588336773,0.34724968103046316,0.39199902489884736,0.3367993644966652,0.4872134757754111,0.2679195523363036
300,0.4,120,52,53,8,5,6,False,ok,selected_multi_metric_xb_worsening_patience,sample_select_full_fit,1.8418732700001783,0.39734767900017687,0.0,0.015051293999931659,2.239220949000355,2.254272243000287,6,0.06268494465680813,0.18373730295630242,0.40364843162477515,0.3934912784498073,0.2984944934196491,0.4906280568757003,0.26293798504089255
300,0.4,120,52,53,8,5,6,False,ok,selected_multi_metric_xb_worsening_patience,sample_select_project,1.8418732700001783,0.0,0.001587077000294812,0.0150950649999686,1.8434603470004731,1.8585554120004417,6,0.055774803502160616,0.18116923893803175,0.2980976546860489,0.4140456058405217,0.3291495161985874,0.5049763394504464,0.27785848878451
300,0.4,120,52,54,8,4,6,False,ok,selected_multi_metric_xb_worsening_patience,sample_select_full_fit,1.397621801999776,0.32480631999987963,0.0,0.01529095999967467,1.7224281219996556,1.7377190819993302,6,0.054057845425899045,0.20506490377981085,0.5566887969207028,0.37778063293721015,0.2874573020387874,0.4780218428852276,0.2509242454390936
300,0.4,120,52,54,8,4,6,False,ok,selected_multi_metric_xb_worsening_patience,sample_select_project,1.397621801999776,0.0,0.001645476000248891,0.014798443000017869,1.3992672780000248,1.4140657210000427,6,0.04906288039530402,0.31504209390701177,0.34724968103046316,0.3919990248988473,0.3367993644966652,0.4872134757754111,0.2679195523363036
300,0.4,120,53,52,8,4,8,False,ok,selected_multi_metric_max_k,sample_select_full_fit,2.344439187000262,0.5324675249999018,0.0,0.042644925999866246,2.8769067120001637,2.91955163800003,8,0.0751001502284028,0.14144254282756055,0.41007040783427473,0.46897627311045426,0.35629484849457954,0.5741292929304576,0.3551994582194894
300,0.4,120,53,52,8,4,8,False,ok,selected_multi_metric_max_k,sample_select_project,2.344439187000262,0.0,0.005634187999930873,0.06039073100009773,2.3500733750001928,2.4104641060002905,8,0.0702779888358424,0.14211626705755956,0.30827675546153255,0.4591245730863118,0.3812321820001394,0.5494000929304798,0.3437168321402187
300,0.4,120,53,53,8,5,8,False,ok,selected_multi_metric_xb_worsening_patience,sample_select_full_fit,2.2954652270000224,0.3421900890002689,0.0,0.016234809000252426,2.6376553160002914,2.6538901250005438,8,0.0751001502284028,0.14144253916266766,0.5583341333731527,0.46897627311045426,0.35629484849457954,0.5741292929304574,0.3551994582194894
300,0.4,120,53,53,8,5,8,False,ok,selected_multi_metric_xb_worsening_patience,sample_select_project,2.2954652270000224,0.0,0.0013967120003144373,0.01665943000034531,2.296861939000337,2.313521369000682,8,0.06410310009385183,0.14375840512247917,0.3957441858225916,0.4755477249673525,0.4031384911451858,0.5555804045015048,0.3414899706074655
300,0.4,120,53,54,8,4,7,False,ok,selected_multi_metric_xb_worsening_patience,sample_select_full_fit,2.5039458480000576,0.4879947429999447,0.0,0.029643953000231704,2.9919405910000023,3.021584544000234,7,0.0710928183519717,0.16279005759283818,0.4140719177396751,0.4844249717179408,0.39071971339584194,0.5624700062878575,0.33743974815186834
300,0.4,120,53,54,8,4,7,False,ok,selected_multi_metric_xb_worsening_patience,sample_select_project,2.5039458480000576,0.0,0.0034865960001297935,0.03080033700007334,2.5074324440001874,2.5382327810002607,7,0.060379110461799425,0.16006410611116395,0.36805260168294257,0.39440637086298114,0.31198776926136706,0.48088325455114306,0.27908829355746806
300,0.4,120,54,52,8,4,8,False,ok,selected_multi_metric_max_k,sample_select_full_fit,2.769111712999802,0.5127176460000555,0.0,0.01798363700027039,3.2818293589998575,3.299812996000128,8,0.0751001502284028,0.14144254282756055,0.41007040783427473,0.46897627311045426,0.35629484849457954,0.5741292929304576,0.3551994582194894
300,0.4,120,54,52,8,4,8,False,ok,selected_multi_metric_max_k,sample_select_project,2.769111712999802,0.0,0.003286513000148261,0.02511128700007248,2.7723982259999502,2.7975095130000227,8,0.06026720526199591,0.14634539200472457,0.3152546933653377,0.4329074709178489,0.3825355109450227,0.5312967242672367,0.30776740190254964
300,0.4,120,54,53,8,5,8,False,ok,selected_multi_metric_max_k,sample_select_full_fit,2.721443191999697,0.36027948400032983,0.0,0.043137663999914366,3.0817226760000267,3.124860339999941,8,0.0751001502284028,0.14144253916266766,0.5583341333731527,0.46897627311045426,0.35629484849457954,0.5741292929304574,0.3551994582194894
300,0.4,120,54,53,8,5,8,False,ok,selected_multi_metric_max_k,sample_select_project,2.721443191999697,0.0,0.003663125000002765,0.03652667599999404,2.7251063169996996,2.7616329929996937,8,0.06006492996051563,0.15373243130972342,0.3170210555137222,0.3547291941099739,0.25514067160570614,0.5080601440882522,0.29531527176554456
300,0.4,120,54,54,8,4,8,False,ok,selected_multi_metric_xb_worsening_patience,sample_select_full_fit,2.653260027000215,0.3488004259997979,0.0,0.015111136000086844,3.002060453000013,3.0171715890000996,8,0.07535424766307643,0.14325240787399762,0.35685435437385526,0.459026067386859,0.3427757480561979,0.5812309086398255,0.3577274750762655
300,0.4,120,54,54,8,4,8,False,ok,selected_multi_metric_xb_worsening_patience,sample_select_project,2.653260027000215,0.0,0.0016265809999822523,0.014958711999952357,2.654886608000197,2.6698453200001495,8,0.049954916334134875,0.1804880927169757,0.2979371154274174,0.402945536396649,0.3019103816871633,0.5152526079218794,0.28834220489963075
300,0.4,120,55,52,8,4,7,False,ok,selected_multi_metric_xb_worsening_patience,sample_select_full_fit,2.057352276999609,0.3858024579999437,0.0,0.03828144599992811,2.4431547349995526,2.4814361809994807,7,0.0710928183519717,0.16279000423672318,0.4140719177396751,0.48442497171794086,0.39071971339584194,0.5624700062878575,0.33743974815186834
300,0.4,120,55,52,8,4,7,False,ok,selected_multi_metric_xb_worsening_patience,sample_select_project,2.057352276999609,0.0,0.005286659999910626,0.05572159000030297,2.0626389369995195,2.1183605269998225,7,0.05439234474571496,0.15507144413204077,0.34845177495897023,0.3755333373623088,0.2784824306575504,0.502247775211865,0.276068490128739
300,0.4,120,55,53,8,5,6,False,ok,selected_multi_metric_xb_worsening_patience,sample_select_full_fit,1.9787458319997313,0.312901790000069,0.0,0.017776189999949565,2.2916476219998003,2.30942381199975,6,0.06268494465680813,0.18373730295630242,0.40364843162477515,0.3934912784498073,0.2984944934196491,0.4906280568757003,0.26293798504089255
300,0.4,120,55,53,8,5,6,False,ok,selected_multi_metric_xb_worsening_patience,sample_select_project,1.9787458319997313,0.0,0.0016489620002175798,0.01465954299965233,1.9803947939999489,1.9950543369996012,6,0.04758729964467312,0.1933387702104883,0.252796699974404,0.34487055292638175,0.2790157032255996,0.43888926115706095,0.2272906811518607
300,0.4,120,55,54,8,4,7,False,ok,selected_multi_metric_xb_worsening_patience,sample_select_full_fit,2.0374856510002246,0.45117440900003203,0.0,0.023786238999946363,2.4886600600002566,2.512446299000203,7,0.0710928183519717,0.16279005759283818,0.4140719177396751,0.4844249717179408,0.39071971339584194,0.5624700062878575,0.33743974815186834
300,0.4,120,55,54,8,4,7,False,ok,selected_multi_metric_xb_worsening_patience,sample_select_project,2.0374856510002246,0.0,0.005540954000025522,0.02041871399978845,2.04302660500025,2.0634453190000386,7,0.046027830639013216,0.17647232822005865,0.2571749180958286,0.35298972077239915,0.27401518752149356,0.4545597531900447,0.24197940382188513
300,0.4,120,56,52,8,4,5,False,ok,selected_multi_metric_xb_worsening_patience,sample_select_full_fit,1.0987676469999315,0.4168331649998436,0.0,0.03851523100001941,1.515600811999775,1.5541160429997944,5,0.052722513342384994,0.2276128125395684,0.6651646272086402,0.4173608384537977,0.35431141027117646,0.47478239853169124,0.2331926756745336
300,0.4,120,56,52,8,4,5,False,ok,selected_multi_metric_xb_worsening_patience,sample_select_project,1.0987676469999315,0.0,0.0016245369997704984,0.03845194399991669,1.100392183999702,1.1388441279996186,5,0.048561073670217204,0.21296090736413054,0.3458457018116578,0.28734751395705627,0.22189768927466072,0.4172176189949581,0.19669623576560047
300,0.4,120,56,53,8,5,5,True,ok,selected_multi_metric_xb_worsening_patience,sample_select_full_fit,1.1243236929999512,0.34102539999958026,0.0,0.03237563299990143,1.4653490929995314,1.4977247259994328,5,0.052722513342384994,0.22761282019068615,1.0,0.41736083845379773,0.35431141027117646,0.47478239853169124,0.2331926756745336
300,0.4,120,56,53,8,5,5,True,ok,selected_multi_metric_xb_worsening_patience,sample_select_project,1.1243236929999512,0.0,0.0013750719999734429,0.03210834499986959,1.1256987649999246,1.1578071099997942,5,0.048561073670217204,0.21296136302104557,0.32631676421776806,0.28734751395705627,0.22189768927466072,0.4172176189949582,0.19669623576560047
300,0.4,120,56,54,8,4,5,False,ok,selected_multi_metric_xb_worsening_patience,sample_select_full_fit,1.2683284820000154,0.37316333799981294,0.0,0.029401832000075956,1.6414918199998283,1.6708936519999043,5,0.052722513342384994,0.22761306488777777,0.6651646272086402,0.41736083845379773,0.35431141027117646,0.47478239853169124,0.2331926756745336
300,0.4,120,56,54,8,4,5,False,ok,selected_multi_metric_xb_worsening_patience,sample_select_project,1.2683284820000154,0.0,0.00544400399985534,0.03748051399998076,1.2737724859998707,1.3112529999998515,5,0.048561073670217204,0.21296089930022066,0.3458457018116578,0.28734751395705627,0.22189768927466072,0.4172176189949581,0.19669623576560047
300,0.5,150,52,52,10,4,6,False,ok,selected_multi_metric_xb_worsening_patience,sample_select_full_fit,2.082324220999908,0.3175206129999424,0.0,0.015483829000004334,2.3998448339998504,2.4153286629998547,6,0.054057845425899045,0.20506492259976972,0.5566887969207028,0.37778063293721015,0.2874573020387874,0.4780218428852275,0.2509242454390936
300,0.5,150,52,52,10,4,6,False,ok,selected_multi_metric_xb_worsening_patience,sample_select_project,2.082324220999908,0.0,0.0014055589999770746,0.014766443000098661,2.083729779999885,2.0984962229999837,6,0.05043228021209795,0.1882130013443618,0.41463715475796487,0.3550679203386588,0.2566302369885333,0.44101611193571005,0.2184229804316289
300,0.5,150,52,53,10,5,7,False,ok,selected_multi_metric_xb_worsening_patience,sample_select_full_fit,1.920084002999829,0.5061017930001981,0.0,0.03349892500000351,2.426185796000027,2.4596847210000305,7,0.07053618713964227,0.16777461719858752,0.5709304599341962,0.46913443016085826,0.37942997315003496,0.5701733561581362,0.33828023078014835
300,0.5,150,52,53,10,5,7,False,ok,selected_multi_metric_xb_worsening_patience,sample_select_project,1.920084002999829,0.0,0.003458995000073628,0.029380000999935874,1.9235429979999026,1.9529229989998385,7,0.060535606196837864,0.19150471814464073,0.4946142264575315,0.46142920373052826,0.3530427009812258,0.5209016497345624,0.29518442773378983
300,0.5,150,52,54,10,4,6,False,ok,selected_multi_metric_xb_worsening_patience,sample_select_full_fit,2.0736344480001208,0.34099435100006303,0.0,0.0384944830002496,2.414628799000184,2.4531232820004334,6,0.054057845425899045,0.20506490377981085,0.5566887969207028,0.37778063293721015,0.2874573020387874,0.4780218428852276,0.2509242454390936
300,0.5,150,52,54,10,4,6,False,ok,selected_multi_metric_xb_worsening_patience,sample_select_project,2.0736344480001208,0.0,0.002856731999600015,0.036105352000049606,2.0764911799997208,2.1125965319997704,6,0.05043228021209795,0.18821293466355296,0.41463715475796487,0.3550679203386588,0.2566302369885333,0.44101611193571005,0.2184229804316289
300,0.5,150,53,52,10,4,3,False,ok,selected_multi_metric_xb_worsening_patience,sample_select_full_fit,1.5329102419996161,0.33955560999993395,0.0,0.016223887999785802,1.87246585199955,1.8886897399993359,3,0.0469660535166374,0.24021339257954794,0.6427009116389758,0.29701123163428,0.19363669160138783,0.3435448544275221,0.1111000198837583
300,0.5,150,53,52,10,4,3,False,ok,selected_multi_metric_xb_worsening_patience,sample_select_project,1.5329102419996161,0.0,0.0012152040003456932,0.020224641999902815,1.5341254459999618,1.5543500879998646,3,0.04577894569634245,0.2938656728614315,0.5524923707742778,0.2899194360105073,0.1893508543552134,0.32799721050320924,0.11201364603528628
300,0.5,150,53,53,10,5,5,True,ok,selected_multi_metric_xb_worsening_patience,sample_select_full_fit,1.5636018870000044,0.3903084429998671,0.0,0.04754859300010139,1.9539103299998715,2.001458922999973,5,0.052722513342384994,0.22761282019068615,1.0,0.41736083845379773,0.35431141027117646,0.47478239853169124,0.2331926756745336
300,0.5,150,53,53,10,5,5,True,ok,selected_multi_metric_xb_worsening_patience,sample_select_project,1.5636018870000044,0.0,0.003336626999953296,0.020016654999835737,1.5669385139999576,1.5869551689997934,5,0.048951932031555616,0.23171908052336382,0.44607631289413835,0.41278151613893926,0.35987522414957307,0.4495697396317799,0.23095807255462691
300,0.5,150,53,54,10,4,6,False,ok,selected_multi_metric_xb_worsening_patience,sample_select_full_fit,1.519385745999898,0.27479242400022486,0.0,0.01423250800007736,1.794178170000123,1.8084106780002003,6,0.054057845425899045,0.20506490377981085,0.5566887969207028,0.37778063293721015,0.2874573020387874,0.4780218428852276,0.2509242454390936
300,0.5,150,53,54,10,4,6,False,ok,selected_multi_metric_xb_worsening_patience,sample_select_project,1.519385745999898,0.0,0.0012307739998504985,0.028560844999901747,1.5206165199997486,1.5491773649996503,6,0.05207097880685011,0.20017540211433635,0.2749234332582794,0.35788231392616215,0.27505390942568436,0.4770342395967664,0.25951618003748056
300,0.5,150,54,52,10,4,7,False,ok,selected_multi_metric_xb_worsening_patience,sample_select_full_fit,2.159817786000076,0.4055961770000067,0.0,0.05421604599996499,2.5654139630000827,2.6196300090000477,7,0.0710928183519717,0.16279000423672318,0.4140719177396751,0.48442497171794086,0.39071971339584194,0.5624700062878575,0.33743974815186834
300,0.5,150,54,52,10,4,7,False,ok,selected_multi_metric_xb_worsening_patience,sample_select_project,2.159817786000076,0.0,0.005613378999896668,0.04979882499992527,2.1654311649999727,2.215229989999898,7,0.06080089590657892,0.16313981605385125,0.4346400145783288,0.36651325389586803,0.27077552810367905,0.5032592375555371,0.277199268123376
300,0.5,150,54,53,10,5,7,False,ok,selected_multi_metric_xb_worsening_patience,sample_select_full_fit,2.2787449920001563,0.46244000900014726,0.0,0.03261838500020531,2.7411850010003036,2.773803386000509,7,0.07053618713964227,0.16777461719858752,0.5709304599341962,0.46913443016085826,0.37942997315003496,0.5701733561581362,0.33828023078014835
300,0.5,150,54,53,10,5,7,False,ok,selected_multi_metric_xb_worsening_patience,sample_select_project,2.2787449920001563,0.0,0.0014109690000623232,0.014978146999965247,2.2801559610002187,2.295134108000184,7,0.06335324465373895,0.17053009265006874,0.3545752051094853,0.3651703977833414,0.24012976984739823,0.5251147478482721,0.2791219852115675
300,0.5,150,54,54,10,4,7,False,ok,selected_multi_metric_xb_worsening_patience,sample_select_full_fit,2.331213164000019,0.4436993219997021,0.0,0.019212636999782262,2.774912485999721,2.794125122999503,7,0.0710928183519717,0.16279005759283818,0.4140719177396751,0.4844249717179408,0.39071971339584194,0.5624700062878575,0.33743974815186834
300,0.5,150,54,54,10,4,7,False,ok,selected_multi_metric_xb_worsening_patience,sample_select_project,2.331213164000019,0.0,0.0012671710001086467,0.01605563399971288,2.3324803350001275,2.3485359689998404,7,0.05672709298654661,0.1703154853252577,0.4102024187498749,0.32144774766104645,0.2035414541494011,0.48129049266418306,0.2549650028226018
300,0.5,150,55,52,10,4,6,False,ok,selected_multi_metric_xb_worsening_patience,sample_select_full_fit,2.1229619160003494,0.3149577999997746,0.0,0.015083524000147008,2.437919716000124,2.453003240000271,6,0.054057845425899045,0.20506492259976972,0.5566887969207028,0.37778063293721015,0.2874573020387874,0.4780218428852275,0.2509242454390936
300,0.5,150,55,52,10,4,6,False,ok,selected_multi_metric_xb_worsening_patience,sample_select_project,2.1229619160003494,0.0,0.0016279540000141424,0.014546534000146494,2.1245898700003636,2.13913640400051,6,0.053448880273375084,0.19680570615917561,0.2745375374274919,0.45087072202112605,0.4050495904052404,0.4876690214910808,0.26625076466351505
300,0.5,150,55,53,10,5,7,False,ok,selected_multi_metric_xb_worsening_patience,sample_select_full_fit,2.0617776210001466,0.5845055400000092,0.0,0.014276289000008546,2.646283161000156,2.6605594500001644,7,0.07053618713964227,0.16777461719858752,0.5709304599341962,0.46913443016085826,0.37942997315003496,0.5701733561581362,0.33828023078014835
300,0.5,150,55,53,10,5,7,False,ok,selected_multi_metric_xb_worsening_patience,sample_select_project,2.0617776210001466,0.0,0.0012641550001717405,0.017131169000094815,2.0630417760003184,2.080172945000413,7,0.05956718162830024,0.18316615228585287,0.3033643024936401,0.43588432359519697,0.36707293952852327,0.4982528712708804,0.2859695464384732
300,0.5,150,55,54,10,4,7,False,ok,selected_multi_metric_xb_worsening_patience,sample_select_full_fit,2.083126944000014,0.3573975670001346,0.0,0.04450539299978118,2.4405245110001488,2.48502990399993,7,0.0710928183519717,0.16279005759283818,0.4140719177396751,0.4844249717179408,0.39071971339584194,0.5624700062878575,0.33743974815186834
300,0.5,150,55,54,10,4,7,False,ok,selected_multi_metric_xb_worsening_patience,sample_select_project,2.083126944000014,0.0,0.005656278000060411,0.03201418900016506,2.0887832220000746,2.1207974110002397,7,0.05960048236477156,0.16663035026965534,0.2841001835895902,0.3991871690800926,0.32541366445895675,0.5093172728269243,0.30393713793168237
300,0.5,150,56,52,10,4,7,False,ok,selected_multi_metric_xb_worsening_patience,sample_select_full_fit,2.5804805369998576,0.36441547000003993,0.0,0.07237199400015015,2.9448960069998975,3.0172680010000477,7,0.0710928183519717,0.16279000423672318,0.4140719177396751,0.48442497171794086,0.39071971339584194,0.5624700062878575,0.33743974815186834
300,0.5,150,56,52,10,4,7,False,ok,selected_multi_metric_xb_worsening_patience,sample_select_project,2.5804805369998576,0.0,0.0016721649999453803,0.020613958000012644,2.582152701999803,2.6027666599998156,7,0.05671216826101201,0.17334837097556463,0.3775975417128368,0.3597834731720497,0.2707533746978831,0.46327736260385205,0.247658428141961
300,0.5,150,56,53,10,5,8,False,ok,selected_multi_metric_max_k,sample_select_full_fit,2.7379950890003784,0.3445232669996585,0.0,0.01896074799969938,3.082518356000037,3.1014791039997363,8,0.0751001502284028,0.14144253916266766,0.5583341333731527,0.46897627311045426,0.35629484849457954,0.5741292929304574,0.3551994582194894
300,0.5,150,56,53,10,5,8,False,ok,selected_multi_metric_max_k,sample_select_project,2.7379950890003784,0.0,0.0056110249997800565,0.027270961999875,2.7436061140001584,2.7708770760000334,8,0.06452336028812487,0.1574979846484326,0.3857499465869519,0.3908092882367801,0.28883060098142915,0.516910342718067,0.3028872626748389
300,0.5,150,56,54,10,4,6,False,ok,selected_multi_metric_xb_worsening_patience,sample_select_full_fit,2.7538005250003152,0.3411715409997669,0.0,0.05146621199992296,3.094972066000082,3.146438278000005,6,0.054057845425899045,0.20506490377981085,0.5566887969207028,0.37778063293721015,0.2874573020387874,0.4780218428852276,0.2509242454390936
300,0.5,150,56,54,10,4,6,False,ok,selected_multi_metric_xb_worsening_patience,sample_select_project,2.7538005250003152,0.0,0.003334753999752138,0.029763986000034492,2.7571352790000674,2.786899265000102,6,0.056467556897547656,0.19913329405569638,0.4024509338824234,0.34362931607250574,0.2536519464272301,0.44051579684397374,0.21677116428455248
300,0.7,210,52,52,14,4,7,False,ok,selected_multi_metric_xb_worsening_patience,sample_select_full_fit,2.2915533870000218,0.4471195850001095,0.0,0.07206731599990235,2.7386729720001313,2.8107402880000336,7,0.0710928183519717,0.16279000423672318,0.4140719177396751,0.48442497171794086,0.39071971339584194,0.5624700062878575,0.33743974815186834
300,0.7,210,52,52,14,4,7,False,ok,selected_multi_metric_xb_worsening_patience,sample_select_project,2.2915533870000218,0.0,0.0036362450000524404,0.04890889699981926,2.295189632000074,2.3440985289998935,7,0.06864201030455039,0.16939351678075654,0.3876074602505272,0.48656276584068764,0.3853221582682706,0.5634585748969024,0.32557504340870513
300,0.7,210,52,53,14,5,7,False,ok,selected_multi_metric_xb_worsening_patience,sample_select_full_fit,2.194362240999908,0.5560607739998886,0.0,0.040913990999797534,2.7504230149997966,2.791337005999594,7,0.07053618713964227,0.16777461719858752,0.5709304599341962,0.46913443016085826,0.37942997315003496,0.5701733561581362,0.33828023078014835
300,0.7,210,52,53,14,5,7,False,ok,selected_multi_metric_xb_worsening_patience,sample_select_project,2.194362240999908,0.0,0.0037561690000984527,0.031243633000030968,2.1981184100000064,2.2293620430000374,7,0.06864201030455039,0.16939351848805323,0.5235279646789208,0.4865627658406877,0.3853221582682706,0.5634585748969024,0.32557504340870513
300,0.7,210,52,54,14,4,7,False,ok,selected_multi_metric_xb_worsening_patience,sample_select_full_fit,2.297475261999807,0.4380221139999776,0.0,0.015002152000306523,2.7354973759997847,2.7504995280000912,7,0.0710928183519717,0.16279005759283818,0.4140719177396751,0.4844249717179408,0.39071971339584194,0.5624700062878575,0.33743974815186834
300,0.7,210,52,54,14,4,7,False,ok,selected_multi_metric_xb_worsening_patience,sample_select_project,2.297475261999807,0.0,0.0016291060001094593,0.01502878100018279,2.2991043679999166,2.3141331490000994,7,0.06864201030455039,0.16939351524700844,0.3876074602505272,0.4865627658406877,0.3853221582682706,0.5634585748969024,0.32557504340870513
300,0.7,210,53,52,14,4,4,True,ok,selected_multi_metric_xb_worsening_patience,sample_select_full_fit,1.3615834859997449,0.5549910980003006,0.0,0.015095205000307033,1.9165745840000454,1.9316697890003525,4,0.05264709102478441,0.19826627199703278,1.0,0.37561186527719603,0.27513754634293175,0.4360650395393033,0.1755484322242213
300,0.7,210,53,52,14,4,4,True,ok,selected_multi_metric_xb_worsening_patience,sample_select_project,1.3615834859997449,0.0,0.001536171999759972,0.014722270000220306,1.3631196579995049,1.3778419279997252,4,0.052582212623831046,0.23038268775239618,0.6935639422118091,0.35879306110846515,0.28717889132929886,0.41681623949399355,0.17853936255405478
300,0.7,210,53,53,14,5,5,True,ok,selected_multi_metric_xb_worsening_patience,sample_select_full_fit,1.0976113120000264,0.37190461599993796,0.0,0.035265395999886096,1.4695159279999643,1.5047813239998504,5,0.052722513342384994,0.22761282019068615,1.0,0.41736083845379773,0.35431141027117646,0.47478239853169124,0.2331926756745336
300,0.7,210,53,53,14,5,5,True,ok,selected_multi_metric_xb_worsening_patience,sample_select_project,1.0976113120000264,0.0,0.0033915500002876797,0.034827951999886864,1.101002862000314,1.135830814000201,5,0.05425174648097671,0.22734722847510178,0.6630949380129494,0.40248990587314065,0.35192894454726376,0.46638877545174534,0.23552108899019458
300,0.7,210,53,54,14,4,4,True,ok,selected_multi_metric_xb_worsening_patience,sample_select_full_fit,1.4604986419999477,0.5718627359997299,0.0,0.022322831999645132,2.0323613779996776,2.0546842099993228,4,0.05264709102478441,0.19826581645106717,1.0,0.3756118652771959,0.27513754634293175,0.43606503953930337,0.1755484322242213
300,0.7,210,53,54,14,4,4,True,ok,selected_multi_metric_xb_worsening_patience,sample_select_project,1.4604986419999477,0.0,0.004093917999853147,0.014957709000100294,1.4645925599998009,1.4795502689999012,4,0.052582212623831046,0.2303826889655284,0.6935639422118091,0.3587930611084651,0.28717889132929886,0.41681623949399366,0.17853936255405478
300,0.7,210,54,52,14,4,7,False,ok,selected_multi_metric_xb_worsening_patience,sample_select_full_fit,2.3995011790002536,0.41801286300005813,0.0,0.02542293799979234,2.8175140420003117,2.842936980000104,7,0.0710928183519717,0.16279000423672318,0.4140719177396751,0.48442497171794086,0.39071971339584194,0.5624700062878575,0.33743974815186834
300,0.7,210,54,52,14,4,7,False,ok,selected_multi_metric_xb_worsening_patience,sample_select_project,2.3995011790002536,0.0,0.0036073709998163395,0.04201517299998159,2.40310855000007,2.4451237230000515,7,0.06254766514182274,0.15999884062698477,0.38084803244995225,0.3639936495138212,0.264759857623279,0.49657746029840216,0.2797121841819171
300,0.7,210,54,53,14,5,7,False,ok,selected_multi_metric_xb_worsening_patience,sample_select_full_fit,2.707648597000116,0.41115052700024535,0.0,0.0147980510000707,3.118799124000361,3.133597175000432,7,0.07053618713964227,0.16777461719858752,0.5709304599341962,0.46913443016085826,0.37942997315003496,0.5701733561581362,0.33828023078014835
300,0.7,210,54,53,14,5,7,False,ok,selected_multi_metric_xb_worsening_patience,sample_select_project,2.707648597000116,0.0,0.0012420640000527783,0.01626535600007628,2.7088906610001686,2.725156017000245,7,0.06090666218649035,0.1512632193454542,0.4385789841042421,0.37069179945949043,0.28003863387615435,0.4977768394196868,0.27066865970565673
300,0.7,210,54,54,14,4,7,False,ok,selected_multi_metric_xb_worsening_patience,sample_select_full_fit,2.7256446750002397,0.5125240759998633,0.0,0.022584890999951313,3.238168751000103,3.2607536420000542,7,0.0710928183519717,0.16279005759283818,0.4140719177396751,0.4844249717179408,0.39071971339584194,0.5624700062878575,0.33743974815186834
300,0.7,210,54,54,14,4,7,False,ok,selected_multi_metric_xb_worsening_patience,sample_select_project,2.7256446750002397,0.0,0.0015935589999571675,0.01476026099999217,2.727238234000197,2.741998495000189,7,0.06280968095786096,0.15739007072193525,0.4214236151460342,0.3945943689350448,0.28301541274758124,0.5246801460836163,0.29680622689151703
300,0.7,210,55,52,14,4,6,False,ok,selected_multi_metric_xb_worsening_patience,sample_select_full_fit,1.6924903620001714,0.34594361399967966,0.0,0.022395126999981585,2.038433975999851,2.0608291029998327,6,0.054057845425899045,0.20506492259976972,0.5566887969207028,0.37778063293721015,0.2874573020387874,0.4780218428852275,0.2509242454390936
300,0.7,210,55,52,14,4,6,False,ok,selected_multi_metric_xb_worsening_patience,sample_select_project,1.6924903620001714,0.0,0.001263654000013048,0.019939662000069802,1.6937540160001845,1.7136936780002543,6,0.05523893169637309,0.18630722311992615,0.40622110774921877,0.3283562868972607,0.24102381938605805,0.44801160436837933,0.235946961283282
300,0.7,210,55,53,14,5,6,False,ok,selected_multi_metric_xb_worsening_patience,sample_select_full_fit,1.766866673000095,0.5995552029999089,0.0,0.06140224499995384,2.366421876000004,2.427824120999958,6,0.06268494465680813,0.18373730295630242,0.40364843162477515,0.3934912784498073,0.2984944934196491,0.4906280568757003,0.26293798504089255
300,0.7,210,55,53,14,5,6,False,ok,selected_multi_metric_xb_worsening_patience,sample_select_project,1.766866673000095,0.0,0.006288456000220322,0.05725025900028413,1.7731551290003154,1.8304053880005995,6,0.05523893169637309,0.18630723831086538,0.35801345027494036,0.3283562868972607,0.24102381938605805,0.4480116043683793,0.235946961283282
300,0.7,210,55,54,14,4,6,False,ok,selected_multi_metric_xb_worsening_patience,sample_select_full_fit,1.7422404440003447,0.39764344000013807,0.0,0.015215029000046343,2.139883884000483,2.155098913000529,6,0.054057845425899045,0.20506490377981085,0.5566887969207028,0.37778063293721015,0.2874573020387874,0.4780218428852276,0.2509242454390936
300,0.7,210,55,54,14,4,6,False,ok,selected_multi_metric_xb_worsening_patience,sample_select_project,1.7422404440003447,0.0,0.001626651000151469,0.014743911000095977,1.7438670950004962,1.7586110060005922,6,0.05523893169637309,0.1863070880806431,0.40622110774921877,0.3283562868972607,0.24102381938605805,0.4480116043683793,0.235946961283282
300,0.7,210,56,52,14,4,4,True,ok,selected_multi_metric_xb_worsening_patience,sample_select_full_fit,1.283297432999916,0.5963886429999548,0.0,0.017168238000067504,1.8796860759998708,1.8968543139999383,4,0.05264709102478441,0.19826627199703278,1.0,0.37561186527719603,0.27513754634293175,0.4360650395393033,0.1755484322242213
300,0.7,210,56,52,14,4,4,True,ok,selected_multi_metric_xb_worsening_patience,sample_select_project,1.283297432999916,0.0,0.001383778000217717,0.014771883000321395,1.2846812110001338,1.2994530940004552,4,0.05010712553182178,0.24207089170390864,0.3749892048542348,0.34672675711717266,0.2764496241015889,0.40291211304436625,0.1832485329552303
300,0.7,210,56,53,14,5,5,True,ok,selected_multi_metric_xb_worsening_patience,sample_select_full_fit,1.227531018999798,0.34951083899977675,0.0,0.03668674499976987,1.5770418579995749,1.6137286029993447,5,0.052722513342384994,0.22761282019068615,1.0,0.41736083845379773,0.35431141027117646,0.47478239853169124,0.2331926756745336
300,0.7,210,56,53,14,5,5,True,ok,selected_multi_metric_xb_worsening_patience,sample_select_project,1.227531018999798,0.0,0.0012431760001163639,0.054247116000169626,1.2287741949999145,1.283021311000084,5,0.05617644368230406,0.20055162506098248,0.5082395577855682,0.3652154906801549,0.30914726078689464,0.4439245167704679,0.22625360889672516
300,0.7,210,56,54,14,4,5,False,ok,selected_multi_metric_xb_worsening_patience,sample_select_full_fit,1.1155167350002557,0.4160667459996148,0.0,0.03827186799981064,1.5315834809998705,1.5698553489996812,5,0.052722513342384994,0.22761306488777777,0.6651646272086402,0.41736083845379773,0.35431141027117646,0.47478239853169124,0.2331926756745336
300,0.7,210,56,54,14,4,5,False,ok,selected_multi_metric_xb_worsening_patience,sample_select_project,1.1155167350002557,0.0,0.003675920000205224,0.03127093400007652,1.119192655000461,1.1504635890005375,5,0.05617644368230406,0.20055162764436998,0.5162310104012116,0.36521549068015485,0.30914726078689464,0.44392451677046785,0.22625360889672516
300,1.0,300,52,52,20,4,4,True,ok,selected_multi_metric_xb_worsening_patience,sample_select_full_fit,1.7125548340000023,0.7635588450002615,0.0,0.047291714000039065,2.476113679000264,2.523405393000303,4,0.05264709102478441,0.19826627199703278,1.0,0.37561186527719603,0.27513754634293175,0.4360650395393033,0.1755484322242213
300,1.0,300,52,52,20,4,4,True,ok,selected_multi_metric_xb_worsening_patience,sample_select_project,1.7125548340000023,0.0,0.012461027999961516,0.052870220000386325,1.7250158619999638,1.7778860820003501,4,0.05264709102478441,0.19826627199703276,1.0,0.37561186527719603,0.27513754634293175,0.4360650395393033,0.1755484322242213
300,1.0,300,52,53,20,5,5,True,ok,selected_multi_metric_xb_worsening_patience,sample_select_full_fit,1.5157053259999884,0.3253950459998123,0.0,0.04111015700027565,1.8411003719998007,1.8822105290000763,5,0.052722513342384994,0.22761282019068615,1.0,0.41736083845379773,0.35431141027117646,0.47478239853169124,0.2331926756745336
300,1.0,300,52,53,20,5,5,True,ok,selected_multi_metric_xb_worsening_patience,sample_select_project,1.5157053259999884,0.0,0.00666925599989554,0.050724309999623074,1.522374581999884,1.573098891999507,5,0.052722513342384994,0.22761282019068615,1.0,0.41736083845379773,0.35431141027117646,0.47478239853169124,0.2331926756745336
300,1.0,300,52,54,20,4,4,True,ok,selected_multi_metric_xb_worsening_patience,sample_select_full_fit,1.7077607339997485,0.655060813000091,0.0,0.05579935600007957,2.3628215469998395,2.418620902999919,4,0.05264709102478441,0.19826581645106717,1.0,0.3756118652771959,0.27513754634293175,0.43606503953930337,0.1755484322242213
300,1.0,300,52,54,20,4,4,True,ok,selected_multi_metric_xb_worsening_patience,sample_select_project,1.7077607339997485,0.0,0.0014740569999958097,0.014738600999862683,1.7092347909997443,1.723973391999607,4,0.05264709102478441,0.19826581645106717,1.0,0.3756118652771959,0.27513754634293175,0.43606503953930337,0.1755484322242213
300,1.0,300,53,52,20,4,4,True,ok,selected_multi_metric_xb_worsening_patience,sample_select_full_fit,1.685897828999714,0.5100599349998447,0.0,0.04250459500008219,2.1959577639995587,2.238462358999641,4,0.05264709102478441,0.19826627199703278,1.0,0.37561186527719603,0.27513754634293175,0.4360650395393033,0.1755484322242213
300,1.0,300,53,52,20,4,4,True,ok,selected_multi_metric_xb_worsening_patience,sample_select_project,1.685897828999714,0.0,0.0036200249996909406,0.03151800399973581,1.689517853999405,1.7210358579991407,4,0.05264709102478441,0.19826627199703276,1.0,0.37561186527719603,0.27513754634293175,0.4360650395393033,0.1755484322242213
300,1.0,300,53,53,20,5,5,True,ok,selected_multi_metric_xb_worsening_patience,sample_select_full_fit,1.615257429000394,0.38045973599992067,0.0,0.015253409999786527,1.9957171650003147,2.0109705750001012,5,0.052722513342384994,0.22761282019068615,1.0,0.41736083845379773,0.35431141027117646,0.47478239853169124,0.2331926756745336
300,1.0,300,53,53,20,5,5,True,ok,selected_multi_metric_xb_worsening_patience,sample_select_project,1.615257429000394,0.0,0.0014232510002329946,0.014881326999784505,1.616680680000627,1.6315620070004115,5,0.052722513342384994,0.22761282019068615,1.0,0.41736083845379773,0.35431141027117646,0.47478239853169124,0.2331926756745336
300,1.0,300,53,54,20,4,4,True,ok,selected_multi_metric_xb_worsening_patience,sample_select_full_fit,2.0266305529999045,0.547066144999917,0.0,0.03845251399980043,2.5736966979998215,2.612149211999622,4,0.05264709102478441,0.19826581645106717,1.0,0.3756118652771959,0.27513754634293175,0.43606503953930337,0.1755484322242213
300,1.0,300,53,54,20,4,4,True,ok,selected_multi_metric_xb_worsening_patience,sample_select_project,2.0266305529999045,0.0,0.0036402219998308283,0.03888567200010584,2.0302707749997353,2.069156446999841,4,0.05264709102478441,0.19826581645106717,1.0,0.3756118652771959,0.27513754634293175,0.43606503953930337,0.1755484322242213
300,1.0,300,54,52,20,4,4,True,ok,selected_multi_metric_xb_worsening_patience,sample_select_full_fit,1.6168462690002343,0.5056387680001535,0.0,0.022248554000270815,2.122485037000388,2.1447335910006586,4,0.05264709102478441,0.19826627199703278,1.0,0.37561186527719603,0.27513754634293175,0.4360650395393033,0.1755484322242213
300,1.0,300,54,52,20,4,4,True,ok,selected_multi_metric_xb_worsening_patience,sample_select_project,1.6168462690002343,0.0,0.001605480999842257,0.026835050000045158,1.6184517500000766,1.6452868000001217,4,0.05264709102478441,0.19826627199703276,1.0,0.37561186527719603,0.27513754634293175,0.4360650395393033,0.1755484322242213
300,1.0,300,54,53,20,5,5,True,ok,selected_multi_metric_xb_worsening_patience,sample_select_full_fit,1.812198612999964,0.39841110099996513,0.0,0.04228952399989794,2.2106097139999292,2.252899237999827,5,0.052722513342384994,0.22761282019068615,1.0,0.41736083845379773,0.35431141027117646,0.47478239853169124,0.2331926756745336
300,1.0,300,54,53,20,5,5,True,ok,selected_multi_metric_xb_worsening_patience,sample_select_project,1.812198612999964,0.0,0.0016364289999728499,0.038612242999988666,1.813835041999937,1.8524472849999256,5,0.052722513342384994,0.22761282019068615,1.0,0.41736083845379773,0.35431141027117646,0.47478239853169124,0.2331926756745336
300,1.0,300,54,54,20,4,4,True,ok,selected_multi_metric_xb_worsening_patience,sample_select_full_fit,1.6524357930002225,0.6491867760000787,0.0,0.0547577550000824,2.301622569000301,2.3563803240003836,4,0.05264709102478441,0.19826581645106717,1.0,0.3756118652771959,0.27513754634293175,0.43606503953930337,0.1755484322242213
300,1.0,300,54,54,20,4,4,True,ok,selected_multi_metric_xb_worsening_patience,sample_select_project,1.6524357930002225,0.0,0.0014432590000978962,0.02545838400010325,1.6538790520003204,1.6793374360004236,4,0.05264709102478441,0.19826581645106717,1.0,0.3756118652771959,0.27513754634293175,0.43606503953930337,0.1755484322242213
300,1.0,300,55,52,20,4,4,True,ok,selected_multi_metric_xb_worsening_patience,sample_select_full_fit,1.8231452009999884,0.7127706030000809,0.0,0.01833137500034354,2.5359158040000693,2.554247179000413,4,0.05264709102478441,0.19826627199703278,1.0,0.37561186527719603,0.27513754634293175,0.4360650395393033,0.1755484322242213
300,1.0,300,55,52,20,4,4,True,ok,selected_multi_metric_xb_worsening_patience,sample_select_project,1.8231452009999884,0.0,0.0012171179996585124,0.021627746999911324,1.824362318999647,1.8459900659995583,4,0.05264709102478441,0.19826627199703276,1.0,0.37561186527719603,0.27513754634293175,0.4360650395393033,0.1755484322242213
300,1.0,300,55,53,20,5,5,True,ok,selected_multi_metric_xb_worsening_patience,sample_select_full_fit,1.6502620020000904,0.30209560799994506,0.0,0.03642246199979127,1.9523576100000355,1.9887800719998268,5,0.052722513342384994,0.22761282019068615,1.0,0.41736083845379773,0.35431141027117646,0.47478239853169124,0.2331926756745336
300,1.0,300,55,53,20,5,5,True,ok,selected_multi_metric_xb_worsening_patience,sample_select_project,1.6502620020000904,0.0,0.003907780999725219,0.03590063100000407,1.6541697829998157,1.6900704139998197,5,0.052722513342384994,0.22761282019068615,1.0,0.41736083845379773,0.35431141027117646,0.47478239853169124,0.2331926756745336
300,1.0,300,55,54,20,4,4,True,ok,selected_multi_metric_xb_worsening_patience,sample_select_full_fit,1.7342657979997966,0.5772840750000796,0.0,0.01547229800007699,2.3115498729998762,2.3270221709999532,4,0.05264709102478441,0.19826581645106717,1.0,0.3756118652771959,0.27513754634293175,0.43606503953930337,0.1755484322242213
300,1.0,300,55,54,20,4,4,True,ok,selected_multi_metric_xb_worsening_patience,sample_select_project,1.7342657979997966,0.0,0.0015664180000385386,0.01455726299991511,1.7358322159998352,1.7503894789997503,4,0.05264709102478441,0.19826581645106717,1.0,0.3756118652771959,0.27513754634293175,0.43606503953930337,0.1755484322242213
300,1.0,300,56,52,20,4,4,True,ok,selected_multi_metric_xb_worsening_patience,sample_select_full_fit,1.7950209480000012,0.4613995810000233,0.0,0.015265382000052341,2.2564205290000245,2.271685911000077,4,0.05264709102478441,0.19826627199703278,1.0,0.37561186527719603,0.27513754634293175,0.4360650395393033,0.1755484322242213
300,1.0,300,56,52,20,4,4,True,ok,selected_multi_metric_xb_worsening_patience,sample_select_project,1.7950209480000012,0.0,0.0015683420001550985,0.01619772899994132,1.7965892900001563,1.8127870190000976,4,0.05264709102478441,0.19826627199703276,1.0,0.37561186527719603,0.27513754634293175,0.4360650395393033,0.1755484322242213
300,1.0,300,56,53,20,5,5,True,ok,selected_multi_metric_xb_worsening_patience,sample_select_full_fit,1.637188444000003,0.4342134379999152,0.0,0.05814369300014732,2.0714018819999183,2.1295455750000656,5,0.052722513342384994,0.22761282019068615,1.0,0.41736083845379773,0.35431141027117646,0.47478239853169124,0.2331926756745336
300,1.0,300,56,53,20,5,5,True,ok,selected_multi_metric_xb_worsening_patience,sample_select_project,1.637188444000003,0.0,0.005203135000101611,0.08349149200012107,1.6423915790001047,1.7258830710002258,5,0.052722513342384994,0.22761282019068615,1.0,0.41736083845379773,0.35431141027117646,0.47478239853169124,0.2331926756745336
300,1.0,300,56,54,20,4,4,True,ok,selected_multi_metric_xb_worsening_patience,sample_select_full_fit,1.791840079999929,0.5589659470001607,0.0,0.015352593999978126,2.3508060270000897,2.366158621000068,4,0.05264709102478441,0.19826581645106717,1.0,0.3756118652771959,0.27513754634293175,0.43606503953930337,0.1755484322242213
300,1.0,300,56,54,20,4,4,True,ok,selected_multi_metric_xb_worsening_patience,sample_select_project,1.791840079999929,0.0,0.001351809000425419,0.015147342000091157,1.7931918890003544,1.8083392310004456,4,0.05264709102478441,0.19826581645106717,1.0,0.3756118652771959,0.27513754634293175,0.43606503953930337,0.1755484322242213
1000,1.0,1000,-1,52,20,7,7,True,ok,selected_multi_metric_xb_worsening_patience,full_selection,5.390416096000081,0.0,0.0,0.06425510999997641,5.390416096000081,5.454671206000057,7,0.0769841799396204,0.17295654821813203,,0.4676511964232385,0.39775701716310025,0.5220994753853917,0.2945682595900329
1000,1.0,1000,-1,53,20,7,7,True,ok,selected_multi_metric_xb_worsening_patience,full_selection,6.138268686999709,0.0,0.0,0.10502334000011615,6.138268686999709,6.243292026999825,7,0.08244756876823266,0.15142922532236053,,0.5348239446245465,0.49410593415624293,0.5596564960331677,0.32136661401993144
1000,1.0,1000,-1,54,20,7,7,True,ok,selected_multi_metric_xb_worsening_patience,full_selection,5.888629549000143,0.0,0.0,0.041865894999773445,5.888629549000143,5.9304954439999165,7,0.0769841799396204,0.17295629702751875,,0.46765119642323855,0.39775701716310025,0.5220994753853917,0.2945682595900329
1000,0.05,50,52,52,2,7,7,True,ok,selected_multi_metric_xb_worsening_patience,sample_select_full_fit,2.356058602000303,1.2168082900002446,0.0,0.08217668199995387,3.5728668920005475,3.6550435740005014,7,0.0769841799396204,0.172956548218132,1.0,0.4676511964232385,0.39775701716310025,0.5220994753853917,0.2945682595900329
1000,0.05,50,52,52,2,7,7,True,ok,selected_multi_metric_xb_worsening_patience,sample_select_project,2.356058602000303,0.0,0.003991096999925503,0.07132779799985656,2.3600496990002284,2.431377497000085,7,0.04516247248727333,0.17130368384523711,0.2633218546745101,0.3079476425774202,0.2500948787681157,0.3924376887618143,0.21279574153232333
1000,0.05,50,52,53,2,7,7,True,ok,selected_multi_metric_xb_worsening_patience,sample_select_full_fit,2.2646590379999907,1.1268367640000179,0.0,0.08557242899996709,3.3914958020000086,3.4770682309999756,7,0.08244756876823266,0.1514292253223605,1.0,0.5348239446245465,0.49410593415624293,0.5596564960331677,0.32136661401993144
1000,0.05,50,52,53,2,7,7,True,ok,selected_multi_metric_xb_worsening_patience,sample_select_project,2.2646590379999907,0.0,0.012021147999803361,0.08713471000010031,2.276680185999794,2.3638148959998944,7,0.046174342815625,0.18706885207183338,0.3164815384027028,0.2934062845441641,0.2633903267527112,0.36630107158770203,0.19899818238400055
1000,0.05,50,52,54,2,7,7,True,ok,selected_multi_metric_xb_worsening_patience,sample_select_full_fit,2.614048032000028,0.8379742619999888,0.0,0.10493476500005272,3.4520222940000167,3.5569570590000694,7,0.0769841799396204,0.17295629702751875,1.0,0.46765119642323855,0.39775701716310025,0.5220994753853917,0.2945682595900329
1000,0.05,50,52,54,2,7,7,True,ok,selected_multi_metric_xb_worsening_patience,sample_select_project,2.614048032000028,0.0,0.006010277999848768,0.07783518299993375,2.6200583099998767,2.6978934929998104,7,0.05433958654379573,0.1499451929478328,0.3146896654074081,0.3550446841930881,0.311089437990891,0.4344925957158949,0.2475554162796627
1000,0.05,50,53,52,2,7,7,True,ok,selected_multi_metric_max_k,sample_select_full_fit,1.9980854100003853,1.380750437000188,0.0,0.03529086400021697,3.3788358470005733,3.4141267110007902,7,0.0769841799396204,0.172956548218132,1.0,0.4676511964232385,0.39775701716310025,0.5220994753853917,0.2945682595900329
1000,0.05,50,53,52,2,7,7,True,ok,selected_multi_metric_max_k,sample_select_project,1.9980854100003853,0.0,0.0016464780001115287,0.033138995000172145,1.9997318880004968,2.032870883000669,7,0.05845375067540785,0.1718155519163828,0.4290312164352368,0.3766048489254491,0.32697187560440255,0.44510574959258076,0.24176678603954746
1000,0.05,50,53,53,2,7,6,False,ok,selected_multi_metric_xb_worsening_patience,sample_select_full_fit,2.2462838720002765,0.8239913630000046,0.0,0.08402301199976137,3.070275235000281,3.1542982470000425,6,0.07689213985203024,0.18057947672779417,0.7679198001499661,0.502679130208276,0.45083634978992093,0.5230192073828648,0.2843082151132576
1000,0.05,50,53,53,2,7,6,False,ok,selected_multi_metric_xb_worsening_patience,sample_select_project,2.2462838720002765,0.0,0.0037416420000226935,0.04479620500023884,2.250025514000299,2.294821719000538,6,0.05493822116518553,0.19159808559004524,0.4307214655369629,0.2956829223678095,0.2623293086371497,0.3681397841167071,0.18338152321651954
1000,0.05,50,53,54,2,7,7,True,ok,selected_multi_metric_xb_worsening_patience,sample_select_full_fit,2.270799168999929,0.8003977650000706,0.0,0.08205443099996046,3.0711969339999996,3.15325136499996,7,0.0769841799396204,0.17295629702751875,1.0,0.46765119642323855,0.39775701716310025,0.5220994753853917,0.2945682595900329
1000,0.05,50,53,54,2,7,7,True,ok,selected_multi_metric_xb_worsening_patience,sample_select_project,2.270799168999929,0.0,0.0021823359998052183,0.035324025000136317,2.272981504999734,2.3083055299998705,7,0.06025577293465354,0.1682052287142292,0.45643553992546837,0.37369138551074654,0.32048580049036135,0.44623527082269215,0.24655985062416202
1000,0.05,50,54,52,2,7,6,False,ok,selected_multi_metric_xb_worsening_patience,sample_select_full_fit,1.446786166000038,0.894608297999639,0.0,0.06934552399980021,2.341394463999677,2.4107399879994773,6,0.0674596599060884,0.19831320802839406,0.7115217842481445,0.3993900091092491,0.33586839728165147,0.4637256226607983,0.23542890864487948
1000,0.05,50,54,52,2,7,6,False,ok,selected_multi_metric_xb_worsening_patience,sample_select_project,1.446786166000038,0.0,0.0073110119997181755,0.07899718699991354,1.4540971779997562,1.5330943649996698,6,0.056610839951994646,0.22790312012606173,0.39504479114124336,0.28221882844576063,0.2290463237913995,0.364583251993062,0.17972338810428456
1000,0.05,50,54,53,2,7,6,False,ok,selected_multi_metric_xb_worsening_patience,sample_select_full_fit,1.7432734789999813,0.8492711639996742,0.0,0.037006541000209836,2.5925446429996555,2.6295511839998653,6,0.07689213985203024,0.18057947672779417,0.7679198001499661,0.502679130208276,0.45083634978992093,0.5230192073828648,0.2843082151132576
1000,0.05,50,54,53,2,7,6,False,ok,selected_multi_metric_xb_worsening_patience,sample_select_project,1.7432734789999813,0.0,0.0020174789997327025,0.03526530699991781,1.745290957999714,1.7805562649996318,6,0.03980208343919574,0.23831069202531385,0.2704764818102142,0.24438772768262,0.1815779507258481,0.32846215463005946,0.15705281901450277
1000,0.05,50,54,54,2,7,5,False,ok,selected_multi_metric_xb_worsening_patience,sample_select_full_fit,1.4940242220000073,1.1445141889998922,0.0,0.07111897899994801,2.6385384109998995,2.7096573899998475,5,0.06914519777893781,0.20786695589325785,0.5963816317565258,0.4363503071650806,0.38853768472439953,0.4761505479461815,0.23653046367710492
1000,0.05,50,54,54,2,7,5,False,ok,selected_multi_metric_xb_worsening_patience,sample_select_project,1.4940242220000073,0.0,0.0017273789999308065,0.03841135800030315,1.495751600999938,1.5341629590002412,5,0.041884758191144685,0.3065541105544717,0.33868634509364753,0.20901156460758222,0.16567533751844243,0.3068585290918419,0.1408344213458382
1000,0.05,50,55,52,2,7,8,False,ok,selected_multi_metric_xb_worsening_patience,sample_select_full_fit,2.160996757000248,0.7499726010000813,0.0,0.070584202000191,2.9109693580003295,2.9815535600005205,8,0.08299606365069648,0.15463195115031322,0.8267146359411234,0.4630242545756996,0.37089570093954244,0.5506598295612251,0.3261162930926484
1000,0.05,50,55,52,2,7,8,False,ok,selected_multi_metric_xb_worsening_patience,sample_select_project,2.160996757000248,0.0,0.004073529999914172,0.06160893699961889,2.1650702870001624,2.2266792239997812,8,0.041434238529394284,0.1516139279898555,0.21120336319648889,0.28758455913395176,0.20813561840915296,0.3996150234504283,0.21901740404372336
1000,0.05,50,55,53,2,7,7,True,ok,selected_multi_metric_xb_worsening_patience,sample_select_full_fit,1.7780358339996383,1.0475104540000757,0.0,0.07015596500013999,2.825546287999714,2.895702252999854,7,0.08244756876823266,0.1514292253223605,1.0,0.5348239446245465,0.49410593415624293,0.5596564960331677,0.32136661401993144
1000,0.05,50,55,53,2,7,7,True,ok,selected_multi_metric_xb_worsening_patience,sample_select_project,1.7780358339996383,0.0,0.003925033000086842,0.0640216550000332,1.7819608669997251,1.8459825219997583,7,0.047811590165764355,0.14783704450810153,0.2619505100790665,0.28181855911574155,0.22285944827474632,0.38180764652796056,0.19764421420803627
1000,0.05,50,55,54,2,7,6,False,ok,selected_multi_metric_xb_worsening_patience,sample_select_full_fit,1.882389509999939,1.0429667879998306,0.0,0.03461120700012543,2.9253562979997696,2.959967504999895,6,0.062088799854731314,0.2262372715089883,0.7625685957404493,0.37962425161615343,0.30985942645280184,0.44012599622823256,0.22030632160043628
1000,0.05,50,55,54,2,7,6,False,ok,selected_multi_metric_xb_worsening_patience,sample_select_project,1.882389509999939,0.0,0.00166935100014598,0.030874686000061047,1.884058861000085,1.914933547000146,6,0.03480054562131667,0.21152884466068908,0.28414315142748126,0.2937565486721405,0.22835158286275475,0.366385300580032,0.17141884196919457
1000,0.05,50,56,52,2,7,8,False,ok,selected_multi_metric_xb_worsening_patience,sample_select_full_fit,1.9006354579996696,0.8464339780002774,0.0,0.0319833909998124,2.747069435999947,2.7790528269997594,8,0.08299606365069648,0.15463195115031322,0.8267146359411234,0.4630242545756996,0.37089570093954244,0.5506598295612251,0.3261162930926484
1000,0.05,50,56,52,2,7,8,False,ok,selected_multi_metric_xb_worsening_patience,sample_select_project,1.9006354579996696,0.0,0.001975120000224706,0.07049575800010643,1.9026105779998943,1.9731063360000007,8,0.052594673059090546,0.18447019010859614,0.29636495756761705,0.3115917312612781,0.23595268915031056,0.4446203830647903,0.2564480565791125
1000,0.05,50,56,53,2,7,8,False,ok,selected_multi_metric_xb_worsening_patience,sample_select_full_fit,1.5926626350001243,0.935592417999942,0.0,0.033487524000065605,2.5282550530000663,2.561742577000132,8,0.08299606365069648,0.15463195059459037,0.5780728706535742,0.46302425457569973,0.37089570093954244,0.550659829561225,0.3261162930926484
1000,0.05,50,56,53,2,7,8,False,ok,selected_multi_metric_xb_worsening_patience,sample_select_project,1.5926626350001243,0.0,0.001831603000027826,0.05732634000014514,1.594494238000152,1.6518205780002972,8,0.05462926004197563,0.14854592949379156,0.24558256333599177,0.32135457944049806,0.23390881871580788,0.44586329469711855,0.2584579196281846
1000,0.05,50,56,54,2,7,8,False,ok,selected_multi_metric_max_k,sample_select_full_fit,1.7346425499999896,0.6450050949997603,0.0,0.03490333199988527,2.37964764499975,2.414550976999635,8,0.08299606365069648,0.15463195370041138,0.8267146359411234,0.4630242545756997,0.37089570093954244,0.550659829561225,0.3261162930926484
1000,0.05,50,56,54,2,7,8,False,ok,selected_multi_metric_max_k,sample_select_project,1.7346425499999896,0.0,0.0018210330003967101,0.051594540999758465,1.7364635830003863,1.7880581240001447,8,0.04373940424781088,0.14739545473868165,0.24919586132698185,0.2829438859515729,0.20549162405317337,0.425404876479049,0.22326805242469322
1000,0.1,100,52,52,2,7,8,False,ok,selected_multi_metric_xb_worsening_patience,sample_select_full_fit,2.165573378999852,0.788008919999811,0.0,0.07097873800012167,2.953582298999663,3.024561036999785,8,0.08299606365069648,0.15463195115031322,0.8267146359411234,0.4630242545756996,0.37089570093954244,0.5506598295612251,0.3261162930926484
1000,0.1,100,52,52,2,7,8,False,ok,selected_multi_metric_xb_worsening_patience,sample_select_project,2.165573378999852,0.0,0.006094594999922265,0.05439874600006078,2.1716679739997744,2.226066719999835,8,0.05650702605602263,0.14908769018442697,0.305255792532965,0.36787466606934116,0.31803388062051013,0.43367825763434276,0.25305266420946015
1000,0.1,100,52,53,2,7,6,False,ok,selected_multi_metric_xb_worsening_patience,sample_select_full_fit,2.3084461720000036,0.7767265210000005,0.0,0.06161757600011697,3.085172693000004,3.146790269000121,6,0.07689213985203024,0.18057947672779417,0.7679198001499661,0.502679130208276,0.45083634978992093,0.5230192073828648,0.2843082151132576
1000,0.1,100,52,53,2,7,6,False,ok,selected_multi_metric_xb_worsening_patience,sample_select_project,2.3084461720000036,0.0,0.0017755779999788501,0.03171406900037255,2.3102217499999824,2.341935819000355,6,0.06534120016909373,0.16967627729674692,0.4610211416558196,0.40875272003699464,0.3719507607793614,0.46935956344267515,0.25004276769640743
1000,0.1,100,52,54,2,7,7,True,ok,selected_multi_metric_xb_worsening_patience,sample_select_full_fit,2.2960595229997125,0.7933296730002439,0.0,0.04071092200001658,3.0893891959999564,3.130100117999973,7,0.0769841799396204,0.17295629702751875,1.0,0.46765119642323855,0.39775701716310025,0.5220994753853917,0.2945682595900329
1000,0.1,100,52,54,2,7,7,True,ok,selected_multi_metric_xb_worsening_patience,sample_select_project,2.2960595229997125,0.0,0.0021251800003483368,0.032011874000090756,2.298184703000061,2.3301965770001516,7,0.06742731169916752,0.14791442242894168,0.4058121327938669,0.41871474914662965,0.3566929288158789,0.4950237079116445,0.2793405529249027
1000,0.1,100,53,52,2,7,7,True,ok,selected_multi_metric_xb_worsening_patience,sample_select_full_fit,1.9013867890002984,0.9441229819999535,0.0,0.03456496099988726,2.845509771000252,2.880074732000139,7,0.0769841799396204,0.172956548218132,1.0,0.4676511964232385,0.39775701716310025,0.5220994753853917,0.2945682595900329
1000,0.1,100,53,52,2,7,7,True,ok,selected_multi_metric_xb_worsening_patience,sample_select_project,1.9013867890002984,0.0,0.0016854499999681138,0.03175303200032431,1.9030722390002666,1.9348252710005909,7,0.05556032181570234,0.2090043769905543,0.3805046740146348,0.37387073975218693,0.31602238921319925,0.467408859953744,0.2693209390668699
1000,0.1,100,53,53,2,7,7,True,ok,selected_multi_metric_xb_worsening_patience,sample_select_full_fit,2.033470588,0.9074814819996391,0.0,0.03430293299970799,2.940952069999639,2.975255002999347,7,0.08244756876823266,0.1514292253223605,1.0,0.5348239446245465,0.49410593415624293,0.5596564960331677,0.32136661401993144
1000,0.1,100,53,53,2,7,7,True,ok,selected_multi_metric_xb_worsening_patience,sample_select_project,2.033470588,0.0,0.002016736999848945,0.033215005999863934,2.035487324999849,2.068702330999713,7,0.04444709612982453,0.2656516350519296,0.278291516898871,0.3288198448692773,0.2607666693926678,0.42457726231561876,0.2208759742559869
1000,0.1,100,53,54,2,7,7,True,ok,selected_multi_metric_xb_worsening_patience,sample_select_full_fit,1.8241268749998198,0.8157029119997787,0.0,0.03470799800015811,2.6398297869995986,2.6745377849997567,7,0.0769841799396204,0.17295629702751875,1.0,0.46765119642323855,0.39775701716310025,0.5220994753853917,0.2945682595900329
1000,0.1,100,53,54,2,7,7,True,ok,selected_multi_metric_xb_worsening_patience,sample_select_project,1.8241268749998198,0.0,0.001811685000120633,0.03100818499979141,1.8259385599999405,1.856946744999732,7,0.05013067709997776,0.2091614862297656,0.29394681404298195,0.34619498716942987,0.27892190793613275,0.4394649533980526,0.25175678347272273
1000,0.1,100,54,52,2,7,5,False,ok,selected_multi_metric_xb_worsening_patience,sample_select_full_fit,1.1434213329998784,0.6788612259997535,0.0,0.07111689500015927,1.8222825589996319,1.8933994539997911,5,0.06914519777893781,0.20786695133143301,0.5963816317565258,0.43635030716508066,0.38853768472439953,0.4761505479461815,0.23653046367710492
1000,0.1,100,54,52,2,7,5,False,ok,selected_multi_metric_xb_worsening_patience,sample_select_project,1.1434213329998784,0.0,0.004071936999935133,0.06920246999970914,1.1474932699998135,1.2166957399995226,5,0.058248295710893606,0.2202608242747985,0.40385931323111357,0.3486566058153714,0.29464173720517,0.39567456077872054,0.18651887473044096
1000,0.1,100,54,53,2,7,5,False,ok,selected_multi_metric_xb_worsening_patience,sample_select_full_fit,1.0480482660000234,0.9049338449999595,0.0,0.07613784000022861,1.952982110999983,2.0291199510002116,5,0.06914519777893781,0.2078667159986538,0.5914257922145284,0.4363503071650806,0.38853768472439953,0.4761505479461814,0.23653046367710492
1000,0.1,100,54,53,2,7,5,False,ok,selected_multi_metric_xb_worsening_patience,sample_select_project,1.0480482660000234,0.0,0.004092695999588614,0.042302409000058105,1.052140961999612,1.0944433709996702,5,0.058248295710893606,0.22026082122802795,0.4274260513287431,0.3486566058153714,0.29464173720517,0.39567456077872054,0.18651887473044096
1000,0.1,100,54,54,2,7,5,False,ok,selected_multi_metric_xb_worsening_patience,sample_select_full_fit,1.1462694650003868,1.0632108750000953,0.0,0.03256682899973384,2.209480340000482,2.242047169000216,5,0.06914519777893781,0.20786695589325785,0.5963816317565258,0.4363503071650806,0.38853768472439953,0.4761505479461815,0.23653046367710492
1000,0.1,100,54,54,2,7,5,False,ok,selected_multi_metric_xb_worsening_patience,sample_select_project,1.1462694650003868,0.0,0.001605321000170079,0.03156525199983662,1.147874786000557,1.1794400380003935,5,0.058248295710893606,0.2202608109860597,0.40385931323111357,0.3486566058153714,0.29464173720517,0.39567456077872054,0.18651887473044096
1000,0.1,100,55,52,2,7,6,False,ok,selected_multi_metric_xb_worsening_patience,sample_select_full_fit,2.284911605000161,1.050970550999864,0.0,0.07321140699968964,3.335882156000025,3.4090935629997148,6,0.0674596599060884,0.19831320802839406,0.7115217842481445,0.3993900091092491,0.33586839728165147,0.4637256226607983,0.23542890864487948
1000,0.1,100,55,52,2,7,6,False,ok,selected_multi_metric_xb_worsening_patience,sample_select_project,2.284911605000161,0.0,0.004070783999850391,0.06012126799987527,2.2889823890000116,2.349103656999887,6,0.05309030794522518,0.1829428601583346,0.39128685937596697,0.33013915675804084,0.268371338501155,0.41995169048086717,0.20300714209089812
1000,0.1,100,55,53,2,7,6,False,ok,selected_multi_metric_xb_worsening_patience,sample_select_full_fit,2.195349092000015,0.8701318600001287,0.0,0.0611698810002963,3.0654809520001436,3.12665083300044,6,0.07689213985203024,0.18057947672779417,0.7679198001499661,0.502679130208276,0.45083634978992093,0.5230192073828648,0.2843082151132576
1000,0.1,100,55,53,2,7,6,False,ok,selected_multi_metric_xb_worsening_patience,sample_select_project,2.195349092000015,0.0,0.002222000000074331,0.04893240000001242,2.1975710920000893,2.2465034920001017,6,0.05309030794522518,0.18294285582476227,0.33585639739294476,0.33013915675804084,0.268371338501155,0.41995169048086717,0.20300714209089812
1000,0.1,100,55,54,2,7,6,False,ok,selected_multi_metric_xb_worsening_patience,sample_select_full_fit,2.64782352300017,1.0481318710003507,0.0,0.05089516799989724,3.6959553940005208,3.746850562000418,6,0.062088799854731314,0.2262372715089883,0.7625685957404493,0.37962425161615343,0.30985942645280184,0.44012599622823256,0.22030632160043628
1000,0.1,100,55,54,2,7,6,False,ok,selected_multi_metric_xb_worsening_patience,sample_select_project,2.64782352300017,0.0,0.0034297100000912906,0.06388576000017565,2.6512532330002614,2.715138993000437,6,0.05309030794522518,0.1829428602577712,0.39128685937596697,0.3301391567580408,0.268371338501155,0.41995169048086717,0.20300714209089812
1000,0.1,100,56,52,2,7,6,False,ok,selected_multi_metric_max_k,sample_select_full_fit,2.9733975710000777,0.856110408999939,0.0,0.03197428500016031,3.8295079800000167,3.861482265000177,6,0.0674596599060884,0.19831320802839406,0.7115217842481445,0.3993900091092491,0.33586839728165147,0.4637256226607983,0.23542890864487948
1000,0.1,100,56,52,2,7,6,False,ok,selected_multi_metric_max_k,sample_select_project,2.9733975710000777,0.0,0.0018883479997384711,0.0341254130003108,2.975285918999816,3.009411332000127,6,0.054938395432556256,0.19098282057638657,0.3107671001619897,0.3161010472033552,0.25240158951077873,0.4236265645207011,0.21480576500283938
1000,0.1,100,56,53,2,7,8,False,ok,selected_multi_metric_max_k,sample_select_full_fit,2.925183737000225,1.1031752219996633,0.0,0.045973648999733996,4.028358958999888,4.074332607999622,8,0.08299606365069648,0.15463195059459037,0.5780728706535742,0.46302425457569973,0.37089570093954244,0.550659829561225,0.3261162930926484
1000,0.1,100,56,53,2,7,8,False,ok,selected_multi_metric_max_k,sample_select_project,2.925183737000225,0.0,0.003974164999817731,0.056879286999901524,2.9291579020000427,2.986037188999944,8,0.05686841395610122,0.14336857219997046,0.2991814644965759,0.352855460124422,0.24671384861961793,0.5046932907246651,0.2918385800528803
1000,0.1,100,56,54,2,7,8,False,ok,selected_multi_metric_max_k,sample_select_full_fit,2.9451917179999327,0.7146430049997434,0.0,0.0702076309999029,3.659834722999676,3.730042353999579,8,0.08299606365069648,0.15463195370041138,0.8267146359411234,0.4630242545756997,0.37089570093954244,0.550659829561225,0.3261162930926484
1000,0.1,100,56,54,2,7,8,False,ok,selected_multi_metric_max_k,sample_select_project,2.9451917179999327,0.0,0.004061917999933939,0.06796141599988914,2.9492536359998667,3.017215051999756,8,0.04534573776491407,0.15209771144911177,0.332814502346234,0.30290306942619577,0.22556791283674682,0.39955940072268586,0.21089460857652131
1000,0.15,150,52,52,3,7,7,True,ok,selected_multi_metric_xb_worsening_patience,sample_select_full_fit,1.9320111449997057,1.061896230000002,0.0,0.03430635999984588,2.993907374999708,3.0282137349995537,7,0.0769841799396204,0.172956548218132,1.0,0.4676511964232385,0.39775701716310025,0.5220994753853917,0.2945682595900329
1000,0.15,150,52,52,3,7,7,True,ok,selected_multi_metric_xb_worsening_patience,sample_select_project,1.9320111449997057,0.0,0.0016872440000952338,0.03174690099967847,1.933698388999801,1.9654452899994794,7,0.0670759761922251,0.250024155127718,0.4750983878017304,0.4046657941134561,0.3615267778045646,0.4702198051498593,0.254384163305137
1000,0.15,150,52,53,3,7,7,True,ok,selected_multi_metric_xb_worsening_patience,sample_select_full_fit,1.7566394650002621,1.083954022999933,0.0,0.032571216999713215,2.840593488000195,2.8731647049999083,7,0.08244756876823266,0.1514292253223605,1.0,0.5348239446245465,0.49410593415624293,0.5596564960331677,0.32136661401993144
1000,0.15,150,52,53,3,7,7,True,ok,selected_multi_metric_xb_worsening_patience,sample_select_project,1.7566394650002621,0.0,0.0016446440004074248,0.03139789000033488,1.7582841090006696,1.7896819990010044,7,0.06062944251702882,0.2517378062213247,0.376274579802669,0.3722349340335622,0.320736942877823,0.4375819398781342,0.23442312657265096
1000,0.15,150,52,54,3,7,7,True,ok,selected_multi_metric_xb_worsening_patience,sample_select_full_fit,2.2489955629998803,0.7528466160001699,0.0,0.07267227299962542,3.0018421790000502,3.0745144519996757,7,0.0769841799396204,0.17295629702751875,1.0,0.46765119642323855,0.39775701716310025,0.5220994753853917,0.2945682595900329
1000,0.15,150,52,54,3,7,7,True,ok,selected_multi_metric_xb_worsening_patience,sample_select_project,2.2489955629998803,0.0,0.004252753999935521,0.06305354200003421,2.253248316999816,2.31630185899985,7,0.0670759761922251,0.2500242146754991,0.4750983878017304,0.4046657941134561,0.3615267778045646,0.4702198051498593,0.254384163305137
1000,0.15,150,53,52,3,7,6,False,ok,selected_multi_metric_xb_worsening_patience,sample_select_full_fit,1.9153777359997548,0.8759104890000344,0.0,0.07325836499967409,2.7912882249997892,2.8645465899994633,6,0.0674596599060884,0.19831320802839406,0.7115217842481445,0.3993900091092491,0.33586839728165147,0.4637256226607983,0.23542890864487948
1000,0.15,150,53,52,3,7,6,False,ok,selected_multi_metric_xb_worsening_patience,sample_select_project,1.9153777359997548,0.0,0.0040950689999590395,0.03934361500023442,1.9194728049997138,1.9588164199999483,6,0.06139829902380002,0.2022804977193289,0.416015770348061,0.3429801984928643,0.2776919266106996,0.4164595857092224,0.20008551993608553
1000,0.15,150,53,53,3,7,6,False,ok,selected_multi_metric_xb_worsening_patience,sample_select_full_fit,1.9738924309999675,0.8070491349999429,0.0,0.03367415200000323,2.7809415659999104,2.8146157179999136,6,0.07689213985203024,0.18057947672779417,0.7679198001499661,0.502679130208276,0.45083634978992093,0.5230192073828648,0.2843082151132576
1000,0.15,150,53,53,3,7,6,False,ok,selected_multi_metric_xb_worsening_patience,sample_select_project,1.9738924309999675,0.0,0.0017696169998089317,0.03197073799992722,1.9756620479997764,2.0076327859997036,6,0.05762944021662947,0.19998925882375113,0.3583124884985707,0.33582373001101884,0.2680432351982173,0.39557537988750485,0.18992547037160118
1000,0.15,150,53,54,3,7,7,True,ok,selected_multi_metric_xb_worsening_patience,sample_select_full_fit,1.6855867469998884,0.9195925489998444,0.0,0.06463983699995879,2.605179295999733,2.6698191329996916,7,0.0769841799396204,0.17295629702751875,1.0,0.46765119642323855,0.39775701716310025,0.5220994753853917,0.2945682595900329
1000,0.15,150,53,54,3,7,7,True,ok,selected_multi_metric_xb_worsening_patience,sample_select_project,1.6855867469998884,0.0,0.0017642369998611684,0.04734895100000358,1.6873509839997496,1.7346999349997532,7,0.06310124517124717,0.17285920765187765,0.4058623393408985,0.35358130965381235,0.27297248872934643,0.4471316730271522,0.24115242949523372
1000,0.15,150,54,52,3,7,5,False,ok,selected_multi_metric_xb_worsening_patience,sample_select_full_fit,1.6204992060002041,0.7478233060001003,0.0,0.11028235799994945,2.3683225120003044,2.478604870000254,5,0.06914519777893781,0.20786695133143301,0.5963816317565258,0.43635030716508066,0.38853768472439953,0.4761505479461815,0.23653046367710492
1000,0.15,150,54,52,3,7,5,False,ok,selected_multi_metric_xb_worsening_patience,sample_select_project,1.6204992060002041,0.0,0.0017503009999018104,0.03464674399992873,1.622249507000106,1.6568962510000347,5,0.05940359396692184,0.2163140910619833,0.4518289200451136,0.34942522525106723,0.30325142001230565,0.39610958310238276,0.18821901123080967
1000,0.15,150,54,53,3,7,5,False,ok,selected_multi_metric_xb_worsening_patience,sample_select_full_fit,1.4448429550002402,0.863167735999923,0.0,0.0669299639998826,2.308010691000163,2.374940655000046,5,0.06914519777893781,0.2078667159986538,0.5914257922145284,0.4363503071650806,0.38853768472439953,0.4761505479461814,0.23653046367710492
1000,0.15,150,54,53,3,7,5,False,ok,selected_multi_metric_xb_worsening_patience,sample_select_project,1.4448429550002402,0.0,0.004044175000217365,0.07147985199981122,1.4488871300004575,1.5203669820002688,5,0.05940359396692184,0.2163140713467775,0.4655583797002826,0.3494252252510673,0.30325142001230565,0.3961095831023828,0.18821901123080967
1000,0.15,150,54,54,3,7,5,False,ok,selected_multi_metric_xb_worsening_patience,sample_select_full_fit,1.5760300530000677,0.9437673420002284,0.0,0.10771461400008775,2.519797395000296,2.627512009000384,5,0.06914519777893781,0.20786695589325785,0.5963816317565258,0.4363503071650806,0.38853768472439953,0.4761505479461815,0.23653046367710492
1000,0.15,150,54,54,3,7,5,False,ok,selected_multi_metric_xb_worsening_patience,sample_select_project,1.5760300530000677,0.0,0.006097370999668783,0.07941498599984698,1.5821274239997365,1.6615424099995835,5,0.05940359396692184,0.2163141110976209,0.4518289200451136,0.3494252252510673,0.30325142001230565,0.39610958310238276,0.18821901123080967
1000,0.15,150,55,52,3,7,7,True,ok,selected_multi_metric_max_k,sample_select_full_fit,2.23433837399989,1.0950196349999715,0.0,0.032569182999850455,3.3293580089998613,3.361927191999712,7,0.0769841799396204,0.172956548218132,1.0,0.4676511964232385,0.39775701716310025,0.5220994753853917,0.2945682595900329
1000,0.15,150,55,52,3,7,7,True,ok,selected_multi_metric_max_k,sample_select_project,2.23433837399989,0.0,0.0016641600000184553,0.03130953599975328,2.2360025339999083,2.2673120699996616,7,0.05280971646908924,0.1781713041200183,0.37243144496202046,0.35046944283835346,0.27646499914739986,0.44193227713991995,0.21941289972805178
1000,0.15,150,55,53,3,7,7,True,ok,selected_multi_metric_xb_worsening_patience,sample_select_full_fit,2.390641308999875,1.0055687960002615,0.0,0.09544014399989464,3.3962101050001365,3.491650249000031,7,0.08244756876823266,0.1514292253223605,1.0,0.5348239446245465,0.49410593415624293,0.5596564960331677,0.32136661401993144
1000,0.15,150,55,53,3,7,7,True,ok,selected_multi_metric_xb_worsening_patience,sample_select_project,2.390641308999875,0.0,0.003913781999926869,0.07028305099993304,2.394555090999802,2.464838141999735,7,0.0540373737016471,0.1749418671888898,0.38560278054348374,0.3421336643386533,0.28200203833787063,0.436121674196343,0.21608845788463693
1000,0.15,150,55,54,3,7,8,False,ok,selected_multi_metric_max_k,sample_select_full_fit,2.2387026360001983,0.6953799039997648,0.0,0.03251246700028787,2.934082539999963,2.966595007000251,8,0.08299606365069648,0.15463195370041138,0.8267146359411234,0.4630242545756997,0.37089570093954244,0.550659829561225,0.3261162930926484
1000,0.15,150,55,54,3,7,8,False,ok,selected_multi_metric_max_k,sample_select_project,2.2387026360001983,0.0,0.0016091780003080203,0.036869285000193486,2.2403118140005063,2.2771810990006998,8,0.06727407381604514,0.13952307497070732,0.4099919788968835,0.4038268839964859,0.3273733232655382,0.5057688612478183,0.288913045100888
1000,0.15,150,56,52,3,7,5,False,ok,selected_multi_metric_xb_worsening_patience,sample_select_full_fit,1.610420422000061,0.6403861389999292,0.0,0.08968580300006579,2.2508065609999903,2.340492364000056,5,0.06914519777893781,0.20786695133143301,0.5963816317565258,0.43635030716508066,0.38853768472439953,0.4761505479461815,0.23653046367710492
1000,0.15,150,56,52,3,7,5,False,ok,selected_multi_metric_xb_worsening_patience,sample_select_project,1.610420422000061,0.0,0.00447394599996187,0.06761281599983704,1.614894368000023,1.68250718399986,5,0.0560120604767817,0.2767691156395514,0.4668745434735495,0.3608894465805013,0.31486599878068205,0.40420829553848575,0.19518191380716615
1000,0.15,150,56,53,3,7,5,False,ok,selected_multi_metric_xb_worsening_patience,sample_select_full_fit,1.4330846160000874,1.0318430610000178,0.0,0.04734742800019376,2.464927677000105,2.512275105000299,5,0.06914519777893781,0.2078667159986538,0.5914257922145284,0.4363503071650806,0.38853768472439953,0.4761505479461814,0.23653046367710492
1000,0.15,150,56,53,3,7,5,False,ok,selected_multi_metric_xb_worsening_patience,sample_select_project,1.4330846160000874,0.0,0.0021496049998859235,0.06595632000016849,1.4352342209999733,1.5011905410001418,5,0.06436490879331914,0.23039083304476562,0.4189164960319377,0.4073190881654727,0.35726861516040176,0.4326405850429727,0.2049284620829741
1000,0.15,150,56,54,3,7,5,False,ok,selected_multi_metric_xb_worsening_patience,sample_select_full_fit,1.4330299469997954,0.8836813869997968,0.0,0.09816722499999742,2.316711333999592,2.4148785589995896,5,0.06914519777893781,0.20786695589325785,0.5963816317565258,0.4363503071650806,0.38853768472439953,0.4761505479461815,0.23653046367710492
1000,0.15,150,56,54,3,7,5,False,ok,selected_multi_metric_xb_worsening_patience,sample_select_project,1.4330299469997954,0.0,0.006200802999956068,0.04630177699982596,1.4392307499997514,1.4855325269995774,5,0.06378289802554196,0.22826559870584728,0.4323241786162045,0.3997778808865581,0.3544051354922124,0.4273090480553293,0.2030661982771847
1000,0.2,200,52,52,4,7,5,False,ok,selected_multi_metric_xb_worsening_patience,sample_select_full_fit,2.818841652000174,0.6251127510004153,0.0,0.03548048700031359,3.443954403000589,3.4794348900009027,5,0.06914519777893781,0.20786695133143301,0.5963816317565258,0.43635030716508066,0.38853768472439953,0.4761505479461815,0.23653046367710492
1000,0.2,200,52,52,4,7,5,False,ok,selected_multi_metric_xb_worsening_patience,sample_select_project,2.818841652000174,0.0,0.001603447999968921,0.04662361900000178,2.8204451000001427,2.8670687190001445,5,0.05680635881412007,0.18603764940326906,0.41159331418567335,0.35549513345602063,0.3257348968219519,0.3995728232288262,0.18924073993433893
1000,0.2,200,52,53,4,7,7,True,ok,selected_multi_metric_xb_worsening_patience,sample_select_full_fit,2.3637757299998157,1.0205536680000478,0.0,0.06287883600043642,3.3843293979998634,3.4472082340003,7,0.08244756876823266,0.1514292253223605,1.0,0.5348239446245465,0.49410593415624293,0.5596564960331677,0.32136661401993144
1000,0.2,200,52,53,4,7,7,True,ok,selected_multi_metric_xb_worsening_patience,sample_select_project,2.3637757299998157,0.0,0.004415106999658747,0.0646726279996983,2.3681908369994744,2.4328634649991727,7,0.06893896692615822,0.21982975875284377,0.4658904864750494,0.41857748757304786,0.3636157928050272,0.48594138458322306,0.25831528184958136
1000,0.2,200,52,54,4,7,8,False,ok,selected_multi_metric_xb_worsening_patience,sample_select_full_fit,2.8165236840000034,0.6330859370000326,0.0,0.03238460900001883,3.449609621000036,3.481994230000055,8,0.08299606365069648,0.15463195370041138,0.8267146359411234,0.4630242545756997,0.37089570093954244,0.550659829561225,0.3261162930926484
1000,0.2,200,52,54,4,7,8,False,ok,selected_multi_metric_xb_worsening_patience,sample_select_project,2.8165236840000034,0.0,0.0019351459995959885,0.030771082999763166,2.8184588299995994,2.8492299129993626,8,0.06517639318847603,0.19133806056210692,0.35943430195433884,0.36498438318151116,0.2695227835919527,0.47328084487284583,0.24849581031015316
1000,0.2,200,53,52,4,7,4,False,ok,selected_multi_metric_xb_worsening_patience,sample_select_full_fit,1.9335698940003567,0.8331106129999171,0.0,0.03255829299996549,2.766680507000274,2.7992388000002393,4,0.059895221754803836,0.2048586244229768,0.4183445695647549,0.366890294855732,0.2990661509731832,0.4032602157427659,0.1672557935976845
1000,0.2,200,53,52,4,7,4,False,ok,selected_multi_metric_xb_worsening_patience,sample_select_project,1.9335698940003567,0.0,0.001984167000046,0.03150151399995593,1.9355540610004027,1.9670555750003587,4,0.0548041474456826,0.20966042699861048,0.34607614835538114,0.3247730187458131,0.26145410297325417,0.3494424813006062,0.1427311462384768
1000,0.2,200,53,53,4,7,4,False,ok,selected_multi_metric_xb_worsening_patience,sample_select_full_fit,2.2417376599996715,0.641327111999999,0.0,0.0740228780000507,2.8830647719996705,2.957087649999721,4,0.059895221754803836,0.20485912421440355,0.4009684060226756,0.36689029485573205,0.2990661509731832,0.4032602157427659,0.1672557935976845
1000,0.2,200,53,53,4,7,4,False,ok,selected_multi_metric_xb_worsening_patience,sample_select_project,2.2417376599996715,0.0,0.0020278980000512092,0.03232665099994847,2.2437655579997227,2.276092208999671,4,0.0548041474456826,0.20966047522265205,0.3715198565313253,0.3247730187458131,0.26145410297325417,0.3494424813006062,0.1427311462384768
1000,0.2,200,53,54,4,7,7,True,ok,selected_multi_metric_xb_worsening_patience,sample_select_full_fit,2.1061641700002838,0.742412463999699,0.0,0.06789328900003966,2.8485766339999827,2.9164699230000224,7,0.0769841799396204,0.17295629702751875,1.0,0.46765119642323855,0.39775701716310025,0.5220994753853917,0.2945682595900329
1000,0.2,200,53,54,4,7,7,True,ok,selected_multi_metric_xb_worsening_patience,sample_select_project,2.1061641700002838,0.0,0.004367867999917507,0.07389650400000392,2.1105320380002013,2.184428542000205,7,0.0668952649922228,0.18793443788119807,0.5322719536343581,0.41280172964373435,0.35174478498133427,0.4661010141960556,0.2560835536790304
1000,0.2,200,54,52,4,7,5,False,ok,selected_multi_metric_xb_worsening_patience,sample_select_full_fit,2.1953641770001013,0.7730208849998235,0.0,0.07855999299999894,2.968385061999925,3.0469450549999237,5,0.06914519777893781,0.20786695133143301,0.5963816317565258,0.43635030716508066,0.38853768472439953,0.4761505479461815,0.23653046367710492
1000,0.2,200,54,52,4,7,5,False,ok,selected_multi_metric_xb_worsening_patience,sample_select_project,2.1953641770001013,0.0,0.004071776999808208,0.07252162199984014,2.1994359539999095,2.2719575759997497,5,0.06421852870303754,0.22374514956250183,0.5064708094907636,0.3893870146427939,0.3448696980592542,0.4333826183199541,0.21018209985878217
1000,0.2,200,54,53,4,7,6,False,ok,selected_multi_metric_xb_worsening_patience,sample_select_full_fit,2.395011222999983,0.7355200799997874,0.0,0.07459658899961141,3.1305313029997706,3.205127891999382,6,0.07689213985203024,0.18057947672779417,0.7679198001499661,0.502679130208276,0.45083634978992093,0.5230192073828648,0.2843082151132576
1000,0.2,200,54,53,4,7,6,False,ok,selected_multi_metric_xb_worsening_patience,sample_select_project,2.395011222999983,0.0,0.0041028239998013305,0.06951117299968246,2.3991140469997845,2.468625219999467,6,0.07174830471605287,0.2208441354302202,0.5515208176359929,0.49387494602153903,0.4409696816735004,0.5176280175287209,0.27694347690624355
1000,0.2,200,54,54,4,7,5,False,ok,selected_multi_metric_xb_worsening_patience,sample_select_full_fit,2.330007736000425,0.9434017809999204,0.0,0.07323595399975602,3.2734095170003457,3.3466454710001017,5,0.06914519777893781,0.20786695589325785,0.5963816317565258,0.4363503071650806,0.38853768472439953,0.4761505479461815,0.23653046367710492
1000,0.2,200,54,54,4,7,5,False,ok,selected_multi_metric_xb_worsening_patience,sample_select_project,2.330007736000425,0.0,0.0017585969999345252,0.06248057399989193,2.3317663330003597,2.3942469070002517,5,0.06420474204379303,0.22379182149801213,0.5063317525289551,0.39278674153801013,0.3475289723050917,0.43536086222814846,0.21103425357584427
1000,0.2,200,55,52,4,7,5,False,ok,selected_multi_metric_xb_worsening_patience,sample_select_full_fit,1.5971717850002278,0.7815452159998131,0.0,0.060325729999931355,2.378717001000041,2.4390427309999723,5,0.06914519777893781,0.20786695133143301,0.5963816317565258,0.43635030716508066,0.38853768472439953,0.4761505479461815,0.23653046367710492
1000,0.2,200,55,52,4,7,5,False,ok,selected_multi_metric_xb_worsening_patience,sample_select_project,1.5971717850002278,0.0,0.0038026349998290243,0.05000700299979144,1.6009744200000569,1.6509814229998483,5,0.060387407105940795,0.24732869162730714,0.4161644851392958,0.3689135634770644,0.30796838013975586,0.41863413100190355,0.19432167760394575
1000,0.2,200,55,53,4,7,5,False,ok,selected_multi_metric_xb_worsening_patience,sample_select_full_fit,1.4424693620003382,0.9716073639997376,0.0,0.0365074609999283,2.4140767260000757,2.450584187000004,5,0.06914519777893781,0.2078667159986538,0.5914257922145284,0.4363503071650806,0.38853768472439953,0.4761505479461814,0.23653046367710492
1000,0.2,200,55,53,4,7,5,False,ok,selected_multi_metric_xb_worsening_patience,sample_select_project,1.4424693620003382,0.0,0.0019452340002317214,0.07280608300015956,1.4444145960005699,1.5172206790007294,5,0.05755730902545674,0.2421693292383502,0.4283451404498687,0.38773346562047134,0.34543735707205986,0.44114569760963634,0.20695916435520367
1000,0.2,200,55,54,4,7,5,False,ok,selected_multi_metric_xb_worsening_patience,sample_select_full_fit,1.6260948160002044,0.9489166640000803,0.0,0.04442031400003543,2.575011480000285,2.6194317940003202,5,0.06914519777893781,0.20786695589325785,0.5963816317565258,0.4363503071650806,0.38853768472439953,0.4761505479461815,0.23653046367710492
1000,0.2,200,55,54,4,7,5,False,ok,selected_multi_metric_xb_worsening_patience,sample_select_project,1.6260948160002044,0.0,0.0021866939996471046,0.06525814900032856,1.6282815099998516,1.69353965900018,5,0.05755730902545674,0.24216932353851253,0.3694605846679651,0.38773346562047145,0.34543735707205986,0.44114569760963634,0.20695916435520367
1000,0.2,200,56,52,4,7,5,False,ok,selected_multi_metric_xb_worsening_patience,sample_select_full_fit,1.3705892250000034,0.6888230370000201,0.0,0.07053871799962508,2.0594122620000235,2.1299509799996486,5,0.06914519777893781,0.20786695133143301,0.5963816317565258,0.43635030716508066,0.38853768472439953,0.4761505479461815,0.23653046367710492
1000,0.2,200,56,52,4,7,5,False,ok,selected_multi_metric_xb_worsening_patience,sample_select_project,1.3705892250000034,0.0,0.004144072000144661,0.07946730399999069,1.374733297000148,1.4542006010001387,5,0.0644870520512897,0.22577270495359594,0.42915263246023866,0.40014643036839675,0.3436654682999084,0.43495102886840414,0.2027473729460456
1000,0.2,200,56,53,4,7,5,False,ok,selected_multi_metric_xb_worsening_patience,sample_select_full_fit,1.2601976030000515,0.9086980259999109,0.0,0.06986946100005298,2.1688956289999624,2.2387650900000153,5,0.06914519777893781,0.2078667159986538,0.5914257922145284,0.4363503071650806,0.38853768472439953,0.4761505479461814,0.23653046367710492
1000,0.2,200,56,53,4,7,5,False,ok,selected_multi_metric_xb_worsening_patience,sample_select_project,1.2601976030000515,0.0,0.004061275999902136,0.06163083100000222,1.2642588789999536,1.3258897099999558,5,0.06377344823248116,0.23505754720987648,0.413648141672773,0.37650135036588894,0.32382476758317946,0.42310033461403607,0.19898173497863023
1000,0.2,200,56,54,4,7,5,False,ok,selected_multi_metric_xb_worsening_patience,sample_select_full_fit,1.4220819470001516,1.0779709799999182,0.0,0.0739161809997313,2.5000529270000698,2.573969107999801,5,0.06914519777893781,0.20786695589325785,0.5963816317565258,0.4363503071650806,0.38853768472439953,0.4761505479461815,0.23653046367710492
1000,0.2,200,56,54,4,7,5,False,ok,selected_multi_metric_xb_worsening_patience,sample_select_project,1.4220819470001516,0.0,0.004025861000172881,0.05475141299984898,1.4261078080003244,1.4808592210001734,5,0.06377344823248116,0.2350569651518992,0.4657360108439358,0.37650135036588905,0.32382476758317946,0.42310033461403607,0.19898173497863023
1000,0.3,300,52,52,6,7,8,False,ok,selected_multi_metric_xb_worsening_patience,sample_select_full_fit,3.096628842999962,0.8247594059998846,0.0,0.07084371600012673,3.921388248999847,3.9922319649999736,8,0.08299606365069648,0.15463195115031322,0.8267146359411234,0.4630242545756996,0.37089570093954244,0.5506598295612251,0.3261162930926484
1000,0.3,300,52,52,6,7,8,False,ok,selected_multi_metric_xb_worsening_patience,sample_select_project,3.096628842999962,0.0,0.004103095000118628,0.032476450000103796,3.100731938000081,3.1332083880001846,8,0.07293734461965962,0.17350646696041358,0.4706243324573845,0.45544928703295107,0.3822868427766881,0.5067362159490783,0.2795886299112396
1000,0.3,300,52,53,6,7,8,False,ok,selected_multi_metric_xb_worsening_patience,sample_select_full_fit,3.36787471200023,1.0399670560000231,0.0,0.03475635800032251,4.407841768000253,4.442598126000576,8,0.08299606365069648,0.15463195059459037,0.5780728706535742,0.46302425457569973,0.37089570093954244,0.550659829561225,0.3261162930926484
1000,0.3,300,52,53,6,7,8,False,ok,selected_multi_metric_xb_worsening_patience,sample_select_project,3.36787471200023,0.0,0.002988077000281919,0.03639009200014698,3.370862789000512,3.407252881000659,8,0.07293734461965962,0.17350650980889493,0.44157964249105125,0.4554492870329511,0.3822868427766881,0.5067362159490784,0.2795886299112396
1000,0.3,300,52,54,6,7,5,False,ok,selected_multi_metric_xb_worsening_patience,sample_select_full_fit,2.213841622000018,0.9595785789997535,0.0,0.03238160399996559,3.1734202009997716,3.205801804999737,5,0.06914519777893781,0.20786695589325785,0.5963816317565258,0.4363503071650806,0.38853768472439953,0.4761505479461815,0.23653046367710492
1000,0.3,300,52,54,6,7,5,False,ok,selected_multi_metric_xb_worsening_patience,sample_select_project,2.213841622000018,0.0,0.0028046950001225923,0.035417250000136846,2.2166463170001407,2.2520635670002775,5,0.06437454800726389,0.1918059921893463,0.5221547802766415,0.3708186615365122,0.32016129724604553,0.45899504532209273,0.22181844724164543
1000,0.3,300,53,52,6,7,7,True,ok,selected_multi_metric_xb_worsening_patience,sample_select_full_fit,2.7370127179997326,0.9581812460000947,0.0,0.07181768099962937,3.6951939639998272,3.7670116449994566,7,0.0769841799396204,0.172956548218132,1.0,0.4676511964232385,0.39775701716310025,0.5220994753853917,0.2945682595900329
1000,0.3,300,53,52,6,7,7,True,ok,selected_multi_metric_xb_worsening_patience,sample_select_project,2.7370127179997326,0.0,0.005292291000387195,0.05952076900030079,2.7423050090001198,2.8018257780004205,7,0.07361395482769567,0.17780895108597866,0.718058876073286,0.4130101144542019,0.3515352775158434,0.49576887935901465,0.2770171211839713
1000,0.3,300,53,53,6,7,7,True,ok,selected_multi_metric_xb_worsening_patience,sample_select_full_fit,2.91474721700024,1.0846003599999676,0.0,0.07328182899982494,3.999347577000208,4.072629406000033,7,0.08244756876823266,0.1514292253223605,1.0,0.5348239446245465,0.49410593415624293,0.5596564960331677,0.32136661401993144
1000,0.3,300,53,53,6,7,7,True,ok,selected_multi_metric_xb_worsening_patience,sample_select_project,2.91474721700024,0.0,0.00960619899979065,0.09603280800001812,2.924353416000031,3.020386224000049,7,0.06664319704964054,0.18396937243262293,0.6410416220775891,0.41205835380945005,0.3596428272139639,0.463577574424341,0.25218590963522963
1000,0.3,300,53,54,6,7,7,True,ok,selected_multi_metric_xb_worsening_patience,sample_select_full_fit,2.8780823000001874,0.7135378069997387,0.0,0.05648784900040482,3.591620106999926,3.648107956000331,7,0.0769841799396204,0.17295629702751875,1.0,0.46765119642323855,0.39775701716310025,0.5220994753853917,0.2945682595900329
1000,0.3,300,53,54,6,7,7,True,ok,selected_multi_metric_xb_worsening_patience,sample_select_project,2.8780823000001874,0.0,0.00168133300030604,0.03144039000017074,2.8797636330004934,2.911204023000664,7,0.06664319704964054,0.18397054180333156,0.5501783999145714,0.41205835380944994,0.3596428272139639,0.463577574424341,0.25218590963522963
1000,0.3,300,54,52,6,7,5,False,ok,selected_multi_metric_xb_worsening_patience,sample_select_full_fit,2.162637191000158,0.7352464529999452,0.0,0.059629341999880126,2.8978836440001032,2.9575129859999834,5,0.06914519777893781,0.20786695133143301,0.5963816317565258,0.43635030716508066,0.38853768472439953,0.4761505479461815,0.23653046367710492
1000,0.3,300,54,52,6,7,5,False,ok,selected_multi_metric_xb_worsening_patience,sample_select_project,2.162637191000158,0.0,0.0016240969998762012,0.03687192000006689,2.1642612880000343,2.201133208000101,5,0.06770384673193901,0.22842339068471315,0.5255158570459967,0.42201708956674894,0.36827078869480495,0.47229354562688414,0.2320019489583313
1000,0.3,300,54,53,6,7,5,False,ok,selected_multi_metric_xb_worsening_patience,sample_select_full_fit,2.6169964419996177,0.8228351190000467,0.0,0.033045781000055285,3.4398315609996644,3.4728773419997196,5,0.06914519777893781,0.2078667159986538,0.5914257922145284,0.4363503071650806,0.38853768472439953,0.4761505479461814,0.23653046367710492
1000,0.3,300,54,53,6,7,5,False,ok,selected_multi_metric_xb_worsening_patience,sample_select_project,2.6169964419996177,0.0,0.001786537999578286,0.045784416000060446,2.618782979999196,2.6645673959992564,5,0.06770384673193901,0.22842398084251073,0.5460338357859879,0.42201708956674894,0.36827078869480495,0.47229354562688414,0.2320019489583313
1000,0.3,300,54,54,6,7,6,False,ok,selected_multi_metric_xb_worsening_patience,sample_select_full_fit,2.3634884670000247,1.0444132930001615,0.0,0.04425507599989942,3.407901760000186,3.4521568360000856,6,0.062088799854731314,0.2262372715089883,0.7625685957404493,0.37962425161615343,0.30985942645280184,0.44012599622823256,0.22030632160043628
1000,0.3,300,54,54,6,7,6,False,ok,selected_multi_metric_xb_worsening_patience,sample_select_project,2.3634884670000247,0.0,0.0036737450000146055,0.05621805600003427,2.3671622120000393,2.4233802680000736,6,0.06881840334820061,0.18762032895581973,0.5346258753426333,0.40271083290589066,0.3556623387929458,0.48962685586948573,0.2521823570762468
1000,0.3,300,55,52,6,7,7,True,ok,selected_multi_metric_max_k,sample_select_full_fit,3.0101425419998122,1.102158383999722,0.0,0.050878576999821234,4.112300925999534,4.1631795029993555,7,0.0769841799396204,0.172956548218132,1.0,0.4676511964232385,0.39775701716310025,0.5220994753853917,0.2945682595900329
1000,0.3,300,55,52,6,7,7,True,ok,selected_multi_metric_max_k,sample_select_project,3.0101425419998122,0.0,0.0016370010002901836,0.03296362799983399,3.0117795430001024,3.0447431709999364,7,0.07173379842148168,0.1660419038330755,0.7451221540240294,0.4412544413192442,0.36965523406782425,0.5048558729929666,0.28064523382892065
1000,0.3,300,55,53,6,7,8,False,ok,selected_multi_metric_max_k,sample_select_full_fit,3.2945697179998206,1.0601681680000183,0.0,0.03505745900019974,4.354737885999839,4.389795345000039,8,0.08299606365069648,0.15463195059459037,0.5780728706535742,0.46302425457569973,0.37089570093954244,0.550659829561225,0.3261162930926484
1000,0.3,300,55,53,6,7,8,False,ok,selected_multi_metric_max_k,sample_select_project,3.2945697179998206,0.0,0.0018577420000838174,0.042869023000093875,3.2964274599999044,3.3392964829999983,8,0.07541791688546357,0.13821839155058166,0.5867856390530319,0.42627764481669633,0.34977375433330726,0.5187391312267874,0.3030998190886743
1000,0.3,300,55,54,6,7,6,False,ok,selected_multi_metric_xb_worsening_patience,sample_select_full_fit,2.957902949000072,0.9737861230000817,0.0,0.06753174499999659,3.931689072000154,3.9992208170001504,6,0.062088799854731314,0.2262372715089883,0.7625685957404493,0.37962425161615343,0.30985942645280184,0.44012599622823256,0.22030632160043628
1000,0.3,300,55,54,6,7,6,False,ok,selected_multi_metric_xb_worsening_patience,sample_select_project,2.957902949000072,0.0,0.0037854629999856115,0.06316895700001623,2.9616884120000577,3.024857369000074,6,0.07070927868108971,0.18818507636350582,0.6691393750576855,0.4490592399460813,0.39618894332547255,0.49509427622648505,0.26617269751656786
1000,0.3,300,56,52,6,7,8,False,ok,selected_multi_metric_xb_worsening_patience,sample_select_full_fit,3.721903377000217,0.9540464520000569,0.0,0.06612137699994491,4.675949829000274,4.742071206000219,8,0.08299606365069648,0.15463195115031322,0.8267146359411234,0.4630242545756996,0.37089570093954244,0.5506598295612251,0.3261162930926484
1000,0.3,300,56,52,6,7,8,False,ok,selected_multi_metric_xb_worsening_patience,sample_select_project,3.721903377000217,0.0,0.0018591640000522602,0.08002566400000433,3.7237625410002693,3.8037882050002736,8,0.07498554989438831,0.17061207560832203,0.5473077077712101,0.3704144599956498,0.27916345395190695,0.5139478333089581,0.2877455778649497
1000,0.3,300,56,53,6,7,7,True,ok,selected_multi_metric_xb_worsening_patience,sample_select_full_fit,3.3351723340001627,1.0706278170000587,0.0,0.0428704360001575,4.405800151000221,4.448670587000379,7,0.08244756876823266,0.1514292253223605,1.0,0.5348239446245465,0.49410593415624293,0.5596564960331677,0.32136661401993144
1000,0.3,300,56,53,6,7,7,True,ok,selected_multi_metric_xb_worsening_patience,sample_select_project,3.3351723340001627,0.0,0.0017150960002254578,0.03367111599982309,3.336887430000388,3.370558546000211,7,0.07069225297108471,0.1566939852307531,0.4337390755400595,0.37215891614401436,0.29547475091512304,0.47897500255420594,0.25345488201349803
1000,0.3,300,56,54,6,7,6,False,ok,selected_multi_metric_xb_worsening_patience,sample_select_full_fit,3.3602146499997616,1.1564060160003464,0.0,0.07268562799981737,4.516620666000108,4.589306293999925,6,0.062088799854731314,0.2262372715089883,0.7625685957404493,0.37962425161615343,0.30985942645280184,0.44012599622823256,0.22030632160043628
1000,0.3,300,56,54,6,7,6,False,ok,selected_multi_metric_xb_worsening_patience,sample_select_project,3.3602146499997616,0.0,0.003776286999709555,0.08496780399991621,3.363990936999471,3.4489587409993874,6,0.0669673130201696,0.17932058225737105,0.46325246949371723,0.3694737543810272,0.30898147458874087,0.468361188804847,0.24124331173926794
1000,0.4,400,52,52,8,7,7,True,ok,selected_multi_metric_xb_worsening_patience,sample_select_full_fit,2.775354845000038,0.98047991500016,0.0,0.041269313000157126,3.755834760000198,3.797104073000355,7,0.0769841799396204,0.172956548218132,1.0,0.4676511964232385,0.39775701716310025,0.5220994753853917,0.2945682595900329
1000,0.4,400,52,52,8,7,7,True,ok,selected_multi_metric_xb_worsening_patience,sample_select_project,2.775354845000038,0.0,0.0017291320000367705,0.032549335999647155,2.777083977000075,2.809633312999722,7,0.07807802527263426,0.16225490054876343,0.585225341365833,0.49737432000368725,0.4329479766211689,0.5464228396386901,0.2933933849080147
1000,0.4,400,52,53,8,7,7,True,ok,selected_multi_metric_xb_worsening_patience,sample_select_full_fit,2.9653737589997036,1.0583873100003984,0.0,0.06763374499996644,4.023761069000102,4.091394814000068,7,0.08244756876823266,0.1514292253223605,1.0,0.5348239446245465,0.49410593415624293,0.5596564960331677,0.32136661401993144
1000,0.4,400,52,53,8,7,7,True,ok,selected_multi_metric_xb_worsening_patience,sample_select_project,2.9653737589997036,0.0,0.0043414990000201215,0.04695456599984027,2.9697152579997237,3.016669823999564,7,0.06773058155628786,0.16492219245806056,0.5002791076214085,0.45365893432742876,0.3803355330848983,0.4987963013167673,0.26637900825800354
1000,0.4,400,52,54,8,7,7,True,ok,selected_multi_metric_xb_worsening_patience,sample_select_full_fit,3.1421586779997597,0.8418421619999208,0.0,0.07774928300023021,3.9840008399996805,4.061750122999911,7,0.0769841799396204,0.17295629702751875,1.0,0.46765119642323855,0.39775701716310025,0.5220994753853917,0.2945682595900329
1000,0.4,400,52,54,8,7,7,True,ok,selected_multi_metric_xb_worsening_patience,sample_select_project,3.1421586779997597,0.0,0.0063958069999898726,0.09078030199998466,3.1485544849997495,3.239334786999734,7,0.07807802527263426,0.1622511091968758,0.585225341365833,0.49737432000368736,0.4329479766211689,0.54642283963869,0.2933933849080147
1000,0.4,400,53,52,8,7,6,False,ok,selected_multi_metric_xb_worsening_patience,sample_select_full_fit,3.3793590090003818,1.0188206509997144,0.0,0.032698354000331165,4.398179660000096,4.430878014000427,6,0.0674596599060884,0.19831320802839406,0.7115217842481445,0.3993900091092491,0.33586839728165147,0.4637256226607983,0.23542890864487948
1000,0.4,400,53,52,8,7,6,False,ok,selected_multi_metric_xb_worsening_patience,sample_select_project,3.3793590090003818,0.0,0.0022311170000648417,0.055268376000185526,3.3815901260004466,3.436858502000632,6,0.07540279642976852,0.18671508760037944,0.5595866000613751,0.46084612097567507,0.42835038050174923,0.5137339849184345,0.2745074274703426
1000,0.4,400,53,53,8,7,6,False,ok,selected_multi_metric_xb_worsening_patience,sample_select_full_fit,3.623411159999705,0.901381716999822,0.0,0.03475316300000486,4.524792876999527,4.559546039999532,6,0.07689213985203024,0.18057947672779417,0.7679198001499661,0.502679130208276,0.45083634978992093,0.5230192073828648,0.2843082151132576
1000,0.4,400,53,53,8,7,6,False,ok,selected_multi_metric_xb_worsening_patience,sample_select_project,3.623411159999705,0.0,0.0023298910000448814,0.03569461600000068,3.62574105099975,3.6614356669997505,6,0.07540279642976852,0.18671766511792887,0.6427278076073836,0.46084612097567507,0.42835038050174923,0.5137339849184347,0.2745074274703426
1000,0.4,400,53,54,8,7,6,False,ok,selected_multi_metric_xb_worsening_patience,sample_select_full_fit,3.8282414290001725,1.1157956530000774,0.0,0.04372510900020643,4.94403708200025,4.987762191000456,6,0.062088799854731314,0.2262372715089883,0.7625685957404493,0.37962425161615343,0.30985942645280184,0.44012599622823256,0.22030632160043628
1000,0.4,400,53,54,8,7,6,False,ok,selected_multi_metric_xb_worsening_patience,sample_select_project,3.8282414290001725,0.0,0.0022966289998294087,0.03681531399979576,3.830538058000002,3.8673533719997977,6,0.07540279642976852,0.18671699985261436,0.5595866000613751,0.460846120975675,0.42835038050174923,0.5137339849184347,0.2745074274703426
1000,0.4,400,54,52,8,7,7,True,ok,selected_multi_metric_xb_worsening_patience,sample_select_full_fit,3.127484867000021,1.0330679849998887,0.0,0.07437734999984968,4.16055285199991,4.2349302019997594,7,0.0769841799396204,0.172956548218132,1.0,0.4676511964232385,0.39775701716310025,0.5220994753853917,0.2945682595900329
1000,0.4,400,54,52,8,7,7,True,ok,selected_multi_metric_xb_worsening_patience,sample_select_project,3.127484867000021,0.0,0.004367247000118368,0.07374721599990153,3.1318521140001394,3.205599330000041,7,0.07657081228466345,0.16066396066408092,0.6817950786801358,0.4523405620418522,0.3976858967514371,0.5293822080795341,0.29843103272027377
1000,0.4,400,54,53,8,7,7,True,ok,selected_multi_metric_xb_worsening_patience,sample_select_full_fit,2.82439335700019,0.9901935410002807,0.0,0.07538594900006501,3.8145868980004707,3.8899728470005357,7,0.08244756876823266,0.1514292253223605,1.0,0.5348239446245465,0.49410593415624293,0.5596564960331677,0.32136661401993144
1000,0.4,400,54,53,8,7,7,True,ok,selected_multi_metric_xb_worsening_patience,sample_select_project,2.82439335700019,0.0,0.004433411000263732,0.07262216900016938,2.8288267680004537,2.901448937000623,7,0.07657081228466345,0.16066390149860785,0.6960285094372581,0.4523405620418523,0.3976858967514371,0.5293822080795343,0.29843103272027377
1000,0.4,400,54,54,8,7,7,True,ok,selected_multi_metric_xb_worsening_patience,sample_select_full_fit,2.543655415000103,0.7676212239998677,0.0,0.04226440699994782,3.3112766389999706,3.3535410459999184,7,0.0769841799396204,0.17295629702751875,1.0,0.46765119642323855,0.39775701716310025,0.5220994753853917,0.2945682595900329
1000,0.4,400,54,54,8,7,7,True,ok,selected_multi_metric_xb_worsening_patience,sample_select_project,2.543655415000103,0.0,0.0020211360001667344,0.08898227199961184,2.5456765510002697,2.6346588229998815,7,0.07657081228466345,0.16066390283998552,0.6817950786801358,0.4523405620418522,0.3976858967514371,0.5293822080795341,0.29843103272027377
1000,0.4,400,55,52,8,7,6,False,ok,selected_multi_metric_xb_worsening_patience,sample_select_full_fit,2.0421307649999108,0.8532591640000646,0.0,0.07204537600000549,2.8953899289999754,2.967435304999981,6,0.0674596599060884,0.19831320802839406,0.7115217842481445,0.3993900091092491,0.33586839728165147,0.4637256226607983,0.23542890864487948
1000,0.4,400,55,52,8,7,6,False,ok,selected_multi_metric_xb_worsening_patience,sample_select_project,2.0421307649999108,0.0,0.0049252359999627515,0.07276352300004874,2.0470560009998735,2.1198195239999222,6,0.07012009870534741,0.17095305799111785,0.7518179564164599,0.4427550097623155,0.3939649541872606,0.48900574045320516,0.2609173974636674
1000,0.4,400,55,53,8,7,6,False,ok,selected_multi_metric_xb_worsening_patience,sample_select_full_fit,1.6576023010002245,0.8543249500003185,0.0,0.07442528999990827,2.511927251000543,2.5863525410004513,6,0.07689213985203024,0.18057947672779417,0.7679198001499661,0.502679130208276,0.45083634978992093,0.5230192073828648,0.2843082151132576
1000,0.4,400,55,53,8,7,6,False,ok,selected_multi_metric_xb_worsening_patience,sample_select_project,1.6576023010002245,0.0,0.0069177489999674435,0.06901572099968689,1.664520050000192,1.7335357709998789,6,0.07012009870534741,0.17095301845457977,0.7067361753032181,0.44275500976231563,0.3939649541872606,0.4890057404532053,0.2609173974636674
1000,0.4,400,55,54,8,7,6,False,ok,selected_multi_metric_xb_worsening_patience,sample_select_full_fit,1.7274339670002519,1.118773512000189,0.0,0.07148704399969574,2.846207479000441,2.9176945230001365,6,0.062088799854731314,0.2262372715089883,0.7625685957404493,0.37962425161615343,0.30985942645280184,0.44012599622823256,0.22030632160043628
1000,0.4,400,55,54,8,7,6,False,ok,selected_multi_metric_xb_worsening_patience,sample_select_project,1.7274339670002519,0.0,0.004184265999811032,0.09698302900005729,1.731618233000063,1.8286012620001202,6,0.07012009870534741,0.1709530971199252,0.7518179564164599,0.44275500976231563,0.3939649541872606,0.4890057404532053,0.2609173974636674
1000,0.4,400,56,52,8,7,5,False,ok,selected_multi_metric_xb_worsening_patience,sample_select_full_fit,2.037597488999836,0.9650493120002466,0.0,0.03843726599961883,3.0026468010000826,3.0410840669997015,5,0.06914519777893781,0.20786695133143301,0.5963816317565258,0.43635030716508066,0.38853768472439953,0.4761505479461815,0.23653046367710492
1000,0.4,400,56,52,8,7,5,False,ok,selected_multi_metric_xb_worsening_patience,sample_select_project,2.037597488999836,0.0,0.002255181999771594,0.0751216270000441,2.0398526709996077,2.1149742979996518,5,0.06544876834108945,0.22121999340653198,0.5589403456788815,0.4023219741999776,0.3657229625350915,0.4503667988864072,0.21913413708590126
1000,0.4,400,56,53,8,7,5,False,ok,selected_multi_metric_xb_worsening_patience,sample_select_full_fit,1.9743660140002248,0.9669285119998676,0.0,0.07250389999990148,2.9412945260000924,3.013798425999994,5,0.06914519777893781,0.2078667159986538,0.5914257922145284,0.4363503071650806,0.38853768472439953,0.4761505479461814,0.23653046367710492
1000,0.4,400,56,53,8,7,5,False,ok,selected_multi_metric_xb_worsening_patience,sample_select_project,1.9743660140002248,0.0,0.004536282000117353,0.07232549699983792,1.9789022960003422,2.05122779300018,5,0.06544876834108945,0.22122064674366781,0.5817345398780144,0.4023219741999776,0.3657229625350915,0.4503667988864072,0.21913413708590126
1000,0.4,400,56,54,8,7,5,False,ok,selected_multi_metric_xb_worsening_patience,sample_select_full_fit,1.9894186090000403,1.0877201950002018,0.0,0.10737725199987835,3.077138804000242,3.1845160560001204,5,0.06914519777893781,0.20786695589325785,0.5963816317565258,0.4363503071650806,0.38853768472439953,0.4761505479461815,0.23653046367710492
1000,0.4,400,56,54,8,7,5,False,ok,selected_multi_metric_xb_worsening_patience,sample_select_project,1.9894186090000403,0.0,0.004299369999898772,0.08498671799998192,1.993717978999939,2.078704696999921,5,0.06544876834108945,0.22122064957879986,0.5589403456788815,0.4023219741999777,0.3657229625350915,0.4503667988864072,0.21913413708590126
1000,0.5,500,52,52,10,7,7,True,ok,selected_multi_metric_xb_worsening_patience,sample_select_full_fit,4.356916866999654,1.1705378390001897,0.0,0.09707929800015336,5.527454705999844,5.624534003999997,7,0.0769841799396204,0.172956548218132,1.0,0.4676511964232385,0.39775701716310025,0.5220994753853917,0.2945682595900329
1000,0.5,500,52,52,10,7,7,True,ok,selected_multi_metric_xb_worsening_patience,sample_select_project,4.356916866999654,0.0,0.012645230000089214,0.08700823400022273,4.3695620969997435,4.456570330999966,7,0.0782172635880695,0.16494636977693994,0.5945444299404435,0.4956905812261285,0.4280967085830891,0.5420313652783884,0.2949934016925887
1000,0.5,500,52,53,10,7,7,True,ok,selected_multi_metric_xb_worsening_patience,sample_select_full_fit,3.835490995999862,1.1519852139999784,0.0,0.03502997800023877,4.987476209999841,5.022506188000079,7,0.08244756876823266,0.1514292253223605,1.0,0.5348239446245465,0.49410593415624293,0.5596564960331677,0.32136661401993144
1000,0.5,500,52,53,10,7,7,True,ok,selected_multi_metric_xb_worsening_patience,sample_select_project,3.835490995999862,0.0,0.002261254000131885,0.03548565700020845,3.837752249999994,3.8732379070002025,7,0.07725305640857034,0.16405337831364233,0.5590078803012762,0.4963632723707205,0.4344689619218969,0.5479082394669801,0.30138552564396753
1000,0.5,500,52,54,10,7,7,True,ok,selected_multi_metric_xb_worsening_patience,sample_select_full_fit,3.923061047000374,0.8777709719997802,0.0,0.047203050999996776,4.800832019000154,4.848035070000151,7,0.0769841799396204,0.17295629702751875,1.0,0.46765119642323855,0.39775701716310025,0.5220994753853917,0.2945682595900329
1000,0.5,500,52,54,10,7,7,True,ok,selected_multi_metric_xb_worsening_patience,sample_select_project,3.923061047000374,0.0,0.003380108000328619,0.042146497999965504,3.9264411550007026,3.968587653000668,7,0.0782172635880695,0.16494311934455005,0.5945444299404435,0.49569058122612847,0.4280967085830891,0.5420313652783885,0.2949934016925887
1000,0.5,500,53,52,10,7,6,False,ok,selected_multi_metric_xb_worsening_patience,sample_select_full_fit,4.555059998000161,1.015944748000038,0.0,0.08084490000010192,5.571004746000199,5.651849646000301,6,0.0674596599060884,0.19831320802839406,0.7115217842481445,0.3993900091092491,0.33586839728165147,0.4637256226607983,0.23542890864487948
1000,0.5,500,53,52,10,7,6,False,ok,selected_multi_metric_xb_worsening_patience,sample_select_project,4.555059998000161,0.0,0.0069169880002846185,0.06908353900007569,4.561976986000445,4.631060525000521,6,0.07777510057528082,0.18331052005725812,0.5615297210313769,0.48720499956232904,0.45011214268669486,0.529766828874884,0.28229489346351894
1000,0.5,500,53,53,10,7,6,False,ok,selected_multi_metric_xb_worsening_patience,sample_select_full_fit,3.8859380670000974,0.8956277180000143,0.0,0.04477433400006703,4.781565785000112,4.826340119000179,6,0.07689213985203024,0.18057947672779417,0.7679198001499661,0.502679130208276,0.45083634978992093,0.5230192073828648,0.2843082151132576
1000,0.5,500,53,53,10,7,6,False,ok,selected_multi_metric_xb_worsening_patience,sample_select_project,3.8859380670000974,0.0,0.0016993059998640092,0.04678761500008477,3.8876373729999614,3.934424988000046,6,0.07777510057528082,0.18330815542894408,0.6653375394727873,0.48720499956232904,0.45011214268669486,0.529766828874884,0.28229489346351894
1000,0.5,500,53,54,10,7,6,False,ok,selected_multi_metric_xb_worsening_patience,sample_select_full_fit,3.6557847690000926,1.28622277400018,0.0,0.09848388499995053,4.942007543000273,5.040491428000223,6,0.062088799854731314,0.2262372715089883,0.7625685957404493,0.37962425161615343,0.30985942645280184,0.44012599622823256,0.22030632160043628
1000,0.5,500,53,54,10,7,6,False,ok,selected_multi_metric_xb_worsening_patience,sample_select_project,3.6557847690000926,0.0,0.007868099999996048,0.09450813700004801,3.6636528690000887,3.7581610060001367,6,0.07777510057528082,0.18330823089165965,0.5615297210313769,0.48720499956232904,0.45011214268669486,0.5297668288748841,0.28229489346351894
1000,0.5,500,54,52,10,7,6,False,ok,selected_multi_metric_xb_worsening_patience,sample_select_full_fit,3.164406095999766,1.060087817999829,0.0,0.04045403400004943,4.224493913999595,4.264947947999644,6,0.0674596599060884,0.19831320802839406,0.7115217842481445,0.3993900091092491,0.33586839728165147,0.4637256226607983,0.23542890864487948
1000,0.5,500,54,52,10,7,6,False,ok,selected_multi_metric_xb_worsening_patience,sample_select_project,3.164406095999766,0.0,0.0021935969998594373,0.07704726400015716,3.1665996929996254,3.2436469569997826,6,0.07432174655639252,0.2090751003457629,0.7949613815856184,0.47769868034998797,0.42749674863150866,0.5087044577696025,0.276389929777192
1000,0.5,500,54,53,10,7,6,False,ok,selected_multi_metric_xb_worsening_patience,sample_select_full_fit,3.5954633950000243,0.9611664969997946,0.0,0.06050679700001638,4.556629891999819,4.617136688999835,6,0.07689213985203024,0.18057947672779417,0.7679198001499661,0.502679130208276,0.45083634978992093,0.5230192073828648,0.2843082151132576
1000,0.5,500,54,53,10,7,6,False,ok,selected_multi_metric_xb_worsening_patience,sample_select_project,3.5954633950000243,0.0,0.007918404000065493,0.09664379700006975,3.60338179900009,3.7000255960001596,6,0.07432174655639252,0.2090752800560176,0.7671956835914278,0.47769868034998797,0.42749674863150866,0.5087044577696025,0.276389929777192
1000,0.5,500,54,54,10,7,6,False,ok,selected_multi_metric_xb_worsening_patience,sample_select_full_fit,3.7868317140000727,1.2190388529998017,0.0,0.04909936200010634,5.005870566999874,5.054969928999981,6,0.062088799854731314,0.2262372715089883,0.7625685957404493,0.37962425161615343,0.30985942645280184,0.44012599622823256,0.22030632160043628
1000,0.5,500,54,54,10,7,6,False,ok,selected_multi_metric_xb_worsening_patience,sample_select_project,3.7868317140000727,0.0,0.002272003000143741,0.03999112200017407,3.7891037170002164,3.8290948390003905,6,0.07432174655639252,0.20907512285566177,0.7949613815856184,0.4776986803499879,0.42749674863150866,0.5087044577696025,0.276389929777192
1000,0.5,500,55,52,10,7,5,False,ok,selected_multi_metric_xb_worsening_patience,sample_select_full_fit,2.9047528950000014,0.7656967879997865,0.0,0.056753062000098,3.670449682999788,3.727202744999886,5,0.06914519777893781,0.20786695133143301,0.5963816317565258,0.43635030716508066,0.38853768472439953,0.4761505479461815,0.23653046367710492
1000,0.5,500,55,52,10,7,5,False,ok,selected_multi_metric_xb_worsening_patience,sample_select_project,2.9047528950000014,0.0,0.0017371869998896727,0.05207173999997394,2.906490081999891,2.958561821999865,5,0.06422477213909224,0.19945898831641987,0.5759774743794499,0.39994184117081993,0.3652227294108149,0.4461931522391099,0.22178970416169372
1000,0.5,500,55,53,10,7,6,False,ok,selected_multi_metric_xb_worsening_patience,sample_select_full_fit,3.088795227999981,1.1983734039999945,0.0,0.10906547099966701,4.287168631999975,4.396234102999642,6,0.07689213985203024,0.18057947672779417,0.7679198001499661,0.502679130208276,0.45083634978992093,0.5230192073828648,0.2843082151132576
1000,0.5,500,55,53,10,7,6,False,ok,selected_multi_metric_xb_worsening_patience,sample_select_project,3.088795227999981,0.0,0.004058592000092176,0.07528315699983068,3.092853820000073,3.1681369769999037,6,0.07720494353450826,0.17591753910220004,0.7658200875499268,0.5103749757627575,0.4722258869599888,0.520196130943551,0.2774392340729598
1000,0.5,500,55,54,10,7,6,False,ok,selected_multi_metric_xb_worsening_patience,sample_select_full_fit,2.8575302049998754,1.2523319100000663,0.0,0.06089367699996728,4.109862114999942,4.170755791999909,6,0.062088799854731314,0.2262372715089883,0.7625685957404493,0.37962425161615343,0.30985942645280184,0.44012599622823256,0.22030632160043628
1000,0.5,500,55,54,10,7,6,False,ok,selected_multi_metric_xb_worsening_patience,sample_select_project,2.8575302049998754,0.0,0.003141943999708019,0.08501869400015494,2.8606721489995834,2.9456908429997384,6,0.07720494353450826,0.17591459171638033,0.5937756549898763,0.5103749757627576,0.4722258869599888,0.5201961309435511,0.2774392340729598
1000,0.5,500,56,52,10,7,6,False,ok,selected_multi_metric_xb_worsening_patience,sample_select_full_fit,2.4932332980001775,0.9688201750000189,0.0,0.08565849900014655,3.4620534730001964,3.547711972000343,6,0.0674596599060884,0.19831320802839406,0.7115217842481445,0.3993900091092491,0.33586839728165147,0.4637256226607983,0.23542890864487948
1000,0.5,500,56,52,10,7,6,False,ok,selected_multi_metric_xb_worsening_patience,sample_select_project,2.4932332980001775,0.0,0.0033227610001631547,0.11871857699998145,2.4965560590003406,2.615274636000322,6,0.07537298724660411,0.1695664829741321,0.5987808712835981,0.4793688138666095,0.4467035385729451,0.5012034133484795,0.2668391982170475
1000,0.5,500,56,53,10,7,6,False,ok,selected_multi_metric_xb_worsening_patience,sample_select_full_fit,2.8281050639998284,0.8930939449996913,0.0,0.08977888600020378,3.7211990089995197,3.8109778949997235,6,0.07689213985203024,0.18057947672779417,0.7679198001499661,0.502679130208276,0.45083634978992093,0.5230192073828648,0.2843082151132576
1000,0.5,500,56,53,10,7,6,False,ok,selected_multi_metric_xb_worsening_patience,sample_select_project,2.8281050639998284,0.0,0.0040783180002108566,0.08930307999980869,2.8321833820000393,2.921486461999848,6,0.07537298724660411,0.16956633360616974,0.7770661325766275,0.4793688138666095,0.4467035385729451,0.5012034133484795,0.2668391982170475
1000,0.5,500,56,54,10,7,6,False,ok,selected_multi_metric_xb_worsening_patience,sample_select_full_fit,2.6838067150001734,1.9900294049998593,0.0,0.0922428169997147,4.673836120000033,4.766078936999747,6,0.062088799854731314,0.2262372715089883,0.7625685957404493,0.37962425161615343,0.30985942645280184,0.44012599622823256,0.22030632160043628
1000,0.5,500,56,54,10,7,6,False,ok,selected_multi_metric_xb_worsening_patience,sample_select_project,2.6838067150001734,0.0,0.006044963000022108,0.10874998300005245,2.6898516780001955,2.798601661000248,6,0.07537298724660411,0.16956626706669017,0.5987808712835981,0.47936881386660957,0.4467035385729451,0.5012034133484795,0.2668391982170475
1000,0.7,700,52,52,14,7,7,True,ok,selected_multi_metric_xb_worsening_patience,sample_select_full_fit,6.380939551999745,1.0925378090000777,0.0,0.03703783900027702,7.473477360999823,7.5105152000001,7,0.0769841799396204,0.172956548218132,1.0,0.4676511964232385,0.39775701716310025,0.5220994753853917,0.2945682595900329
1000,0.7,700,52,52,14,7,7,True,ok,selected_multi_metric_xb_worsening_patience,sample_select_project,6.380939551999745,0.0,0.0019835260000036214,0.08000097800004369,6.382923077999749,6.4629240559997925,7,0.07746963035908719,0.19358404512813768,0.8958776955921607,0.458305610383489,0.39269326768414986,0.5163497957717853,0.2932509390420464
1000,0.7,700,52,53,14,7,7,True,ok,selected_multi_metric_xb_worsening_patience,sample_select_full_fit,5.199971850000111,1.1183947060003447,0.0,0.11856793600009041,6.318366556000456,6.436934492000546,7,0.08244756876823266,0.1514292253223605,1.0,0.5348239446245465,0.49410593415624293,0.5596564960331677,0.32136661401993144
1000,0.7,700,52,53,14,7,7,True,ok,selected_multi_metric_xb_worsening_patience,sample_select_project,5.199971850000111,0.0,0.014924876999884873,0.12594708500000706,5.214896726999996,5.340843812000003,7,0.07746963035908719,0.19358404824327474,0.6347174025391118,0.4583056103834889,0.39269326768414986,0.5163497957717854,0.2932509390420464
1000,0.7,700,52,54,14,7,6,False,ok,selected_multi_metric_xb_worsening_patience,sample_select_full_fit,5.238493155000015,1.2914343910001662,0.0,0.08358615699989969,6.529927546000181,6.613513703000081,6,0.062088799854731314,0.2262372715089883,0.7625685957404493,0.37962425161615343,0.30985942645280184,0.44012599622823256,0.22030632160043628
1000,0.7,700,52,54,14,7,6,False,ok,selected_multi_metric_xb_worsening_patience,sample_select_project,5.238493155000015,0.0,0.005192635000184964,0.07587971000020843,5.2436857900002,5.319565500000408,6,0.07700823781537657,0.18206319771691076,0.7950622902284328,0.49920795561326436,0.4501147827318389,0.5255757905245062,0.28691270087330073
1000,0.7,700,53,52,14,7,6,False,ok,selected_multi_metric_xb_worsening_patience,sample_select_full_fit,4.42730666100033,1.1023353640002824,0.0,0.10693731599985767,5.529642025000612,5.63657934100047,6,0.0674596599060884,0.19831320802839406,0.7115217842481445,0.3993900091092491,0.33586839728165147,0.4637256226607983,0.23542890864487948
1000,0.7,700,53,52,14,7,6,False,ok,selected_multi_metric_xb_worsening_patience,sample_select_project,4.42730666100033,0.0,0.010137448000023142,0.09487966000006054,4.437444109000353,4.5323237690004134,6,0.0812608603503366,0.1779873207750336,0.6314068464092683,0.5289589458128693,0.4876782018465266,0.5399395313921067,0.28814667761908525
1000,0.7,700,53,53,14,7,6,False,ok,selected_multi_metric_xb_worsening_patience,sample_select_full_fit,4.045905381000011,0.9719848050003748,0.0,0.09088310400011324,5.017890186000386,5.108773290000499,6,0.07689213985203024,0.18057947672779417,0.7679198001499661,0.502679130208276,0.45083634978992093,0.5230192073828648,0.2843082151132576
1000,0.7,700,53,53,14,7,6,False,ok,selected_multi_metric_xb_worsening_patience,sample_select_project,4.045905381000011,0.0,0.006137003999810986,0.08975607399997898,4.052042384999822,4.141798458999801,6,0.0812608603503366,0.1779873287207463,0.7309592241058017,0.5289589458128693,0.4876782018465266,0.5399395313921069,0.28814667761908525
1000,0.7,700,53,54,14,7,7,True,ok,selected_multi_metric_xb_worsening_patience,sample_select_full_fit,4.228105583999877,0.8734800619999987,0.0,0.0424337919998834,5.101585645999876,5.144019437999759,7,0.0769841799396204,0.17295629702751875,1.0,0.46765119642323855,0.39775701716310025,0.5220994753853917,0.2945682595900329
1000,0.7,700,53,54,14,7,7,True,ok,selected_multi_metric_xb_worsening_patience,sample_select_project,4.228105583999877,0.0,0.008530633999725978,0.060464348000095924,4.236636217999603,4.297100565999699,7,0.07676835379515126,0.18064467968864473,0.895702302006818,0.45124510602945855,0.38576849758132215,0.5091561393585416,0.28646853142239403
1000,0.7,700,54,52,14,7,6,False,ok,selected_multi_metric_xb_worsening_patience,sample_select_full_fit,4.116328911999972,1.113656049000383,0.0,0.06601024000019606,5.229984961000355,5.295995201000551,6,0.0674596599060884,0.19831320802839406,0.7115217842481445,0.3993900091092491,0.33586839728165147,0.4637256226607983,0.23542890864487948
1000,0.7,700,54,52,14,7,6,False,ok,selected_multi_metric_xb_worsening_patience,sample_select_project,4.116328911999972,0.0,0.0076152790002197435,0.11247666599956574,4.1239441910001915,4.236420856999757,6,0.0772468505134892,0.1909432674774799,0.8050007937062336,0.501459074240792,0.44764690290101283,0.5234718238866358,0.28579795190954804
1000,0.7,700,54,53,14,7,6,False,ok,selected_multi_metric_xb_worsening_patience,sample_select_full_fit,4.01575387999992,0.964734787999987,0.0,0.09594399200022963,4.980488667999907,5.076432660000137,6,0.07689213985203024,0.18057947672779417,0.7679198001499661,0.502679130208276,0.45083634978992093,0.5230192073828648,0.2843082151132576
1000,0.7,700,54,53,14,7,6,False,ok,selected_multi_metric_xb_worsening_patience,sample_select_project,4.01575387999992,0.0,0.005106694999994943,0.07397986999967543,4.020860574999915,4.0948404449995905,6,0.0772468505134892,0.19094327163996758,0.7338150697318594,0.501459074240792,0.44764690290101283,0.5234718238866358,0.28579795190954804
1000,0.7,700,54,54,14,7,7,True,ok,selected_multi_metric_xb_worsening_patience,sample_select_full_fit,4.325873815999785,1.0359817739999926,0.0,0.07527907999974559,5.361855589999777,5.437134669999523,7,0.0769841799396204,0.17295629702751875,1.0,0.46765119642323855,0.39775701716310025,0.5220994753853917,0.2945682595900329
1000,0.7,700,54,54,14,7,7,True,ok,selected_multi_metric_xb_worsening_patience,sample_select_project,4.325873815999785,0.0,0.00407103499992445,0.07457884599989484,4.329944850999709,4.404523696999604,7,0.07611139790548146,0.1885709501813032,0.9314127538246858,0.45852590700388085,0.3888952167664768,0.518044571323927,0.29212554705328303
1000,0.7,700,55,52,14,7,7,True,ok,selected_multi_metric_xb_worsening_patience,sample_select_full_fit,4.373035141999935,1.3266561589998673,0.0,0.08041904699985025,5.6996913009998025,5.780110347999653,7,0.0769841799396204,0.172956548218132,1.0,0.4676511964232385,0.39775701716310025,0.5220994753853917,0.2945682595900329
1000,0.7,700,55,52,14,7,7,True,ok,selected_multi_metric_xb_worsening_patience,sample_select_project,4.373035141999935,0.0,0.004050016000292089,0.06959215400001995,4.377085158000227,4.446677312000247,7,0.07904991268619471,0.15239491088667467,0.6497757964390045,0.5033239487017628,0.4658372212456784,0.5379321874875591,0.30889699975723994
1000,0.7,700,55,53,14,7,7,True,ok,selected_multi_metric_xb_worsening_patience,sample_select_full_fit,4.919512506999581,1.5529619420003655,0.0,0.07994882100001632,6.472474448999947,6.552423269999963,7,0.08244756876823266,0.1514292253223605,1.0,0.5348239446245465,0.49410593415624293,0.5596564960331677,0.32136661401993144
1000,0.7,700,55,53,14,7,7,True,ok,selected_multi_metric_xb_worsening_patience,sample_select_project,4.919512506999581,0.0,0.003797966000092856,0.1021517189997212,4.923310472999674,5.025462191999395,7,0.07904991268619471,0.1523948291192119,0.8870265663283737,0.5033239487017628,0.4658372212456784,0.5379321874875591,0.30889699975723994
1000,0.7,700,55,54,14,7,7,True,ok,selected_multi_metric_xb_worsening_patience,sample_select_full_fit,4.907521493999866,0.7993338199999016,0.0,0.06306781800003591,5.7068553139997675,5.7699231319998034,7,0.0769841799396204,0.17295629702751875,1.0,0.46765119642323855,0.39775701716310025,0.5220994753853917,0.2945682595900329
1000,0.7,700,55,54,14,7,7,True,ok,selected_multi_metric_xb_worsening_patience,sample_select_project,4.907521493999866,0.0,0.001924216000134038,0.056632948999777,4.90944571,4.966078658999777,7,0.07496112256974795,0.15630117865954463,0.8781079722624123,0.45365039976824095,0.3894487478851508,0.509576442055451,0.2884870785451016
1000,0.7,700,56,52,14,7,7,True,ok,selected_multi_metric_xb_worsening_patience,sample_select_full_fit,6.357645640000101,1.9248831669997344,0.0,0.053902862000086316,8.282528806999835,8.336431668999921,7,0.0769841799396204,0.172956548218132,1.0,0.4676511964232385,0.39775701716310025,0.5220994753853917,0.2945682595900329
1000,0.7,700,56,52,14,7,7,True,ok,selected_multi_metric_xb_worsening_patience,sample_select_project,6.357645640000101,0.0,0.0018331759997636254,0.04767803400000048,6.359478815999864,6.407156849999865,7,0.0764797041218244,0.1755285387837728,0.9162828273436608,0.456830221577993,0.3904713186125028,0.516097552395585,0.2895624892281981
1000,0.7,700,56,53,14,7,7,True,ok,selected_multi_metric_xb_worsening_patience,sample_select_full_fit,5.221429236999938,1.564977679999629,0.0,0.06866279299993039,6.786406916999567,6.855069709999498,7,0.08244756876823266,0.1514292253223605,1.0,0.5348239446245465,0.49410593415624293,0.5596564960331677,0.32136661401993144
1000,0.7,700,56,53,14,7,7,True,ok,selected_multi_metric_xb_worsening_patience,sample_select_project,5.221429236999938,0.0,0.0017660309999882884,0.07040570999970441,5.223195267999927,5.293600977999631,7,0.0764797041218244,0.17552855813798726,0.6464705393819766,0.45683022157799297,0.3904713186125028,0.5160975523955851,0.2895624892281981
1000,0.7,700,56,54,14,7,7,True,ok,selected_multi_metric_xb_worsening_patience,sample_select_full_fit,5.479122784000083,1.9807370739999897,0.0,0.10593012900017129,7.459859858000073,7.565789987000244,7,0.0769841799396204,0.17295629702751875,1.0,0.46765119642323855,0.39775701716310025,0.5220994753853917,0.2945682595900329
1000,0.7,700,56,54,14,7,7,True,ok,selected_multi_metric_xb_worsening_patience,sample_select_project,5.479122784000083,0.0,0.004351648000010755,0.08298545800016655,5.483474432000094,5.56645989000026,7,0.0764797041218244,0.17552858186299378,0.9162828273436608,0.4568302215779929,0.3904713186125028,0.5160975523955851,0.2895624892281981
1000,1.0,1000,52,52,20,7,7,True,ok,selected_multi_metric_xb_worsening_patience,sample_select_full_fit,11.364349674000096,2.2067453009999554,0.0,0.09912641500022801,13.571094975000051,13.670221390000279,7,0.0769841799396204,0.172956548218132,1.0,0.4676511964232385,0.39775701716310025,0.5220994753853917,0.2945682595900329
1000,1.0,1000,52,52,20,7,7,True,ok,selected_multi_metric_xb_worsening_patience,sample_select_project,11.364349674000096,0.0,0.004637471000023652,0.08018199499974799,11.36898714500012,11.449169139999867,7,0.0769841799396204,0.17295654821813203,1.0,0.4676511964232385,0.39775701716310025,0.5220994753853917,0.2945682595900329
1000,1.0,1000,52,53,20,7,7,True,ok,selected_multi_metric_xb_worsening_patience,sample_select_full_fit,11.121483445000194,2.2593681379998998,0.0,0.12691761399992174,13.380851583000094,13.507769197000016,7,0.08244756876823266,0.1514292253223605,1.0,0.5348239446245465,0.49410593415624293,0.5596564960331677,0.32136661401993144
1000,1.0,1000,52,53,20,7,7,True,ok,selected_multi_metric_xb_worsening_patience,sample_select_project,11.121483445000194,0.0,0.00472003400000176,0.14197467699978006,11.126203479000196,11.268178155999976,7,0.08244756876823266,0.15142922532236053,1.0,0.5348239446245465,0.49410593415624293,0.5596564960331677,0.32136661401993144
1000,1.0,1000,52,54,20,7,7,True,ok,selected_multi_metric_xb_worsening_patience,sample_select_full_fit,10.767241380000087,1.8029804570001033,0.0,0.056837739999991754,12.57022183700019,12.627059577000182,7,0.0769841799396204,0.17295629702751875,1.0,0.46765119642323855,0.39775701716310025,0.5220994753853917,0.2945682595900329
1000,1.0,1000,52,54,20,7,7,True,ok,selected_multi_metric_xb_worsening_patience,sample_select_project,10.767241380000087,0.0,0.001684187999671849,0.09015694099980465,10.768925567999759,10.859082508999563,7,0.0769841799396204,0.17295629702751872,1.0,0.46765119642323855,0.39775701716310025,0.5220994753853917,0.2945682595900329
1000,1.0,1000,53,52,20,7,7,True,ok,selected_multi_metric_xb_worsening_patience,sample_select_full_fit,10.547304461999829,2.91693889499993,0.0,0.12386428699983298,13.46424335699976,13.588107643999592,7,0.0769841799396204,0.172956548218132,1.0,0.4676511964232385,0.39775701716310025,0.5220994753853917,0.2945682595900329
1000,1.0,1000,53,52,20,7,7,True,ok,selected_multi_metric_xb_worsening_patience,sample_select_project,10.547304461999829,0.0,0.008057071999701293,0.11929249600007097,10.55536153399953,10.674654029999601,7,0.0769841799396204,0.17295654821813203,1.0,0.4676511964232385,0.39775701716310025,0.5220994753853917,0.2945682595900329
1000,1.0,1000,53,53,20,7,7,True,ok,selected_multi_metric_xb_worsening_patience,sample_select_full_fit,10.043360124000174,2.0381735399996614,0.0,0.07388615499985463,12.081533663999835,12.15541981899969,7,0.08244756876823266,0.1514292253223605,1.0,0.5348239446245465,0.49410593415624293,0.5596564960331677,0.32136661401993144
1000,1.0,1000,53,53,20,7,7,True,ok,selected_multi_metric_xb_worsening_patience,sample_select_project,10.043360124000174,0.0,0.006113100000220584,0.09650164200002109,10.049473224000394,10.145974866000415,7,0.08244756876823266,0.15142922532236053,1.0,0.5348239446245465,0.49410593415624293,0.5596564960331677,0.32136661401993144
1000,1.0,1000,53,54,20,7,7,True,ok,selected_multi_metric_xb_worsening_patience,sample_select_full_fit,9.947652811000353,1.6627588459996332,0.0,0.13023465399965062,11.610411656999986,11.740646310999637,7,0.0769841799396204,0.17295629702751875,1.0,0.46765119642323855,0.39775701716310025,0.5220994753853917,0.2945682595900329
1000,1.0,1000,53,54,20,7,7,True,ok,selected_multi_metric_xb_worsening_patience,sample_select_project,9.947652811000353,0.0,0.01052791599977354,0.12887108199993236,9.958180727000126,10.087051809000059,7,0.0769841799396204,0.17295629702751872,1.0,0.46765119642323855,0.39775701716310025,0.5220994753853917,0.2945682595900329
1000,1.0,1000,54,52,20,7,7,True,ok,selected_multi_metric_xb_worsening_patience,sample_select_full_fit,11.500388291000036,2.6868817469999158,0.0,0.10584221500039348,14.187270037999951,14.293112253000345,7,0.0769841799396204,0.172956548218132,1.0,0.4676511964232385,0.39775701716310025,0.5220994753853917,0.2945682595900329
1000,1.0,1000,54,52,20,7,7,True,ok,selected_multi_metric_xb_worsening_patience,sample_select_project,11.500388291000036,0.0,0.00944251400005669,0.10887981499990929,11.509830805000092,11.618710620000002,7,0.0769841799396204,0.17295654821813203,1.0,0.4676511964232385,0.39775701716310025,0.5220994753853917,0.2945682595900329
1000,1.0,1000,54,53,20,7,7,True,ok,selected_multi_metric_xb_worsening_patience,sample_select_full_fit,10.951813725000193,2.2910146369999893,0.0,0.11600765499997578,13.242828362000182,13.358836017000158,7,0.08244756876823266,0.1514292253223605,1.0,0.5348239446245465,0.49410593415624293,0.5596564960331677,0.32136661401993144
1000,1.0,1000,54,53,20,7,7,True,ok,selected_multi_metric_xb_worsening_patience,sample_select_project,10.951813725000193,0.0,0.0016866629998730787,0.078084377000323,10.953500388000066,11.031584765000389,7,0.08244756876823266,0.15142922532236053,1.0,0.5348239446245465,0.49410593415624293,0.5596564960331677,0.32136661401993144
1000,1.0,1000,54,54,20,7,7,True,ok,selected_multi_metric_xb_worsening_patience,sample_select_full_fit,9.929754381999828,1.6686928129997796,0.0,0.14691560299979756,11.598447194999608,11.745362797999405,7,0.0769841799396204,0.17295629702751875,1.0,0.46765119642323855,0.39775701716310025,0.5220994753853917,0.2945682595900329
1000,1.0,1000,54,54,20,7,7,True,ok,selected_multi_metric_xb_worsening_patience,sample_select_project,9.929754381999828,0.0,0.009995663999688986,0.14675401199974658,9.939750045999517,10.086504057999264,7,0.0769841799396204,0.17295629702751872,1.0,0.46765119642323855,0.39775701716310025,0.5220994753853917,0.2945682595900329
1000,1.0,1000,55,52,20,7,7,True,ok,selected_multi_metric_xb_worsening_patience,sample_select_full_fit,8.927004216000114,1.5883016479997423,0.0,0.04106115500007945,10.515305863999856,10.556367018999936,7,0.0769841799396204,0.172956548218132,1.0,0.4676511964232385,0.39775701716310025,0.5220994753853917,0.2945682595900329
1000,1.0,1000,55,52,20,7,7,True,ok,selected_multi_metric_xb_worsening_patience,sample_select_project,8.927004216000114,0.0,0.002357833000132814,0.04092009199985114,8.929362049000247,8.970282141000098,7,0.0769841799396204,0.17295654821813203,1.0,0.4676511964232385,0.39775701716310025,0.5220994753853917,0.2945682595900329
1000,1.0,1000,55,53,20,7,7,True,ok,selected_multi_metric_xb_worsening_patience,sample_select_full_fit,10.488447270000052,2.516303940999933,0.0,0.09842228999968938,13.004751210999984,13.103173500999674,7,0.08244756876823266,0.1514292253223605,1.0,0.5348239446245465,0.49410593415624293,0.5596564960331677,0.32136661401993144
1000,1.0,1000,55,53,20,7,7,True,ok,selected_multi_metric_xb_worsening_patience,sample_select_project,10.488447270000052,0.0,0.006260855999698833,0.11077050799985955,10.49470812599975,10.60547863399961,7,0.08244756876823266,0.15142922532236053,1.0,0.5348239446245465,0.49410593415624293,0.5596564960331677,0.32136661401993144
1000,1.0,1000,55,54,20,7,7,True,ok,selected_multi_metric_xb_worsening_patience,sample_select_full_fit,9.977070964999712,1.820759753999937,0.0,0.08579826000004687,11.797830718999649,11.883628978999695,7,0.0769841799396204,0.17295629702751875,1.0,0.46765119642323855,0.39775701716310025,0.5220994753853917,0.2945682595900329
1000,1.0,1000,55,54,20,7,7,True,ok,selected_multi_metric_xb_worsening_patience,sample_select_project,9.977070964999712,0.0,0.005490920999818627,0.08825075999993715,9.98256188599953,10.070812645999467,7,0.0769841799396204,0.17295629702751872,1.0,0.46765119642323855,0.39775701716310025,0.5220994753853917,0.2945682595900329
1000,1.0,1000,56,52,20,7,7,True,ok,selected_multi_metric_xb_worsening_patience,sample_select_full_fit,10.087450402000286,2.568152896000356,0.0,0.12618114099996092,12.655603298000642,12.781784439000603,7,0.0769841799396204,0.172956548218132,1.0,0.4676511964232385,0.39775701716310025,0.5220994753853917,0.2945682595900329
1000,1.0,1000,56,52,20,7,7,True,ok,selected_multi_metric_xb_worsening_patience,sample_select_project,10.087450402000286,0.0,0.0047051760002432275,0.10455505700019785,10.09215557800053,10.196710635000727,7,0.0769841799396204,0.17295654821813203,1.0,0.4676511964232385,0.39775701716310025,0.5220994753853917,0.2945682595900329
1000,1.0,1000,56,53,20,7,7,True,ok,selected_multi_metric_xb_worsening_patience,sample_select_full_fit,10.499328135999804,2.7464913070002694,0.0,0.1249503070002902,13.245819443000073,13.370769750000363,7,0.08244756876823266,0.1514292253223605,1.0,0.5348239446245465,0.49410593415624293,0.5596564960331677,0.32136661401993144
1000,1.0,1000,56,53,20,7,7,True,ok,selected_multi_metric_xb_worsening_patience,sample_select_project,10.499328135999804,0.0,0.009788597999886406,0.1301118450001013,10.50911673399969,10.639228578999791,7,0.08244756876823266,0.15142922532236053,1.0,0.5348239446245465,0.49410593415624293,0.5596564960331677,0.32136661401993144
1000,1.0,1000,56,54,20,7,7,True,ok,selected_multi_metric_xb_worsening_patience,sample_select_full_fit,8.865137515999777,1.8662115400002222,0.0,0.07648776199994245,10.731349055999999,10.807836817999942,7,0.0769841799396204,0.17295629702751875,1.0,0.46765119642323855,0.39775701716310025,0.5220994753853917,0.2945682595900329
1000,1.0,1000,56,54,20,7,7,True,ok,selected_multi_metric_xb_worsening_patience,sample_select_project,8.865137515999777,0.0,0.009799749000194424,0.07231180200005838,8.874937264999971,8.94724906700003,7,0.0769841799396204,0.17295629702751872,1.0,0.46765119642323855,0.39775701716310025,0.5220994753853917,0.2945682595900329
3000,1.0,3000,-1,52,20,5,5,True,ok,selected_multi_metric_xb_worsening_patience,full_selection,46.256923740000275,0.0,0.0,0.41152812999962407,46.256923740000275,46.6684518699999,5,0.07527706075495254,0.19117074474087273,,0.43296651783197426,0.38959809679239465,0.4703507628128804,0.24054337632924258
3000,1.0,3000,-1,53,20,5,5,True,ok,selected_multi_metric_xb_worsening_patience,full_selection,48.582498809999834,0.0,0.0,0.3209323119999681,48.582498809999834,48.9034311219998,5,0.07527706075495254,0.19117074917042362,,0.4329665178319743,0.38959809679239465,0.47035076281288035,0.24054337632924258
3000,1.0,3000,-1,54,20,5,5,True,ok,selected_multi_metric_xb_worsening_patience,full_selection,47.84728984200001,0.0,0.0,0.46458557700043457,47.84728984200001,48.311875419000444,5,0.07527706075495254,0.1911709610946314,,0.43296651783197426,0.38959809679239465,0.47035076281288035,0.24054337632924258
3000,0.05,150,52,52,2,5,8,False,ok,selected_multi_metric_xb_worsening_patience,sample_select_full_fit,4.654542974999913,14.98426667099966,0.0,0.26077624900017327,19.638809645999572,19.899585894999746,8,0.08657783819906467,0.16491954439813974,0.5584154749558173,0.4473482564920326,0.37996689471686756,0.5348419082689724,0.32708968274804817
3000,0.05,150,52,52,2,5,8,False,ok,selected_multi_metric_xb_worsening_patience,sample_select_project,4.654542974999913,0.0,0.009405844999946567,0.28941236399987247,4.6639488199998596,4.953361183999732,8,0.0708151787757767,0.16078521449439567,0.4689916546882353,0.3778033367090169,0.331119967801079,0.4534782124106013,0.26897265333423265
3000,0.05,150,52,53,2,5,8,False,ok,selected_multi_metric_max_k,sample_select_full_fit,5.163553575000151,11.939082257000337,0.0,0.3557910710001124,17.102635832000487,17.4584269030006,8,0.0833188648307307,0.28880862127276585,0.5173843554613609,0.44726339747754923,0.3515482525252368,0.5477060309502156,0.3408599483467136
3000,0.05,150,52,53,2,5,8,False,ok,selected_multi_metric_max_k,sample_select_project,5.163553575000151,0.0,0.009954156999810948,0.33717788100011603,5.173507731999962,5.510685613000078,8,0.07347208630343709,0.1548397283385013,0.40786600680713636,0.4302051696388679,0.3665857858317038,0.5031568244125297,0.30361530932095365
3000,0.05,150,52,54,2,5,6,False,ok,selected_multi_metric_xb_worsening_patience,sample_select_full_fit,3.801983072999974,11.328221508999832,0.0,0.28687129900026775,15.130204581999806,15.417075881000073,6,0.08517207757130238,0.16560021236314368,0.7455936016601414,0.5001336083951746,0.4532926523153752,0.5280739692236254,0.29775564264576865
3000,0.05,150,52,54,2,5,6,False,ok,selected_multi_metric_xb_worsening_patience,sample_select_project,3.801983072999974,0.0,0.004956766000304924,0.30748100200025874,3.806939839000279,4.114420841000538,6,0.06661522472377467,0.1652859019818541,0.5617227459646609,0.3888785592501431,0.3477356414226313,0.4484102098289473,0.23934712391058216
3000,0.05,150,53,52,2,5,5,True,ok,selected_multi_metric_xb_worsening_patience,sample_select_full_fit,2.639208786999916,8.168196984000133,0.0,0.2911110509999162,10.807405771000049,11.098516821999965,5,0.07527706075495254,0.19117074474087273,1.0,0.43296651783197426,0.38959809679239465,0.4703507628128804,0.24054337632924258
3000,0.05,150,53,52,2,5,5,True,ok,selected_multi_metric_xb_worsening_patience,sample_select_project,2.639208786999916,0.0,0.004003159000149026,0.2390442669998265,2.643211946000065,2.8822562129998914,5,0.059881837148882955,0.19669836430832457,0.4620239572273156,0.3373739562861249,0.2930904941715038,0.38944249421976296,0.18515535343302375
3000,0.05,150,53,53,2,5,5,True,ok,selected_multi_metric_xb_worsening_patience,sample_select_full_fit,2.7882666450000215,9.21754203699993,0.0,0.2241032769998128,12.005808681999952,12.229911958999764,5,0.07527706075495254,0.1911707491704236,1.0,0.4329665178319743,0.38959809679239465,0.47035076281288035,0.24054337632924258
3000,0.05,150,53,53,2,5,5,True,ok,selected_multi_metric_xb_worsening_patience,sample_select_project,2.7882666450000215,0.0,0.005193897000026482,0.22402446299975054,2.793460542000048,3.0174850049997985,5,0.059881837148882955,0.19669833176749998,0.4620239572273156,0.3373739562861249,0.2930904941715038,0.389442494219763,0.18515535343302375
3000,0.05,150,53,54,2,5,5,True,ok,selected_multi_metric_xb_worsening_patience,sample_select_full_fit,2.7985943869998664,8.170588609999868,0.0,0.2923005480001848,10.969182996999734,11.261483544999919,5,0.07527706075495254,0.19117096109463141,1.0,0.43296651783197426,0.38959809679239465,0.47035076281288035,0.24054337632924258
3000,0.05,150,53,54,2,5,5,True,ok,selected_multi_metric_xb_worsening_patience,sample_select_project,2.7985943869998664,0.0,0.009359037000194803,0.3138271210000312,2.807953424000061,3.1217805450000924,5,0.059881837148882955,0.19669833056493663,0.4620239572273156,0.3373739562861249,0.2930904941715038,0.389442494219763,0.18515535343302375
3000,0.05,150,54,52,2,5,7,False,ok,selected_multi_metric_xb_worsening_patience,sample_select_full_fit,2.8498658940002315,7.123805723999794,0.0,0.21996636899984878,9.973671618000026,10.193637986999875,7,0.08281675108092343,0.18812751559337026,0.6229720437845424,0.46526182779026937,0.4098610377296865,0.5185901283939125,0.3071783013220876
3000,0.05,150,54,52,2,5,7,False,ok,selected_multi_metric_xb_worsening_patience,sample_select_project,2.8498658940002315,0.0,0.005025063000175578,0.24504065000019182,2.854890957000407,3.099931607000599,7,0.08022713394255478,0.23499343228376146,0.4032729614335325,0.4682956420957905,0.42932670414306345,0.5263148647129906,0.3110397809486682
3000,0.05,150,54,53,2,5,6,False,ok,selected_multi_metric_xb_worsening_patience,sample_select_full_fit,3.374823200999799,4.189140106000195,0.0,0.2753488700000162,7.5639633069999945,7.839312177000011,6,0.08517207757130238,0.1656002146585296,0.7455936016601414,0.5001336083951745,0.4532926523153752,0.5280739692236254,0.29775564264576865
3000,0.05,150,54,53,2,5,6,False,ok,selected_multi_metric_xb_worsening_patience,sample_select_project,3.374823200999799,0.0,0.007546751000063523,0.2730087210002239,3.3823699519998627,3.6553786730000866,6,0.06293739286539851,0.18703664626844488,0.36547800391228236,0.37113839640484525,0.3350533073542259,0.4311821891961122,0.2271743480065863
3000,0.05,150,54,54,2,5,7,False,ok,selected_multi_metric_xb_worsening_patience,sample_select_full_fit,2.9216303409998545,7.013458279000133,0.0,0.3382215670003461,9.935088619999988,10.273310187000334,7,0.08281675108092343,0.18812762187053406,0.6229720437845424,0.4652618277902692,0.4098610377296865,0.5185901283939124,0.3071783013220876
3000,0.05,150,54,54,2,5,7,False,ok,selected_multi_metric_xb_worsening_patience,sample_select_project,2.9216303409998545,0.0,0.00950842600013857,0.3198958000002676,2.931138766999993,3.2510345670002607,7,0.08022713394255478,0.2349950489313094,0.4032729614335325,0.4682956420957906,0.42932670414306345,0.5263148647129905,0.3110397809486682
3000,0.05,150,55,52,2,5,8,False,ok,selected_multi_metric_xb_worsening_patience,sample_select_full_fit,2.2271134029997484,6.462820833000023,0.0,0.20553345999996964,8.689934235999772,8.895467695999741,8,0.08657783819906467,0.16491954439813974,0.5584154749558173,0.4473482564920326,0.37996689471686756,0.5348419082689724,0.32708968274804817
3000,0.05,150,55,52,2,5,8,False,ok,selected_multi_metric_xb_worsening_patience,sample_select_project,2.2271134029997484,0.0,0.004306584000005387,0.28467131799970957,2.2314199869997537,2.5160913049994633,8,0.06502130584472779,0.16861260039749532,0.2667088015750161,0.37008605950603657,0.2817389570867942,0.48547228858727376,0.29492885540665115
3000,0.05,150,55,53,2,5,6,False,ok,selected_multi_metric_xb_worsening_patience,sample_select_full_fit,2.3514591959997233,8.768894544999966,0.0,0.2764423859998715,11.12035374099969,11.396796126999561,6,0.08517207757130238,0.1656002146585296,0.7455936016601414,0.5001336083951745,0.4532926523153752,0.5280739692236254,0.29775564264576865
3000,0.05,150,55,53,2,5,6,False,ok,selected_multi_metric_xb_worsening_patience,sample_select_project,2.3514591959997233,0.0,0.012061011999776383,0.2951917420000427,2.3635202079994997,2.6587119499995424,6,0.06524958976301522,0.1780089373517049,0.36555261543822254,0.38029850193318926,0.3345009620941657,0.43082912743129664,0.2304038921541962
3000,0.05,150,55,54,2,5,8,False,ok,selected_multi_metric_xb_worsening_patience,sample_select_full_fit,2.683008607999909,2.5740192590001243,0.0,0.29900974600013797,5.257027867000033,5.556037613000171,8,0.0833188648307307,0.28880816778388974,0.5173843554613609,0.4472633974775492,0.3515482525252368,0.5477060309502155,0.3408599483467136
3000,0.05,150,55,54,2,5,8,False,ok,selected_multi_metric_xb_worsening_patience,sample_select_project,2.683008607999909,0.0,0.004290884999591071,0.29039037599977746,2.6872994929995,2.9776898689992777,8,0.06502130584472779,0.16861262129233698,0.2667088015750161,0.3700860595060365,0.2817389570867942,0.4854722885872738,0.29492885540665115
3000,0.05,150,56,52,2,5,6,False,ok,selected_multi_metric_xb_worsening_patience,sample_select_full_fit,2.058215871000357,4.320073262999813,0.0,0.34200686800022595,6.37828913400017,6.720296002000396,6,0.08517207757130238,0.16560036974098327,0.7455936016601414,0.5001336083951746,0.4532926523153752,0.5280739692236254,0.29775564264576865
3000,0.05,150,56,52,2,5,6,False,ok,selected_multi_metric_xb_worsening_patience,sample_select_project,2.058215871000357,0.0,0.003372844999830704,0.2251068900000064,2.0615887160001876,2.286695606000194,6,0.0695174731396619,0.19119597514435135,0.5523501714969193,0.3597883509550215,0.3168786655025916,0.46629936345407286,0.2542114363799653
3000,0.05,150,56,53,2,5,6,False,ok,selected_multi_metric_xb_worsening_patience,sample_select_full_fit,1.8146304140000211,10.235806555999716,0.0,0.18788860500035298,12.050436969999737,12.23832557500009,6,0.08517207757130238,0.1656002146585296,0.7455936016601414,0.5001336083951745,0.4532926523153752,0.5280739692236254,0.29775564264576865
3000,0.05,150,56,53,2,5,6,False,ok,selected_multi_metric_xb_worsening_patience,sample_select_project,1.8146304140000211,0.0,0.00708124399989174,0.28784572499989736,1.8217116579999129,2.10955738299981,6,0.0695174731396619,0.19119593659382908,0.5523501714969193,0.35978835095502143,0.3168786655025916,0.46629936345407275,0.2542114363799653
3000,0.05,150,56,54,2,5,6,False,ok,selected_multi_metric_xb_worsening_patience,sample_select_full_fit,1.560324971999762,4.505059449999862,0.0,0.3227174879998529,6.0653844219996245,6.388101909999477,6,0.08517207757130238,0.16560021236314368,0.7455936016601414,0.5001336083951746,0.4532926523153752,0.5280739692236254,0.29775564264576865
3000,0.05,150,56,54,2,5,6,False,ok,selected_multi_metric_xb_worsening_patience,sample_select_project,1.560324971999762,0.0,0.008146679000219592,0.25251729100000375,1.5684716509999816,1.8209889419999854,6,0.07135753249213535,0.16666515438252882,0.47997643610740537,0.39871213644556125,0.36503467543179446,0.4774348318852039,0.2623586909455213
3000,0.1,300,52,52,2,5,8,False,ok,selected_multi_metric_max_k,sample_select_full_fit,3.5671380530002352,2.2868200059997434,0.0,0.2829667559999507,5.853958058999979,6.136924814999929,8,0.08657783819906467,0.16491954439813974,0.5584154749558173,0.4473482564920326,0.37996689471686756,0.5348419082689724,0.32708968274804817
3000,0.1,300,52,52,2,5,8,False,ok,selected_multi_metric_max_k,sample_select_project,3.5671380530002352,0.0,0.0087257570003203,0.24806294200016055,3.5758638100005555,3.823926752000716,8,0.0849261338149677,0.14307223038647268,0.4729161331971068,0.42709093120464414,0.35684113653749067,0.5324095356207053,0.3252262965500689
3000,0.1,300,52,53,2,5,8,False,ok,selected_multi_metric_max_k,sample_select_full_fit,3.4304077130000223,3.7403464330000133,0.0,0.16641068700027972,7.170754146000036,7.337164833000315,8,0.0833188648307307,0.28880862127276585,0.5173843554613609,0.44726339747754923,0.3515482525252368,0.5477060309502156,0.3408599483467136
3000,0.1,300,52,53,2,5,8,False,ok,selected_multi_metric_max_k,sample_select_project,3.4304077130000223,0.0,0.005221578999680787,0.173995639000168,3.435629291999703,3.609624930999871,8,0.08522262285375186,0.14369846105219855,0.4398988100264604,0.4598764876441148,0.3996122228185714,0.5366706877062833,0.31468692153239053
3000,0.1,300,52,54,2,5,8,False,ok,selected_multi_metric_max_k,sample_select_full_fit,3.6169064759997127,6.399866666999969,0.0,0.36380678600016836,10.016773142999682,10.38057992899985,8,0.0833188648307307,0.28880816778388974,0.5173843554613609,0.4472633974775492,0.3515482525252368,0.5477060309502155,0.3408599483467136
3000,0.1,300,52,54,2,5,8,False,ok,selected_multi_metric_max_k,sample_select_project,3.6169064759997127,0.0,0.007849164999697678,0.2778688959997453,3.6247556409994104,3.9026245369991557,8,0.0849261338149677,0.1430722299155212,0.4729161331971068,0.42709093120464414,0.35684113653749067,0.5324095356207053,0.3252262965500689
3000,0.1,300,53,52,2,5,5,True,ok,selected_multi_metric_xb_worsening_patience,sample_select_full_fit,2.6230571689998214,6.182834512000227,0.0,0.3641699019999578,8.805891681000048,9.170061583000006,5,0.07527706075495254,0.19117074474087273,1.0,0.43296651783197426,0.38959809679239465,0.4703507628128804,0.24054337632924258
3000,0.1,300,53,52,2,5,5,True,ok,selected_multi_metric_xb_worsening_patience,sample_select_project,2.6230571689998214,0.0,0.0068546420002348896,0.33103168599973287,2.6299118110000563,2.960943496999789,5,0.067223699231682,0.18884481034424222,0.46572253816476666,0.40465895451607603,0.37135709626274477,0.42657418708826106,0.21055685269216196
3000,0.1,300,53,53,2,5,8,False,ok,selected_multi_metric_xb_worsening_patience,sample_select_full_fit,2.8392908109999553,7.702287750999858,0.0,0.3255216749998908,10.541578561999813,10.867100236999704,8,0.0833188648307307,0.28880862127276585,0.5173843554613609,0.44726339747754923,0.3515482525252368,0.5477060309502156,0.3408599483467136
3000,0.1,300,53,53,2,5,8,False,ok,selected_multi_metric_xb_worsening_patience,sample_select_project,2.8392908109999553,0.0,0.008144985000399174,0.24424373500005458,2.8474357960003545,3.091679531000409,8,0.08795755869681102,0.19439285664201544,0.4863453895079166,0.4709438259783309,0.40561919046309985,0.557144497630649,0.3435740821254092
3000,0.1,300,53,54,2,5,8,False,ok,selected_multi_metric_xb_worsening_patience,sample_select_full_fit,2.8834083240003565,3.458755439000015,0.0,0.31709058400019785,6.3421637630003715,6.659254347000569,8,0.0833188648307307,0.28880816778388974,0.5173843554613609,0.4472633974775492,0.3515482525252368,0.5477060309502155,0.3408599483467136
3000,0.1,300,53,54,2,5,8,False,ok,selected_multi_metric_xb_worsening_patience,sample_select_project,2.8834083240003565,0.0,0.004979177999757667,0.2975354610002796,2.888387502000114,3.185922963000394,8,0.0739022432051038,0.19875014579749478,0.34851310873880537,0.4148400947427436,0.34041212632327195,0.5144211917897915,0.31402519937671347
3000,0.1,300,54,52,2,5,6,False,ok,selected_multi_metric_xb_worsening_patience,sample_select_full_fit,3.4695747880000454,4.1080107350003345,0.0,0.3349184310000055,7.57758552300038,7.912503954000385,6,0.08517207757130238,0.16560036974098327,0.7455936016601414,0.5001336083951746,0.4532926523153752,0.5280739692236254,0.29775564264576865
3000,0.1,300,54,52,2,5,6,False,ok,selected_multi_metric_xb_worsening_patience,sample_select_project,3.4695747880000454,0.0,0.0047740249997332285,0.2891083070003333,3.4743488129997786,3.763457120000112,6,0.07726381357273217,0.1916869020606021,0.463930127934339,0.4712529066520611,0.4281199799313983,0.5105161272135145,0.26786319745368914
3000,0.1,300,54,53,2,5,6,False,ok,selected_multi_metric_xb_worsening_patience,sample_select_full_fit,3.431182637999882,4.646909151999807,0.0,0.2196032560000276,8.07809178999969,8.297695045999717,6,0.08517207757130238,0.1656002146585296,0.7455936016601414,0.5001336083951745,0.4532926523153752,0.5280739692236254,0.29775564264576865
3000,0.1,300,54,53,2,5,6,False,ok,selected_multi_metric_xb_worsening_patience,sample_select_project,3.431182637999882,0.0,0.004078698999819608,0.27117684699987876,3.4352613369997016,3.7064381839995804,6,0.07726381357273217,0.19168656271922255,0.463930127934339,0.4712529066520612,0.4281199799313983,0.5105161272135145,0.26786319745368914
3000,0.1,300,54,54,2,5,6,False,ok,selected_multi_metric_xb_worsening_patience,sample_select_full_fit,3.879232624999986,6.036781454999982,0.0,0.21592581300001257,9.916014079999968,10.13193989299998,6,0.08517207757130238,0.16560021236314368,0.7455936016601414,0.5001336083951746,0.4532926523153752,0.5280739692236254,0.29775564264576865
3000,0.1,300,54,54,2,5,6,False,ok,selected_multi_metric_xb_worsening_patience,sample_select_project,3.879232624999986,0.0,0.005090244000257371,0.24363567299997158,3.8843228690002434,4.127958542000215,6,0.07726381357273217,0.19168655853956013,0.463930127934339,0.471252906652061,0.4281199799313983,0.5105161272135145,0.26786319745368914
3000,0.1,300,55,52,2,5,7,False,ok,selected_multi_metric_xb_worsening_patience,sample_select_full_fit,2.638480182999956,4.856622309999693,0.0,0.1929783979999229,7.495102492999649,7.688080890999572,7,0.08281675108092343,0.18812751559337026,0.6229720437845424,0.46526182779026937,0.4098610377296865,0.5185901283939125,0.3071783013220876
3000,0.1,300,55,52,2,5,7,False,ok,selected_multi_metric_xb_worsening_patience,sample_select_project,2.638480182999956,0.0,0.0029727579999416776,0.2087907999998606,2.6414529409998977,2.8502437409997583,7,0.0638891898563794,0.1799711882413575,0.33744638063514076,0.35744249354986274,0.2851336121839905,0.4368840752517326,0.23169801198362971
3000,0.1,300,55,53,2,5,7,False,ok,selected_multi_metric_xb_worsening_patience,sample_select_full_fit,2.6956966389998342,5.835590665999916,0.0,0.21589743100003034,8.53128730499975,8.747184735999781,7,0.08281675108092343,0.18812762637778477,0.6229720437845424,0.46526182779026926,0.4098610377296865,0.5185901283939125,0.3071783013220876
3000,0.1,300,55,53,2,5,7,False,ok,selected_multi_metric_xb_worsening_patience,sample_select_project,2.6956966389998342,0.0,0.003141613000025245,0.19536597299975256,2.6988382519998595,2.894204224999612,7,0.0638891898563794,0.17997101760827902,0.33744638063514076,0.35744249354986274,0.2851336121839905,0.4368840752517326,0.23169801198362971
3000,0.1,300,55,54,2,5,8,False,ok,selected_multi_metric_max_k,sample_select_full_fit,3.293220497999755,6.357255671000075,0.0,0.23113875899980485,9.65047616899983,9.881614927999635,8,0.0833188648307307,0.28880816778388974,0.5173843554613609,0.4472633974775492,0.3515482525252368,0.5477060309502155,0.3408599483467136
3000,0.1,300,55,54,2,5,8,False,ok,selected_multi_metric_max_k,sample_select_project,3.293220497999755,0.0,0.003236540999751014,0.2087250069998845,3.296457038999506,3.5051820459993905,8,0.08208958099330661,0.15482139239074347,0.4254699934674333,0.44857393064213713,0.37538286748920613,0.5220985301341815,0.30940933890893585
3000,0.1,300,56,52,2,5,8,False,ok,selected_multi_metric_xb_worsening_patience,sample_select_full_fit,3.383661747000133,6.108942488000139,0.0,0.3471150149998721,9.492604235000272,9.839719250000144,8,0.08657783819906467,0.16491954439813974,0.5584154749558173,0.4473482564920326,0.37996689471686756,0.5348419082689724,0.32708968274804817
3000,0.1,300,56,52,2,5,8,False,ok,selected_multi_metric_xb_worsening_patience,sample_select_project,3.383661747000133,0.0,0.009954948999620683,0.33756331799986583,3.3936166959997536,3.7311800139996194,8,0.07948578791132674,0.21083524804359896,0.4382097724264755,0.4488411089212819,0.3747309265827385,0.549935082953415,0.34712407635021525
3000,0.1,300,56,53,2,5,7,False,ok,selected_multi_metric_xb_worsening_patience,sample_select_full_fit,3.3921974099998806,4.643971799000155,0.0,0.3793067959995824,8.036169209000036,8.415476004999618,7,0.08281675108092343,0.18812762637778477,0.6229720437845424,0.46526182779026926,0.4098610377296865,0.5185901283939125,0.3071783013220876
3000,0.1,300,56,53,2,5,7,False,ok,selected_multi_metric_xb_worsening_patience,sample_select_project,3.3921974099998806,0.0,0.0074395720002939925,0.3097727889999078,3.3996369820001746,3.7094097710000824,7,0.08208960026837332,0.16392348391485206,0.5510750281928669,0.4903662311485309,0.4580098872536708,0.519296831724865,0.3085034136695419
3000,0.1,300,56,54,2,5,8,False,ok,selected_multi_metric_xb_worsening_patience,sample_select_full_fit,3.678333389999807,5.60076220100018,0.0,0.3093535010002597,9.279095590999987,9.588449092000246,8,0.0833188648307307,0.28880816778388974,0.5173843554613609,0.4472633974775492,0.3515482525252368,0.5477060309502155,0.3408599483467136
3000,0.1,300,56,54,2,5,8,False,ok,selected_multi_metric_xb_worsening_patience,sample_select_project,3.678333389999807,0.0,0.011720939000042563,0.3373642279998421,3.6900543289998495,4.027418556999692,8,0.08203643558031427,0.21997528579837067,0.4686481179113614,0.46115688707162256,0.390983517692409,0.5442816722047165,0.3391997376620427
3000,0.15,450,52,52,3,5,5,True,ok,selected_multi_metric_xb_worsening_patience,sample_select_full_fit,2.6436086959997738,7.29668245799985,0.0,0.3359103090001554,9.940291153999624,10.27620146299978,5,0.07527706075495254,0.19117074474087273,1.0,0.43296651783197426,0.38959809679239465,0.4703507628128804,0.24054337632924258
3000,0.15,450,52,52,3,5,5,True,ok,selected_multi_metric_xb_worsening_patience,sample_select_project,2.6436086959997738,0.0,0.007432547999997041,0.31518491099996027,2.651041243999771,2.966226154999731,5,0.0717449286960854,0.20417079769610919,0.7831550068456158,0.40629368384400966,0.3686068607293327,0.4620721660811818,0.23264204494076793
3000,0.15,450,52,53,3,5,5,True,ok,selected_multi_metric_xb_worsening_patience,sample_select_full_fit,1.6345149329999913,4.742733403999864,0.0,0.22505444200032798,6.377248336999855,6.602302779000183,5,0.07527706075495254,0.1911707491704236,1.0,0.4329665178319743,0.38959809679239465,0.47035076281288035,0.24054337632924258
3000,0.15,450,52,53,3,5,5,True,ok,selected_multi_metric_xb_worsening_patience,sample_select_project,1.6345149329999913,0.0,0.00830168800030151,0.3360570429999825,1.6428166210002928,1.9788736640002753,5,0.0717449286960854,0.20417089254351725,0.7831550068456158,0.40629368384400966,0.3686068607293327,0.4620721660811818,0.23264204494076793
3000,0.15,450,52,54,3,5,5,True,ok,selected_multi_metric_xb_worsening_patience,sample_select_full_fit,1.9705607939999936,5.2050214179998875,0.0,0.19714214499981608,7.175582211999881,7.372724356999697,5,0.07527706075495254,0.19117096109463141,1.0,0.43296651783197426,0.38959809679239465,0.47035076281288035,0.24054337632924258
3000,0.15,450,52,54,3,5,5,True,ok,selected_multi_metric_xb_worsening_patience,sample_select_project,1.9705607939999936,0.0,0.00477085900001839,0.21657462199982547,1.975331653000012,2.1919062749998375,5,0.0717449286960854,0.20417082069966808,0.7831550068456158,0.4062936838440097,0.3686068607293327,0.4620721660811819,0.23264204494076793
3000,0.15,450,53,52,3,5,8,False,ok,selected_multi_metric_xb_worsening_patience,sample_select_full_fit,4.481321632000345,3.9155819690004137,0.0,0.3404650849997779,8.396903601000758,8.737368686000536,8,0.08657783819906467,0.16491954439813974,0.5584154749558173,0.4473482564920326,0.37996689471686756,0.5348419082689724,0.32708968274804817
3000,0.15,450,53,52,3,5,8,False,ok,selected_multi_metric_xb_worsening_patience,sample_select_project,4.481321632000345,0.0,0.01123521299996355,0.33856892499989044,4.492556845000308,4.831125770000199,8,0.08082481392875264,0.16509229811758117,0.408414386471628,0.4923902230882314,0.43055201688601097,0.5466134215164473,0.3358449905483218
3000,0.15,450,53,53,3,5,8,False,ok,selected_multi_metric_xb_worsening_patience,sample_select_full_fit,4.097579299000245,7.178583156000059,0.0,0.24179736699989007,11.276162455000303,11.517959822000194,8,0.0833188648307307,0.28880862127276585,0.5173843554613609,0.44726339747754923,0.3515482525252368,0.5477060309502156,0.3408599483467136
3000,0.15,450,53,53,3,5,8,False,ok,selected_multi_metric_xb_worsening_patience,sample_select_project,4.097579299000245,0.0,0.011668500999803655,0.21100978400045278,4.109247800000048,4.320257584000501,8,0.09042678683967298,0.1553670411725944,0.5182090657382828,0.5288644283593439,0.479981988758006,0.5609666820774442,0.3504997165218252
3000,0.15,450,53,54,3,5,8,False,ok,selected_multi_metric_xb_worsening_patience,sample_select_full_fit,3.922741748999215,3.020249507999324,0.0,0.29241325199927815,6.942991256998539,7.235404508997817,8,0.0833188648307307,0.28880816778388974,0.5173843554613609,0.4472633974775492,0.3515482525252368,0.5477060309502155,0.3408599483467136
3000,0.15,450,53,54,3,5,8,False,ok,selected_multi_metric_xb_worsening_patience,sample_select_project,3.922741748999215,0.0,0.011254940000071656,0.3336599179992845,3.9339966889992866,4.267656606998571,8,0.08096563600355487,0.16673860904894147,0.39397262289936696,0.4865505127284096,0.4206605230382315,0.5507265910515098,0.33775222153241896
3000,0.15,450,54,52,3,5,5,True,ok,selected_multi_metric_xb_worsening_patience,sample_select_full_fit,2.0652510680001797,5.717971711000246,0.0,0.2393203600004199,7.783222779000425,8.022543139000845,5,0.07527706075495254,0.19117074474087273,1.0,0.43296651783197426,0.38959809679239465,0.4703507628128804,0.24054337632924258
3000,0.15,450,54,52,3,5,5,True,ok,selected_multi_metric_xb_worsening_patience,sample_select_project,2.0652510680001797,0.0,0.006469734999882348,0.22677215200019418,2.071720803000062,2.298492955000256,5,0.07289246509931874,0.20528840346684452,0.5479332099731888,0.42504212114144113,0.3740031333940359,0.46637292918830076,0.23724805983036648
3000,0.15,450,54,53,3,5,5,True,ok,selected_multi_metric_xb_worsening_patience,sample_select_full_fit,1.8935253609997744,5.112419171000511,0.0,0.23043493700060935,7.005944532000285,7.2363794690008945,5,0.07527706075495254,0.1911707491704236,1.0,0.4329665178319743,0.38959809679239465,0.47035076281288035,0.24054337632924258
3000,0.15,450,54,53,3,5,5,True,ok,selected_multi_metric_xb_worsening_patience,sample_select_project,1.8935253609997744,0.0,0.0028775920000043698,0.2484218099998543,1.8964029529997788,2.144824762999633,5,0.0743431295503453,0.2193450679359532,0.5393137984247616,0.4519660814884688,0.3949017815292012,0.5001531316542649,0.2581596813989733
3000,0.15,450,54,54,3,5,5,True,ok,selected_multi_metric_xb_worsening_patience,sample_select_full_fit,2.2361575869999797,6.912924704999568,0.0,0.27208122499996534,9.149082291999548,9.421163516999513,5,0.07527706075495254,0.19117096109463141,1.0,0.43296651783197426,0.38959809679239465,0.47035076281288035,0.24054337632924258
3000,0.15,450,54,54,3,5,5,True,ok,selected_multi_metric_xb_worsening_patience,sample_select_project,2.2361575869999797,0.0,0.00808919200062519,0.23472063900044304,2.244246779000605,2.478967418001048,5,0.0743431295503453,0.21933947863864497,0.5393137984247616,0.4519660814884688,0.3949017815292012,0.5001531316542648,0.2581596813989733
3000,0.15,450,55,52,3,5,4,False,ok,selected_multi_metric_xb_worsening_patience,sample_select_full_fit,2.0020038380007463,2.7674878620000527,0.0,0.2150588679996872,4.769491700000799,4.984550568000486,4,0.06338109270477872,0.21352941115438528,0.6814302585386123,0.3596435625287631,0.30432888162088295,0.38996423371119315,0.17355254439857606
3000,0.15,450,55,52,3,5,4,False,ok,selected_multi_metric_xb_worsening_patience,sample_select_project,2.0020038380007463,0.0,0.002973319999910018,0.21204260800004704,2.0049771580006563,2.2170197660007034,4,0.06001113177814877,0.22270146707223568,0.5268681415485998,0.33677999545258325,0.29296155728077256,0.36872289199265695,0.16420939852657448
3000,0.15,450,55,53,3,5,5,True,ok,selected_multi_metric_xb_worsening_patience,sample_select_full_fit,1.4603969050003798,5.483619933000227,0.0,0.24296692699954292,6.944016838000607,7.18698376500015,5,0.07527706075495254,0.1911707491704236,1.0,0.4329665178319743,0.38959809679239465,0.47035076281288035,0.24054337632924258
3000,0.15,450,55,53,3,5,5,True,ok,selected_multi_metric_xb_worsening_patience,sample_select_project,1.4603969050003798,0.0,0.008911634000469348,0.2115850860000137,1.4693085390008491,1.6808936250008628,5,0.06996454789475835,0.2063533417929692,0.4817834974997162,0.4288873306228986,0.3824956541447234,0.44977329398923543,0.21961051178820085
3000,0.15,450,55,54,3,5,4,False,ok,selected_multi_metric_xb_worsening_patience,sample_select_full_fit,1.5477135340006498,6.697797771999831,0.0,0.28803294399949664,8.24551130600048,8.533544249999977,4,0.06338109270477872,0.21353011944716516,0.6814302585386123,0.35964356252876306,0.30432888162088295,0.38996423371119315,0.17355254439857606
3000,0.15,450,55,54,3,5,4,False,ok,selected_multi_metric_xb_worsening_patience,sample_select_project,1.5477135340006498,0.0,0.008232135000071139,0.36144120799963275,1.555945669000721,1.9173868770003537,4,0.06001113177814877,0.22270146961059584,0.5268681415485998,0.33677999545258325,0.29296155728077256,0.36872289199265695,0.16420939852657448
3000,0.15,450,56,52,3,5,5,True,ok,selected_multi_metric_xb_worsening_patience,sample_select_full_fit,2.0856504060002408,3.6263892269998905,0.0,0.2416616870004873,5.712039633000131,5.953701320000619,5,0.07527706075495254,0.19117074474087273,1.0,0.43296651783197426,0.38959809679239465,0.4703507628128804,0.24054337632924258
3000,0.15,450,56,52,3,5,5,True,ok,selected_multi_metric_xb_worsening_patience,sample_select_project,2.0856504060002408,0.0,0.006246248000024934,0.2189596360003634,2.0918966540002657,2.310856290000629,5,0.07760215140372165,0.19708701296975795,0.556770578242294,0.4855853825159338,0.43841396415843603,0.48592892539807075,0.24152531241473538
3000,0.15,450,56,53,3,5,5,True,ok,selected_multi_metric_xb_worsening_patience,sample_select_full_fit,2.147281350000412,9.004701612000645,0.0,0.21888197899988882,11.151982962001057,11.370864941000946,5,0.07527706075495254,0.1911707491704236,1.0,0.4329665178319743,0.38959809679239465,0.47035076281288035,0.24054337632924258
3000,0.15,450,56,53,3,5,5,True,ok,selected_multi_metric_xb_worsening_patience,sample_select_project,2.147281350000412,0.0,0.009326827000222693,0.22340253299989854,2.156608177000635,2.3800107100005334,5,0.07760215140372165,0.19708701829765052,0.556770578242294,0.48558538251593375,0.43841396415843603,0.48592892539807075,0.24152531241473538
3000,0.15,450,56,54,3,5,5,True,ok,selected_multi_metric_xb_worsening_patience,sample_select_full_fit,1.9428952690004735,4.765619253000295,0.0,0.2752801400001772,6.708514522000769,6.983794662000946,5,0.07527706075495254,0.19117096109463141,1.0,0.43296651783197426,0.38959809679239465,0.47035076281288035,0.24054337632924258
3000,0.15,450,56,54,3,5,5,True,ok,selected_multi_metric_xb_worsening_patience,sample_select_project,1.9428952690004735,0.0,0.010520672999518865,0.3093945350001377,1.9534159419999924,2.26281047700013,5,0.07158551216681647,0.21477286440293936,0.7950683355297301,0.41203351928867676,0.37592950634241395,0.45735526548119004,0.2325894488553967
3000,0.2,600,52,52,4,5,5,True,ok,selected_multi_metric_xb_worsening_patience,sample_select_full_fit,2.5063681510000606,4.135770400000183,0.0,0.16482112500034418,6.642138551000244,6.806959676000588,5,0.07527706075495254,0.19117074474087273,1.0,0.43296651783197426,0.38959809679239465,0.4703507628128804,0.24054337632924258
3000,0.2,600,52,52,4,5,5,True,ok,selected_multi_metric_xb_worsening_patience,sample_select_project,2.5063681510000606,0.0,0.002940919999673497,0.18003128399959678,2.509309070999734,2.689340354999331,5,0.07349815673678456,0.20101999055928862,0.8196308907613233,0.4233740291983739,0.3793846216014359,0.4712728464502564,0.23696972520074192
3000,0.2,600,52,53,4,5,5,True,ok,selected_multi_metric_xb_worsening_patience,sample_select_full_fit,2.636785702999987,3.9541620170002716,0.0,0.21202302199981204,6.590947720000258,6.8029707420000705,5,0.07527706075495254,0.1911707491704236,1.0,0.4329665178319743,0.38959809679239465,0.47035076281288035,0.24054337632924258
3000,0.2,600,52,53,4,5,5,True,ok,selected_multi_metric_xb_worsening_patience,sample_select_project,2.636785702999987,0.0,0.005233470999883139,0.2728320090000125,2.64201917399987,2.9148511829998824,5,0.07349815673678456,0.2010200450637597,0.8196308907613233,0.42337402919837386,0.3793846216014359,0.4712728464502564,0.23696972520074192
3000,0.2,600,52,54,4,5,5,True,ok,selected_multi_metric_xb_worsening_patience,sample_select_full_fit,1.894722580999769,8.4268333480004,0.0,0.2560989539997536,10.32155592900017,10.577654882999923,5,0.07527706075495254,0.19117096109463141,1.0,0.43296651783197426,0.38959809679239465,0.47035076281288035,0.24054337632924258
3000,0.2,600,52,54,4,5,5,True,ok,selected_multi_metric_xb_worsening_patience,sample_select_project,1.894722580999769,0.0,0.010554585000136285,0.2503618850005296,1.9052771659999053,2.155639051000435,5,0.07349815673678456,0.20101998236924137,0.8196308907613233,0.4233740291983737,0.3793846216014359,0.4712728464502564,0.23696972520074192
3000,0.2,600,53,52,4,5,5,True,ok,selected_multi_metric_xb_worsening_patience,sample_select_full_fit,2.6917109800006074,5.107264547000341,0.0,0.27833175900013885,7.798975527000948,8.077307286001087,5,0.07527706075495254,0.19117074474087273,1.0,0.43296651783197426,0.38959809679239465,0.4703507628128804,0.24054337632924258
3000,0.2,600,53,52,4,5,5,True,ok,selected_multi_metric_xb_worsening_patience,sample_select_project,2.6917109800006074,0.0,0.006821539999691595,0.2674054099998102,2.698532520000299,2.965937930000109,5,0.058780206632752914,0.23520832185024368,0.3711958080584833,0.3738865681510563,0.32632779972035864,0.40514792815158607,0.19833851668630578
3000,0.2,600,53,53,4,5,5,True,ok,selected_multi_metric_xb_worsening_patience,sample_select_full_fit,2.801529970000047,5.147354954000548,0.0,0.30916559799970855,7.948884924000595,8.258050522000303,5,0.07527706075495254,0.1911707491704236,1.0,0.4329665178319743,0.38959809679239465,0.47035076281288035,0.24054337632924258
3000,0.2,600,53,53,4,5,5,True,ok,selected_multi_metric_xb_worsening_patience,sample_select_project,2.801529970000047,0.0,0.00673337599982915,0.19714822700007062,2.808263345999876,3.0054115729999467,5,0.05306911028444527,0.2598854563422897,0.3112509552388375,0.2770592772209407,0.2197480435251669,0.38906589422723487,0.1823052919201421
3000,0.2,600,53,54,4,5,5,True,ok,selected_multi_metric_xb_worsening_patience,sample_select_full_fit,2.4285730639994654,3.8545278450001206,0.0,0.2044558950001374,6.283100908999586,6.487556803999723,5,0.07527706075495254,0.19117096109463141,1.0,0.43296651783197426,0.38959809679239465,0.47035076281288035,0.24054337632924258
3000,0.2,600,53,54,4,5,5,True,ok,selected_multi_metric_xb_worsening_patience,sample_select_project,2.4285730639994654,0.0,0.006430010000258335,0.21479291299965553,2.4350030739997237,2.6497959869993792,5,0.06784087885813896,0.24457313414223392,0.5353120686529785,0.41877732638513326,0.3720285973147992,0.44724883407549254,0.22615059198339194
3000,0.2,600,54,52,4,5,5,True,ok,selected_multi_metric_xb_worsening_patience,sample_select_full_fit,2.0154009400002906,4.464122340999893,0.0,0.24346440299996175,6.4795232810001835,6.722987684000145,5,0.07527706075495254,0.19117074474087273,1.0,0.43296651783197426,0.38959809679239465,0.4703507628128804,0.24054337632924258
3000,0.2,600,54,52,4,5,5,True,ok,selected_multi_metric_xb_worsening_patience,sample_select_project,2.0154009400002906,0.0,0.008977125999990676,0.15603005599950848,2.0243780660002813,2.1804081219997897,5,0.06365843693847631,0.23877964780535577,0.5398750936843647,0.3903232292191438,0.3436673491999366,0.419011976933818,0.208911965073855
3000,0.2,600,54,53,4,5,2,False,ok,selected_multi_metric_xb_worsening_patience,sample_select_full_fit,1.9885030739997092,0.6406821030004721,0.0,0.21935893000045326,2.6291851770001813,2.8485441070006345,2,0.05335182630341067,0.2363895396127422,0.2897025292664184,0.17762453637694284,0.1181615400539115,0.2209073948579824,0.06740156356069697
3000,0.2,600,54,53,4,5,2,False,ok,selected_multi_metric_xb_worsening_patience,sample_select_project,1.9885030739997092,0.0,0.0029612570006065653,0.18855014699965977,1.9914643310003157,2.1800144779999755,2,0.051410181334537335,0.2581165859513111,0.2504449770117762,0.16765892824910011,0.11231204877050822,0.19747845329012242,0.060542597168611025
3000,0.2,600,54,54,4,5,5,True,ok,selected_multi_metric_xb_worsening_patience,sample_select_full_fit,2.3847311340005035,10.234632112999861,0.0,0.23529438900004607,12.619363247000365,12.854657636000411,5,0.07527706075495254,0.19117096109463141,1.0,0.43296651783197426,0.38959809679239465,0.47035076281288035,0.24054337632924258
3000,0.2,600,54,54,4,5,5,True,ok,selected_multi_metric_xb_worsening_patience,sample_select_project,2.3847311340005035,0.0,0.008903629000087676,0.20907103199988342,2.393634763000591,2.6027057950004746,5,0.06365843693847631,0.238779653356087,0.5398750936843647,0.39032322921914375,0.3436673491999366,0.419011976933818,0.208911965073855
3000,0.2,600,55,52,4,5,4,False,ok,selected_multi_metric_xb_worsening_patience,sample_select_full_fit,2.530036239000765,5.62858658299956,0.0,0.2695559680005317,8.158622822000325,8.428178790000857,4,0.06338109270477872,0.21352941115438528,0.6814302585386123,0.3596435625287631,0.30432888162088295,0.38996423371119315,0.17355254439857606
3000,0.2,600,55,52,4,5,4,False,ok,selected_multi_metric_xb_worsening_patience,sample_select_project,2.530036239000765,0.0,0.006361271999594464,0.23244150600021385,2.5363975110003594,2.768839017000573,4,0.0618802948608607,0.21290350225526464,0.6232968823223016,0.35282342377817094,0.30949766820987024,0.3834832715103354,0.17333430411065254
3000,0.2,600,55,53,4,5,5,True,ok,selected_multi_metric_xb_worsening_patience,sample_select_full_fit,2.1322693019992585,7.68048937399999,0.0,0.22351204799997504,9.812758675999248,10.036270723999223,5,0.07527706075495254,0.1911707491704236,1.0,0.4329665178319743,0.38959809679239465,0.47035076281288035,0.24054337632924258
3000,0.2,600,55,53,4,5,5,True,ok,selected_multi_metric_xb_worsening_patience,sample_select_project,2.1322693019992585,0.0,0.00470147000032739,0.26732181399984256,2.136970771999586,2.4042925859994284,5,0.07572614477501773,0.18457667168155598,0.8547169574124517,0.43506560506037273,0.3923032677153423,0.4768120770140291,0.24331003358132694
3000,0.2,600,55,54,4,5,4,False,ok,selected_multi_metric_xb_worsening_patience,sample_select_full_fit,2.3503835729998173,3.531213724000736,0.0,0.25229714099987177,5.881597297000553,6.133894438000425,4,0.06338109270477872,0.21353011944716516,0.6814302585386123,0.35964356252876306,0.30432888162088295,0.38996423371119315,0.17355254439857606
3000,0.2,600,55,54,4,5,4,False,ok,selected_multi_metric_xb_worsening_patience,sample_select_project,2.3503835729998173,0.0,0.004281777999494807,0.15806838299977244,2.354665350999312,2.5127337339990845,4,0.0618802948608607,0.2129035036571077,0.6232968823223016,0.35282342377817094,0.30949766820987024,0.38348327151033534,0.17333430411065254
3000,0.2,600,56,52,4,5,6,False,ok,selected_multi_metric_xb_worsening_patience,sample_select_full_fit,3.5159439950002707,4.865252089000023,0.0,0.2424747519999073,8.381196084000294,8.623670836000201,6,0.08517207757130238,0.16560036974098327,0.7455936016601414,0.5001336083951746,0.4532926523153752,0.5280739692236254,0.29775564264576865
3000,0.2,600,56,52,4,5,6,False,ok,selected_multi_metric_xb_worsening_patience,sample_select_project,3.5159439950002707,0.0,0.009462499999244756,0.29392669500066404,3.5254064949995154,3.8193331900001795,6,0.07975064342361608,0.1681769872873644,0.6234745413928185,0.4993548195107535,0.47603831609167363,0.5119379981342169,0.2826787762394461
3000,0.2,600,56,53,4,5,6,False,ok,selected_multi_metric_xb_worsening_patience,sample_select_full_fit,3.140306156000406,4.478653770999699,0.0,0.30108893900069233,7.618959927000105,7.920048866000798,6,0.08517207757130238,0.1656002146585296,0.7455936016601414,0.5001336083951745,0.4532926523153752,0.5280739692236254,0.29775564264576865
3000,0.2,600,56,53,4,5,6,False,ok,selected_multi_metric_xb_worsening_patience,sample_select_project,3.140306156000406,0.0,0.007953087999339914,0.26932218199999625,3.148259243999746,3.4175814259997424,6,0.07289245431498458,0.19834698613296564,0.51744194659128,0.4470195902852717,0.39825325316060706,0.46798255079501855,0.24143119690589115
3000,0.2,600,56,54,4,5,6,False,ok,selected_multi_metric_xb_worsening_patience,sample_select_full_fit,3.150990224999987,6.54986746799932,0.0,0.2933863490006843,9.700857692999307,9.994244041999991,6,0.08517207757130238,0.16560021236314368,0.7455936016601414,0.5001336083951746,0.4532926523153752,0.5280739692236254,0.29775564264576865
3000,0.2,600,56,54,4,5,6,False,ok,selected_multi_metric_xb_worsening_patience,sample_select_project,3.150990224999987,0.0,0.007975600999998278,0.29630727099993237,3.158965825999985,3.4552730969999175,6,0.08932977153517198,0.18076170841077496,0.6517578056953139,0.5572668590450435,0.5214262283436633,0.5564065805156404,0.30731480620369184
3000,0.3,900,52,52,6,5,5,True,ok,selected_multi_metric_xb_worsening_patience,sample_select_full_fit,2.177750126999854,3.830528069000138,0.0,0.28076263799994194,6.008278195999992,6.289040833999934,5,0.07527706075495254,0.19117074474087273,1.0,0.43296651783197426,0.38959809679239465,0.4703507628128804,0.24054337632924258
3000,0.3,900,52,52,6,5,5,True,ok,selected_multi_metric_xb_worsening_patience,sample_select_project,2.177750126999854,0.0,0.002630449999742268,0.2020849949994954,2.180380576999596,2.3824655719990915,5,0.07522977380827807,0.2044899278084207,0.4940456054758935,0.4371362597128689,0.3753912768361363,0.46815136316798656,0.2319272400276408
3000,0.3,900,52,53,6,5,5,True,ok,selected_multi_metric_xb_worsening_patience,sample_select_full_fit,2.4608732830001827,3.8387245809999513,0.0,0.26311540700044134,6.299597864000134,6.562713271000575,5,0.07527706075495254,0.1911707491704236,1.0,0.4329665178319743,0.38959809679239465,0.47035076281288035,0.24054337632924258
3000,0.3,900,52,53,6,5,5,True,ok,selected_multi_metric_xb_worsening_patience,sample_select_project,2.4608732830001827,0.0,0.011370145000000775,0.2651364729999841,2.4722434280001835,2.7373799010001676,5,0.07522977380827807,0.2044899166242587,0.4940456054758935,0.43713625971286874,0.3753912768361363,0.46815136316798645,0.2319272400276408
3000,0.3,900,52,54,6,5,5,True,ok,selected_multi_metric_xb_worsening_patience,sample_select_full_fit,2.7429174070002773,3.9889321909995488,0.0,0.207627441999648,6.731849597999826,6.939477039999474,5,0.07527706075495254,0.19117096109463141,1.0,0.43296651783197426,0.38959809679239465,0.47035076281288035,0.24054337632924258
3000,0.3,900,52,54,6,5,5,True,ok,selected_multi_metric_xb_worsening_patience,sample_select_project,2.7429174070002773,0.0,0.0037588639997920836,0.19499300200004654,2.7466762710000694,2.941669273000116,5,0.07522977380827807,0.2044899360894791,0.4940456054758935,0.4371362597128688,0.3753912768361363,0.46815136316798645,0.2319272400276408
3000,0.3,900,53,52,6,5,5,True,ok,selected_multi_metric_xb_worsening_patience,sample_select_full_fit,2.504006170000139,4.725637358000313,0.0,0.21512847800022428,7.229643528000452,7.444772006000676,5,0.07527706075495254,0.19117074474087273,1.0,0.43296651783197426,0.38959809679239465,0.4703507628128804,0.24054337632924258
3000,0.3,900,53,52,6,5,5,True,ok,selected_multi_metric_xb_worsening_patience,sample_select_project,2.504006170000139,0.0,0.0037218549996396177,0.17967312699965987,2.5077280249997784,2.6874011519994383,5,0.06849222199397065,0.21693842411148162,0.5447692072891391,0.4282811774087877,0.37512111296023776,0.4529094828644993,0.22789565548728571
3000,0.3,900,53,53,6,5,5,True,ok,selected_multi_metric_xb_worsening_patience,sample_select_full_fit,2.7535760720002145,7.766817822000121,0.0,0.1939467109996258,10.520393894000335,10.714340604999961,5,0.07527706075495254,0.1911707491704236,1.0,0.4329665178319743,0.38959809679239465,0.47035076281288035,0.24054337632924258
3000,0.3,900,53,53,6,5,5,True,ok,selected_multi_metric_xb_worsening_patience,sample_select_project,2.7535760720002145,0.0,0.0028666510006587487,0.26881408500048565,2.7564427230008732,3.025256808001359,5,0.06849222199397065,0.2169384623938548,0.5447692072891391,0.4282811774087879,0.37512111296023776,0.45290948286449934,0.22789565548728571
3000,0.3,900,53,54,6,5,5,True,ok,selected_multi_metric_xb_worsening_patience,sample_select_full_fit,2.9247780460000286,9.420143143000132,0.0,0.23201132400026836,12.34492118900016,12.576932513000429,5,0.07527706075495254,0.19117096109463141,1.0,0.43296651783197426,0.38959809679239465,0.47035076281288035,0.24054337632924258
3000,0.3,900,53,54,6,5,5,True,ok,selected_multi_metric_xb_worsening_patience,sample_select_project,2.9247780460000286,0.0,0.0044674830005533295,0.2725436549999358,2.929245529000582,3.2017891840005177,5,0.06849222199397065,0.21693846225505084,0.5447692072891391,0.42828117740878785,0.37512111296023776,0.4529094828644993,0.22789565548728571
3000,0.3,900,54,52,6,5,5,True,ok,selected_multi_metric_xb_worsening_patience,sample_select_full_fit,3.3061069539999153,4.20021514400014,0.0,0.218412477000129,7.506322098000055,7.724734575000184,5,0.07527706075495254,0.19117074474087273,1.0,0.43296651783197426,0.38959809679239465,0.4703507628128804,0.24054337632924258
3000,0.3,900,54,52,6,5,5,True,ok,selected_multi_metric_xb_worsening_patience,sample_select_project,3.3061069539999153,0.0,0.0063627749996157945,0.3503242650003813,3.312469728999531,3.6627939939999123,5,0.06820265269277055,0.19864136793258697,0.5640169440379086,0.41408892375146383,0.36850909881530974,0.4458365728850892,0.22501425781194764
3000,0.3,900,54,53,6,5,5,True,ok,selected_multi_metric_xb_worsening_patience,sample_select_full_fit,3.5241073249999317,4.397983673999988,0.0,0.2241451079999024,7.92209099899992,8.146236106999822,5,0.07527706075495254,0.1911707491704236,1.0,0.4329665178319743,0.38959809679239465,0.47035076281288035,0.24054337632924258
3000,0.3,900,54,53,6,5,5,True,ok,selected_multi_metric_xb_worsening_patience,sample_select_project,3.5241073249999317,0.0,0.003864429999339336,0.25485999600005016,3.527971754999271,3.7828317509993212,5,0.06820265269277055,0.19864164571162352,0.5640169440379086,0.4140889237514639,0.36850909881530974,0.4458365728850892,0.22501425781194764
3000,0.3,900,54,54,6,5,5,True,ok,selected_multi_metric_xb_worsening_patience,sample_select_full_fit,3.1218838740005594,7.719377940999948,0.0,0.34390707799957454,10.841261815000507,11.185168893000082,5,0.07527706075495254,0.19117096109463141,1.0,0.43296651783197426,0.38959809679239465,0.47035076281288035,0.24054337632924258
3000,0.3,900,54,54,6,5,5,True,ok,selected_multi_metric_xb_worsening_patience,sample_select_project,3.1218838740005594,0.0,0.012766386000294005,0.28589299699979165,3.1346502600008535,3.420543257000645,5,0.06820265269277055,0.1986416496384038,0.5640169440379086,0.41408892375146406,0.36850909881530974,0.4458365728850892,0.22501425781194764
3000,0.3,900,55,52,6,5,8,False,ok,selected_multi_metric_max_k,sample_select_full_fit,4.211562020000201,7.042631206999431,0.0,0.29199420500026463,11.254193226999632,11.546187431999897,8,0.08657783819906467,0.16491954439813974,0.5584154749558173,0.4473482564920326,0.37996689471686756,0.5348419082689724,0.32708968274804817
3000,0.3,900,55,52,6,5,8,False,ok,selected_multi_metric_max_k,sample_select_project,4.211562020000201,0.0,0.007786617999954615,0.3364295260007566,4.219348638000156,4.5557781640009125,8,0.0842305854667094,0.13903458419080564,0.4945257447148354,0.4450221235572939,0.3769675358044892,0.5247188042129335,0.31541775399286465
3000,0.3,900,55,53,6,5,8,False,ok,selected_multi_metric_xb_worsening_patience,sample_select_full_fit,6.250552805000552,5.967860540999936,0.0,0.23684963899995637,12.218413346000489,12.455262985000445,8,0.0833188648307307,0.28880862127276585,0.5173843554613609,0.44726339747754923,0.3515482525252368,0.5477060309502156,0.3408599483467136
3000,0.3,900,55,53,6,5,8,False,ok,selected_multi_metric_xb_worsening_patience,sample_select_project,6.250552805000552,0.0,0.005383661000450957,0.21360470799936593,6.255936466001003,6.469541174000369,8,0.0842305854667094,0.13903459264075632,0.4945257447148354,0.4450221235572939,0.3769675358044892,0.5247188042129335,0.31541775399286465
3000,0.3,900,55,54,6,5,8,False,ok,selected_multi_metric_max_k,sample_select_full_fit,4.621969724999872,6.262804564999897,0.0,0.20094024299942248,10.884774289999768,11.08571453299919,8,0.0833188648307307,0.28880816778388974,0.5173843554613609,0.4472633974775492,0.3515482525252368,0.5477060309502155,0.3408599483467136
3000,0.3,900,55,54,6,5,8,False,ok,selected_multi_metric_max_k,sample_select_project,4.621969724999872,0.0,0.007075693999468058,0.2085712699999931,4.62904541899934,4.837616688999333,8,0.0842305854667094,0.13903459113040148,0.4945257447148354,0.4450221235572939,0.3769675358044892,0.5247188042129334,0.31541775399286465
3000,0.3,900,56,52,6,5,6,False,ok,selected_multi_metric_xb_worsening_patience,sample_select_full_fit,3.7956209700005274,6.692328141999496,0.0,0.22665048599992588,10.487949112000024,10.71459959799995,6,0.08517207757130238,0.16560036974098327,0.7455936016601414,0.5001336083951746,0.4532926523153752,0.5280739692236254,0.29775564264576865
3000,0.3,900,56,52,6,5,6,False,ok,selected_multi_metric_xb_worsening_patience,sample_select_project,3.7956209700005274,0.0,0.006357494999974733,0.26466658700064727,3.801978465000502,4.0666450520011495,6,0.06413072571576361,0.1886007496776609,0.4892194151480081,0.35793389234576384,0.28462679507651656,0.42508460166972944,0.22442568560578333
3000,0.3,900,56,53,6,5,6,False,ok,selected_multi_metric_xb_worsening_patience,sample_select_full_fit,4.994137206000232,7.772861675000058,0.0,0.25590706699949806,12.76699888100029,13.022905947999789,6,0.08517207757130238,0.1656002146585296,0.7455936016601414,0.5001336083951745,0.4532926523153752,0.5280739692236254,0.29775564264576865
3000,0.3,900,56,53,6,5,6,False,ok,selected_multi_metric_xb_worsening_patience,sample_select_project,4.994137206000232,0.0,0.006789910000406962,0.31626131900065957,5.000927116000639,5.317188435001299,6,0.08924131208286304,0.17670532301232425,0.6185878205742948,0.5586877923754289,0.527124704796153,0.5520476563303568,0.3059373469184389
3000,0.3,900,56,54,6,5,5,True,ok,selected_multi_metric_xb_worsening_patience,sample_select_full_fit,3.597456159000103,4.880599864999567,0.0,0.2852560599994831,8.47805602399967,8.763312083999153,5,0.07527706075495254,0.19117096109463141,1.0,0.43296651783197426,0.38959809679239465,0.47035076281288035,0.24054337632924258
3000,0.3,900,56,54,6,5,5,True,ok,selected_multi_metric_xb_worsening_patience,sample_select_project,3.597456159000103,0.0,0.007933792000585527,0.1911650890006058,3.6053899510006886,3.7965550400012944,5,0.06877671490607427,0.21827572700122744,0.55936192706211,0.39211466275442236,0.3282181096855777,0.4305120142737868,0.21672279244036763
3000,0.4,1200,52,52,8,5,5,True,ok,selected_multi_metric_xb_worsening_patience,sample_select_full_fit,3.061539638000795,4.06357598699924,0.0,0.3020502810004473,7.125115625000035,7.427165906000482,5,0.07527706075495254,0.19117074474087273,1.0,0.43296651783197426,0.38959809679239465,0.4703507628128804,0.24054337632924258
3000,0.4,1200,52,52,8,5,5,True,ok,selected_multi_metric_xb_worsening_patience,sample_select_project,3.061539638000795,0.0,0.013458796000122675,0.3281156560005911,3.0749984340009178,3.403114090001509,5,0.07455948724161306,0.194603321350814,0.5204727322816112,0.4243451534692022,0.3621528169409922,0.46104381664895333,0.2260015784338415
3000,0.4,1200,52,53,8,5,5,True,ok,selected_multi_metric_xb_worsening_patience,sample_select_full_fit,4.122125543999573,9.239809253000203,0.0,0.4031703609998658,13.361934796999776,13.765105157999642,5,0.07527706075495254,0.1911707491704236,1.0,0.4329665178319743,0.38959809679239465,0.47035076281288035,0.24054337632924258
3000,0.4,1200,52,53,8,5,5,True,ok,selected_multi_metric_xb_worsening_patience,sample_select_project,4.122125543999573,0.0,0.008996472000035283,0.3441418860002159,4.131122015999608,4.475263901999824,5,0.07929517390897993,0.1899898223347741,0.5093860852478149,0.4842898662036981,0.42674719882460765,0.4856858977252116,0.23668871162311872
3000,0.4,1200,52,54,8,5,5,True,ok,selected_multi_metric_xb_worsening_patience,sample_select_full_fit,5.5375377609998395,14.327946544000042,0.0,0.38611841700003424,19.86548430499988,20.251602721999916,5,0.07527706075495254,0.19117096109463141,1.0,0.43296651783197426,0.38959809679239465,0.47035076281288035,0.24054337632924258
3000,0.4,1200,52,54,8,5,5,True,ok,selected_multi_metric_xb_worsening_patience,sample_select_project,5.5375377609998395,0.0,0.01011745100004191,0.26841527200031123,5.547655211999881,5.816070484000193,5,0.07455948724161306,0.19460331718626167,0.5204727322816112,0.4243451534692022,0.3621528169409922,0.46104381664895333,0.2260015784338415
3000,0.4,1200,53,52,8,5,5,True,ok,selected_multi_metric_xb_worsening_patience,sample_select_full_fit,2.9752890479994676,9.666847813999993,0.0,0.18073716999970202,12.642136861999461,12.822874031999163,5,0.07527706075495254,0.19117074474087273,1.0,0.43296651783197426,0.38959809679239465,0.4703507628128804,0.24054337632924258
3000,0.4,1200,53,52,8,5,5,True,ok,selected_multi_metric_xb_worsening_patience,sample_select_project,2.9752890479994676,0.0,0.005295436999404046,0.25898449099986465,2.9805844849988716,3.2395689759987363,5,0.06595492907288354,0.20497989838273406,0.5315222726632084,0.37806034364320446,0.32385242560534583,0.4452318841772287,0.2207807348512824
3000,0.4,1200,53,53,8,5,5,True,ok,selected_multi_metric_xb_worsening_patience,sample_select_full_fit,2.907538621999265,7.092178833999242,0.0,0.2678618709996954,9.999717455998507,10.267579326998202,5,0.07527706075495254,0.1911707491704236,1.0,0.4329665178319743,0.38959809679239465,0.47035076281288035,0.24054337632924258
3000,0.4,1200,53,53,8,5,5,True,ok,selected_multi_metric_xb_worsening_patience,sample_select_project,2.907538621999265,0.0,0.005879835999621719,0.20572246200026711,2.913418457998887,3.119140919999154,5,0.06595492907288354,0.20497991374124028,0.5315222726632084,0.37806034364320446,0.32385242560534583,0.44523188417722875,0.2207807348512824
3000,0.4,1200,53,54,8,5,5,True,ok,selected_multi_metric_xb_worsening_patience,sample_select_full_fit,3.4467978530001346,5.09083690999978,0.0,0.2320627599992804,8.537634762999915,8.769697522999195,5,0.07527706075495254,0.19117096109463141,1.0,0.43296651783197426,0.38959809679239465,0.47035076281288035,0.24054337632924258
3000,0.4,1200,53,54,8,5,5,True,ok,selected_multi_metric_xb_worsening_patience,sample_select_project,3.4467978530001346,0.0,0.004685259000325459,0.20502095500069117,3.45148311200046,3.6565040670011513,5,0.06595492907288354,0.20497971589028532,0.5315222726632084,0.37806034364320446,0.32385242560534583,0.44523188417722875,0.2207807348512824
3000,0.4,1200,54,52,8,5,5,True,ok,selected_multi_metric_xb_worsening_patience,sample_select_full_fit,5.1087059609999415,3.396253266999338,0.0,0.29676406099952146,8.50495922799928,8.8017232889988,5,0.07527706075495254,0.19117074474087273,1.0,0.43296651783197426,0.38959809679239465,0.4703507628128804,0.24054337632924258
3000,0.4,1200,54,52,8,5,5,True,ok,selected_multi_metric_xb_worsening_patience,sample_select_project,5.1087059609999415,0.0,0.004591294999954698,0.28118440600064787,5.113297255999896,5.394481662000544,5,0.06771946532512224,0.211773393828908,0.5867203282742093,0.4073291457849087,0.35815538538455616,0.44062813197212286,0.22241359809580213
3000,0.4,1200,54,53,8,5,5,True,ok,selected_multi_metric_xb_worsening_patience,sample_select_full_fit,4.254501186000198,4.511711431000549,0.0,0.19852903999981208,8.766212617000747,8.964741657000559,5,0.07527706075495254,0.1911707491704236,1.0,0.4329665178319743,0.38959809679239465,0.47035076281288035,0.24054337632924258
3000,0.4,1200,54,53,8,5,5,True,ok,selected_multi_metric_xb_worsening_patience,sample_select_project,4.254501186000198,0.0,0.007162785999753396,0.21203149699977075,4.261663971999951,4.473695468999722,5,0.06771946532512224,0.211773431988691,0.5867203282742093,0.40732914578490875,0.35815538538455616,0.44062813197212297,0.22241359809580213
3000,0.4,1200,54,54,8,5,5,True,ok,selected_multi_metric_xb_worsening_patience,sample_select_full_fit,4.363269765000041,4.780621101999714,0.0,0.3521332580003218,9.143890866999755,9.496024125000076,5,0.07527706075495254,0.19117096109463141,1.0,0.43296651783197426,0.38959809679239465,0.47035076281288035,0.24054337632924258
3000,0.4,1200,54,54,8,5,5,True,ok,selected_multi_metric_xb_worsening_patience,sample_select_project,4.363269765000041,0.0,0.00730010100051004,0.27000389199929486,4.370569866000551,4.640573757999846,5,0.06771946532512224,0.21177339662649144,0.5867203282742093,0.40732914578490875,0.35815538538455616,0.44062813197212286,0.22241359809580213
3000,0.4,1200,55,52,8,5,5,True,ok,selected_multi_metric_xb_worsening_patience,sample_select_full_fit,3.20371782500024,3.403605483999854,0.0,0.17841307999970013,6.607323309000094,6.785736388999794,5,0.07527706075495254,0.19117074474087273,1.0,0.43296651783197426,0.38959809679239465,0.4703507628128804,0.24054337632924258
3000,0.4,1200,55,52,8,5,5,True,ok,selected_multi_metric_xb_worsening_patience,sample_select_project,3.20371782500024,0.0,0.005082820000097854,0.21609500199974718,3.2088006450003377,3.424895647000085,5,0.07174867349489905,0.1824174450640257,0.7535342530960153,0.41965905038645324,0.3852085812650153,0.4512653203910949,0.22997230797044582
3000,0.4,1200,55,53,8,5,5,True,ok,selected_multi_metric_xb_worsening_patience,sample_select_full_fit,2.960621937999349,5.006682885999908,0.0,0.2599991910001336,7.967304823999257,8.22730401499939,5,0.07527706075495254,0.1911707491704236,1.0,0.4329665178319743,0.38959809679239465,0.47035076281288035,0.24054337632924258
3000,0.4,1200,55,53,8,5,5,True,ok,selected_multi_metric_xb_worsening_patience,sample_select_project,2.960621937999349,0.0,0.005375204999836569,0.2532587820005574,2.9659971429991856,3.219255924999743,5,0.06577958667584609,0.19856795442317943,0.5480727819933242,0.40121999908682027,0.3463029409973464,0.4458265233227179,0.2220645961478285
3000,0.4,1200,55,54,8,5,5,True,ok,selected_multi_metric_xb_worsening_patience,sample_select_full_fit,2.722079856000164,9.519486797999889,0.0,0.20780282099985925,12.241566654000053,12.449369474999912,5,0.07527706075495254,0.19117096109463141,1.0,0.43296651783197426,0.38959809679239465,0.47035076281288035,0.24054337632924258
3000,0.4,1200,55,54,8,5,5,True,ok,selected_multi_metric_xb_worsening_patience,sample_select_project,2.722079856000164,0.0,0.0066792050001822645,0.1684597940002277,2.7287590610003463,2.897218855000574,5,0.07174867349489905,0.1824174703333992,0.7535342530960153,0.41965905038645324,0.3852085812650153,0.4512653203910949,0.22997230797044582
3000,0.4,1200,56,52,8,5,5,True,ok,selected_multi_metric_xb_worsening_patience,sample_select_full_fit,4.3360974670004,7.262784183999429,0.0,0.37377797400040436,11.598881650999829,11.972659625000233,5,0.07527706075495254,0.19117074474087273,1.0,0.43296651783197426,0.38959809679239465,0.4703507628128804,0.24054337632924258
3000,0.4,1200,56,52,8,5,5,True,ok,selected_multi_metric_xb_worsening_patience,sample_select_project,4.3360974670004,0.0,0.006939920000149868,0.25879744200028654,4.34303738700055,4.601834829000836,5,0.07563661842051074,0.20505519886922,0.8023883040672654,0.43834858208429156,0.3831675457721375,0.4755904123293545,0.2374543532919451
3000,0.4,1200,56,53,8,5,5,True,ok,selected_multi_metric_xb_worsening_patience,sample_select_full_fit,3.777559289999772,5.60244267500002,0.0,0.31692798099993524,9.380001964999792,9.696929945999727,5,0.07527706075495254,0.1911707491704236,1.0,0.4329665178319743,0.38959809679239465,0.47035076281288035,0.24054337632924258
3000,0.4,1200,56,53,8,5,5,True,ok,selected_multi_metric_xb_worsening_patience,sample_select_project,3.777559289999772,0.0,0.00524291900001117,0.20692287899964867,3.782802208999783,3.9897250879994317,5,0.07563661842051074,0.20505528573907203,0.8023883040672654,0.4383485820842916,0.3831675457721375,0.4755904123293545,0.2374543532919451
3000,0.4,1200,56,54,8,5,5,True,ok,selected_multi_metric_xb_worsening_patience,sample_select_full_fit,4.46872150299987,5.633141522999722,0.0,0.26659339900015766,10.101863025999592,10.36845642499975,5,0.07527706075495254,0.19117096109463141,1.0,0.43296651783197426,0.38959809679239465,0.47035076281288035,0.24054337632924258
3000,0.4,1200,56,54,8,5,5,True,ok,selected_multi_metric_xb_worsening_patience,sample_select_project,4.46872150299987,0.0,0.010200464999797987,0.2698677879998286,4.478921967999668,4.748789755999496,5,0.07563661842051074,0.20505528028793574,0.8023883040672654,0.4383485820842916,0.3831675457721375,0.4755904123293545,0.2374543532919451
3000,0.5,1500,52,52,10,5,5,True,ok,selected_multi_metric_xb_worsening_patience,sample_select_full_fit,2.9257233919997816,4.596329122000498,0.0,0.24110702100006165,7.522052514000279,7.763159535000341,5,0.07527706075495254,0.19117074474087273,1.0,0.43296651783197426,0.38959809679239465,0.4703507628128804,0.24054337632924258
3000,0.5,1500,52,52,10,5,5,True,ok,selected_multi_metric_xb_worsening_patience,sample_select_project,2.9257233919997816,0.0,0.009059759999217931,0.3178956540004947,2.9347831519989995,3.252678805999494,5,0.07489634789605787,0.1965124866218702,0.5245238593947906,0.42928075327137394,0.3675328938652652,0.4639596754340438,0.22774330066499732
3000,0.5,1500,52,53,10,5,5,True,ok,selected_multi_metric_xb_worsening_patience,sample_select_full_fit,3.8008582259999457,5.619935857999735,0.0,0.20785221099959017,9.42079408399968,9.628646294999271,5,0.07527706075495254,0.1911707491704236,1.0,0.4329665178319743,0.38959809679239465,0.47035076281288035,0.24054337632924258
3000,0.5,1500,52,53,10,5,5,True,ok,selected_multi_metric_xb_worsening_patience,sample_select_project,3.8008582259999457,0.0,0.010000844000387588,0.26310418600041885,3.8108590700003333,4.073963256000752,5,0.07489634789605787,0.196512491855903,0.5245238593947906,0.42928075327137394,0.3675328938652652,0.4639596754340438,0.22774330066499732
3000,0.5,1500,52,54,10,5,5,True,ok,selected_multi_metric_xb_worsening_patience,sample_select_full_fit,3.0348810300001787,5.747780118000264,0.0,0.20557383600043977,8.782661148000443,8.988234984000883,5,0.07527706075495254,0.19117096109463141,1.0,0.43296651783197426,0.38959809679239465,0.47035076281288035,0.24054337632924258
3000,0.5,1500,52,54,10,5,5,True,ok,selected_multi_metric_xb_worsening_patience,sample_select_project,3.0348810300001787,0.0,0.00501227899985679,0.1691048269995008,3.0398933090000355,3.2089981359995363,5,0.07489634789605787,0.1965124935616362,0.5245238593947906,0.42928075327137394,0.3675328938652652,0.4639596754340439,0.22774330066499732
3000,0.5,1500,53,52,10,5,5,True,ok,selected_multi_metric_xb_worsening_patience,sample_select_full_fit,2.7936812020006982,6.185184934000063,0.0,0.2832465649998994,8.978866136000761,9.26211270100066,5,0.07527706075495254,0.19117074474087273,1.0,0.43296651783197426,0.38959809679239465,0.4703507628128804,0.24054337632924258
3000,0.5,1500,53,52,10,5,5,True,ok,selected_multi_metric_xb_worsening_patience,sample_select_project,2.7936812020006982,0.0,0.0025822419993346557,0.22476569199989171,2.796263444000033,3.0210291359999246,5,0.06623003044712657,0.20190419794159853,0.5337242574147835,0.38314533285171687,0.32963073481977095,0.4440603676729588,0.22132332693275625
3000,0.5,1500,53,53,10,5,5,True,ok,selected_multi_metric_xb_worsening_patience,sample_select_full_fit,3.6206392760004746,3.7269708610001544,0.0,0.1651645150004697,7.347610137000629,7.512774652001099,5,0.07527706075495254,0.1911707491704236,1.0,0.4329665178319743,0.38959809679239465,0.47035076281288035,0.24054337632924258
3000,0.5,1500,53,53,10,5,5,True,ok,selected_multi_metric_xb_worsening_patience,sample_select_project,3.6206392760004746,0.0,0.005607186999441183,0.2154944269996122,3.626246462999916,3.841740889999528,5,0.06623003044712657,0.20190403089631487,0.5337242574147835,0.38314533285171676,0.32963073481977095,0.44406036767295887,0.22132332693275625
3000,0.5,1500,53,54,10,5,5,True,ok,selected_multi_metric_xb_worsening_patience,sample_select_full_fit,3.979941243999747,5.806798272999913,0.0,0.2656392099997902,9.78673951699966,10.05237872699945,5,0.07527706075495254,0.19117096109463141,1.0,0.43296651783197426,0.38959809679239465,0.47035076281288035,0.24054337632924258
3000,0.5,1500,53,54,10,5,5,True,ok,selected_multi_metric_xb_worsening_patience,sample_select_project,3.979941243999747,0.0,0.004645565999453538,0.26863124500050617,3.9845868099992003,4.2532180549997065,5,0.06623003044712657,0.201904028391776,0.5337242574147835,0.38314533285171676,0.32963073481977095,0.44406036767295887,0.22132332693275625
3000,0.5,1500,54,52,10,5,6,False,ok,selected_multi_metric_xb_worsening_patience,sample_select_full_fit,12.747479076000673,5.735668971999985,0.0,0.33668750499964517,18.483148048000658,18.819835553000303,6,0.08517207757130238,0.16560036974098327,0.7455936016601414,0.5001336083951746,0.4532926523153752,0.5280739692236254,0.29775564264576865
3000,0.5,1500,54,52,10,5,6,False,ok,selected_multi_metric_xb_worsening_patience,sample_select_project,12.747479076000673,0.0,0.007793720999870857,0.29085433300042496,12.755272797000544,13.046127130000968,6,0.06884185570130762,0.17520865384541973,0.48204563246014437,0.3782483957659267,0.3178625359798569,0.45420201275221467,0.24039384494423824
3000,0.5,1500,54,53,10,5,7,False,ok,selected_multi_metric_xb_worsening_patience,sample_select_full_fit,12.883824563000417,8.639231545000257,0.0,0.26642806899963034,21.523056108000674,21.789484177000304,7,0.08281675108092343,0.18812762637778477,0.6229720437845424,0.46526182779026926,0.4098610377296865,0.5185901283939125,0.3071783013220876
3000,0.5,1500,54,53,10,5,7,False,ok,selected_multi_metric_xb_worsening_patience,sample_select_project,12.883824563000417,0.0,0.004741855000247597,0.2607918880003126,12.888566418000664,13.149358306000977,7,0.08676945061989629,0.15298011732936473,0.6090249363806055,0.4628718511135149,0.40390676575965406,0.5350681882331011,0.3145578127500803
3000,0.5,1500,54,54,10,5,7,False,ok,selected_multi_metric_xb_worsening_patience,sample_select_full_fit,21.014178269000695,3.91516300999956,0.0,0.2613618800005497,24.929341279000255,25.190703159000805,7,0.08281675108092343,0.18812762187053406,0.6229720437845424,0.4652618277902692,0.4098610377296865,0.5185901283939124,0.3071783013220876
3000,0.5,1500,54,54,10,5,7,False,ok,selected_multi_metric_xb_worsening_patience,sample_select_project,21.014178269000695,0.0,0.006761617999472946,0.34173707500031014,21.020939887000168,21.362676962000478,7,0.08676945061989629,0.15297999350332428,0.6090249363806055,0.4628718511135149,0.40390676575965406,0.5350681882331011,0.3145578127500803
3000,0.5,1500,55,52,10,5,5,True,ok,selected_multi_metric_xb_worsening_patience,sample_select_full_fit,3.686375375999887,4.55952934600009,0.0,0.26185787499980506,8.245904721999977,8.507762596999783,5,0.07527706075495254,0.19117074474087273,1.0,0.43296651783197426,0.38959809679239465,0.4703507628128804,0.24054337632924258
3000,0.5,1500,55,52,10,5,5,True,ok,selected_multi_metric_xb_worsening_patience,sample_select_project,3.686375375999887,0.0,0.005669354000019666,0.25916168999992806,3.692044729999907,3.951206419999835,5,0.07375582574019973,0.18299413107920012,0.7745977930613946,0.43440096594798006,0.39594378410163233,0.464459653831228,0.2353828661883545
3000,0.5,1500,55,53,10,5,5,True,ok,selected_multi_metric_xb_worsening_patience,sample_select_full_fit,3.2233068629993795,6.7080785879998075,0.0,0.26497518999985914,9.931385450999187,10.196360640999046,5,0.07527706075495254,0.1911707491704236,1.0,0.4329665178319743,0.38959809679239465,0.47035076281288035,0.24054337632924258
3000,0.5,1500,55,53,10,5,5,True,ok,selected_multi_metric_xb_worsening_patience,sample_select_project,3.2233068629993795,0.0,0.01049618700017163,0.28085917699991114,3.233803049999551,3.5146622269994623,5,0.07375582574019973,0.18299397479419854,0.7745977930613946,0.43440096594798017,0.39594378410163233,0.464459653831228,0.2353828661883545
3000,0.5,1500,55,54,10,5,5,True,ok,selected_multi_metric_xb_worsening_patience,sample_select_full_fit,4.619924614999945,4.626310556000135,0.0,0.2304988460000459,9.24623517100008,9.476734017000126,5,0.07527706075495254,0.19117096109463141,1.0,0.43296651783197426,0.38959809679239465,0.47035076281288035,0.24054337632924258
3000,0.5,1500,55,54,10,5,5,True,ok,selected_multi_metric_xb_worsening_patience,sample_select_project,4.619924614999945,0.0,0.002599362999717414,0.2049618860000919,4.622523977999663,4.827485863999755,5,0.07375582574019973,0.18299410198091134,0.7745977930613946,0.4344009659479801,0.39594378410163233,0.4644596538312281,0.2353828661883545
3000,0.5,1500,56,52,10,5,5,True,ok,selected_multi_metric_xb_worsening_patience,sample_select_full_fit,4.332463614000517,12.606035324999539,0.0,0.16889049700057512,16.938498939000056,17.10738943600063,5,0.07527706075495254,0.19117074474087273,1.0,0.43296651783197426,0.38959809679239465,0.4703507628128804,0.24054337632924258
3000,0.5,1500,56,52,10,5,5,True,ok,selected_multi_metric_xb_worsening_patience,sample_select_project,4.332463614000517,0.0,0.005593901999418449,0.19702221500028827,4.338057515999935,4.5350797310002235,5,0.0677499611646375,0.18895064052831667,0.6096687489051226,0.39903146566082154,0.3377749606920994,0.4368375524003742,0.21944520170989862
3000,0.5,1500,56,53,10,5,5,True,ok,selected_multi_metric_xb_worsening_patience,sample_select_full_fit,5.16400301000067,7.12941850199968,0.0,0.19826334499975928,12.29342151200035,12.49168485700011,5,0.07527706075495254,0.1911707491704236,1.0,0.4329665178319743,0.38959809679239465,0.47035076281288035,0.24054337632924258
3000,0.5,1500,56,53,10,5,5,True,ok,selected_multi_metric_xb_worsening_patience,sample_select_project,5.16400301000067,0.0,0.004425295000146434,0.1980004850001933,5.168428305000816,5.3664287900010095,5,0.0677499611646375,0.1889506396628922,0.6096687489051226,0.39903146566082154,0.3377749606920994,0.4368375524003742,0.21944520170989862
3000,0.5,1500,56,54,10,5,5,True,ok,selected_multi_metric_xb_worsening_patience,sample_select_full_fit,4.867646751000393,6.5345520599994416,0.0,0.2654211460003353,11.402198810999835,11.66761995700017,5,0.07527706075495254,0.19117096109463141,1.0,0.43296651783197426,0.38959809679239465,0.47035076281288035,0.24054337632924258
3000,0.5,1500,56,54,10,5,5,True,ok,selected_multi_metric_xb_worsening_patience,sample_select_project,4.867646751000393,0.0,0.008272473000033642,0.356635981999716,4.875919224000427,5.232555206000143,5,0.0677499611646375,0.18895051552766526,0.6096687489051226,0.39903146566082154,0.3377749606920994,0.43683755240037414,0.21944520170989862
3000,0.7,2100,52,52,14,5,8,False,ok,selected_multi_metric_xb_worsening_patience,sample_select_full_fit,22.941893242000333,5.954524996000146,0.0,0.27632612900015374,28.89641823800048,29.172744367000632,8,0.08657783819906467,0.16491954439813974,0.5584154749558173,0.4473482564920326,0.37996689471686756,0.5348419082689724,0.32708968274804817
3000,0.7,2100,52,52,14,5,8,False,ok,selected_multi_metric_xb_worsening_patience,sample_select_project,22.941893242000333,0.0,0.004858331999457732,0.2202255049996893,22.94675157399979,23.16697707899948,8,0.09402521028948092,0.16519523642767173,0.5218877702926714,0.5505528544112225,0.5016444411592699,0.580533085716346,0.36379514945312
3000,0.7,2100,52,53,14,5,7,False,ok,selected_multi_metric_xb_worsening_patience,sample_select_full_fit,25.52808169200034,6.937373251999816,0.0,0.23806564200003777,32.46545494400016,32.703520586000195,7,0.08281675108092343,0.18812762637778477,0.6229720437845424,0.46526182779026926,0.4098610377296865,0.5185901283939125,0.3071783013220876
3000,0.7,2100,52,53,14,5,7,False,ok,selected_multi_metric_xb_worsening_patience,sample_select_project,25.52808169200034,0.0,0.00707331899957353,0.2646221040004093,25.535155010999915,25.799777115000325,7,0.08773876690967237,0.15849057640659667,0.607993046267635,0.47393606870699423,0.41820995675046646,0.5379449443088641,0.31359646138431757
3000,0.7,2100,52,54,14,5,8,False,ok,selected_multi_metric_xb_worsening_patience,sample_select_full_fit,20.28012229199976,6.506817250000495,0.0,0.194285022999793,26.786939542000255,26.981224565000048,8,0.0833188648307307,0.28880816778388974,0.5173843554613609,0.4472633974775492,0.3515482525252368,0.5477060309502155,0.3408599483467136
3000,0.7,2100,52,54,14,5,8,False,ok,selected_multi_metric_xb_worsening_patience,sample_select_project,20.28012229199976,0.0,0.009460397000111698,0.20837915300035093,20.28958268899987,20.497961842000223,8,0.09402521028948092,0.16519524354013887,0.5218877702926714,0.5505528544112225,0.5016444411592699,0.5805330857163459,0.36379514945312
3000,0.7,2100,53,52,14,5,5,True,ok,selected_multi_metric_xb_worsening_patience,sample_select_full_fit,9.860110091000024,7.162250334999953,0.0,0.2139540299995133,17.022360425999977,17.23631445599949,5,0.07527706075495254,0.19117074474087273,1.0,0.43296651783197426,0.38959809679239465,0.4703507628128804,0.24054337632924258
3000,0.7,2100,53,52,14,5,5,True,ok,selected_multi_metric_xb_worsening_patience,sample_select_project,9.860110091000024,0.0,0.005520926999452058,0.24668836099954206,9.865631017999476,10.112319378999018,5,0.06902558519860442,0.214683210077135,0.5895569000771403,0.41570357816628595,0.3692300651829085,0.44867761651995175,0.22752672048446984
3000,0.7,2100,53,53,14,5,5,True,ok,selected_multi_metric_xb_worsening_patience,sample_select_full_fit,12.624079634999362,10.671407169000304,0.0,0.16788761899988458,23.295486803999665,23.46337442299955,5,0.07527706075495254,0.1911707491704236,1.0,0.4329665178319743,0.38959809679239465,0.47035076281288035,0.24054337632924258
3000,0.7,2100,53,53,14,5,5,True,ok,selected_multi_metric_xb_worsening_patience,sample_select_project,12.624079634999362,0.0,0.0049550220001037815,0.21751182899970445,12.629034656999465,12.84654648599917,5,0.07601713144917206,0.1929155247351867,0.935591730258652,0.4381497344477752,0.39283312516002744,0.47117699329082036,0.24069441456951207
3000,0.7,2100,53,54,14,5,5,True,ok,selected_multi_metric_xb_worsening_patience,sample_select_full_fit,12.066385328999786,12.733616364999762,0.0,0.18650170100045216,24.800001693999548,24.986503395,5,0.07527706075495254,0.19117096109463141,1.0,0.43296651783197426,0.38959809679239465,0.47035076281288035,0.24054337632924258
3000,0.7,2100,53,54,14,5,5,True,ok,selected_multi_metric_xb_worsening_patience,sample_select_project,12.066385328999786,0.0,0.005162458999620867,0.19555638099973294,12.071547787999407,12.26710416899914,5,0.06902558519860442,0.21468322015978633,0.5895569000771403,0.41570357816628595,0.3692300651829085,0.44867761651995186,0.22752672048446984
3000,0.7,2100,54,52,14,5,8,False,ok,selected_multi_metric_xb_worsening_patience,sample_select_full_fit,24.60662157600018,8.720812809000563,0.0,0.21957998200014117,33.32743438500074,33.547014367000884,8,0.08657783819906467,0.16491954439813974,0.5584154749558173,0.4473482564920326,0.37996689471686756,0.5348419082689724,0.32708968274804817
3000,0.7,2100,54,52,14,5,8,False,ok,selected_multi_metric_xb_worsening_patience,sample_select_project,24.60662157600018,0.0,0.004246211999998195,0.34210093500041694,24.610867788000178,24.952968723000595,8,0.08653598476443466,0.16412698773837509,0.5628705987264488,0.44923142698649077,0.3829924990728316,0.5347617786106263,0.3274944558673025
3000,0.7,2100,54,53,14,5,6,False,ok,selected_multi_metric_xb_worsening_patience,sample_select_full_fit,26.218218138999873,8.76969692700004,0.0,0.24779608700009703,34.987915065999914,35.23571115300001,6,0.08517207757130238,0.1656002146585296,0.7455936016601414,0.5001336083951745,0.4532926523153752,0.5280739692236254,0.29775564264576865
3000,0.7,2100,54,53,14,5,6,False,ok,selected_multi_metric_xb_worsening_patience,sample_select_project,26.218218138999873,0.0,0.006642586000452866,0.20633764900048845,26.224860725000326,26.431198374000815,6,0.08276581015047395,0.1701397416532702,0.7151403343332607,0.4820927141603914,0.43971556651827803,0.5143627809760922,0.28923192338384807
3000,0.7,2100,54,54,14,5,8,False,ok,selected_multi_metric_xb_worsening_patience,sample_select_full_fit,31.2422457749999,4.977997728000446,0.0,0.3250787169999967,36.22024350300035,36.545322220000344,8,0.0833188648307307,0.28880816778388974,0.5173843554613609,0.4472633974775492,0.3515482525252368,0.5477060309502155,0.3408599483467136
3000,0.7,2100,54,54,14,5,8,False,ok,selected_multi_metric_xb_worsening_patience,sample_select_project,31.2422457749999,0.0,0.007742967000012868,0.38441692600008537,31.249988741999914,31.634405668,8,0.08910998422257879,0.1677479697711758,0.5417672626150097,0.4576043463396277,0.38288715240723825,0.5401890231835021,0.33686247159371036
3000,0.7,2100,55,52,14,5,5,True,ok,selected_multi_metric_xb_worsening_patience,sample_select_full_fit,12.864651773000332,8.327831866000452,0.0,0.23518384499948297,21.192483639000784,21.427667484000267,5,0.07527706075495254,0.19117074474087273,1.0,0.43296651783197426,0.38959809679239465,0.4703507628128804,0.24054337632924258
3000,0.7,2100,55,52,14,5,5,True,ok,selected_multi_metric_xb_worsening_patience,sample_select_project,12.864651773000332,0.0,0.010805873999743199,0.33136457899945526,12.875457647000076,13.206822225999531,5,0.07595813397757112,0.19280105654519833,0.9058147653069334,0.43916449690448667,0.394118418434275,0.4754958331819403,0.24380357493192523
3000,0.7,2100,55,53,14,5,5,True,ok,selected_multi_metric_xb_worsening_patience,sample_select_full_fit,14.311893484000393,6.350309792000189,0.0,0.16953035999995336,20.662203276000582,20.831733636000536,5,0.07527706075495254,0.1911707491704236,1.0,0.4329665178319743,0.38959809679239465,0.47035076281288035,0.24054337632924258
3000,0.7,2100,55,53,14,5,5,True,ok,selected_multi_metric_xb_worsening_patience,sample_select_project,14.311893484000393,0.0,0.006538363000800018,0.20789736400001857,14.318431847001193,14.526329211001212,5,0.07595813397757112,0.19280668483729332,0.9058147653069334,0.4391644969044866,0.394118418434275,0.47549583318194016,0.24380357493192523
3000,0.7,2100,55,54,14,5,5,True,ok,selected_multi_metric_xb_worsening_patience,sample_select_full_fit,9.072494914000345,10.079916140999558,0.0,0.3481368090006072,19.152411054999902,19.50054786400051,5,0.07527706075495254,0.19117096109463141,1.0,0.43296651783197426,0.38959809679239465,0.47035076281288035,0.24054337632924258
3000,0.7,2100,55,54,14,5,5,True,ok,selected_multi_metric_xb_worsening_patience,sample_select_project,9.072494914000345,0.0,0.011087699000199791,0.3574652300003436,9.083582613000544,9.441047843000888,5,0.07595813397757112,0.19280014010872806,0.9058147653069334,0.4391644969044866,0.394118418434275,0.47549583318194016,0.24380357493192523
3000,0.7,2100,56,52,14,5,5,True,ok,selected_multi_metric_xb_worsening_patience,sample_select_full_fit,12.338586767000379,8.685503077999783,0.0,0.247443358000055,21.024089845000162,21.271533203000217,5,0.07527706075495254,0.19117074474087273,1.0,0.43296651783197426,0.38959809679239465,0.4703507628128804,0.24054337632924258
3000,0.7,2100,56,52,14,5,5,True,ok,selected_multi_metric_xb_worsening_patience,sample_select_project,12.338586767000379,0.0,0.004713000999799988,0.25402190500062716,12.343299768000179,12.597321673000806,5,0.0765932591344358,0.18794474979542913,0.9295647380516817,0.4440459731865439,0.39752040248313325,0.4780146036214098,0.2433605093130446
3000,0.7,2100,56,53,14,5,5,True,ok,selected_multi_metric_xb_worsening_patience,sample_select_full_fit,13.90226953399997,5.633340022999619,0.0,0.273030671000015,19.53560955699959,19.808640227999604,5,0.07527706075495254,0.1911707491704236,1.0,0.4329665178319743,0.38959809679239465,0.47035076281288035,0.24054337632924258
3000,0.7,2100,56,53,14,5,5,True,ok,selected_multi_metric_xb_worsening_patience,sample_select_project,13.90226953399997,0.0,0.0047827709995544865,0.2813464249993558,13.907052304999524,14.18839872999888,5,0.0765932591344358,0.18794514683922342,0.9295647380516817,0.4440459731865438,0.39752040248313325,0.47801460362140974,0.2433605093130446
3000,0.7,2100,56,54,14,5,5,True,ok,selected_multi_metric_xb_worsening_patience,sample_select_full_fit,12.139708523000081,10.39212992100056,0.0,0.24095942700023443,22.53183844400064,22.772797871000876,5,0.07527706075495254,0.19117096109463141,1.0,0.43296651783197426,0.38959809679239465,0.47035076281288035,0.24054337632924258
3000,0.7,2100,56,54,14,5,5,True,ok,selected_multi_metric_xb_worsening_patience,sample_select_project,12.139708523000081,0.0,0.009705864000352449,0.2328181870007029,12.149414387000434,12.382232574001137,5,0.0765932591344358,0.18794474947081183,0.9295647380516817,0.4440459731865438,0.39752040248313325,0.47801460362140974,0.2433605093130446
3000,1.0,3000,52,52,20,5,5,True,ok,selected_multi_metric_xb_worsening_patience,sample_select_full_fit,24.640817286999663,8.51270686800035,0.0,0.18940775499959273,33.153524155000014,33.342931909999606,5,0.07527706075495254,0.19117074474087273,1.0,0.43296651783197426,0.38959809679239465,0.4703507628128804,0.24054337632924258
3000,1.0,3000,52,52,20,5,5,True,ok,selected_multi_metric_xb_worsening_patience,sample_select_project,24.640817286999663,0.0,0.0031158250003500143,0.20968979400004173,24.643933112000013,24.853622906000055,5,0.07527706075495254,0.19117074474087273,1.0,0.43296651783197426,0.38959809679239465,0.4703507628128804,0.24054337632924258
3000,1.0,3000,52,53,20,5,5,True,ok,selected_multi_metric_xb_worsening_patience,sample_select_full_fit,21.875981088000117,5.312624744999994,0.0,0.26457276299970545,27.18860583300011,27.453178595999816,5,0.07527706075495254,0.1911707491704236,1.0,0.4329665178319743,0.38959809679239465,0.47035076281288035,0.24054337632924258
3000,1.0,3000,52,53,20,5,5,True,ok,selected_multi_metric_xb_worsening_patience,sample_select_project,21.875981088000117,0.0,0.004286315999706858,0.27125492300001497,21.880267403999824,22.15152232699984,5,0.07527706075495254,0.1911707491704236,1.0,0.4329665178319743,0.38959809679239465,0.47035076281288035,0.24054337632924258
3000,1.0,3000,52,54,20,5,5,True,ok,selected_multi_metric_xb_worsening_patience,sample_select_full_fit,25.33440200000041,7.11038273199938,0.0,0.1964070059993901,32.44478473199979,32.64119173799918,5,0.07527706075495254,0.19117096109463141,1.0,0.43296651783197426,0.38959809679239465,0.47035076281288035,0.24054337632924258
3000,1.0,3000,52,54,20,5,5,True,ok,selected_multi_metric_xb_worsening_patience,sample_select_project,25.33440200000041,0.0,0.010627350999129703,0.2197002259999863,25.34502935099954,25.564729576999525,5,0.07527706075495254,0.19117096109463133,1.0,0.43296651783197426,0.38959809679239465,0.47035076281288035,0.24054337632924258
3000,1.0,3000,53,52,20,5,5,True,ok,selected_multi_metric_xb_worsening_patience,sample_select_full_fit,20.934779878999507,9.373234552999747,0.0,0.3725348269999813,30.308014431999254,30.680549258999235,5,0.07527706075495254,0.19117074474087273,1.0,0.43296651783197426,0.38959809679239465,0.4703507628128804,0.24054337632924258
3000,1.0,3000,53,52,20,5,5,True,ok,selected_multi_metric_xb_worsening_patience,sample_select_project,20.934779878999507,0.0,0.007271367999237555,0.30594583899983263,20.942051246998744,21.247997085998577,5,0.07527706075495254,0.19117074474087273,1.0,0.43296651783197426,0.38959809679239465,0.4703507628128804,0.24054337632924258
3000,1.0,3000,53,53,20,5,5,True,ok,selected_multi_metric_xb_worsening_patience,sample_select_full_fit,17.87644659000034,5.901269889000105,0.0,0.193789769000432,23.777716479000446,23.97150624800088,5,0.07527706075495254,0.1911707491704236,1.0,0.4329665178319743,0.38959809679239465,0.47035076281288035,0.24054337632924258
3000,1.0,3000,53,53,20,5,5,True,ok,selected_multi_metric_xb_worsening_patience,sample_select_project,17.87644659000034,0.0,0.004293879999750061,0.3270020290001412,17.88074047000009,18.207742499000233,5,0.07527706075495254,0.1911707491704236,1.0,0.4329665178319743,0.38959809679239465,0.47035076281288035,0.24054337632924258
3000,1.0,3000,53,54,20,5,5,True,ok,selected_multi_metric_xb_worsening_patience,sample_select_full_fit,23.833150102000218,6.150609753000026,0.0,0.3105278240000189,29.983759855000244,30.294287679000263,5,0.07527706075495254,0.19117096109463141,1.0,0.43296651783197426,0.38959809679239465,0.47035076281288035,0.24054337632924258
3000,1.0,3000,53,54,20,5,5,True,ok,selected_multi_metric_xb_worsening_patience,sample_select_project,23.833150102000218,0.0,0.011639407000075153,0.3078184700007114,23.844789509000293,24.152607979001004,5,0.07527706075495254,0.19117096109463133,1.0,0.43296651783197426,0.38959809679239465,0.47035076281288035,0.24054337632924258
3000,1.0,3000,54,52,20,5,5,True,ok,selected_multi_metric_xb_worsening_patience,sample_select_full_fit,22.152087018000202,4.442980595000336,0.0,0.29417883199948847,26.595067613000538,26.889246445000026,5,0.07527706075495254,0.19117074474087273,1.0,0.43296651783197426,0.38959809679239465,0.4703507628128804,0.24054337632924258
3000,1.0,3000,54,52,20,5,5,True,ok,selected_multi_metric_xb_worsening_patience,sample_select_project,22.152087018000202,0.0,0.009517081999547372,0.31804824900063977,22.16160409999975,22.47965234900039,5,0.07527706075495254,0.19117074474087273,1.0,0.43296651783197426,0.38959809679239465,0.4703507628128804,0.24054337632924258
3000,1.0,3000,54,53,20,5,5,True,ok,selected_multi_metric_xb_worsening_patience,sample_select_full_fit,23.70338342999912,4.457984810000198,0.0,0.14039965299980395,28.16136823999932,28.301767892999123,5,0.07527706075495254,0.1911707491704236,1.0,0.4329665178319743,0.38959809679239465,0.47035076281288035,0.24054337632924258
3000,1.0,3000,54,53,20,5,5,True,ok,selected_multi_metric_xb_worsening_patience,sample_select_project,23.70338342999912,0.0,0.008498695000525913,0.1679804610002975,23.711882124999647,23.879862585999945,5,0.07527706075495254,0.1911707491704236,1.0,0.4329665178319743,0.38959809679239465,0.47035076281288035,0.24054337632924258
3000,1.0,3000,54,54,20,5,5,True,ok,selected_multi_metric_xb_worsening_patience,sample_select_full_fit,5.206920867000008,1.6048084129997733,0.0,0.15411146000042208,6.811729279999781,6.965840740000203,5,0.07527706075495254,0.19117096109463141,1.0,0.43296651783197426,0.38959809679239465,0.47035076281288035,0.24054337632924258
3000,1.0,3000,54,54,20,5,5,True,ok,selected_multi_metric_xb_worsening_patience,sample_select_project,5.206920867000008,0.0,0.0024289160000989796,0.17156996199992136,5.209349783000107,5.380919745000028,5,0.07527706075495254,0.19117096109463133,1.0,0.43296651783197426,0.38959809679239465,0.47035076281288035,0.24054337632924258
3000,1.0,3000,55,52,20,5,5,True,ok,selected_multi_metric_xb_worsening_patience,sample_select_full_fit,4.572494110000662,1.507464551999874,0.0,0.14158569299979717,6.079958662000536,6.221544355000333,5,0.07527706075495254,0.19117074474087273,1.0,0.43296651783197426,0.38959809679239465,0.4703507628128804,0.24054337632924258
3000,1.0,3000,55,52,20,5,5,True,ok,selected_multi_metric_xb_worsening_patience,sample_select_project,4.572494110000662,0.0,0.005878633000065747,0.166999166000096,4.5783727430007275,4.7453719090008235,5,0.07527706075495254,0.19117074474087273,1.0,0.43296651783197426,0.38959809679239465,0.4703507628128804,0.24054337632924258
3000,1.0,3000,55,53,20,5,5,True,ok,selected_multi_metric_xb_worsening_patience,sample_select_full_fit,4.71989378500075,1.557561896000152,0.0,0.16115707500011922,6.277455681000902,6.438612756001021,5,0.07527706075495254,0.1911707491704236,1.0,0.4329665178319743,0.38959809679239465,0.47035076281288035,0.24054337632924258
3000,1.0,3000,55,53,20,5,5,True,ok,selected_multi_metric_xb_worsening_patience,sample_select_project,4.71989378500075,0.0,0.0025135639998552506,0.13751766400037013,4.722407349000605,4.859925013000975,5,0.07527706075495254,0.1911707491704236,1.0,0.4329665178319743,0.38959809679239465,0.47035076281288035,0.24054337632924258
3000,1.0,3000,55,54,20,5,5,True,ok,selected_multi_metric_xb_worsening_patience,sample_select_full_fit,4.77657368599921,1.649998171000334,0.0,0.17593693599974358,6.426571856999544,6.602508792999288,5,0.07527706075495254,0.19117096109463141,1.0,0.43296651783197426,0.38959809679239465,0.47035076281288035,0.24054337632924258
3000,1.0,3000,55,54,20,5,5,True,ok,selected_multi_metric_xb_worsening_patience,sample_select_project,4.77657368599921,0.0,0.0033826019998741685,0.1686309140004596,4.7799562879990845,4.948587201999544,5,0.07527706075495254,0.19117096109463133,1.0,0.43296651783197426,0.38959809679239465,0.47035076281288035,0.24054337632924258
3000,1.0,3000,56,52,20,5,5,True,ok,selected_multi_metric_xb_worsening_patience,sample_select_full_fit,4.39761993600041,1.7240768120000212,0.0,0.18106224600069254,6.121696748000431,6.302758994001124,5,0.07527706075495254,0.19117074474087273,1.0,0.43296651783197426,0.38959809679239465,0.4703507628128804,0.24054337632924258
3000,1.0,3000,56,52,20,5,5,True,ok,selected_multi_metric_xb_worsening_patience,sample_select_project,4.39761993600041,0.0,0.004773133000526286,0.1357897640000374,4.4023930690009365,4.538182833000974,5,0.07527706075495254,0.19117074474087273,1.0,0.43296651783197426,0.38959809679239465,0.4703507628128804,0.24054337632924258
3000,1.0,3000,56,53,20,5,5,True,ok,selected_multi_metric_xb_worsening_patience,sample_select_full_fit,4.556031508999695,1.2601147389996186,0.0,0.15361050800038356,5.816146247999313,5.969756755999697,5,0.07527706075495254,0.1911707491704236,1.0,0.4329665178319743,0.38959809679239465,0.47035076281288035,0.24054337632924258
3000,1.0,3000,56,53,20,5,5,True,ok,selected_multi_metric_xb_worsening_patience,sample_select_project,4.556031508999695,0.0,0.00252079700021568,0.1733537529999012,4.5585523059999105,4.731906058999812,5,0.07527706075495254,0.1911707491704236,1.0,0.4329665178319743,0.38959809679239465,0.47035076281288035,0.24054337632924258
3000,1.0,3000,56,54,20,5,5,True,ok,selected_multi_metric_xb_worsening_patience,sample_select_full_fit,4.753572489999897,1.5768327879995923,0.0,0.1472828469995875,6.330405277999489,6.4776881249990765,5,0.07527706075495254,0.19117096109463141,1.0,0.43296651783197426,0.38959809679239465,0.47035076281288035,0.24054337632924258
3000,1.0,3000,56,54,20,5,5,True,ok,selected_multi_metric_xb_worsening_patience,sample_select_project,4.753572489999897,0.0,0.002793904999634833,0.17675066300034814,4.756366394999532,4.93311705799988,5,0.07527706075495254,0.19117096109463133,1.0,0.43296651783197426,0.38959809679239465,0.47035076281288035,0.24054337632924258
