seed,n_samples,n_roots,embedding_dim,content_noise,tag_corruption,tag_source,variant,tag_weight,pca_components,corrupted_rows,boundary_count,hard_ari,hard_nmi,boundary_rate,unmatched_predicted_mass,membership_cosine,membership_js_divergence,membership_mae,membership_mse,dominant_1_accuracy,top_2_root_recall,boundary_membership_cosine,boundary_membership_js_divergence,boundary_membership_mae,boundary_membership_mse,boundary_dominant_1_accuracy,boundary_top_2_root_recall
42,600,10,64,0.05,0.0,none,content_only,0.0,32,0,211,0.6610557536918636,0.6800023537576231,0.3516666666666667,0.0,0.649835244253831,0.3281919998392016,0.13430113830352625,0.037124011931935326,0.8333333333333334,0.6491666666666667,0.6349208192842336,0.3212124902668689,0.13249016008704292,0.02739311034619289,0.6350710900473934,0.7061611374407583
42,600,10,64,0.05,0.0,observed,additive,0.25,32,0,211,0.7824157421647475,0.7927656317425754,0.3516666666666667,0.0,0.7690339747526274,0.27980351824495864,0.12060987659073724,0.02882240068367951,0.8983333333333333,0.7216666666666667,0.7141277075492459,0.2895932577263923,0.12337150794399086,0.02358363347454849,0.7298578199052133,0.8388625592417062
42,600,10,64,0.05,0.0,observed,concat,0.25,32,0,211,0.6111890613949409,0.6599476131560346,0.3516666666666667,0.0,0.6490523510760436,0.32798382919677255,0.13393517993775586,0.036980524675485515,0.7666666666666667,0.6158333333333333,0.6330077619425309,0.321846418576839,0.13252046257349664,0.027479079771746604,0.5829383886255924,0.6872037914691943
42,600,10,64,0.05,0.0,observed,same_pca_additive,0.25,32,0,211,0.7767003293188324,0.7869026542799976,0.3516666666666667,0.0,0.7583720029750801,0.2848269194409709,0.12214028130800345,0.029734465108548592,0.895,0.715,0.7084234249414522,0.29189014307648925,0.12403585963141454,0.023868672421854028,0.7251184834123223,0.8246445497630331
42,600,10,64,0.05,0.0,shuffled,additive,0.25,32,0,211,0.5099763441126565,0.5659226490872433,0.3516666666666667,0.0,0.6154019539636733,0.3391279864543089,0.13681385288663594,0.039008224713386976,0.7383333333333333,0.5966666666666667,0.6128091183004303,0.32834994656994904,0.13404204149235327,0.028356774553145545,0.5023696682464455,0.6137440758293838
42,600,10,64,0.05,0.0,oracle,additive,0.25,32,0,211,0.7882777438629084,0.7946346957434918,0.3516666666666667,0.0,0.7668043008819144,0.2808292949876794,0.12093113534621944,0.028977773823796862,0.9,0.7233333333333334,0.7110498587857172,0.2909167642588762,0.12377566598201527,0.0237404449747396,0.7345971563981043,0.8388625592417062
42,600,10,64,0.05,0.0,observed,additive,0.5,32,0,211,0.8359800731702574,0.841494382728441,0.3516666666666667,0.0,0.8328194522958632,0.2464388440938213,0.10978581973849619,0.02300834697146161,0.9233333333333333,0.7575,0.7628435747460348,0.2685981898788197,0.116827193839748,0.021017458859362008,0.7867298578199052,0.9004739336492891
42,600,10,64,0.05,0.0,observed,concat,0.5,32,0,211,0.662420023803971,0.7171715674131043,0.3516666666666667,0.0,0.6768914208351628,0.31370072834981805,0.12972948021864725,0.03476979155058723,0.7916666666666666,0.6216666666666667,0.6587371480599966,0.3103664353902272,0.12905510298501854,0.02619136905613878,0.6540284360189573,0.6990521327014217
42,600,10,64,0.05,0.0,observed,same_pca_additive,0.5,32,0,211,0.7263411137649929,0.7834117723820986,0.3516666666666667,0.0,0.7715750441830992,0.27170351089853817,0.11725107877863028,0.027550361998295206,0.8216666666666667,0.6633333333333333,0.7187007397360452,0.28559458665927023,0.1216380916506792,0.023123083957506344,0.7156398104265402,0.7535545023696683
42,600,10,64,0.05,0.0,shuffled,additive,0.5,32,0,211,0.233465917868143,0.30038501480830737,0.3516666666666667,0.0,0.5583198170993391,0.35747319334993566,0.140907210138727,0.04208686467577524,0.4683333333333333,0.465,0.5666047634992604,0.3436903890188961,0.13749166780165975,0.030436393693917183,0.2796208530805687,0.4218009478672986
42,600,10,64,0.05,0.0,oracle,additive,0.5,32,0,211,0.7250496480039622,0.7664361072705498,0.3516666666666667,0.0,0.7843082251204906,0.26498953154583016,0.11509174091898777,0.02638712951464486,0.8433333333333334,0.685,0.7324170959871721,0.2800732943142381,0.11998110468587163,0.022504190942576763,0.7014218009478673,0.7962085308056872
42,600,10,64,0.05,0.0,observed,additive,1.0,32,0,211,0.859072609193896,0.866830626507979,0.3516666666666667,0.0,0.8898817618335761,0.20483466613709583,0.09415220126295001,0.01594416562145347,0.935,0.7775,0.8132340455358472,0.24438508105396772,0.10867491540598269,0.018048043988293797,0.8151658767772512,0.9312796208530806
42,600,10,64,0.05,0.0,observed,concat,1.0,32,0,211,0.8943306972896735,0.9000948407572628,0.3516666666666667,0.0,0.866710564619296,0.22643317109294686,0.10290830541514974,0.019565274830492904,0.9516666666666667,0.7758333333333334,0.7945431681613626,0.2551892193339037,0.11270477766384474,0.019347341921590343,0.8625592417061612,0.933649289099526
42,600,10,64,0.05,0.0,observed,same_pca_additive,1.0,32,0,211,0.8700669574348119,0.8768655233777448,0.3516666666666667,0.0,0.8837291389515498,0.211425388715849,0.09690126636816429,0.017059621910732854,0.94,0.7741666666666667,0.8091589656348482,0.24645459156995667,0.10937487188443472,0.018306689995266925,0.8293838862559242,0.9218009478672986
42,600,10,64,0.05,0.0,shuffled,additive,1.0,32,0,211,0.00815089912673242,0.0439587964222685,0.3516666666666667,0.0,0.49121298310093237,0.37252848603508115,0.14347782686957655,0.04565075060795903,0.18166666666666667,0.37666666666666665,0.5047381005547806,0.3566653694260846,0.13961016123284914,0.03340243105727397,0.13270142180094788,0.34834123222748814
42,600,10,64,0.05,0.0,oracle,additive,1.0,32,0,211,0.8847225837885979,0.8853856926613823,0.3516666666666667,0.0,0.885855502147722,0.207807042198632,0.09535123099559928,0.016354858063996048,0.9466666666666667,0.7766666666666666,0.8055368059786494,0.24848646374097091,0.11012237775470654,0.018537698878528446,0.8483412322274881,0.9241706161137441
42,600,10,64,0.05,0.0,observed,additive,2.0,32,0,211,0.9013952264686569,0.9077928049244153,0.3516666666666667,0.0,0.9183917755773522,0.17127107220607177,0.07900797544073622,0.01090056038804526,0.955,0.7908333333333334,0.8451196424939647,0.22660601930603094,0.10216658063905454,0.01589402179895628,0.8720379146919431,0.9454976303317536
42,600,10,64,0.05,0.0,observed,concat,2.0,32,0,211,0.917928934992859,0.9235420588189516,0.3516666666666667,0.0,0.9188275348954104,0.17229210594866567,0.07974432772929853,0.010978781588601938,0.9633333333333334,0.7891666666666667,0.8461771326094013,0.2269411490774528,0.10252340065473156,0.015898244899725883,0.8957345971563981,0.9478672985781991
42,600,10,64,0.05,0.0,observed,same_pca_additive,2.0,32,0,211,0.8944682555812589,0.9018266907592491,0.3516666666666667,0.0,0.9173550998537829,0.17417410344943868,0.08051933079779097,0.011294008781093599,0.9516666666666667,0.785,0.8449016082764947,0.22667168335228083,0.10217107733112084,0.01590542857328518,0.8625592417061612,0.9478672985781991
42,600,10,64,0.05,0.0,shuffled,additive,2.0,32,0,211,-0.0018419625742065152,0.025587549757259628,0.3516666666666667,0.0,0.3537677808399472,0.41534776418836344,0.15242782588316206,0.05775425513685183,0.13333333333333333,0.29083333333333333,0.3737412142157272,0.39760928384596594,0.1489395157539216,0.04448084714698667,0.11848341232227488,0.2938388625592417
42,600,10,64,0.05,0.0,oracle,additive,2.0,32,0,211,0.895591090621677,0.8974494222687707,0.3516666666666667,0.0,0.9140375801469418,0.1754934933324078,0.08098071566505527,0.011422888363169313,0.9516666666666667,0.7858333333333334,0.8362484009847747,0.23198320890045093,0.10420744614649168,0.016524630563319053,0.8625592417061612,0.9360189573459715
42,600,10,64,0.05,0.5,none,content_only,0.0,32,320,211,0.6610557536918636,0.6800023537576231,0.3516666666666667,0.0,0.649835244253831,0.3281919998392016,0.13430113830352625,0.037124011931935326,0.8333333333333334,0.6491666666666667,0.6349208192842336,0.3212124902668689,0.13249016008704292,0.02739311034619289,0.6350710900473934,0.7061611374407583
42,600,10,64,0.05,0.5,observed,additive,0.25,32,320,211,0.7505366109152681,0.7606589024160731,0.3516666666666667,0.0,0.7423618441226282,0.29063998458366275,0.1235314177160339,0.030723858842343334,0.8816666666666667,0.705,0.6976219988508168,0.29605819718350185,0.12503311950197596,0.02436365854130484,0.7203791469194313,0.7890995260663507
42,600,10,64,0.05,0.5,observed,concat,0.25,32,320,211,0.7010957234251022,0.7150882985191027,0.3516666666666667,0.0,0.665478509763494,0.32206050933562486,0.1326488209006646,0.03614966757811238,0.855,0.6566666666666666,0.6471748898486863,0.31629724093847006,0.131082907985256,0.026818454423203974,0.6587677725118484,0.7037914691943128
42,600,10,64,0.05,0.5,observed,same_pca_additive,0.25,32,320,211,0.6484399565396803,0.6988988693475963,0.3516666666666667,0.0,0.6894892230299676,0.31054923730976736,0.1289214134422653,0.03406609540656347,0.7816666666666666,0.6266666666666667,0.6578620945959169,0.3107837934255516,0.1291193530223472,0.026223449800587387,0.6255924170616114,0.6824644549763034
42,600,10,64,0.05,0.5,shuffled,additive,0.25,32,320,211,0.510388535479143,0.570351274090687,0.3516666666666667,0.0,0.6150573246810318,0.33957907239813645,0.13695770919008285,0.0390381993924151,0.7383333333333333,0.5875,0.6138265273910025,0.3284185694581234,0.13414344054618693,0.028325484541902722,0.5071090047393365,0.6066350710900474
42,600,10,64,0.05,0.5,oracle,additive,0.25,32,320,211,0.7882777438629084,0.7946346957434918,0.3516666666666667,0.0,0.7668043008819144,0.2808292949876794,0.12093113534621944,0.028977773823796862,0.9,0.7233333333333334,0.7110498587857172,0.2909167642588762,0.12377566598201527,0.0237404449747396,0.7345971563981043,0.8388625592417062
42,600,10,64,0.05,0.5,observed,additive,0.5,32,320,211,0.7057467810359335,0.7271907106573632,0.3516666666666667,0.0,0.7841166510889097,0.26685425063748586,0.11531184558429634,0.02665167986529063,0.8566666666666667,0.725,0.7327089165275505,0.2800840284882665,0.11946157068443346,0.022427410935407625,0.7298578199052133,0.8175355450236966
42,600,10,64,0.05,0.5,observed,concat,0.5,32,320,211,0.5669943684848107,0.6425044280026717,0.3516666666666667,0.0,0.6472997056359256,0.3250130676190519,0.13261008873285043,0.03665678464836511,0.7266666666666667,0.6041666666666666,0.6391968391155967,0.3182661428887238,0.13126806562896912,0.027107925541726165,0.5687203791469194,0.6445497630331753
42,600,10,64,0.05,0.5,observed,same_pca_additive,0.5,32,320,211,0.7143818262013752,0.7360428834999914,0.3516666666666667,0.0,0.7784679333694076,0.27134352595878347,0.11701314933056264,0.0274788920636922,0.8616666666666667,0.7225,0.72964370124299,0.28161457553363245,0.12003332265694658,0.022615090277672497,0.7251184834123223,0.8127962085308057
42,600,10,64,0.05,0.5,shuffled,additive,0.5,32,320,211,0.26772805131074134,0.3390239390444657,0.3516666666666667,0.0,0.566554390437991,0.35534284140369665,0.14052170016296728,0.041679905450010164,0.5516666666666666,0.5,0.5763021036170547,0.3409294005174288,0.1369853098278489,0.02996556051781581,0.36492890995260663,0.471563981042654
42,600,10,64,0.05,0.5,oracle,additive,0.5,32,320,211,0.7250496480039622,0.7664361072705498,0.3516666666666667,0.0,0.7843082251204906,0.26498953154583016,0.11509174091898777,0.02638712951464486,0.8433333333333334,0.685,0.7324170959871721,0.2800732943142381,0.11998110468587163,0.022504190942576763,0.7014218009478673,0.7962085308056872
42,600,10,64,0.05,0.5,observed,additive,1.0,32,320,211,0.6226893592116349,0.6444897351952568,0.3516666666666667,0.0,0.8085785090448703,0.23964838386002493,0.10378210529556636,0.022329639260573478,0.81,0.7066666666666667,0.7621286942700666,0.2625600746467955,0.11223268845048685,0.020458818252895788,0.7203791469194313,0.7890995260663507
42,600,10,64,0.05,0.5,observed,concat,1.0,32,320,211,0.5157874025838239,0.5709429497986077,0.3516666666666667,0.0,0.733849950270352,0.27893452254469775,0.11635274378831299,0.028738778087683648,0.7133333333333334,0.6258333333333334,0.7020585101775173,0.29003782796933164,0.12089359846658233,0.023733058756391326,0.6587677725118484,0.7014218009478673
42,600,10,64,0.05,0.5,observed,same_pca_additive,1.0,32,320,211,0.6145172377049859,0.6359584173034036,0.3516666666666667,0.0,0.8095813872354627,0.24259014005155255,0.10529840886892078,0.022805785146476746,0.805,0.7033333333333334,0.7635616011793891,0.2622145977603831,0.11211713600249013,0.02038362709942793,0.7203791469194313,0.7843601895734598
42,600,10,64,0.05,0.5,shuffled,additive,1.0,32,320,211,0.009329055715263107,0.047231310919664024,0.3516666666666667,0.0,0.4777086679861597,0.3785700508427135,0.1450973324892462,0.04654244098705406,0.18,0.3875,0.5002884696379378,0.35950277903159966,0.14021874072527124,0.03363903068769656,0.14691943127962084,0.36018957345971564
42,600,10,64,0.05,0.5,oracle,additive,1.0,32,320,211,0.8847225837885979,0.8853856926613823,0.3516666666666667,0.0,0.885855502147722,0.207807042198632,0.09535123099559928,0.016354858063996048,0.9466666666666667,0.7766666666666666,0.8055368059786494,0.24848646374097091,0.11012237775470654,0.018537698878528446,0.8483412322274881,0.9241706161137441
42,600,10,64,0.05,0.5,observed,additive,2.0,32,320,211,0.5183618408005644,0.5698276135633363,0.3516666666666667,0.0,0.7639655315820678,0.2397466267186983,0.09938787881111934,0.02410846896165851,0.7116666666666667,0.6341666666666667,0.7375021431475951,0.26660930254963094,0.11245035583629788,0.021617330452462384,0.6445497630331753,0.7180094786729858
42,600,10,64,0.05,0.5,observed,concat,2.0,32,320,211,0.4973750975727553,0.5544571498978345,0.3516666666666667,0.0,0.7436608159021806,0.24854599033567165,0.10177273487220666,0.02572102380205696,0.7033333333333334,0.6075,0.7198517939826217,0.27382545718516155,0.11455993030490794,0.02273659569809015,0.6682464454976303,0.6943127962085308
42,600,10,64,0.05,0.5,observed,same_pca_additive,2.0,32,320,211,0.5116618561217418,0.5508404910229145,0.3516666666666667,0.0,0.7731105682306594,0.2363079029149848,0.09858439135020933,0.023170597289709726,0.715,0.64,0.7511935993735955,0.26032727216225304,0.1098872015037787,0.020798124245910134,0.6635071090047393,0.7298578199052133
42,600,10,64,0.05,0.5,shuffled,additive,2.0,32,320,211,-0.0018278205181511285,0.029853188387886496,0.3516666666666667,0.0,0.35798707160301624,0.4180948493482712,0.15266633906834617,0.057714664541648385,0.12833333333333333,0.2808333333333333,0.4036795643151081,0.3892791823164431,0.14628827712993153,0.04218635288461416,0.12322274881516587,0.28199052132701424
42,600,10,64,0.05,0.5,oracle,additive,2.0,32,320,211,0.895591090621677,0.8974494222687707,0.3516666666666667,0.0,0.9140375801469418,0.1754934933324078,0.08098071566505527,0.011422888363169313,0.9516666666666667,0.7858333333333334,0.8362484009847747,0.23198320890045093,0.10420744614649168,0.016524630563319053,0.8625592417061612,0.9360189573459715
42,600,10,64,0.05,1.0,none,content_only,0.0,32,472,211,0.6610557536918636,0.6800023537576231,0.3516666666666667,0.0,0.649835244253831,0.3281919998392016,0.13430113830352625,0.037124011931935326,0.8333333333333334,0.6491666666666667,0.6349208192842336,0.3212124902668689,0.13249016008704292,0.02739311034619289,0.6350710900473934,0.7061611374407583
42,600,10,64,0.05,1.0,observed,additive,0.25,32,472,211,0.67714920651101,0.6978427044349897,0.3516666666666667,0.0,0.717841871515692,0.30037742664074896,0.12626966439921014,0.03241341493217975,0.8416666666666667,0.6925,0.6808404947647582,0.3025577174720126,0.1268165411221472,0.02516679898050592,0.6208530805687204,0.7582938388625592
42,600,10,64,0.05,1.0,observed,concat,0.25,32,472,211,0.6730163169871808,0.6920545980656599,0.3516666666666667,0.0,0.6583222984771443,0.32480294585218084,0.13337120643380476,0.03658098311317977,0.84,0.66,0.6415610473837224,0.31854684518038384,0.13171175866773055,0.027086256896885392,0.6350710900473934,0.7085308056872038
42,600,10,64,0.05,1.0,observed,same_pca_additive,0.25,32,472,211,0.597866477715451,0.6501790828142558,0.3516666666666667,0.0,0.6719451069975463,0.3180196813453973,0.13094524164001928,0.03533968496702551,0.7516666666666667,0.6316666666666667,0.6505068776570883,0.3145218709083583,0.13009734940705986,0.026595119702566967,0.5781990521327014,0.6943127962085308
42,600,10,64,0.05,1.0,shuffled,additive,0.25,32,472,211,0.5091956367994384,0.5567995782148318,0.3516666666666667,0.0,0.61681525612767,0.3386193316234445,0.13677739214367093,0.038917967998330465,0.74,0.5925,0.6156567487658643,0.32713494894771716,0.13377707311356357,0.028218799224195765,0.4976303317535545,0.6137440758293838
42,600,10,64,0.05,1.0,oracle,additive,0.25,32,472,211,0.7882777438629084,0.7946346957434918,0.3516666666666667,0.0,0.7668043008819144,0.2808292949876794,0.12093113534621944,0.028977773823796862,0.9,0.7233333333333334,0.7110498587857172,0.2909167642588762,0.12377566598201527,0.0237404449747396,0.7345971563981043,0.8388625592417062
42,600,10,64,0.05,1.0,observed,additive,0.5,32,472,211,0.5028577973114138,0.5378994573603253,0.3516666666666667,0.0,0.7077765270449248,0.2973997300666244,0.12406136745941145,0.032118394380991316,0.69,0.6383333333333333,0.6825285735249265,0.29898748893314314,0.12480275158176915,0.024864395697187788,0.5165876777251185,0.6895734597156398
42,600,10,64,0.05,1.0,observed,concat,0.5,32,472,211,0.5738179261557906,0.633771810747446,0.3516666666666667,0.0,0.6525906159997132,0.3252356037167632,0.13275940046882845,0.03646391765985604,0.735,0.6183333333333333,0.6378441837877491,0.3198674534251186,0.1317238780370468,0.027220043981647037,0.5402843601895735,0.6611374407582938
42,600,10,64,0.05,1.0,observed,same_pca_additive,0.5,32,472,211,0.5321777550866993,0.5597248421517654,0.3516666666666667,0.0,0.6979591669832014,0.30348054688217146,0.12603446766199553,0.03312782186676972,0.7266666666666667,0.6441666666666667,0.6790298591201174,0.3012653282067757,0.12569002361405104,0.025106585686740648,0.5592417061611374,0.6966824644549763
42,600,10,64,0.05,1.0,shuffled,additive,0.5,32,472,211,0.271090170249109,0.34355674192881397,0.3516666666666667,0.0,0.5800059412842317,0.35005718091697724,0.13928511438117797,0.0408776281323683,0.565,0.5166666666666667,0.586022748282888,0.33568087185942164,0.1354254592957325,0.0294782921668547,0.3459715639810427,0.5023696682464455
42,600,10,64,0.05,1.0,oracle,additive,0.5,32,472,211,0.7250496480039622,0.7664361072705498,0.3516666666666667,0.0,0.7843082251204906,0.26498953154583016,0.11509174091898777,0.02638712951464486,0.8433333333333334,0.685,0.7324170959871721,0.2800732943142381,0.11998110468587163,0.022504190942576763,0.7014218009478673,0.7962085308056872
42,600,10,64,0.05,1.0,observed,additive,1.0,32,472,211,0.30306535332547774,0.36766961348845006,0.3516666666666667,0.0,0.6663733326800456,0.298582112104952,0.12049826458500712,0.032618138747501794,0.5416666666666666,0.5383333333333333,0.6714263187229342,0.2974626213106127,0.1217598660736081,0.025005270290916218,0.4928909952606635,0.6066350710900474
42,600,10,64,0.05,1.0,observed,concat,1.0,32,472,211,0.28558951545552863,0.3788072372453438,0.3516666666666667,0.0,0.6254789576075196,0.3206281800972287,0.12727397095171736,0.03573851789211707,0.515,0.4875,0.6262086470232173,0.31821324236397447,0.12784818687839608,0.02737674838300657,0.47393364928909953,0.5165876777251185
42,600,10,64,0.05,1.0,observed,same_pca_additive,1.0,32,472,211,0.32986337302610197,0.3850458097369023,0.3516666666666667,0.0,0.7155386060590371,0.2834247545046559,0.11734598118458144,0.030018382896457942,0.59,0.6116666666666667,0.7045891587286568,0.2856364633164649,0.11846340136128077,0.02334776963026878,0.5118483412322274,0.6492890995260664
42,600,10,64,0.05,1.0,shuffled,additive,1.0,32,472,211,0.025267677368538875,0.0816913901812861,0.3516666666666667,0.0,0.4681594106435049,0.38351390982994055,0.146293529143541,0.047216752829210104,0.19833333333333333,0.3475,0.49863383309154014,0.36116608661181077,0.14084538108383277,0.033959051663690336,0.1848341232227488,0.34834123222748814
42,600,10,64,0.05,1.0,oracle,additive,1.0,32,472,211,0.8847225837885979,0.8853856926613823,0.3516666666666667,0.0,0.885855502147722,0.207807042198632,0.09535123099559928,0.016354858063996048,0.9466666666666667,0.7766666666666666,0.8055368059786494,0.24848646374097091,0.11012237775470654,0.018537698878528446,0.8483412322274881,0.9241706161137441
42,600,10,64,0.05,1.0,observed,additive,2.0,32,472,211,0.2833613859194469,0.3748592912102196,0.3516666666666667,0.0,0.6589455220385442,0.2834819327488447,0.11264975935431615,0.03278235289113529,0.5483333333333333,0.5675,0.6680236608170436,0.29009805304859904,0.11878200284844961,0.025573108659138602,0.4834123222748815,0.5995260663507109
42,600,10,64,0.05,1.0,observed,concat,2.0,32,472,211,0.2791844318704398,0.36055076951518805,0.3516666666666667,0.0,0.6180968385447637,0.3064199671953337,0.11861622524774873,0.03593078368250654,0.5283333333333333,0.4608333333333333,0.6175725158680184,0.3135919199954291,0.12472836060291163,0.0286359679962648,0.45023696682464454,0.5
42,600,10,64,0.05,1.0,observed,same_pca_additive,2.0,32,472,211,0.27825315830814445,0.3513718932757068,0.3516666666666667,0.0,0.684422458484124,0.27473259542845163,0.11034722640357882,0.030686005487899223,0.5566666666666666,0.5716666666666667,0.6926976032353913,0.2797130079748739,0.11439272281704128,0.023890253124170344,0.4928909952606635,0.6279620853080569
42,600,10,64,0.05,1.0,shuffled,additive,2.0,32,472,211,0.008523507485370051,0.05111679167212348,0.3516666666666667,0.0,0.3604865045536732,0.4208706911272081,0.15400979714184146,0.057184981128317665,0.145,0.2625,0.3756355175210606,0.4048951915285728,0.15153990371352802,0.04416348332722404,0.08530805687203792,0.23696682464454977
42,600,10,64,0.05,1.0,oracle,additive,2.0,32,472,211,0.895591090621677,0.8974494222687707,0.3516666666666667,0.0,0.9140375801469418,0.1754934933324078,0.08098071566505527,0.011422888363169313,0.9516666666666667,0.7858333333333334,0.8362484009847747,0.23198320890045093,0.10420744614649168,0.016524630563319053,0.8625592417061612,0.9360189573459715
42,600,10,64,0.05,1.5,none,content_only,0.0,32,550,211,0.6610557536918636,0.6800023537576231,0.3516666666666667,0.0,0.649835244253831,0.3281919998392016,0.13430113830352625,0.037124011931935326,0.8333333333333334,0.6491666666666667,0.6349208192842336,0.3212124902668689,0.13249016008704292,0.02739311034619289,0.6350710900473934,0.7061611374407583
42,600,10,64,0.05,1.5,observed,additive,0.25,32,550,211,0.6389206070358084,0.6619712496243579,0.3516666666666667,0.0,0.6823898100360145,0.31303841335667354,0.12982938109644188,0.0346449386477056,0.82,0.6691666666666667,0.6614184457418237,0.3099689041636709,0.12901550506408477,0.026083377468756032,0.6303317535545023,0.7203791469194313
42,600,10,64,0.05,1.5,observed,concat,0.25,32,550,211,0.6009814509965035,0.6428565464320398,0.3516666666666667,0.0,0.6328588250549304,0.3333326616746981,0.13553648955471778,0.03805758094838752,0.7933333333333333,0.6241666666666666,0.6281064508986746,0.32339189898828874,0.13298760566166754,0.027690004080564882,0.5687203791469194,0.6611374407582938
42,600,10,64,0.05,1.5,observed,same_pca_additive,0.25,32,550,211,0.6330164848652218,0.6599570875412724,0.3516666666666667,0.0,0.6710544294448677,0.3185637468258263,0.1314951299828165,0.035617675939865305,0.8166666666666667,0.6633333333333333,0.6551610977735184,0.3125967519372697,0.12983714981246838,0.02640342022390411,0.6066350710900474,0.7132701421800948
42,600,10,64,0.05,1.5,shuffled,additive,0.25,32,550,211,0.5333391824005645,0.5950686137293031,0.3516666666666667,0.0,0.616840142695392,0.33914259514507195,0.1368708282960811,0.038995965086426984,0.7516666666666667,0.5966666666666667,0.6170000504472611,0.3275106186461294,0.1340199459240396,0.02819426919400104,0.5213270142180095,0.6137440758293838
42,600,10,64,0.05,1.5,oracle,additive,0.25,32,550,211,0.7882777438629084,0.7946346957434918,0.3516666666666667,0.0,0.7668043008819144,0.2808292949876794,0.12093113534621944,0.028977773823796862,0.9,0.7233333333333334,0.7110498587857172,0.2909167642588762,0.12377566598201527,0.0237404449747396,0.7345971563981043,0.8388625592417062
42,600,10,64,0.05,1.5,observed,additive,0.5,32,550,211,0.4847760544066008,0.5369339341925482,0.3516666666666667,0.0,0.6700514733415425,0.3132699060894926,0.12870471783147444,0.03457513970181003,0.6633333333333333,0.6033333333333334,0.6523431293547263,0.31155429162535314,0.128674750371924,0.026336282293231903,0.5118483412322274,0.6279620853080569
42,600,10,64,0.05,1.5,observed,concat,0.5,32,550,211,0.5566227104069659,0.6118851929886462,0.3516666666666667,0.0,0.6451505483429126,0.3280812130861429,0.13389738147907015,0.03706645409917217,0.7666666666666667,0.6308333333333334,0.6352997254636805,0.32093815890208865,0.13235548678771025,0.027357820080131195,0.5876777251184834,0.6587677725118484
42,600,10,64,0.05,1.5,observed,same_pca_additive,0.5,32,550,211,0.495282677776314,0.533507089878686,0.3516666666666667,0.0,0.6481312476758951,0.3243873327480903,0.1324158036846353,0.0366480983341662,0.7066666666666667,0.6116666666666667,0.6450438339936133,0.31499704607181317,0.12999140301223286,0.026764739498740527,0.5260663507109005,0.6421800947867299
42,600,10,64,0.05,1.5,shuffled,additive,0.5,32,550,211,0.28286468596073416,0.3648917574682494,0.3516666666666667,0.0,0.5792539518801517,0.35132815983951154,0.13949516714583574,0.04107954518371001,0.5566666666666666,0.5233333333333333,0.5923283135191855,0.33546148792393793,0.13579148448503695,0.029274280318284926,0.3981042654028436,0.523696682464455
42,600,10,64,0.05,1.5,oracle,additive,0.5,32,550,211,0.7250496480039622,0.7664361072705498,0.3516666666666667,0.0,0.7843082251204906,0.26498953154583016,0.11509174091898777,0.02638712951464486,0.8433333333333334,0.685,0.7324170959871721,0.2800732943142381,0.11998110468587163,0.022504190942576763,0.7014218009478673,0.7962085308056872
42,600,10,64,0.05,1.5,observed,additive,1.0,32,550,211,0.2142112472462812,0.30251370043852954,0.3516666666666667,0.0,0.6275836234632926,0.3168220607307088,0.12672476020731885,0.03549173349783312,0.47,0.475,0.6325039946331028,0.31425396526897764,0.12726445007576997,0.026882003647195604,0.4549763033175355,0.5308056872037915
42,600,10,64,0.05,1.5,observed,concat,1.0,32,550,211,0.15582091852787688,0.25448083696029355,0.3516666666666667,0.0,0.5262396109152141,0.3637968224165383,0.13973935008397984,0.042775926052735246,0.36833333333333335,0.38166666666666665,0.549125420478111,0.34954417754808076,0.1373800787932498,0.031015611307023884,0.3175355450236967,0.4004739336492891
42,600,10,64,0.05,1.5,observed,same_pca_additive,1.0,32,550,211,0.1872168924040481,0.27133846863454586,0.3516666666666667,0.0,0.5682418054725538,0.3477961712173265,0.13631681555822672,0.0401633020452146,0.4166666666666667,0.45666666666666667,0.5868095030887773,0.33480660279923113,0.13422111552173052,0.02921794530420363,0.3696682464454976,0.48104265402843605
42,600,10,64,0.05,1.5,shuffled,additive,1.0,32,550,211,0.030673290686494506,0.0903200192940819,0.3516666666666667,0.0,0.46018759137346177,0.3910497618370811,0.1478310240430512,0.04784162575975164,0.23333333333333334,0.3258333333333333,0.4975568887243827,0.36733584973138084,0.14277075717483825,0.03384625895503946,0.20853080568720378,0.3080568720379147
42,600,10,64,0.05,1.5,oracle,additive,1.0,32,550,211,0.8847225837885979,0.8853856926613823,0.3516666666666667,0.0,0.885855502147722,0.207807042198632,0.09535123099559928,0.016354858063996048,0.9466666666666667,0.7766666666666666,0.8055368059786494,0.24848646374097091,0.11012237775470654,0.018537698878528446,0.8483412322274881,0.9241706161137441
42,600,10,64,0.05,1.5,observed,additive,2.0,32,550,211,0.19644807945749032,0.29613504099885646,0.3516666666666667,0.0,0.5811433718080017,0.32430137676521137,0.1255849532428139,0.038620820975802085,0.4716666666666667,0.43666666666666665,0.6044367075881906,0.3179788692743378,0.12640916856628762,0.02876083566077046,0.45023696682464454,0.4881516587677725
42,600,10,64,0.05,1.5,observed,concat,2.0,32,550,211,0.17885534116500051,0.29640536037644116,0.3516666666666667,0.0,0.5332869794072356,0.3451030704241842,0.13082782787302374,0.04251859909951633,0.4216666666666667,0.39916666666666667,0.5499248211237492,0.3404987496734109,0.13255940195772392,0.03205972964079697,0.3933649289099526,0.4194312796208531
42,600,10,64,0.05,1.5,observed,same_pca_additive,2.0,32,550,211,0.15123954186489183,0.25160856657352887,0.3516666666666667,0.0,0.5614574866937239,0.33567276536595725,0.12934710098364902,0.03961870641722473,0.40166666666666667,0.41833333333333333,0.5884315439280254,0.325305035393501,0.12785505655501886,0.02932025388542147,0.3744075829383886,0.45734597156398105
42,600,10,64,0.05,1.5,shuffled,additive,2.0,32,550,211,0.01832069350301819,0.05751437979643601,0.3516666666666667,0.0,0.3795489588982451,0.4156093515074298,0.1523632883383403,0.055021547516826246,0.18333333333333332,0.2816666666666667,0.42822397771403753,0.38709696677757544,0.1454648687003224,0.03981524000666343,0.18009478672985782,0.2772511848341232
42,600,10,64,0.05,1.5,oracle,additive,2.0,32,550,211,0.895591090621677,0.8974494222687707,0.3516666666666667,0.0,0.9140375801469418,0.1754934933324078,0.08098071566505527,0.011422888363169313,0.9516666666666667,0.7858333333333334,0.8362484009847747,0.23198320890045093,0.10420744614649168,0.016524630563319053,0.8625592417061612,0.9360189573459715
42,600,10,64,0.05,2.0,none,content_only,0.0,32,581,211,0.6610557536918636,0.6800023537576231,0.3516666666666667,0.0,0.649835244253831,0.3281919998392016,0.13430113830352625,0.037124011931935326,0.8333333333333334,0.6491666666666667,0.6349208192842336,0.3212124902668689,0.13249016008704292,0.02739311034619289,0.6350710900473934,0.7061611374407583
42,600,10,64,0.05,2.0,observed,additive,0.25,32,581,211,0.5770945983805694,0.6085311317150164,0.3516666666666667,0.0,0.6545231455358848,0.32498839199345747,0.13288949214465196,0.03654785976078232,0.7516666666666667,0.6216666666666667,0.6408044662676589,0.31822487936911004,0.13146363737929467,0.027076633956492048,0.5592417061611374,0.6895734597156398
42,600,10,64,0.05,2.0,observed,concat,0.25,32,581,211,0.5299084168988548,0.6051275898377977,0.3516666666666667,0.0,0.5974115075107792,0.3457658556470347,0.13844765828337716,0.040115395493671824,0.6633333333333333,0.5566666666666666,0.6055080068024083,0.33176036191289543,0.1350775358005992,0.028723955865704375,0.5023696682464455,0.5758293838862559
42,600,10,64,0.05,2.0,observed,same_pca_additive,0.25,32,581,211,0.6365107069040572,0.6545315109839415,0.3516666666666667,0.0,0.6520580244980873,0.32718160364358384,0.13392503970980785,0.036990505179883185,0.8183333333333334,0.6475,0.6396850401406114,0.31906440361068356,0.13177784539868198,0.027134781561531877,0.5829383886255924,0.6824644549763034
42,600,10,64,0.05,2.0,shuffled,additive,0.25,32,581,211,0.5705691103141329,0.6091275556918184,0.3516666666666667,0.0,0.6227213412221935,0.33703199955988694,0.1364418265197738,0.03862112665951348,0.78,0.6158333333333333,0.6192265231236745,0.3263775434657722,0.13375778533754293,0.02807721022952091,0.5450236966824644,0.6492890995260664
42,600,10,64,0.05,2.0,oracle,additive,0.25,32,581,211,0.7882777438629084,0.7946346957434918,0.3516666666666667,0.0,0.7668043008819144,0.2808292949876794,0.12093113534621944,0.028977773823796862,0.9,0.7233333333333334,0.7110498587857172,0.2909167642588762,0.12377566598201527,0.0237404449747396,0.7345971563981043,0.8388625592417062
42,600,10,64,0.05,2.0,observed,additive,0.5,32,581,211,0.4665749609101537,0.5042893106869791,0.3516666666666667,0.0,0.6648938627507446,0.318093390514971,0.13036162684045163,0.035419162464988434,0.6866666666666666,0.6008333333333333,0.645627352589259,0.31462314514682954,0.12985098559484087,0.02666784849398344,0.4976303317535545,0.6232227488151659
42,600,10,64,0.05,2.0,observed,concat,0.5,32,581,211,0.48844285166583945,0.5597618031278396,0.3516666666666667,0.0,0.6379161588000325,0.3323399605048738,0.1351386991293476,0.03775936890814527,0.7016666666666667,0.6216666666666667,0.6298537000604495,0.323322286592922,0.1329864858790571,0.027616697809626882,0.4976303317535545,0.6492890995260664
42,600,10,64,0.05,2.0,observed,same_pca_additive,0.5,32,581,211,0.3287765063920343,0.40782479614322664,0.3516666666666667,0.0,0.5387036721094247,0.36835688144205664,0.14372482109180498,0.043452635437207884,0.4816666666666667,0.5208333333333334,0.5733632730065682,0.34446578033841957,0.13857833763763547,0.030152175634829706,0.4075829383886256,0.5545023696682464
42,600,10,64,0.05,2.0,shuffled,additive,0.5,32,581,211,0.3440380145487177,0.41254724699089995,0.3516666666666667,0.0,0.5876758950721718,0.3484686600649758,0.13901881357098922,0.040540277351952286,0.625,0.5408333333333334,0.5956072673923427,0.33364147135187466,0.1352968822893927,0.02906989904839635,0.4075829383886256,0.5450236966824644
42,600,10,64,0.05,2.0,oracle,additive,0.5,32,581,211,0.7250496480039622,0.7664361072705498,0.3516666666666667,0.0,0.7843082251204906,0.26498953154583016,0.11509174091898777,0.02638712951464486,0.8433333333333334,0.685,0.7324170959871721,0.2800732943142381,0.11998110468587163,0.022504190942576763,0.7014218009478673,0.7962085308056872
42,600,10,64,0.05,2.0,observed,additive,1.0,32,581,211,0.13734039849814317,0.23063171650418754,0.3516666666666667,0.0,0.5590479924219675,0.34834131397289114,0.13557177628175152,0.04051123474786469,0.39,0.4033333333333333,0.5744760288837228,0.33681291910507083,0.13401979378699216,0.029771659313235173,0.3412322274881517,0.44075829383886256
42,600,10,64,0.05,2.0,observed,concat,1.0,32,581,211,0.12546406810613925,0.22688249575383435,0.3516666666666667,0.0,0.4874344237154615,0.3807754354895883,0.14413732735401596,0.04528514887833608,0.35833333333333334,0.3475,0.5184388935122117,0.36226832438210377,0.14090298671018028,0.032541799347178324,0.3080568720379147,0.34834123222748814
42,600,10,64,0.05,2.0,observed,same_pca_additive,1.0,32,581,211,0.1270024472260552,0.18611654443347575,0.3516666666666667,0.0,0.4855662756906541,0.3859219884052653,0.14680550291121933,0.045929389980967815,0.31166666666666665,0.3416666666666667,0.5288433661517763,0.3609487340431216,0.14212215227969202,0.032014738983207836,0.27488151658767773,0.35071090047393366
42,600,10,64,0.05,2.0,shuffled,additive,1.0,32,581,211,0.03544110719750661,0.08768753036191383,0.3516666666666667,0.0,0.4382387597085679,0.399519152326458,0.15020260641751826,0.049312952421224,0.21166666666666667,0.32666666666666666,0.49311435693890004,0.3673940374538558,0.14276824638341631,0.03406013983726253,0.14691943127962084,0.3246445497630332
42,600,10,64,0.05,2.0,oracle,additive,1.0,32,581,211,0.8847225837885979,0.8853856926613823,0.3516666666666667,0.0,0.885855502147722,0.207807042198632,0.09535123099559928,0.016354858063996048,0.9466666666666667,0.7766666666666666,0.8055368059786494,0.24848646374097091,0.11012237775470654,0.018537698878528446,0.8483412322274881,0.9241706161137441
42,600,10,64,0.05,2.0,observed,additive,2.0,32,581,211,0.09064737217760112,0.17430597940585588,0.3516666666666667,0.0,0.4870341815773012,0.37208716231667327,0.13931065383269378,0.04574724976623581,0.315,0.35083333333333333,0.5235956218464084,0.3547344923505921,0.13729281917358993,0.033044266048553185,0.2843601895734597,0.3957345971563981
42,600,10,64,0.05,2.0,observed,concat,2.0,32,581,211,0.12390285419200463,0.22461682197884228,0.3516666666666667,0.0,0.465377622209711,0.37976899360125976,0.14063441846133823,0.04771006050593526,0.37,0.3358333333333333,0.48944988730374106,0.3681758886910661,0.14002601353879252,0.03521092323089736,0.2890995260663507,0.33886255924170616
42,600,10,64,0.05,2.0,observed,same_pca_additive,2.0,32,581,211,0.07135742685650702,0.15718980015533932,0.3516666666666667,0.0,0.5221224877964621,0.355960618317871,0.13582150869277954,0.04306120233937523,0.31666666666666665,0.37,0.5343934122201475,0.34717533484685015,0.13465872524547254,0.03225884259489059,0.24644549763033174,0.37203791469194314
42,600,10,64,0.05,2.0,shuffled,additive,2.0,32,581,211,0.025477316555339295,0.06353331569269625,0.3516666666666667,0.0,0.3751180016966811,0.418126575624339,0.15276008488836626,0.05558627594537736,0.18,0.2833333333333333,0.4275193286091909,0.38581096663522924,0.1447196234485289,0.03980711394643559,0.14691943127962084,0.2890995260663507
42,600,10,64,0.05,2.0,oracle,additive,2.0,32,581,211,0.895591090621677,0.8974494222687707,0.3516666666666667,0.0,0.9140375801469418,0.1754934933324078,0.08098071566505527,0.011422888363169313,0.9516666666666667,0.7858333333333334,0.8362484009847747,0.23198320890045093,0.10420744614649168,0.016524630563319053,0.8625592417061612,0.9360189573459715
42,600,10,64,0.1,0.0,none,content_only,0.0,32,0,211,0.5470022470806312,0.5947090798494488,0.3516666666666667,0.0,0.6021865714573511,0.34556264785564567,0.13870229424880615,0.03999150286328808,0.7616666666666667,0.5983333333333334,0.606443357243842,0.33213141834669174,0.13545761766977474,0.028693825548186315,0.5355450236966824,0.6113744075829384
42,600,10,64,0.1,0.0,observed,additive,0.25,32,0,211,0.7491833135934147,0.7618706986640548,0.3516666666666667,0.0,0.7405314376070394,0.2925816431492393,0.12439767422426046,0.031092483074888346,0.88,0.7083333333333334,0.6976449729693424,0.29624815074714755,0.1253176202622772,0.024389629271634367,0.6919431279620853,0.8151658767772512
42,600,10,64,0.1,0.0,observed,concat,0.25,32,0,211,0.6020228076622952,0.6456217707996865,0.3516666666666667,0.0,0.6274698806052132,0.33576929677260836,0.13618170612224875,0.03847836538236355,0.795,0.6366666666666667,0.6271686381699586,0.3238355608214249,0.13314373988909323,0.027731792198587762,0.5687203791469194,0.6777251184834123
42,600,10,64,0.1,0.0,observed,same_pca_additive,0.25,32,0,211,0.62986305282367,0.6848300124958772,0.3516666666666667,0.0,0.6794661213901328,0.3148287545790821,0.13005777996198017,0.03488892391607403,0.7716666666666666,0.6325,0.6593957819430283,0.3107542526748915,0.12917056901136711,0.02620005918788006,0.6161137440758294,0.7014218009478673
42,600,10,64,0.1,0.0,shuffled,additive,0.25,32,0,211,0.4510060416781224,0.5161812275486888,0.3516666666666667,0.0,0.5873052807161324,0.3500667887136406,0.13962708236566485,0.04076685460621897,0.7016666666666667,0.5683333333333334,0.5951047344504514,0.33546472924814197,0.1360490888339179,0.029184664607287417,0.4549763033175355,0.5521327014218009
42,600,10,64,0.1,0.0,oracle,additive,0.25,32,0,211,0.7456563798960779,0.7602231372505389,0.3516666666666667,0.0,0.7381931758109677,0.2935340213604084,0.12468294398814068,0.031234553129616247,0.8783333333333333,0.7025,0.6945605224245355,0.29753822827021137,0.12570924525098373,0.02454354603207569,0.6872037914691943,0.8104265402843602
42,600,10,64,0.1,0.0,observed,additive,0.5,32,0,211,0.808619917536022,0.8187596684933905,0.3516666666666667,0.0,0.8146457613404099,0.2570951341025044,0.11335359132922897,0.024925726564875447,0.91,0.7466666666666667,0.7514557264746694,0.27351365449320875,0.11834419269213999,0.021620374108022793,0.7535545023696683,0.8886255924170616
42,600,10,64,0.1,0.0,observed,concat,0.5,32,0,211,0.666552098716245,0.702398401581842,0.3516666666666667,0.0,0.6920680267764936,0.31087802603860676,0.12928413709704964,0.034317423800513155,0.8,0.6608333333333334,0.6741283432747481,0.30552437104720465,0.12804313927492242,0.02556312334831388,0.6540284360189573,0.7843601895734598
42,600,10,64,0.1,0.0,observed,same_pca_additive,0.5,32,0,211,0.8121543018547642,0.8220876840928073,0.3516666666666667,0.0,0.7988779167431918,0.26570826565797306,0.11617351364197645,0.02648915118190268,0.9116666666666666,0.7408333333333333,0.7420766036661771,0.2774941289721873,0.11956215397337179,0.02211952531695046,0.7630331753554502,0.8791469194312796
42,600,10,64,0.1,0.0,shuffled,additive,0.5,32,0,211,0.187507340305014,0.26565699507125046,0.3516666666666667,0.0,0.5463210538225343,0.36217766862905826,0.142080702622834,0.042866633119087075,0.4816666666666667,0.45666666666666667,0.5634542491493076,0.3446635190810551,0.13776744143763056,0.030527924260587827,0.2938388625592417,0.42890995260663506
42,600,10,64,0.1,0.0,oracle,additive,0.5,32,0,211,0.8234871204013866,0.8289277521374188,0.3516666666666667,0.0,0.8112232530788862,0.25881539572674994,0.11392220151775677,0.025185272710548438,0.9166666666666666,0.7416666666666667,0.7464659651253787,0.27576482360980575,0.11907707272552298,0.02189446953548727,0.7677725118483413,0.8791469194312796
42,600,10,64,0.1,0.0,observed,additive,1.0,32,0,211,0.743213732534214,0.7990455152267971,0.3516666666666667,0.0,0.8254303897837165,0.23468721990419272,0.10390538605829416,0.02136009534975028,0.8333333333333334,0.6908333333333333,0.7647778083307177,0.2638711062565682,0.11435941533190129,0.020484309411344482,0.7345971563981043,0.7962085308056872
42,600,10,64,0.1,0.0,observed,concat,1.0,32,0,211,0.89506963722325,0.900261955400054,0.3516666666666667,0.0,0.8587496044739479,0.2328180934961933,0.10527866602795355,0.020719412484820784,0.9516666666666667,0.7775,0.7902007093333884,0.25729745698088446,0.11341219602210363,0.019601935660042372,0.8625592417061612,0.9383886255924171
42,600,10,64,0.1,0.0,observed,same_pca_additive,1.0,32,0,211,0.7450008109309365,0.7931077090723468,0.3516666666666667,0.0,0.8077473489474265,0.24696565677422677,0.10818892747221812,0.023318413330555305,0.83,0.685,0.7516096754406686,0.26950431238177824,0.11608357166923117,0.021254820863129235,0.7109004739336493,0.7867298578199052
42,600,10,64,0.1,0.0,shuffled,additive,1.0,32,0,211,0.00463948268381204,0.038065112932894184,0.3516666666666667,0.0,0.47629798583797056,0.3785912735318105,0.1449897595671452,0.04661492455356276,0.16,0.36,0.492857520000591,0.3613981931376262,0.14088750154291202,0.03400853896283145,0.12796208530805686,0.32701421800947866
42,600,10,64,0.1,0.0,oracle,additive,1.0,32,0,211,0.8679551684357115,0.87025743406343,0.3516666666666667,0.0,0.8784962800480135,0.21476409644526911,0.09813203879215537,0.017546695396266805,0.9383333333333334,0.7741666666666667,0.8001826062982794,0.2509941474353503,0.11095051781527006,0.01885286912643514,0.8246445497630331,0.9265402843601895
42,600,10,64,0.1,0.0,observed,additive,2.0,32,0,211,0.756413388472364,0.7992123591526032,0.3516666666666667,0.0,0.8529508129927755,0.20425202887103125,0.09063818880414334,0.016968192315794318,0.8416666666666667,0.7008333333333333,0.8070052751298508,0.2416677975909412,0.1067556721361928,0.017909917508343937,0.7772511848341233,0.8246445497630331
42,600,10,64,0.1,0.0,observed,concat,2.0,32,0,211,0.8999861877855414,0.907535013365295,0.3516666666666667,0.0,0.9176116445254595,0.17501767107612404,0.08112631360128607,0.011350883808995908,0.955,0.7883333333333333,0.8451843833956515,0.22755768409347701,0.102758361241069,0.015971125008671712,0.8720379146919431,0.9478672985781991
42,600,10,64,0.1,0.0,observed,same_pca_additive,2.0,32,0,211,0.7597384433498929,0.8074113212848367,0.3516666666666667,0.0,0.8522645316064271,0.20694519418479318,0.09195061996473332,0.017035802360061567,0.8216666666666667,0.7025,0.7935086407942221,0.24800959793505492,0.10856920912089565,0.01866328487201901,0.7203791469194313,0.8033175355450237
42,600,10,64,0.1,0.0,shuffled,additive,2.0,32,0,211,-0.0009376315967200772,0.02765490625003923,0.3516666666666667,0.0,0.348443052417586,0.4199417301340973,0.15280950865613624,0.058056443119592786,0.13833333333333334,0.25416666666666665,0.37234615539287896,0.40022401590510787,0.14884948941747164,0.04459599253355013,0.11848341232227488,0.26303317535545023
42,600,10,64,0.1,0.0,oracle,additive,2.0,32,0,211,0.8881493346121998,0.8910542482131583,0.3516666666666667,0.0,0.9122313647506402,0.1786314632358339,0.08251816303323366,0.011856226438538347,0.9483333333333334,0.7833333333333333,0.8342332152397592,0.23306302578570615,0.10459465425766505,0.016660189770482968,0.8530805687203792,0.9407582938388626
42,600,10,64,0.1,0.5,none,content_only,0.0,32,320,211,0.5470022470806312,0.5947090798494488,0.3516666666666667,0.0,0.6021865714573511,0.34556264785564567,0.13870229424880615,0.03999150286328808,0.7616666666666667,0.5983333333333334,0.606443357243842,0.33213141834669174,0.13545761766977474,0.028693825548186315,0.5355450236966824,0.6113744075829384
42,600,10,64,0.1,0.5,observed,additive,0.25,32,320,211,0.7122289852728403,0.7263263130565917,0.3516666666666667,0.0,0.7125628529847957,0.3034180164157589,0.12721327678445074,0.03295783358255581,0.8616666666666667,0.685,0.6806252565318666,0.3029182062844062,0.12703345726113735,0.0251895519689858,0.6872037914691943,0.7511848341232228
42,600,10,64,0.1,0.5,observed,concat,0.25,32,320,211,0.5745812589618863,0.6203821356739904,0.3516666666666667,0.0,0.616273967151238,0.3400118740454528,0.13725787180403234,0.03915480994976429,0.7766666666666666,0.6216666666666667,0.6188200321164073,0.3271373827580037,0.13404413616060784,0.028117222918907746,0.5592417061611374,0.6492890995260664
42,600,10,64,0.1,0.5,observed,same_pca_additive,0.25,32,320,211,0.6268368797921673,0.6728640562595823,0.3516666666666667,0.0,0.669524872375267,0.31893152650959555,0.13145628533037457,0.03570764535693004,0.7916666666666666,0.6416666666666667,0.6525005675336131,0.31331761937416835,0.1299478979843955,0.026508706872118395,0.6066350710900474,0.6919431279620853
42,600,10,64,0.1,0.5,shuffled,additive,0.25,32,320,211,0.41336872696338284,0.4859601844214617,0.3516666666666667,0.0,0.5575302581565607,0.36101063404403294,0.14217075623266323,0.042417734123542626,0.6466666666666666,0.5266666666666666,0.574918576325058,0.3436101835693365,0.13822328288080574,0.030122644582807973,0.44075829383886256,0.5284360189573459
42,600,10,64,0.1,0.5,oracle,additive,0.25,32,320,211,0.7456563798960779,0.7602231372505389,0.3516666666666667,0.0,0.7381931758109677,0.2935340213604084,0.12468294398814068,0.031234553129616247,0.8783333333333333,0.7025,0.6945605224245355,0.29753822827021137,0.12570924525098373,0.02454354603207569,0.6872037914691943,0.8104265402843602
42,600,10,64,0.1,0.5,observed,additive,0.5,32,320,211,0.6842922826705478,0.7084370282749566,0.3516666666666667,0.0,0.7641794778271592,0.27727885845212163,0.11864407114552653,0.02848008179965258,0.845,0.705,0.7208383454476116,0.28524584826562577,0.12108262540121004,0.023050001601471956,0.7109004739336493,0.7819905213270142
42,600,10,64,0.1,0.5,observed,concat,0.5,32,320,211,0.5216748476011346,0.5940865318399301,0.3516666666666667,0.0,0.6293174510916166,0.3328852247096871,0.1348121028595303,0.03796045146288008,0.7016666666666667,0.5991666666666666,0.6292821954328398,0.3224893438526591,0.13252683121151104,0.02757889303723986,0.5402843601895735,0.6350710900473934
42,600,10,64,0.1,0.5,observed,same_pca_additive,0.5,32,320,211,0.6848890079939444,0.7099683193121074,0.3516666666666667,0.0,0.7529453210996379,0.28411228805385397,0.1210379387472835,0.029717617612120852,0.845,0.7033333333333334,0.7140879965998069,0.28838358692264593,0.12219153135652659,0.023432557639353487,0.6966824644549763,0.7772511848341233
42,600,10,64,0.1,0.5,shuffled,additive,0.5,32,320,211,0.1915134576285107,0.2670237732368642,0.3516666666666667,0.0,0.5436651492610172,0.3642878471320427,0.14279777808454341,0.043066623063137494,0.48,0.4816666666666667,0.5600582962948133,0.34752267326295344,0.1388420197940378,0.03073122385954435,0.3175355450236967,0.4597156398104265
42,600,10,64,0.1,0.5,oracle,additive,0.5,32,320,211,0.8234871204013866,0.8289277521374188,0.3516666666666667,0.0,0.8112232530788862,0.25881539572674994,0.11392220151775677,0.025185272710548438,0.9166666666666666,0.7416666666666667,0.7464659651253787,0.27576482360980575,0.11907707272552298,0.02189446953548727,0.7677725118483413,0.8791469194312796
42,600,10,64,0.1,0.5,observed,additive,1.0,32,320,211,0.4922749690695652,0.5475416685444751,0.3516666666666667,0.0,0.7478227405095201,0.2668023206848145,0.11186571155929585,0.026889965554825736,0.69,0.6283333333333333,0.7210235994847647,0.2796652251455764,0.11716928967272838,0.02255637699775564,0.6540284360189573,0.6824644549763034
42,600,10,64,0.1,0.5,observed,concat,1.0,32,320,211,0.5124190216621001,0.5672180912109226,0.3516666666666667,0.0,0.7280764865062656,0.28223460718581134,0.11775935940918947,0.029315884532043673,0.7083333333333334,0.6166666666666667,0.7019908483384611,0.2904668242163043,0.12142074959721622,0.023745415965333475,0.6729857819905213,0.7014218009478673
42,600,10,64,0.1,0.5,observed,same_pca_additive,1.0,32,320,211,0.6143023003738298,0.6373404972997738,0.3516666666666667,0.0,0.7968946277040425,0.25210394557444127,0.10888344132380129,0.024385019993151465,0.805,0.7,0.7546647324741644,0.26697418104611464,0.11387082599399283,0.020927418975120793,0.7061611374407583,0.7843601895734598
42,600,10,64,0.1,0.5,shuffled,additive,1.0,32,320,211,0.006779443597680981,0.04309958025738367,0.3516666666666667,0.0,0.4635986038131973,0.3841329623992496,0.14645543131501923,0.04744510870518171,0.17,0.36666666666666664,0.48954543992663024,0.36375254369306476,0.14135292207720426,0.034196615852827524,0.14691943127962084,0.3459715639810427
42,600,10,64,0.1,0.5,oracle,additive,1.0,32,320,211,0.8679551684357115,0.87025743406343,0.3516666666666667,0.0,0.8784962800480135,0.21476409644526911,0.09813203879215537,0.017546695396266805,0.9383333333333334,0.7741666666666667,0.8001826062982794,0.2509941474353503,0.11095051781527006,0.01885286912643514,0.8246445497630331,0.9265402843601895
42,600,10,64,0.1,0.5,observed,additive,2.0,32,320,211,0.5031659088262732,0.5432648007435426,0.3516666666666667,0.0,0.7604712221921168,0.2428042198963911,0.10067916822286152,0.024784137408265954,0.7083333333333334,0.63,0.7484834017521689,0.26152370068035447,0.11098368701777545,0.02116885344242839,0.6682464454976303,0.7274881516587678
42,600,10,64,0.1,0.5,observed,concat,2.0,32,320,211,0.4955280754593885,0.5537878345744085,0.3516666666666667,0.0,0.7419550175400164,0.2506540218966925,0.10271926399982655,0.02607275027772458,0.7016666666666667,0.605,0.7184294540343475,0.2746126087662366,0.11484722051676753,0.022837970573508292,0.6635071090047393,0.6919431279620853
42,600,10,64,0.1,0.5,observed,same_pca_additive,2.0,32,320,211,0.5752203117062271,0.6012305757457467,0.3516666666666667,0.0,0.8077475262291396,0.22506464260885514,0.09597102735305191,0.02094692283735921,0.7816666666666666,0.6741666666666667,0.77201059549354,0.25160593554593397,0.10735916925606426,0.019670692471453265,0.7061611374407583,0.7630331753554502
42,600,10,64,0.1,0.5,shuffled,additive,2.0,32,320,211,-0.0027696020781971826,0.024924216966756552,0.3516666666666667,0.0,0.3524381886545509,0.42154509040330046,0.15291244419018762,0.05831605705382028,0.13833333333333334,0.25583333333333336,0.3994871170057157,0.39219134898802516,0.14669764212217715,0.04302087214699704,0.12322274881516587,0.26303317535545023
42,600,10,64,0.1,0.5,oracle,additive,2.0,32,320,211,0.8881493346121998,0.8910542482131583,0.3516666666666667,0.0,0.9122313647506402,0.1786314632358339,0.08251816303323366,0.011856226438538347,0.9483333333333334,0.7833333333333333,0.8342332152397592,0.23306302578570615,0.10459465425766505,0.016660189770482968,0.8530805687203792,0.9407582938388626
42,600,10,64,0.1,1.0,none,content_only,0.0,32,472,211,0.5470022470806312,0.5947090798494488,0.3516666666666667,0.0,0.6021865714573511,0.34556264785564567,0.13870229424880615,0.03999150286328808,0.7616666666666667,0.5983333333333334,0.606443357243842,0.33213141834669174,0.13545761766977474,0.028693825548186315,0.5355450236966824,0.6113744075829384
42,600,10,64,0.1,1.0,observed,additive,0.25,32,472,211,0.5258586311860928,0.574032771412779,0.3516666666666667,0.0,0.6429008040116352,0.3277969297010523,0.13364180236704715,0.03728136521785395,0.68,0.6083333333333333,0.639719914617577,0.317588298849669,0.13100008624995726,0.027068810322385166,0.4597156398104265,0.6469194312796208
42,600,10,64,0.1,1.0,observed,concat,0.25,32,472,211,0.526208850080206,0.5792556138858679,0.3516666666666667,0.0,0.5774926285788229,0.354137001085908,0.14063048022796662,0.041338083313602024,0.7233333333333334,0.5683333333333334,0.591325850095912,0.3377302028051237,0.13681948034966573,0.02937347564392548,0.5355450236966824,0.5995260663507109
42,600,10,64,0.1,1.0,observed,same_pca_additive,0.25,32,472,211,0.5345986715062483,0.5784214130448642,0.3516666666666667,0.0,0.6354261347441239,0.3314635199108818,0.13473985532413846,0.03788206719423498,0.7266666666666667,0.6066666666666667,0.6350933551030044,0.31981419420248797,0.1317408410672127,0.02731451518047808,0.5165876777251185,0.6374407582938388
42,600,10,64,0.1,1.0,shuffled,additive,0.25,32,472,211,0.44606676151584024,0.5008624024014167,0.3516666666666667,0.0,0.590138727826927,0.3492216175199966,0.1395107539417198,0.04059179049753121,0.7016666666666667,0.5691666666666667,0.5974939654284908,0.33450588947474935,0.13585895558994038,0.029069265282004274,0.4549763033175355,0.5616113744075829
42,600,10,64,0.1,1.0,oracle,additive,0.25,32,472,211,0.7456563798960779,0.7602231372505389,0.3516666666666667,0.0,0.7381931758109677,0.2935340213604084,0.12468294398814068,0.031234553129616247,0.8783333333333333,0.7025,0.6945605224245355,0.29753822827021137,0.12570924525098373,0.02454354603207569,0.6872037914691943,0.8104265402843602
42,600,10,64,0.1,1.0,observed,additive,0.5,32,472,211,0.4927946325620596,0.5426396113616485,0.3516666666666667,0.0,0.6749292692272498,0.31105693833823933,0.1277302539213592,0.03429367030124416,0.6933333333333334,0.6233333333333333,0.6619610606669143,0.307542208787939,0.1270377183178218,0.025847005061349317,0.5592417061611374,0.6516587677725119
42,600,10,64,0.1,1.0,observed,concat,0.5,32,472,211,0.5271725994704382,0.5686356403186441,0.3516666666666667,0.0,0.6276649687391914,0.335190985992295,0.1354195633572475,0.03824984384394339,0.7166666666666667,0.615,0.6276770794530793,0.32346125413456606,0.13277148831207755,0.02770391983726464,0.5450236966824644,0.6611374407582938
42,600,10,64,0.1,1.0,observed,same_pca_additive,0.5,32,472,211,0.5121478747760213,0.5395800770556847,0.3516666666666667,0.0,0.672268365508926,0.31555383838560014,0.12962127671931103,0.035148182303161433,0.7183333333333334,0.6291666666666667,0.6625270085592574,0.30838761415409194,0.1278949748085334,0.025940682953986362,0.5687203791469194,0.6824644549763034
42,600,10,64,0.1,1.0,shuffled,additive,0.5,32,472,211,0.20442504960119998,0.2818097214183261,0.3516666666666667,0.0,0.5569541058442038,0.3592298847408682,0.14160712628112618,0.04230238261541986,0.5016666666666667,0.4841666666666667,0.570000959056796,0.3421646348044958,0.137176007212914,0.0302254472134892,0.2843601895734597,0.45734597156398105
42,600,10,64,0.1,1.0,oracle,additive,0.5,32,472,211,0.8234871204013866,0.8289277521374188,0.3516666666666667,0.0,0.8112232530788862,0.25881539572674994,0.11392220151775677,0.025185272710548438,0.9166666666666666,0.7416666666666667,0.7464659651253787,0.27576482360980575,0.11907707272552298,0.02189446953548727,0.7677725118483413,0.8791469194312796
42,600,10,64,0.1,1.0,observed,additive,1.0,32,472,211,0.32455338285489654,0.4081361212292422,0.3516666666666667,0.0,0.6982389211818323,0.2878797409140226,0.11822389436274322,0.03067388784305511,0.595,0.5916666666666667,0.6803753876862071,0.2946061055043051,0.12103577811769131,0.024604702979303467,0.5260663507109005,0.6161137440758294
42,600,10,64,0.1,1.0,observed,concat,1.0,32,472,211,0.2804599299602103,0.37086050636301815,0.3516666666666667,0.0,0.6208351007558297,0.3245703912750644,0.12898123741342793,0.03644334968954023,0.5266666666666666,0.49416666666666664,0.6206633963764867,0.3214314792719663,0.1293470445918268,0.02775133349357939,0.46445497630331756,0.518957345971564
42,600,10,64,0.1,1.0,observed,same_pca_additive,1.0,32,472,211,0.3197237093191178,0.3786511577424743,0.3516666666666667,0.0,0.702681427747998,0.29221019049245894,0.12040714740521147,0.03140609547396327,0.585,0.5991666666666666,0.6936529737627165,0.2910139694772712,0.120280396357713,0.02397556027879296,0.5023696682464455,0.6398104265402843
42,600,10,64,0.1,1.0,shuffled,additive,1.0,32,472,211,0.025921473421320146,0.08157602935918974,0.3516666666666667,0.0,0.45821519276014366,0.38801037717505255,0.14735108006550846,0.04779174879284426,0.21,0.31583333333333335,0.4736033488155834,0.3703081748088259,0.14314530867561429,0.03526481973478296,0.15165876777251186,0.2938388625592417
42,600,10,64,0.1,1.0,oracle,additive,1.0,32,472,211,0.8679551684357115,0.87025743406343,0.3516666666666667,0.0,0.8784962800480135,0.21476409644526911,0.09813203879215537,0.017546695396266805,0.9383333333333334,0.7741666666666667,0.8001826062982794,0.2509941474353503,0.11095051781527006,0.01885286912643514,0.8246445497630331,0.9265402843601895
42,600,10,64,0.1,1.0,observed,additive,2.0,32,472,211,0.28552882424223075,0.34627602434148186,0.3516666666666667,0.0,0.640268791749913,0.296608001479415,0.11653249110097597,0.034164725500341046,0.54,0.4841666666666667,0.6426167172059366,0.30326437596516526,0.12216850114115439,0.027082285247858037,0.4549763033175355,0.5260663507109005
42,600,10,64,0.1,1.0,observed,concat,2.0,32,472,211,0.2737893259071513,0.35222004372993704,0.3516666666666667,0.0,0.6158552391148666,0.3081862468176926,0.1192628782136798,0.036280076571858826,0.525,0.45916666666666667,0.615447414768728,0.31451616503130364,0.12500094238694257,0.028805237627920383,0.44549763033175355,0.5
42,600,10,64,0.1,1.0,observed,same_pca_additive,2.0,32,472,211,0.2826730196267058,0.36104217858827714,0.3516666666666667,0.0,0.6794594510395541,0.27964747065777,0.1123747766000607,0.03128141023278774,0.5616666666666666,0.565,0.6862467152734084,0.28336123217689146,0.11573877053089791,0.024291444748468317,0.4976303317535545,0.6161137440758294
42,600,10,64,0.1,1.0,shuffled,additive,2.0,32,472,211,0.007849445657968213,0.04999673978221619,0.3516666666666667,0.0,0.3632871404035542,0.4187185189354487,0.15294736853906618,0.057169467428873,0.14666666666666667,0.2758333333333333,0.3965290487592309,0.39536544897009823,0.14794300239503688,0.0432607803775678,0.11848341232227488,0.2772511848341232
42,600,10,64,0.1,1.0,oracle,additive,2.0,32,472,211,0.8881493346121998,0.8910542482131583,0.3516666666666667,0.0,0.9122313647506402,0.1786314632358339,0.08251816303323366,0.011856226438538347,0.9483333333333334,0.7833333333333333,0.8342332152397592,0.23306302578570615,0.10459465425766505,0.016660189770482968,0.8530805687203792,0.9407582938388626
42,600,10,64,0.1,1.5,none,content_only,0.0,32,550,211,0.5470022470806312,0.5947090798494488,0.3516666666666667,0.0,0.6021865714573511,0.34556264785564567,0.13870229424880615,0.03999150286328808,0.7616666666666667,0.5983333333333334,0.606443357243842,0.33213141834669174,0.13545761766977474,0.028693825548186315,0.5355450236966824,0.6113744075829384
42,600,10,64,0.1,1.5,observed,additive,0.25,32,550,211,0.5259239699459964,0.5866869646546339,0.3516666666666667,0.0,0.6288876299597354,0.33425221491068463,0.13528527605172075,0.03801379842139279,0.7083333333333334,0.5825,0.6186018398692279,0.326755412339397,0.1336683307242016,0.02810501193466933,0.5402843601895735,0.6161137440758294
42,600,10,64,0.1,1.5,observed,concat,0.25,32,550,211,0.48805464852659525,0.5538109529639931,0.3516666666666667,0.0,0.5726659139939598,0.3558541630484755,0.14108143107257307,0.04160641399642084,0.6966666666666667,0.555,0.5878645981450759,0.339218278830002,0.1372697782283741,0.02954114398310905,0.5071090047393365,0.5781990521327014
42,600,10,64,0.1,1.5,observed,same_pca_additive,0.25,32,550,211,0.49627246304115996,0.5603370040357227,0.3516666666666667,0.0,0.5923131736141098,0.347720565440134,0.13909932507794026,0.040525278158909134,0.7133333333333334,0.5683333333333334,0.6065725868058591,0.3311266938941498,0.1350654263695379,0.028669688992016683,0.5071090047393365,0.580568720379147
42,600,10,64,0.1,1.5,shuffled,additive,0.25,32,550,211,0.38428225448894965,0.4750836751935697,0.3516666666666667,0.0,0.5562316277514406,0.3611793577686346,0.14230437156245462,0.04256537542885717,0.57,0.5075,0.5764704043500682,0.3433316034889921,0.13811773655623194,0.030045380095782764,0.3981042654028436,0.504739336492891
42,600,10,64,0.1,1.5,oracle,additive,0.25,32,550,211,0.7456563798960779,0.7602231372505389,0.3516666666666667,0.0,0.7381931758109677,0.2935340213604084,0.12468294398814068,0.031234553129616247,0.8783333333333333,0.7025,0.6945605224245355,0.29753822827021137,0.12570924525098373,0.02454354603207569,0.6872037914691943,0.8104265402843602
42,600,10,64,0.1,1.5,observed,additive,0.5,32,550,211,0.4460015738248098,0.5022023059578637,0.3516666666666667,0.0,0.6496810285833121,0.3223179713881431,0.13127953514695492,0.036050326929403124,0.6416666666666667,0.5858333333333333,0.6384843759827705,0.3175919118083566,0.13049139963249998,0.027024089684551895,0.4976303317535545,0.5924170616113744
42,600,10,64,0.1,1.5,observed,concat,0.5,32,550,211,0.3937766512757962,0.48926629763040186,0.3516666666666667,0.0,0.6070635241253531,0.3426137739195916,0.13756872430194925,0.03938736927242678,0.635,0.5675,0.6084711355322836,0.33135670806081624,0.13517303313085988,0.028584598265664903,0.4834123222748815,0.5734597156398105
42,600,10,64,0.1,1.5,observed,same_pca_additive,0.5,32,550,211,0.41327010408952497,0.467776570801941,0.3516666666666667,0.0,0.5853863115861507,0.3502572751206601,0.13921629504181732,0.040748946603563735,0.62,0.5491666666666667,0.6044958066307391,0.33237767605954555,0.1351639545995206,0.02873689374823823,0.5165876777251185,0.5758293838862559
42,600,10,64,0.1,1.5,shuffled,additive,0.5,32,550,211,0.1808930271477959,0.25767729103410136,0.3516666666666667,0.0,0.5415602948032326,0.36564958972441663,0.1429631885963828,0.043293804775238094,0.45,0.4475,0.5674875166110108,0.3452078047831676,0.13842437720144665,0.030425149765405703,0.3222748815165877,0.45260663507109006
42,600,10,64,0.1,1.5,oracle,additive,0.5,32,550,211,0.8234871204013866,0.8289277521374188,0.3516666666666667,0.0,0.8112232530788862,0.25881539572674994,0.11392220151775677,0.025185272710548438,0.9166666666666666,0.7416666666666667,0.7464659651253787,0.27576482360980575,0.11907707272552298,0.02189446953548727,0.7677725118483413,0.8791469194312796
42,600,10,64,0.1,1.5,observed,additive,1.0,32,550,211,0.2038033681037042,0.29469805881106964,0.3516666666666667,0.0,0.6158554070674527,0.3228326360179386,0.1285619599761336,0.03643251035610052,0.46166666666666667,0.4625,0.6223038876096166,0.31882183894540345,0.12872213640723526,0.027437885755272305,0.44075829383886256,0.5165876777251185
42,600,10,64,0.1,1.5,observed,concat,1.0,32,550,211,0.14454352777029378,0.24661752828013586,0.3516666666666667,0.0,0.5113122089053613,0.37112690520689967,0.14161931277567363,0.04385699798184254,0.35,0.3566666666666667,0.5471787313523033,0.351265593167665,0.13764585187304013,0.03113702969061773,0.33175355450236965,0.3815165876777251
42,600,10,64,0.1,1.5,observed,same_pca_additive,1.0,32,550,211,0.15633911071869872,0.23744473982049835,0.3516666666666667,0.0,0.5301832665537336,0.3662541321308216,0.1415187661858519,0.04298030064268414,0.365,0.4008333333333333,0.5607301104218431,0.3478129106908647,0.1383527129440961,0.030548450491215455,0.3459715639810427,0.43364928909952605
42,600,10,64,0.1,1.5,shuffled,additive,1.0,32,550,211,0.016909759660289285,0.06705552396525705,0.3516666666666667,0.0,0.4506234236599095,0.39499730093494795,0.14879158872926143,0.04841808736891649,0.21166666666666667,0.31833333333333336,0.49002536126771007,0.3704333661857484,0.14357720564956622,0.03418746909205906,0.1895734597156398,0.2890995260663507
42,600,10,64,0.1,1.5,oracle,additive,1.0,32,550,211,0.8679551684357115,0.87025743406343,0.3516666666666667,0.0,0.8784962800480135,0.21476409644526911,0.09813203879215537,0.017546695396266805,0.9383333333333334,0.7741666666666667,0.8001826062982794,0.2509941474353503,0.11095051781527006,0.01885286912643514,0.8246445497630331,0.9265402843601895
42,600,10,64,0.1,1.5,observed,additive,2.0,32,550,211,0.15834603967027644,0.2500425374028187,0.3516666666666667,0.0,0.5383896111889812,0.3463118637548391,0.132010041995126,0.041909161680168706,0.39666666666666667,0.4091666666666667,0.5763826061166613,0.3304899333019359,0.1300355206152274,0.0302588264513932,0.3791469194312796,0.45734597156398105
42,600,10,64,0.1,1.5,observed,concat,2.0,32,550,211,0.16356726909872002,0.27092965898154253,0.3516666666666667,0.0,0.5152156306109875,0.3561463896330196,0.1338381463679753,0.04354344601227257,0.41333333333333333,0.39916666666666667,0.5375789335258568,0.3471963108154233,0.1342061697206034,0.03224170607332532,0.3933649289099526,0.4218009478672986
42,600,10,64,0.1,1.5,observed,same_pca_additive,2.0,32,550,211,0.16591347589487399,0.25907540392713624,0.3516666666666667,0.0,0.5721911440002245,0.33372220891234083,0.12917763447833158,0.03903773917533054,0.43833333333333335,0.43833333333333335,0.5966399972696667,0.3235985575065493,0.12798799158577703,0.02872929824375737,0.41232227488151657,0.471563981042654
42,600,10,64,0.1,1.5,shuffled,additive,2.0,32,550,211,0.013013002617871403,0.053954621508410315,0.3516666666666667,0.0,0.3697118460416743,0.41957138938825955,0.1531825994105111,0.0556145843588452,0.17333333333333334,0.2658333333333333,0.4194707803793945,0.39118924827984525,0.14640977111983616,0.040250253582914786,0.17535545023696683,0.2772511848341232
42,600,10,64,0.1,1.5,oracle,additive,2.0,32,550,211,0.8881493346121998,0.8910542482131583,0.3516666666666667,0.0,0.9122313647506402,0.1786314632358339,0.08251816303323366,0.011856226438538347,0.9483333333333334,0.7833333333333333,0.8342332152397592,0.23306302578570615,0.10459465425766505,0.016660189770482968,0.8530805687203792,0.9407582938388626
42,600,10,64,0.1,2.0,none,content_only,0.0,32,581,211,0.5470022470806312,0.5947090798494488,0.3516666666666667,0.0,0.6021865714573511,0.34556264785564567,0.13870229424880615,0.03999150286328808,0.7616666666666667,0.5983333333333334,0.606443357243842,0.33213141834669174,0.13545761766977474,0.028693825548186315,0.5355450236966824,0.6113744075829384
42,600,10,64,0.1,2.0,observed,additive,0.25,32,581,211,0.5232006313639387,0.557123940055862,0.3516666666666667,0.0,0.622950269293553,0.33748429506098576,0.13622301563992187,0.038637064582148675,0.7233333333333334,0.5966666666666667,0.622217386508728,0.3255868887526045,0.13353118973244063,0.027940101316339214,0.5071090047393365,0.6469194312796208
42,600,10,64,0.1,2.0,observed,concat,0.25,32,581,211,0.5441606399712859,0.590351403020902,0.3516666666666667,0.0,0.6042418729439337,0.3448065958276963,0.1385009687993517,0.039872910190930755,0.76,0.6066666666666667,0.6083122676064894,0.33139727460899737,0.13524111250207752,0.02860729160368923,0.5308056872037915,0.6279620853080569
42,600,10,64,0.1,2.0,observed,same_pca_additive,0.25,32,581,211,0.4806404689592532,0.5285105934067572,0.3516666666666667,0.0,0.5770076510733628,0.3545170806799167,0.14083906270080657,0.04152553813482683,0.6983333333333334,0.5625,0.5957180125940682,0.3359003707479224,0.13642459835685217,0.029165793549467984,0.4928909952606635,0.5781990521327014
42,600,10,64,0.1,2.0,shuffled,additive,0.25,32,581,211,0.43674824418006125,0.4977419730802399,0.3516666666666667,0.0,0.5687246638093396,0.3574315273422262,0.1414731243300186,0.04182586470149389,0.665,0.54,0.5823012541502388,0.3409845002971978,0.13768161199945408,0.029775900791554018,0.4597156398104265,0.5545023696682464
42,600,10,64,0.1,2.0,oracle,additive,0.25,32,581,211,0.7456563798960779,0.7602231372505389,0.3516666666666667,0.0,0.7381931758109677,0.2935340213604084,0.12468294398814068,0.031234553129616247,0.8783333333333333,0.7025,0.6945605224245355,0.29753822827021137,0.12570924525098373,0.02454354603207569,0.6872037914691943,0.8104265402843602
42,600,10,64,0.1,2.0,observed,additive,0.5,32,581,211,0.3808138323106401,0.4345745747135923,0.3516666666666667,0.0,0.6371651691637796,0.32975849002413077,0.13340334035820237,0.03729526420032756,0.6166666666666667,0.58,0.6327601431763404,0.32035748577952566,0.13147281121188467,0.02730390267631351,0.47393364928909953,0.6232227488151659
42,600,10,64,0.1,2.0,observed,concat,0.5,32,581,211,0.33554933324405545,0.4406190916964609,0.3516666666666667,0.0,0.581552599326935,0.35256462429867,0.14007371484243547,0.041061330049776204,0.5583333333333333,0.5383333333333333,0.5948796988514279,0.3365285215141654,0.13645489710887304,0.029189112718771865,0.41706161137440756,0.5284360189573459
42,600,10,64,0.1,2.0,observed,same_pca_additive,0.5,32,581,211,0.1650000943725911,0.254880610460977,0.3516666666666667,0.0,0.4849291526031474,0.3897685101597508,0.14883343675842378,0.046485571953366694,0.32666666666666666,0.395,0.5281899301723327,0.3633051350431656,0.14360053169369535,0.032183655484042166,0.27488151658767773,0.4028436018957346
42,600,10,64,0.1,2.0,shuffled,additive,0.5,32,581,211,0.2331490169340383,0.3147182511384338,0.3516666666666667,0.0,0.5546499761778386,0.3609246115164658,0.14210904236640634,0.042492419611007325,0.5266666666666666,0.495,0.5725924311324133,0.3426818468043636,0.1377388645696386,0.030126451461159196,0.3696682464454976,0.4834123222748815
42,600,10,64,0.1,2.0,oracle,additive,0.5,32,581,211,0.8234871204013866,0.8289277521374188,0.3516666666666667,0.0,0.8112232530788862,0.25881539572674994,0.11392220151775677,0.025185272710548438,0.9166666666666666,0.7416666666666667,0.7464659651253787,0.27576482360980575,0.11907707272552298,0.02189446953548727,0.7677725118483413,0.8791469194312796
42,600,10,64,0.1,2.0,observed,additive,1.0,32,581,211,0.11269627541768648,0.19834879115172638,0.3516666666666667,0.0,0.5245881098717591,0.3638408262792968,0.13976478069069867,0.0429288230744661,0.3516666666666667,0.38166666666666665,0.5473075549544681,0.348952241191598,0.13745011097488663,0.031200478364936023,0.3175355450236967,0.3957345971563981
42,600,10,64,0.1,2.0,observed,concat,1.0,32,581,211,0.04488147606284267,0.13081247528856907,0.3516666666666667,0.0,0.459214868512009,0.3936089308920866,0.14773707100018482,0.04733103405215752,0.24,0.28,0.4964030297683337,0.3714519499157031,0.14364066755491267,0.03359175291592026,0.22748815165876776,0.2890995260663507
42,600,10,64,0.1,2.0,observed,same_pca_additive,1.0,32,581,211,0.07604383022129091,0.12706560397539482,0.3516666666666667,0.0,0.44372168866815437,0.4047240497594797,0.1518361407242459,0.04845011503238906,0.23166666666666666,0.3283333333333333,0.496589075907687,0.3757044430373501,0.146563970862741,0.03353052458752257,0.20853080568720378,0.34360189573459715
42,600,10,64,0.1,2.0,shuffled,additive,1.0,32,581,211,0.044519021043856535,0.10522487936906423,0.3516666666666667,0.0,0.4239344088412443,0.406513182707502,0.15177204273686934,0.05010201974409063,0.195,0.28833333333333333,0.48223349517569236,0.37335308275958057,0.1443986647021055,0.03457823191329593,0.14691943127962084,0.2914691943127962
42,600,10,64,0.1,2.0,oracle,additive,1.0,32,581,211,0.8679551684357115,0.87025743406343,0.3516666666666667,0.0,0.8784962800480135,0.21476409644526911,0.09813203879215537,0.017546695396266805,0.9383333333333334,0.7741666666666667,0.8001826062982794,0.2509941474353503,0.11095051781527006,0.01885286912643514,0.8246445497630331,0.9265402843601895
42,600,10,64,0.1,2.0,observed,additive,2.0,32,581,211,0.07344409159319908,0.18495014324538253,0.3516666666666667,0.0,0.5210155970618803,0.35206526811568484,0.13408666265710104,0.04369546152732365,0.35,0.36666666666666664,0.5349028758362672,0.34561800759977085,0.13450516474001753,0.03285537748298663,0.2890995260663507,0.3696682464454976
42,600,10,64,0.1,2.0,observed,concat,2.0,32,581,211,0.09289933512674937,0.18413773465954122,0.3516666666666667,0.0,0.45698927294924524,0.3832073600626828,0.14165251469720316,0.048530851039865826,0.30666666666666664,0.345,0.48458561610915785,0.369159155730925,0.140171584466817,0.03586106676368884,0.23222748815165878,0.35308056872037913
42,600,10,64,0.1,2.0,observed,same_pca_additive,2.0,32,581,211,0.06702954505693215,0.1781139322615929,0.3516666666666667,0.0,0.5075721035897256,0.3636513883803633,0.1380955756566678,0.044337131761318156,0.30833333333333335,0.3441666666666667,0.5274616897749027,0.35039839830828745,0.13556461211372572,0.032548079500130715,0.2796208530805687,0.3459715639810427
42,600,10,64,0.1,2.0,shuffled,additive,2.0,32,581,211,0.022679976024479742,0.05821632730677216,0.3516666666666667,0.0,0.3671941533598939,0.42162225380817264,0.15373158244751087,0.05635259310178528,0.17166666666666666,0.265,0.4295891943283847,0.3848630045669309,0.14449202569574165,0.039500985908399025,0.13270142180094788,0.2890995260663507
42,600,10,64,0.1,2.0,oracle,additive,2.0,32,581,211,0.8881493346121998,0.8910542482131583,0.3516666666666667,0.0,0.9122313647506402,0.1786314632358339,0.08251816303323366,0.011856226438538347,0.9483333333333334,0.7833333333333333,0.8342332152397592,0.23306302578570615,0.10459465425766505,0.016660189770482968,0.8530805687203792,0.9407582938388626
42,600,10,64,0.2,0.0,none,content_only,0.0,32,0,211,0.2646995045192328,0.35494174425006453,0.3516666666666667,0.0,0.522018013240791,0.3749472993771506,0.14570066790356376,0.04451578003491303,0.5066666666666667,0.4766666666666667,0.5477305407220164,0.3551804350880704,0.14151362254062083,0.031356282179321446,0.3222748815165877,0.4431279620853081
42,600,10,64,0.2,0.0,observed,additive,0.25,32,0,211,0.5452529260037053,0.6088852652646756,0.3516666666666667,0.0,0.6137448759332382,0.3394537751559365,0.13695491076572594,0.03931054524545447,0.73,0.5858333333333333,0.6260437971762889,0.32293863958230234,0.13268893121432945,0.027718807488220667,0.5545023696682464,0.6279620853080569
42,600,10,64,0.2,0.0,observed,concat,0.25,32,0,211,0.4061957081846095,0.4928909204328055,0.3516666666666667,0.0,0.5478346143375605,0.3653971409640324,0.14348705193270847,0.04316072492307281,0.6216666666666667,0.5258333333333334,0.5706522033463614,0.34612337934509974,0.13912320765542258,0.03032410638089782,0.3886255924170616,0.5118483412322274
42,600,10,64,0.2,0.0,observed,same_pca_additive,0.25,32,0,211,0.5777352395833684,0.626246983311358,0.3516666666666667,0.0,0.6129119152582047,0.34097625613312377,0.13744724117711352,0.03947550098674209,0.7666666666666667,0.5975,0.6233079277217319,0.32477958658425427,0.13336687017553372,0.027903732271593058,0.5592417061611374,0.6279620853080569
42,600,10,64,0.2,0.0,shuffled,additive,0.25,32,0,211,0.17518514351589093,0.2768351183956565,0.3516666666666667,0.0,0.5104979641346067,0.3782794283993106,0.14638379150269512,0.04519212625094634,0.41333333333333333,0.43333333333333335,0.5463333166342862,0.3548122835452215,0.14116568231366525,0.0314172345591039,0.26066350710900477,0.43601895734597157
42,600,10,64,0.2,0.0,oracle,additive,0.25,32,0,211,0.6665989750058114,0.6894257355301948,0.3516666666666667,0.0,0.6578490129576401,0.3248439478928164,0.1333105722206034,0.03670085619122059,0.835,0.6566666666666666,0.6494047439391066,0.31521292788791666,0.13072459965944072,0.026687632586234265,0.6161137440758294,0.7109004739336493
42,600,10,64,0.2,0.0,observed,additive,0.5,32,0,211,0.6759295867746291,0.711559841285747,0.3516666666666667,0.0,0.7275339556920942,0.29476742560694824,0.12458394029870033,0.031745786243518606,0.8133333333333334,0.6625,0.6994112470518373,0.2935833738477263,0.12428376914632115,0.02418561188706573,0.6445497630331753,0.7606635071090048
42,600,10,64,0.2,0.0,observed,concat,0.5,32,0,211,0.6349981193792876,0.6906794437279299,0.3516666666666667,0.0,0.6203285613637758,0.3383596535615254,0.13658531572215163,0.038903361829402607,0.7833333333333333,0.6058333333333333,0.6268764060216454,0.32389077557213336,0.13301430849427895,0.027747331559522817,0.6208530805687204,0.6729857819905213
42,600,10,64,0.2,0.0,observed,same_pca_additive,0.5,32,0,211,0.7537033355371167,0.764363228520163,0.3516666666666667,0.0,0.7308166554206068,0.29679231693644226,0.12556479220101024,0.03205723219162507,0.8816666666666667,0.7058333333333333,0.7022394284318826,0.2939308510590941,0.12450335397737901,0.02414158648766772,0.6966824644549763,0.8127962085308057
42,600,10,64,0.2,0.0,shuffled,additive,0.5,32,0,211,0.06321170929495773,0.13590646940412693,0.3516666666666667,0.0,0.4897325417745769,0.38439700287887707,0.14743872283643938,0.04614320330287372,0.295,0.35,0.5196781999865285,0.3627038084669875,0.14263805723491257,0.03256867154199925,0.18009478672985782,0.33175355450236965
42,600,10,64,0.2,0.0,oracle,additive,0.5,32,0,211,0.6746602602553718,0.7101396768303534,0.3516666666666667,0.0,0.7161184061372171,0.2993038792839142,0.12572296992687465,0.03240847547872166,0.8033333333333333,0.6616666666666666,0.6915426884059527,0.29752958944745805,0.12546540162868083,0.024622834650384864,0.6587677725118484,0.7819905213270142
42,600,10,64,0.2,0.0,observed,additive,1.0,32,0,211,0.840050665043796,0.8473073776447607,0.3516666666666667,0.0,0.8633762906948418,0.2279732980836741,0.10318551228085045,0.019955303618471226,0.925,0.7658333333333334,0.7937110623725272,0.2539707218540065,0.11189578911020273,0.01923355405084514,0.7914691943127962,0.919431279620853
42,600,10,64,0.2,0.0,observed,concat,1.0,32,0,211,0.8776104553122024,0.8843665073977482,0.3516666666666667,0.0,0.8418740189622335,0.24493024048140902,0.10962454364320347,0.022935494901459776,0.9433333333333334,0.775,0.7813749014640379,0.26166518010395295,0.11489641607705442,0.020143368596724567,0.8388625592417062,0.9383886255924171
42,600,10,64,0.2,0.0,observed,same_pca_additive,1.0,32,0,211,0.7324000802705936,0.7845108475909987,0.3516666666666667,0.0,0.7912802148079767,0.2613959226822623,0.11380325187271562,0.02598693205456486,0.8383333333333334,0.6808333333333333,0.7413702817104992,0.2749204181945251,0.11808793514964035,0.021857205395847734,0.7251184834123223,0.7867298578199052
42,600,10,64,0.2,0.0,shuffled,additive,1.0,32,0,211,0.00294263714793068,0.03531956898873386,0.3516666666666667,0.0,0.4443382756949967,0.3916642910395686,0.1481559054212881,0.04866155332451332,0.145,0.31916666666666665,0.46705849914444186,0.3719939313661185,0.14370993954916278,0.0353959065816839,0.12796208530805686,0.3080568720379147
42,600,10,64,0.2,0.0,oracle,additive,1.0,32,0,211,0.8382939460133872,0.8427491405080146,0.3516666666666667,0.0,0.8588684306508302,0.2304305199487981,0.10406708540616236,0.020296582732819004,0.9233333333333333,0.7616666666666667,0.7861839106508837,0.2576411719617016,0.11314971512113346,0.019673917690040378,0.7867298578199052,0.9123222748815166
42,600,10,64,0.2,0.0,observed,additive,2.0,32,0,211,0.8817036419431903,0.8867478040720475,0.3516666666666667,0.0,0.9122138715074012,0.18181326248767254,0.08410602044714485,0.012396271057478394,0.945,0.7866666666666666,0.8387748046782032,0.23046309329069492,0.10361299908990211,0.016358709987741037,0.8436018957345972,0.9454976303317536
42,600,10,64,0.2,0.0,observed,concat,2.0,32,0,211,0.9036563151660585,0.9102307306019728,0.3516666666666667,0.0,0.9150095306471429,0.18051101390176996,0.08383517581775157,0.012144553955357199,0.9566666666666667,0.7883333333333333,0.8433725913728269,0.2289041748014791,0.10330231127816467,0.016128200784902555,0.8767772511848341,0.9478672985781991
42,600,10,64,0.2,0.0,observed,same_pca_additive,2.0,32,0,211,0.8740002560714322,0.8796671978417936,0.3516666666666667,0.0,0.9062356793542006,0.19032937283819534,0.08802590817297018,0.013728007263387782,0.9416666666666667,0.7775,0.833636932105456,0.23266293395615759,0.10426955589524077,0.016641288089148328,0.8341232227488151,0.9383886255924171
42,600,10,64,0.2,0.0,shuffled,additive,2.0,32,0,211,-0.002154155085786923,0.02501243705978289,0.3516666666666667,0.0,0.3410504759171224,0.42356811575574255,0.15365192721446883,0.05870507941971982,0.135,0.24583333333333332,0.36568359405208695,0.40353510852222907,0.14959957780764307,0.045163096880488085,0.11848341232227488,0.25355450236966826
42,600,10,64,0.2,0.0,oracle,additive,2.0,32,0,211,0.8777567188909837,0.8821189044385199,0.3516666666666667,0.0,0.9074468845322088,0.18574631429378752,0.0858575998591776,0.012900126886896901,0.9433333333333334,0.785,0.8292773909023448,0.235812259102638,0.10559358308761084,0.016994824787866514,0.8388625592417062,0.9383886255924171
42,600,10,64,0.2,0.5,none,content_only,0.0,32,320,211,0.2646995045192328,0.35494174425006453,0.3516666666666667,0.0,0.522018013240791,0.3749472993771506,0.14570066790356376,0.04451578003491303,0.5066666666666667,0.4766666666666667,0.5477305407220164,0.3551804350880704,0.14151362254062083,0.031356282179321446,0.3222748815165877,0.4431279620853081
42,600,10,64,0.2,0.5,observed,additive,0.25,32,320,211,0.5458429956788483,0.5941807307004088,0.3516666666666667,0.0,0.6170191115586967,0.3392130917043385,0.13678108670046238,0.039086225506019596,0.76,0.6216666666666667,0.6253447723666417,0.32435073484484755,0.1330543937495095,0.0277811550390866,0.5781990521327014,0.6445497630331753
42,600,10,64,0.2,0.5,observed,concat,0.25,32,320,211,0.35052651945529884,0.4422717617349561,0.3516666666666667,0.0,0.5369504505013803,0.3694065926466168,0.14441804886877765,0.0437423653847171,0.585,0.5091666666666667,0.5620298105063646,0.34955874541017784,0.14001916247510526,0.030709696134807937,0.3459715639810427,0.4834123222748815
42,600,10,64,0.2,0.5,observed,same_pca_additive,0.25,32,320,211,0.5414148954539841,0.5766149853533156,0.3516666666666667,0.0,0.6039572465770265,0.34488724343233695,0.13838280554961635,0.03999982567891172,0.7633333333333333,0.6183333333333333,0.6158647071376664,0.32838044198859045,0.13429990548892864,0.028260101051919916,0.5592417061611374,0.6421800947867299
42,600,10,64,0.2,0.5,shuffled,additive,0.25,32,320,211,0.2060899879131888,0.29920889178958876,0.3516666666666667,0.0,0.5025534705806362,0.38179790042814576,0.14716311908580199,0.045599943026130386,0.45666666666666667,0.4325,0.537309725894914,0.35874431494275266,0.14228524196123943,0.03183671081310763,0.3412322274881517,0.42417061611374407
42,600,10,64,0.2,0.5,oracle,additive,0.25,32,320,211,0.6665989750058114,0.6894257355301948,0.3516666666666667,0.0,0.6578490129576401,0.3248439478928164,0.1333105722206034,0.03670085619122059,0.835,0.6566666666666666,0.6494047439391066,0.31521292788791666,0.13072459965944072,0.026687632586234265,0.6161137440758294,0.7109004739336493
42,600,10,64,0.2,0.5,observed,additive,0.5,32,320,211,0.6115229407943736,0.6396345569982814,0.3516666666666667,0.0,0.7157558600615344,0.30000894224594,0.12552709266209655,0.03241770585346195,0.8033333333333333,0.685,0.6905139306359609,0.29840582154110684,0.12516069663198987,0.024620912972683606,0.6682464454976303,0.7511848341232228
42,600,10,64,0.2,0.5,observed,concat,0.5,32,320,211,0.536587087564527,0.5898265982212791,0.3516666666666667,0.0,0.6077781389482406,0.34250024613709273,0.13754369312993306,0.03962317218637838,0.7533333333333333,0.6141666666666666,0.623138676269555,0.32551847138329854,0.13339266390359936,0.027899351520791715,0.6066350710900474,0.6516587677725119
42,600,10,64,0.2,0.5,observed,same_pca_additive,0.5,32,320,211,0.5513705854052553,0.5921039528293139,0.3516666666666667,0.0,0.6513794671079925,0.32580878849141737,0.1329025631368918,0.03691236503689081,0.7383333333333333,0.6183333333333333,0.6517639518347799,0.3132293002280821,0.12968206192499712,0.026505222797823018,0.6161137440758294,0.6658767772511849
42,600,10,64,0.2,0.5,shuffled,additive,0.5,32,320,211,0.0701879758511447,0.13536816454996017,0.3516666666666667,0.0,0.4963942793789975,0.3824441163028348,0.1471350013349017,0.045805336184464175,0.31,0.39416666666666667,0.5262157583750962,0.3612028439480785,0.14248429511474187,0.032296062494292725,0.23696682464454977,0.36729857819905215
42,600,10,64,0.2,0.5,oracle,additive,0.5,32,320,211,0.6746602602553718,0.7101396768303534,0.3516666666666667,0.0,0.7161184061372171,0.2993038792839142,0.12572296992687465,0.03240847547872166,0.8033333333333333,0.6616666666666666,0.6915426884059527,0.29752958944745805,0.12546540162868083,0.024622834650384864,0.6587677725118484,0.7819905213270142
42,600,10,64,0.2,0.5,observed,additive,1.0,32,320,211,0.5018711415511625,0.5586571113500699,0.3516666666666667,0.0,0.7422505118062499,0.2757987975487602,0.11580648040046289,0.028340946007801127,0.7016666666666667,0.6175,0.7120263471281685,0.28512383884402137,0.11952270085320536,0.02309791958056836,0.6113744075829384,0.6895734597156398
42,600,10,64,0.2,0.5,observed,concat,1.0,32,320,211,0.49471030262727234,0.5426404653243564,0.3516666666666667,0.0,0.7125662698675264,0.29287048163911644,0.12129309599511447,0.031396623624866324,0.7033333333333334,0.6108333333333333,0.7016664061464065,0.2908318821486368,0.12154733368142787,0.023863928654236737,0.6635071090047393,0.7132701421800948
42,600,10,64,0.2,0.5,observed,same_pca_additive,1.0,32,320,211,0.5730798553515701,0.5992803906285329,0.3516666666666667,0.0,0.761412901392962,0.2746748435661762,0.11675240923969689,0.028262520169865163,0.7816666666666666,0.6683333333333333,0.7308855334674553,0.2786266663960141,0.11783996907721603,0.022295229380720354,0.6682464454976303,0.7535545023696683
42,600,10,64,0.2,0.5,shuffled,additive,1.0,32,320,211,0.0018004062831138007,0.03548966111765467,0.3516666666666667,0.0,0.4364652126488513,0.3961253895311313,0.149165946870655,0.04922561649847539,0.15666666666666668,0.31583333333333335,0.47090573683430753,0.37268808748141913,0.1435614446019699,0.035173224574518776,0.13744075829383887,0.3033175355450237
42,600,10,64,0.2,0.5,oracle,additive,1.0,32,320,211,0.8382939460133872,0.8427491405080146,0.3516666666666667,0.0,0.8588684306508302,0.2304305199487981,0.10406708540616236,0.020296582732819004,0.9233333333333333,0.7616666666666667,0.7861839106508837,0.2576411719617016,0.11314971512113346,0.019673917690040378,0.7867298578199052,0.9123222748815166
42,600,10,64,0.2,0.5,observed,additive,2.0,32,320,211,0.4795007343980829,0.5329006335568801,0.3516666666666667,0.0,0.7489762640920293,0.25065618611313684,0.10365829838298252,0.02577862877297318,0.6883333333333334,0.6075,0.7267311814161378,0.27185036503881826,0.11399788101579102,0.022367995585765292,0.6208530805687204,0.6943127962085308
42,600,10,64,0.2,0.5,observed,concat,2.0,32,320,211,0.4964926367341749,0.5552552883561266,0.3516666666666667,0.0,0.7380009992518926,0.2553743398823075,0.1047975152659228,0.02689191879526653,0.7016666666666667,0.6041666666666666,0.7149475618970992,0.2763222747331693,0.11536636810012295,0.02308361884382011,0.6635071090047393,0.6919431279620853
42,600,10,64,0.2,0.5,observed,same_pca_additive,2.0,32,320,211,0.4871227844807111,0.5348334945625096,0.3516666666666667,0.0,0.7591288674073805,0.25186771073331554,0.10527610819623977,0.025336511688763826,0.7016666666666667,0.6241666666666666,0.737149750880125,0.2679403414774394,0.11243891053512414,0.021587613648149324,0.6303317535545023,0.7180094786729858
42,600,10,64,0.2,0.5,shuffled,additive,2.0,32,320,211,-0.0011827017857996072,0.02738033886170246,0.3516666666666667,0.0,0.34610479936568006,0.42503356117647056,0.1539085677688473,0.05882315440311909,0.135,0.24416666666666667,0.3969096073930952,0.3940351896728858,0.14714645535883816,0.04327061739263823,0.11374407582938388,0.25829383886255924
42,600,10,64,0.2,0.5,oracle,additive,2.0,32,320,211,0.8777567188909837,0.8821189044385199,0.3516666666666667,0.0,0.9074468845322088,0.18574631429378752,0.0858575998591776,0.012900126886896901,0.9433333333333334,0.785,0.8292773909023448,0.235812259102638,0.10559358308761084,0.016994824787866514,0.8388625592417062,0.9383886255924171
42,600,10,64,0.2,1.0,none,content_only,0.0,32,472,211,0.2646995045192328,0.35494174425006453,0.3516666666666667,0.0,0.522018013240791,0.3749472993771506,0.14570066790356376,0.04451578003491303,0.5066666666666667,0.4766666666666667,0.5477305407220164,0.3551804350880704,0.14151362254062083,0.031356282179321446,0.3222748815165877,0.4431279620853081
42,600,10,64,0.2,1.0,observed,additive,0.25,32,472,211,0.4291432956214399,0.48708992619445485,0.3516666666666667,0.0,0.5926924653687382,0.34810292770031054,0.13896898802551438,0.04048921377734931,0.6683333333333333,0.5833333333333334,0.6053577106872758,0.3318100135990145,0.13509927502854419,0.028715201629979495,0.4597156398104265,0.5995260663507109
42,600,10,64,0.2,1.0,observed,concat,0.25,32,472,211,0.31961101150553467,0.41214811220056374,0.3516666666666667,0.0,0.5323343637174299,0.37098798949590256,0.14477494616241682,0.04400060586721461,0.5533333333333333,0.5041666666666667,0.5603929618476798,0.3500301168683177,0.14019130336136967,0.030799059857401428,0.35071090047393366,0.4976303317535545
42,600,10,64,0.2,1.0,observed,same_pca_additive,0.25,32,472,211,0.42204412456595636,0.47870206268762855,0.3516666666666667,0.0,0.5732019117225743,0.3561364394045757,0.14111529939837877,0.041775188859613656,0.665,0.5658333333333333,0.593648431440974,0.3368745589505114,0.1366169433606959,0.029288449552629908,0.46445497630331756,0.5829383886255924
42,600,10,64,0.2,1.0,shuffled,additive,0.25,32,472,211,0.17592754326122867,0.26530685824473504,0.3516666666666667,0.0,0.5162127339677113,0.3766482041439297,0.14608491439882712,0.044849977582243045,0.4483333333333333,0.45,0.5467470784951312,0.35462041729093857,0.1411625548493931,0.031390642440854696,0.27014218009478674,0.42417061611374407
42,600,10,64,0.2,1.0,oracle,additive,0.25,32,472,211,0.6665989750058114,0.6894257355301948,0.3516666666666667,0.0,0.6578490129576401,0.3248439478928164,0.1333105722206034,0.03670085619122059,0.835,0.6566666666666666,0.6494047439391066,0.31521292788791666,0.13072459965944072,0.026687632586234265,0.6161137440758294,0.7109004739336493
42,600,10,64,0.2,1.0,observed,additive,0.5,32,472,211,0.4601007511382898,0.4953624656074492,0.3516666666666667,0.0,0.672409096460579,0.316416245595242,0.12981886343961913,0.03516389879658147,0.7116666666666667,0.6391666666666667,0.6612394292501679,0.30937627866121203,0.1279312534648191,0.025966308286246475,0.5402843601895735,0.6706161137440758
42,600,10,64,0.2,1.0,observed,concat,0.5,32,472,211,0.27697976678722536,0.35437598221518135,0.3516666666666667,0.0,0.560124127180365,0.36072305034259783,0.1417002904970748,0.04223216454743034,0.52,0.4716666666666667,0.5804435586514355,0.34183143262915566,0.1374011594214941,0.029838248709943487,0.38388625592417064,0.476303317535545
42,600,10,64,0.2,1.0,observed,same_pca_additive,0.5,32,472,211,0.40542505272944296,0.4498236839687486,0.3516666666666667,0.0,0.594159734381264,0.3476532506241518,0.13842130546811152,0.04043028533847788,0.6533333333333333,0.5758333333333333,0.6150200904894624,0.32820134816270186,0.13378257225611687,0.02825535563615283,0.4834123222748815,0.6090047393364929
42,600,10,64,0.2,1.0,shuffled,additive,0.5,32,472,211,0.0685550366175714,0.1333967137234611,0.3516666666666667,0.0,0.4955403047935199,0.3824372882725276,0.14702549280078636,0.04583337192356792,0.29833333333333334,0.3575,0.5277658354176733,0.3593306396805272,0.1416050753644506,0.03218074067577529,0.18009478672985782,0.34360189573459715
42,600,10,64,0.2,1.0,oracle,additive,0.5,32,472,211,0.6746602602553718,0.7101396768303534,0.3516666666666667,0.0,0.7161184061372171,0.2993038792839142,0.12572296992687465,0.03240847547872166,0.8033333333333333,0.6616666666666666,0.6915426884059527,0.29752958944745805,0.12546540162868083,0.024622834650384864,0.6587677725118484,0.7819905213270142
42,600,10,64,0.2,1.0,observed,additive,1.0,32,472,211,0.3062097471545841,0.3930277917966388,0.3516666666666667,0.0,0.6739472395068801,0.3018710147486198,0.12274850917018228,0.03296237408343299,0.58,0.5616666666666666,0.6620318920117912,0.302930817277189,0.1236139282243068,0.02562612930725787,0.5023696682464455,0.5947867298578199
42,600,10,64,0.2,1.0,observed,concat,1.0,32,472,211,0.2489458832424086,0.33322616901340013,0.3516666666666667,0.0,0.5906862490649655,0.33856919806539587,0.1329060720685759,0.038981684695418864,0.48833333333333334,0.46416666666666667,0.6090556443207851,0.32386891530714923,0.1296543145742128,0.02818004186785004,0.44075829383886256,0.523696682464455
42,600,10,64,0.2,1.0,observed,same_pca_additive,1.0,32,472,211,0.28668561571310613,0.33768079390864914,0.3516666666666667,0.0,0.6463618593125491,0.32074940053328277,0.12916908356485335,0.03597285583105248,0.5416666666666666,0.5091666666666667,0.6501718607237612,0.31059618459892263,0.12650965145449086,0.026263502425548292,0.4549763033175355,0.5616113744075829
42,600,10,64,0.2,1.0,shuffled,additive,1.0,32,472,211,0.012690943746599518,0.05742425023463799,0.3516666666666667,0.0,0.42952471803469244,0.3988744552156071,0.1500179241993392,0.04978820501232631,0.15666666666666668,0.29583333333333334,0.47780942573882135,0.36979358302216725,0.14335630589599144,0.03493052842959937,0.16113744075829384,0.3104265402843602
42,600,10,64,0.2,1.0,oracle,additive,1.0,32,472,211,0.8382939460133872,0.8427491405080146,0.3516666666666667,0.0,0.8588684306508302,0.2304305199487981,0.10406708540616236,0.020296582732819004,0.9233333333333333,0.7616666666666667,0.7861839106508837,0.2576411719617016,0.11314971512113346,0.019673917690040378,0.7867298578199052,0.9123222748815166
42,600,10,64,0.2,1.0,observed,additive,2.0,32,472,211,0.2620807739363524,0.3250913367382817,0.3516666666666667,0.0,0.6200117562206031,0.30720712915831627,0.11988575450836586,0.03593882881150605,0.505,0.47,0.633401419374612,0.3057986995238063,0.12312812909352076,0.027447703822867254,0.44075829383886256,0.5260663507109005
42,600,10,64,0.2,1.0,observed,concat,2.0,32,472,211,0.2572090222535442,0.32871311167833267,0.3516666666666667,0.0,0.6018927349177151,0.3151367458589481,0.12144500249451899,0.037711443082710225,0.49666666666666665,0.44333333333333336,0.6131137641183853,0.313481262862947,0.12490450340663477,0.028797864612585076,0.44549763033175355,0.4976303317535545
42,600,10,64,0.2,1.0,observed,same_pca_additive,2.0,32,472,211,0.2767509125321078,0.3656172340890443,0.3516666666666667,0.0,0.6570618375431656,0.29488863505582513,0.11791374971265911,0.03353880919862054,0.555,0.5375,0.6728466603771546,0.290534290831961,0.11786666803964549,0.02509220707739518,0.5308056872037915,0.590047393364929
42,600,10,64,0.2,1.0,shuffled,additive,2.0,32,472,211,0.004014661765533435,0.04277006144494023,0.3516666666666667,0.0,0.34695424332493197,0.42468772710573877,0.15411872657117415,0.05919129317501375,0.14666666666666667,0.2625,0.3890259900847904,0.39845527513232554,0.14846519179672973,0.04428196271969492,0.13270142180094788,0.2796208530805687
42,600,10,64,0.2,1.0,oracle,additive,2.0,32,472,211,0.8777567188909837,0.8821189044385199,0.3516666666666667,0.0,0.9074468845322088,0.18574631429378752,0.0858575998591776,0.012900126886896901,0.9433333333333334,0.785,0.8292773909023448,0.235812259102638,0.10559358308761084,0.016994824787866514,0.8388625592417062,0.9383886255924171
42,600,10,64,0.2,1.5,none,content_only,0.0,32,550,211,0.2646995045192328,0.35494174425006453,0.3516666666666667,0.0,0.522018013240791,0.3749472993771506,0.14570066790356376,0.04451578003491303,0.5066666666666667,0.4766666666666667,0.5477305407220164,0.3551804350880704,0.14151362254062083,0.031356282179321446,0.3222748815165877,0.4431279620853081
42,600,10,64,0.2,1.5,observed,additive,0.25,32,550,211,0.33865586861017105,0.4203140484715679,0.3516666666666667,0.0,0.5582261167535343,0.36029958515186045,0.1421039157585039,0.04243507887692518,0.5983333333333334,0.5283333333333333,0.5823521117176608,0.340889661965091,0.1376567052774441,0.029784063346356113,0.4075829383886256,0.5379146919431279
42,600,10,64,0.2,1.5,observed,concat,0.25,32,550,211,0.28065585643963065,0.371839830152187,0.3516666666666667,0.0,0.5259012669072765,0.3733856122385583,0.1453330061810438,0.04429980986659431,0.5216666666666666,0.4841666666666667,0.551680175004079,0.35355100143816204,0.14109679712819667,0.03117816935678901,0.32701421800947866,0.45734597156398105
42,600,10,64,0.2,1.5,observed,same_pca_additive,0.25,32,550,211,0.21885816271211356,0.3416992366083696,0.3516666666666667,0.0,0.4962960176008791,0.38408714006037065,0.14783840224992775,0.04600431202358583,0.39166666666666666,0.4216666666666667,0.5377914789056696,0.3586912443299859,0.14255387933440367,0.03181970486969004,0.3127962085308057,0.4312796208530806
42,600,10,64,0.2,1.5,shuffled,additive,0.25,32,550,211,0.19234526668577961,0.29499835904664173,0.3516666666666667,0.0,0.5228453932663839,0.3744283426333069,0.14547296266831386,0.04453176337753944,0.41833333333333333,0.4716666666666667,0.555245222988454,0.351986372875614,0.1406394591766423,0.031029549289593332,0.24170616113744076,0.45734597156398105
42,600,10,64,0.2,1.5,oracle,additive,0.25,32,550,211,0.6665989750058114,0.6894257355301948,0.3516666666666667,0.0,0.6578490129576401,0.3248439478928164,0.1333105722206034,0.03670085619122059,0.835,0.6566666666666666,0.6494047439391066,0.31521292788791666,0.13072459965944072,0.026687632586234265,0.6161137440758294,0.7109004739336493
42,600,10,64,0.2,1.5,observed,additive,0.5,32,550,211,0.3057959428767061,0.3797869816209956,0.3516666666666667,0.0,0.611967197070774,0.33843806773802254,0.13590464771722932,0.03875378447922829,0.5833333333333334,0.56,0.6166515153893632,0.3271408273163333,0.13341909649242967,0.028114237626764713,0.46445497630331756,0.5924170616113744
42,600,10,64,0.2,1.5,observed,concat,0.5,32,550,211,0.18645165304403927,0.29321960625798926,0.3516666666666667,0.0,0.4963098364298489,0.38374304509541657,0.14735293932586283,0.04577439090725928,0.37166666666666665,0.37083333333333335,0.5367742100188923,0.3590856760216238,0.14222890888159706,0.03183985032380145,0.32701421800947866,0.3696682464454976
42,600,10,64,0.2,1.5,observed,same_pca_additive,0.5,32,550,211,0.1397906346154347,0.22629258108970093,0.3516666666666667,0.0,0.4732668713165023,0.39359227098550903,0.14975064163226265,0.04720721353357747,0.26666666666666666,0.4058333333333333,0.524464562620375,0.3649221653695482,0.14407367068772256,0.032406448544113925,0.26066350710900477,0.44075829383886256
42,600,10,64,0.2,1.5,shuffled,additive,0.5,32,550,211,0.07525245432842063,0.13115101694472328,0.3516666666666667,0.0,0.46697176656061307,0.394239813462349,0.14950187411234042,0.04755501907137244,0.2816666666666667,0.3333333333333333,0.5191668389890175,0.3650219340052044,0.14345412589599849,0.03263721362943879,0.24170616113744076,0.33175355450236965
42,600,10,64,0.2,1.5,oracle,additive,0.5,32,550,211,0.6746602602553718,0.7101396768303534,0.3516666666666667,0.0,0.7161184061372171,0.2993038792839142,0.12572296992687465,0.03240847547872166,0.8033333333333333,0.6616666666666666,0.6915426884059527,0.29752958944745805,0.12546540162868083,0.024622834650384864,0.6587677725118484,0.7819905213270142
42,600,10,64,0.2,1.5,observed,additive,1.0,32,550,211,0.17690061449575747,0.2685719058445969,0.3516666666666667,0.0,0.5631534493751363,0.34746586391873224,0.13537929937267842,0.0402302924258166,0.4116666666666667,0.42583333333333334,0.5829847115568354,0.3355822495098968,0.1334609960568535,0.029344647844092814,0.4075829383886256,0.4786729857819905
42,600,10,64,0.2,1.5,observed,concat,1.0,32,550,211,0.10913416651536431,0.22694786200802508,0.3516666666666667,0.0,0.5054764505905981,0.3749136622186172,0.1427580334914573,0.044497227393782944,0.34,0.3491666666666667,0.5353873000794845,0.35630662062704815,0.1391486892571378,0.03168033545009546,0.32701421800947866,0.3909952606635071
42,600,10,64,0.2,1.5,observed,same_pca_additive,1.0,32,550,211,0.11994798370858989,0.19404198519532115,0.3516666666666667,0.0,0.4903395959893671,0.38474357611996035,0.1467283885932381,0.045784601553081096,0.295,0.37333333333333335,0.537146488929637,0.35871472206783994,0.14160640556433723,0.031719177210384475,0.3033175355450237,0.3862559241706161
42,600,10,64,0.2,1.5,shuffled,additive,1.0,32,550,211,0.014331023866964087,0.05408908642372224,0.3516666666666667,0.0,0.4281374779948169,0.40208023915821284,0.15046894092936913,0.0497228656833984,0.16833333333333333,0.265,0.4711711997158893,0.375076655440953,0.14434285957853613,0.035198467761963476,0.14218009478672985,0.2843601895734597
42,600,10,64,0.2,1.5,oracle,additive,1.0,32,550,211,0.8382939460133872,0.8427491405080146,0.3516666666666667,0.0,0.8588684306508302,0.2304305199487981,0.10406708540616236,0.020296582732819004,0.9233333333333333,0.7616666666666667,0.7861839106508837,0.2576411719617016,0.11314971512113346,0.019673917690040378,0.7867298578199052,0.9123222748815166
42,600,10,64,0.2,1.5,observed,additive,2.0,32,550,211,0.1766422874308989,0.2840200117115087,0.3516666666666667,0.0,0.5615321575279347,0.3341251487559799,0.12852771735190216,0.04001641733587892,0.45,0.4083333333333333,0.5800440800937963,0.32849272720659306,0.12911915941132407,0.030010846204006895,0.41232227488151657,0.44549763033175355
42,600,10,64,0.2,1.5,observed,concat,2.0,32,550,211,0.1304953170417076,0.2193299383777242,0.3516666666666667,0.0,0.49946089511813285,0.36463793394309385,0.13689344342406706,0.045436764545530486,0.36333333333333334,0.37333333333333335,0.5209097414272473,0.35466550135336944,0.1366964931697646,0.03367649859729444,0.3222748815165877,0.3791469194312796
42,600,10,64,0.2,1.5,observed,same_pca_additive,2.0,32,550,211,0.1471563377136956,0.23211498784166754,0.3516666666666667,0.0,0.5445806682660066,0.35107408249108596,0.13480293551610917,0.04124359960031446,0.39166666666666666,0.37583333333333335,0.5688019334130215,0.3385361718278043,0.1330365540567057,0.030159922621394802,0.36018957345971564,0.3909952606635071
42,600,10,64,0.2,1.5,shuffled,additive,2.0,32,550,211,0.011054791390652843,0.0519489446308203,0.3516666666666667,0.0,0.3676549362169137,0.42148995982269366,0.1531563241114557,0.05602665782254009,0.14,0.245,0.41922433023598044,0.39163465320423196,0.14613562910017067,0.04044811198618243,0.12322274881516587,0.27014218009478674
42,600,10,64,0.2,1.5,oracle,additive,2.0,32,550,211,0.8777567188909837,0.8821189044385199,0.3516666666666667,0.0,0.9074468845322088,0.18574631429378752,0.0858575998591776,0.012900126886896901,0.9433333333333334,0.785,0.8292773909023448,0.235812259102638,0.10559358308761084,0.016994824787866514,0.8388625592417062,0.9383886255924171
42,600,10,64,0.2,2.0,none,content_only,0.0,32,581,211,0.2646995045192328,0.35494174425006453,0.3516666666666667,0.0,0.522018013240791,0.3749472993771506,0.14570066790356376,0.04451578003491303,0.5066666666666667,0.4766666666666667,0.5477305407220164,0.3551804350880704,0.14151362254062083,0.031356282179321446,0.3222748815165877,0.4431279620853081
42,600,10,64,0.2,2.0,observed,additive,0.25,32,581,211,0.33689323866323134,0.40976779414956466,0.3516666666666667,0.0,0.554106789807989,0.36283233158007316,0.1427403651050717,0.04275420783781763,0.6016666666666667,0.525,0.5758975427933822,0.3437120617060703,0.13848484558359286,0.03005847347288242,0.3981042654028436,0.523696682464455
42,600,10,64,0.2,2.0,observed,concat,0.25,32,581,211,0.2804360916701221,0.3642564732054551,0.3516666666666667,0.0,0.5262750136455243,0.37327416627746135,0.14530028877392767,0.04431654882875414,0.525,0.49916666666666665,0.5539825671731793,0.3526416565424959,0.14089456172905787,0.031088809005129447,0.33649289099526064,0.4786729857819905
42,600,10,64,0.2,2.0,observed,same_pca_additive,0.25,32,581,211,0.192286180008467,0.29982526775779444,0.3516666666666667,0.0,0.4834212721254215,0.3900688488796249,0.14919139937309872,0.046751888607881854,0.31333333333333335,0.44,0.5306186518996779,0.36251014730898934,0.14366464582687133,0.032150862436878765,0.27014218009478674,0.46208530805687204
42,600,10,64,0.2,2.0,shuffled,additive,0.25,32,581,211,0.24764512734608995,0.3362723191747066,0.3516666666666667,0.0,0.5240801135643677,0.37386901675982787,0.14546091567320377,0.044401346052502524,0.5283333333333333,0.49333333333333335,0.5541385485096766,0.35240049040518945,0.14078011919441655,0.031065462059076003,0.35545023696682465,0.48578199052132703
42,600,10,64,0.2,2.0,oracle,additive,0.25,32,581,211,0.6665989750058114,0.6894257355301948,0.3516666666666667,0.0,0.6578490129576401,0.3248439478928164,0.1333105722206034,0.03670085619122059,0.835,0.6566666666666666,0.6494047439391066,0.31521292788791666,0.13072459965944072,0.026687632586234265,0.6161137440758294,0.7109004739336493
42,600,10,64,0.2,2.0,observed,additive,0.5,32,581,211,0.24960760513352034,0.30102072913906336,0.3516666666666667,0.0,0.5751844724352569,0.3541443772045993,0.13982168430776237,0.041165254493995176,0.5266666666666666,0.49583333333333335,0.5872960342796589,0.33869438716988515,0.136626452243582,0.02944579975831029,0.38388625592417064,0.514218009478673
42,600,10,64,0.2,2.0,observed,concat,0.5,32,581,211,0.14357249102494027,0.2505869284242432,0.3516666666666667,0.0,0.4840293079014115,0.3889411349989223,0.14855841216938026,0.046577541044298676,0.33,0.36833333333333335,0.5235532582129002,0.36456485198549926,0.1436191341156023,0.03240930825770232,0.2559241706161137,0.36018957345971564
42,600,10,64,0.2,2.0,observed,same_pca_additive,0.5,32,581,211,0.07130867274193319,0.137270166251443,0.3516666666666667,0.0,0.4269905048941187,0.4124951686454001,0.1541714683820003,0.04969461611067676,0.175,0.3025,0.4845280883284429,0.3819788600159547,0.14866096251814215,0.03416863806269755,0.15165876777251186,0.2985781990521327
42,600,10,64,0.2,2.0,shuffled,additive,0.5,32,581,211,0.07519481760507567,0.1588874592580411,0.3516666666666667,0.0,0.4733651628855364,0.3913429153817582,0.14916989051431354,0.04710230247365359,0.29,0.36,0.5134795258096304,0.36615180724409135,0.1438579936845038,0.03285982767247739,0.23222748815165878,0.35545023696682465
42,600,10,64,0.2,2.0,oracle,additive,0.5,32,581,211,0.6746602602553718,0.7101396768303534,0.3516666666666667,0.0,0.7161184061372171,0.2993038792839142,0.12572296992687465,0.03240847547872166,0.8033333333333333,0.6616666666666666,0.6915426884059527,0.29752958944745805,0.12546540162868083,0.024622834650384864,0.6587677725118484,0.7819905213270142
42,600,10,64,0.2,2.0,observed,additive,1.0,32,581,211,0.09656995839648526,0.17389034155549635,0.3516666666666667,0.0,0.5145063003726955,0.36851135203609575,0.1414939624221617,0.04390455910650553,0.325,0.3616666666666667,0.5504932358880074,0.34781073383615596,0.13745382631320338,0.03098260230516593,0.2938388625592417,0.3886255924170616
42,600,10,64,0.2,2.0,observed,concat,1.0,32,581,211,0.03561320010541574,0.11109067330978178,0.3516666666666667,0.0,0.43860454057882026,0.4020802318393514,0.15009118965064616,0.048730684362533895,0.20333333333333334,0.25166666666666665,0.4754058994207598,0.38021930082218636,0.14588768153717635,0.03466629055576447,0.18009478672985782,0.24881516587677724
42,600,10,64,0.2,2.0,observed,same_pca_additive,1.0,32,581,211,0.058813263621808644,0.0999677682683471,0.3516666666666667,0.0,0.4395310510128224,0.4070610953491202,0.15257027892304836,0.048805296648864245,0.21666666666666667,0.31166666666666665,0.49299720517039974,0.37749707953952744,0.14713306437745233,0.03371275976697533,0.1895734597156398,0.3341232227488152
42,600,10,64,0.2,2.0,shuffled,additive,1.0,32,581,211,0.0029100863419589274,0.04117278444663903,0.3516666666666667,0.0,0.42014491969799034,0.4061594559306741,0.1517323868895752,0.050309144625144506,0.15333333333333332,0.285,0.4688559832254133,0.37732409363866226,0.14523577318317285,0.03548226231476166,0.12322274881516587,0.2938388625592417
42,600,10,64,0.2,2.0,oracle,additive,1.0,32,581,211,0.8382939460133872,0.8427491405080146,0.3516666666666667,0.0,0.8588684306508302,0.2304305199487981,0.10406708540616236,0.020296582732819004,0.9233333333333333,0.7616666666666667,0.7861839106508837,0.2576411719617016,0.11314971512113346,0.019673917690040378,0.7867298578199052,0.9123222748815166
42,600,10,64,0.2,2.0,observed,additive,2.0,32,581,211,0.0653711517657832,0.1757705703226436,0.3516666666666667,0.0,0.5092597224626157,0.3586559320600218,0.13596390354910678,0.04475599051673932,0.33666666666666667,0.36083333333333334,0.5243295110238242,0.3507047137870583,0.13580987002439296,0.03343250286113391,0.27014218009478674,0.3696682464454976
42,600,10,64,0.2,2.0,observed,concat,2.0,32,581,211,0.05341100348187299,0.1315391217443232,0.3516666666666667,0.0,0.4500870642767217,0.3884921903352512,0.14273804407945886,0.049199656168612306,0.28,0.30833333333333335,0.4869592876748427,0.3676263939109473,0.13984273075145595,0.03569729310441097,0.22748815165876776,0.3459715639810427
42,600,10,64,0.2,2.0,observed,same_pca_additive,2.0,32,581,211,0.06207608905141727,0.1392523919314055,0.3516666666666667,0.0,0.48298032758319076,0.37865435506059253,0.14255474931499254,0.04599880532405509,0.2816666666666667,0.32666666666666666,0.5156554482542691,0.35898303339384824,0.13859373842832495,0.03289324516260964,0.24644549763033174,0.33886255924170616
42,600,10,64,0.2,2.0,shuffled,additive,2.0,32,581,211,0.0009503703865353295,0.04299143038173899,0.3516666666666667,0.0,0.36381612994243556,0.42425638026869894,0.1543826692558236,0.056454333134052244,0.135,0.25166666666666665,0.40907786951668906,0.39396448424100133,0.14702568814305322,0.04135141665378363,0.10900473933649289,0.2772511848341232
42,600,10,64,0.2,2.0,oracle,additive,2.0,32,581,211,0.8777567188909837,0.8821189044385199,0.3516666666666667,0.0,0.9074468845322088,0.18574631429378752,0.0858575998591776,0.012900126886896901,0.9433333333333334,0.785,0.8292773909023448,0.235812259102638,0.10559358308761084,0.016994824787866514,0.8388625592417062,0.9383886255924171
42,600,10,64,0.3,0.0,none,content_only,0.0,32,0,211,0.0872136828181231,0.16170529502442293,0.3516666666666667,0.0,0.46248710579752855,0.39825864164895014,0.15076360528820304,0.04844740433168091,0.27666666666666667,0.345,0.5082962124667523,0.37162265107782655,0.14570017849652558,0.03376971886938347,0.25118483412322273,0.3412322274881517
42,600,10,64,0.3,0.0,observed,additive,0.25,32,0,211,0.4795837118107373,0.5623578501376937,0.3516666666666667,0.0,0.5762595740374495,0.3541101922111237,0.14067603329132877,0.041587207773629904,0.69,0.5625,0.6003099488480418,0.33375045451858665,0.1357653845326386,0.028957122322197094,0.4834123222748815,0.5853080568720379
42,600,10,64,0.3,0.0,observed,concat,0.25,32,0,211,0.179135144059448,0.2723496810994951,0.3516666666666667,0.0,0.5011898348644716,0.38267050795005986,0.14720849288422005,0.045749957071764866,0.375,0.42583333333333334,0.5376485974789471,0.35958954543988125,0.14274908460575653,0.03182891469685574,0.27488151658767773,0.4265402843601896
42,600,10,64,0.3,0.0,observed,same_pca_additive,0.25,32,0,211,0.3959375261059598,0.482212450807349,0.3516666666666667,0.0,0.5363413711856394,0.3690047614028281,0.14427082937377775,0.04388564132372383,0.595,0.5033333333333333,0.5710625704272444,0.345480614933772,0.1389723777403449,0.0303264497956172,0.41706161137440756,0.5023696682464455
42,600,10,64,0.3,0.0,shuffled,additive,0.25,32,0,211,0.06604464798359992,0.13403740515737042,0.3516666666666667,0.0,0.47290700140591924,0.3930082371355308,0.14959466817106917,0.047345822893161846,0.2683333333333333,0.36916666666666664,0.5172971619956768,0.36692542256788796,0.14436575107126695,0.03271734625886265,0.20853080568720378,0.35308056872037913
42,600,10,64,0.3,0.0,oracle,additive,0.25,32,0,211,0.48200605401857916,0.5638213821267097,0.3516666666666667,0.0,0.5754868945929135,0.35447349899618397,0.1407778200664269,0.04161884464650254,0.68,0.5633333333333334,0.5985175024722428,0.33457115148006256,0.13599406926616697,0.02904295181752196,0.4786729857819905,0.580568720379147
42,600,10,64,0.3,0.0,observed,additive,0.5,32,0,211,0.744733661785823,0.7577644841785749,0.3516666666666667,0.0,0.7274883726570729,0.29821441205400734,0.12592877377544356,0.03226327467335495,0.8766666666666667,0.7041666666666667,0.6993118514488684,0.2953603233317759,0.12495765417265156,0.02429445733171323,0.6872037914691943,0.8246445497630331
42,600,10,64,0.3,0.0,observed,concat,0.5,32,0,211,0.6738695378165711,0.712877685370408,0.3516666666666667,0.0,0.6211618624071649,0.33888710059261334,0.13705427409650178,0.039148358614764796,0.835,0.6516666666666666,0.633968506513311,0.321666909389237,0.13267362935911575,0.027479881935179223,0.6398104265402843,0.7180094786729858
42,600,10,64,0.3,0.0,observed,same_pca_additive,0.5,32,0,211,0.5559700836790755,0.6154942158607474,0.3516666666666667,0.0,0.602802069901099,0.3435023930863249,0.13789430548992748,0.040084784267082764,0.725,0.5575,0.6237719333685355,0.32385885931207775,0.1329495137681724,0.02786888626231706,0.5639810426540285,0.5853080568720379
42,600,10,64,0.3,0.0,shuffled,additive,0.5,32,0,211,0.029501487264911603,0.08536998669254658,0.3516666666666667,0.0,0.46468163450278815,0.39409954746947967,0.14952907933183118,0.04761933936178544,0.215,0.31083333333333335,0.5081222202942671,0.3678698979608136,0.1440217902919059,0.03310388646378441,0.15165876777251186,0.2962085308056872
42,600,10,64,0.3,0.0,oracle,additive,0.5,32,0,211,0.750474726913941,0.7618643351170329,0.3516666666666667,0.0,0.7234004670763168,0.2998466301532656,0.12642335505861546,0.03249499659900639,0.88,0.7033333333333334,0.6941840681443375,0.2975395100756994,0.12561866612391911,0.024549901817057986,0.6872037914691943,0.8175355450236966
42,600,10,64,0.3,0.0,observed,additive,1.0,32,0,211,0.8301338616922476,0.837501206484234,0.3516666666666667,0.0,0.8467925520796119,0.23959496712717135,0.10737435982918743,0.022037978707489032,0.92,0.7616666666666667,0.7827252711889578,0.2592124045187506,0.11362995165794093,0.019878897025936943,0.7772511848341233,0.9123222748815166
42,600,10,64,0.3,0.0,observed,concat,1.0,32,0,211,0.741072905011963,0.7874983512881204,0.3516666666666667,0.0,0.7815905103771981,0.2697629613277265,0.11695380249378647,0.027477329308167063,0.8266666666666667,0.6958333333333333,0.7483393295141015,0.27434205250767285,0.1185733718389591,0.021763790841864493,0.7535545023696683,0.8364928909952607
42,600,10,64,0.3,0.0,observed,same_pca_additive,1.0,32,0,211,0.70713942907358,0.7559822160126556,0.3516666666666667,0.0,0.74455392857046,0.28609839433823364,0.12150829916541098,0.030240936094505108,0.8183333333333334,0.6325,0.707374180268568,0.28889569615979216,0.12205715259247844,0.02364907319870734,0.6587677725118484,0.7203791469194313
42,600,10,64,0.3,0.0,shuffled,additive,1.0,32,0,211,0.0009600614878268401,0.03095961275737714,0.3516666666666667,0.0,0.42252163898709205,0.4007518272976576,0.1502609435182168,0.05005574840281308,0.13166666666666665,0.2916666666666667,0.4502988735466731,0.3791750186822819,0.14551151681386867,0.036296572465305946,0.11848341232227488,0.28672985781990523
42,600,10,64,0.3,0.0,oracle,additive,1.0,32,0,211,0.8215811728079417,0.8286314267984054,0.3516666666666667,0.0,0.8419700303386688,0.24205155046207893,0.10823023979826435,0.0223670627951248,0.915,0.7558333333333334,0.7745648967350544,0.26310283163388726,0.11493783201627321,0.020343687890190396,0.7630331753554502,0.909952606635071
42,600,10,64,0.3,0.0,observed,additive,2.0,32,0,211,0.871660229966467,0.8772828920633757,0.3516666666666667,0.0,0.9086261869753344,0.18715524044069382,0.08656680374208182,0.01321334512567055,0.94,0.7883333333333333,0.8354555167292512,0.23237459638114596,0.10430244607281058,0.01659164204051229,0.8293838862559242,0.9478672985781991
42,600,10,64,0.3,0.0,observed,concat,2.0,32,0,211,0.8970832797277903,0.9046137013407051,0.3516666666666667,0.0,0.9133812058248816,0.183419599745564,0.08522254220573341,0.012577842073351634,0.9533333333333334,0.7875,0.8419064906236379,0.22993244017662393,0.10371584934085419,0.016247019048705603,0.8672985781990521,0.9478672985781991
42,600,10,64,0.3,0.0,observed,same_pca_additive,2.0,32,0,211,0.8607621357503638,0.8684931882426485,0.3516666666666667,0.0,0.8958294318691613,0.20176840735931942,0.09285600108548059,0.01565734963310362,0.935,0.77,0.8244579763061025,0.2368887852239579,0.10560926746045983,0.017168246821637475,0.8151658767772512,0.9241706161137441
42,600,10,64,0.3,0.0,shuffled,additive,2.0,32,0,211,-0.0020759164885007886,0.02501869683216564,0.3516666666666667,0.0,0.33733605249216797,0.426252744901017,0.15391361879217372,0.058918774280315576,0.13,0.23333333333333334,0.35922014768291644,0.40776265460064715,0.15034254560084284,0.04548782358234171,0.11374407582938388,0.22985781990521326
42,600,10,64,0.3,0.0,oracle,additive,2.0,32,0,211,0.8751161376640861,0.878645240361665,0.3516666666666667,0.0,0.9034848270467601,0.1911536060419732,0.08830833917632665,0.013732960097875245,0.9416666666666667,0.7825,0.8255217767444707,0.2379292178680182,0.10635720132465838,0.01725232026287652,0.8341232227488151,0.9360189573459715
42,600,10,64,0.3,0.5,none,content_only,0.0,32,320,211,0.0872136828181231,0.16170529502442293,0.3516666666666667,0.0,0.46248710579752855,0.39825864164895014,0.15076360528820304,0.04844740433168091,0.27666666666666667,0.345,0.5082962124667523,0.37162265107782655,0.14570017849652558,0.03376971886938347,0.25118483412322273,0.3412322274881517
42,600,10,64,0.3,0.5,observed,additive,0.25,32,320,211,0.4021441653240722,0.46404858113982433,0.3516666666666667,0.0,0.5702759335883004,0.3568724923138774,0.14129672805229226,0.04185691859293807,0.6566666666666666,0.5675,0.5897868452417184,0.3387008460353827,0.13710745884622352,0.029459591491686473,0.47393364928909953,0.566350710900474
42,600,10,64,0.3,0.5,observed,concat,0.25,32,320,211,0.13565321642081526,0.2279151368315842,0.3516666666666667,0.0,0.4911849113559547,0.3862478333914799,0.1482277806946298,0.0462756760332326,0.375,0.4166666666666667,0.5262563517643626,0.36365077221959,0.14385811467400006,0.03247190668374442,0.24170616113744076,0.38388625592417064
42,600,10,64,0.3,0.5,observed,same_pca_additive,0.25,32,320,211,0.28968831578755,0.36491147487600456,0.3516666666666667,0.0,0.5133183760196212,0.37774425049697957,0.1462889391421206,0.04513108282291511,0.5233333333333333,0.4741666666666667,0.5531340047747882,0.35288905548269783,0.14095692698450604,0.031135797685537505,0.3744075829383886,0.44786729857819907
42,600,10,64,0.3,0.5,shuffled,additive,0.25,32,320,211,0.06994450276999596,0.1440087493541763,0.3516666666666667,0.0,0.47788018542884686,0.39129042067221714,0.14915079033433476,0.0470801966492489,0.29333333333333333,0.36916666666666664,0.517112646513202,0.3674670688684402,0.1446595725088952,0.03273049695273036,0.25118483412322273,0.36729857819905215
42,600,10,64,0.3,0.5,oracle,additive,0.25,32,320,211,0.48200605401857916,0.5638213821267097,0.3516666666666667,0.0,0.5754868945929135,0.35447349899618397,0.1407778200664269,0.04161884464650254,0.68,0.5633333333333334,0.5985175024722428,0.33457115148006256,0.13599406926616697,0.02904295181752196,0.4786729857819905,0.580568720379147
42,600,10,64,0.3,0.5,observed,additive,0.5,32,320,211,0.5697036003955516,0.5981274189722241,0.3516666666666667,0.0,0.6760497376874192,0.3167989928134066,0.13033005608886322,0.03527476189749168,0.78,0.6416666666666667,0.6651842111783856,0.30893723235511267,0.12831255842840428,0.025886754810098896,0.6587677725118484,0.7061611374407583
42,600,10,64,0.3,0.5,observed,concat,0.5,32,320,211,0.43201324764184973,0.49825731589722555,0.3516666666666667,0.0,0.5819972174659548,0.35280984130418025,0.1401918997669918,0.041203178903553794,0.6433333333333333,0.5616666666666666,0.6013188884675829,0.33468036978521426,0.13602849022374122,0.02895390562645603,0.5402843601895735,0.5853080568720379
42,600,10,64,0.3,0.5,observed,same_pca_additive,0.5,32,320,211,0.3974639494677057,0.46315303490231274,0.3516666666666667,0.0,0.5683032549268059,0.3565801828789967,0.1411212400427651,0.04204125825648111,0.635,0.5516666666666666,0.5974091359976694,0.3348047356139719,0.13587850104120755,0.029075003909056516,0.5165876777251185,0.556872037914692
42,600,10,64,0.3,0.5,shuffled,additive,0.5,32,320,211,0.026171429347065754,0.07467173963000195,0.3516666666666667,0.0,0.4626830829333398,0.39521655473136347,0.15001144848305514,0.0476621296459887,0.22,0.3308333333333333,0.5001791172129488,0.3715130545496247,0.14516024768554378,0.03348769200295518,0.15639810426540285,0.3080568720379147
42,600,10,64,0.3,0.5,oracle,additive,0.5,32,320,211,0.750474726913941,0.7618643351170329,0.3516666666666667,0.0,0.7234004670763168,0.2998466301532656,0.12642335505861546,0.03249499659900639,0.88,0.7033333333333334,0.6941840681443375,0.2975395100756994,0.12561866612391911,0.024549901817057986,0.6872037914691943,0.8175355450236966
42,600,10,64,0.3,0.5,observed,additive,1.0,32,320,211,0.41296392514259145,0.4785270778358643,0.3516666666666667,0.0,0.6850204510648763,0.3014517101202248,0.123779757262242,0.03296759947453164,0.6316666666666667,0.5816666666666667,0.6804495337297598,0.29762451265021517,0.12345104452809898,0.024771517566912173,0.5639810426540285,0.6540284360189573
42,600,10,64,0.3,0.5,observed,concat,1.0,32,320,211,0.46138593629503083,0.5029346365464243,0.3516666666666667,0.0,0.6719163911568801,0.31140060647204393,0.12657460784000477,0.034228275084528456,0.665,0.5433333333333333,0.6552337925952905,0.309426895536424,0.12665445793704802,0.026116896509754958,0.6255924170616114,0.6090047393364929
42,600,10,64,0.3,0.5,observed,same_pca_additive,1.0,32,320,211,0.5382210464474526,0.5675262579418663,0.3516666666666667,0.0,0.7151883079662148,0.2979815149370889,0.12424795257674161,0.03231783090905114,0.76,0.6333333333333333,0.6995417839805653,0.2925205638258062,0.12248365274481125,0.02398547161881761,0.6445497630331753,0.7180094786729858
42,600,10,64,0.3,0.5,shuffled,additive,1.0,32,320,211,-0.0008163404263238681,0.028556554493182434,0.3516666666666667,0.0,0.415481514183711,0.40420938124907096,0.15108951399652917,0.05049593977317101,0.13166666666666665,0.2775,0.45077385683493093,0.38024334171537416,0.1455930915447763,0.0362190951084155,0.12796208530805686,0.26540284360189575
42,600,10,64,0.3,0.5,oracle,additive,1.0,32,320,211,0.8215811728079417,0.8286314267984054,0.3516666666666667,0.0,0.8419700303386688,0.24205155046207893,0.10823023979826435,0.0223670627951248,0.915,0.7558333333333334,0.7745648967350544,0.26310283163388726,0.11493783201627321,0.020343687890190396,0.7630331753554502,0.909952606635071
42,600,10,64,0.3,0.5,observed,additive,2.0,32,320,211,0.48560641012257205,0.5351831236536984,0.3516666666666667,0.0,0.7492707231997151,0.2540282720299129,0.10548072756160635,0.02620674371736468,0.7033333333333334,0.6175,0.7206915069846144,0.27407626232104537,0.1147640550625576,0.022628203575100845,0.6398104265402843,0.7037914691943128
42,600,10,64,0.3,0.5,observed,concat,2.0,32,320,211,0.4876312103311959,0.547085964455494,0.3516666666666667,0.0,0.7357038331780978,0.25786672647943165,0.10585651583025973,0.02736221673404424,0.695,0.6041666666666666,0.7128035376829596,0.27739743361815,0.1157415753979121,0.023248191601090547,0.6587677725118484,0.6895734597156398
42,600,10,64,0.3,0.5,observed,same_pca_additive,2.0,32,320,211,0.5366586844868746,0.5745414821185054,0.3516666666666667,0.0,0.7848693374509166,0.24782750522940775,0.10531550751211834,0.024299521702742334,0.76,0.6375,0.75122938815415,0.2627775916033433,0.11083464489623336,0.02078473252020856,0.6729857819905213,0.7298578199052133
42,600,10,64,0.3,0.5,shuffled,additive,2.0,32,320,211,-0.004050419173138172,0.02238315862436027,0.3516666666666667,0.0,0.3437680887115522,0.4256250279768408,0.1537779377319652,0.05908763909533743,0.12666666666666668,0.24666666666666667,0.3940053674587135,0.39490161114285094,0.14704475519300636,0.04337111610990931,0.11374407582938388,0.25829383886255924
42,600,10,64,0.3,0.5,oracle,additive,2.0,32,320,211,0.8751161376640861,0.878645240361665,0.3516666666666667,0.0,0.9034848270467601,0.1911536060419732,0.08830833917632665,0.013732960097875245,0.9416666666666667,0.7825,0.8255217767444707,0.2379292178680182,0.10635720132465838,0.01725232026287652,0.8341232227488151,0.9360189573459715
42,600,10,64,0.3,1.0,none,content_only,0.0,32,472,211,0.0872136828181231,0.16170529502442293,0.3516666666666667,0.0,0.46248710579752855,0.39825864164895014,0.15076360528820304,0.04844740433168091,0.27666666666666667,0.345,0.5082962124667523,0.37162265107782655,0.14570017849652558,0.03376971886938347,0.25118483412322273,0.3412322274881517
42,600,10,64,0.3,1.0,observed,additive,0.25,32,472,211,0.2611638615367823,0.3467665755845947,0.3516666666666667,0.0,0.537506823433826,0.36851699435714474,0.14395414297326864,0.04368616831300066,0.5266666666666666,0.49416666666666664,0.5676411178872809,0.3464272234172235,0.1389603744498744,0.03043899262491192,0.3744075829383886,0.495260663507109
42,600,10,64,0.3,1.0,observed,concat,0.25,32,472,211,0.11976636760952555,0.20633541626129484,0.3516666666666667,0.0,0.48275184412171684,0.38934671724006015,0.14879635639052594,0.04692924855415388,0.3333333333333333,0.4033333333333333,0.5235115851784297,0.36517053564292534,0.14406392686065314,0.03245581733378079,0.2559241706161137,0.3791469194312796
42,600,10,64,0.3,1.0,observed,same_pca_additive,0.25,32,472,211,0.21036355909386784,0.3128981437458244,0.3516666666666667,0.0,0.4984017083731276,0.3836761056283977,0.1476209197175145,0.04594145416849557,0.365,0.43666666666666665,0.539123918258908,0.3585294592153091,0.14237604224530226,0.031758626646380544,0.27014218009478674,0.44075829383886256
42,600,10,64,0.3,1.0,shuffled,additive,0.25,32,472,211,0.07935614883119006,0.15628453056578367,0.3516666666666667,0.0,0.4707694208519832,0.39391408320539284,0.14981651887893538,0.04749772947885613,0.285,0.355,0.5177344174184074,0.36678461461441314,0.14426747186987465,0.03318333312869213,0.23696682464454977,0.3767772511848341
42,600,10,64,0.3,1.0,oracle,additive,0.25,32,472,211,0.48200605401857916,0.5638213821267097,0.3516666666666667,0.0,0.5754868945929135,0.35447349899618397,0.1407778200664269,0.04161884464650254,0.68,0.5633333333333334,0.5985175024722428,0.33457115148006256,0.13599406926616697,0.02904295181752196,0.4786729857819905,0.580568720379147
42,600,10,64,0.3,1.0,observed,additive,0.5,32,472,211,0.293894764036311,0.3720711504770233,0.3516666666666667,0.0,0.6141976644421251,0.33922544856716325,0.1358155083269189,0.038817457633373936,0.5683333333333334,0.5558333333333333,0.6181765702587786,0.32660567499325927,0.13278352794191223,0.02802802593311443,0.45023696682464454,0.5781990521327014
42,600,10,64,0.3,1.0,observed,concat,0.5,32,472,211,0.2036737844875058,0.29026524928074393,0.3516666666666667,0.0,0.5312296507782551,0.37142188417524485,0.14421558597693832,0.043971895329155415,0.4533333333333333,0.43333333333333335,0.5661161364057742,0.34729947410033846,0.13887614871951254,0.030503141142744772,0.33649289099526064,0.44549763033175355
42,600,10,64,0.3,1.0,observed,same_pca_additive,0.5,32,472,211,0.24230724387915756,0.30579229614710285,0.3516666666666667,0.0,0.5127496402651929,0.3785089025862257,0.146290671203558,0.04518886653702901,0.44666666666666666,0.4716666666666667,0.5577083530955089,0.3513701469498341,0.14042789179717077,0.030938067525891823,0.36492890995260663,0.4881516587677725
42,600,10,64,0.3,1.0,shuffled,additive,0.5,32,472,211,0.021884269432852047,0.06716112350235974,0.3516666666666667,0.0,0.46263807912858435,0.3949102916450087,0.1498116365201275,0.047743049874718585,0.20833333333333334,0.30583333333333335,0.5120263548585782,0.36644299304086114,0.1435925873739019,0.0329258099863086,0.17535545023696683,0.2985781990521327
42,600,10,64,0.3,1.0,oracle,additive,0.5,32,472,211,0.750474726913941,0.7618643351170329,0.3516666666666667,0.0,0.7234004670763168,0.2998466301532656,0.12642335505861546,0.03249499659900639,0.88,0.7033333333333334,0.6941840681443375,0.2975395100756994,0.12561866612391911,0.024549901817057986,0.6872037914691943,0.8175355450236966
42,600,10,64,0.3,1.0,observed,additive,1.0,32,472,211,0.26646977695196244,0.3477184468646983,0.3516666666666667,0.0,0.6555563633320465,0.31145975973082346,0.12569836875419307,0.03466746078283765,0.545,0.555,0.6554443418098369,0.3054439855669238,0.12455820124201886,0.025979566923963405,0.4597156398104265,0.6066350710900474
42,600,10,64,0.3,1.0,observed,concat,1.0,32,472,211,0.19105096764309742,0.2795211868707958,0.3516666666666667,0.0,0.5688716947986578,0.34975425734360643,0.13592869305590846,0.04065029420061827,0.435,0.415,0.5865410220748014,0.33427804026987423,0.13232858647218737,0.029335783692767493,0.36018957345971564,0.4549763033175355
42,600,10,64,0.3,1.0,observed,same_pca_additive,1.0,32,472,211,0.21351756715529396,0.27622777981608304,0.3516666666666667,0.0,0.572212600503404,0.3530803355160789,0.13827926415936023,0.04108121150933252,0.43333333333333335,0.445,0.5976621993274582,0.33400985113733495,0.13394030272841845,0.028915940591670544,0.4075829383886256,0.4928909952606635
42,600,10,64,0.3,1.0,shuffled,additive,1.0,32,472,211,0.005600824598706022,0.04392278375401526,0.3516666666666667,0.0,0.4186738029438274,0.4037148589520208,0.15105478901447167,0.05048641355143705,0.14333333333333334,0.2808333333333333,0.46050845697346365,0.3764486381330011,0.1449600676644758,0.03583827114477856,0.12322274881516587,0.2962085308056872
42,600,10,64,0.3,1.0,oracle,additive,1.0,32,472,211,0.8215811728079417,0.8286314267984054,0.3516666666666667,0.0,0.8419700303386688,0.24205155046207893,0.10823023979826435,0.0223670627951248,0.915,0.7558333333333334,0.7745648967350544,0.26310283163388726,0.11493783201627321,0.020343687890190396,0.7630331753554502,0.909952606635071
42,600,10,64,0.3,1.0,observed,additive,2.0,32,472,211,0.2644035743976089,0.35811294238560637,0.3516666666666667,0.0,0.6375111235002774,0.2992275422915354,0.11838197108240998,0.03518164706353133,0.5333333333333333,0.5241666666666667,0.6478955647182831,0.2996418592419237,0.12176776855613605,0.02677640858289992,0.46445497630331756,0.566350710900474
42,600,10,64,0.3,1.0,observed,concat,2.0,32,472,211,0.25396464841869115,0.35094644263991037,0.3516666666666667,0.0,0.6328141800988326,0.3002525068411097,0.1179525837617659,0.036324111797337764,0.545,0.5175,0.6371820151600366,0.30304123630547103,0.12256376055222819,0.028069629112203117,0.4786729857819905,0.5853080568720379
42,600,10,64,0.3,1.0,observed,same_pca_additive,2.0,32,472,211,0.24492365203334895,0.31826852070974315,0.3516666666666667,0.0,0.6140164022715279,0.3188877303441451,0.12540106437468732,0.03689698422706639,0.49666666666666665,0.4666666666666667,0.6347260585449165,0.3085059910322555,0.12376912520672206,0.027023633494073114,0.44549763033175355,0.5260663507109005
42,600,10,64,0.3,1.0,shuffled,additive,2.0,32,472,211,0.003785032925920961,0.041544624051601975,0.3516666666666667,0.0,0.34701300381520594,0.42797215790156995,0.15475039555610134,0.05860003629294587,0.13666666666666666,0.23833333333333334,0.39047590332566845,0.4001592020280536,0.14884404984435176,0.04364342863377816,0.10426540284360189,0.24170616113744076
42,600,10,64,0.3,1.0,oracle,additive,2.0,32,472,211,0.8751161376640861,0.878645240361665,0.3516666666666667,0.0,0.9034848270467601,0.1911536060419732,0.08830833917632665,0.013732960097875245,0.9416666666666667,0.7825,0.8255217767444707,0.2379292178680182,0.10635720132465838,0.01725232026287652,0.8341232227488151,0.9360189573459715
42,600,10,64,0.3,1.5,none,content_only,0.0,32,550,211,0.0872136828181231,0.16170529502442293,0.3516666666666667,0.0,0.46248710579752855,0.39825864164895014,0.15076360528820304,0.04844740433168091,0.27666666666666667,0.345,0.5082962124667523,0.37162265107782655,0.14570017849652558,0.03376971886938347,0.25118483412322273,0.3412322274881517
42,600,10,64,0.3,1.5,observed,additive,0.25,32,550,211,0.20939137222953147,0.29998436326528616,0.3516666666666667,0.0,0.5227898122662741,0.37381250953217027,0.14527807128090434,0.04441674319555745,0.45666666666666667,0.4683333333333333,0.554697155763777,0.3520315981305352,0.14062448808282774,0.03105549245002695,0.33175355450236965,0.476303317535545
42,600,10,64,0.3,1.5,observed,concat,0.25,32,550,211,0.0836766806756764,0.1451930036653434,0.3516666666666667,0.0,0.4628052575462855,0.39725300957538284,0.15047140417085816,0.04815928794411763,0.23833333333333334,0.33166666666666667,0.5023127775184566,0.3732821653377112,0.14600822540627553,0.03412665768235376,0.16587677725118483,0.2985781990521327
42,600,10,64,0.3,1.5,observed,same_pca_additive,0.25,32,550,211,0.1658636584708121,0.24327448299893836,0.3516666666666667,0.0,0.46339538643392436,0.39719338709169305,0.15083981368398316,0.04778463586038032,0.3016666666666667,0.39,0.513153393260023,0.3691552756070968,0.1453378362194241,0.032914579709357586,0.25118483412322273,0.3981042654028436
42,600,10,64,0.3,1.5,shuffled,additive,0.25,32,550,211,0.06719469854398215,0.14276217414609763,0.3516666666666667,0.0,0.47331121537465853,0.39259611017217644,0.14949303416058343,0.04730273147457188,0.255,0.3541666666666667,0.5164559873106496,0.3667112613115243,0.14435059217176496,0.03279777176002536,0.16113744075829384,0.33886255924170616
42,600,10,64,0.3,1.5,oracle,additive,0.25,32,550,211,0.48200605401857916,0.5638213821267097,0.3516666666666667,0.0,0.5754868945929135,0.35447349899618397,0.1407778200664269,0.04161884464650254,0.68,0.5633333333333334,0.5985175024722428,0.33457115148006256,0.13599406926616697,0.02904295181752196,0.4786729857819905,0.580568720379147
42,600,10,64,0.3,1.5,observed,additive,0.5,32,550,211,0.21683436019812113,0.2862966049032296,0.3516666666666667,0.0,0.549724886325982,0.36248647904584225,0.14182749550960727,0.04254863018609799,0.47,0.4533333333333333,0.5722114070540543,0.34457675901315726,0.13817528101838475,0.030196639562084453,0.3791469194312796,0.46919431279620855
42,600,10,64,0.3,1.5,observed,concat,0.5,32,550,211,0.09203971036249232,0.17560955413603208,0.3516666666666667,0.0,0.4414658863231911,0.4043909605217051,0.15209358172101928,0.04887155465142735,0.28833333333333333,0.3233333333333333,0.48806614107371066,0.3779279492892325,0.14715473287291767,0.0339969195390168,0.24170616113744076,0.2890995260663507
42,600,10,64,0.3,1.5,observed,same_pca_additive,0.5,32,550,211,0.10768947685009138,0.16896511384665097,0.3516666666666667,0.0,0.4490383238259468,0.40380453886656864,0.15214314358710826,0.048549615253343725,0.24333333333333335,0.33,0.5044319378796278,0.3738036439439652,0.1464687647236983,0.03331066512002836,0.22748815165876776,0.35071090047393366
42,600,10,64,0.3,1.5,shuffled,additive,0.5,32,550,211,0.027103514772353045,0.07193457881954704,0.3516666666666667,0.0,0.44790168316047546,0.4011272843836336,0.1509741252045517,0.048577843101933575,0.21666666666666667,0.2825,0.5028764866902097,0.3711288364178999,0.14500603040762436,0.03341050884488327,0.23222748815165878,0.2843601895734597
42,600,10,64,0.3,1.5,oracle,additive,0.5,32,550,211,0.750474726913941,0.7618643351170329,0.3516666666666667,0.0,0.7234004670763168,0.2998466301532656,0.12642335505861546,0.03249499659900639,0.88,0.7033333333333334,0.6941840681443375,0.2975395100756994,0.12561866612391911,0.024549901817057986,0.6872037914691943,0.8175355450236966
42,600,10,64,0.3,1.5,observed,additive,1.0,32,550,211,0.11972525239448666,0.2203999710554245,0.3516666666666667,0.0,0.5080066403230872,0.37277953343491643,0.14245769775859185,0.04431534413091948,0.345,0.35333333333333333,0.5428045962445266,0.3529960498466671,0.13874471751349157,0.03135350277988768,0.3127962085308057,0.3909952606635071
42,600,10,64,0.3,1.5,observed,concat,1.0,32,550,211,0.105109114645723,0.23369108735345934,0.3516666666666667,0.0,0.4952422553282306,0.37868463045612905,0.14367696846824726,0.04506830077846513,0.33,0.3333333333333333,0.5219346863848081,0.3613991651123891,0.14039041628297505,0.03233750386712172,0.3127962085308057,0.36018957345971564
42,600,10,64,0.3,1.5,observed,same_pca_additive,1.0,32,550,211,0.07601792815358277,0.13589670768480958,0.3516666666666667,0.0,0.4561115378865757,0.39965336000860335,0.15072614098341702,0.047988739125833395,0.22166666666666668,0.3425,0.5093082240455622,0.3708015219851836,0.14520809778303553,0.033033806935054394,0.20853080568720378,0.36255924170616116
42,600,10,64,0.3,1.5,shuffled,additive,1.0,32,550,211,-0.001634798933082969,0.038289791190830945,0.3516666666666667,0.0,0.41041632980060155,0.41195605401571406,0.1528673547925689,0.05074140549848218,0.14666666666666667,0.24,0.46435183886928294,0.38251617376999747,0.14682653616180677,0.035373258812178454,0.13270142180094788,0.26303317535545023
42,600,10,64,0.3,1.5,oracle,additive,1.0,32,550,211,0.8215811728079417,0.8286314267984054,0.3516666666666667,0.0,0.8419700303386688,0.24205155046207893,0.10823023979826435,0.0223670627951248,0.915,0.7558333333333334,0.7745648967350544,0.26310283163388726,0.11493783201627321,0.020343687890190396,0.7630331753554502,0.909952606635071
42,600,10,64,0.3,1.5,observed,additive,2.0,32,550,211,0.15555711695399538,0.23587535415635502,0.3516666666666667,0.0,0.5312887472078267,0.35240116675700894,0.13408047351694002,0.04265985298145633,0.4033333333333333,0.40166666666666667,0.5576945780553962,0.33960050055193636,0.13258091476419456,0.031121165614689382,0.3744075829383886,0.42417061611374407
42,600,10,64,0.3,1.5,observed,concat,2.0,32,550,211,0.14174153955605073,0.22948251889812166,0.3516666666666667,0.0,0.5099357115719488,0.36179162909051304,0.13615219018074728,0.04495503839598946,0.365,0.36833333333333335,0.5350432624258191,0.34928720305829913,0.1351974796794389,0.03284049843645033,0.33175355450236965,0.3886255924170616
42,600,10,64,0.3,1.5,observed,same_pca_additive,2.0,32,550,211,0.14091395901297699,0.22327310116498594,0.3516666666666667,0.0,0.5449877479546956,0.3520229173464918,0.13540508526711834,0.04177611693253136,0.3983333333333333,0.38916666666666666,0.5685072476304218,0.33806354435795144,0.1326170354342494,0.030256307515984095,0.3696682464454976,0.4075829383886256
42,600,10,64,0.3,1.5,shuffled,additive,2.0,32,550,211,0.0048433707822656685,0.03652361957069921,0.3516666666666667,0.0,0.3592122675081854,0.42513084214826563,0.15430331038930048,0.05664487014445483,0.14333333333333334,0.2325,0.4040531358600755,0.3979487159554328,0.14780958945856995,0.041408017494972395,0.11374407582938388,0.24170616113744076
42,600,10,64,0.3,1.5,oracle,additive,2.0,32,550,211,0.8751161376640861,0.878645240361665,0.3516666666666667,0.0,0.9034848270467601,0.1911536060419732,0.08830833917632665,0.013732960097875245,0.9416666666666667,0.7825,0.8255217767444707,0.2379292178680182,0.10635720132465838,0.01725232026287652,0.8341232227488151,0.9360189573459715
42,600,10,64,0.3,2.0,none,content_only,0.0,32,581,211,0.0872136828181231,0.16170529502442293,0.3516666666666667,0.0,0.46248710579752855,0.39825864164895014,0.15076360528820304,0.04844740433168091,0.27666666666666667,0.345,0.5082962124667523,0.37162265107782655,0.14570017849652558,0.03376971886938347,0.25118483412322273,0.3412322274881517
42,600,10,64,0.3,2.0,observed,additive,0.25,32,581,211,0.16431823272539,0.24362633479195234,0.3516666666666667,0.0,0.5014124201825725,0.3833366700998919,0.1474603867460906,0.045989754041150674,0.3983333333333333,0.4225,0.5386010761780154,0.3590345842685907,0.14238567197293883,0.03207699866192121,0.2796208530805687,0.42890995260663506
42,600,10,64,0.3,2.0,observed,concat,0.25,32,581,211,0.10903668927661536,0.1711593623772724,0.3516666666666667,0.0,0.464254250524671,0.3980641360827237,0.1507123556336407,0.048447896912641605,0.29,0.3525,0.507403403696297,0.37286612099558736,0.14580255071342874,0.034347163800714446,0.24644549763033174,0.35308056872037913
42,600,10,64,0.3,2.0,observed,same_pca_additive,0.25,32,581,211,0.1322462725410188,0.20067748675881045,0.3516666666666667,0.0,0.44228625383970666,0.405904212340164,0.1527191006692605,0.04892530158487074,0.2833333333333333,0.38166666666666665,0.498040021826898,0.37585492170597506,0.14710064669470022,0.03358784804955879,0.24170616113744076,0.36729857819905215
42,600,10,64,0.3,2.0,shuffled,additive,0.25,32,581,211,0.09076388578796252,0.1732530042978367,0.3516666666666667,0.0,0.4761954053224052,0.39200746687079085,0.1494055530201303,0.04720238310494746,0.30333333333333334,0.3858333333333333,0.5187154820867954,0.36730933586389414,0.14464599481880844,0.03299786729581307,0.23222748815165878,0.3815165876777251
42,600,10,64,0.3,2.0,oracle,additive,0.25,32,581,211,0.48200605401857916,0.5638213821267097,0.3516666666666667,0.0,0.5754868945929135,0.35447349899618397,0.1407778200664269,0.04161884464650254,0.68,0.5633333333333334,0.5985175024722428,0.33457115148006256,0.13599406926616697,0.02904295181752196,0.4786729857819905,0.580568720379147
42,600,10,64,0.3,2.0,observed,additive,0.5,32,581,211,0.1380938951804449,0.20087514786029215,0.3516666666666667,0.0,0.5190379144547976,0.3752900862148425,0.14495058048187562,0.04444181418173601,0.395,0.39416666666666667,0.5491642515659737,0.3536847025479829,0.14054440873709972,0.031216127456357583,0.33175355450236965,0.4075829383886256
42,600,10,64,0.3,2.0,observed,concat,0.5,32,581,211,0.055891347674936816,0.12069535425359723,0.3516666666666667,0.0,0.43120046402882944,0.40908657284878897,0.15309573201318968,0.04944464909917593,0.20666666666666667,0.2925,0.48413234801647437,0.3800537458121916,0.14760794089509272,0.03419303881929317,0.21800947867298578,0.31990521327014215
42,600,10,64,0.3,2.0,observed,same_pca_additive,0.5,32,581,211,0.04926581043969345,0.09379897572136563,0.3516666666666667,0.0,0.4197198283045867,0.41528327162198136,0.15479326896967388,0.05005501422996998,0.16666666666666666,0.28833333333333333,0.4778973822216951,0.3847299380302073,0.14937941185578585,0.03444956692063883,0.13744075829383887,0.28672985781990523
42,600,10,64,0.3,2.0,shuffled,additive,0.5,32,581,211,0.0389332029111779,0.09091248043034142,0.3516666666666667,0.0,0.43679093076362296,0.4053874850076041,0.1522505624578922,0.04909791233244819,0.20166666666666666,0.3016666666666667,0.4852752369231203,0.3773849426702509,0.14677544112818122,0.034174632789886826,0.16113744075829384,0.2890995260663507
42,600,10,64,0.3,2.0,oracle,additive,0.5,32,581,211,0.750474726913941,0.7618643351170329,0.3516666666666667,0.0,0.7234004670763168,0.2998466301532656,0.12642335505861546,0.03249499659900639,0.88,0.7033333333333334,0.6941840681443375,0.2975395100756994,0.12561866612391911,0.024549901817057986,0.6872037914691943,0.8175355450236966
42,600,10,64,0.3,2.0,observed,additive,1.0,32,581,211,0.08585420106712006,0.1604336026930862,0.3516666666666667,0.0,0.4951980613700881,0.3783013429269774,0.14383739024514935,0.04511846982793446,0.31833333333333336,0.3283333333333333,0.5249386653783891,0.35952927620915703,0.14043824261844054,0.03221647109256512,0.26540284360189575,0.33175355450236965
42,600,10,64,0.3,2.0,observed,concat,1.0,32,581,211,0.04211111786648052,0.12894691678866893,0.3516666666666667,0.0,0.4507810469849587,0.3965235318411962,0.1485066899581627,0.04805464356127918,0.24,0.27666666666666667,0.48859277133294887,0.3736079643151343,0.14395901603463915,0.03407578565939004,0.1943127962085308,0.2890995260663507
42,600,10,64,0.3,2.0,observed,same_pca_additive,1.0,32,581,211,0.038249914062693076,0.07257883603721332,0.3516666666666667,0.0,0.4197189605547346,0.415283594780434,0.15479333506965828,0.0500550568208502,0.15666666666666668,0.2791666666666667,0.4778966322474774,0.384730231749819,0.1493794816695074,0.03444959844608552,0.13270142180094788,0.28672985781990523
42,600,10,64,0.3,2.0,shuffled,additive,1.0,32,581,211,0.001095913515336341,0.037292538261680865,0.3516666666666667,0.0,0.41197918602481925,0.4120733608428868,0.15301778526484627,0.05054107385238134,0.15666666666666668,0.23666666666666666,0.466229089490896,0.38119741135533525,0.14644271424726657,0.03514812002699648,0.13744075829383887,0.22748815165876776
42,600,10,64,0.3,2.0,oracle,additive,1.0,32,581,211,0.8215811728079417,0.8286314267984054,0.3516666666666667,0.0,0.8419700303386688,0.24205155046207893,0.10823023979826435,0.0223670627951248,0.915,0.7558333333333334,0.7745648967350544,0.26310283163388726,0.11493783201627321,0.020343687890190396,0.7630331753554502,0.909952606635071
42,600,10,64,0.3,2.0,observed,additive,2.0,32,581,211,0.06018466690418323,0.16993639344010575,0.3516666666666667,0.0,0.5010372549262488,0.36321697534151115,0.13723845443660612,0.04547005137027232,0.335,0.3541666666666667,0.5168486852646336,0.3542201693127708,0.13667945253798622,0.033828332124088555,0.26540284360189575,0.36729857819905215
42,600,10,64,0.3,2.0,observed,concat,2.0,32,581,211,0.056910891813345584,0.12556449201111383,0.3516666666666667,0.0,0.45501026206328693,0.3859824698218239,0.14207021303625655,0.048936702076646514,0.28,0.31416666666666665,0.473665572250507,0.3749001504257327,0.14136448238880417,0.0363739173149069,0.21800947867298578,0.31990521327014215
42,600,10,64,0.3,2.0,observed,same_pca_additive,2.0,32,581,211,0.04041701695295907,0.09011378669320434,0.3516666666666667,0.0,0.4524995429634297,0.39450062623587995,0.14735072781337363,0.048295921527051235,0.21166666666666667,0.2866666666666667,0.49558397933590276,0.36829023333858085,0.14200194187045187,0.03405765433686536,0.17061611374407584,0.31990521327014215
42,600,10,64,0.3,2.0,shuffled,additive,2.0,32,581,211,0.014479523901579234,0.04675536062180977,0.3516666666666667,0.0,0.3577385877505762,0.42764728491633963,0.15476434192797395,0.05696912112530223,0.15833333333333333,0.22916666666666666,0.4132884459017558,0.39378853361541566,0.14651369583900306,0.0408230148601585,0.14218009478672985,0.24881516587677724
42,600,10,64,0.3,2.0,oracle,additive,2.0,32,581,211,0.8751161376640861,0.878645240361665,0.3516666666666667,0.0,0.9034848270467601,0.1911536060419732,0.08830833917632665,0.013732960097875245,0.9416666666666667,0.7825,0.8255217767444707,0.2379292178680182,0.10635720132465838,0.01725232026287652,0.8341232227488151,0.9360189573459715
42,600,10,64,0.4,0.0,none,content_only,0.0,32,0,211,0.031749930780816144,0.08049602260571337,0.3516666666666667,0.0,0.43969213646163346,0.4066899892770357,0.15253032785031095,0.04961445260591912,0.185,0.2925,0.4796480540508386,0.38393482762960746,0.14875281829864836,0.035457741713110495,0.11374407582938388,0.27488151658767773
42,600,10,64,0.4,0.0,observed,additive,0.25,32,0,211,0.4070016933030763,0.4882114503496201,0.3516666666666667,0.0,0.5544334370783855,0.36260404095638277,0.14275147145960848,0.04284947171239197,0.645,0.5466666666666666,0.5834931498226762,0.34071592002147466,0.137704441832189,0.029752043388927448,0.44075829383886256,0.5639810426540285
42,600,10,64,0.4,0.0,observed,concat,0.25,32,0,211,0.09356674727564593,0.15214723287647672,0.3516666666666667,0.0,0.45620513349749214,0.3997072275957478,0.1510915196370831,0.048504169561725555,0.24833333333333332,0.3225,0.5018766828202861,0.37337437649366545,0.14582599497513582,0.03437648704563729,0.2037914691943128,0.31516587677725116
42,600,10,64,0.4,0.0,observed,same_pca_additive,0.25,32,0,211,0.26562736491562583,0.3517491568152453,0.3516666666666667,0.0,0.495712789834978,0.3845188478637303,0.14798704523927259,0.04607485549637088,0.485,0.44916666666666666,0.5360929140806422,0.35957068950934545,0.14276052253359828,0.031891552741716296,0.3696682464454976,0.4265402843601896
42,600,10,64,0.4,0.0,shuffled,additive,0.25,32,0,211,0.034253590026133,0.09441475380197714,0.3516666666666667,0.0,0.4482220225173822,0.4022543794698151,0.15160416201010282,0.04877151957234709,0.20166666666666666,0.30833333333333335,0.49577757453045146,0.3754628718126863,0.14656490859356375,0.033674437879337264,0.17061611374407584,0.3080568720379147
42,600,10,64,0.4,0.0,oracle,additive,0.25,32,0,211,0.4040818035476403,0.48916020561403556,0.3516666666666667,0.0,0.5530655042456825,0.36317452633047165,0.14289434728364878,0.04291817779573546,0.645,0.5466666666666666,0.5813135217287867,0.34167507658664986,0.13795819681039057,0.029855151729005415,0.4312796208530806,0.5592417061611374
42,600,10,64,0.4,0.0,observed,additive,0.5,32,0,211,0.717140880507202,0.7364599908187661,0.3516666666666667,0.0,0.6987929200397751,0.30980782364975123,0.12918676986385802,0.03427096564081406,0.8616666666666667,0.6858333333333333,0.6822250712898745,0.30231678150616537,0.12699903425891557,0.02514190486800122,0.6540284360189573,0.7914691943127962
42,600,10,64,0.4,0.0,observed,concat,0.5,32,0,211,0.5765630376080801,0.639750420113503,0.3516666666666667,0.0,0.5849316240181832,0.3517352513565895,0.14024213184914583,0.04125846906668139,0.76,0.5833333333333334,0.6116920419838211,0.3300076601060824,0.1350088277218185,0.028507724171427964,0.5687203791469194,0.6374407582938388
42,600,10,64,0.4,0.0,observed,same_pca_additive,0.5,32,0,211,0.4155296416536577,0.5180492360828238,0.3516666666666667,0.0,0.5340203294476769,0.36899726481946754,0.14429133812872758,0.04400228083435862,0.5533333333333333,0.515,0.5709215821644479,0.34473372010266223,0.13878894834472022,0.030307595414715567,0.3981042654028436,0.5071090047393365
42,600,10,64,0.4,0.0,shuffled,additive,0.5,32,0,211,0.01805005893444793,0.06977637934723703,0.3516666666666667,0.0,0.44911367734680707,0.4003246074390533,0.1509725769081827,0.048480835935166985,0.18166666666666667,0.3016666666666667,0.4943856592655259,0.3735789675444532,0.14555379700521542,0.03374575597119832,0.13270142180094788,0.28199052132701424
42,600,10,64,0.4,0.0,oracle,additive,0.5,32,0,211,0.7288713897916475,0.7463024428866034,0.3516666666666667,0.0,0.6930187257341593,0.3119358844058424,0.12980068850727708,0.034595449393775346,0.8683333333333333,0.6816666666666666,0.6762742149609627,0.3047717491334288,0.12772214330375234,0.02543363711689967,0.6682464454976303,0.7772511848341233
42,600,10,64,0.4,0.0,observed,additive,1.0,32,0,211,0.8176087237071271,0.824221248819174,0.3516666666666667,0.0,0.8345271767592763,0.24732364608842025,0.11004215805273813,0.02343283673343363,0.9133333333333333,0.7591666666666667,0.7749698890010089,0.2628613381023043,0.11481545533946527,0.020329223222164412,0.7582938388625592,0.909952606635071
42,600,10,64,0.4,0.0,observed,concat,1.0,32,0,211,0.8660197340927884,0.8761266985240914,0.3516666666666667,0.0,0.8263850218148608,0.25490304167479283,0.11306831510746397,0.024764246015243376,0.9383333333333334,0.7741666666666667,0.7726141063831613,0.2659805642292977,0.11636593596740206,0.020672560439771094,0.8246445497630331,0.9407582938388626
42,600,10,64,0.4,0.0,observed,same_pca_additive,1.0,32,0,211,0.7340381154231327,0.7563990522810459,0.3516666666666667,0.0,0.7320181807936206,0.2935665764428285,0.1243235621814526,0.03183657578931839,0.87,0.6691666666666667,0.7129487438545544,0.2877271559939716,0.12238537861024935,0.02347893083231735,0.6777251184834123,0.7772511848341233
42,600,10,64,0.4,0.0,shuffled,additive,1.0,32,0,211,-0.00037579261668486686,0.028301623506991832,0.3516666666666667,0.0,0.40877489845094755,0.4064819516013147,0.1515592906974388,0.050934161346265154,0.12,0.26916666666666667,0.4401786309230617,0.3835964710216066,0.1465741370732168,0.03683228742444461,0.10900473933649289,0.27488151658767773
42,600,10,64,0.4,0.0,oracle,additive,1.0,32,0,211,0.8152629481136717,0.8228790714079585,0.3516666666666667,0.0,0.8293721213526626,0.24987689544758637,0.11092274369825558,0.023773924025617475,0.9116666666666666,0.7516666666666667,0.7665293195018213,0.26683545691321836,0.1161472051998903,0.02080453968008355,0.7535545023696683,0.8981042654028436
42,600,10,64,0.4,0.0,observed,additive,2.0,32,0,211,0.871660229966467,0.8772828920633757,0.3516666666666667,0.0,0.9060791115826572,0.19064673918965416,0.08812906533147323,0.01376719579069667,0.94,0.7875,0.8332484119510164,0.23359948655345114,0.1047336068150884,0.016742151117765326,0.8293838862559242,0.9478672985781991
42,600,10,64,0.4,0.0,observed,concat,2.0,32,0,211,0.9005621624923266,0.9082708520001204,0.3516666666666667,0.0,0.9125152359594015,0.18490493933601607,0.0859218892267999,0.012803875792398126,0.955,0.7875,0.8411502489638243,0.2304235046559052,0.10390698316133445,0.016305126007194776,0.8720379146919431,0.9478672985781991
42,600,10,64,0.4,0.0,observed,same_pca_additive,2.0,32,0,211,0.8510539189910378,0.8600357984909074,0.3516666666666667,0.0,0.8849651085691145,0.2114179037971131,0.09670438864888813,0.017349223484600662,0.93,0.745,0.8149999750226851,0.24116755351198296,0.10701116085126029,0.017706750729443953,0.8009478672985783,0.9004739336492891
42,600,10,64,0.4,0.0,shuffled,additive,2.0,32,0,211,-0.0025603612178375346,0.024281227776470866,0.3516666666666667,0.0,0.3358298651190649,0.42724546169573707,0.15416785914900608,0.05920370205169723,0.13333333333333333,0.225,0.3616257901286562,0.40673890321354256,0.14973034317707834,0.04535902729217348,0.10900473933649289,0.2156398104265403
42,600,10,64,0.4,0.0,oracle,additive,2.0,32,0,211,0.8544994143916159,0.8601654232179722,0.3516666666666667,0.0,0.9007168656298423,0.19468039950998564,0.08986852889873978,0.014291588404954127,0.9316666666666666,0.7825,0.8229996656903488,0.23932690161311843,0.10685893636114732,0.017422333797208662,0.8056872037914692,0.9312796208530806
42,600,10,64,0.4,0.5,none,content_only,0.0,32,320,211,0.031749930780816144,0.08049602260571337,0.3516666666666667,0.0,0.43969213646163346,0.4066899892770357,0.15253032785031095,0.04961445260591912,0.185,0.2925,0.4796480540508386,0.38393482762960746,0.14875281829864836,0.035457741713110495,0.11374407582938388,0.27488151658767773
42,600,10,64,0.4,0.5,observed,additive,0.25,32,320,211,0.2787604683061256,0.36315874375480844,0.3516666666666667,0.0,0.5272755494015038,0.37246981757231085,0.1450274707045808,0.04429310712624725,0.5366666666666666,0.49,0.5607464142969635,0.3497980494590502,0.14008356938087813,0.03078192998172092,0.3981042654028436,0.4786729857819905
42,600,10,64,0.4,0.5,observed,concat,0.25,32,320,211,0.0633319574762678,0.12373739322720573,0.3516666666666667,0.0,0.45318000863796365,0.4005948563319071,0.1511040725382816,0.048535612791445734,0.24333333333333335,0.31333333333333335,0.49736752260895145,0.37534946139344955,0.14663607791629807,0.03411902610201115,0.2132701421800948,0.3104265402843602
42,600,10,64,0.4,0.5,observed,same_pca_additive,0.25,32,320,211,0.18309449996335625,0.2729431711012093,0.3516666666666667,0.0,0.49589166136094653,0.38478037691985123,0.1480473642417046,0.04607687739183431,0.4066666666666667,0.4533333333333333,0.5359538960514778,0.35998474207810166,0.14295676797111895,0.03190326039235809,0.2938388625592417,0.42890995260663506
42,600,10,64,0.4,0.5,shuffled,additive,0.25,32,320,211,0.028897264535810454,0.08676042100761343,0.3516666666666667,0.0,0.44487683770939723,0.4037806615308621,0.15196977643853346,0.049312021008219666,0.185,0.2916666666666667,0.49695854636133774,0.37462378435560995,0.14625787781854277,0.03424820655757288,0.16587677725118483,0.2890995260663507
42,600,10,64,0.4,0.5,oracle,additive,0.25,32,320,211,0.4040818035476403,0.48916020561403556,0.3516666666666667,0.0,0.5530655042456825,0.36317452633047165,0.14289434728364878,0.04291817779573546,0.645,0.5466666666666666,0.5813135217287867,0.34167507658664986,0.13795819681039057,0.029855151729005415,0.4312796208530806,0.5592417061611374
42,600,10,64,0.4,0.5,observed,additive,0.5,32,320,211,0.4460438073994859,0.5016674967285922,0.3516666666666667,0.0,0.6258967695901666,0.33520158358452345,0.13526835579357105,0.0384183350262527,0.6833333333333333,0.5933333333333334,0.6318382823098173,0.3218139127975504,0.13194973520320832,0.02746169120581112,0.5545023696682464,0.6303317535545023
42,600,10,64,0.4,0.5,observed,concat,0.5,32,320,211,0.29379574480516124,0.3930911508289069,0.3516666666666667,0.0,0.537467317850464,0.3687899505432719,0.1440682082615325,0.04369726609154193,0.545,0.49333333333333335,0.5758350625423582,0.3443318413189509,0.1386500051490999,0.030068902781386873,0.4549763033175355,0.5213270142180095
42,600,10,64,0.4,0.5,observed,same_pca_additive,0.5,32,320,211,0.28820831675016273,0.36936526262967967,0.3516666666666667,0.0,0.5034571380044379,0.38085382796909556,0.14698429186368844,0.045669190969225525,0.5083333333333333,0.4775,0.5473436538049515,0.35469491198348896,0.14140819019599507,0.031381057988378626,0.3886255924170616,0.471563981042654
42,600,10,64,0.4,0.5,shuffled,additive,0.5,32,320,211,0.010769978110399286,0.051235057542619526,0.3516666666666667,0.0,0.4471456776620251,0.4011855561451799,0.1513036098565647,0.048510809667559975,0.17666666666666667,0.29333333333333333,0.4890002429681134,0.37603260486968215,0.14629299105281607,0.0340028433608292,0.15639810426540285,0.28199052132701424
42,600,10,64,0.4,0.5,oracle,additive,0.5,32,320,211,0.7288713897916475,0.7463024428866034,0.3516666666666667,0.0,0.6930187257341593,0.3119358844058424,0.12980068850727708,0.034595449393775346,0.8683333333333333,0.6816666666666666,0.6762742149609627,0.3047717491334288,0.12772214330375234,0.02543363711689967,0.6682464454976303,0.7772511848341233
42,600,10,64,0.4,0.5,observed,additive,1.0,32,320,211,0.4590702839986659,0.523041415887151,0.3516666666666667,0.0,0.706832901050742,0.29546087272676147,0.12192504609441228,0.03171745199996827,0.6783333333333333,0.5916666666666667,0.6856206936457725,0.2964678988711668,0.12266505199736905,0.02454924803237489,0.5734597156398105,0.6682464454976303
42,600,10,64,0.4,0.5,observed,concat,1.0,32,320,211,0.5014687364936817,0.5618264373379925,0.3516666666666667,0.0,0.6927285989895118,0.3037836309107916,0.12469631868892388,0.03317089819090273,0.705,0.6008333333333333,0.6755343928265314,0.3018152418974332,0.124582465114542,0.025208890484981157,0.6587677725118484,0.6895734597156398
42,600,10,64,0.4,0.5,observed,same_pca_additive,1.0,32,320,211,0.3982195614026586,0.4540562280990196,0.3516666666666667,0.0,0.6282393574434494,0.3320360699108595,0.1337210603119991,0.038103367302105555,0.62,0.5541666666666667,0.6419195508410979,0.31541788026051965,0.12944513566281063,0.02684247561344966,0.5213270142180095,0.6042654028436019
42,600,10,64,0.4,0.5,shuffled,additive,1.0,32,320,211,-0.0021289012030710408,0.02737253319207831,0.3516666666666667,0.0,0.40439775169685,0.4101635080103163,0.1522342133121613,0.05132952233304424,0.13333333333333333,0.2575,0.45242088651973844,0.38197989096593865,0.14576804041706307,0.03620012282805166,0.11848341232227488,0.26540284360189575
42,600,10,64,0.4,0.5,oracle,additive,1.0,32,320,211,0.8152629481136717,0.8228790714079585,0.3516666666666667,0.0,0.8293721213526626,0.24987689544758637,0.11092274369825558,0.023773924025617475,0.9116666666666666,0.7516666666666667,0.7665293195018213,0.26683545691321836,0.1161472051998903,0.02080453968008355,0.7535545023696683,0.8981042654028436
42,600,10,64,0.4,0.5,observed,additive,2.0,32,320,211,0.4796117589812209,0.5434505590118507,0.3516666666666667,0.0,0.7449655268063553,0.25817251253354667,0.10689852764309675,0.0268272610017547,0.685,0.6058333333333333,0.7196083544790708,0.27582742817748235,0.11518919332193016,0.022547952520070594,0.5876777251184834,0.6872037914691943
42,600,10,64,0.4,0.5,observed,concat,2.0,32,320,211,0.4876312103311959,0.547085964455494,0.3516666666666667,0.0,0.7345603659703265,0.2591440022155058,0.10640487287896584,0.027596992575930093,0.695,0.6033333333333334,0.7117843900071098,0.27793055268458483,0.11591429934251253,0.023321057211709663,0.6587677725118484,0.6895734597156398
42,600,10,64,0.4,0.5,observed,same_pca_additive,2.0,32,320,211,0.4969935861949516,0.5584663390130014,0.3516666666666667,0.0,0.73858629689605,0.2707146379451708,0.11262226415905689,0.028167595007834403,0.6983333333333334,0.5841666666666666,0.7139253183044869,0.27919159501306773,0.11594683612173112,0.02268390075856256,0.6113744075829384,0.6611374407582938
42,600,10,64,0.4,0.5,shuffled,additive,2.0,32,320,211,-0.0018862204642287326,0.026938441422191206,0.3516666666666667,0.0,0.3426080300535825,0.42600679465023145,0.1537734476670675,0.05902693107739488,0.12833333333333333,0.23833333333333334,0.39245098110089344,0.39474883006709965,0.14684792142773445,0.04343387569605362,0.10900473933649289,0.2559241706161137
42,600,10,64,0.4,0.5,oracle,additive,2.0,32,320,211,0.8544994143916159,0.8601654232179722,0.3516666666666667,0.0,0.9007168656298423,0.19468039950998564,0.08986852889873978,0.014291588404954127,0.9316666666666666,0.7825,0.8229996656903488,0.23932690161311843,0.10685893636114732,0.017422333797208662,0.8056872037914692,0.9312796208530806
42,600,10,64,0.4,1.0,none,content_only,0.0,32,472,211,0.031749930780816144,0.08049602260571337,0.3516666666666667,0.0,0.43969213646163346,0.4066899892770357,0.15253032785031095,0.04961445260591912,0.185,0.2925,0.4796480540508386,0.38393482762960746,0.14875281829864836,0.035457741713110495,0.11374407582938388,0.27488151658767773
42,600,10,64,0.4,1.0,observed,additive,0.25,32,472,211,0.20546541879210883,0.2910155928185603,0.3516666666666667,0.0,0.523808702077231,0.3741200363248645,0.14532588130481497,0.044458705649173924,0.47333333333333333,0.4816666666666667,0.5574980310368169,0.35100277530520024,0.14031278371871586,0.03092575363278028,0.3222748815165877,0.490521327014218
42,600,10,64,0.4,1.0,observed,concat,0.25,32,472,211,0.045018373043595794,0.10514036761356106,0.3516666666666667,0.0,0.44819925930065296,0.4030695216986336,0.15172669513960363,0.04900871749833641,0.21666666666666667,0.29333333333333333,0.4957000537061905,0.3759247632283876,0.14687118619864087,0.034146472332347265,0.18009478672985782,0.28199052132701424
42,600,10,64,0.4,1.0,observed,same_pca_additive,0.25,32,472,211,0.13309485443348368,0.209755696392591,0.3516666666666667,0.0,0.4707213204910526,0.3944597943797258,0.15018135996631854,0.047425348180218964,0.335,0.395,0.5160927761197502,0.36800380706238905,0.1449637468459339,0.032786984352857415,0.26066350710900477,0.3886255924170616
42,600,10,64,0.4,1.0,shuffled,additive,0.25,32,472,211,0.04879327232876474,0.10501201361896445,0.3516666666666667,0.0,0.4505660690124395,0.4022484333363693,0.1517210142446953,0.04891294117649371,0.24,0.31166666666666665,0.491771154062947,0.37794098334398574,0.1469197335483464,0.03531112848405499,0.17061611374407584,0.3033175355450237
42,600,10,64,0.4,1.0,oracle,additive,0.25,32,472,211,0.4040818035476403,0.48916020561403556,0.3516666666666667,0.0,0.5530655042456825,0.36317452633047165,0.14289434728364878,0.04291817779573546,0.645,0.5466666666666666,0.5813135217287867,0.34167507658664986,0.13795819681039057,0.029855151729005415,0.4312796208530806,0.5592417061611374
42,600,10,64,0.4,1.0,observed,additive,0.5,32,472,211,0.24858327119040338,0.3352675064391376,0.3516666666666667,0.0,0.5861073581316852,0.3501026514680869,0.13868144657225684,0.04059475081877887,0.5316666666666666,0.5175,0.5995242317525815,0.3339594017568852,0.13487917234613075,0.02891589937275919,0.4075829383886256,0.542654028436019
42,600,10,64,0.4,1.0,observed,concat,0.5,32,472,211,0.1562314364631295,0.2254196494300235,0.3516666666666667,0.0,0.4948163373954203,0.38499659335131997,0.14747688793279157,0.04605572599849185,0.39166666666666666,0.39,0.535736082442481,0.35975941609360396,0.14220895550692939,0.03190197863935215,0.2985781990521327,0.38388625592417064
42,600,10,64,0.4,1.0,observed,same_pca_additive,0.5,32,472,211,0.1531837033252214,0.22952069171663386,0.3516666666666667,0.0,0.4815549081171659,0.39111807853774305,0.1493052152742392,0.04687898969457971,0.3,0.4141666666666667,0.5309888156755287,0.36267037470588537,0.143478298212146,0.03214160221503006,0.27014218009478674,0.4218009478672986
42,600,10,64,0.4,1.0,shuffled,additive,0.5,32,472,211,0.014830961385952805,0.05399774353671121,0.3516666666666667,0.0,0.4449475161771774,0.40206278537098955,0.1514160708251577,0.04868273689703782,0.185,0.26666666666666666,0.49610357172210806,0.3729940012835994,0.1453749341899047,0.03366223530052155,0.18009478672985782,0.2938388625592417
42,600,10,64,0.4,1.0,oracle,additive,0.5,32,472,211,0.7288713897916475,0.7463024428866034,0.3516666666666667,0.0,0.6930187257341593,0.3119358844058424,0.12980068850727708,0.034595449393775346,0.8683333333333333,0.6816666666666666,0.6762742149609627,0.3047717491334288,0.12772214330375234,0.02543363711689967,0.6682464454976303,0.7772511848341233
42,600,10,64,0.4,1.0,observed,additive,1.0,32,472,211,0.22806838020061979,0.2917351511392061,0.3516666666666667,0.0,0.6076357654558782,0.33180037262538437,0.13112358786379832,0.03795946928505737,0.4866666666666667,0.475,0.6240607752175595,0.3184248325737919,0.12808764078132703,0.027550483699817607,0.4218009478672986,0.5450236966824644
42,600,10,64,0.4,1.0,observed,concat,1.0,32,472,211,0.20901223531022922,0.2883678258735821,0.3516666666666667,0.0,0.5645283148362421,0.3518239745999095,0.13641515194009654,0.04100390535101969,0.445,0.43,0.581710632314773,0.3367545805714431,0.13261777721252158,0.02963605345270217,0.3981042654028436,0.4597156398104265
42,600,10,64,0.4,1.0,observed,same_pca_additive,1.0,32,472,211,0.18299173848605238,0.24499586593537254,0.3516666666666667,0.0,0.5341849553984918,0.3694986410443271,0.14303704696998237,0.04363806789525593,0.3933333333333333,0.41333333333333333,0.567426514823324,0.34633642634275197,0.1377196437511073,0.030394311932368127,0.3222748815165877,0.43601895734597157
42,600,10,64,0.4,1.0,shuffled,additive,1.0,32,472,211,0.006808956322831167,0.04647432984892979,0.3516666666666667,0.0,0.4028017033768941,0.41013291162775933,0.15242818292730903,0.05138552626144838,0.12833333333333333,0.24333333333333335,0.45123910566229664,0.38141777509057356,0.1460168708114356,0.0363900133369584,0.11848341232227488,0.26540284360189575
42,600,10,64,0.4,1.0,oracle,additive,1.0,32,472,211,0.8152629481136717,0.8228790714079585,0.3516666666666667,0.0,0.8293721213526626,0.24987689544758637,0.11092274369825558,0.023773924025617475,0.9116666666666666,0.7516666666666667,0.7665293195018213,0.26683545691321836,0.1161472051998903,0.02080453968008355,0.7535545023696683,0.8981042654028436
42,600,10,64,0.4,1.0,observed,additive,2.0,32,472,211,0.24677896463016302,0.3195055555220397,0.3516666666666667,0.0,0.5994256078941945,0.320119225594851,0.12435876601428038,0.037742078467801136,0.4766666666666667,0.455,0.6062876616282016,0.3197546065872628,0.12723799443303108,0.028962519389706665,0.4265402843601896,0.4881516587677725
42,600,10,64,0.4,1.0,observed,concat,2.0,32,472,211,0.2496668237149141,0.32405441629694487,0.3516666666666667,0.0,0.5962028358736174,0.32059030817667944,0.12362399091811646,0.03856628604566862,0.49666666666666665,0.4558333333333333,0.6047339835233787,0.3198267869495773,0.1263745936283894,0.029500008381399462,0.46445497630331756,0.4976303317535545
42,600,10,64,0.4,1.0,observed,same_pca_additive,2.0,32,472,211,0.23484518251226905,0.2976519220941826,0.3516666666666667,0.0,0.6158562516864325,0.320366487380177,0.12606907155972832,0.03696649607893126,0.49333333333333335,0.4575,0.6280757616452946,0.3117150669555553,0.12472148186987649,0.027310619809350352,0.41706161137440756,0.5165876777251185
42,600,10,64,0.4,1.0,shuffled,additive,2.0,32,472,211,0.001512887162895439,0.0346589081934737,0.3516666666666667,0.0,0.3464528443800798,0.4285212973929915,0.15463587273360466,0.05855763367555229,0.15,0.22833333333333333,0.39832681472808695,0.3989417691504533,0.1482324907957092,0.042856837789993996,0.17061611374407584,0.24407582938388625
42,600,10,64,0.4,1.0,oracle,additive,2.0,32,472,211,0.8544994143916159,0.8601654232179722,0.3516666666666667,0.0,0.9007168656298423,0.19468039950998564,0.08986852889873978,0.014291588404954127,0.9316666666666666,0.7825,0.8229996656903488,0.23932690161311843,0.10685893636114732,0.017422333797208662,0.8056872037914692,0.9312796208530806
42,600,10,64,0.4,1.5,none,content_only,0.0,32,550,211,0.031749930780816144,0.08049602260571337,0.3516666666666667,0.0,0.43969213646163346,0.4066899892770357,0.15253032785031095,0.04961445260591912,0.185,0.2925,0.4796480540508386,0.38393482762960746,0.14875281829864836,0.035457741713110495,0.11374407582938388,0.27488151658767773
42,600,10,64,0.4,1.5,observed,additive,0.25,32,550,211,0.1234581164937423,0.21175175081110478,0.3516666666666667,0.0,0.49328382749677585,0.3851820730623015,0.14785174764427783,0.04616006809083787,0.3566666666666667,0.3983333333333333,0.5332668563834886,0.3604916672878984,0.1428144112680444,0.03202526419517475,0.26066350710900477,0.41232227488151657
42,600,10,64,0.4,1.5,observed,concat,0.25,32,550,211,0.02040555416083787,0.07100008321483474,0.3516666666666667,0.0,0.4394816734618998,0.4065381708424888,0.15253284812600493,0.049809440456301236,0.18666666666666668,0.2941666666666667,0.49160434906105815,0.37719120776908993,0.1470146901422853,0.03440099804490322,0.15165876777251186,0.27488151658767773
42,600,10,64,0.4,1.5,observed,same_pca_additive,0.25,32,550,211,0.08378626301706159,0.14263876226030445,0.3516666666666667,0.0,0.45310504303453514,0.4017692975240821,0.15181242133183026,0.048357062112285916,0.22833333333333333,0.35333333333333333,0.506930590836541,0.3722716683607527,0.14616524514177445,0.03320418668860635,0.22274881516587677,0.35545023696682465
42,600,10,64,0.4,1.5,shuffled,additive,0.25,32,550,211,0.030295871021464353,0.0817551735777172,0.3516666666666667,0.0,0.44569236178418187,0.4028226197764522,0.1515431629531056,0.04895672496362554,0.19166666666666668,0.29333333333333333,0.49687517993316344,0.3746311561874159,0.14636127011491717,0.033755718409506356,0.1943127962085308,0.3056872037914692
42,600,10,64,0.4,1.5,oracle,additive,0.25,32,550,211,0.4040818035476403,0.48916020561403556,0.3516666666666667,0.0,0.5530655042456825,0.36317452633047165,0.14289434728364878,0.04291817779573546,0.645,0.5466666666666666,0.5813135217287867,0.34167507658664986,0.13795819681039057,0.029855151729005415,0.4312796208530806,0.5592417061611374
42,600,10,64,0.4,1.5,observed,additive,0.5,32,550,211,0.12990730168656128,0.2046255911000935,0.3516666666666667,0.0,0.5095549096541212,0.3779477039028554,0.14558344721590002,0.04490778773673513,0.35833333333333334,0.395,0.5475047019746438,0.3542729424673117,0.14065203364676865,0.03134271344755727,0.2985781990521327,0.43364928909952605
42,600,10,64,0.4,1.5,observed,concat,0.5,32,550,211,0.08191868594091614,0.1490898866229488,0.3516666666666667,0.0,0.4403756737599402,0.40506958067061716,0.15222923777993258,0.048956249349684754,0.22166666666666668,0.2733333333333333,0.49003580532569074,0.377381517053931,0.14695727913281786,0.03391487173643771,0.20853080568720378,0.27014218009478674
42,600,10,64,0.4,1.5,observed,same_pca_additive,0.5,32,550,211,0.050329521571763576,0.09224474424808278,0.3516666666666667,0.0,0.4197204391493523,0.4152830269090406,0.15479321497404908,0.05005498400155102,0.16833333333333333,0.27666666666666667,0.4778980107264061,0.38472966717061047,0.1493793392056801,0.03444954070796209,0.13744075829383887,0.2890995260663507
42,600,10,64,0.4,1.5,shuffled,additive,0.5,32,550,211,0.014563235567530718,0.06423514596745866,0.3516666666666667,0.0,0.4273692412095297,0.4092520868289208,0.15280180293568432,0.04971402509504806,0.14166666666666666,0.23583333333333334,0.4853930132305999,0.3784283290205249,0.14686841094349792,0.034189282274170535,0.14691943127962084,0.22985781990521326
42,600,10,64,0.4,1.5,oracle,additive,0.5,32,550,211,0.7288713897916475,0.7463024428866034,0.3516666666666667,0.0,0.6930187257341593,0.3119358844058424,0.12980068850727708,0.034595449393775346,0.8683333333333333,0.6816666666666666,0.6762742149609627,0.3047717491334288,0.12772214330375234,0.02543363711689967,0.6682464454976303,0.7772511848341233
42,600,10,64,0.4,1.5,observed,additive,1.0,32,550,211,0.13921553058276256,0.23193520048621133,0.3516666666666667,0.0,0.53263233006882,0.36202915007187925,0.1398181410949789,0.04254659980908337,0.37333333333333335,0.3675,0.5589688876536429,0.3453892943118554,0.13637917209434158,0.030628036194815286,0.33649289099526064,0.3886255924170616
42,600,10,64,0.4,1.5,observed,concat,1.0,32,550,211,0.150817341383504,0.23411109938191096,0.3516666666666667,0.0,0.5178452931254053,0.3700619516393688,0.14185079920060212,0.043831604240817765,0.38666666666666666,0.37833333333333335,0.5450458750545928,0.35164796116924035,0.13800974331751867,0.031255008558852417,0.36018957345971564,0.3886255924170616
42,600,10,64,0.4,1.5,observed,same_pca_additive,1.0,32,550,211,0.057137144759166744,0.10421401759959027,0.3516666666666667,0.0,0.43708578582206997,0.4079343086613889,0.15293943034209437,0.049085271908613136,0.215,0.2941666666666667,0.49321721412296027,0.3782350244158809,0.1474557629841202,0.03376115726039871,0.1895734597156398,0.31516587677725116
42,600,10,64,0.4,1.5,shuffled,additive,1.0,32,550,211,-0.0007814358244042772,0.032134476262330264,0.3516666666666667,0.0,0.40842091402022535,0.4115076333085912,0.15260114294025748,0.0510348546380096,0.13666666666666666,0.24,0.46591146443515924,0.37984650062194886,0.14569958566559446,0.03544326143904158,0.11848341232227488,0.2559241706161137
42,600,10,64,0.4,1.5,oracle,additive,1.0,32,550,211,0.8152629481136717,0.8228790714079585,0.3516666666666667,0.0,0.8293721213526626,0.24987689544758637,0.11092274369825558,0.023773924025617475,0.9116666666666666,0.7516666666666667,0.7665293195018213,0.26683545691321836,0.1161472051998903,0.02080453968008355,0.7535545023696683,0.8981042654028436
42,600,10,64,0.4,1.5,observed,additive,2.0,32,550,211,0.14693309853258346,0.2443256134086996,0.3516666666666667,0.0,0.537716677773991,0.3465070267125878,0.13238962670980642,0.04210136954237286,0.415,0.395,0.5665765644334593,0.33388542260561527,0.13066219339121596,0.030965319971469087,0.3791469194312796,0.4265402843601896
42,600,10,64,0.4,1.5,observed,concat,2.0,32,550,211,0.13687695530612037,0.22530287120584777,0.3516666666666667,0.0,0.5089076601424385,0.3625485921840896,0.13639626246418615,0.04513497242093632,0.3616666666666667,0.365,0.5341996385407571,0.3496619905560387,0.13533976873618064,0.03294296207640963,0.33649289099526064,0.3815165876777251
42,600,10,64,0.4,1.5,observed,same_pca_additive,2.0,32,550,211,0.12697975926720878,0.2054487292904023,0.3516666666666667,0.0,0.5184177175603963,0.3663002284025281,0.1396664615627706,0.04354200680329824,0.3433333333333333,0.3491666666666667,0.544439495859172,0.35006537616043665,0.1365374959593758,0.03130866869301053,0.3222748815165877,0.35545023696682465
42,600,10,64,0.4,1.5,shuffled,additive,2.0,32,550,211,0.004386843797607392,0.036720400046790454,0.3516666666666667,0.0,0.3604676439694444,0.4250934421138638,0.15405462240023068,0.056434441527098235,0.13666666666666666,0.2475,0.41038001004040026,0.39545347198590325,0.14685633499385722,0.04083103409051242,0.12322274881516587,0.2725118483412322
42,600,10,64,0.4,1.5,oracle,additive,2.0,32,550,211,0.8544994143916159,0.8601654232179722,0.3516666666666667,0.0,0.9007168656298423,0.19468039950998564,0.08986852889873978,0.014291588404954127,0.9316666666666666,0.7825,0.8229996656903488,0.23932690161311843,0.10685893636114732,0.017422333797208662,0.8056872037914692,0.9312796208530806
42,600,10,64,0.4,2.0,none,content_only,0.0,32,581,211,0.031749930780816144,0.08049602260571337,0.3516666666666667,0.0,0.43969213646163346,0.4066899892770357,0.15253032785031095,0.04961445260591912,0.185,0.2925,0.4796480540508386,0.38393482762960746,0.14875281829864836,0.035457741713110495,0.11374407582938388,0.27488151658767773
42,600,10,64,0.4,2.0,observed,additive,0.25,32,581,211,0.09552256176085759,0.17293131657592048,0.3516666666666667,0.0,0.4781545214243753,0.39141617758639285,0.14915355367509883,0.04716330813676526,0.30333333333333334,0.37583333333333335,0.517982562817196,0.3670048730484793,0.14459769459584487,0.03272278771276467,0.26540284360189575,0.35308056872037913
42,600,10,64,0.4,2.0,observed,concat,0.25,32,581,211,0.025020653423148017,0.07618252718048477,0.3516666666666667,0.0,0.43800362028584755,0.40712768928543625,0.15266337864192384,0.04976049436828818,0.18833333333333332,0.2816666666666667,0.4875733861679594,0.3797769971291451,0.14767051640247644,0.03494299064011065,0.16113744075829384,0.27488151658767773
42,600,10,64,0.4,2.0,observed,same_pca_additive,0.25,32,581,211,0.05189147065050702,0.09390037782532859,0.3516666666666667,0.0,0.43297991925187074,0.4100085393055603,0.15364664092317934,0.049393105162641435,0.175,0.2966666666666667,0.4893546727955195,0.37989617191136493,0.14815706339275792,0.03395820177969752,0.1848341232227488,0.3056872037914692
42,600,10,64,0.4,2.0,shuffled,additive,0.25,32,581,211,0.016196315525892898,0.0615305092927744,0.3516666666666667,0.0,0.44330339284156195,0.40406117933173374,0.15196507826106406,0.04899418392906955,0.18833333333333332,0.2833333333333333,0.48881125144611864,0.3774168571385256,0.147236232669952,0.03436601403134377,0.16113744075829384,0.27014218009478674
42,600,10,64,0.4,2.0,oracle,additive,0.25,32,581,211,0.4040818035476403,0.48916020561403556,0.3516666666666667,0.0,0.5530655042456825,0.36317452633047165,0.14289434728364878,0.04291817779573546,0.645,0.5466666666666666,0.5813135217287867,0.34167507658664986,0.13795819681039057,0.029855151729005415,0.4312796208530806,0.5592417061611374
42,600,10,64,0.4,2.0,observed,additive,0.5,32,581,211,0.08502060750347834,0.16671950202315694,0.3516666666666667,0.0,0.4970040192161171,0.38381282723619764,0.14710638994504666,0.0457331152649179,0.3433333333333333,0.345,0.527266075921437,0.3623213805312326,0.14292732546272227,0.032222055016615396,0.26066350710900477,0.35545023696682465
42,600,10,64,0.4,2.0,observed,concat,0.5,32,581,211,0.028914193749582547,0.07170948001594026,0.3516666666666667,0.0,0.41469293446734296,0.4149918656061456,0.15437944775263626,0.05031313111210302,0.11,0.2225,0.4684922808328928,0.3861635906395001,0.14914118942700733,0.03489429060261358,0.10426540284360189,0.23696682464454977
42,600,10,64,0.4,2.0,observed,same_pca_additive,0.5,32,581,211,0.04211326152941531,0.082290434237477,0.3516666666666667,0.0,0.41971926911396007,0.4152834807262315,0.1547933120904209,0.050055041619614694,0.16,0.2833333333333333,0.47789687137377657,0.3847301407073347,0.14937946123565599,0.03444958827723001,0.13744075829383887,0.2772511848341232
42,600,10,64,0.4,2.0,shuffled,additive,0.5,32,581,211,0.023263362116941553,0.05306704058499594,0.3516666666666667,0.0,0.4289796420391569,0.40852560842620117,0.15290007204227157,0.0495220680246108,0.17333333333333334,0.2825,0.4790592680864933,0.37989847402774324,0.1474044340608153,0.03444970905942699,0.13270142180094788,0.28199052132701424
42,600,10,64,0.4,2.0,oracle,additive,0.5,32,581,211,0.7288713897916475,0.7463024428866034,0.3516666666666667,0.0,0.6930187257341593,0.3119358844058424,0.12980068850727708,0.034595449393775346,0.8683333333333333,0.6816666666666666,0.6762742149609627,0.3047717491334288,0.12772214330375234,0.02543363711689967,0.6682464454976303,0.7772511848341233
42,600,10,64,0.4,2.0,observed,additive,1.0,32,581,211,0.051942568218548944,0.13062146761414078,0.3516666666666667,0.0,0.47948067240696274,0.3858548911668355,0.14607718617180915,0.046336618560097104,0.28,0.31333333333333335,0.5120876077995316,0.3649963031851825,0.1420558687699901,0.032879031554500344,0.2132701421800948,0.3341232227488152
42,600,10,64,0.4,2.0,observed,concat,1.0,32,581,211,0.048222217095437496,0.11209125076787424,0.3516666666666667,0.0,0.45321947602023016,0.39618340635993793,0.14846499939461907,0.04799777587678428,0.25166666666666665,0.2941666666666667,0.4948537224278649,0.3716393680412988,0.14354382833804158,0.03371244652320245,0.23222748815165878,0.31516587677725116
42,600,10,64,0.4,2.0,observed,same_pca_additive,1.0,32,581,211,0.0341687463638356,0.07262457845897399,0.3516666666666667,0.0,0.41971882382747305,0.41528365013747265,0.15479334728174857,0.05005506370916005,0.15166666666666667,0.2783333333333333,0.4778965049063152,0.38473028826820405,0.1493794971719496,0.03444960384652068,0.14691943127962084,0.2843601895734597
42,600,10,64,0.4,2.0,shuffled,additive,1.0,32,581,211,0.0017840018575221305,0.03815854971417111,0.3516666666666667,0.0,0.4085877685839597,0.41352549721654264,0.15332504899860708,0.050746586086848365,0.14333333333333334,0.23416666666666666,0.46355983268345685,0.38238656911925123,0.1467258118901677,0.03528289815658746,0.13270142180094788,0.21800947867298578
42,600,10,64,0.4,2.0,oracle,additive,1.0,32,581,211,0.8152629481136717,0.8228790714079585,0.3516666666666667,0.0,0.8293721213526626,0.24987689544758637,0.11092274369825558,0.023773924025617475,0.9116666666666666,0.7516666666666667,0.7665293195018213,0.26683545691321836,0.1161472051998903,0.02080453968008355,0.7535545023696683,0.8981042654028436
42,600,10,64,0.4,2.0,observed,additive,2.0,32,581,211,0.07055934024065261,0.14938481581377913,0.3516666666666667,0.0,0.47183703025696017,0.37914696321572433,0.1411629973184215,0.04729702210578848,0.32,0.33416666666666667,0.4917743744247408,0.36710055635583067,0.13976393209898064,0.034981004415724666,0.24170616113744076,0.33175355450236965
42,600,10,64,0.4,2.0,observed,concat,2.0,32,581,211,0.04536928330236892,0.13988927830893982,0.3516666666666667,0.0,0.4643618190034254,0.3824224913126348,0.14140958453739336,0.04819676300770459,0.2866666666666667,0.31083333333333335,0.47808993676525824,0.373544139755024,0.14107649824125046,0.03607614904573576,0.20853080568720378,0.3175355450236967
42,600,10,64,0.4,2.0,observed,same_pca_additive,2.0,32,581,211,0.047993916071329815,0.09668546875153275,0.3516666666666667,0.0,0.45069316844265367,0.39831264086099094,0.14881232828352325,0.0481044735882496,0.23,0.2941666666666667,0.48731221046928874,0.3755875711709662,0.14458423033514628,0.034067508410983195,0.1895734597156398,0.2938388625592417
42,600,10,64,0.4,2.0,shuffled,additive,2.0,32,581,211,0.008585841377862205,0.03853944825978041,0.3516666666666667,0.0,0.35721800830209693,0.42647651467769554,0.1544556302180632,0.056815282343702755,0.15,0.25,0.41344040876486626,0.3934857823989344,0.14631695288045082,0.040796534634265594,0.14691943127962084,0.26540284360189575
42,600,10,64,0.4,2.0,oracle,additive,2.0,32,581,211,0.8544994143916159,0.8601654232179722,0.3516666666666667,0.0,0.9007168656298423,0.19468039950998564,0.08986852889873978,0.014291588404954127,0.9316666666666666,0.7825,0.8229996656903488,0.23932690161311843,0.10685893636114732,0.017422333797208662,0.8056872037914692,0.9312796208530806
43,600,10,64,0.05,0.0,none,content_only,0.0,32,0,191,0.5998710287446345,0.6513062094541177,0.31833333333333336,0.0,0.6343924514415158,0.3326093820343247,0.13533098115641742,0.03809902869173045,0.7766666666666666,0.6133333333333333,0.6300562363783399,0.31899370132935295,0.13164675077194776,0.027206677745493256,0.5759162303664922,0.643979057591623
43,600,10,64,0.05,0.0,observed,additive,0.25,32,0,191,0.8182183856234407,0.8262087399300205,0.31833333333333336,0.0,0.771488664580339,0.2782547836087722,0.12010094256318636,0.02874874881419392,0.9133333333333333,0.7075,0.7247856846996091,0.2821223070756204,0.12097460693754997,0.02266412712128897,0.7486910994764397,0.8219895287958116
43,600,10,64,0.05,0.0,observed,concat,0.25,32,0,191,0.6515159963645176,0.6939406232771507,0.31833333333333336,0.0,0.6561550665639593,0.32382699654911684,0.13297100667769182,0.03669402885900048,0.81,0.6275,0.6459333400792467,0.31250331857885827,0.12979398897090247,0.02645160638724588,0.6178010471204188,0.675392670157068
43,600,10,64,0.05,0.0,observed,same_pca_additive,0.25,32,0,191,0.6733493207445109,0.7237098482290306,0.31833333333333336,0.0,0.6915029265418262,0.3073063451999564,0.1278321494509096,0.03391447459318666,0.7966666666666666,0.6183333333333333,0.6711956093864856,0.3018431273171637,0.1262070218004082,0.025154344064234387,0.6544502617801047,0.680628272251309
43,600,10,64,0.05,0.0,shuffled,additive,0.25,32,0,191,0.42359080278808575,0.5065163299319942,0.31833333333333336,0.0,0.5827782973744472,0.3499855311492347,0.13940603704982782,0.04111053737340523,0.6,0.5175,0.5949959516105101,0.3312429887215836,0.13461596859071717,0.028771188305705655,0.43455497382198954,0.5052356020942408
43,600,10,64,0.05,0.0,oracle,additive,0.25,32,0,191,0.763763721237318,0.7872970570069232,0.31833333333333336,0.0,0.7416854375207564,0.2882935917126285,0.12277726720992724,0.03060199904727167,0.8816666666666667,0.6841666666666667,0.7061880728035849,0.2885245680036793,0.12278815174237273,0.02350400433297575,0.7277486910994765,0.7853403141361257
43,600,10,64,0.05,0.0,observed,additive,0.5,32,0,191,0.8541952769939856,0.8589366953269998,0.31833333333333336,0.0,0.8354578690529081,0.24475145282410626,0.10914419169491096,0.022902556339199152,0.9316666666666666,0.74,0.7730453223573114,0.26088758344997903,0.11413163807062209,0.02004168827011033,0.7905759162303665,0.8848167539267016
43,600,10,64,0.05,0.0,observed,concat,0.5,32,0,191,0.702721844929087,0.7486631147083026,0.31833333333333336,0.0,0.6961003860048968,0.3055559769742983,0.1276293487047369,0.03377867503669562,0.8383333333333334,0.6558333333333334,0.688309009529753,0.2949476541503392,0.12460677628724857,0.0243820580906937,0.680628272251309,0.7617801047120419
43,600,10,64,0.05,0.0,observed,same_pca_additive,0.5,32,0,191,0.7444626947939658,0.7908754354253396,0.31833333333333336,0.0,0.7825996844919973,0.26667371621241914,0.11579058896018238,0.02685899844077296,0.815,0.6991666666666667,0.7356872772391255,0.2753663402232797,0.11855808825902422,0.02193386601602939,0.7120418848167539,0.8010471204188482
43,600,10,64,0.05,0.0,shuffled,additive,0.5,32,0,191,0.21059183558161287,0.3057830495485539,0.31833333333333336,0.0,0.5415549190409981,0.3621343214554389,0.14222563948959424,0.0434014540610068,0.435,0.44583333333333336,0.5754509451799041,0.3358581839706305,0.1355316825556292,0.029564531374503884,0.31413612565445026,0.43455497382198954
43,600,10,64,0.05,0.0,oracle,additive,0.5,32,0,191,0.8589001447178003,0.8641806236087918,0.31833333333333336,0.0,0.8330814074784534,0.24583228587371564,0.1095331787421159,0.023046705279843337,0.9333333333333333,0.7433333333333333,0.768978435878309,0.262856346574709,0.11484893527364586,0.020283524485362345,0.7958115183246073,0.8900523560209425
43,600,10,64,0.05,0.0,observed,additive,1.0,32,0,191,0.8880190515614664,0.8929067596036783,0.31833333333333336,0.0,0.892475040840488,0.20319551227141536,0.09343335155645646,0.01584179113613532,0.9483333333333334,0.7691666666666667,0.8212578908625813,0.23697350263478592,0.10584630093617726,0.017104440063041456,0.8429319371727748,0.9319371727748691
43,600,10,64,0.05,0.0,observed,concat,1.0,32,0,191,0.9056480916191003,0.9116023939094672,0.31833333333333336,0.0,0.8681845273140599,0.22582397102574242,0.10267283389623219,0.019633797428465636,0.9566666666666667,0.7733333333333333,0.80239837704413,0.24849517947598987,0.11036995525342645,0.018500315815294637,0.8638743455497382,0.93717277486911
43,600,10,64,0.05,0.0,observed,same_pca_additive,1.0,32,0,191,0.895065454513509,0.8996459368125993,0.31833333333333336,0.0,0.8871048572332305,0.20894731210971282,0.09588796757983176,0.016830897160947614,0.9516666666666667,0.7608333333333334,0.8182510348599711,0.23862876595189048,0.10649076194258784,0.017322382879285725,0.8534031413612565,0.918848167539267
43,600,10,64,0.05,0.0,shuffled,additive,1.0,32,0,191,0.007341219281541752,0.04127261525745852,0.31833333333333336,0.0,0.4922712670861872,0.3715551740221637,0.14341868836807214,0.045907646738223375,0.18166666666666667,0.3825,0.5165076603952423,0.34792034336196337,0.13717980273955618,0.032375935960706835,0.1256544502617801,0.337696335078534
43,600,10,64,0.05,0.0,oracle,additive,1.0,32,0,191,0.8894007805427476,0.8948982145849977,0.31833333333333336,0.0,0.8890461484963915,0.20534792518881356,0.09433647781797613,0.0161309264461228,0.9483333333333334,0.7616666666666667,0.8157005582200265,0.24023420916442093,0.10712323792080942,0.017485264160454685,0.8429319371727748,0.9240837696335078
43,600,10,64,0.05,0.0,observed,additive,2.0,32,0,191,0.9130838201123597,0.9179799746802371,0.31833333333333336,0.0,0.9213283306035089,0.1695271710603706,0.07827858994615669,0.01076411349812192,0.96,0.7866666666666666,0.8515538829379198,0.21937711455638279,0.09925494998124942,0.014988996547310514,0.8743455497382199,0.9502617801047121
43,600,10,64,0.05,0.0,observed,concat,2.0,32,0,191,0.9276556072456635,0.931751357420485,0.31833333333333336,0.0,0.9215888070457872,0.1710843313381127,0.0792921113427249,0.010911404119006941,0.9666666666666667,0.795,0.8522554231903878,0.220477705955768,0.1000404050169208,0.015080398514344324,0.8952879581151832,0.9581151832460733
43,600,10,64,0.05,0.0,observed,same_pca_additive,2.0,32,0,191,0.9164654026027099,0.920284437354176,0.31833333333333336,0.0,0.9205121043240073,0.17163308524913717,0.07941228831064935,0.011061505714275317,0.9616666666666667,0.7783333333333333,0.851540226861504,0.2192024359023986,0.09919182994805467,0.014991363065625115,0.8795811518324608,0.9397905759162304
43,600,10,64,0.05,0.0,shuffled,additive,2.0,32,0,191,-0.0016246305793698559,0.02693298142764044,0.31833333333333336,0.0,0.35458793498188357,0.4154531004176479,0.15186293376690455,0.05776876729920171,0.135,0.26916666666666667,0.3780018852563372,0.3912777641032477,0.14670714507691482,0.04402453305006355,0.09947643979057591,0.2591623036649215
43,600,10,64,0.05,0.0,oracle,additive,2.0,32,0,191,0.9140042302126239,0.9205224242111231,0.31833333333333336,0.0,0.9171614559877705,0.17339270255242845,0.08012897437821571,0.01126242761532529,0.96,0.775,0.8447887687948914,0.22393575069375932,0.10112128455862526,0.015514325769247325,0.8743455497382199,0.9397905759162304
43,600,10,64,0.05,0.5,none,content_only,0.0,32,330,191,0.5998710287446345,0.6513062094541177,0.31833333333333336,0.0,0.6343924514415158,0.3326093820343247,0.13533098115641742,0.03809902869173045,0.7766666666666666,0.6133333333333333,0.6300562363783399,0.31899370132935295,0.13164675077194776,0.027206677745493256,0.5759162303664922,0.643979057591623
43,600,10,64,0.05,0.5,observed,additive,0.25,32,330,191,0.6694003993635196,0.708492218345936,0.31833333333333336,0.0,0.690928770464018,0.30658387239073276,0.12766871441857167,0.03390815673478247,0.82,0.6333333333333333,0.6704776538143685,0.3008991528088052,0.12598716225577117,0.02515673377619637,0.6230366492146597,0.6832460732984293
43,600,10,64,0.05,0.5,observed,concat,0.25,32,330,191,0.6327120483540355,0.676025224972017,0.31833333333333336,0.0,0.6471256572593754,0.32732371988782644,0.1338799247771755,0.03726018724762683,0.8,0.6208333333333333,0.6396053858373395,0.31501290937223336,0.13049308656475272,0.0267531676713228,0.5968586387434555,0.6649214659685864
43,600,10,64,0.05,0.5,observed,same_pca_additive,0.25,32,330,191,0.6178822557707416,0.6669496376304754,0.31833333333333336,0.0,0.6774807046400563,0.3133996988347988,0.12966596075505968,0.034933527673274845,0.785,0.615,0.6611892619553448,0.3056321001176679,0.12734729828778374,0.025649181580837704,0.612565445026178,0.6701570680628273
43,600,10,64,0.05,0.5,shuffled,additive,0.25,32,330,191,0.44303746862576016,0.534024388053744,0.31833333333333336,0.0,0.5818960154562925,0.3506300303322283,0.13975520290474808,0.04105711431856277,0.6,0.5058333333333334,0.5869348171972052,0.3341426733963522,0.13558291540835146,0.029167696934891355,0.42408376963350786,0.5
43,600,10,64,0.05,0.5,oracle,additive,0.25,32,330,191,0.763763721237318,0.7872970570069232,0.31833333333333336,0.0,0.7416854375207564,0.2882935917126285,0.12277726720992724,0.03060199904727167,0.8816666666666667,0.6841666666666667,0.7061880728035849,0.2885245680036793,0.12278815174237273,0.02350400433297575,0.7277486910994765,0.7853403141361257
43,600,10,64,0.05,0.5,observed,additive,0.5,32,330,191,0.6826950998065564,0.6881096632817086,0.31833333333333336,0.0,0.7864579852698252,0.265179943618214,0.11478015760875536,0.026545384672138097,0.8433333333333334,0.7075,0.7391344404336837,0.2735907048571306,0.11735693406276093,0.02166475802045519,0.6596858638743456,0.7905759162303665
43,600,10,64,0.05,0.5,observed,concat,0.5,32,330,191,0.6150074603733837,0.6612610527630045,0.31833333333333336,0.0,0.6752671855722961,0.3138120253154531,0.1297283295431021,0.0350616642733188,0.7866666666666666,0.6291666666666667,0.6611844574748671,0.3054193417108029,0.12745431116039235,0.025669903586342434,0.5863874345549738,0.6832460732984293
43,600,10,64,0.05,0.5,observed,same_pca_additive,0.5,32,330,191,0.6117851564936511,0.6542388462113784,0.31833333333333336,0.0,0.7376729634888687,0.2858732266883634,0.12090210911425675,0.03013549336254396,0.74,0.6541666666666667,0.707927685539446,0.28661201705456935,0.12111573523664523,0.02322769405134726,0.612565445026178,0.7356020942408377
43,600,10,64,0.05,0.5,shuffled,additive,0.5,32,330,191,0.22461713880069234,0.3342820260334552,0.31833333333333336,0.0,0.5513645530628738,0.35893402425871634,0.14156857866058498,0.04283890552120317,0.47333333333333333,0.44916666666666666,0.5790627356759293,0.33551088557432207,0.13562872148726446,0.029442655605475477,0.33507853403141363,0.43455497382198954
43,600,10,64,0.05,0.5,oracle,additive,0.5,32,330,191,0.8589001447178003,0.8641806236087918,0.31833333333333336,0.0,0.8330814074784534,0.24583228587371564,0.1095331787421159,0.023046705279843337,0.9333333333333333,0.7433333333333333,0.768978435878309,0.262856346574709,0.11484893527364586,0.020283524485362345,0.7958115183246073,0.8900523560209425
43,600,10,64,0.05,0.5,observed,additive,1.0,32,330,191,0.5951476751716213,0.6122823758655095,0.31833333333333336,0.0,0.8117456499532403,0.23793765337423836,0.1033563577943114,0.02213577479943466,0.795,0.7016666666666667,0.764486939303331,0.25725730654147894,0.11040095182525422,0.0198168681811078,0.6596858638743456,0.7774869109947644
43,600,10,64,0.05,0.5,observed,concat,1.0,32,330,191,0.46820487825152785,0.536968421382223,0.31833333333333336,0.0,0.7425660413256274,0.27326864486541164,0.11490401024938413,0.027859404312459746,0.6866666666666666,0.6383333333333333,0.7086998311877648,0.2828092141620888,0.11884739693260257,0.022934552672292302,0.5863874345549738,0.7120418848167539
43,600,10,64,0.05,0.5,observed,same_pca_additive,1.0,32,330,191,0.5898223607015766,0.6057816751947827,0.31833333333333336,0.0,0.810538193243674,0.2427663362461403,0.10564619557009551,0.022970029252583207,0.7916666666666666,0.6966666666666667,0.7637515058999083,0.2578188606283494,0.11061742264909556,0.019898979263851372,0.6596858638743456,0.7827225130890052
43,600,10,64,0.05,0.5,shuffled,additive,1.0,32,330,191,0.01686653324771785,0.05908164141094507,0.31833333333333336,0.0,0.48823339642040425,0.37441433362016463,0.1441414610730416,0.046218690798134794,0.21166666666666667,0.3908333333333333,0.5080883970635576,0.35173765027612836,0.1382628001641994,0.03288002250200069,0.1518324607329843,0.36387434554973824
43,600,10,64,0.05,0.5,oracle,additive,1.0,32,330,191,0.8894007805427476,0.8948982145849977,0.31833333333333336,0.0,0.8890461484963915,0.20534792518881356,0.09433647781797613,0.0161309264461228,0.9483333333333334,0.7616666666666667,0.8157005582200265,0.24023420916442093,0.10712323792080942,0.017485264160454685,0.8429319371727748,0.9240837696335078
43,600,10,64,0.05,0.5,observed,additive,2.0,32,330,191,0.4766372991926476,0.5360602337583205,0.31833333333333336,0.0,0.7611504155571128,0.2376269048396734,0.09860233550805148,0.023753923455509682,0.6933333333333334,0.6408333333333334,0.7315505125710853,0.26233458898589374,0.11030339009415047,0.021509143006890427,0.5916230366492147,0.7120418848167539
43,600,10,64,0.05,0.5,observed,concat,2.0,32,330,191,0.4713207980087196,0.5335084316479779,0.31833333333333336,0.0,0.7443884163225075,0.24645818670764313,0.10118752937329456,0.025301643798298693,0.6883333333333334,0.6208333333333333,0.7139897037587619,0.2710380593730144,0.11322787824935443,0.022611257787634616,0.5968586387434555,0.6884816753926701
43,600,10,64,0.05,0.5,observed,same_pca_additive,2.0,32,330,191,0.48516839217189667,0.5437192745521149,0.31833333333333336,0.0,0.7712404350761634,0.23657132035822856,0.09896106830551696,0.023305648339811545,0.7033333333333334,0.6316666666666667,0.7431230581849559,0.25814747480328515,0.10890522129066375,0.020724803307695126,0.6178010471204188,0.7120418848167539
43,600,10,64,0.05,0.5,shuffled,additive,2.0,32,330,191,0.0001604287950078042,0.03170332235284172,0.31833333333333336,0.0,0.3583881521532347,0.4157324940912714,0.15245467969795315,0.0574050924662499,0.13666666666666666,0.2791666666666667,0.3778610717056276,0.39258380192077924,0.14744377381899387,0.0439520480367619,0.09947643979057591,0.2774869109947644
43,600,10,64,0.05,0.5,oracle,additive,2.0,32,330,191,0.9140042302126239,0.9205224242111231,0.31833333333333336,0.0,0.9171614559877705,0.17339270255242845,0.08012897437821571,0.01126242761532529,0.96,0.775,0.8447887687948914,0.22393575069375932,0.10112128455862526,0.015514325769247325,0.8743455497382199,0.9397905759162304
43,600,10,64,0.05,1.0,none,content_only,0.0,32,443,191,0.5998710287446345,0.6513062094541177,0.31833333333333336,0.0,0.6343924514415158,0.3326093820343247,0.13533098115641742,0.03809902869173045,0.7766666666666666,0.6133333333333333,0.6300562363783399,0.31899370132935295,0.13164675077194776,0.027206677745493256,0.5759162303664922,0.643979057591623
43,600,10,64,0.05,1.0,observed,additive,0.25,32,443,191,0.6248334002366361,0.6694295039577485,0.31833333333333336,0.0,0.6811097777876455,0.31154637013224085,0.12911669637606923,0.034719361044405345,0.7966666666666666,0.6366666666666667,0.6607829391557474,0.3051289119773772,0.1271100864948217,0.025604101193819187,0.581151832460733,0.6832460732984293
43,600,10,64,0.05,1.0,observed,concat,0.25,32,443,191,0.5315791578217248,0.6173517651311733,0.31833333333333336,0.0,0.607837896135184,0.34103316115059007,0.1372008747247687,0.039562413042240695,0.6783333333333333,0.5633333333333334,0.61853941769376,0.3228949722182526,0.13250856524145754,0.027722938052745158,0.5340314136125655,0.5968586387434555
43,600,10,64,0.05,1.0,observed,same_pca_additive,0.25,32,443,191,0.5616877556697486,0.6337852510850666,0.31833333333333336,0.0,0.6564081028698207,0.321763044911709,0.13187944406585053,0.036330692163873766,0.71,0.5916666666666667,0.6410448549554254,0.31309254575160556,0.12944852183265024,0.02659931224546222,0.5235602094240838,0.6282722513089005
43,600,10,64,0.05,1.0,shuffled,additive,0.25,32,443,191,0.4347727160355025,0.5219455574808731,0.31833333333333336,0.0,0.5844517321116597,0.34945073918191205,0.13927665240275763,0.040986373622999894,0.6166666666666667,0.5283333333333333,0.596003122866506,0.3311580557674513,0.13464619440802744,0.02873101189259498,0.418848167539267,0.518324607329843
43,600,10,64,0.05,1.0,oracle,additive,0.25,32,443,191,0.763763721237318,0.7872970570069232,0.31833333333333336,0.0,0.7416854375207564,0.2882935917126285,0.12277726720992724,0.03060199904727167,0.8816666666666667,0.6841666666666667,0.7061880728035849,0.2885245680036793,0.12278815174237273,0.02350400433297575,0.7277486910994765,0.7853403141361257
43,600,10,64,0.05,1.0,observed,additive,0.5,32,443,191,0.5749269966841999,0.6245426405661947,0.31833333333333336,0.0,0.7193236389838775,0.29284596384753975,0.12271944030578652,0.0313927110239402,0.7516666666666667,0.6375,0.686473257317294,0.2943251646565294,0.12310583865982708,0.024273817838816325,0.5549738219895288,0.693717277486911
43,600,10,64,0.05,1.0,observed,concat,0.5,32,443,191,0.5996336046370476,0.6503403183491129,0.31833333333333336,0.0,0.6493608245053275,0.32569756333710037,0.1328273095683802,0.03686598237716557,0.7516666666666667,0.5991666666666666,0.641986282707129,0.31470686009468823,0.12991625689847167,0.026564998839552142,0.5916230366492147,0.6413612565445026
43,600,10,64,0.05,1.0,observed,same_pca_additive,0.5,32,443,191,0.6286377580217782,0.6565510257777168,0.31833333333333336,0.0,0.7412448178008606,0.28808660820494925,0.12212119592810902,0.030622510665931666,0.8133333333333334,0.6758333333333333,0.7067815025709178,0.2870937341148551,0.12137367650276067,0.023362438973378932,0.5916230366492147,0.7513089005235603
43,600,10,64,0.05,1.0,shuffled,additive,0.5,32,443,191,0.2500098527477988,0.3487749793352577,0.31833333333333336,0.0,0.547593701444081,0.36043617908215964,0.14177108057531534,0.043041653684762385,0.49,0.4775,0.5726171109431062,0.33778800768525735,0.13615051720775553,0.029795104871821316,0.34554973821989526,0.46596858638743455
43,600,10,64,0.05,1.0,oracle,additive,0.5,32,443,191,0.8589001447178003,0.8641806236087918,0.31833333333333336,0.0,0.8330814074784534,0.24583228587371564,0.1095331787421159,0.023046705279843337,0.9333333333333333,0.7433333333333333,0.768978435878309,0.262856346574709,0.11484893527364586,0.020283524485362345,0.7958115183246073,0.8900523560209425
43,600,10,64,0.05,1.0,observed,additive,1.0,32,443,191,0.35234177126233446,0.45107048126660476,0.31833333333333336,0.0,0.7285350439840984,0.2737676557333605,0.1140183870499521,0.028460593056590405,0.615,0.6233333333333333,0.6943010972178396,0.28387371175485554,0.1176021208549852,0.023383331679819885,0.5026178010471204,0.662303664921466
43,600,10,64,0.05,1.0,observed,concat,1.0,32,443,191,0.3039129711056309,0.3979727530063829,0.31833333333333336,0.0,0.6440822637997623,0.3142871801107494,0.12608458979233186,0.034833375487872006,0.5316666666666666,0.4825,0.6293968806700895,0.31370180533489345,0.12713607631400234,0.026677011594775746,0.44502617801047123,0.4790575916230366
43,600,10,64,0.05,1.0,observed,same_pca_additive,1.0,32,443,191,0.3625811663418768,0.4298076431022489,0.31833333333333336,0.0,0.6993995962759717,0.290791559856018,0.11977029771458803,0.031143090933875437,0.6033333333333334,0.5516666666666666,0.6737806378387746,0.2937725819765171,0.12090814008442605,0.02449341809662759,0.4869109947643979,0.5837696335078534
43,600,10,64,0.05,1.0,shuffled,additive,1.0,32,443,191,0.031733494452293676,0.0901450194951838,0.31833333333333336,0.0,0.47445695886220707,0.38044053048641724,0.1453718951651713,0.04711792673831057,0.22666666666666666,0.37333333333333335,0.510872965103853,0.3546599236602438,0.13928663470183672,0.032851797058630804,0.18848167539267016,0.35602094240837695
43,600,10,64,0.05,1.0,oracle,additive,1.0,32,443,191,0.8894007805427476,0.8948982145849977,0.31833333333333336,0.0,0.8890461484963915,0.20534792518881356,0.09433647781797613,0.0161309264461228,0.9483333333333334,0.7616666666666667,0.8157005582200265,0.24023420916442093,0.10712323792080942,0.017485264160454685,0.8429319371727748,0.9240837696335078
43,600,10,64,0.05,1.0,observed,additive,2.0,32,443,191,0.3320232305921649,0.4204326383977212,0.31833333333333336,0.0,0.6605144586029421,0.28639408617171835,0.11334811284972875,0.032407656286263575,0.5516666666666666,0.5083333333333333,0.6391646714793457,0.2980961654583966,0.12027679195140405,0.026750236079452882,0.4397905759162304,0.5287958115183246
43,600,10,64,0.05,1.0,observed,concat,2.0,32,443,191,0.2777114870470222,0.38089592244663545,0.31833333333333336,0.0,0.623980859985105,0.30355352265111535,0.11797649846284076,0.03517221684933269,0.5116666666666667,0.4691666666666667,0.6076568255421594,0.3126621726127483,0.1240090511578341,0.02867232108856065,0.4083769633507853,0.4869109947643979
43,600,10,64,0.05,1.0,observed,same_pca_additive,2.0,32,443,191,0.3356760410186149,0.4367323142096168,0.31833333333333336,0.0,0.6962031833262695,0.27134860488879103,0.11002707697555691,0.029986347678663473,0.6033333333333334,0.565,0.6710810615263576,0.2828565714650132,0.11550678657252272,0.024791611303754593,0.4869109947643979,0.5916230366492147
43,600,10,64,0.05,1.0,shuffled,additive,2.0,32,443,191,0.0114894326946721,0.05551007579001312,0.31833333333333336,0.0,0.3759320290100922,0.4114067133142956,0.15117942411093893,0.055581637437536226,0.175,0.27666666666666667,0.4127121175334931,0.3844870610678944,0.14593959912020127,0.04091234207118973,0.13089005235602094,0.2617801047120419
43,600,10,64,0.05,1.0,oracle,additive,2.0,32,443,191,0.9140042302126239,0.9205224242111231,0.31833333333333336,0.0,0.9171614559877705,0.17339270255242845,0.08012897437821571,0.01126242761532529,0.96,0.775,0.8447887687948914,0.22393575069375932,0.10112128455862526,0.015514325769247325,0.8743455497382199,0.9397905759162304
43,600,10,64,0.05,1.5,none,content_only,0.0,32,547,191,0.5998710287446345,0.6513062094541177,0.31833333333333336,0.0,0.6343924514415158,0.3326093820343247,0.13533098115641742,0.03809902869173045,0.7766666666666666,0.6133333333333333,0.6300562363783399,0.31899370132935295,0.13164675077194776,0.027206677745493256,0.5759162303664922,0.643979057591623
43,600,10,64,0.05,1.5,observed,additive,0.25,32,547,191,0.5724512843540985,0.6297184484845321,0.31833333333333336,0.0,0.6600667294535145,0.3203795442528797,0.13162444612183624,0.036173982304945784,0.76,0.6133333333333333,0.651045852610266,0.30985517432141413,0.12881131090476014,0.026162863765507357,0.5706806282722513,0.6387434554973822
43,600,10,64,0.05,1.5,observed,concat,0.25,32,547,191,0.5386311608428013,0.621239833173447,0.31833333333333336,0.0,0.603734697339948,0.34280084672856787,0.13769698451388643,0.03984214893453709,0.6883333333333334,0.5583333333333333,0.6165878504846409,0.3238756086031172,0.13285003654439972,0.027828577890031278,0.5497382198952879,0.5863874345549738
43,600,10,64,0.05,1.5,observed,same_pca_additive,0.25,32,547,191,0.506703665402793,0.5831618924203874,0.31833333333333336,0.0,0.6103600059426648,0.33943462181119266,0.13662625165623724,0.039382562477124246,0.6766666666666666,0.5625,0.6245526886283632,0.32012403131876443,0.13169585036966666,0.027448589619384116,0.5549738219895288,0.5890052356020943
43,600,10,64,0.05,1.5,shuffled,additive,0.25,32,547,191,0.4761483167486826,0.5635374863064275,0.31833333333333336,0.0,0.5931953672405359,0.34672520339770957,0.13872678384822146,0.040490869219881515,0.645,0.5483333333333333,0.6067364433577802,0.3275114472029471,0.1339532971820699,0.028284106558705058,0.5130890052356021,0.5785340314136126
43,600,10,64,0.05,1.5,oracle,additive,0.25,32,547,191,0.763763721237318,0.7872970570069232,0.31833333333333336,0.0,0.7416854375207564,0.2882935917126285,0.12277726720992724,0.03060199904727167,0.8816666666666667,0.6841666666666667,0.7061880728035849,0.2885245680036793,0.12278815174237273,0.02350400433297575,0.7277486910994765,0.7853403141361257
43,600,10,64,0.05,1.5,observed,additive,0.5,32,547,191,0.44029072819231,0.5198823841512482,0.31833333333333336,0.0,0.6546987971702171,0.3185493849414279,0.13012869482833325,0.03586185626652556,0.625,0.5825,0.6471080318263545,0.30959319425394394,0.12796278218391655,0.026227161704989826,0.4607329842931937,0.6047120418848168
43,600,10,64,0.05,1.5,observed,concat,0.5,32,547,191,0.5512436933075859,0.6226194395823045,0.31833333333333336,0.0,0.6435118555087318,0.3286480861003985,0.13406767590800203,0.03743309804930093,0.735,0.6233333333333333,0.6393946610956822,0.3152223855140187,0.13055213356181916,0.026773417756933572,0.5706806282722513,0.662303664921466
43,600,10,64,0.05,1.5,observed,same_pca_additive,0.5,32,547,191,0.3694146734969032,0.43994097017465755,0.31833333333333336,0.0,0.5782951075259295,0.3512683079738887,0.13934332548084724,0.04118689818153396,0.5683333333333334,0.5041666666666667,0.5916186614978515,0.3325458642784953,0.13477293914964242,0.0289258933667803,0.4293193717277487,0.5052356020942408
43,600,10,64,0.05,1.5,shuffled,additive,0.5,32,547,191,0.31453125223079315,0.3862624081437662,0.31833333333333336,0.0,0.5872223177736849,0.34826601158073933,0.13904232942248898,0.040760853265849224,0.5666666666666667,0.5258333333333334,0.5968240245677578,0.32940865699508015,0.13419618060097266,0.028691648208207257,0.38219895287958117,0.5287958115183246
43,600,10,64,0.05,1.5,oracle,additive,0.5,32,547,191,0.8589001447178003,0.8641806236087918,0.31833333333333336,0.0,0.8330814074784534,0.24583228587371564,0.1095331787421159,0.023046705279843337,0.9333333333333333,0.7433333333333333,0.768978435878309,0.262856346574709,0.11484893527364586,0.020283524485362345,0.7958115183246073,0.8900523560209425
43,600,10,64,0.05,1.5,observed,additive,1.0,32,547,191,0.21991154982468736,0.30670043595505975,0.31833333333333336,0.0,0.6282409303362713,0.3179181008061074,0.12697415933029474,0.03591337944735055,0.4766666666666667,0.47333333333333333,0.6401199056120634,0.3061194199460701,0.12423795922509717,0.026034305886986176,0.3769633507853403,0.5078534031413613
43,600,10,64,0.05,1.5,observed,concat,1.0,32,547,191,0.17777354522560915,0.285594276051496,0.31833333333333336,0.0,0.5807829553632741,0.34087237199512793,0.1337323749522966,0.039285488208528604,0.44333333333333336,0.41333333333333333,0.6062178764293139,0.3230747306221144,0.13004269510764183,0.027821133685643408,0.43455497382198954,0.4712041884816754
43,600,10,64,0.05,1.5,observed,same_pca_additive,1.0,32,547,191,0.19398111948245272,0.2779868335324012,0.31833333333333336,0.0,0.5604167636435934,0.3528657024188248,0.13781720216902008,0.041239937958015414,0.435,0.47583333333333333,0.5863686361159635,0.3332500695491042,0.13390805582154588,0.028957893458577116,0.387434554973822,0.4790575916230366
43,600,10,64,0.05,1.5,shuffled,additive,1.0,32,547,191,0.0337391965542779,0.09722453606699663,0.31833333333333336,0.0,0.4682856157647537,0.38748626168691586,0.14736964072514752,0.0476669250534557,0.25,0.3233333333333333,0.5084821847551194,0.35806179435950386,0.1404916771289842,0.03317704110086923,0.20418848167539266,0.32460732984293195
43,600,10,64,0.05,1.5,oracle,additive,1.0,32,547,191,0.8894007805427476,0.8948982145849977,0.31833333333333336,0.0,0.8890461484963915,0.20534792518881356,0.09433647781797613,0.0161309264461228,0.9483333333333334,0.7616666666666667,0.8157005582200265,0.24023420916442093,0.10712323792080942,0.017485264160454685,0.8429319371727748,0.9240837696335078
43,600,10,64,0.05,1.5,observed,additive,2.0,32,547,191,0.16319432852343632,0.2571185334404106,0.31833333333333336,0.0,0.5696117755750804,0.327705544744929,0.12650538770483152,0.03966785897154574,0.43333333333333335,0.425,0.6019007723203612,0.3131364459215074,0.1245850424386116,0.02847563527666941,0.39790575916230364,0.4790575916230366
43,600,10,64,0.05,1.5,observed,concat,2.0,32,547,191,0.15467171328254203,0.25760553106846884,0.31833333333333336,0.0,0.5214917805042273,0.3514690952965992,0.13263309461315081,0.043782392066318766,0.39666666666666667,0.38,0.5564124503143364,0.3333371018705164,0.1301739011300247,0.031319657673935665,0.36649214659685864,0.418848167539267
43,600,10,64,0.05,1.5,observed,same_pca_additive,2.0,32,547,191,0.1386613620816424,0.23411431133444074,0.31833333333333336,0.0,0.5549491177098556,0.33861701116522147,0.13038615437260723,0.040820525920939967,0.405,0.43333333333333335,0.5966204852887684,0.31703191735458286,0.12542728096742614,0.028414706886099043,0.4031413612565445,0.4738219895287958
43,600,10,64,0.05,1.5,shuffled,additive,2.0,32,547,191,0.023579059131630453,0.06523403263156198,0.31833333333333336,0.0,0.3782051545346069,0.41632171890952435,0.15278550647490657,0.05493391084886872,0.175,0.27166666666666667,0.4127205441889694,0.3882170868382588,0.14583843720951695,0.04032819275789874,0.17801047120418848,0.28534031413612565
43,600,10,64,0.05,1.5,oracle,additive,2.0,32,547,191,0.9140042302126239,0.9205224242111231,0.31833333333333336,0.0,0.9171614559877705,0.17339270255242845,0.08012897437821571,0.01126242761532529,0.96,0.775,0.8447887687948914,0.22393575069375932,0.10112128455862526,0.015514325769247325,0.8743455497382199,0.9397905759162304
43,600,10,64,0.05,2.0,none,content_only,0.0,32,574,191,0.5998710287446345,0.6513062094541177,0.31833333333333336,0.0,0.6343924514415158,0.3326093820343247,0.13533098115641742,0.03809902869173045,0.7766666666666666,0.6133333333333333,0.6300562363783399,0.31899370132935295,0.13164675077194776,0.027206677745493256,0.5759162303664922,0.643979057591623
43,600,10,64,0.05,2.0,observed,additive,0.25,32,574,191,0.550130079158344,0.6008834756712338,0.31833333333333336,0.0,0.6431298104196415,0.3281408336079347,0.13373738048895129,0.037364409962624565,0.7283333333333334,0.6025,0.6344318849481385,0.31717142738631987,0.13084431129173185,0.02699416621145271,0.5130890052356021,0.6204188481675392
43,600,10,64,0.05,2.0,observed,concat,0.25,32,574,191,0.6141297344191258,0.6617327536805204,0.31833333333333336,0.0,0.6358594994793769,0.3320136253807383,0.13517020703268168,0.038007937315346074,0.7866666666666666,0.6166666666666667,0.630969850305597,0.3185885967860726,0.13152792947630393,0.02717095138443608,0.5968586387434555,0.6492146596858639
43,600,10,64,0.05,2.0,observed,same_pca_additive,0.25,32,574,191,0.5877483812147429,0.6236617617278024,0.31833333333333336,0.0,0.6322747005409677,0.3331831070424624,0.13533073656099912,0.03828166239548963,0.775,0.6183333333333333,0.6342962731105484,0.3172847316859952,0.13109975935418675,0.02703203375615895,0.5445026178010471,0.6492146596858639
43,600,10,64,0.05,2.0,shuffled,additive,0.25,32,574,191,0.44872874637080085,0.5482542567313186,0.31833333333333336,0.0,0.5904384122019323,0.3474915370055204,0.13882160228155652,0.040662885983653974,0.5866666666666667,0.5308333333333334,0.6070656078350715,0.3273667869660981,0.13371029419646924,0.028281785576392725,0.4607329842931937,0.5471204188481675
43,600,10,64,0.05,2.0,oracle,additive,0.25,32,574,191,0.763763721237318,0.7872970570069232,0.31833333333333336,0.0,0.7416854375207564,0.2882935917126285,0.12277726720992724,0.03060199904727167,0.8816666666666667,0.6841666666666667,0.7061880728035849,0.2885245680036793,0.12278815174237273,0.02350400433297575,0.7277486910994765,0.7853403141361257
43,600,10,64,0.05,2.0,observed,additive,0.5,32,574,191,0.5381907701040781,0.5697262652833351,0.31833333333333336,0.0,0.693009428346693,0.307250441439979,0.12762029526585558,0.03384261931875593,0.7583333333333333,0.6508333333333334,0.6674306035392977,0.3032179729263558,0.12633916115789115,0.025349008250439054,0.5235602094240838,0.6780104712041884
43,600,10,64,0.05,2.0,observed,concat,0.5,32,574,191,0.44925684366857843,0.5459918871424693,0.31833333333333336,0.0,0.5969636227111174,0.34565312727869446,0.13841457277701935,0.0403100481838363,0.6,0.5516666666666666,0.6113403040120869,0.32595743634719715,0.13340122984488265,0.0281000640238815,0.450261780104712,0.5706806282722513
43,600,10,64,0.05,2.0,observed,same_pca_additive,0.5,32,574,191,0.3457900685965036,0.4124273976333961,0.31833333333333336,0.0,0.540141051870472,0.36798807960374036,0.1436337601030357,0.04358100936035165,0.5216666666666666,0.5058333333333334,0.5697142757517564,0.34304273204458563,0.1379446818479455,0.03000854771267813,0.38219895287958117,0.4869109947643979
43,600,10,64,0.05,2.0,shuffled,additive,0.5,32,574,191,0.29207796639861955,0.39731041419187296,0.31833333333333336,0.0,0.5591314760875025,0.35799436107440585,0.14122432320082207,0.042511739247842635,0.4483333333333333,0.49833333333333335,0.5881282097429666,0.3338278210317788,0.13534311798468923,0.029157588125150107,0.39267015706806285,0.5104712041884817
43,600,10,64,0.05,2.0,oracle,additive,0.5,32,574,191,0.8589001447178003,0.8641806236087918,0.31833333333333336,0.0,0.8330814074784534,0.24583228587371564,0.1095331787421159,0.023046705279843337,0.9333333333333333,0.7433333333333333,0.768978435878309,0.262856346574709,0.11484893527364586,0.020283524485362345,0.7958115183246073,0.8900523560209425
43,600,10,64,0.05,2.0,observed,additive,1.0,32,574,191,0.15605856225295012,0.23886509419949273,0.31833333333333336,0.0,0.5728296964083902,0.34169726916811444,0.13414872007765896,0.0398915193095383,0.40166666666666667,0.43666666666666665,0.5831743945508999,0.32893162575731066,0.1316677818596373,0.029141382965785938,0.29842931937172773,0.4397905759162304
43,600,10,64,0.05,2.0,observed,concat,1.0,32,574,191,0.11418398005529087,0.21929910294233423,0.31833333333333336,0.0,0.5128089029058744,0.36856482521362494,0.14117749215576497,0.043904011489356416,0.34,0.37083333333333335,0.5316517080125698,0.3516259401036392,0.13767106705436713,0.031673791853066555,0.2670157068062827,0.35602094240837695
43,600,10,64,0.05,2.0,observed,same_pca_additive,1.0,32,574,191,0.08733946975584611,0.1540215526711286,0.31833333333333336,0.0,0.46013431878453065,0.3956909515123359,0.14967731182010008,0.04766370280670866,0.23,0.3441666666666667,0.5044394720188692,0.3681011290048413,0.14431859975560804,0.03297881041699124,0.14659685863874344,0.3298429319371728
43,600,10,64,0.05,2.0,shuffled,additive,1.0,32,574,191,0.05959193297877468,0.11804185694716735,0.31833333333333336,0.0,0.4717496531953647,0.3870595772071259,0.14724667882942571,0.047534881029750085,0.25833333333333336,0.3625,0.5135430598468583,0.35802267474466565,0.14076021311650946,0.03270230520112361,0.21465968586387435,0.3717277486910995
43,600,10,64,0.05,2.0,oracle,additive,1.0,32,574,191,0.8894007805427476,0.8948982145849977,0.31833333333333336,0.0,0.8890461484963915,0.20534792518881356,0.09433647781797613,0.0161309264461228,0.9483333333333334,0.7616666666666667,0.8157005582200265,0.24023420916442093,0.10712323792080942,0.017485264160454685,0.8429319371727748,0.9240837696335078
43,600,10,64,0.05,2.0,observed,additive,2.0,32,574,191,0.09816249194534693,0.18787923622935476,0.31833333333333336,0.0,0.5094967212407852,0.3567107061965512,0.13560814656999462,0.04452771864180176,0.3416666666666667,0.38083333333333336,0.5218354849747193,0.346667230925545,0.13487293494514746,0.03338349989102591,0.27225130890052357,0.36649214659685864
43,600,10,64,0.05,2.0,observed,concat,2.0,32,574,191,0.10613221034720019,0.20769723580460409,0.31833333333333336,0.0,0.4587761877528187,0.38102175291236484,0.14165782060339469,0.048364677603210234,0.3016666666666667,0.32666666666666666,0.47612873015125184,0.36867852395880624,0.14026063736338645,0.03604997014269218,0.2356020942408377,0.306282722513089
43,600,10,64,0.05,2.0,observed,same_pca_additive,2.0,32,574,191,0.07155130942192989,0.1504061048604427,0.31833333333333336,0.0,0.4943502518552096,0.36721093139831157,0.13936836739422992,0.04508476913764917,0.2916666666666667,0.3491666666666667,0.49811748079138535,0.3593810900918505,0.13812942250965757,0.03391422415325808,0.2198952879581152,0.31151832460732987
43,600,10,64,0.05,2.0,shuffled,additive,2.0,32,574,191,0.024734994116523273,0.06861289048701037,0.31833333333333336,0.0,0.3884477203173739,0.4129421691481326,0.1521929237583393,0.05468822183959196,0.185,0.29,0.4374553466518169,0.37897873892668044,0.14460024755808198,0.03872502513730457,0.13089005235602094,0.3089005235602094
43,600,10,64,0.05,2.0,oracle,additive,2.0,32,574,191,0.9140042302126239,0.9205224242111231,0.31833333333333336,0.0,0.9171614559877705,0.17339270255242845,0.08012897437821571,0.01126242761532529,0.96,0.775,0.8447887687948914,0.22393575069375932,0.10112128455862526,0.015514325769247325,0.8743455497382199,0.9397905759162304
43,600,10,64,0.1,0.0,none,content_only,0.0,32,0,191,0.47539067284115577,0.5644121671514426,0.31833333333333336,0.0,0.5807574910299108,0.35241825713526265,0.1402109757592675,0.041293310220117,0.6233333333333333,0.5325,0.5982646399552833,0.3317091597506479,0.13507283338441817,0.028710610782680872,0.47643979057591623,0.56282722513089
43,600,10,64,0.1,0.0,observed,additive,0.25,32,0,191,0.7534128485482179,0.7730988580686033,0.31833333333333336,0.0,0.7207544724303726,0.29829176241435895,0.12580503904422544,0.03231056798294129,0.8766666666666667,0.6758333333333333,0.692684048493665,0.2943865758782591,0.12460855163049664,0.024222050318384588,0.7015706806282722,0.7722513089005235
43,600,10,64,0.1,0.0,observed,concat,0.25,32,0,191,0.5318194978296217,0.6090413020838074,0.31833333333333336,0.0,0.599286354943651,0.34486630237473975,0.13824521746224158,0.040147729069251514,0.6816666666666666,0.5558333333333333,0.6136711365442593,0.325371693382403,0.13328856618181173,0.02799031863462316,0.5287958115183246,0.5916230366492147
43,600,10,64,0.1,0.0,observed,same_pca_additive,0.25,32,0,191,0.6642779429384638,0.7177377155097459,0.31833333333333336,0.0,0.6807615147793968,0.313247817198929,0.12988870074568443,0.03488450976187092,0.7916666666666666,0.6308333333333334,0.6658879984348594,0.30462218076141395,0.1276084508808959,0.025505581322083186,0.6282722513089005,0.693717277486911
43,600,10,64,0.1,0.0,shuffled,additive,0.25,32,0,191,0.3614074608095066,0.4479516045425999,0.31833333333333336,0.0,0.5521878104397727,0.36197138429257086,0.1425468004008567,0.042989212267649644,0.5433333333333333,0.49166666666666664,0.5823914078989963,0.3368771219752804,0.13635225051399105,0.029385493969993674,0.4083769633507853,0.5130890052356021
43,600,10,64,0.1,0.0,oracle,additive,0.25,32,0,191,0.782540109170419,0.7890280148512918,0.31833333333333336,0.0,0.7398704124123807,0.29215912479255424,0.12426049596318041,0.031159393504511704,0.895,0.6966666666666667,0.7025002300677763,0.29119820902785565,0.12376640975176104,0.023801616784191428,0.7015706806282722,0.8010471204188482
43,600,10,64,0.1,0.0,observed,additive,0.5,32,0,191,0.8479070802222501,0.8517726252811578,0.31833333333333336,0.0,0.8171871046133495,0.2553013787942536,0.11273311967971578,0.024762131180483947,0.9283333333333333,0.7391666666666666,0.7595620291448517,0.2671258385164619,0.11621300506938936,0.02082863845317213,0.7853403141361257,0.8743455497382199
43,600,10,64,0.1,0.0,observed,concat,0.5,32,0,191,0.6914275048483652,0.7384727285826664,0.31833333333333336,0.0,0.687347105733177,0.3107331548728757,0.1293368422167985,0.034587701582613276,0.805,0.6325,0.6703633828735623,0.30248466946977004,0.12691769439882516,0.025289627278886728,0.6596858638743456,0.6884816753926701
43,600,10,64,0.1,0.0,observed,same_pca_additive,0.5,32,0,191,0.77642219865488,0.7979345409072697,0.31833333333333336,0.0,0.7652062513304293,0.276306618842182,0.11912408845786744,0.028728864115938193,0.8816666666666667,0.6891666666666667,0.7235382128446369,0.2797963671280214,0.11986340574243752,0.022578185111642588,0.6963350785340314,0.7801047120418848
43,600,10,64,0.1,0.0,shuffled,additive,0.5,32,0,191,0.14116205189894468,0.22395233435729614,0.31833333333333336,0.0,0.5255710488098732,0.36887339391905366,0.14389192631030792,0.04437569853893069,0.35833333333333334,0.4125,0.5620646145979538,0.341770380241021,0.13718565541089334,0.03022387558730854,0.2513089005235602,0.39790575916230364
43,600,10,64,0.1,0.0,oracle,additive,0.5,32,0,191,0.7339104645157145,0.7814569399145767,0.31833333333333336,0.0,0.7737845803080786,0.2711312801614364,0.11721983249109628,0.027554956448246515,0.8083333333333333,0.6891666666666667,0.726552447004187,0.27962485095179684,0.11994694424731502,0.022442431704047874,0.6963350785340314,0.7801047120418848
43,600,10,64,0.1,0.0,observed,additive,1.0,32,0,191,0.8808727815049847,0.8859120083429444,0.31833333333333336,0.0,0.8849023960734296,0.2104171842479873,0.09640437413426763,0.017046070501243075,0.945,0.7716666666666666,0.8146001956336025,0.2406555579716156,0.1072292667379583,0.017564542256135015,0.8324607329842932,0.9293193717277487
43,600,10,64,0.1,0.0,observed,concat,1.0,32,0,191,0.7855913209679382,0.8393068589917148,0.31833333333333336,0.0,0.8128521809940509,0.24974640428130027,0.11015849871561192,0.023948883900521346,0.835,0.7166666666666667,0.762525883604336,0.2642473159932803,0.11522162450451803,0.02056401022721517,0.7853403141361257,0.8219895287958116
43,600,10,64,0.1,0.0,observed,same_pca_additive,1.0,32,0,191,0.7806921725430478,0.8174606867106174,0.31833333333333336,0.0,0.8219193462515623,0.23987446182716393,0.10588305835171237,0.02228403288113472,0.86,0.7,0.773306443656483,0.258541217892146,0.11245961894122429,0.019726365121653905,0.7539267015706806,0.8298429319371727
43,600,10,64,0.1,0.0,shuffled,additive,1.0,32,0,191,0.0028432030305280847,0.0343502188420237,0.31833333333333336,0.0,0.47776113283819266,0.37742141168147014,0.14487274913045906,0.04680658304633994,0.15833333333333333,0.365,0.5047412467270388,0.35280225241076557,0.13850410942238206,0.033012324588412516,0.11518324607329843,0.3219895287958115
43,600,10,64,0.1,0.0,oracle,additive,1.0,32,0,191,0.8855837398013798,0.8911656395883478,0.31833333333333336,0.0,0.8812078178706745,0.21249734969854112,0.09722819772668591,0.017336817329496032,0.9466666666666667,0.7658333333333334,0.8089485426419712,0.24370956725639165,0.10836260939212992,0.0179305344804139,0.837696335078534,0.9267015706806283
43,600,10,64,0.1,0.0,observed,additive,2.0,32,0,191,0.8028106338887686,0.8448750492755114,0.31833333333333336,0.0,0.8606550776515881,0.19985552940761903,0.08871393446100302,0.015918845616607346,0.8516666666666667,0.7033333333333334,0.7944228422908779,0.2430767938438671,0.10641587089506428,0.018098518484184836,0.7539267015706806,0.8089005235602095
43,600,10,64,0.1,0.0,observed,concat,2.0,32,0,191,0.9200002318892309,0.925300425286341,0.31833333333333336,0.0,0.9202295217893205,0.17386383959806556,0.08070388191244054,0.011295075729238852,0.9633333333333334,0.7933333333333333,0.8510940219594164,0.22139604402988047,0.10043978207129328,0.015189114036567433,0.8848167539267016,0.9607329842931938
43,600,10,64,0.1,0.0,observed,same_pca_additive,2.0,32,0,191,0.912780250725743,0.9179294447464715,0.31833333333333336,0.0,0.9176110914386201,0.17641811249203354,0.08174478654912988,0.011737011121831922,0.96,0.7766666666666666,0.8482864933857672,0.22133442799514255,0.100047761589848,0.015247956810355071,0.8743455497382199,0.9397905759162304
43,600,10,64,0.1,0.0,shuffled,additive,2.0,32,0,191,-0.001828590954738081,0.026489654820932625,0.31833333333333336,0.0,0.3503945474654397,0.4183166572766421,0.15212749651873902,0.05794191556744507,0.14166666666666666,0.24916666666666668,0.3700011764857607,0.39664700606755793,0.14783140860407698,0.044812975628825566,0.10471204188481675,0.2486910994764398
43,600,10,64,0.1,0.0,oracle,additive,2.0,32,0,191,0.9140340068177222,0.9195116541965221,0.31833333333333336,0.0,0.914998544814718,0.176844859283269,0.08181439930310609,0.011744641912805826,0.96,0.7775,0.8422877396492924,0.22543484783593162,0.1016904499654546,0.015703774979314643,0.8743455497382199,0.93717277486911
43,600,10,64,0.1,0.5,none,content_only,0.0,32,330,191,0.47539067284115577,0.5644121671514426,0.31833333333333336,0.0,0.5807574910299108,0.35241825713526265,0.1402109757592675,0.041293310220117,0.6233333333333333,0.5325,0.5982646399552833,0.3317091597506479,0.13507283338441817,0.028710610782680872,0.47643979057591623,0.56282722513089
43,600,10,64,0.1,0.5,observed,additive,0.25,32,330,191,0.5261378976910634,0.6028753888053664,0.31833333333333336,0.0,0.6290144960835183,0.3309208590090047,0.13435160971437698,0.03786358214753725,0.6916666666666667,0.5608333333333333,0.6201294273453415,0.3203733837120059,0.1314990525604881,0.02760227612379392,0.44502617801047123,0.5680628272251309
43,600,10,64,0.1,0.5,observed,concat,0.25,32,330,191,0.4995900678729204,0.5757068462544387,0.31833333333333336,0.0,0.5888765227060065,0.3490899622866755,0.13943951530369414,0.040749057988058265,0.6716666666666666,0.5475,0.5957588154705019,0.33169676611066184,0.1350087531996711,0.02882420945479608,0.450261780104712,0.5497382198952879
43,600,10,64,0.1,0.5,observed,same_pca_additive,0.25,32,330,191,0.5247145617642176,0.6047485616715196,0.31833333333333336,0.0,0.6213535307689705,0.3341155312894649,0.13504993008198163,0.03849524504474681,0.625,0.5483333333333333,0.628490501434676,0.31794089546647103,0.1309373693099104,0.027214626138827948,0.4973821989528796,0.5706806282722513
43,600,10,64,0.1,0.5,shuffled,additive,0.25,32,330,191,0.3952500977536496,0.48634223663842807,0.31833333333333336,0.0,0.5626473486960042,0.3586061117704163,0.14160554787317156,0.04237350903315523,0.5666666666666667,0.51,0.5849796707655974,0.3364885241770026,0.13622960414341748,0.02933915640807613,0.4083769633507853,0.5157068062827225
43,600,10,64,0.1,0.5,oracle,additive,0.25,32,330,191,0.782540109170419,0.7890280148512918,0.31833333333333336,0.0,0.7398704124123807,0.29215912479255424,0.12426049596318041,0.031159393504511704,0.895,0.6966666666666667,0.7025002300677763,0.29119820902785565,0.12376640975176104,0.023801616784191428,0.7015706806282722,0.8010471204188482
43,600,10,64,0.1,0.5,observed,additive,0.5,32,330,191,0.5552741298246836,0.6020802603079384,0.31833333333333336,0.0,0.6907392794472064,0.30280653980257416,0.1255510648955288,0.03325232301765945,0.7316666666666667,0.6066666666666667,0.6746024791849258,0.298436044031709,0.12444609101920168,0.02484741783117984,0.5759162303664922,0.6544502617801047
43,600,10,64,0.1,0.5,observed,concat,0.5,32,330,191,0.5851440854992832,0.6381179218042088,0.31833333333333336,0.0,0.6555930165051799,0.32271676698607504,0.13227989768644988,0.03652560664265595,0.77,0.6183333333333333,0.6484998309056769,0.3110344232196214,0.129165619183537,0.02632591691287674,0.5549738219895288,0.6596858638743456
43,600,10,64,0.1,0.5,observed,same_pca_additive,0.5,32,330,191,0.5344993571716458,0.6033385976465838,0.31833333333333336,0.0,0.6808386854764279,0.308314541495611,0.1275115062384341,0.03420560770964766,0.705,0.59,0.6609042601246296,0.30337594343478147,0.12622676808409547,0.02556397816208548,0.5026178010471204,0.6073298429319371
43,600,10,64,0.1,0.5,shuffled,additive,0.5,32,330,191,0.17072045693882737,0.27340781140490134,0.31833333333333336,0.0,0.5365717765566075,0.36517688884141974,0.1430956610487087,0.043727892482424986,0.4216666666666667,0.42083333333333334,0.5675078549742051,0.3406364996429178,0.13705263472699933,0.03001228217800402,0.31413612565445026,0.4031413612565445
43,600,10,64,0.1,0.5,oracle,additive,0.5,32,330,191,0.7339104645157145,0.7814569399145767,0.31833333333333336,0.0,0.7737845803080786,0.2711312801614364,0.11721983249109628,0.027554956448246515,0.8083333333333333,0.6891666666666667,0.726552447004187,0.27962485095179684,0.11994694424731502,0.022442431704047874,0.6963350785340314,0.7801047120418848
43,600,10,64,0.1,0.5,observed,additive,1.0,32,330,191,0.4750621778805428,0.530374217996505,0.31833333333333336,0.0,0.7715558096810767,0.25643063135806754,0.10927621706111011,0.025241494845348707,0.6983333333333334,0.6516666666666666,0.730312943169437,0.27104892931454233,0.11472214690920486,0.021646024311492238,0.5916230366492147,0.7225130890052356
43,600,10,64,0.1,0.5,observed,concat,1.0,32,330,191,0.4131132820092102,0.4868127926556232,0.31833333333333336,0.0,0.7017812153304214,0.2922039581969591,0.12029655125483048,0.030994772880692766,0.6366666666666667,0.5575,0.6860408172736491,0.2928311543374919,0.12166621001241804,0.02406162687611011,0.5759162303664922,0.6256544502617801
43,600,10,64,0.1,0.5,observed,same_pca_additive,1.0,32,330,191,0.5800865295440805,0.5989161135315129,0.31833333333333336,0.0,0.7976282151912932,0.25199976422725495,0.10905780014176526,0.024517099413998163,0.7866666666666666,0.6908333333333333,0.7540929927916687,0.26299137836740655,0.11249779359736972,0.020503057898069818,0.6387434554973822,0.774869109947644
43,600,10,64,0.1,0.5,shuffled,additive,1.0,32,330,191,0.013133117930060874,0.0555019766751392,0.31833333333333336,0.0,0.4708980729665834,0.38178080392969577,0.1459702597377249,0.047367702600871635,0.19333333333333333,0.3433333333333333,0.49781911646815225,0.3572320180360412,0.1396637237119678,0.033404569342932254,0.1518324607329843,0.29842931937172773
43,600,10,64,0.1,0.5,oracle,additive,1.0,32,330,191,0.8855837398013798,0.8911656395883478,0.31833333333333336,0.0,0.8812078178706745,0.21249734969854112,0.09722819772668591,0.017336817329496032,0.9466666666666667,0.7658333333333334,0.8089485426419712,0.24370956725639165,0.10836260939212992,0.0179305344804139,0.837696335078534,0.9267015706806283
43,600,10,64,0.1,0.5,observed,additive,2.0,32,330,191,0.46914797818670045,0.5245826690586262,0.31833333333333336,0.0,0.7556101493766255,0.2426296987453502,0.10075214438428023,0.024365818373940282,0.69,0.6233333333333333,0.7136479162695063,0.2715745963455689,0.11338018974563001,0.02248075453232458,0.5602094240837696,0.6858638743455497
43,600,10,64,0.1,0.5,observed,concat,2.0,32,330,191,0.423509495555907,0.4669785739867457,0.31833333333333336,0.0,0.709867764720264,0.2660168548080422,0.10743824982519705,0.027847972863553578,0.6316666666666667,0.5475,0.6697410700339324,0.29098559887188274,0.11914422436224867,0.024910082747988962,0.4973821989528796,0.5916230366492147
43,600,10,64,0.1,0.5,observed,same_pca_additive,2.0,32,330,191,0.4829210440024726,0.5354188040278322,0.31833333333333336,0.0,0.7648436100061756,0.24132968422104922,0.10092026984176745,0.023852100448635036,0.6966666666666667,0.6241666666666666,0.7342897489501344,0.2621830325787169,0.11006949288365937,0.02120228240158908,0.6020942408376964,0.7015706806282722
43,600,10,64,0.1,0.5,shuffled,additive,2.0,32,330,191,-0.000798065768221869,0.03065607136342179,0.31833333333333336,0.0,0.3549369880236361,0.41807448604382635,0.15229385871369835,0.057557876530884275,0.14666666666666667,0.24666666666666667,0.36788182519836665,0.39897883419291064,0.14859954409133463,0.044761416913044735,0.12041884816753927,0.23821989528795812
43,600,10,64,0.1,0.5,oracle,additive,2.0,32,330,191,0.9140340068177222,0.9195116541965221,0.31833333333333336,0.0,0.914998544814718,0.176844859283269,0.08181439930310609,0.011744641912805826,0.96,0.7775,0.8422877396492924,0.22543484783593162,0.1016904499654546,0.015703774979314643,0.8743455497382199,0.93717277486911
43,600,10,64,0.1,1.0,none,content_only,0.0,32,443,191,0.47539067284115577,0.5644121671514426,0.31833333333333336,0.0,0.5807574910299108,0.35241825713526265,0.1402109757592675,0.041293310220117,0.6233333333333333,0.5325,0.5982646399552833,0.3317091597506479,0.13507283338441817,0.028710610782680872,0.47643979057591623,0.56282722513089
43,600,10,64,0.1,1.0,observed,additive,0.25,32,443,191,0.5122744192558735,0.6012519111191454,0.31833333333333336,0.0,0.6169520084248579,0.3357240772400135,0.1354272476369871,0.03876354158156254,0.66,0.5508333333333333,0.625065412148314,0.3193055967786677,0.13109827916719247,0.027335337446219937,0.47643979057591623,0.5654450261780105
43,600,10,64,0.1,1.0,observed,concat,0.25,32,443,191,0.5499512248575309,0.6166743229719132,0.31833333333333336,0.0,0.6123560972198535,0.3411819707338212,0.13755248427581895,0.039489693268246945,0.7233333333333334,0.5816666666666667,0.6175198601663979,0.3240646587083868,0.13304564152040713,0.027802992094956527,0.5602094240837696,0.599476439790576
43,600,10,64,0.1,1.0,observed,same_pca_additive,0.25,32,443,191,0.5393146182279682,0.6061573528008479,0.31833333333333336,0.0,0.6102260564248834,0.3393825732515614,0.13661067475584612,0.03937249482333401,0.7066666666666667,0.5591666666666667,0.6140146031568455,0.3239422323439048,0.13259574476953764,0.027880466966263742,0.4869109947643979,0.5523560209424084
43,600,10,64,0.1,1.0,shuffled,additive,0.25,32,443,191,0.3493773958891834,0.4451745225553593,0.31833333333333336,0.0,0.5456704358572312,0.3637123427713799,0.14281444142276853,0.04336660101053977,0.555,0.4825,0.5803125679068295,0.33729738009919197,0.13636216652678512,0.029472453354579892,0.42408376963350786,0.4738219895287958
43,600,10,64,0.1,1.0,oracle,additive,0.25,32,443,191,0.782540109170419,0.7890280148512918,0.31833333333333336,0.0,0.7398704124123807,0.29215912479255424,0.12426049596318041,0.031159393504511704,0.895,0.6966666666666667,0.7025002300677763,0.29119820902785565,0.12376640975176104,0.023801616784191428,0.7015706806282722,0.8010471204188482
43,600,10,64,0.1,1.0,observed,additive,0.5,32,443,191,0.5376694789241305,0.5869585707819698,0.31833333333333336,0.0,0.6843109762552722,0.3064123162005532,0.12689253869057832,0.03394216975791849,0.7383333333333333,0.6166666666666667,0.663751778644203,0.3022296022965515,0.12537539201991163,0.0253177570989286,0.5497382198952879,0.6544502617801047
43,600,10,64,0.1,1.0,observed,concat,0.5,32,443,191,0.5669921076739031,0.6181393548989902,0.31833333333333336,0.0,0.6377234214182756,0.3303332520691347,0.13436361957430817,0.03777787851219978,0.7333333333333333,0.6116666666666667,0.6335055770915129,0.31708156839423146,0.1307098478820299,0.02698525540189115,0.518324607329843,0.6413612565445026
43,600,10,64,0.1,1.0,observed,same_pca_additive,0.5,32,443,191,0.5401475952676367,0.5806716726491329,0.31833333333333336,0.0,0.6833217774580426,0.31079870945249904,0.1286502216553546,0.03461147080860169,0.7333333333333333,0.6325,0.6669396996954536,0.3023011567709518,0.12585007190938838,0.02531469056155853,0.5445026178010471,0.675392670157068
43,600,10,64,0.1,1.0,shuffled,additive,0.5,32,443,191,0.18597684583705656,0.27749481864583075,0.31833333333333336,0.0,0.5293909173293269,0.36814376658528564,0.1436169303908213,0.04418854548501658,0.415,0.44166666666666665,0.5618934316614501,0.3421902135362119,0.1372554381185141,0.030288310902397166,0.28272251308900526,0.43717277486910994
43,600,10,64,0.1,1.0,oracle,additive,0.5,32,443,191,0.7339104645157145,0.7814569399145767,0.31833333333333336,0.0,0.7737845803080786,0.2711312801614364,0.11721983249109628,0.027554956448246515,0.8083333333333333,0.6891666666666667,0.726552447004187,0.27962485095179684,0.11994694424731502,0.022442431704047874,0.6963350785340314,0.7801047120418848
43,600,10,64,0.1,1.0,observed,additive,1.0,32,443,191,0.3508281280923376,0.45084094743846737,0.31833333333333336,0.0,0.7186640420436649,0.2798234032844231,0.11617574688928954,0.02942907977650099,0.615,0.615,0.6863964081816939,0.28766548138576187,0.11887732723895655,0.023830230406627816,0.5026178010471204,0.6570680628272252
43,600,10,64,0.1,1.0,observed,concat,1.0,32,443,191,0.3285388176896132,0.4191679722147365,0.31833333333333336,0.0,0.6415673058729982,0.3175808830992593,0.1274215261957339,0.035419756884779434,0.5533333333333333,0.5,0.6312420174975315,0.31247951257029083,0.12644203093132397,0.02679781841737367,0.43455497382198954,0.5366492146596858
43,600,10,64,0.1,1.0,observed,same_pca_additive,1.0,32,443,191,0.36252551492233986,0.4326346244977483,0.31833333333333336,0.0,0.6877141738321746,0.29835556433184424,0.12245375530156147,0.03237901521212982,0.605,0.5516666666666666,0.666033289368421,0.29789584573162986,0.12234211091802946,0.02494564597686986,0.4869109947643979,0.5785340314136126
43,600,10,64,0.1,1.0,shuffled,additive,1.0,32,443,191,0.02817443550353038,0.09071342449975558,0.31833333333333336,0.0,0.4636391975007585,0.38474928256635726,0.14640367515857966,0.04777017259573251,0.20666666666666667,0.3541666666666667,0.5031274839305112,0.3578543842028378,0.14009220244487572,0.033246042844163895,0.18324607329842932,0.33507853403141363
43,600,10,64,0.1,1.0,oracle,additive,1.0,32,443,191,0.8855837398013798,0.8911656395883478,0.31833333333333336,0.0,0.8812078178706745,0.21249734969854112,0.09722819772668591,0.017336817329496032,0.9466666666666667,0.7658333333333334,0.8089485426419712,0.24370956725639165,0.10836260939212992,0.0179305344804139,0.837696335078534,0.9267015706806283
43,600,10,64,0.1,1.0,observed,additive,2.0,32,443,191,0.33625159581132236,0.4231910164888599,0.31833333333333336,0.0,0.6570432867171602,0.2891988051097083,0.11445302299095549,0.03281314426308646,0.575,0.5108333333333334,0.6359148725404916,0.29980727353158654,0.12082672567622889,0.026946975816349597,0.47643979057591623,0.5340314136125655
43,600,10,64,0.1,1.0,observed,concat,2.0,32,443,191,0.28599420244123797,0.3853550380801413,0.31833333333333336,0.0,0.6267502314182594,0.30351904755155384,0.11841328714957118,0.035316867508309265,0.5283333333333333,0.47333333333333333,0.6027622266323507,0.31445177398618834,0.12479568032637466,0.029089914869807332,0.4083769633507853,0.4816753926701571
43,600,10,64,0.1,1.0,observed,same_pca_additive,2.0,32,443,191,0.34050645964201914,0.4158420346843723,0.31833333333333336,0.0,0.6656039709244798,0.2889361106529523,0.11555314215504972,0.03252918330837856,0.595,0.52,0.6527051048825355,0.2931130134115077,0.11826246130707298,0.025625423227615365,0.4712041884816754,0.5445026178010471
43,600,10,64,0.1,1.0,shuffled,additive,2.0,32,443,191,0.008257976253433743,0.043870804813124525,0.31833333333333336,0.0,0.3676675247475625,0.4149100564459747,0.15186048469742178,0.0566579425368862,0.145,0.2783333333333333,0.4123968145903188,0.38423716969968363,0.14519421045582984,0.04151875904086565,0.12041884816753927,0.28272251308900526
43,600,10,64,0.1,1.0,oracle,additive,2.0,32,443,191,0.9140340068177222,0.9195116541965221,0.31833333333333336,0.0,0.914998544814718,0.176844859283269,0.08181439930310609,0.011744641912805826,0.96,0.7775,0.8422877396492924,0.22543484783593162,0.1016904499654546,0.015703774979314643,0.8743455497382199,0.93717277486911
43,600,10,64,0.1,1.5,none,content_only,0.0,32,547,191,0.47539067284115577,0.5644121671514426,0.31833333333333336,0.0,0.5807574910299108,0.35241825713526265,0.1402109757592675,0.041293310220117,0.6233333333333333,0.5325,0.5982646399552833,0.3317091597506479,0.13507283338441817,0.028710610782680872,0.47643979057591623,0.56282722513089
43,600,10,64,0.1,1.5,observed,additive,0.25,32,547,191,0.43640584063863075,0.5324889088533945,0.31833333333333336,0.0,0.6009312414613819,0.3428394672801214,0.1374059627796227,0.039857300742864796,0.595,0.5366666666666666,0.6171141485148027,0.3234449117483785,0.13259304393554952,0.027799955530423283,0.4869109947643979,0.56282722513089
43,600,10,64,0.1,1.5,observed,concat,0.25,32,547,191,0.48138987920496434,0.5710001569512597,0.31833333333333336,0.0,0.580802703173531,0.35246087958373495,0.14032114153012648,0.04125956113864146,0.6516666666666666,0.5408333333333334,0.5902490537915284,0.3342050179342819,0.13576128694464404,0.029093935056341176,0.45549738219895286,0.5418848167539267
43,600,10,64,0.1,1.5,observed,same_pca_additive,0.25,32,547,191,0.5522915415831825,0.6049400990254834,0.31833333333333336,0.0,0.611368452825299,0.3414355305248508,0.1373269226676541,0.03954538939034472,0.7366666666666667,0.5958333333333333,0.6199447777498379,0.32343123425042847,0.13285254888837816,0.027763352986529207,0.5497382198952879,0.6020942408376964
43,600,10,64,0.1,1.5,shuffled,additive,0.25,32,547,191,0.4043486128475776,0.49159082809417814,0.31833333333333336,0.0,0.5744476306176974,0.35436464302797654,0.14067045737552275,0.04165085079680118,0.6033333333333334,0.5333333333333333,0.5871616261452587,0.33558724248666405,0.13619684929150147,0.029227583429336984,0.4031413612565445,0.5392670157068062
43,600,10,64,0.1,1.5,oracle,additive,0.25,32,547,191,0.782540109170419,0.7890280148512918,0.31833333333333336,0.0,0.7398704124123807,0.29215912479255424,0.12426049596318041,0.031159393504511704,0.895,0.6966666666666667,0.7025002300677763,0.29119820902785565,0.12376640975176104,0.023801616784191428,0.7015706806282722,0.8010471204188482
43,600,10,64,0.1,1.5,observed,additive,0.5,32,547,191,0.4433822107905536,0.5129941612612882,0.31833333333333336,0.0,0.6559604942028827,0.32006059956070876,0.13057342347487014,0.03599289682878788,0.6616666666666666,0.5941666666666666,0.6504956089201256,0.30977590228614243,0.12811135931548964,0.026149768624978482,0.4869109947643979,0.599476439790576
43,600,10,64,0.1,1.5,observed,concat,0.5,32,547,191,0.3981093933679707,0.5064984401597078,0.31833333333333336,0.0,0.588363312529646,0.3491899092225023,0.13927397888781734,0.04068856251830368,0.57,0.5483333333333333,0.5983452985469432,0.3309175631021875,0.13479043743708674,0.02871533830503274,0.4083769633507853,0.5549738219895288
43,600,10,64,0.1,1.5,observed,same_pca_additive,0.5,32,547,191,0.3200058289571426,0.3855569334480799,0.31833333333333336,0.0,0.5356998528870472,0.3690022599381769,0.14367662097970277,0.043757747493224676,0.5116666666666667,0.48083333333333333,0.568038181934168,0.34375202355355083,0.1380086602277463,0.030068573736540333,0.35602094240837695,0.45287958115183247
43,600,10,64,0.1,1.5,shuffled,additive,0.5,32,547,191,0.22879121876953668,0.3187273909239599,0.31833333333333336,0.0,0.5564971115804546,0.35974768031206955,0.14185790099041273,0.042557990579996686,0.48833333333333334,0.4775,0.5774473476137211,0.3373130744805864,0.13622723262943554,0.02961162300608552,0.3036649214659686,0.4790575916230366
43,600,10,64,0.1,1.5,oracle,additive,0.5,32,547,191,0.7339104645157145,0.7814569399145767,0.31833333333333336,0.0,0.7737845803080786,0.2711312801614364,0.11721983249109628,0.027554956448246515,0.8083333333333333,0.6891666666666667,0.726552447004187,0.27962485095179684,0.11994694424731502,0.022442431704047874,0.6963350785340314,0.7801047120418848
43,600,10,64,0.1,1.5,observed,additive,1.0,32,547,191,0.1881812718938456,0.2755652488903178,0.31833333333333336,0.0,0.5878882942860452,0.3365526348465342,0.1323586092560674,0.038794013858292946,0.44666666666666666,0.4483333333333333,0.6154161617229473,0.3181619372040236,0.12815643441705643,0.027305430165860622,0.4293193717277487,0.5026178010471204
43,600,10,64,0.1,1.5,observed,concat,1.0,32,547,191,0.14799187131397562,0.25128382125083953,0.31833333333333336,0.0,0.5400301277676628,0.35807135230069725,0.13820602978779542,0.04217243960667222,0.3933333333333333,0.3983333333333333,0.5831524734172304,0.3318217148095266,0.13228199993968656,0.02894715873478478,0.387434554973822,0.43455497382198954
43,600,10,64,0.1,1.5,observed,same_pca_additive,1.0,32,547,191,0.1519284424739852,0.22887153520612086,0.31833333333333336,0.0,0.5259849003756042,0.36872833919718756,0.14221512721608917,0.04350907420052246,0.375,0.4125,0.5590514019442354,0.34513611477493356,0.13741551760584209,0.0303018723322716,0.32460732984293195,0.4319371727748691
43,600,10,64,0.1,1.5,shuffled,additive,1.0,32,547,191,0.048486266422360924,0.10676312318828851,0.31833333333333336,0.0,0.46424061111626297,0.3882771952944258,0.14771397918519755,0.047909364317331705,0.25,0.35333333333333333,0.496850945241924,0.36140916197911943,0.14119703288118404,0.03375199677165829,0.19895287958115182,0.33507853403141363
43,600,10,64,0.1,1.5,oracle,additive,1.0,32,547,191,0.8855837398013798,0.8911656395883478,0.31833333333333336,0.0,0.8812078178706745,0.21249734969854112,0.09722819772668591,0.017336817329496032,0.9466666666666667,0.7658333333333334,0.8089485426419712,0.24370956725639165,0.10836260939212992,0.0179305344804139,0.837696335078534,0.9267015706806283
43,600,10,64,0.1,1.5,observed,additive,2.0,32,547,191,0.1604465898086596,0.26456614393325806,0.31833333333333336,0.0,0.5572090231439281,0.3341932718724672,0.12842132964764089,0.040926976441996825,0.41333333333333333,0.4141666666666667,0.5827488426583951,0.3229726491997939,0.12730894689148967,0.029488523066733448,0.36649214659685864,0.43455497382198954
43,600,10,64,0.1,1.5,observed,concat,2.0,32,547,191,0.12814459738234532,0.22291216441008202,0.31833333333333336,0.0,0.5031860312151097,0.36290383801701565,0.13581729634860165,0.04495966344028505,0.37166666666666665,0.37166666666666665,0.5301457742028319,0.3473010511996839,0.13419900372098517,0.03257795262397441,0.3298429319371728,0.39790575916230364
43,600,10,64,0.1,1.5,observed,same_pca_additive,2.0,32,547,191,0.1256176099749032,0.20903541066232165,0.31833333333333336,0.0,0.5293512558704414,0.35359354181913843,0.13477888881699338,0.042522016962323966,0.35833333333333334,0.395,0.5677271369472002,0.3321991980626724,0.13030057793314315,0.029813204219111045,0.36649214659685864,0.43717277486910994
43,600,10,64,0.1,1.5,shuffled,additive,2.0,32,547,191,0.01948044523230702,0.06680615974229061,0.31833333333333336,0.0,0.3800282075169515,0.4151450241334923,0.15232143236979648,0.055229538329213484,0.16666666666666666,0.2608333333333333,0.42515925516246755,0.3842818494556815,0.14516027487578276,0.03970166796096876,0.17277486910994763,0.2696335078534031
43,600,10,64,0.1,1.5,oracle,additive,2.0,32,547,191,0.9140340068177222,0.9195116541965221,0.31833333333333336,0.0,0.914998544814718,0.176844859283269,0.08181439930310609,0.011744641912805826,0.96,0.7775,0.8422877396492924,0.22543484783593162,0.1016904499654546,0.015703774979314643,0.8743455497382199,0.93717277486911
43,600,10,64,0.1,2.0,none,content_only,0.0,32,574,191,0.47539067284115577,0.5644121671514426,0.31833333333333336,0.0,0.5807574910299108,0.35241825713526265,0.1402109757592675,0.041293310220117,0.6233333333333333,0.5325,0.5982646399552833,0.3317091597506479,0.13507283338441817,0.028710610782680872,0.47643979057591623,0.56282722513089
43,600,10,64,0.1,2.0,observed,additive,0.25,32,574,191,0.4570626273468047,0.5299813631067974,0.31833333333333336,0.0,0.5950813290788013,0.34549474237448763,0.13820004939205788,0.04028891156559562,0.6316666666666667,0.5416666666666666,0.6099688854237627,0.32636239186532656,0.13339497845394924,0.028135879420109314,0.450261780104712,0.5602094240837696
43,600,10,64,0.1,2.0,observed,concat,0.25,32,574,191,0.4713332466795013,0.5608050925103516,0.31833333333333336,0.0,0.5818788540231729,0.35192705855893747,0.14007829997861784,0.04122162449122206,0.6033333333333334,0.5325,0.5992105937522868,0.33130132611496294,0.13496654303245106,0.028667708947155073,0.4973821989528796,0.5549738219895288
43,600,10,64,0.1,2.0,observed,same_pca_additive,0.25,32,574,191,0.4773398054454493,0.5429417940256266,0.31833333333333336,0.0,0.5756886632975415,0.3547779888799664,0.1406617903826018,0.04168039741270937,0.6283333333333333,0.5416666666666666,0.5967998355307836,0.33259429884501907,0.13540351725967106,0.028828148729737924,0.5235602094240838,0.5575916230366492
43,600,10,64,0.1,2.0,shuffled,additive,0.25,32,574,191,0.4135230077703056,0.5043824356640823,0.31833333333333336,0.0,0.5709658316768934,0.3558625250314613,0.14084307506452717,0.04190493505242631,0.585,0.5208333333333334,0.5915871694002584,0.3342537309336061,0.1356713697329581,0.029061482230953083,0.4712041884816754,0.5392670157068062
43,600,10,64,0.1,2.0,oracle,additive,0.25,32,574,191,0.782540109170419,0.7890280148512918,0.31833333333333336,0.0,0.7398704124123807,0.29215912479255424,0.12426049596318041,0.031159393504511704,0.895,0.6966666666666667,0.7025002300677763,0.29119820902785565,0.12376640975176104,0.023801616784191428,0.7015706806282722,0.8010471204188482
43,600,10,64,0.1,2.0,observed,additive,0.5,32,574,191,0.4902226174657244,0.5287573633675943,0.31833333333333336,0.0,0.6648564221823896,0.31886802785086005,0.13092275741933987,0.0357891280895649,0.7266666666666667,0.6258333333333334,0.6494366874784859,0.31067382668763055,0.1285953021907833,0.026257847334091804,0.5026178010471204,0.6387434554973822
43,600,10,64,0.1,2.0,observed,concat,0.5,32,574,191,0.41283969519027813,0.5169697114520445,0.31833333333333336,0.0,0.5771916925216817,0.35382329414179037,0.14053374982140934,0.041556692616047226,0.5533333333333333,0.5358333333333334,0.5967546237521115,0.33222786414677313,0.1351993504014434,0.028805748059055905,0.450261780104712,0.5523560209424084
43,600,10,64,0.1,2.0,observed,same_pca_additive,0.5,32,574,191,0.26189774592772314,0.3443836424157254,0.31833333333333336,0.0,0.5122563107366733,0.3798809043327164,0.14664735965456324,0.04526416623569831,0.43833333333333335,0.4375,0.5504987930970576,0.35200255415546217,0.14058422657730815,0.03093011416865975,0.3612565445026178,0.43455497382198954
43,600,10,64,0.1,2.0,shuffled,additive,0.5,32,574,191,0.26735647774189036,0.36440467578039204,0.31833333333333336,0.0,0.5463083596685228,0.36350711115150336,0.14263320072222993,0.043298966066229905,0.4683333333333333,0.49,0.5785353496029695,0.3379008214407945,0.13651705427338784,0.02962472547660461,0.39267015706806285,0.5026178010471204
43,600,10,64,0.1,2.0,oracle,additive,0.5,32,574,191,0.7339104645157145,0.7814569399145767,0.31833333333333336,0.0,0.7737845803080786,0.2711312801614364,0.11721983249109628,0.027554956448246515,0.8083333333333333,0.6891666666666667,0.726552447004187,0.27962485095179684,0.11994694424731502,0.022442431704047874,0.6963350785340314,0.7801047120418848
43,600,10,64,0.1,2.0,observed,additive,1.0,32,574,191,0.13001263433169472,0.2119980461162964,0.31833333333333336,0.0,0.5611992172435597,0.3471486835376815,0.13573739684419744,0.0407315079526143,0.37833333333333335,0.4266666666666667,0.5744852614661135,0.33286881196512486,0.1327970446267648,0.029581164893352427,0.2879581151832461,0.43717277486910994
43,600,10,64,0.1,2.0,observed,concat,1.0,32,574,191,0.05631412908134416,0.14868676694055113,0.31833333333333336,0.0,0.5018426804735242,0.3741356662304009,0.14270560311938937,0.04467518037104869,0.30333333333333334,0.3383333333333333,0.5204522599718105,0.35607598182152955,0.13898543280267972,0.03218080306092425,0.225130890052356,0.34554973821989526
43,600,10,64,0.1,2.0,observed,same_pca_additive,1.0,32,574,191,0.07485524515527296,0.13370393836573535,0.31833333333333336,0.0,0.4417836749895514,0.4048951869653523,0.1520867709317599,0.04884471450897405,0.20333333333333334,0.3566666666666667,0.49651764078600735,0.3730240857397348,0.14608890723602136,0.03331530952683147,0.19895287958115182,0.34554973821989526
43,600,10,64,0.1,2.0,shuffled,additive,1.0,32,574,191,0.019445153290226537,0.07335733496482358,0.31833333333333336,0.0,0.45043339206300514,0.39551555136669975,0.14926531485901964,0.04880597566804628,0.20666666666666667,0.2875,0.49799954900265286,0.3643528001846912,0.1423284602857496,0.03356276050088703,0.16753926701570682,0.27225130890052357
43,600,10,64,0.1,2.0,oracle,additive,1.0,32,574,191,0.8855837398013798,0.8911656395883478,0.31833333333333336,0.0,0.8812078178706745,0.21249734969854112,0.09722819772668591,0.017336817329496032,0.9466666666666667,0.7658333333333334,0.8089485426419712,0.24370956725639165,0.10836260939212992,0.0179305344804139,0.837696335078534,0.9267015706806283
43,600,10,64,0.1,2.0,observed,additive,2.0,32,574,191,0.09997090645658148,0.1957079969367831,0.31833333333333336,0.0,0.5000920522487964,0.36381791808523256,0.13777667020860795,0.04518047729222385,0.345,0.38166666666666665,0.49737039490393115,0.359286887420748,0.13856085825257305,0.03459791714573004,0.23036649214659685,0.35602094240837695
43,600,10,64,0.1,2.0,observed,concat,2.0,32,574,191,0.10306010257401145,0.19609212468752027,0.31833333333333336,0.0,0.470047592352083,0.3762365482603361,0.14016808558841587,0.047511330680679205,0.32666666666666666,0.3591666666666667,0.4840673602989022,0.36365876761854654,0.13914201703111295,0.03552295816275476,0.2513089005235602,0.35340314136125656
43,600,10,64,0.1,2.0,observed,same_pca_additive,2.0,32,574,191,0.07042812377203757,0.14297788679041598,0.31833333333333336,0.0,0.49845696008012663,0.36697994839894343,0.1393130936188904,0.04479234122053287,0.30833333333333335,0.38083333333333336,0.5105039315348615,0.35488218716773656,0.13710545267090538,0.03317371068147552,0.2617801047120419,0.38219895287958117
43,600,10,64,0.1,2.0,shuffled,additive,2.0,32,574,191,0.004130688832659181,0.04612300099210313,0.31833333333333336,0.0,0.38447833494980127,0.41683575683140767,0.15310555735104453,0.05480563590133568,0.16166666666666665,0.24916666666666668,0.443407375871446,0.3810058249212923,0.14509420833272205,0.03818173545210924,0.17801047120418848,0.2643979057591623
43,600,10,64,0.1,2.0,oracle,additive,2.0,32,574,191,0.9140340068177222,0.9195116541965221,0.31833333333333336,0.0,0.914998544814718,0.176844859283269,0.08181439930310609,0.011744641912805826,0.96,0.7775,0.8422877396492924,0.22543484783593162,0.1016904499654546,0.015703774979314643,0.8743455497382199,0.93717277486911
43,600,10,64,0.2,0.0,none,content_only,0.0,32,0,191,0.3248514463904342,0.4170705616386611,0.31833333333333336,0.0,0.5299496385404125,0.3724837282272207,0.1450790448440009,0.04433062521404016,0.545,0.4791666666666667,0.5633820020267757,0.3458666277592694,0.13883753533661045,0.030315347543231792,0.43455497382198954,0.47643979057591623
43,600,10,64,0.2,0.0,observed,additive,0.25,32,0,191,0.5604669025329293,0.6279565496967205,0.31833333333333336,0.0,0.6259621125518924,0.3349898576494084,0.13571551348028274,0.03858489795953647,0.7,0.5941666666666666,0.6383599633828017,0.3155082072775363,0.13061326261686967,0.026819862027100978,0.6020942408376964,0.6596858638743456
43,600,10,64,0.2,0.0,observed,concat,0.25,32,0,191,0.42566355911346987,0.5160081991345634,0.31833333333333336,0.0,0.5546155944053213,0.36325070012406374,0.14286079633314727,0.04294791362870121,0.605,0.5166666666666667,0.5820818076538394,0.33876812515879196,0.1370913924990169,0.029507918016949845,0.4816753926701571,0.5287958115183246
43,600,10,64,0.2,0.0,observed,same_pca_additive,0.25,32,0,191,0.5033687584097365,0.583086551554332,0.31833333333333336,0.0,0.5912358583120958,0.348026620249209,0.1390055301706903,0.04072509241116068,0.6566666666666666,0.5516666666666666,0.6129498568113874,0.3255230960277623,0.13329884815156962,0.028039214764216263,0.4973821989528796,0.5942408376963351
43,600,10,64,0.2,0.0,shuffled,additive,0.25,32,0,191,0.2020992408040978,0.29285235342377147,0.31833333333333336,0.0,0.5164713040020924,0.3760499474577149,0.14587157210640073,0.04507246153053311,0.42333333333333334,0.44083333333333335,0.5557517648562366,0.34797223291030294,0.13931568501643674,0.030649271379182115,0.3193717277486911,0.45549738219895286
43,600,10,64,0.2,0.0,oracle,additive,0.25,32,0,191,0.5612924521269109,0.6210279693964802,0.31833333333333336,0.0,0.6253278298708742,0.3352425239266637,0.135793536745027,0.03861528037009487,0.7216666666666667,0.5933333333333334,0.637074138906018,0.31604472581313875,0.1307678718936818,0.026887905683582434,0.6073298429319371,0.6649214659685864
43,600,10,64,0.2,0.0,observed,additive,0.5,32,0,191,0.7921807463706303,0.8051680345023031,0.31833333333333336,0.0,0.7701950745976256,0.27942966159041976,0.12046067054087439,0.029048687296604054,0.9,0.7133333333333334,0.7296288889634341,0.2800879846309274,0.12033073479034052,0.022444660885824776,0.7068062827225131,0.837696335078534
43,600,10,64,0.2,0.0,observed,concat,0.5,32,0,191,0.5607641334679603,0.6526201576934062,0.31833333333333336,0.0,0.6076237726956882,0.3420208214517784,0.1376941769591725,0.03970632913373849,0.6683333333333333,0.5491666666666667,0.6130939358484607,0.32496043233261956,0.13327967733963547,0.028049329080060473,0.4869109947643979,0.5497382198952879
43,600,10,64,0.2,0.0,observed,same_pca_additive,0.5,32,0,191,0.6952386026198885,0.7391828577172948,0.31833333333333336,0.0,0.6876796328571554,0.31090399744215075,0.12924959421560425,0.03458970826348751,0.8216666666666667,0.6358333333333334,0.6781075483520037,0.2994549071556615,0.12609237150020067,0.02492610744155923,0.6701570680628273,0.693717277486911
43,600,10,64,0.2,0.0,shuffled,additive,0.5,32,0,191,0.07881729409697673,0.14785358337592258,0.31833333333333336,0.0,0.49531131018388086,0.3815636645237903,0.1469078402437941,0.04613357372431448,0.3,0.36,0.5380225061425166,0.35229292153460745,0.14009780674297298,0.03139310635609228,0.2356020942408377,0.35340314136125656
43,600,10,64,0.2,0.0,oracle,additive,0.5,32,0,191,0.8086473719714262,0.8150307583394918,0.31833333333333336,0.0,0.767241564833541,0.2805667819134098,0.12080063606715566,0.029213744618097108,0.9083333333333333,0.7116666666666667,0.7256948703608167,0.28176548736123025,0.12086976042339329,0.022656345640877113,0.7277486910994765,0.8350785340314136
43,600,10,64,0.2,0.0,observed,additive,1.0,32,0,191,0.8706826967542408,0.8770040611404335,0.31833333333333336,0.0,0.8650427560025783,0.22688033058421136,0.10279181479200228,0.01988674047084436,0.94,0.7666666666666667,0.7997222309069871,0.24829574301600485,0.10990544866091416,0.018516472836418593,0.8167539267015707,0.9214659685863874
43,600,10,64,0.2,0.0,observed,concat,1.0,32,0,191,0.9091449432469254,0.9142466951454492,0.31833333333333336,0.0,0.8413847047845342,0.24515083473614793,0.10973705896744745,0.023094909657287162,0.9583333333333334,0.775,0.7864695962532792,0.25678581881767565,0.1133098350366468,0.01954094403520251,0.8691099476439791,0.9397905759162304
43,600,10,64,0.2,0.0,observed,same_pca_additive,1.0,32,0,191,0.7541147817220349,0.8007630026356067,0.31833333333333336,0.0,0.7995243155664127,0.25759393439405226,0.11280294649161847,0.025434365898294058,0.8333333333333334,0.6916666666666667,0.7546139776547417,0.26635500822495445,0.11569199613201171,0.020910100723079833,0.7172774869109948,0.8036649214659686
43,600,10,64,0.2,0.0,shuffled,additive,1.0,32,0,191,-0.0012289912813363247,0.026904855301522892,0.31833333333333336,0.0,0.4467410105696672,0.39018451775045565,0.1478975802661434,0.04875623609221092,0.135,0.30666666666666664,0.48111963179784467,0.36295530516161006,0.14112348292064772,0.03428188668991289,0.10471204188481675,0.28534031413612565
43,600,10,64,0.2,0.0,oracle,additive,1.0,32,0,191,0.8723520008091503,0.8759597762414137,0.31833333333333336,0.0,0.8604912254917364,0.22915892570679897,0.10362291007424698,0.020222587594079463,0.94,0.7591666666666667,0.7936092925783371,0.2513582988429546,0.11099873687508223,0.018893598022473323,0.8219895287958116,0.9162303664921466
43,600,10,64,0.2,0.0,observed,additive,2.0,32,0,191,0.9167007060646242,0.921663163568306,0.31833333333333336,0.0,0.9145883042626853,0.1804969104216585,0.08360056552003357,0.012306215341111284,0.9616666666666667,0.7891666666666667,0.8437979094392999,0.22450043107552944,0.10130003048384716,0.015602068548875823,0.8795811518324608,0.9554973821989529
43,600,10,64,0.2,0.0,observed,concat,2.0,32,0,191,0.9231597276732362,0.9278473144354277,0.31833333333333336,0.0,0.9172184340154069,0.1795917486035556,0.08351176000040486,0.012119892507727157,0.965,0.79,0.8488229887867801,0.22313041193022976,0.10118801089481949,0.015392119838047514,0.8900523560209425,0.9554973821989529
43,600,10,64,0.2,0.0,observed,same_pca_additive,2.0,32,0,191,0.9044763346339183,0.9123492687064219,0.31833333333333336,0.0,0.9086309026617215,0.18867369082598265,0.08741178408711865,0.013613919766302359,0.9566666666666667,0.7633333333333333,0.8394614860714718,0.22622059780628323,0.10192844917907713,0.015873608202744152,0.8638743455497382,0.9319371727748691
43,600,10,64,0.2,0.0,shuffled,additive,2.0,32,0,191,-0.0024441389160780474,0.025780624990247723,0.31833333333333336,0.0,0.3433782354029677,0.4221255561100308,0.1530446682559412,0.05858745487978659,0.13333333333333333,0.235,0.36541554019872213,0.3991225040296531,0.14834769192517852,0.04506984536305949,0.10471204188481675,0.23298429319371727
43,600,10,64,0.2,0.0,oracle,additive,2.0,32,0,191,0.8013558253444534,0.8351496773791032,0.31833333333333336,0.0,0.8508414685938233,0.2105490062034644,0.09339904425348056,0.017474883628074506,0.865,0.6958333333333333,0.7900997072312718,0.2473686784759763,0.10813803454923863,0.018476793658903003,0.7853403141361257,0.824607329842932
43,600,10,64,0.2,0.5,none,content_only,0.0,32,330,191,0.3248514463904342,0.4170705616386611,0.31833333333333336,0.0,0.5299496385404125,0.3724837282272207,0.1450790448440009,0.04433062521404016,0.545,0.4791666666666667,0.5633820020267757,0.3458666277592694,0.13883753533661045,0.030315347543231792,0.43455497382198954,0.47643979057591623
43,600,10,64,0.2,0.5,observed,additive,0.25,32,330,191,0.4188881950539653,0.5060201848209319,0.31833333333333336,0.0,0.589744351346611,0.34835412365991775,0.1388431564886718,0.04065098689416226,0.6133333333333333,0.5341666666666667,0.6076605200814186,0.32763464252757896,0.1338872695613163,0.028285584754945158,0.4816753926701571,0.5471204188481675
43,600,10,64,0.2,0.5,observed,concat,0.25,32,330,191,0.3804575474684689,0.467547857391439,0.31833333333333336,0.0,0.5455908783762345,0.3664447486936729,0.14369534414249122,0.04343607397228476,0.5733333333333334,0.49583333333333335,0.574406783587212,0.3418021323581104,0.1378959562129625,0.029841346241856883,0.4293193717277487,0.4973821989528796
43,600,10,64,0.2,0.5,observed,same_pca_additive,0.25,32,330,191,0.39578797214590655,0.4776130310788269,0.31833333333333336,0.0,0.5583433772883132,0.3604246812138421,0.142082643455382,0.0426844859685203,0.5916666666666667,0.5441666666666667,0.5923646079021663,0.3333688093380945,0.13560744772472855,0.029005110355761567,0.44502617801047123,0.5759162303664922
43,600,10,64,0.2,0.5,shuffled,additive,0.25,32,330,191,0.24122735755943706,0.34552835974295243,0.31833333333333336,0.0,0.527266844173584,0.37236266002321394,0.14513296790362148,0.04445989350762418,0.49666666666666665,0.4608333333333333,0.5609406145463136,0.34636881053378227,0.13903167750468315,0.030425234987424145,0.3612565445026178,0.4712041884816754
43,600,10,64,0.2,0.5,oracle,additive,0.25,32,330,191,0.5612924521269109,0.6210279693964802,0.31833333333333336,0.0,0.6253278298708742,0.3352425239266637,0.135793536745027,0.03861528037009487,0.7216666666666667,0.5933333333333334,0.637074138906018,0.31604472581313875,0.1307678718936818,0.026887905683582434,0.6073298429319371,0.6649214659685864
43,600,10,64,0.2,0.5,observed,additive,0.5,32,330,191,0.4997976704294381,0.5618716162969061,0.31833333333333336,0.0,0.6554973723728084,0.3204727108561676,0.13092912251047975,0.03614429199625828,0.6766666666666666,0.5691666666666667,0.6512904634988226,0.30909401903061134,0.12784955363195538,0.026088535030021776,0.5392670157068062,0.6099476439790575
43,600,10,64,0.2,0.5,observed,concat,0.5,32,330,191,0.4301462635848455,0.5148979663534657,0.31833333333333336,0.0,0.5822929372452946,0.3508394949705153,0.1395057973790724,0.04120419902555376,0.6183333333333333,0.555,0.6034073078992671,0.32933596451624214,0.13419614389547097,0.028477150406054804,0.4607329842931937,0.5916230366492147
43,600,10,64,0.2,0.5,observed,same_pca_additive,0.5,32,330,191,0.5164259589249748,0.5633526457124932,0.31833333333333336,0.0,0.6372451116597191,0.3306781653422977,0.13400911551829953,0.03769596624688112,0.7083333333333334,0.575,0.6440238998633043,0.3135402377131844,0.12956099778656088,0.026523071456080446,0.5549738219895288,0.6230366492146597
43,600,10,64,0.2,0.5,shuffled,additive,0.5,32,330,191,0.08724299792820553,0.15919393168295934,0.31833333333333336,0.0,0.5015707317704129,0.37943554096090054,0.1464858646350986,0.04579346053242073,0.33166666666666667,0.37916666666666665,0.5428626185469506,0.3513071762170184,0.13997117456606742,0.031198274001784956,0.2513089005235602,0.3612565445026178
43,600,10,64,0.2,0.5,oracle,additive,0.5,32,330,191,0.8086473719714262,0.8150307583394918,0.31833333333333336,0.0,0.767241564833541,0.2805667819134098,0.12080063606715566,0.029213744618097108,0.9083333333333333,0.7116666666666667,0.7256948703608167,0.28176548736123025,0.12086976042339329,0.022656345640877113,0.7277486910994765,0.8350785340314136
43,600,10,64,0.2,0.5,observed,additive,1.0,32,330,191,0.5545799083242141,0.5782809673797513,0.31833333333333336,0.0,0.778893671336872,0.2607431898884902,0.11178237460910517,0.025879803513491298,0.7716666666666666,0.6741666666666667,0.7381114892212975,0.27083339327159983,0.11520759511615483,0.021412049279035048,0.6230366492146597,0.7513089005235603
43,600,10,64,0.2,0.5,observed,concat,1.0,32,330,191,0.4631018256048724,0.5244496877106206,0.31833333333333336,0.0,0.7079295322233583,0.2942662869815578,0.12215806327545368,0.031499455686243336,0.685,0.6025,0.6740749078972127,0.2979707855009759,0.12368681514250157,0.024850891021766113,0.5497382198952879,0.6727748691099477
43,600,10,64,0.2,0.5,observed,same_pca_additive,1.0,32,330,191,0.4548443467774003,0.49477455920618213,0.31833333333333336,0.0,0.715737475308228,0.2924169824896411,0.1221020736145352,0.031385650029203835,0.6916666666666667,0.6083333333333333,0.6910192618825314,0.2906178646314089,0.12147726813090395,0.023923055069725776,0.4869109947643979,0.6675392670157068
43,600,10,64,0.2,0.5,shuffled,additive,1.0,32,330,191,0.005283152640054338,0.04022816048895249,0.31833333333333336,0.0,0.44660404384655256,0.39138603570667746,0.1482036199486183,0.048801820333299765,0.15833333333333333,0.3233333333333333,0.4779391077079049,0.3646829637133279,0.1416606994102994,0.03454158185547904,0.13089005235602094,0.306282722513089
43,600,10,64,0.2,0.5,oracle,additive,1.0,32,330,191,0.8723520008091503,0.8759597762414137,0.31833333333333336,0.0,0.8604912254917364,0.22915892570679897,0.10362291007424698,0.020222587594079463,0.94,0.7591666666666667,0.7936092925783371,0.2513582988429546,0.11099873687508223,0.018893598022473323,0.8219895287958116,0.9162303664921466
43,600,10,64,0.2,0.5,observed,additive,2.0,32,330,191,0.4716500576292111,0.5407540153979578,0.31833333333333336,0.0,0.735146678471335,0.25561630793707973,0.10502081489484673,0.02650905539097897,0.6733333333333333,0.6033333333333334,0.7081492140149119,0.2744162342992426,0.11394455349777864,0.02276987360967569,0.5916230366492147,0.6596858638743456
43,600,10,64,0.2,0.5,observed,concat,2.0,32,330,191,0.4665545744428722,0.5305740829043396,0.31833333333333336,0.0,0.7370135505750176,0.2544696703202789,0.1047225484941899,0.026752594392339204,0.6833333333333333,0.6116666666666667,0.7086132469547951,0.27380252833418267,0.11429459721016148,0.023030341691818595,0.5916230366492147,0.6832460732984293
43,600,10,64,0.2,0.5,observed,same_pca_additive,2.0,32,330,191,0.4659434482045911,0.5200818361565315,0.31833333333333336,0.0,0.753889855307654,0.25269744171580527,0.10562898789882529,0.025430512216299144,0.6866666666666666,0.6058333333333333,0.7240993806401215,0.2681668746968473,0.11211164175037347,0.021767600010327837,0.581151832460733,0.6858638743455497
43,600,10,64,0.2,0.5,shuffled,additive,2.0,32,330,191,-0.0009001641406240405,0.029172887647949872,0.31833333333333336,0.0,0.3493547051208418,0.42078737626607,0.15295254095437777,0.0585453451842729,0.15,0.24666666666666667,0.37885420871035974,0.39335922843223614,0.14692557936520845,0.04428270998918178,0.13612565445026178,0.2513089005235602
43,600,10,64,0.2,0.5,oracle,additive,2.0,32,330,191,0.8013558253444534,0.8351496773791032,0.31833333333333336,0.0,0.8508414685938233,0.2105490062034644,0.09339904425348056,0.017474883628074506,0.865,0.6958333333333333,0.7900997072312718,0.2473686784759763,0.10813803454923863,0.018476793658903003,0.7853403141361257,0.824607329842932
43,600,10,64,0.2,1.0,none,content_only,0.0,32,443,191,0.3248514463904342,0.4170705616386611,0.31833333333333336,0.0,0.5299496385404125,0.3724837282272207,0.1450790448440009,0.04433062521404016,0.545,0.4791666666666667,0.5633820020267757,0.3458666277592694,0.13883753533661045,0.030315347543231792,0.43455497382198954,0.47643979057591623
43,600,10,64,0.2,1.0,observed,additive,0.25,32,443,191,0.4325829632490507,0.5137605285553171,0.31833333333333336,0.0,0.5793949653493441,0.35247393986942216,0.13989254554827707,0.04133860987475242,0.6066666666666667,0.5283333333333333,0.5982439992514444,0.3314896925454924,0.13478775318632627,0.02871144875462314,0.49214659685863876,0.5418848167539267
43,600,10,64,0.2,1.0,observed,concat,0.25,32,443,191,0.3629158825027927,0.4458782221418076,0.31833333333333336,0.0,0.5402362822949254,0.3685911728527833,0.14413056954951686,0.0437620690401644,0.5733333333333334,0.49,0.5706752323269603,0.34299677259522154,0.13808340653140433,0.029989263857922388,0.45549738219895286,0.4869109947643979
43,600,10,64,0.2,1.0,observed,same_pca_additive,0.25,32,443,191,0.38149179076145284,0.45536213488859956,0.31833333333333336,0.0,0.5481743140004952,0.3648305621374186,0.14321843346367807,0.04329846106695976,0.5816666666666667,0.52,0.5823421275226534,0.33783524868531895,0.13680115587313374,0.029462340216716815,0.4397905759162304,0.5366492146596858
43,600,10,64,0.2,1.0,shuffled,additive,0.25,32,443,191,0.23112994743920962,0.33939745397827353,0.31833333333333336,0.0,0.5217616946048317,0.37467719613438455,0.1455236121152126,0.044885474787370185,0.44166666666666665,0.48333333333333334,0.5622558933448631,0.3461388847967057,0.13888952128339074,0.030387797508521462,0.3612565445026178,0.46596858638743455
43,600,10,64,0.2,1.0,oracle,additive,0.25,32,443,191,0.5612924521269109,0.6210279693964802,0.31833333333333336,0.0,0.6253278298708742,0.3352425239266637,0.135793536745027,0.03861528037009487,0.7216666666666667,0.5933333333333334,0.637074138906018,0.31604472581313875,0.1307678718936818,0.026887905683582434,0.6073298429319371,0.6649214659685864
43,600,10,64,0.2,1.0,observed,additive,0.5,32,443,191,0.46273268197288775,0.5132601917909028,0.31833333333333336,0.0,0.6380256848736398,0.3278076137524284,0.13291528612416342,0.03733854511894439,0.68,0.5758333333333333,0.6338375995143728,0.31612471247776913,0.12971087029862946,0.026901359112899037,0.5130890052356021,0.6099476439790575
43,600,10,64,0.2,1.0,observed,concat,0.5,32,443,191,0.37799270718194045,0.45828230839283046,0.31833333333333336,0.0,0.5665655544107263,0.35799195199318423,0.1414490438582576,0.04217487686520696,0.595,0.5283333333333333,0.5865110609687006,0.33638301103928187,0.13624695103705803,0.02924736064994208,0.42408376963350786,0.5340314136125655
43,600,10,64,0.2,1.0,observed,same_pca_additive,0.5,32,443,191,0.3581581295306483,0.4260789756702607,0.31833333333333336,0.0,0.5812358766783088,0.3523647028432977,0.13966694645778094,0.0411792633097836,0.5783333333333334,0.5266666666666666,0.5998324372205095,0.33107562781946515,0.13455070730606,0.028578355142723128,0.45549738219895286,0.5235602094240838
43,600,10,64,0.2,1.0,shuffled,additive,0.5,32,443,191,0.08953426985763435,0.16456531459728313,0.31833333333333336,0.0,0.49715985461467294,0.38119545883129197,0.1466724563196387,0.04602493842457119,0.3233333333333333,0.38083333333333336,0.5369527732925727,0.35331649564288514,0.1403191195276643,0.03148907556682554,0.23036649214659685,0.3507853403141361
43,600,10,64,0.2,1.0,oracle,additive,0.5,32,443,191,0.8086473719714262,0.8150307583394918,0.31833333333333336,0.0,0.767241564833541,0.2805667819134098,0.12080063606715566,0.029213744618097108,0.9083333333333333,0.7116666666666667,0.7256948703608167,0.28176548736123025,0.12086976042339329,0.022656345640877113,0.7277486910994765,0.8350785340314136
43,600,10,64,0.2,1.0,observed,additive,1.0,32,443,191,0.32617009975944716,0.4421554531218074,0.31833333333333336,0.0,0.6915099021718176,0.2954528579260658,0.1213498796378092,0.03193554396140546,0.6016666666666667,0.5925,0.6682640431737038,0.2962895022019605,0.12164365176261194,0.024810559467104983,0.4869109947643979,0.612565445026178
43,600,10,64,0.2,1.0,observed,concat,1.0,32,443,191,0.30666909037162154,0.40200871698511664,0.31833333333333336,0.0,0.6239537981269282,0.3263957715560142,0.13006647840616692,0.03705554424061624,0.54,0.4775,0.6162447155609512,0.3183770087277371,0.12789028988789114,0.02749200239481791,0.45549738219895286,0.4973821989528796
43,600,10,64,0.2,1.0,observed,same_pca_additive,1.0,32,443,191,0.27339322565374147,0.3424161818921407,0.31833333333333336,0.0,0.6103244411057551,0.3344262616711162,0.13312248288393289,0.038118961070226796,0.5033333333333333,0.4666666666666667,0.6093752610655095,0.32352054781944856,0.130661782420937,0.027783677585559947,0.387434554973822,0.4738219895287958
43,600,10,64,0.2,1.0,shuffled,additive,1.0,32,443,191,0.007683250437653271,0.05209449947981404,0.31833333333333336,0.0,0.4380723624923171,0.3949359345520012,0.14885395725101846,0.04939171815265197,0.165,0.30333333333333334,0.4900626811976315,0.364006847053226,0.14174878257006088,0.03392329750286997,0.16753926701570682,0.2879581151832461
43,600,10,64,0.2,1.0,oracle,additive,1.0,32,443,191,0.8723520008091503,0.8759597762414137,0.31833333333333336,0.0,0.8604912254917364,0.22915892570679897,0.10362291007424698,0.020222587594079463,0.94,0.7591666666666667,0.7936092925783371,0.2513582988429546,0.11099873687508223,0.018893598022473323,0.8219895287958116,0.9162303664921466
43,600,10,64,0.2,1.0,observed,additive,2.0,32,443,191,0.31791616875711093,0.4061806215646399,0.31833333333333336,0.0,0.648899749342889,0.2957828402756713,0.11694565040889207,0.033743132324322286,0.5516666666666666,0.5008333333333334,0.6280913833316313,0.30379405031600826,0.12203755321515099,0.027401160919193583,0.4607329842931937,0.5209424083769634
43,600,10,64,0.2,1.0,observed,concat,2.0,32,443,191,0.2958164411155509,0.4191922795167607,0.31833333333333336,0.0,0.6568272369588635,0.29065458422186247,0.11556118176309531,0.03410455202215446,0.5816666666666667,0.53,0.6278762860527383,0.3016280894796958,0.12193042857414542,0.028220579063256295,0.45549738219895286,0.5549738219895288
43,600,10,64,0.2,1.0,observed,same_pca_additive,2.0,32,443,191,0.3160204042688231,0.39374983875574365,0.31833333333333336,0.0,0.6568695224127938,0.29748428802215016,0.11883905898342251,0.03338013663425804,0.5683333333333334,0.49833333333333335,0.6366046865247429,0.3015715872981259,0.12107219014107932,0.026479062880472023,0.46596858638743455,0.5235602094240838
43,600,10,64,0.2,1.0,shuffled,additive,2.0,32,443,191,0.0022298486175586166,0.036683196114548754,0.31833333333333336,0.0,0.35829208929786277,0.41691274719205285,0.15221714474914874,0.05735825941714224,0.15,0.2658333333333333,0.39083968386496953,0.39206150274838586,0.14740870941681983,0.04283786038472094,0.13612565445026178,0.2696335078534031
43,600,10,64,0.2,1.0,oracle,additive,2.0,32,443,191,0.8013558253444534,0.8351496773791032,0.31833333333333336,0.0,0.8508414685938233,0.2105490062034644,0.09339904425348056,0.017474883628074506,0.865,0.6958333333333333,0.7900997072312718,0.2473686784759763,0.10813803454923863,0.018476793658903003,0.7853403141361257,0.824607329842932
43,600,10,64,0.2,1.5,none,content_only,0.0,32,547,191,0.3248514463904342,0.4170705616386611,0.31833333333333336,0.0,0.5299496385404125,0.3724837282272207,0.1450790448440009,0.04433062521404016,0.545,0.4791666666666667,0.5633820020267757,0.3458666277592694,0.13883753533661045,0.030315347543231792,0.43455497382198954,0.47643979057591623
43,600,10,64,0.2,1.5,observed,additive,0.25,32,547,191,0.36027457666214163,0.45153188572156083,0.31833333333333336,0.0,0.5585370522156066,0.36057782795048127,0.14189681671029256,0.04259136159767439,0.5516666666666666,0.5058333333333334,0.585937631459173,0.336656479821907,0.13636302669485922,0.02932775324515855,0.43455497382198954,0.5209424083769634
43,600,10,64,0.2,1.5,observed,concat,0.25,32,547,191,0.34047785977816825,0.4246505493108596,0.31833333333333336,0.0,0.5326944443215479,0.37136854679749176,0.14479336610853497,0.04417671914404793,0.555,0.4891666666666667,0.5660714452761979,0.3447255423877272,0.13853217790457828,0.030195775815651277,0.44502617801047123,0.4816753926701571
43,600,10,64,0.2,1.5,observed,same_pca_additive,0.25,32,547,191,0.30851974314394187,0.38945147847200107,0.31833333333333336,0.0,0.4992772387106883,0.38353700107595406,0.14773212169545244,0.04605701555410745,0.4816666666666667,0.48,0.5443656731913512,0.35333675687637234,0.14105461990926768,0.031228427187039904,0.3193717277486911,0.4738219895287958
43,600,10,64,0.2,1.5,shuffled,additive,0.25,32,547,191,0.23043366342953947,0.32519293743911515,0.31833333333333336,0.0,0.5178863838541841,0.3764428054153007,0.14600287755942165,0.044954065278942086,0.43,0.4475,0.5431704376438881,0.3535368181470047,0.1409457811608061,0.03127068164847086,0.2931937172774869,0.45549738219895286
43,600,10,64,0.2,1.5,oracle,additive,0.25,32,547,191,0.5612924521269109,0.6210279693964802,0.31833333333333336,0.0,0.6253278298708742,0.3352425239266637,0.135793536745027,0.03861528037009487,0.7216666666666667,0.5933333333333334,0.637074138906018,0.31604472581313875,0.1307678718936818,0.026887905683582434,0.6073298429319371,0.6649214659685864
43,600,10,64,0.2,1.5,observed,additive,0.5,32,547,191,0.28486006110387296,0.37346948967797255,0.31833333333333336,0.0,0.5921171128128263,0.34594426540074585,0.13752388690531014,0.040285887898822204,0.525,0.53,0.6130639974913592,0.324920394032412,0.1324454593519305,0.02796708804876781,0.4031413612565445,0.5445026178010471
43,600,10,64,0.2,1.5,observed,concat,0.5,32,547,191,0.2436072138897682,0.3501793417518566,0.31833333333333336,0.0,0.5344921156743592,0.3701977389040925,0.1442696001879472,0.043867352178015837,0.4483333333333333,0.4483333333333333,0.5629950089759684,0.34545012346211146,0.13851545979314694,0.03035248380475523,0.3036649214659686,0.468586387434555
43,600,10,64,0.2,1.5,observed,same_pca_additive,0.5,32,547,191,0.1442916298575451,0.22579422710176672,0.31833333333333336,0.0,0.4612731712059226,0.39935646907464684,0.15128312979627948,0.04814910417044816,0.30666666666666664,0.3725,0.5179447871256658,0.36558046137681144,0.14434220301466444,0.03240278131443479,0.2774869109947644,0.3586387434554974
43,600,10,64,0.2,1.5,shuffled,additive,0.5,32,547,191,0.10635840811923156,0.1896461462332995,0.31833333333333336,0.0,0.5055455080635264,0.3796139130542887,0.14654676687456084,0.04556241100468842,0.3383333333333333,0.3908333333333333,0.5445932823339353,0.3511247894218396,0.13987282667691445,0.03116538213554623,0.2670157068062827,0.4031413612565445
43,600,10,64,0.2,1.5,oracle,additive,0.5,32,547,191,0.8086473719714262,0.8150307583394918,0.31833333333333336,0.0,0.767241564833541,0.2805667819134098,0.12080063606715566,0.029213744618097108,0.9083333333333333,0.7116666666666667,0.7256948703608167,0.28176548736123025,0.12086976042339329,0.022656345640877113,0.7277486910994765,0.8350785340314136
43,600,10,64,0.2,1.5,observed,additive,1.0,32,547,191,0.15791977914890426,0.24811107283035924,0.31833333333333336,0.0,0.5704075757023134,0.3449116297765034,0.13491885163918055,0.040290762523011475,0.41,0.42916666666666664,0.6057673477986932,0.32211714022785576,0.12957921724527943,0.027861573340222275,0.39790575916230364,0.4895287958115183
43,600,10,64,0.2,1.5,observed,concat,1.0,32,547,191,0.07625383073173288,0.17628377474587778,0.31833333333333336,0.0,0.4841196238928733,0.38302759791865104,0.1453030026979462,0.04606271897349793,0.31166666666666665,0.32916666666666666,0.5160991469038003,0.3595210607030332,0.1403764565608738,0.03233730594316641,0.24083769633507854,0.34554973821989526
43,600,10,64,0.2,1.5,observed,same_pca_additive,1.0,32,547,191,0.08085239653738253,0.14973677422334902,0.31833333333333336,0.0,0.46299596917323377,0.39608992133067544,0.14965034837508107,0.04758799355796022,0.255,0.37333333333333335,0.5117746245580108,0.36597988901234374,0.1436919010750294,0.03258587975166513,0.2198952879581152,0.35602094240837695
43,600,10,64,0.2,1.5,shuffled,additive,1.0,32,547,191,0.012966125366580414,0.06323317098268809,0.31833333333333336,0.0,0.4331288738524025,0.4020068500889108,0.15085711965810747,0.04962892237056415,0.19333333333333333,0.29333333333333333,0.4755214677674861,0.37188003584136614,0.14358655893477218,0.034612638390613584,0.17801047120418848,0.2591623036649215
43,600,10,64,0.2,1.5,oracle,additive,1.0,32,547,191,0.8723520008091503,0.8759597762414137,0.31833333333333336,0.0,0.8604912254917364,0.22915892570679897,0.10362291007424698,0.020222587594079463,0.94,0.7591666666666667,0.7936092925783371,0.2513582988429546,0.11099873687508223,0.018893598022473323,0.8219895287958116,0.9162303664921466
43,600,10,64,0.2,1.5,observed,additive,2.0,32,547,191,0.12909436909080368,0.21087226434863415,0.31833333333333336,0.0,0.5254503498518769,0.35238822187338337,0.13377093424864062,0.043420314865871563,0.385,0.39416666666666667,0.5744892522420957,0.32661904588815316,0.12812821072476896,0.02977123438531438,0.3403141361256545,0.43455497382198954
43,600,10,64,0.2,1.5,observed,concat,2.0,32,547,191,0.11750250867579597,0.2051062465561654,0.31833333333333336,0.0,0.49835693094853944,0.36605765563581744,0.13682685892136529,0.045634879729897194,0.36666666666666664,0.36833333333333335,0.5262068775385698,0.34936370889792795,0.13474046103967258,0.032946815470575645,0.3193717277486911,0.38481675392670156
43,600,10,64,0.2,1.5,observed,same_pca_additive,2.0,32,547,191,0.13120460584264107,0.21333053262907942,0.31833333333333336,0.0,0.5297877855037467,0.35656127051880515,0.1364507711392141,0.04288672053376743,0.37166666666666665,0.4216666666666667,0.5721106934188648,0.332102693263171,0.13074966797652995,0.029650535290619423,0.3769633507853403,0.46335078534031415
43,600,10,64,0.2,1.5,shuffled,additive,2.0,32,547,191,0.018445963733899808,0.0586926515595594,0.31833333333333336,0.0,0.3653685159318639,0.4197054106524756,0.1532886885402272,0.05638654880020322,0.16166666666666665,0.24,0.4078449475306843,0.3891031015560277,0.14577985945882077,0.040936737941107214,0.17277486910994763,0.23298429319371727
43,600,10,64,0.2,1.5,oracle,additive,2.0,32,547,191,0.8013558253444534,0.8351496773791032,0.31833333333333336,0.0,0.8508414685938233,0.2105490062034644,0.09339904425348056,0.017474883628074506,0.865,0.6958333333333333,0.7900997072312718,0.2473686784759763,0.10813803454923863,0.018476793658903003,0.7853403141361257,0.824607329842932
43,600,10,64,0.2,2.0,none,content_only,0.0,32,574,191,0.3248514463904342,0.4170705616386611,0.31833333333333336,0.0,0.5299496385404125,0.3724837282272207,0.1450790448440009,0.04433062521404016,0.545,0.4791666666666667,0.5633820020267757,0.3458666277592694,0.13883753533661045,0.030315347543231792,0.43455497382198954,0.47643979057591623
43,600,10,64,0.2,2.0,observed,additive,0.25,32,574,191,0.3449344488242724,0.4239411407968695,0.31833333333333336,0.0,0.5539567118428229,0.3627702586163958,0.14255769009828959,0.04287883749976197,0.555,0.49916666666666665,0.5788471708197208,0.33966518905571075,0.13715415220366886,0.029636213690652082,0.4031413612565445,0.48429319371727747
43,600,10,64,0.2,2.0,observed,concat,0.25,32,574,191,0.3263369984658825,0.4118867619867527,0.31833333333333336,0.0,0.5313043320826374,0.37197581571448474,0.1449605850336222,0.044262464907269705,0.545,0.4816666666666667,0.5647388052195504,0.3453883854903348,0.13873919970883958,0.030257293851812014,0.43455497382198954,0.4790575916230366
43,600,10,64,0.2,2.0,observed,same_pca_additive,0.25,32,574,191,0.236631194986058,0.3165263616102589,0.31833333333333336,0.0,0.4895986874625921,0.38784575041769453,0.14880000047216232,0.04662499172894642,0.415,0.45416666666666666,0.5357617200628785,0.3574501629405916,0.14220979181586654,0.03163598314254819,0.2931937172774869,0.4424083769633508
43,600,10,64,0.2,2.0,shuffled,additive,0.25,32,574,191,0.26347725505739217,0.37001805877231625,0.31833333333333336,0.0,0.5227575311609026,0.3749158151567617,0.14558145309806966,0.04485017474704336,0.47,0.475,0.5628538359796781,0.34633227734170385,0.13905653859056083,0.03038153149314503,0.38219895287958117,0.4895287958115183
43,600,10,64,0.2,2.0,oracle,additive,0.25,32,574,191,0.5612924521269109,0.6210279693964802,0.31833333333333336,0.0,0.6253278298708742,0.3352425239266637,0.135793536745027,0.03861528037009487,0.7216666666666667,0.5933333333333334,0.637074138906018,0.31604472581313875,0.1307678718936818,0.026887905683582434,0.6073298429319371,0.6649214659685864
43,600,10,64,0.2,2.0,observed,additive,0.5,32,574,191,0.29994274392538905,0.3616571281199559,0.31833333333333336,0.0,0.5950237764170919,0.345943912818412,0.1380215961334333,0.040234778704334506,0.58,0.5458333333333333,0.6057082609671699,0.3282343951023515,0.13362673813693396,0.02836225524283639,0.39790575916230364,0.5523560209424084
43,600,10,64,0.2,2.0,observed,concat,0.5,32,574,191,0.21122356166085593,0.32360207563054905,0.31833333333333336,0.0,0.5076176968114584,0.379859188292838,0.14664164983748318,0.045564304780397615,0.40166666666666667,0.42833333333333334,0.5441031379942681,0.353391199082929,0.1407366653562308,0.031209698971278867,0.3403141361256545,0.40575916230366493
43,600,10,64,0.2,2.0,observed,same_pca_additive,0.5,32,574,191,0.06358302344300146,0.1210716597733174,0.31833333333333336,0.0,0.41838731898949205,0.41582696845431566,0.1549644560002431,0.050366909837885165,0.19333333333333333,0.3258333333333333,0.47950309393205565,0.38088546232114795,0.14830194549377715,0.03409717994895022,0.193717277486911,0.306282722513089
43,600,10,64,0.2,2.0,shuffled,additive,0.5,32,574,191,0.13985468667187928,0.21972935235735655,0.31833333333333336,0.0,0.5133006726637785,0.37700095999977634,0.14579531793507003,0.04519765621469879,0.39666666666666667,0.42583333333333334,0.5481699700872403,0.3499707559992164,0.1396338719466658,0.031040500122163132,0.29842931937172773,0.4424083769633508
43,600,10,64,0.2,2.0,oracle,additive,0.5,32,574,191,0.8086473719714262,0.8150307583394918,0.31833333333333336,0.0,0.767241564833541,0.2805667819134098,0.12080063606715566,0.029213744618097108,0.9083333333333333,0.7116666666666667,0.7256948703608167,0.28176548736123025,0.12086976042339329,0.022656345640877113,0.7277486910994765,0.8350785340314136
43,600,10,64,0.2,2.0,observed,additive,1.0,32,574,191,0.08592561105309733,0.16584927436646982,0.31833333333333336,0.0,0.5114052546905783,0.3693498765913366,0.14174294623862105,0.04422729170973376,0.31666666666666665,0.36833333333333335,0.5299124538004208,0.35267330873644437,0.13813196900017638,0.03181105735391543,0.2356020942408377,0.3507853403141361
43,600,10,64,0.2,2.0,observed,concat,1.0,32,574,191,0.07338033700794522,0.15996880184069942,0.31833333333333336,0.0,0.4572326394149381,0.3940013452264217,0.14806796835038297,0.047747113086272594,0.25,0.3225,0.4946094351957936,0.367497416083646,0.14240873361084833,0.03343632025561134,0.20418848167539266,0.3193717277486911
43,600,10,64,0.2,2.0,observed,same_pca_additive,1.0,32,574,191,0.04999235342095757,0.09617391231626249,0.31833333333333336,0.0,0.4183858026457289,0.4158275409335052,0.15496457360621213,0.05036698505120305,0.17833333333333334,0.31416666666666665,0.4795017695111528,0.3808860008124292,0.14830207551858834,0.034097235877913086,0.17801047120418848,0.3010471204188482
43,600,10,64,0.2,2.0,shuffled,additive,1.0,32,574,191,0.01598572917826528,0.06465729064884294,0.31833333333333336,0.0,0.43230386334530463,0.4026841359641042,0.15093066912389502,0.04984482701493842,0.19666666666666666,0.28583333333333333,0.48316483628539536,0.37039522415915715,0.14384465847986622,0.03430588796791231,0.18324607329842932,0.27225130890052357
43,600,10,64,0.2,2.0,oracle,additive,1.0,32,574,191,0.8723520008091503,0.8759597762414137,0.31833333333333336,0.0,0.8604912254917364,0.22915892570679897,0.10362291007424698,0.020222587594079463,0.94,0.7591666666666667,0.7936092925783371,0.2513582988429546,0.11099873687508223,0.018893598022473323,0.8219895287958116,0.9162303664921466
43,600,10,64,0.2,2.0,observed,additive,2.0,32,574,191,0.06974768784137592,0.14655125107091826,0.31833333333333336,0.0,0.48265545677466604,0.371786485836057,0.1402674461891396,0.04685291765757511,0.3,0.35333333333333333,0.5101884936862024,0.3535507565910271,0.1370064805430074,0.03403679590733015,0.2356020942408377,0.3481675392670157
43,600,10,64,0.2,2.0,observed,concat,2.0,32,574,191,0.08250725467045937,0.1669052657718129,0.31833333333333336,0.0,0.46875451936415685,0.37514527153138305,0.13987682449770827,0.048184457826539746,0.31666666666666665,0.3275,0.4741744442274513,0.36460167821458006,0.13882276357335097,0.036822564061892424,0.24083769633507854,0.32722513089005234
43,600,10,64,0.2,2.0,observed,same_pca_additive,2.0,32,574,191,0.04247925416342596,0.09628565605195098,0.31833333333333336,0.0,0.44066414711754875,0.39740736490931494,0.14850329467170328,0.04937123919680502,0.19333333333333333,0.29833333333333334,0.47998546910689055,0.37366351515134094,0.14297400876196173,0.034549147464849585,0.19895287958115182,0.306282722513089
43,600,10,64,0.2,2.0,shuffled,additive,2.0,32,574,191,0.014111789015742301,0.052529436628925,0.31833333333333336,0.0,0.3793699730445336,0.41931780747898045,0.15329135646026962,0.05510420625435878,0.18166666666666667,0.2808333333333333,0.4339240963695718,0.38627239255766205,0.14616718857987906,0.03889777787181327,0.14136125654450263,0.3089005235602094
43,600,10,64,0.2,2.0,oracle,additive,2.0,32,574,191,0.8013558253444534,0.8351496773791032,0.31833333333333336,0.0,0.8508414685938233,0.2105490062034644,0.09339904425348056,0.017474883628074506,0.865,0.6958333333333333,0.7900997072312718,0.2473686784759763,0.10813803454923863,0.018476793658903003,0.7853403141361257,0.824607329842932
43,600,10,64,0.3,0.0,none,content_only,0.0,32,0,191,0.08212964171330814,0.16445188223946497,0.31833333333333336,0.0,0.4533728351428412,0.40195883361936213,0.15183505509105766,0.04916140587051779,0.26,0.3308333333333333,0.5045981812605314,0.36977838399873647,0.14517323547575545,0.03366682659945389,0.20418848167539266,0.34293193717277487
43,600,10,64,0.3,0.0,observed,additive,0.25,32,0,191,0.4817204168131625,0.5562409074319744,0.31833333333333336,0.0,0.5734082838995814,0.3549723408909249,0.1408864582032916,0.04183831727570365,0.6766666666666666,0.5458333333333333,0.6055631600613569,0.32866901074730775,0.1342907019421955,0.028367191479539235,0.5549738219895288,0.5890052356020943
43,600,10,64,0.3,0.0,observed,concat,0.25,32,0,191,0.22452703859349182,0.319967177633448,0.31833333333333336,0.0,0.5057303684268873,0.38182343772534383,0.14724612046595295,0.04586501804432392,0.43333333333333335,0.445,0.5503330234415436,0.35136403558281454,0.14044355322497856,0.03147522990973193,0.3769633507853403,0.45549738219895286
43,600,10,64,0.3,0.0,observed,same_pca_additive,0.25,32,0,191,0.44324763452893606,0.529403257779737,0.31833333333333336,0.0,0.5517129879412117,0.3642303228612666,0.143053789338585,0.04321226455587841,0.6183333333333333,0.5216666666666666,0.5885115484085427,0.33600555303814167,0.13628214888761428,0.029226632380865137,0.47643979057591623,0.5287958115183246
43,600,10,64,0.3,0.0,shuffled,additive,0.25,32,0,191,0.11535704245800654,0.2013764711540216,0.31833333333333336,0.0,0.4738876925300059,0.3925574547759675,0.14976544569297678,0.047391332178658485,0.28833333333333333,0.36666666666666664,0.5176725209530991,0.36340890518749736,0.1435723636337077,0.032384944320202065,0.19895287958115182,0.35340314136125656
43,600,10,64,0.3,0.0,oracle,additive,0.25,32,0,191,0.49127011769988155,0.576632674852829,0.31833333333333336,0.0,0.5762618133144022,0.3545448493740659,0.1405948583548367,0.04166110023756922,0.6433333333333333,0.5366666666666666,0.6006823891484951,0.33104747633023435,0.1349249166903266,0.028661273678112734,0.518324607329843,0.56282722513089
43,600,10,64,0.3,0.0,observed,additive,0.5,32,0,191,0.6874762956019445,0.7320181028584336,0.31833333333333336,0.0,0.6818012149675395,0.3128425379105455,0.12980527237442674,0.035015737009854185,0.8183333333333334,0.6325,0.6708443524422657,0.301927315564672,0.12659971277329315,0.025244453214622126,0.6701570680628273,0.6832460732984293
43,600,10,64,0.3,0.0,observed,concat,0.5,32,0,191,0.4958050345246935,0.6023248202570237,0.31833333333333336,0.0,0.5661311594246468,0.35720711117563014,0.14134877714346458,0.042337451391059364,0.65,0.5333333333333333,0.6015694621311408,0.3302101449770333,0.1346852870149529,0.028600249801920694,0.4973821989528796,0.5706806282722513
43,600,10,64,0.3,0.0,observed,same_pca_additive,0.5,32,0,191,0.4973626660834481,0.5817906872172613,0.31833333333333336,0.0,0.5824515544922171,0.35072409584530023,0.13966704677559588,0.04131269488275415,0.6416666666666667,0.5558333333333333,0.6180122459785096,0.32250934815743365,0.13256857888784143,0.0277947656357281,0.5287958115183246,0.612565445026178
43,600,10,64,0.3,0.0,shuffled,additive,0.5,32,0,191,0.04780530129519962,0.10505390662062009,0.31833333333333336,0.0,0.4675663813631667,0.39303498052883773,0.14943943268982837,0.047716838794956876,0.255,0.32916666666666666,0.5188538670858738,0.36090244781397307,0.14240607676309272,0.03232103608119111,0.24083769633507854,0.33507853403141363
43,600,10,64,0.3,0.0,oracle,additive,0.5,32,0,191,0.6757681842249138,0.7123509135143989,0.31833333333333336,0.0,0.6781944861515488,0.31417691613436954,0.13016235126567152,0.03521960728150023,0.8116666666666666,0.6333333333333333,0.6672428900079387,0.3034292252288471,0.12704939091386838,0.025432234197627464,0.6649214659685864,0.6910994764397905
43,600,10,64,0.3,0.0,observed,additive,1.0,32,0,191,0.864568460344179,0.8708872789616833,0.31833333333333336,0.0,0.8479692530800628,0.2389332488312946,0.10720070209658589,0.02201720861909414,0.9366666666666666,0.7583333333333333,0.7880563707061381,0.2541049826354135,0.1119216880486547,0.019242703896995755,0.806282722513089,0.918848167539267
43,600,10,64,0.3,0.0,observed,concat,1.0,32,0,191,0.9121612319232287,0.916781960442374,0.31833333333333336,0.0,0.8301618030845056,0.2524376716941314,0.11227279251629674,0.024424939825559856,0.96,0.7758333333333334,0.7802033264131787,0.259977940601211,0.11443495177732116,0.019940188179429844,0.8743455497382199,0.9424083769633508
43,600,10,64,0.3,0.0,observed,same_pca_additive,1.0,32,0,191,0.7455090179917144,0.7924255846288871,0.31833333333333336,0.0,0.7670092206357514,0.2763122664790646,0.11903573282715896,0.028770151602434405,0.8316666666666667,0.6758333333333333,0.735945313736683,0.2747160915282803,0.11841640706501415,0.021969245493784345,0.7172774869109948,0.7774869109947644
43,600,10,64,0.3,0.0,shuffled,additive,1.0,32,0,191,0.0011021341590904696,0.035424370194628116,0.31833333333333336,0.0,0.4231751177766667,0.4010547833890583,0.15030234787369803,0.05029933609396622,0.13166666666666665,0.27416666666666667,0.4659610545883218,0.37084831746220126,0.14300111887114833,0.03508258445054473,0.10471204188481675,0.2774869109947644
43,600,10,64,0.3,0.0,oracle,additive,1.0,32,0,191,0.8642290033311272,0.8693848412320906,0.31833333333333336,0.0,0.8429334126356561,0.2413227523418025,0.10801826457424916,0.02238271321018838,0.9366666666666666,0.7533333333333333,0.7816025815088941,0.25716948100899556,0.11295897226320811,0.019625622129887742,0.8167539267015707,0.9057591623036649
43,600,10,64,0.3,0.0,observed,additive,2.0,32,0,191,0.9083142333764871,0.9140633802559729,0.31833333333333336,0.0,0.9107103363963951,0.1862247655615057,0.08627101270936946,0.013171007667720244,0.9583333333333334,0.7858333333333334,0.840193979979461,0.22674934063665259,0.1021873893180426,0.015875525996884635,0.8691099476439791,0.9502617801047121
43,600,10,64,0.3,0.0,observed,concat,2.0,32,0,191,0.8042474628871797,0.8519126582706165,0.31833333333333336,0.0,0.8536293118588827,0.20964735972515106,0.09359971939014332,0.017524297522534562,0.8533333333333334,0.7183333333333334,0.8047967658672113,0.2416572470272141,0.10670030056390052,0.017709846196179147,0.7853403141361257,0.8455497382198953
43,600,10,64,0.3,0.0,observed,same_pca_additive,2.0,32,0,191,0.8904304530972421,0.8990768145970087,0.31833333333333336,0.0,0.8987901700284173,0.1994525218301327,0.09207093349270815,0.015398546917983114,0.95,0.7466666666666667,0.8308510933869265,0.23038428773774158,0.10343693667817391,0.016430195536959447,0.8429319371727748,0.8979057591623036
43,600,10,64,0.3,0.0,shuffled,additive,2.0,32,0,191,-0.0024883993108700667,0.02574829963554535,0.31833333333333336,0.0,0.3400719920452229,0.4242667182714004,0.15358251441689721,0.05885603056610957,0.14333333333333334,0.25083333333333335,0.34600871430446145,0.4078398366116812,0.15098444665985059,0.04630004625890085,0.09947643979057591,0.24607329842931938
43,600,10,64,0.3,0.0,oracle,additive,2.0,32,0,191,0.9058918075310192,0.9086512496070343,0.31833333333333336,0.0,0.905165173348751,0.19045220056512457,0.08809753425022239,0.013787157435742058,0.9566666666666667,0.7783333333333333,0.832535002086481,0.23111849682416047,0.1038188527589986,0.01641641015808375,0.8638743455497382,0.93717277486911
43,600,10,64,0.3,0.5,none,content_only,0.0,32,330,191,0.08212964171330814,0.16445188223946497,0.31833333333333336,0.0,0.4533728351428412,0.40195883361936213,0.15183505509105766,0.04916140587051779,0.26,0.3308333333333333,0.5045981812605314,0.36977838399873647,0.14517323547575545,0.03366682659945389,0.20418848167539266,0.34293193717277487
43,600,10,64,0.3,0.5,observed,additive,0.25,32,330,191,0.384680445584602,0.46459187798867435,0.31833333333333336,0.0,0.558874831252684,0.36067311093030713,0.142052249783887,0.04260478499723726,0.5833333333333334,0.5091666666666667,0.5858237442150332,0.33675066279028837,0.13634595256768153,0.02930862195886452,0.4607329842931937,0.518324607329843
43,600,10,64,0.3,0.5,observed,concat,0.25,32,330,191,0.1786682741434677,0.2748954533790065,0.31833333333333336,0.0,0.49744447421291,0.3858202573989352,0.148070805397822,0.046599894899426945,0.38666666666666666,0.41833333333333333,0.5329676269254431,0.359966768610538,0.1426977668423002,0.03248873861311488,0.3298429319371728,0.40575916230366493
43,600,10,64,0.3,0.5,observed,same_pca_additive,0.25,32,330,191,0.29764427757849937,0.3942241595791381,0.31833333333333336,0.0,0.5188682860509599,0.37618568967730276,0.1460015409999879,0.04497364283050071,0.49833333333333335,0.48833333333333334,0.558799983503757,0.3475805246665937,0.13935865885761345,0.03055850021942556,0.35602094240837695,0.5078534031413613
43,600,10,64,0.3,0.5,shuffled,additive,0.25,32,330,191,0.12054979549451651,0.20693189763415135,0.31833333333333336,0.0,0.48386474492910925,0.388955592308045,0.14876980923527158,0.04695040285246331,0.32,0.385,0.5311490777549406,0.3590888326592064,0.14243211478369874,0.03181258581385012,0.27225130890052357,0.39267015706806285
43,600,10,64,0.3,0.5,oracle,additive,0.25,32,330,191,0.49127011769988155,0.576632674852829,0.31833333333333336,0.0,0.5762618133144022,0.3545448493740659,0.1405948583548367,0.04166110023756922,0.6433333333333333,0.5366666666666666,0.6006823891484951,0.33104747633023435,0.1349249166903266,0.028661273678112734,0.518324607329843,0.56282722513089
43,600,10,64,0.3,0.5,observed,additive,0.5,32,330,191,0.485193121823361,0.5430006170097533,0.31833333333333336,0.0,0.6387961944812105,0.3285749497739534,0.13344041910510687,0.03752046460530754,0.7,0.5866666666666667,0.6399895464867436,0.31384541790721243,0.1295689035620998,0.026678941118400506,0.5445026178010471,0.6178010471204188
43,600,10,64,0.3,0.5,observed,concat,0.5,32,330,191,0.36214516947793207,0.4401777095480924,0.31833333333333336,0.0,0.557902721286571,0.36081254712483823,0.14206593588732522,0.04274225089669348,0.545,0.5283333333333333,0.586805165035352,0.3364936800864898,0.13625807490757216,0.029284850841661422,0.44502617801047123,0.5602094240837696
43,600,10,64,0.3,0.5,observed,same_pca_additive,0.5,32,330,191,0.3103565688305792,0.4044264545396051,0.31833333333333336,0.0,0.53259146397031,0.370023882210336,0.14432703099065872,0.04410776234925303,0.49,0.4866666666666667,0.571675031652492,0.34116908347621183,0.13752976729332336,0.029928529645624938,0.33507853403141363,0.468586387434555
43,600,10,64,0.3,0.5,shuffled,additive,0.5,32,330,191,0.051758217122942436,0.10640080949505996,0.31833333333333336,0.0,0.4788903483806083,0.38858298353298637,0.1485063068507963,0.047088446214420536,0.2733333333333333,0.3466666666666667,0.5257930596687878,0.35837500770040087,0.14179634150696163,0.032008576255540176,0.21465968586387435,0.32722513089005234
43,600,10,64,0.3,0.5,oracle,additive,0.5,32,330,191,0.6757681842249138,0.7123509135143989,0.31833333333333336,0.0,0.6781944861515488,0.31417691613436954,0.13016235126567152,0.03521960728150023,0.8116666666666666,0.6333333333333333,0.6672428900079387,0.3034292252288471,0.12704939091386838,0.025432234197627464,0.6649214659685864,0.6910994764397905
43,600,10,64,0.3,0.5,observed,additive,1.0,32,330,191,0.46405670289651274,0.526986905308269,0.31833333333333336,0.0,0.727504960557221,0.28408178188575195,0.11874543343914915,0.029854565078563326,0.6866666666666666,0.6233333333333333,0.6989440193236154,0.2869301428762087,0.12012149497245372,0.023447673942900375,0.581151832460733,0.6832460732984293
43,600,10,64,0.3,0.5,observed,concat,1.0,32,330,191,0.46009325861415173,0.5252501667795818,0.31833333333333336,0.0,0.6951615426212442,0.3013541157669929,0.12446489593974028,0.032804740963473966,0.6833333333333333,0.5975,0.6663282067819832,0.3015443025838697,0.12484039864491958,0.025302433163529064,0.5497382198952879,0.6675392670157068
43,600,10,64,0.3,0.5,observed,same_pca_additive,1.0,32,330,191,0.412044136153566,0.4708320831753006,0.31833333333333336,0.0,0.6592848925488997,0.3176047299987706,0.1296529433872457,0.035708727795331,0.6433333333333333,0.5766666666666667,0.6630632436103444,0.30292045545485763,0.12569337229781852,0.025453015675262473,0.5130890052356021,0.6230366492146597
43,600,10,64,0.3,0.5,shuffled,additive,1.0,32,330,191,0.004586710260948274,0.04087928384154859,0.31833333333333336,0.0,0.4286165492588149,0.3990398326384104,0.14994680561391532,0.05001892531198221,0.16666666666666666,0.2833333333333333,0.47436840199607827,0.36784976933336483,0.14242623483484518,0.03465678800377602,0.16753926701570682,0.2774869109947644
43,600,10,64,0.3,0.5,oracle,additive,1.0,32,330,191,0.8642290033311272,0.8693848412320906,0.31833333333333336,0.0,0.8429334126356561,0.2413227523418025,0.10801826457424916,0.02238271321018838,0.9366666666666666,0.7533333333333333,0.7816025815088941,0.25716948100899556,0.11295897226320811,0.019625622129887742,0.8167539267015707,0.9057591623036649
43,600,10,64,0.3,0.5,observed,additive,2.0,32,330,191,0.4535661212933963,0.5205441186217349,0.31833333333333336,0.0,0.7426683991553497,0.2545389891585979,0.10537927918349276,0.026238136046869736,0.6816666666666666,0.615,0.7222145754582466,0.2693446346723913,0.1125071544472526,0.02198332942771381,0.6178010471204188,0.6858638743455497
43,600,10,64,0.3,0.5,observed,concat,2.0,32,330,191,0.4660644236505425,0.5302981325697306,0.31833333333333336,0.0,0.7340595510070402,0.2577094207881853,0.10610730632272639,0.027373607214641677,0.6833333333333333,0.61,0.7064454306442842,0.2751165065499262,0.11472559898931994,0.023204954147877203,0.5916230366492147,0.6832460732984293
43,600,10,64,0.3,0.5,observed,same_pca_additive,2.0,32,330,191,0.4582320078354177,0.5211552916389547,0.31833333333333336,0.0,0.7421348256426099,0.2629492321747627,0.10975854179930628,0.027005231697401995,0.6816666666666666,0.5941666666666666,0.7134843214686978,0.27366503142798837,0.11423539287315651,0.022384067702383402,0.5706806282722513,0.6832460732984293
43,600,10,64,0.3,0.5,shuffled,additive,2.0,32,330,191,-0.001831049096789361,0.027382671556759722,0.31833333333333336,0.0,0.3450268019920881,0.4230963552530213,0.1534702707145888,0.05890146283410862,0.14666666666666667,0.24916666666666668,0.37570599530813725,0.39526989471778523,0.14732485470807888,0.04450545936968951,0.13612565445026178,0.2513089005235602
43,600,10,64,0.3,0.5,oracle,additive,2.0,32,330,191,0.9058918075310192,0.9086512496070343,0.31833333333333336,0.0,0.905165173348751,0.19045220056512457,0.08809753425022239,0.013787157435742058,0.9566666666666667,0.7783333333333333,0.832535002086481,0.23111849682416047,0.1038188527589986,0.01641641015808375,0.8638743455497382,0.93717277486911
43,600,10,64,0.3,1.0,none,content_only,0.0,32,443,191,0.08212964171330814,0.16445188223946497,0.31833333333333336,0.0,0.4533728351428412,0.40195883361936213,0.15183505509105766,0.04916140587051779,0.26,0.3308333333333333,0.5045981812605314,0.36977838399873647,0.14517323547575545,0.03366682659945389,0.20418848167539266,0.34293193717277487
43,600,10,64,0.3,1.0,observed,additive,0.25,32,443,191,0.3326724435918096,0.41179542849607176,0.31833333333333336,0.0,0.5470325938248408,0.3650926064379472,0.14324128721328133,0.04333451414352863,0.5633333333333334,0.5083333333333333,0.580790524116817,0.338340667169232,0.13663584908042922,0.029476523795231892,0.42408376963350786,0.5314136125654451
43,600,10,64,0.3,1.0,observed,concat,0.25,32,443,191,0.17425764544963387,0.2385435112457371,0.31833333333333336,0.0,0.4975872251919977,0.385207305265376,0.147846769013906,0.04643955735580811,0.4066666666666667,0.43083333333333335,0.5373580065996867,0.3577695014410392,0.14203649240739133,0.03197289046249832,0.33507853403141363,0.43455497382198954
43,600,10,64,0.3,1.0,observed,same_pca_additive,0.25,32,443,191,0.267716118899198,0.35497530713191544,0.31833333333333336,0.0,0.5082279741840949,0.3809805763201499,0.14714378046451443,0.0456123414873496,0.49,0.4708333333333333,0.5547900538201759,0.3500443992397307,0.14020603249354455,0.030748162430070187,0.39790575916230364,0.5130890052356021
43,600,10,64,0.3,1.0,shuffled,additive,0.25,32,443,191,0.11925081153458618,0.20532737577322463,0.31833333333333336,0.0,0.48372918133560394,0.38937056465286957,0.14891252133401506,0.0470912842929584,0.3516666666666667,0.3858333333333333,0.522988472324872,0.36153978007572984,0.14293190615187096,0.032300894722543945,0.25654450261780104,0.36387434554973824
43,600,10,64,0.3,1.0,oracle,additive,0.25,32,443,191,0.49127011769988155,0.576632674852829,0.31833333333333336,0.0,0.5762618133144022,0.3545448493740659,0.1405948583548367,0.04166110023756922,0.6433333333333333,0.5366666666666666,0.6006823891484951,0.33104747633023435,0.1349249166903266,0.028661273678112734,0.518324607329843,0.56282722513089
43,600,10,64,0.3,1.0,observed,additive,0.5,32,443,191,0.3514699613463062,0.43122128468244836,0.31833333333333336,0.0,0.5830632199161988,0.34938815812971713,0.13862789111432602,0.04093653329361098,0.5333333333333333,0.52,0.6038634625917094,0.32821256274452393,0.13328509149956028,0.02836737886277088,0.46596858638743455,0.5523560209424084
43,600,10,64,0.3,1.0,observed,concat,0.5,32,443,191,0.24605177396610625,0.3506163517756097,0.31833333333333336,0.0,0.5335876664406576,0.3706177265369854,0.14430643418844527,0.04409842048039179,0.44666666666666666,0.435,0.5667539952439447,0.34432674506651806,0.13809059213663227,0.030129182819556045,0.33507853403141363,0.45287958115183247
43,600,10,64,0.3,1.0,observed,same_pca_additive,0.5,32,443,191,0.23398274053042262,0.30411148939438715,0.31833333333333336,0.0,0.4996610472715238,0.3840111717280811,0.14748386991844925,0.04591327782778768,0.4533333333333333,0.4575,0.541021045058693,0.35534896900393437,0.141256925685785,0.03131464665896528,0.35602094240837695,0.45549738219895286
43,600,10,64,0.3,1.0,shuffled,additive,0.5,32,443,191,0.03455558985866481,0.08413011819550405,0.31833333333333336,0.0,0.4657308642489221,0.3936708844477597,0.14952353648183234,0.04778779680730783,0.225,0.32166666666666666,0.5156589385013092,0.36248044693043396,0.14265798984192157,0.0324923658028889,0.193717277486911,0.31675392670157065
43,600,10,64,0.3,1.0,oracle,additive,0.5,32,443,191,0.6757681842249138,0.7123509135143989,0.31833333333333336,0.0,0.6781944861515488,0.31417691613436954,0.13016235126567152,0.03521960728150023,0.8116666666666666,0.6333333333333333,0.6672428900079387,0.3034292252288471,0.12704939091386838,0.025432234197627464,0.6649214659685864,0.6910994764397905
43,600,10,64,0.3,1.0,observed,additive,1.0,32,443,191,0.3126871222933924,0.3953011680033304,0.31833333333333336,0.0,0.6463033268485033,0.3162050862310491,0.12719176964738468,0.03526725195370986,0.55,0.4975,0.6308232540089939,0.31181125284858724,0.12594627116633303,0.026706055948345995,0.43455497382198954,0.5130890052356021
43,600,10,64,0.3,1.0,observed,concat,1.0,32,443,191,0.2678668979104651,0.3586681118401399,0.31833333333333336,0.0,0.5841470424209126,0.3440275282404582,0.13473482971254905,0.03972343475627877,0.4816666666666667,0.43833333333333335,0.5815989484474328,0.33286621695741553,0.13173520784406723,0.029252085745563296,0.4031413612565445,0.4476439790575916
43,600,10,64,0.3,1.0,observed,same_pca_additive,1.0,32,443,191,0.2741468055831603,0.3481485233921853,0.31833333333333336,0.0,0.5830825997010891,0.34887168941870783,0.13770805506089637,0.04061297168115762,0.5033333333333333,0.48833333333333334,0.5980351332134335,0.32880382015422727,0.13238410789810204,0.028511834470214072,0.387434554973822,0.5078534031413613
43,600,10,64,0.3,1.0,shuffled,additive,1.0,32,443,191,0.004998588511472813,0.045711654607574134,0.31833333333333336,0.0,0.413628958494506,0.4073065624827434,0.15173923047909946,0.05089539693712295,0.13666666666666666,0.2525,0.46591978516203725,0.37629900114582665,0.14529217642951764,0.035112835587169614,0.1256544502617801,0.24607329842931938
43,600,10,64,0.3,1.0,oracle,additive,1.0,32,443,191,0.8642290033311272,0.8693848412320906,0.31833333333333336,0.0,0.8429334126356561,0.2413227523418025,0.10801826457424916,0.02238271321018838,0.9366666666666666,0.7533333333333333,0.7816025815088941,0.25716948100899556,0.11295897226320811,0.019625622129887742,0.8167539267015707,0.9057591623036649
43,600,10,64,0.3,1.0,observed,additive,2.0,32,443,191,0.2659321842870135,0.351267855946461,0.31833333333333336,0.0,0.613218952714627,0.31444545798032353,0.1223963346420346,0.03639508731432735,0.49833333333333335,0.4633333333333333,0.6076293123607042,0.3144944656397638,0.12488414052548133,0.02815567721770562,0.418848167539267,0.4790575916230366
43,600,10,64,0.3,1.0,observed,concat,2.0,32,443,191,0.2954280134242846,0.4181240855347567,0.31833333333333336,0.0,0.6532446495669243,0.29376909226347164,0.11675423789550969,0.03478592641041781,0.5816666666666667,0.5258333333333334,0.6250653282962763,0.30320918585004086,0.12239570722707818,0.028524733324678947,0.45549738219895286,0.5497382198952879
43,600,10,64,0.3,1.0,observed,same_pca_additive,2.0,32,443,191,0.30456604463834086,0.38237605329276025,0.31833333333333336,0.0,0.6454935975323449,0.30642850967881735,0.12221137229580398,0.03469423927179287,0.5566666666666666,0.485,0.6277687149972463,0.3062582055394242,0.12252684773392751,0.026905344659742383,0.450261780104712,0.5104712041884817
43,600,10,64,0.3,1.0,shuffled,additive,2.0,32,443,191,0.0017444254914810383,0.035834455525806316,0.31833333333333336,0.0,0.354973202379353,0.41905119845085587,0.15250389371405743,0.05742407310072186,0.15,0.25833333333333336,0.3715429660362765,0.40155411398801316,0.15005474474804018,0.04399519433041685,0.12041884816753927,0.24345549738219896
43,600,10,64,0.3,1.0,oracle,additive,2.0,32,443,191,0.9058918075310192,0.9086512496070343,0.31833333333333336,0.0,0.905165173348751,0.19045220056512457,0.08809753425022239,0.013787157435742058,0.9566666666666667,0.7783333333333333,0.832535002086481,0.23111849682416047,0.1038188527589986,0.01641641015808375,0.8638743455497382,0.93717277486911
43,600,10,64,0.3,1.5,none,content_only,0.0,32,547,191,0.08212964171330814,0.16445188223946497,0.31833333333333336,0.0,0.4533728351428412,0.40195883361936213,0.15183505509105766,0.04916140587051779,0.26,0.3308333333333333,0.5045981812605314,0.36977838399873647,0.14517323547575545,0.03366682659945389,0.20418848167539266,0.34293193717277487
43,600,10,64,0.3,1.5,observed,additive,0.25,32,547,191,0.28437431797399376,0.36285605901130663,0.31833333333333336,0.0,0.5251594975390412,0.3738488315967719,0.1451324915561052,0.0445254745596561,0.505,0.48,0.5666568804433857,0.34496987275563606,0.13884101808903407,0.03022321387552433,0.4031413612565445,0.4973821989528796
43,600,10,64,0.3,1.5,observed,concat,0.25,32,547,191,0.07772545018381427,0.15785480429129786,0.31833333333333336,0.0,0.4667321712802887,0.3964876738888793,0.15040423182657311,0.048259362206614316,0.275,0.355,0.5126174998794739,0.3667106889965363,0.14425433202297883,0.03335507575588448,0.2356020942408377,0.3324607329842932
43,600,10,64,0.3,1.5,observed,same_pca_additive,0.25,32,547,191,0.15351828073875656,0.22853930005380965,0.31833333333333336,0.0,0.4538987713106584,0.4017872552633628,0.1519506462579741,0.048557316257731464,0.24333333333333335,0.37,0.5111706655487488,0.36772509204897774,0.14492814541929877,0.032729757209177306,0.193717277486911,0.3795811518324607
43,600,10,64,0.3,1.5,shuffled,additive,0.25,32,547,191,0.09725252561375469,0.17895490624609287,0.31833333333333336,0.0,0.4699623377648813,0.39477331384202896,0.15022795681728182,0.04792501537921642,0.275,0.3575,0.5145586687231625,0.36543745997714194,0.1439896472318236,0.03294611077583292,0.2198952879581152,0.36387434554973824
43,600,10,64,0.3,1.5,oracle,additive,0.25,32,547,191,0.49127011769988155,0.576632674852829,0.31833333333333336,0.0,0.5762618133144022,0.3545448493740659,0.1405948583548367,0.04166110023756922,0.6433333333333333,0.5366666666666666,0.6006823891484951,0.33104747633023435,0.1349249166903266,0.028661273678112734,0.518324607329843,0.56282722513089
43,600,10,64,0.3,1.5,observed,additive,0.5,32,547,191,0.2264372397298783,0.3151981376564888,0.31833333333333336,0.0,0.5558952960479231,0.3609533017776512,0.1413870688334616,0.04255710080389406,0.4683333333333333,0.4583333333333333,0.5904425268903434,0.3344644039484936,0.13519264884143922,0.029023260612672266,0.3769633507853403,0.4895287958115183
43,600,10,64,0.3,1.5,observed,concat,0.5,32,547,191,0.12164938829441495,0.2115409981525438,0.31833333333333336,0.0,0.46839549807751485,0.39474865500228085,0.14972980591160603,0.04757108966594664,0.32,0.345,0.5177230026202162,0.36358759499409987,0.14315054634704194,0.032397407828207284,0.2879581151832461,0.38481675392670156
43,600,10,64,0.3,1.5,observed,same_pca_additive,0.5,32,547,191,0.05786368972107218,0.10631332261983373,0.31833333333333336,0.0,0.41838682488755996,0.41582715890949534,0.15496449369737303,0.05036693546312252,0.18833333333333332,0.315,0.4795027762658555,0.3808856043126698,0.14830198092672833,0.03409719411830294,0.18848167539267016,0.31675392670157065
43,600,10,64,0.3,1.5,shuffled,additive,0.5,32,547,191,0.06117368929571304,0.12493118147309244,0.31833333333333336,0.0,0.46136080608732083,0.39687030749005875,0.15020839196867333,0.048053822464210146,0.2633333333333333,0.3283333333333333,0.5109030617445579,0.3646800744406333,0.14314312918513786,0.03273788648989015,0.225130890052356,0.337696335078534
43,600,10,64,0.3,1.5,oracle,additive,0.5,32,547,191,0.6757681842249138,0.7123509135143989,0.31833333333333336,0.0,0.6781944861515488,0.31417691613436954,0.13016235126567152,0.03521960728150023,0.8116666666666666,0.6333333333333333,0.6672428900079387,0.3034292252288471,0.12704939091386838,0.025432234197627464,0.6649214659685864,0.6910994764397905
43,600,10,64,0.3,1.5,observed,additive,1.0,32,547,191,0.13060543355569998,0.2158499819226935,0.31833333333333336,0.0,0.5446517259475575,0.35722706416521194,0.13831312418007413,0.04200736019916427,0.37833333333333335,0.4058333333333333,0.5708759164200334,0.3374266322917243,0.13413162413639565,0.02963695815949749,0.3298429319371728,0.4319371727748691
43,600,10,64,0.3,1.5,observed,concat,1.0,32,547,191,0.08751879693938443,0.19011802411989742,0.31833333333333336,0.0,0.4981465621323449,0.3778395084356232,0.14392331150476478,0.045286658388640995,0.33166666666666667,0.3466666666666667,0.5364667079296518,0.35218951028040213,0.1381869580743726,0.03136609501853842,0.2931937172774869,0.38219895287958117
43,600,10,64,0.3,1.5,observed,same_pca_additive,1.0,32,547,191,0.049408025239265164,0.10818784001281709,0.31833333333333336,0.0,0.4534118255324788,0.4006190668288148,0.15100278412744583,0.048301425248627045,0.19833333333333333,0.2633333333333333,0.5049077716680204,0.3691186111968619,0.1447635349984999,0.03294474535244751,0.15706806282722513,0.2513089005235602
43,600,10,64,0.3,1.5,shuffled,additive,1.0,32,547,191,0.002222341031384671,0.04615647546777068,0.31833333333333336,0.0,0.4137542670029751,0.40997314689952824,0.15250439965153628,0.05084833671235276,0.15,0.24833333333333332,0.4670754871538205,0.37602073429891725,0.14501510107558932,0.035036426773998416,0.14659685863874344,0.2486910994764398
43,600,10,64,0.3,1.5,oracle,additive,1.0,32,547,191,0.8642290033311272,0.8693848412320906,0.31833333333333336,0.0,0.8429334126356561,0.2413227523418025,0.10801826457424916,0.02238271321018838,0.9366666666666666,0.7533333333333333,0.7816025815088941,0.25716948100899556,0.11295897226320811,0.019625622129887742,0.8167539267015707,0.9057591623036649
43,600,10,64,0.3,1.5,observed,additive,2.0,32,547,191,0.14421298815143954,0.23675147481813674,0.31833333333333336,0.0,0.53578867035575,0.3476149311927451,0.1325920322071499,0.042785683776867756,0.39166666666666666,0.3958333333333333,0.5685899554031988,0.3293616130263369,0.12913684250985005,0.030360445912450726,0.3507853403141361,0.43455497382198954
43,600,10,64,0.3,1.5,observed,concat,2.0,32,547,191,0.1127042966198799,0.19637576879156013,0.31833333333333336,0.0,0.5050241625950146,0.36449957223074697,0.1367260824825352,0.045249947366048426,0.37333333333333335,0.3625,0.5429838346261279,0.3425989000461851,0.1330019342155112,0.03209373941013943,0.3403141361256545,0.418848167539267
43,600,10,64,0.3,1.5,observed,same_pca_additive,2.0,32,547,191,0.0839395555136732,0.15492135328423867,0.31833333333333336,0.0,0.4997371089765936,0.371325906663689,0.14073403761386513,0.04527090290454214,0.295,0.3441666666666667,0.5421422674911883,0.3450844080989378,0.13422457374559374,0.031199641873013606,0.2774869109947644,0.35602094240837695
43,600,10,64,0.3,1.5,shuffled,additive,2.0,32,547,191,0.011533168474877536,0.045989019942813875,0.31833333333333336,0.0,0.36640536735979234,0.4227133431748632,0.15377878491557181,0.05603563082221775,0.16833333333333333,0.23916666666666667,0.41072766336422123,0.39112779545728904,0.1461371612198755,0.04048654412472344,0.17277486910994763,0.2643979057591623
43,600,10,64,0.3,1.5,oracle,additive,2.0,32,547,191,0.9058918075310192,0.9086512496070343,0.31833333333333336,0.0,0.905165173348751,0.19045220056512457,0.08809753425022239,0.013787157435742058,0.9566666666666667,0.7783333333333333,0.832535002086481,0.23111849682416047,0.1038188527589986,0.01641641015808375,0.8638743455497382,0.93717277486911
43,600,10,64,0.3,2.0,none,content_only,0.0,32,574,191,0.08212964171330814,0.16445188223946497,0.31833333333333336,0.0,0.4533728351428412,0.40195883361936213,0.15183505509105766,0.04916140587051779,0.26,0.3308333333333333,0.5045981812605314,0.36977838399873647,0.14517323547575545,0.03366682659945389,0.20418848167539266,0.34293193717277487
43,600,10,64,0.3,2.0,observed,additive,0.25,32,574,191,0.2506509302946674,0.3270318654070672,0.31833333333333336,0.0,0.5198320031276714,0.3760146111912798,0.1457966960603693,0.04487803752023421,0.47833333333333333,0.46416666666666667,0.5564179214333466,0.3488351842133474,0.13965039999649498,0.030666798676344323,0.3717277486910995,0.43717277486910994
43,600,10,64,0.3,2.0,observed,concat,0.25,32,574,191,0.06939752527780352,0.14016641869005556,0.31833333333333336,0.0,0.46264264285120266,0.3969910355132395,0.15034733605851908,0.048104630128194395,0.27166666666666667,0.31083333333333335,0.5078165273391463,0.3684030178300595,0.14487167034224452,0.033221133552815064,0.225130890052356,0.3089005235602094
43,600,10,64,0.3,2.0,observed,same_pca_additive,0.25,32,574,191,0.10289256210556619,0.1654732394002277,0.31833333333333336,0.0,0.4388044244056969,0.4080793490163817,0.15327504660788652,0.04931888429647542,0.24,0.32166666666666666,0.49490926875011604,0.3747112945853438,0.14673191315830605,0.03343953378794272,0.2094240837696335,0.2931937172774869
43,600,10,64,0.3,2.0,shuffled,additive,0.25,32,574,191,0.10024787848657513,0.1796080227726321,0.31833333333333336,0.0,0.475179088319724,0.3927205001252489,0.14962816916767227,0.04752296132392285,0.2866666666666667,0.36333333333333334,0.5255847296865269,0.36042067309561693,0.1427711802619683,0.03240261850401303,0.225130890052356,0.3717277486910995
43,600,10,64,0.3,2.0,oracle,additive,0.25,32,574,191,0.49127011769988155,0.576632674852829,0.31833333333333336,0.0,0.5762618133144022,0.3545448493740659,0.1405948583548367,0.04166110023756922,0.6433333333333333,0.5366666666666666,0.6006823891484951,0.33104747633023435,0.1349249166903266,0.028661273678112734,0.518324607329843,0.56282722513089
43,600,10,64,0.3,2.0,observed,additive,0.5,32,574,191,0.1966145167630282,0.26430280637911285,0.31833333333333336,0.0,0.5475669553562051,0.36415507410533704,0.14250373972793762,0.04307334137847574,0.465,0.47333333333333333,0.5729121882101472,0.34140234707240735,0.13725033921632251,0.02989526293553236,0.3507853403141361,0.468586387434555
43,600,10,64,0.3,2.0,observed,concat,0.5,32,574,191,0.07519794195178942,0.16169826494756445,0.31833333333333336,0.0,0.43789620362486364,0.40641387855013666,0.15249658682134667,0.049318710723719655,0.20666666666666667,0.29,0.4966401599188508,0.37120026176179904,0.14511344672357507,0.03334493973485059,0.18848167539267016,0.306282722513089
43,600,10,64,0.3,2.0,observed,same_pca_additive,0.5,32,574,191,0.04561945370032662,0.09218899044520415,0.31833333333333336,0.0,0.41838599241230884,0.4158274719564458,0.1549645603971824,0.05036697557399723,0.18333333333333332,0.31083333333333335,0.47950189027963924,0.38088595420484495,0.14830206408167865,0.03409723084111283,0.17801047120418848,0.29581151832460734
43,600,10,64,0.3,2.0,shuffled,additive,0.5,32,574,191,0.0662222974182041,0.12482478322214441,0.31833333333333336,0.0,0.47308655810437045,0.3923271051856489,0.1491462409575176,0.04740222486365977,0.29333333333333333,0.3516666666666667,0.5173314410781471,0.36206092012510876,0.14259389918568932,0.03244712316607236,0.2094240837696335,0.34554973821989526
43,600,10,64,0.3,2.0,oracle,additive,0.5,32,574,191,0.6757681842249138,0.7123509135143989,0.31833333333333336,0.0,0.6781944861515488,0.31417691613436954,0.13016235126567152,0.03521960728150023,0.8116666666666666,0.6333333333333333,0.6672428900079387,0.3034292252288471,0.12704939091386838,0.025432234197627464,0.6649214659685864,0.6910994764397905
43,600,10,64,0.3,2.0,observed,additive,1.0,32,574,191,0.0689081055449561,0.14120268591634652,0.31833333333333336,0.0,0.4954198201011593,0.37711297042496417,0.1438411467554121,0.045422304836521356,0.28,0.3333333333333333,0.5228928670797076,0.35502888745059585,0.13877205301206388,0.03212612882323369,0.21465968586387435,0.3193717277486911
43,600,10,64,0.3,2.0,observed,concat,1.0,32,574,191,0.062048275007247425,0.1381513618562922,0.31833333333333336,0.0,0.45708551264898956,0.39330417448811056,0.14767381041065955,0.04781750464843676,0.25833333333333336,0.2991666666666667,0.49226062460541675,0.3687675188535271,0.14204149160157034,0.03361024350970463,0.21465968586387435,0.3010471204188482
43,600,10,64,0.3,2.0,observed,same_pca_additive,1.0,32,574,191,0.04519170848712637,0.09495650061391682,0.31833333333333336,0.0,0.4183855698102896,0.41582763080675583,0.15496459240923643,0.0503669965370582,0.17333333333333334,0.315,0.47950152953494474,0.3808860973380353,0.1483020985227089,0.03409724610408501,0.16753926701570682,0.29842931937172773
43,600,10,64,0.3,2.0,shuffled,additive,1.0,32,574,191,0.007737782105359367,0.054928562188744756,0.31833333333333336,0.0,0.42328317659804704,0.406183763060909,0.15151502680078194,0.05042188342379532,0.17333333333333334,0.265,0.48235014478660065,0.3708926379638919,0.14363237813943452,0.034320360598130685,0.19895287958115182,0.2774869109947644
43,600,10,64,0.3,2.0,oracle,additive,1.0,32,574,191,0.8642290033311272,0.8693848412320906,0.31833333333333336,0.0,0.8429334126356561,0.2413227523418025,0.10801826457424916,0.02238271321018838,0.9366666666666666,0.7533333333333333,0.7816025815088941,0.25716948100899556,0.11295897226320811,0.019625622129887742,0.8167539267015707,0.9057591623036649
43,600,10,64,0.3,2.0,observed,additive,2.0,32,574,191,0.06766576474682098,0.1380253296422709,0.31833333333333336,0.0,0.48589206332453844,0.36965919893475124,0.13926709882124805,0.04652680082247139,0.31,0.3591666666666667,0.50185250981129,0.3560410519430624,0.13724119557301892,0.03431832137247638,0.24083769633507854,0.3507853403141361
43,600,10,64,0.3,2.0,observed,concat,2.0,32,574,191,0.05187921588150654,0.1234828147608805,0.31833333333333336,0.0,0.4530889462490925,0.38611943140580746,0.14304017401936137,0.04884927852550273,0.275,0.3125,0.474814273936474,0.3694235934185374,0.14066157871914797,0.03585563325536735,0.23036649214659685,0.3010471204188482
43,600,10,64,0.3,2.0,observed,same_pca_additive,2.0,32,574,191,0.03961710157002113,0.09394480205438878,0.31833333333333336,0.0,0.45568908931770297,0.39158348409445226,0.147220820249743,0.048066904256306345,0.21166666666666667,0.30583333333333335,0.4842452115052684,0.37123957896278226,0.142867049042893,0.034229408941005464,0.14136125654450263,0.2801047120418848
43,600,10,64,0.3,2.0,shuffled,additive,2.0,32,574,191,0.008297679763046411,0.04262187136355655,0.31833333333333336,0.0,0.3695338336389596,0.4210729620727823,0.1533950690127351,0.05596244086839414,0.16,0.2625,0.4139145024108801,0.39255672016483,0.14706330013014987,0.04040246935624409,0.1256544502617801,0.2643979057591623
43,600,10,64,0.3,2.0,oracle,additive,2.0,32,574,191,0.9058918075310192,0.9086512496070343,0.31833333333333336,0.0,0.905165173348751,0.19045220056512457,0.08809753425022239,0.013787157435742058,0.9566666666666667,0.7783333333333333,0.832535002086481,0.23111849682416047,0.1038188527589986,0.01641641015808375,0.8638743455497382,0.93717277486911
43,600,10,64,0.4,0.0,none,content_only,0.0,32,0,191,0.020725350488542616,0.06773295647392083,0.31833333333333336,0.0,0.4440274025982355,0.4043518495392532,0.1520500415195706,0.049442844686877305,0.205,0.28583333333333333,0.501869828117999,0.36983571516844926,0.14529333082901527,0.033754407481019155,0.193717277486911,0.2879581151832461
43,600,10,64,0.4,0.0,observed,additive,0.25,32,0,191,0.4451508919571361,0.5293483558315435,0.31833333333333336,0.0,0.5568810223436663,0.3623704316992998,0.14257823111299478,0.042871871297682884,0.615,0.5216666666666666,0.5894543352155434,0.3357911545327731,0.13623720238286186,0.02918959237228524,0.518324607329843,0.5314136125654451
43,600,10,64,0.4,0.0,observed,concat,0.25,32,0,191,0.08810711586759404,0.16473460404295162,0.31833333333333336,0.0,0.4591891600172415,0.3981687823036708,0.1505660611382408,0.048276287577675,0.285,0.32166666666666666,0.5055857701673577,0.369382273180559,0.14492221177736403,0.033702781947370995,0.2617801047120419,0.306282722513089
43,600,10,64,0.4,0.0,observed,same_pca_additive,0.25,32,0,191,0.34130023538008536,0.43244566689373964,0.31833333333333336,0.0,0.5192530410553413,0.37654494059010063,0.14613407152522317,0.045073941601033445,0.5466666666666666,0.49333333333333335,0.5684092426509195,0.3442911019279264,0.1387325178827444,0.0301553381408357,0.4607329842931937,0.5235602094240838
43,600,10,64,0.4,0.0,shuffled,additive,0.25,32,0,191,0.05357077812033313,0.12118942523906273,0.31833333333333336,0.0,0.45975746026243675,0.39789990814754284,0.15068846754954715,0.04818212028246043,0.24333333333333335,0.31833333333333336,0.5073792765732265,0.36731235808527546,0.1444882646384627,0.032896880007788586,0.20418848167539266,0.33507853403141363
43,600,10,64,0.4,0.0,oracle,additive,0.25,32,0,191,0.4205332454640944,0.49987949615569727,0.31833333333333336,0.0,0.5542125565353911,0.3628795816127345,0.14286610296469435,0.0430098065692911,0.625,0.525,0.5907103220930257,0.3351210041407952,0.13614486220634806,0.029100253176592396,0.518324607329843,0.5523560209424084
43,600,10,64,0.4,0.0,observed,additive,0.5,32,0,191,0.6754265693726257,0.7197646064871549,0.31833333333333336,0.0,0.6603619887511004,0.32226340967717576,0.13245562507160846,0.03658070094943533,0.8083333333333333,0.625,0.658963392222191,0.3071861246719546,0.1281975656949268,0.0258620350475445,0.6649214659685864,0.6701570680628273
43,600,10,64,0.4,0.0,observed,concat,0.5,32,0,191,0.5689672069473338,0.651865765120693,0.31833333333333336,0.0,0.5778627685565533,0.35425224078364465,0.1408836025787193,0.041764549405973864,0.7266666666666667,0.5825,0.6128014876838056,0.3266923524565176,0.13402614552899217,0.028127154732787492,0.581151832460733,0.6465968586387435
43,600,10,64,0.4,0.0,observed,same_pca_additive,0.5,32,0,191,0.42243485477228515,0.5228877197252813,0.31833333333333336,0.0,0.5560511470247894,0.36183306480801475,0.14255564508440732,0.042879885160496484,0.5766666666666667,0.525,0.5890030388737018,0.33455716182814765,0.1358591890219903,0.029173940821599225,0.387434554973822,0.5418848167539267
43,600,10,64,0.4,0.0,shuffled,additive,0.5,32,0,191,0.025779789959966548,0.07257836778041556,0.31833333333333336,0.0,0.4568854826283053,0.3972204481663205,0.15044110389988008,0.04833011611363696,0.215,0.3075,0.5099588931707532,0.3644686286725611,0.14337492418348138,0.032728177298929274,0.2094240837696335,0.3193717277486911
43,600,10,64,0.4,0.0,oracle,additive,0.5,32,0,191,0.5979238630638363,0.6634515531713074,0.31833333333333336,0.0,0.6500599508268043,0.3257324133852688,0.1332401206561876,0.03714303600216285,0.755,0.6191666666666666,0.65871416505617,0.30745341148975697,0.12825993778320224,0.025892814959843913,0.612565445026178,0.6989528795811518
43,600,10,64,0.4,0.0,observed,additive,1.0,32,0,191,0.8649050168940159,0.8709658439217809,0.31833333333333336,0.0,0.8354311915793146,0.24696226878579997,0.11002702284473416,0.02345109688097109,0.9366666666666666,0.7516666666666667,0.7799293427221273,0.25804695087026497,0.11326775617305238,0.01973697681462824,0.806282722513089,0.9083769633507853
43,600,10,64,0.4,0.0,observed,concat,1.0,32,0,191,0.801248021454361,0.8407522607080345,0.31833333333333336,0.0,0.7785850937748783,0.2725856179516818,0.11786014634048694,0.027884665012666468,0.87,0.7,0.7451085915186388,0.2744604637941568,0.1184417185027023,0.021644140323485616,0.7801047120418848,0.8429319371727748
43,600,10,64,0.4,0.0,observed,same_pca_additive,1.0,32,0,191,0.7202179875532687,0.7676499711816711,0.31833333333333336,0.0,0.7171073672024487,0.29730809108830325,0.1252164860982505,0.03254619735106083,0.83,0.64,0.7066069555748431,0.2859914304758143,0.12183466667878332,0.02342411626359488,0.6858638743455497,0.7120418848167539
43,600,10,64,0.4,0.0,shuffled,additive,1.0,32,0,191,-0.0024017875193381626,0.02578191805782421,0.31833333333333336,0.0,0.41153977416646587,0.4054508210314604,0.15118303352596676,0.050995593388059264,0.12166666666666667,0.24833333333333332,0.45212995319404464,0.3760820159564031,0.14450432477467848,0.035817428085325696,0.08900523560209424,0.2356020942408377
43,600,10,64,0.4,0.0,oracle,additive,1.0,32,0,191,0.8569632225849331,0.8614254053714043,0.31833333333333336,0.0,0.8300153157996304,0.24938287936114997,0.11082278614830832,0.023821321248826365,0.9333333333333333,0.7491666666666666,0.7732563637249791,0.2611105069104943,0.11427488586069418,0.02012665329805856,0.806282722513089,0.900523560209424
43,600,10,64,0.4,0.0,observed,additive,2.0,32,0,191,0.9085029940500846,0.9120852235506471,0.31833333333333336,0.0,0.9079881546996635,0.18995279112627883,0.08796815147851002,0.013752774599873483,0.9583333333333334,0.785,0.8378271335346068,0.2282034246799552,0.10275440907066156,0.016053808255934943,0.8691099476439791,0.9502617801047121
43,600,10,64,0.4,0.0,observed,concat,2.0,32,0,191,0.9232935144572743,0.927877031851897,0.31833333333333336,0.0,0.9142611763167755,0.1847746279111429,0.0859803760742429,0.012899083625106555,0.965,0.7933333333333333,0.846534544794273,0.22487389819897602,0.10191281065758732,0.015598651384435154,0.8900523560209425,0.9554973821989529
43,600,10,64,0.4,0.0,observed,same_pca_additive,2.0,32,0,191,0.8834445322113603,0.8946906615810698,0.31833333333333336,0.0,0.8896984124608824,0.20774005091306375,0.09544026632838895,0.016833628504920983,0.9466666666666667,0.7308333333333333,0.8229690847625404,0.23391883286420861,0.10465951326986461,0.01690898958511049,0.8324607329842932,0.8769633507853403
43,600,10,64,0.4,0.0,shuffled,additive,2.0,32,0,191,-0.0021418489136973517,0.026432341694419402,0.31833333333333336,0.0,0.33832764790257236,0.4253485797566313,0.15382005477203045,0.059031172519225565,0.145,0.24583333333333332,0.34489139021977716,0.40860938606017194,0.15107242375572827,0.046373394405876206,0.09947643979057591,0.2356020942408377
43,600,10,64,0.4,0.0,oracle,additive,2.0,32,0,191,0.9058918075310192,0.9086512496070343,0.31833333333333336,0.0,0.9020995037361119,0.1942164117036057,0.08976068724060114,0.014383399302338666,0.9566666666666667,0.7766666666666666,0.8297577069170193,0.23275347210390787,0.10443456155008582,0.016619501927757307,0.8638743455497382,0.93717277486911
43,600,10,64,0.4,0.5,none,content_only,0.0,32,330,191,0.020725350488542616,0.06773295647392083,0.31833333333333336,0.0,0.4440274025982355,0.4043518495392532,0.1520500415195706,0.049442844686877305,0.205,0.28583333333333333,0.501869828117999,0.36983571516844926,0.14529333082901527,0.033754407481019155,0.193717277486911,0.2879581151832461
43,600,10,64,0.4,0.5,observed,additive,0.25,32,330,191,0.3166476415659616,0.40283396297765345,0.31833333333333336,0.0,0.5376435618338145,0.36904962744494496,0.14411230330048855,0.04387497050287861,0.52,0.49666666666666665,0.5713749791350721,0.3427194979682313,0.13798602303410495,0.02998365868238667,0.41361256544502617,0.5078534031413613
43,600,10,64,0.4,0.5,observed,concat,0.25,32,330,191,0.05666222292162156,0.11729127105885814,0.31833333333333336,0.0,0.4552544608683006,0.3994388529091776,0.15054277385895465,0.04854878787419869,0.255,0.3333333333333333,0.5013279366130752,0.3715044775713267,0.1452929475704827,0.0339404624857169,0.18848167539267016,0.32722513089005234
43,600,10,64,0.4,0.5,observed,same_pca_additive,0.25,32,330,191,0.2417730007225931,0.3306319856665714,0.31833333333333336,0.0,0.48912595867377984,0.38770497662246234,0.1486714171747038,0.04665440076306131,0.41833333333333333,0.45166666666666666,0.5382342607553386,0.35599769239551227,0.141713344197177,0.03150755100533293,0.32460732984293195,0.450261780104712
43,600,10,64,0.4,0.5,shuffled,additive,0.25,32,330,191,0.060711403175178244,0.11971730619277332,0.31833333333333336,0.0,0.4568424498601443,0.39922293033228334,0.15094026478371245,0.04857737440935009,0.25,0.30833333333333335,0.5087914668479397,0.36734201520447524,0.14446576415957682,0.03347092548452226,0.21465968586387435,0.3219895287958115
43,600,10,64,0.4,0.5,oracle,additive,0.25,32,330,191,0.4205332454640944,0.49987949615569727,0.31833333333333336,0.0,0.5542125565353911,0.3628795816127345,0.14286610296469435,0.0430098065692911,0.625,0.525,0.5907103220930257,0.3351210041407952,0.13614486220634806,0.029100253176592396,0.518324607329843,0.5523560209424084
43,600,10,64,0.4,0.5,observed,additive,0.5,32,330,191,0.35228753054962675,0.4312789309194699,0.31833333333333336,0.0,0.5880746764275276,0.3475572715359966,0.13828956660348418,0.04065740216634154,0.5516666666666666,0.5191666666666667,0.6088414294316522,0.3262164317033304,0.13296848658527377,0.02814896637487681,0.4607329842931937,0.5340314136125655
43,600,10,64,0.4,0.5,observed,concat,0.5,32,330,191,0.28543916790985263,0.3987837509565598,0.31833333333333336,0.0,0.5386311089807945,0.3681916202553643,0.14387844553863288,0.043908683555021276,0.5083333333333333,0.49416666666666664,0.5772626121089481,0.340279530073928,0.13729420394353,0.029750517170137346,0.42408376963350786,0.5209424083769634
43,600,10,64,0.4,0.5,observed,same_pca_additive,0.5,32,330,191,0.26740667767229387,0.3569689737403507,0.31833333333333336,0.0,0.5094969500630909,0.3802507696312535,0.14662233384099954,0.045471323645817845,0.465,0.45416666666666666,0.550682731833593,0.35136657220181045,0.14021657324165276,0.030925199793060618,0.3193717277486911,0.4293193717277487
43,600,10,64,0.4,0.5,shuffled,additive,0.5,32,330,191,0.030795846983182735,0.07787512248056537,0.31833333333333336,0.0,0.4634722009932911,0.39468454111056545,0.14984243566736669,0.04795746749070319,0.22833333333333333,0.3125,0.5138184189604369,0.3631894531782962,0.14301987877622066,0.03256917888213683,0.2094240837696335,0.306282722513089
43,600,10,64,0.4,0.5,oracle,additive,0.5,32,330,191,0.5979238630638363,0.6634515531713074,0.31833333333333336,0.0,0.6500599508268043,0.3257324133852688,0.1332401206561876,0.03714303600216285,0.755,0.6191666666666666,0.65871416505617,0.30745341148975697,0.12825993778320224,0.025892814959843913,0.612565445026178,0.6989528795811518
43,600,10,64,0.4,0.5,observed,additive,1.0,32,330,191,0.45374325092360873,0.5197696632068133,0.31833333333333336,0.0,0.7136572001532664,0.29140126892054447,0.12123279374125301,0.031068490969174373,0.685,0.61,0.688854409100999,0.2910618111150653,0.12139154306876633,0.023993116838139095,0.5759162303664922,0.6858638743455497
43,600,10,64,0.4,0.5,observed,concat,1.0,32,330,191,0.4724343858875701,0.5503055385357307,0.31833333333333336,0.0,0.6926303004215754,0.30314982186869843,0.12486009851846977,0.03319145181271457,0.6883333333333334,0.6091666666666666,0.6756462446082738,0.2983496632695455,0.12384211503397774,0.024844571544881133,0.6020942408376964,0.680628272251309
43,600,10,64,0.4,0.5,observed,same_pca_additive,1.0,32,330,191,0.33025767525036726,0.40618759098214435,0.31833333333333336,0.0,0.6111501947298736,0.33869593410894394,0.13535770485309326,0.038833414701662565,0.565,0.48833333333333334,0.6178107676163564,0.3220602807706863,0.13113199555318206,0.02764582024356915,0.42408376963350786,0.5157068062827225
43,600,10,64,0.4,0.5,shuffled,additive,1.0,32,330,191,0.0012099386455621689,0.0343410230429982,0.31833333333333336,0.0,0.41636365186173113,0.4042136071572353,0.1511244466315543,0.050796590725064636,0.14833333333333334,0.2675,0.4653433141513936,0.37190023280857376,0.14346629580856723,0.03514014909017482,0.1518324607329843,0.25654450261780104
43,600,10,64,0.4,0.5,oracle,additive,1.0,32,330,191,0.8569632225849331,0.8614254053714043,0.31833333333333336,0.0,0.8300153157996304,0.24938287936114997,0.11082278614830832,0.023821321248826365,0.9333333333333333,0.7491666666666666,0.7732563637249791,0.2611105069104943,0.11427488586069418,0.02012665329805856,0.806282722513089,0.900523560209424
43,600,10,64,0.4,0.5,observed,additive,2.0,32,330,191,0.46460824637054593,0.5288940704208874,0.31833333333333336,0.0,0.7383259925442281,0.2588926077341665,0.10744220120468956,0.02677088653428523,0.6883333333333334,0.605,0.6957637092957895,0.28100852712545377,0.11650558045939671,0.023524239003550666,0.5654450261780105,0.6701570680628273
43,600,10,64,0.4,0.5,observed,concat,2.0,32,330,191,0.46566454372110155,0.5308033431436737,0.31833333333333336,0.0,0.7325002186566111,0.2594102755826736,0.10681951147574455,0.027707418291949986,0.6833333333333333,0.61,0.705276969666075,0.27581817711548434,0.11497921203008099,0.023294015346555497,0.5968586387434555,0.6832460732984293
43,600,10,64,0.4,0.5,observed,same_pca_additive,2.0,32,330,191,0.4458405156303976,0.5103371561793592,0.31833333333333336,0.0,0.7345770160990349,0.2709887977479808,0.11326887694576411,0.028264641227542305,0.6833333333333333,0.58,0.6968416218576324,0.28218657465157093,0.11745243335332416,0.02337206684239969,0.5287958115183246,0.6518324607329843
43,600,10,64,0.4,0.5,shuffled,additive,2.0,32,330,191,-0.0018183564715866251,0.027267628690771296,0.31833333333333336,0.0,0.3418576889006214,0.42614919345219915,0.15393126741212645,0.059067422761459806,0.15333333333333332,0.23916666666666667,0.37126923049749483,0.39931300031257994,0.14800891453514842,0.044625149001417216,0.15706806282722513,0.24083769633507854
43,600,10,64,0.4,0.5,oracle,additive,2.0,32,330,191,0.9058918075310192,0.9086512496070343,0.31833333333333336,0.0,0.9020995037361119,0.1942164117036057,0.08976068724060114,0.014383399302338666,0.9566666666666667,0.7766666666666666,0.8297577069170193,0.23275347210390787,0.10443456155008582,0.016619501927757307,0.8638743455497382,0.93717277486911
43,600,10,64,0.4,1.0,none,content_only,0.0,32,443,191,0.020725350488542616,0.06773295647392083,0.31833333333333336,0.0,0.4440274025982355,0.4043518495392532,0.1520500415195706,0.049442844686877305,0.205,0.28583333333333333,0.501869828117999,0.36983571516844926,0.14529333082901527,0.033754407481019155,0.193717277486911,0.2879581151832461
43,600,10,64,0.4,1.0,observed,additive,0.25,32,443,191,0.2698011011175552,0.34231569139794304,0.31833333333333336,0.0,0.5267992027751845,0.37340342493196205,0.14524179497966772,0.044514522593334646,0.5216666666666666,0.47583333333333333,0.5614395700629009,0.3465727470443092,0.13903347109936323,0.030418826779473104,0.39790575916230364,0.4869109947643979
43,600,10,64,0.4,1.0,observed,concat,0.25,32,443,191,0.02612833591955538,0.08256653253706511,0.31833333333333336,0.0,0.43823510294329365,0.40714324388519335,0.1526777813056559,0.04994658439367428,0.19833333333333333,0.2758333333333333,0.4919721256754529,0.37490079664177206,0.14631575684750217,0.034737925811363264,0.17277486910994763,0.2879581151832461
43,600,10,64,0.4,1.0,observed,same_pca_additive,0.25,32,443,191,0.1499096523815443,0.2192154409974995,0.31833333333333336,0.0,0.4598548145135978,0.398998640284725,0.15129222523450234,0.04821273209354241,0.355,0.38083333333333336,0.5147807593329713,0.3658051342331428,0.1443494437830839,0.03255119987126409,0.31413612565445026,0.3900523560209424
43,600,10,64,0.4,1.0,shuffled,additive,0.25,32,443,191,0.038133820164941615,0.09612128000013756,0.31833333333333336,0.0,0.4469637880973936,0.40316639793067677,0.15179095874325832,0.049393209012845884,0.21,0.30916666666666665,0.5017249817934943,0.3694025442772154,0.14505311202349047,0.03341196473845474,0.193717277486911,0.3298429319371728
43,600,10,64,0.4,1.0,oracle,additive,0.25,32,443,191,0.4205332454640944,0.49987949615569727,0.31833333333333336,0.0,0.5542125565353911,0.3628795816127345,0.14286610296469435,0.0430098065692911,0.625,0.525,0.5907103220930257,0.3351210041407952,0.13614486220634806,0.029100253176592396,0.518324607329843,0.5523560209424084
43,600,10,64,0.4,1.0,observed,additive,0.5,32,443,191,0.29308195378832247,0.3753294951523377,0.31833333333333336,0.0,0.5813810555126506,0.3515872704449042,0.13930987840767337,0.041161313440836254,0.5516666666666666,0.515,0.5992331663579767,0.33072428655607616,0.13404313249065428,0.02857939228673277,0.42408376963350786,0.5523560209424084
43,600,10,64,0.4,1.0,observed,concat,0.5,32,443,191,0.18786160603337404,0.2916723489637628,0.31833333333333336,0.0,0.5099313102330953,0.37929608021450767,0.1464226498540863,0.0454415079137259,0.4166666666666667,0.4216666666666667,0.5485901442651739,0.3513911228202738,0.14002125543582886,0.030960447523599555,0.3089005235602094,0.42670157068062825
43,600,10,64,0.4,1.0,observed,same_pca_additive,0.5,32,443,191,0.13245608505084375,0.19495242811254299,0.31833333333333336,0.0,0.4597299199491069,0.3997057694967257,0.15130033133417756,0.04816962190844891,0.345,0.3675,0.5110226728893468,0.3680369995759799,0.14484010712363973,0.032685106517382864,0.28272251308900526,0.3507853403141361
43,600,10,64,0.4,1.0,shuffled,additive,0.5,32,443,191,0.016862628313508925,0.05769243156590835,0.31833333333333336,0.0,0.4545006365336468,0.3980898657225591,0.15043287664632457,0.04841214489847482,0.18333333333333332,0.31083333333333335,0.5011198068758282,0.3683041874817163,0.1442612097996529,0.03316747742178088,0.1518324607329843,0.2774869109947644
43,600,10,64,0.4,1.0,oracle,additive,0.5,32,443,191,0.5979238630638363,0.6634515531713074,0.31833333333333336,0.0,0.6500599508268043,0.3257324133852688,0.1332401206561876,0.03714303600216285,0.755,0.6191666666666666,0.65871416505617,0.30745341148975697,0.12825993778320224,0.025892814959843913,0.612565445026178,0.6989528795811518
43,600,10,64,0.4,1.0,observed,additive,1.0,32,443,191,0.30339416326332985,0.38674248050452675,0.31833333333333336,0.0,0.6341685572740666,0.3228482034014388,0.12929295255910334,0.03636211137446971,0.5433333333333333,0.48583333333333334,0.6221705080137749,0.3158455456019545,0.12721266556978042,0.027171392050857106,0.43455497382198954,0.5026178010471204
43,600,10,64,0.4,1.0,observed,concat,1.0,32,443,191,0.26210363393134584,0.34044098736770734,0.31833333333333336,0.0,0.5842064636851202,0.3446989820736781,0.13502868587630493,0.0399213762469731,0.495,0.44333333333333336,0.5874929258929471,0.3313184653253451,0.13155265763124105,0.02893408346677793,0.4083769633507853,0.4607329842931937
43,600,10,64,0.4,1.0,observed,same_pca_additive,1.0,32,443,191,0.21840447844761815,0.2916445985002965,0.31833333333333336,0.0,0.5583726489238461,0.35931251331422054,0.1406217312779234,0.04225206382237679,0.44,0.43916666666666665,0.5790141530757187,0.33757056609195873,0.13536789718031517,0.029418701380121492,0.3403141361256545,0.44502617801047123
43,600,10,64,0.4,1.0,shuffled,additive,1.0,32,443,191,0.003888413396353657,0.03853889075158402,0.31833333333333336,0.0,0.4102963623974937,0.4066961847595064,0.15170903449972778,0.05110041637854551,0.12666666666666668,0.26416666666666666,0.458949197522751,0.3772189701735411,0.1453981939750412,0.03556743173405989,0.12041884816753927,0.22774869109947643
43,600,10,64,0.4,1.0,oracle,additive,1.0,32,443,191,0.8569632225849331,0.8614254053714043,0.31833333333333336,0.0,0.8300153157996304,0.24938287936114997,0.11082278614830832,0.023821321248826365,0.9333333333333333,0.7491666666666666,0.7732563637249791,0.2611105069104943,0.11427488586069418,0.02012665329805856,0.806282722513089,0.900523560209424
43,600,10,64,0.4,1.0,observed,additive,2.0,32,443,191,0.2340771836190949,0.3472241738771391,0.31833333333333336,0.0,0.6042677016771923,0.31845120249011416,0.12455239493124233,0.03764646087921004,0.48833333333333334,0.4775,0.6005818427462455,0.3161456275948627,0.12555417428435928,0.028743712793636817,0.43455497382198954,0.47643979057591623
43,600,10,64,0.4,1.0,observed,concat,2.0,32,443,191,0.29440337791300447,0.3800071726894703,0.31833333333333336,0.0,0.6251228847709419,0.30909541801655893,0.12069073282921022,0.03637169287000746,0.55,0.4658333333333333,0.6037287586344984,0.3148056489239484,0.12511404717435787,0.029264564993638244,0.450261780104712,0.47643979057591623
43,600,10,64,0.4,1.0,observed,same_pca_additive,2.0,32,443,191,0.2720998628145444,0.3562563002683344,0.31833333333333336,0.0,0.6181617813939863,0.3201132179191449,0.12636573895081976,0.036748769923999246,0.5166666666666667,0.4675,0.610022971945891,0.31474085142320923,0.12509246014315376,0.02773486351298216,0.387434554973822,0.48429319371727747
43,600,10,64,0.4,1.0,shuffled,additive,2.0,32,443,191,0.002056708901425517,0.03624545868101159,0.31833333333333336,0.0,0.3530136292248885,0.4201505985945847,0.15276080000001507,0.05760810706259124,0.14833333333333334,0.255,0.37072603078165905,0.40208535727120437,0.1501367682110795,0.044002695095885995,0.12041884816753927,0.23821989528795812
43,600,10,64,0.4,1.0,oracle,additive,2.0,32,443,191,0.9058918075310192,0.9086512496070343,0.31833333333333336,0.0,0.9020995037361119,0.1942164117036057,0.08976068724060114,0.014383399302338666,0.9566666666666667,0.7766666666666666,0.8297577069170193,0.23275347210390787,0.10443456155008582,0.016619501927757307,0.8638743455497382,0.93717277486911
43,600,10,64,0.4,1.5,none,content_only,0.0,32,547,191,0.020725350488542616,0.06773295647392083,0.31833333333333336,0.0,0.4440274025982355,0.4043518495392532,0.1520500415195706,0.049442844686877305,0.205,0.28583333333333333,0.501869828117999,0.36983571516844926,0.14529333082901527,0.033754407481019155,0.193717277486911,0.2879581151832461
43,600,10,64,0.4,1.5,observed,additive,0.25,32,547,191,0.15929193911300346,0.24058990175265088,0.31833333333333336,0.0,0.49613327439362176,0.3847455718195686,0.1478371829580255,0.04628750543370559,0.4,0.4375,0.5409028419610148,0.3541375189155151,0.14111746248331536,0.031434454534347366,0.29842931937172773,0.4476439790575916
43,600,10,64,0.4,1.5,observed,concat,0.25,32,547,191,0.02605359471454348,0.07987634795358839,0.31833333333333336,0.0,0.4393327688607689,0.4066805959924918,0.15252176985703458,0.04991386891157104,0.17333333333333334,0.2891666666666667,0.48851080711584444,0.377144645158002,0.14653520615297708,0.03546159338218582,0.1518324607329843,0.29581151832460734
43,600,10,64,0.4,1.5,observed,same_pca_additive,0.25,32,547,191,0.08649000789342724,0.1421841650233161,0.31833333333333336,0.0,0.4294888639718135,0.4115254493666229,0.1540208405467285,0.04980028650726911,0.22333333333333333,0.3308333333333333,0.48864179968082017,0.3773675400208654,0.1474412795780158,0.03370185859864772,0.19895287958115182,0.32722513089005234
43,600,10,64,0.4,1.5,shuffled,additive,0.25,32,547,191,0.05094027584203139,0.1159792248852472,0.31833333333333336,0.0,0.44831539113270225,0.40255271414710136,0.15157950291325895,0.048944748064786554,0.23166666666666666,0.29833333333333334,0.49599816688399406,0.373312909332138,0.14604695032712692,0.03417857060669465,0.21465968586387435,0.29581151832460734
43,600,10,64,0.4,1.5,oracle,additive,0.25,32,547,191,0.4205332454640944,0.49987949615569727,0.31833333333333336,0.0,0.5542125565353911,0.3628795816127345,0.14286610296469435,0.0430098065692911,0.625,0.525,0.5907103220930257,0.3351210041407952,0.13614486220634806,0.029100253176592396,0.518324607329843,0.5523560209424084
43,600,10,64,0.4,1.5,observed,additive,0.5,32,547,191,0.17621430152050505,0.253595769842438,0.31833333333333336,0.0,0.5321454439358853,0.370384579641918,0.1436978569331924,0.043953795297502554,0.4266666666666667,0.42,0.5713359137648727,0.34222221754565224,0.13729629611736102,0.02992898831459524,0.3717277486910995,0.4607329842931937
43,600,10,64,0.4,1.5,observed,concat,0.5,32,547,191,0.07836495855079258,0.15759145127434082,0.31833333333333336,0.0,0.4584115224056671,0.3983831788596073,0.15054693890865892,0.0481351153433576,0.28833333333333333,0.3258333333333333,0.5088819202452923,0.36665491237784126,0.14397935275928592,0.03277683500132107,0.2670157068062827,0.337696335078534
43,600,10,64,0.4,1.5,observed,same_pca_additive,0.5,32,547,191,0.050469711605953566,0.094415547380898,0.31833333333333336,0.0,0.41838602860397317,0.41582746283895466,0.15496455814604895,0.050366974454183096,0.195,0.30666666666666664,0.47950195925909456,0.38088593223461475,0.14830205904953034,0.034097227947604815,0.193717277486911,0.31413612565445026
43,600,10,64,0.4,1.5,shuffled,additive,0.5,32,547,191,0.035283261174678636,0.08073371527363804,0.31833333333333336,0.0,0.4422121514392999,0.4040944646528795,0.15204823939962187,0.04907711573129715,0.22666666666666666,0.2891666666666667,0.4938880281498663,0.37109843777464735,0.1449095091363519,0.03347676807081506,0.1518324607329843,0.2879581151832461
43,600,10,64,0.4,1.5,oracle,additive,0.5,32,547,191,0.5979238630638363,0.6634515531713074,0.31833333333333336,0.0,0.6500599508268043,0.3257324133852688,0.1332401206561876,0.03714303600216285,0.755,0.6191666666666666,0.65871416505617,0.30745341148975697,0.12825993778320224,0.025892814959843913,0.612565445026178,0.6989528795811518
43,600,10,64,0.4,1.5,observed,additive,1.0,32,547,191,0.1308445647370666,0.2167179456904806,0.31833333333333336,0.0,0.5388908016095458,0.36026874208049026,0.13941360619261378,0.04274392780712608,0.375,0.3983333333333333,0.5811549683656504,0.33307649762207486,0.1329615282876777,0.02919132987124315,0.3507853403141361,0.4397905759162304
43,600,10,64,0.4,1.5,observed,concat,1.0,32,547,191,0.07822764650321308,0.17495129342682544,0.31833333333333336,0.0,0.4921628121052687,0.37990933297317026,0.14427144554210608,0.04575536066552913,0.32166666666666666,0.33166666666666667,0.5399075273659049,0.35039105458455605,0.13767812706493152,0.03125894255157457,0.31413612565445026,0.3612565445026178
43,600,10,64,0.4,1.5,observed,same_pca_additive,1.0,32,547,191,0.03202727567046577,0.06249551107521396,0.31833333333333336,0.0,0.4183860006118725,0.4158274747158181,0.15496455933881195,0.05036697611500351,0.18333333333333332,0.29833333333333334,0.4795019632501087,0.38088593215260097,0.14830205890800346,0.03409722775196534,0.18848167539267016,0.2931937172774869
43,600,10,64,0.4,1.5,shuffled,additive,1.0,32,547,191,0.0012600498992583144,0.03806602586112936,0.31833333333333336,0.0,0.41354524493775235,0.4096666767907969,0.15253500702175335,0.0508797058629677,0.15,0.25333333333333335,0.4703812496397176,0.37450625915165886,0.14433555277412538,0.03486317842938035,0.14136125654450263,0.2486910994764398
43,600,10,64,0.4,1.5,oracle,additive,1.0,32,547,191,0.8569632225849331,0.8614254053714043,0.31833333333333336,0.0,0.8300153157996304,0.24938287936114997,0.11082278614830832,0.023821321248826365,0.9333333333333333,0.7491666666666666,0.7732563637249791,0.2611105069104943,0.11427488586069418,0.02012665329805856,0.806282722513089,0.900523560209424
43,600,10,64,0.4,1.5,observed,additive,2.0,32,547,191,0.13845916925720123,0.23066972615300366,0.31833333333333336,0.0,0.5413211304801471,0.34676147875617563,0.13280066887828523,0.04260554385532911,0.41,0.4008333333333333,0.5784712012777844,0.326923757971922,0.12874716853270962,0.029841364631173123,0.387434554973822,0.4476439790575916
43,600,10,64,0.4,1.5,observed,concat,2.0,32,547,191,0.10977701438240617,0.19236061223724693,0.31833333333333336,0.0,0.4995880793261894,0.36578703503572174,0.1371133095094872,0.04615189760270655,0.375,0.3591666666666667,0.5522651388217836,0.3383609238268014,0.13165469458702236,0.03151834319746726,0.3717277486910995,0.4109947643979058
43,600,10,64,0.4,1.5,observed,same_pca_additive,2.0,32,547,191,0.0803753559355198,0.14617892612113018,0.31833333333333336,0.0,0.4903022367793549,0.3787876944553645,0.1430811667170222,0.04564439940249956,0.2816666666666667,0.3325,0.5341096916439235,0.3503033583713113,0.13668192410556038,0.03155134709610183,0.24083769633507854,0.32722513089005234
43,600,10,64,0.4,1.5,shuffled,additive,2.0,32,547,191,0.01273295798610871,0.046340019594151016,0.31833333333333336,0.0,0.3634533970519055,0.4239758690165788,0.1541992661322416,0.05615264538534386,0.165,0.24083333333333334,0.4095625600685902,0.3915505568484692,0.1464027572287265,0.04034074642189043,0.17277486910994763,0.2643979057591623
43,600,10,64,0.4,1.5,oracle,additive,2.0,32,547,191,0.9058918075310192,0.9086512496070343,0.31833333333333336,0.0,0.9020995037361119,0.1942164117036057,0.08976068724060114,0.014383399302338666,0.9566666666666667,0.7766666666666666,0.8297577069170193,0.23275347210390787,0.10443456155008582,0.016619501927757307,0.8638743455497382,0.93717277486911
43,600,10,64,0.4,2.0,none,content_only,0.0,32,574,191,0.020725350488542616,0.06773295647392083,0.31833333333333336,0.0,0.4440274025982355,0.4043518495392532,0.1520500415195706,0.049442844686877305,0.205,0.28583333333333333,0.501869828117999,0.36983571516844926,0.14529333082901527,0.033754407481019155,0.193717277486911,0.2879581151832461
43,600,10,64,0.4,2.0,observed,additive,0.25,32,574,191,0.09540467372630294,0.16515235477936266,0.31833333333333336,0.0,0.47705026067637807,0.39171535751973774,0.14921756072299336,0.047307853755576904,0.305,0.3591666666666667,0.5240106276592122,0.3626140054100803,0.1432797244955103,0.03254002439518022,0.2931937172774869,0.3743455497382199
43,600,10,64,0.4,2.0,observed,concat,0.25,32,574,191,0.024644150708896924,0.07243151620292482,0.31833333333333336,0.0,0.4467924179694825,0.40293513313949525,0.1513783642565819,0.049206339407750155,0.185,0.3025,0.498620254134405,0.3726719627663998,0.14580456034368122,0.03403346942454989,0.16230366492146597,0.306282722513089
43,600,10,64,0.4,2.0,observed,same_pca_additive,0.25,32,574,191,0.042381528952129516,0.07987756416237943,0.31833333333333336,0.0,0.4183871073153603,0.4158270500874477,0.15496447349060288,0.05036691972830423,0.18333333333333332,0.3016666666666667,0.47950282359704627,0.3808855835722072,0.14830197120742122,0.034097191434510635,0.17277486910994763,0.28272251308900526
43,600,10,64,0.4,2.0,shuffled,additive,0.25,32,574,191,0.03515538743196799,0.09212296253204864,0.31833333333333336,0.0,0.44708588984535574,0.40274999461613037,0.15168846392416563,0.04917828158214691,0.185,0.32083333333333336,0.5001813183482957,0.37067163672327863,0.1453165133598776,0.033632481047858015,0.15706806282722513,0.3219895287958115
43,600,10,64,0.4,2.0,oracle,additive,0.25,32,574,191,0.4205332454640944,0.49987949615569727,0.31833333333333336,0.0,0.5542125565353911,0.3628795816127345,0.14286610296469435,0.0430098065692911,0.625,0.525,0.5907103220930257,0.3351210041407952,0.13614486220634806,0.029100253176592396,0.518324607329843,0.5523560209424084
43,600,10,64,0.4,2.0,observed,additive,0.5,32,574,191,0.12275664337478961,0.19548011366399337,0.31833333333333336,0.0,0.48672437524783824,0.3873437310263311,0.1478943671948477,0.04650521514797804,0.3466666666666667,0.3675,0.5300743029833419,0.3582305446490877,0.14145961964221343,0.03182840988455562,0.2617801047120419,0.38481675392670156
43,600,10,64,0.4,2.0,observed,concat,0.5,32,574,191,0.04834156513931885,0.11939713125499216,0.31833333333333336,0.0,0.4357783046326957,0.4070950264025117,0.15270355734137925,0.049434729758326426,0.23666666666666666,0.2916666666666667,0.48671158820579213,0.3751288757985072,0.14605159741462106,0.0338413115949602,0.17277486910994763,0.2774869109947644
43,600,10,64,0.4,2.0,observed,same_pca_additive,0.5,32,574,191,0.04810942380329317,0.11251437047842404,0.31833333333333336,0.0,0.41838561014415565,0.41582761698413445,0.15496459006213079,0.05036699451312798,0.18833333333333332,0.3358333333333333,0.47950153515797117,0.38088609336376966,0.14830209785222928,0.03409724591432496,0.15706806282722513,0.31675392670157065
43,600,10,64,0.4,2.0,shuffled,additive,0.5,32,574,191,0.029302234631304283,0.07111800738021663,0.31833333333333336,0.0,0.44186401145804516,0.40418029691099605,0.15194457514199913,0.04912470961866688,0.20333333333333334,0.30333333333333334,0.49395406670103037,0.3715137739066733,0.144929506735824,0.03348334463566387,0.193717277486911,0.3089005235602094
43,600,10,64,0.4,2.0,oracle,additive,0.5,32,574,191,0.5979238630638363,0.6634515531713074,0.31833333333333336,0.0,0.6500599508268043,0.3257324133852688,0.1332401206561876,0.03714303600216285,0.755,0.6191666666666666,0.65871416505617,0.30745341148975697,0.12825993778320224,0.025892814959843913,0.612565445026178,0.6989528795811518
43,600,10,64,0.4,2.0,observed,additive,1.0,32,574,191,0.06386307176773406,0.1323611774296144,0.31833333333333336,0.0,0.4836053838938123,0.38253658633965953,0.1451487054581008,0.04623117343661433,0.27166666666666667,0.3433333333333333,0.5171068682592566,0.3587496060424047,0.13966093225298548,0.03239829924057209,0.23036649214659685,0.34293193717277487
43,600,10,64,0.4,2.0,observed,concat,1.0,32,574,191,0.03344552914484455,0.11403451951975282,0.31833333333333336,0.0,0.4608070112585054,0.3922473206038354,0.14745939869225977,0.047645036035456105,0.24166666666666667,0.28583333333333333,0.4951170664543112,0.36674252381528166,0.14173163067246547,0.03344081889651084,0.19895287958115182,0.2801047120418848
43,600,10,64,0.4,2.0,observed,same_pca_additive,1.0,32,574,191,0.039934369062541074,0.0898171379480822,0.31833333333333336,0.0,0.4183854074671642,0.4158276932627759,0.1549646051289131,0.05036700469393334,0.16166666666666665,0.2941666666666667,0.47950137043850394,0.38088616008416126,0.14830211372752294,0.034097252853402094,0.1256544502617801,0.306282722513089
43,600,10,64,0.4,2.0,shuffled,additive,1.0,32,574,191,0.004405142470856209,0.0438291696238751,0.31833333333333336,0.0,0.4160622511158324,0.4098650412640149,0.15254514185784884,0.05078205784031121,0.15666666666666668,0.25916666666666666,0.47490065321444624,0.3752072849022237,0.14494514506096948,0.034610338790809665,0.16753926701570682,0.2643979057591623
43,600,10,64,0.4,2.0,oracle,additive,1.0,32,574,191,0.8569632225849331,0.8614254053714043,0.31833333333333336,0.0,0.8300153157996304,0.24938287936114997,0.11082278614830832,0.023821321248826365,0.9333333333333333,0.7491666666666666,0.7732563637249791,0.2611105069104943,0.11427488586069418,0.02012665329805856,0.806282722513089,0.900523560209424
43,600,10,64,0.4,2.0,observed,additive,2.0,32,574,191,0.06359223907519546,0.1343745919961171,0.31833333333333336,0.0,0.48077350925417706,0.3724962072400187,0.1400504630949595,0.04695368848958094,0.30833333333333335,0.3491666666666667,0.49729236880840033,0.3581531446704551,0.13777442459095296,0.03453472477779069,0.2356020942408377,0.3324607329842932
43,600,10,64,0.4,2.0,observed,concat,2.0,32,574,191,0.04813018888708911,0.1174377963242093,0.31833333333333336,0.0,0.4521640282842777,0.386755937188865,0.14321056379770483,0.048991021658398304,0.27,0.3016666666666667,0.47402728802086824,0.36984731953237404,0.1407598803285398,0.035941574735149674,0.2198952879581152,0.29581151832460734
43,600,10,64,0.4,2.0,observed,same_pca_additive,2.0,32,574,191,0.030353194134502354,0.08536226109521726,0.31833333333333336,0.0,0.4492242290165956,0.3953327183983747,0.14808468076164638,0.048553683925311494,0.20333333333333334,0.27,0.4898780688490549,0.37032089796544876,0.14249030464822354,0.033902991110382405,0.193717277486911,0.2643979057591623
43,600,10,64,0.4,2.0,shuffled,additive,2.0,32,574,191,0.0039271795593717,0.039657344984024366,0.31833333333333336,0.0,0.36779277227612767,0.4219498264366985,0.15358507279673803,0.05611317062829357,0.14666666666666667,0.26,0.4124244514533666,0.39346429653173676,0.14728613756600833,0.04054309854175528,0.1256544502617801,0.25654450261780104
43,600,10,64,0.4,2.0,oracle,additive,2.0,32,574,191,0.9058918075310192,0.9086512496070343,0.31833333333333336,0.0,0.9020995037361119,0.1942164117036057,0.08976068724060114,0.014383399302338666,0.9566666666666667,0.7766666666666666,0.8297577069170193,0.23275347210390787,0.10443456155008582,0.016619501927757307,0.8638743455497382,0.93717277486911
44,600,10,64,0.05,0.0,none,content_only,0.0,32,0,196,0.578470490508008,0.6285739467270566,0.32666666666666666,0.0,0.6362800682642512,0.3324647633095222,0.1354286906302995,0.036936198438273476,0.7466666666666667,0.61,0.6278414596821401,0.3208833008138204,0.1323036639156089,0.027347331958528738,0.5918367346938775,0.625
44,600,10,64,0.05,0.0,observed,additive,0.25,32,0,196,0.8165348056544612,0.8290119724011629,0.32666666666666666,0.0,0.7620138264302301,0.28278573313331584,0.1216378961877339,0.028637573189341348,0.915,0.735,0.7171708160247717,0.2864251160220889,0.12242489581490444,0.023108198573371905,0.7755102040816326,0.8341836734693877
44,600,10,64,0.05,0.0,observed,concat,0.25,32,0,196,0.7410176472883556,0.7584641894552829,0.32666666666666666,0.0,0.6877479548664509,0.3140597631188147,0.13070032113042962,0.03389177790302766,0.8766666666666667,0.6933333333333334,0.6641645244541144,0.30763928830506054,0.12870531487960704,0.02570496709458167,0.7040816326530612,0.7551020408163265
44,600,10,64,0.05,0.0,observed,same_pca_additive,0.25,32,0,196,0.8169520053053247,0.8290956642333306,0.32666666666666666,0.0,0.7529680639434878,0.28703283095380255,0.12293246759180616,0.029414039926353653,0.915,0.7291666666666666,0.7136281166096451,0.2878070072940041,0.12284396333727224,0.023290070381487303,0.7806122448979592,0.8239795918367347
44,600,10,64,0.05,0.0,shuffled,additive,0.25,32,0,196,0.47819583389274734,0.546652377822231,0.32666666666666666,0.0,0.6110332134716491,0.34030970370554814,0.1372181084334144,0.03829325279677397,0.7033333333333334,0.5883333333333334,0.611010980110827,0.32666880932167247,0.13369146789175104,0.02808034491404843,0.5153061224489796,0.5943877551020408
44,600,10,64,0.05,0.0,oracle,additive,0.25,32,0,196,0.6924587464938475,0.7367849488203995,0.32666666666666666,0.0,0.7127333782649845,0.3010184159043073,0.12648270925257749,0.03155749972316782,0.805,0.6541666666666667,0.6822566867012927,0.2994518054994813,0.1260143989407521,0.024686000875940455,0.6581632653061225,0.7117346938775511
44,600,10,64,0.05,0.0,observed,additive,0.5,32,0,196,0.7386906334305956,0.7771933991027887,0.32666666666666666,0.0,0.7763034216612407,0.26929439510849423,0.11654099475293977,0.026499271916254164,0.8333333333333334,0.6908333333333333,0.73841291952801,0.2764264958200961,0.11878610270839235,0.02183106589058482,0.75,0.7780612244897959
44,600,10,64,0.05,0.0,observed,concat,0.5,32,0,196,0.8272469727520372,0.8386419956919473,0.32666666666666666,0.0,0.7531233255840241,0.28766219493219963,0.12325589930506874,0.029489580929243288,0.92,0.7408333333333333,0.7132812581327427,0.28851325778839193,0.12320773882136712,0.023356135031359228,0.7857142857142857,0.8392857142857143
44,600,10,64,0.05,0.0,observed,same_pca_additive,0.5,32,0,196,0.8727174554655523,0.882388319532271,0.32666666666666666,0.0,0.8156473301441451,0.25703600723932823,0.11349905380902993,0.024313105285778267,0.9416666666666667,0.7591666666666667,0.7627862438610409,0.26711574522516157,0.11642329443027,0.020725416695980277,0.8316326530612245,0.8673469387755102
44,600,10,64,0.05,0.0,shuffled,additive,0.5,32,0,196,0.23702747749428216,0.3157346903598243,0.32666666666666666,0.0,0.5701195942322799,0.35249252904106054,0.13989846803571432,0.04039262783240628,0.5283333333333333,0.5058333333333334,0.5807674325528235,0.33703866184631204,0.13615308428196288,0.02942058625865048,0.3622448979591837,0.4897959183673469
44,600,10,64,0.05,0.0,oracle,additive,0.5,32,0,196,0.8622227816402572,0.872828032286092,0.32666666666666666,0.0,0.822424899619428,0.2524187913884537,0.11191508446331354,0.02341380785944138,0.9366666666666666,0.7591666666666667,0.7622943888127103,0.2673409308786008,0.11651566507552291,0.020749346092268577,0.8163265306122449,0.8571428571428571
44,600,10,64,0.05,0.0,observed,additive,1.0,32,0,196,0.9049577994480978,0.9104688607448557,0.32666666666666666,0.0,0.8859413061036109,0.21027174006003957,0.09635281630195741,0.016355043225509264,0.9566666666666667,0.7858333333333334,0.8198109271663404,0.24046012087113391,0.10750554992555814,0.017370208606437405,0.8724489795918368,0.9081632653061225
44,600,10,64,0.05,0.0,observed,concat,1.0,32,0,196,0.8017083788882369,0.83500844220195,0.32666666666666666,0.0,0.8077569287042209,0.25144154625619647,0.11057961417981244,0.023444563152143775,0.875,0.7133333333333334,0.7644867920088592,0.2653500357696181,0.11549566714698484,0.020471208706897233,0.8214285714285714,0.8239795918367347
44,600,10,64,0.05,0.0,observed,same_pca_additive,1.0,32,0,196,0.9044142176800952,0.9099772806769713,0.32666666666666666,0.0,0.8802277972061457,0.21606400560930533,0.09873892130327128,0.01736253836684688,0.9566666666666667,0.775,0.817801284178002,0.24129467877470176,0.10776191888497459,0.017498531340941408,0.8724489795918368,0.8954081632653061
44,600,10,64,0.05,0.0,shuffled,additive,1.0,32,0,196,0.011363412711281787,0.054980030276408784,0.32666666666666666,0.0,0.4977139554619794,0.3696246471666649,0.14298025928420396,0.0440901427882892,0.17833333333333334,0.3875,0.5110541975862394,0.3533450386669133,0.13916781420048407,0.03268339550645748,0.1326530612244898,0.35714285714285715
44,600,10,64,0.05,0.0,oracle,additive,1.0,32,0,196,0.8935371694575566,0.8989800689750272,0.32666666666666666,0.0,0.8814306737766621,0.21298429981089007,0.09742827787605457,0.01675771896171527,0.9516666666666667,0.785,0.8132927222875418,0.24368295038116913,0.10866484339414424,0.017791160783889433,0.8571428571428571,0.8979591836734694
44,600,10,64,0.05,0.0,observed,additive,2.0,32,0,196,0.9350552832972147,0.9391226624380163,0.32666666666666666,0.0,0.9173201067626625,0.17687041810107804,0.08159499374714324,0.011302180433861365,0.97,0.8,0.8539634815632547,0.22133576890752737,0.1004576836279231,0.015006771743733856,0.9081632653061225,0.9260204081632653
44,600,10,64,0.05,0.0,observed,concat,2.0,32,0,196,0.9388244891766467,0.9408230593469259,0.32666666666666666,0.0,0.9175114498360498,0.17837928513394452,0.08259467502227756,0.011426589263315308,0.9716666666666667,0.8116666666666666,0.8543453428449794,0.2220525641374431,0.10097971972337749,0.015068834032417364,0.9132653061224489,0.9413265306122449
44,600,10,64,0.05,0.0,observed,same_pca_additive,2.0,32,0,196,0.9341755046384485,0.937952020715905,0.32666666666666666,0.0,0.9163336434238826,0.17938027485584743,0.08286087156368677,0.01166123153090141,0.97,0.7925,0.8546002508999594,0.22065536812282832,0.10012713329199759,0.014951862963640056,0.9081632653061225,0.9209183673469388
44,600,10,64,0.05,0.0,shuffled,additive,2.0,32,0,196,0.004901809432354444,0.04254081345336196,0.32666666666666666,0.0,0.3597893211608663,0.4128824488225345,0.15152626926863608,0.055507185269750875,0.13333333333333333,0.25333333333333335,0.37031997292238217,0.3975840468839451,0.1489098244839764,0.04333994899638999,0.10204081632653061,0.23214285714285715
44,600,10,64,0.05,0.0,oracle,additive,2.0,32,0,196,0.9230055055047841,0.9268505592795299,0.32666666666666666,0.0,0.9123820487082863,0.18127681793065278,0.0836262578353818,0.011902681737315051,0.965,0.8008333333333333,0.8455013487041816,0.2264166018836659,0.10249073510791944,0.01564057223233624,0.8928571428571429,0.923469387755102
44,600,10,64,0.05,0.5,none,content_only,0.0,32,312,196,0.578470490508008,0.6285739467270566,0.32666666666666666,0.0,0.6362800682642512,0.3324647633095222,0.1354286906302995,0.036936198438273476,0.7466666666666667,0.61,0.6278414596821401,0.3208833008138204,0.1323036639156089,0.027347331958528738,0.5918367346938775,0.625
44,600,10,64,0.05,0.5,observed,additive,0.25,32,312,196,0.7306147764163645,0.7535548728502776,0.32666666666666666,0.0,0.7371297025738325,0.2930281280441965,0.12448462409406318,0.03042370261451557,0.8716666666666667,0.725,0.7014467644271313,0.29268767861080763,0.12416757289189508,0.023896348479029016,0.7142857142857143,0.8035714285714286
44,600,10,64,0.05,0.5,observed,concat,0.25,32,312,196,0.6104650902597112,0.6583943572403361,0.32666666666666666,0.0,0.6422232686161723,0.3302599944338888,0.1346032425318185,0.03648852477886962,0.77,0.6183333333333333,0.6290218590204131,0.3210496467831446,0.1321838160302642,0.027291224302640974,0.6173469387755102,0.6326530612244898
44,600,10,64,0.05,0.5,observed,same_pca_additive,0.25,32,312,196,0.7315804664279718,0.7527370858696486,0.32666666666666666,0.0,0.7286671394780486,0.29690839566757,0.12567715354237252,0.031114785953057483,0.8716666666666667,0.7191666666666666,0.6972219027431672,0.2943826793252566,0.12470249799995067,0.024113604535731286,0.7091836734693877,0.7959183673469388
44,600,10,64,0.05,0.5,shuffled,additive,0.25,32,312,196,0.5173192925929933,0.5658717255951904,0.32666666666666666,0.0,0.6102147456431124,0.3415246108607455,0.13745120147011,0.03832192078330272,0.7166666666666667,0.57,0.6053510048475871,0.3295983518537646,0.13448911485177675,0.0283515423920502,0.5663265306122449,0.5688775510204082
44,600,10,64,0.05,0.5,oracle,additive,0.25,32,312,196,0.6924587464938475,0.7367849488203995,0.32666666666666666,0.0,0.7127333782649845,0.3010184159043073,0.12648270925257749,0.03155749972316782,0.805,0.6541666666666667,0.6822566867012927,0.2994518054994813,0.1260143989407521,0.024686000875940455,0.6581632653061225,0.7117346938775511
44,600,10,64,0.05,0.5,observed,additive,0.5,32,312,196,0.6218224829895054,0.6583558708517058,0.32666666666666666,0.0,0.7361657636615161,0.28589354955009216,0.12102864338669879,0.029370247788266152,0.7833333333333333,0.6733333333333333,0.7100551351845122,0.28711424915982897,0.12161188454974686,0.023244149749161155,0.6479591836734694,0.7423469387755102
44,600,10,64,0.05,0.5,observed,concat,0.5,32,312,196,0.7561785824009903,0.7733732735555849,0.32666666666666666,0.0,0.7167247872073369,0.30162681933054586,0.1269270644690746,0.031849405659357045,0.885,0.7166666666666667,0.6890139973830139,0.2980934321839676,0.1258432222940554,0.024539921462439412,0.7346938775510204,0.7933673469387755
44,600,10,64,0.05,0.5,observed,same_pca_additive,0.5,32,312,196,0.6361842603937561,0.6758097782028252,0.32666666666666666,0.0,0.7307427960776275,0.2909062646027147,0.1229376695702073,0.03018119459414499,0.7816666666666666,0.6825,0.70459891103323,0.28948414872024114,0.12244406227073035,0.023524622015256375,0.6530612244897959,0.7321428571428571
44,600,10,64,0.05,0.5,shuffled,additive,0.5,32,312,196,0.25435337235326405,0.32474628267961847,0.32666666666666666,0.0,0.588832595530623,0.34709162337514793,0.13859956170590562,0.03943677941969787,0.54,0.5225,0.5936671161452007,0.3315575035865959,0.13463729102504476,0.028818773136030637,0.3877551020408163,0.4846938775510204
44,600,10,64,0.05,0.5,oracle,additive,0.5,32,312,196,0.8622227816402572,0.872828032286092,0.32666666666666666,0.0,0.822424899619428,0.2524187913884537,0.11191508446331354,0.02341380785944138,0.9366666666666666,0.7591666666666667,0.7622943888127103,0.2673409308786008,0.11651566507552291,0.020749346092268577,0.8163265306122449,0.8571428571428571
44,600,10,64,0.05,0.5,observed,additive,1.0,32,312,196,0.4938956093243959,0.5383304922055548,0.32666666666666666,0.0,0.7660282628800129,0.2601534727067181,0.11041149851721926,0.025245695679407657,0.7,0.6758333333333333,0.745927037848378,0.268454439574946,0.11412254249389456,0.021020939774642936,0.6428571428571429,0.7448979591836735
44,600,10,64,0.05,0.5,observed,concat,1.0,32,312,196,0.5222475060257268,0.5854926545196217,0.32666666666666666,0.0,0.7293488560323993,0.28183053642721534,0.11794560336183049,0.028725700448492493,0.7116666666666667,0.6383333333333333,0.7129385440811165,0.28357234873337833,0.11951275786552847,0.02288985217361252,0.6683673469387755,0.7091836734693877
44,600,10,64,0.05,0.5,observed,same_pca_additive,1.0,32,312,196,0.6231791629110457,0.6421267351371357,0.32666666666666666,0.0,0.8077820655474032,0.24803723853761303,0.10802347065866187,0.02312086308870615,0.8133333333333334,0.7258333333333333,0.7712483444341465,0.25851497101356735,0.11160395399953407,0.019799757091403615,0.6836734693877551,0.798469387755102
44,600,10,64,0.05,0.5,shuffled,additive,1.0,32,312,196,0.027140561371825835,0.07866081825306603,0.32666666666666666,0.0,0.4771220555104418,0.38017241451848144,0.1456365055688579,0.04565733202161088,0.21666666666666667,0.37166666666666665,0.504307145994128,0.35753320784488246,0.14064301135097784,0.03311718186422154,0.20408163265306123,0.36989795918367346
44,600,10,64,0.05,0.5,oracle,additive,1.0,32,312,196,0.8935371694575566,0.8989800689750272,0.32666666666666666,0.0,0.8814306737766621,0.21298429981089007,0.09742827787605457,0.01675771896171527,0.9516666666666667,0.785,0.8132927222875418,0.24368295038116913,0.10866484339414424,0.017791160783889433,0.8571428571428571,0.8979591836734694
44,600,10,64,0.05,0.5,observed,additive,2.0,32,312,196,0.5193842031546432,0.5684237743984754,0.32666666666666666,0.0,0.754252885797521,0.24779715982615713,0.10277402149614337,0.024843356950729267,0.7116666666666667,0.6466666666666666,0.7480994036251352,0.2607150313332696,0.11041075653782702,0.020633707210485106,0.6836734693877551,0.7321428571428571
44,600,10,64,0.05,0.5,observed,concat,2.0,32,312,196,0.5056379196210365,0.568019353195353,0.32666666666666666,0.0,0.7357186040427972,0.25666408822740017,0.1051711321483388,0.026450612768554527,0.7016666666666667,0.6241666666666666,0.7292822109893397,0.26851916156470734,0.11288897875787231,0.021772566783310816,0.673469387755102,0.7219387755102041
44,600,10,64,0.05,0.5,observed,same_pca_additive,2.0,32,312,196,0.5034748967457582,0.5486852485542659,0.32666666666666666,0.0,0.7658489641183984,0.24543787067303613,0.10279487602002535,0.023948814690020203,0.715,0.6625,0.7585112675416926,0.2563666571918607,0.10881154070912251,0.020004911170023947,0.6887755102040817,0.7397959183673469
44,600,10,64,0.05,0.5,shuffled,additive,2.0,32,312,196,0.0026761623023957085,0.03595814158063034,0.32666666666666666,0.0,0.36537315662767544,0.41612315923959414,0.15210872668898665,0.05542182432835644,0.165,0.2683333333333333,0.3944651750746423,0.39216173976054736,0.14689770708799552,0.0425919693462652,0.17857142857142858,0.26785714285714285
44,600,10,64,0.05,0.5,oracle,additive,2.0,32,312,196,0.9230055055047841,0.9268505592795299,0.32666666666666666,0.0,0.9123820487082863,0.18127681793065278,0.0836262578353818,0.011902681737315051,0.965,0.8008333333333333,0.8455013487041816,0.2264166018836659,0.10249073510791944,0.01564057223233624,0.8928571428571429,0.923469387755102
44,600,10,64,0.05,1.0,none,content_only,0.0,32,472,196,0.578470490508008,0.6285739467270566,0.32666666666666666,0.0,0.6362800682642512,0.3324647633095222,0.1354286906302995,0.036936198438273476,0.7466666666666667,0.61,0.6278414596821401,0.3208833008138204,0.1323036639156089,0.027347331958528738,0.5918367346938775,0.625
44,600,10,64,0.05,1.0,observed,additive,0.25,32,472,196,0.7112033904221947,0.7289706517472951,0.32666666666666666,0.0,0.7144775651073496,0.3015849880277765,0.12679221628976012,0.03181544593385603,0.8616666666666667,0.7208333333333333,0.6790158834301342,0.30073000576145315,0.12635678476201057,0.024902349331641524,0.7040816326530612,0.7908163265306123
44,600,10,64,0.05,1.0,observed,concat,0.25,32,472,196,0.606077831820919,0.643460484483795,0.32666666666666666,0.0,0.644095586232898,0.32953514318574295,0.13463481087564966,0.0364011493314648,0.78,0.6183333333333333,0.6292539214034384,0.32027980876736073,0.13210712938012317,0.027290685513367708,0.6020408163265306,0.6301020408163265
44,600,10,64,0.05,1.0,observed,same_pca_additive,0.25,32,472,196,0.6118109828183552,0.6465346797749604,0.32666666666666666,0.0,0.6720533137400238,0.31749975493655286,0.13106621175929145,0.03447171347893962,0.7833333333333333,0.6491666666666667,0.6500188480969417,0.31158733503937985,0.12938127750438702,0.02626552345374146,0.6224489795918368,0.6785714285714286
44,600,10,64,0.05,1.0,shuffled,additive,0.25,32,472,196,0.492562875256127,0.5505466500424431,0.32666666666666666,0.0,0.6161983291201635,0.3386630860857576,0.13679003064925582,0.03802373074735837,0.665,0.5725,0.6138242129462488,0.325267263946772,0.13320643926202552,0.02794946183341345,0.49489795918367346,0.5867346938775511
44,600,10,64,0.05,1.0,oracle,additive,0.25,32,472,196,0.6924587464938475,0.7367849488203995,0.32666666666666666,0.0,0.7127333782649845,0.3010184159043073,0.12648270925257749,0.03155749972316782,0.805,0.6541666666666667,0.6822566867012927,0.2994518054994813,0.1260143989407521,0.024686000875940455,0.6581632653061225,0.7117346938775511
44,600,10,64,0.05,1.0,observed,additive,0.5,32,472,196,0.5275459696615421,0.5731199732238554,0.32666666666666666,0.0,0.7005148798535292,0.30094110480060576,0.12524518841045576,0.03181909834298618,0.7233333333333334,0.6683333333333333,0.6741234687861933,0.2998152254681879,0.1250349011677439,0.02486746593937937,0.5663265306122449,0.7040816326530612
44,600,10,64,0.05,1.0,observed,concat,0.5,32,472,196,0.5086080247608881,0.5729246654015012,0.32666666666666666,0.0,0.6539573393825837,0.32454120485226023,0.13268689314138699,0.03547717826164922,0.71,0.6258333333333334,0.6346741584394227,0.31771199776676506,0.13093482208115587,0.026939683485784502,0.5357142857142857,0.6505102040816326
44,600,10,64,0.05,1.0,observed,same_pca_additive,0.5,32,472,196,0.5405667565443373,0.5797547840659537,0.32666666666666666,0.0,0.6861569792647388,0.30931399042613367,0.1281497492382317,0.03317147226281303,0.75,0.6608333333333334,0.6622071321658097,0.30533446138176046,0.12703113776139732,0.025560918080919363,0.5969387755102041,0.673469387755102
44,600,10,64,0.05,1.0,shuffled,additive,0.5,32,472,196,0.22101832792838466,0.30913394678061906,0.32666666666666666,0.0,0.5622039115703472,0.35594612635568756,0.14063788385961046,0.040886100074766715,0.4866666666666667,0.4816666666666667,0.5736157670292349,0.33870075754381845,0.1363823693416429,0.029707570889338546,0.33163265306122447,0.46938775510204084
44,600,10,64,0.05,1.0,oracle,additive,0.5,32,472,196,0.8622227816402572,0.872828032286092,0.32666666666666666,0.0,0.822424899619428,0.2524187913884537,0.11191508446331354,0.02341380785944138,0.9366666666666666,0.7591666666666667,0.7622943888127103,0.2673409308786008,0.11651566507552291,0.020749346092268577,0.8163265306122449,0.8571428571428571
44,600,10,64,0.05,1.0,observed,additive,1.0,32,472,196,0.3028063248825564,0.38017644023034114,0.32666666666666666,0.0,0.659937348969521,0.30352957176659356,0.12247053190488627,0.03239236325542546,0.5433333333333333,0.5058333333333334,0.6327914214421716,0.30911910667529585,0.12532067451080853,0.026535607614723875,0.4387755102040816,0.5153061224489796
44,600,10,64,0.05,1.0,observed,concat,1.0,32,472,196,0.2690759950435328,0.3692988771576954,0.32666666666666666,0.0,0.6223874203325661,0.32285640736555477,0.12843108665096686,0.03544593247344565,0.49333333333333335,0.475,0.6097663508378106,0.31984534705362766,0.1289816711281954,0.02780568365507108,0.40816326530612246,0.4846938775510204
44,600,10,64,0.05,1.0,observed,same_pca_additive,1.0,32,472,196,0.31043590377774394,0.3686596371491703,0.32666666666666666,0.0,0.6798942369183453,0.3012372950456971,0.12343802129474758,0.03207740361876376,0.57,0.5791666666666667,0.6646959331799016,0.2985819267287441,0.12318954286830387,0.025047675648641195,0.4489795918367347,0.5790816326530612
44,600,10,64,0.05,1.0,shuffled,additive,1.0,32,472,196,0.018280925963513592,0.06567077912015935,0.32666666666666666,0.0,0.4751569868723732,0.37979463888291226,0.14523262463373435,0.04554797762534039,0.20666666666666667,0.3458333333333333,0.4936671126689798,0.3612476116018849,0.14112436140579465,0.033724214026542645,0.15816326530612246,0.3494897959183674
44,600,10,64,0.05,1.0,oracle,additive,1.0,32,472,196,0.8935371694575566,0.8989800689750272,0.32666666666666666,0.0,0.8814306737766621,0.21298429981089007,0.09742827787605457,0.01675771896171527,0.9516666666666667,0.785,0.8132927222875418,0.24368295038116913,0.10866484339414424,0.017791160783889433,0.8571428571428571,0.8979591836734694
44,600,10,64,0.05,1.0,observed,additive,2.0,32,472,196,0.2567004141790463,0.34732188050109003,0.32666666666666666,0.0,0.6222970511991224,0.3054937376565451,0.11942228924065375,0.03461211202190036,0.5083333333333333,0.47583333333333333,0.5927672839176429,0.3200240745660754,0.126919814195894,0.029626441318783277,0.39285714285714285,0.45918367346938777
44,600,10,64,0.05,1.0,observed,concat,2.0,32,472,196,0.23183793193769955,0.32641966549657175,0.32666666666666666,0.0,0.5984586548832754,0.31551377085267474,0.12174998662901028,0.036511315536896065,0.5,0.4633333333333333,0.5730383195996462,0.3286102143575072,0.12912772052362942,0.03089762535830854,0.3877551020408163,0.4642857142857143
44,600,10,64,0.05,1.0,observed,same_pca_additive,2.0,32,472,196,0.25631665057286124,0.3307295933717109,0.32666666666666666,0.0,0.641594928431108,0.30109849596175564,0.1193722489357876,0.03338414094089855,0.5133333333333333,0.5025,0.6276578301561799,0.30611388962571023,0.12317693347632469,0.027105165017883022,0.4336734693877551,0.5025510204081632
44,600,10,64,0.05,1.0,shuffled,additive,2.0,32,472,196,0.015726325629856767,0.05846612710878294,0.32666666666666666,0.0,0.37662141116873643,0.4117350135781478,0.15102712185836886,0.05460373351723232,0.185,0.2825,0.3945311013408249,0.39491247721064265,0.14740112402560937,0.04252967952582793,0.1683673469387755,0.2755102040816326
44,600,10,64,0.05,1.0,oracle,additive,2.0,32,472,196,0.9230055055047841,0.9268505592795299,0.32666666666666666,0.0,0.9123820487082863,0.18127681793065278,0.0836262578353818,0.011902681737315051,0.965,0.8008333333333333,0.8455013487041816,0.2264166018836659,0.10249073510791944,0.01564057223233624,0.8928571428571429,0.923469387755102
44,600,10,64,0.05,1.5,none,content_only,0.0,32,537,196,0.578470490508008,0.6285739467270566,0.32666666666666666,0.0,0.6362800682642512,0.3324647633095222,0.1354286906302995,0.036936198438273476,0.7466666666666667,0.61,0.6278414596821401,0.3208833008138204,0.1323036639156089,0.027347331958528738,0.5918367346938775,0.625
44,600,10,64,0.05,1.5,observed,additive,0.25,32,537,196,0.6927140548042962,0.7118478220317651,0.32666666666666666,0.0,0.6950668334311494,0.30990804540135997,0.12915125953461962,0.03323908881822588,0.85,0.6858333333333333,0.672263043560673,0.30387643741968845,0.12724598684735547,0.02521665718268102,0.6683673469387755,0.7219387755102041
44,600,10,64,0.05,1.5,observed,concat,0.25,32,537,196,0.7051636307081887,0.726920088378442,0.32666666666666666,0.0,0.6641381490462612,0.32302236828903036,0.13308716583512833,0.035366004963584156,0.8583333333333333,0.6725,0.6471817326464698,0.3140963785726817,0.13048663413541434,0.026484573018010077,0.6887755102040817,0.7142857142857143
44,600,10,64,0.05,1.5,observed,same_pca_additive,0.25,32,537,196,0.6773783392926929,0.6970637333571649,0.32666666666666666,0.0,0.6751658283491563,0.3184933670334521,0.13170246241288244,0.03470747917720862,0.8416666666666667,0.68,0.6601495068590334,0.3089888436149926,0.12888138690863526,0.02586361737757054,0.6428571428571429,0.7142857142857143
44,600,10,64,0.05,1.5,shuffled,additive,0.25,32,537,196,0.5103156452479067,0.5588984179190093,0.32666666666666666,0.0,0.62180474667168,0.3370540576697179,0.1364492129582185,0.037642424237102234,0.715,0.5733333333333334,0.6102903150399159,0.32702697593785757,0.13382123470179214,0.028138206073267266,0.5204081632653061,0.5739795918367347
44,600,10,64,0.05,1.5,oracle,additive,0.25,32,537,196,0.6924587464938475,0.7367849488203995,0.32666666666666666,0.0,0.7127333782649845,0.3010184159043073,0.12648270925257749,0.03155749972316782,0.805,0.6541666666666667,0.6822566867012927,0.2994518054994813,0.1260143989407521,0.024686000875940455,0.6581632653061225,0.7117346938775511
44,600,10,64,0.05,1.5,observed,additive,0.5,32,537,196,0.5079163112868467,0.5507895808342099,0.32666666666666666,0.0,0.6777572371010097,0.3124543769881096,0.12869705683638347,0.033623848774094724,0.715,0.6275,0.6656371442150374,0.30485641264686786,0.12670242584375255,0.0253084732018834,0.5612244897959183,0.6479591836734694
44,600,10,64,0.05,1.5,observed,concat,0.5,32,537,196,0.4787940390546684,0.5566912357751572,0.32666666666666666,0.0,0.6202564634949086,0.3378957870958774,0.1362983293206593,0.03777782629752246,0.6666666666666666,0.5941666666666666,0.6222095357777389,0.3229757747127366,0.1325557343605764,0.027567913735344805,0.5051020408163265,0.6096938775510204
44,600,10,64,0.05,1.5,observed,same_pca_additive,0.5,32,537,196,0.42234200094453594,0.48170424035946835,0.32666666666666666,0.0,0.6112727343416519,0.3415320941038082,0.137165567944194,0.038294438848551764,0.6366666666666667,0.5616666666666666,0.6194778076825863,0.3246002841706297,0.13288138029200344,0.027697219062167197,0.49489795918367346,0.5867346938775511
44,600,10,64,0.05,1.5,shuffled,additive,0.5,32,537,196,0.27444940426912334,0.34726834479881696,0.32666666666666666,0.0,0.587038227769701,0.3477994306109348,0.1387547628071012,0.03948354776800058,0.555,0.5208333333333334,0.585172305390547,0.33439916304968087,0.13521013994707679,0.029185984147708236,0.33163265306122447,0.4719387755102041
44,600,10,64,0.05,1.5,oracle,additive,0.5,32,537,196,0.8622227816402572,0.872828032286092,0.32666666666666666,0.0,0.822424899619428,0.2524187913884537,0.11191508446331354,0.02341380785944138,0.9366666666666666,0.7591666666666667,0.7622943888127103,0.2673409308786008,0.11651566507552291,0.020749346092268577,0.8163265306122449,0.8571428571428571
44,600,10,64,0.05,1.5,observed,additive,1.0,32,537,196,0.1924172328785149,0.2858563266160353,0.32666666666666666,0.0,0.6182776892923502,0.32209444486300204,0.12825200884409252,0.035708768269557246,0.46,0.47833333333333333,0.6232073968352525,0.3132361931438129,0.12681646155704557,0.02692253101577082,0.3979591836734694,0.4846938775510204
44,600,10,64,0.05,1.5,observed,concat,1.0,32,537,196,0.1660712236690948,0.26799584269090176,0.32666666666666666,0.0,0.5298654638985741,0.3627551752331387,0.1393038612209274,0.041831112270761216,0.4066666666666667,0.41583333333333333,0.5463475603174677,0.3470872297434679,0.1362432650356655,0.030953561056354665,0.336734693877551,0.40816326530612246
44,600,10,64,0.05,1.5,observed,same_pca_additive,1.0,32,537,196,0.13502295159021976,0.2132872471706713,0.32666666666666666,0.0,0.5262815598717333,0.3673267971882044,0.14203686665089826,0.042160592707098106,0.34,0.41,0.5534019474602712,0.34711659871541845,0.13785092270579027,0.03051519360591896,0.30612244897959184,0.4260204081632653
44,600,10,64,0.05,1.5,shuffled,additive,1.0,32,537,196,0.041945295250407105,0.09601256090847023,0.32666666666666666,0.0,0.47170133529423064,0.38340460396111115,0.14630640347331686,0.04594971650000892,0.275,0.345,0.48579104199001916,0.3640003988797216,0.1415707166243166,0.034073543604111044,0.16326530612244897,0.3239795918367347
44,600,10,64,0.05,1.5,oracle,additive,1.0,32,537,196,0.8935371694575566,0.8989800689750272,0.32666666666666666,0.0,0.8814306737766621,0.21298429981089007,0.09742827787605457,0.01675771896171527,0.9516666666666667,0.785,0.8132927222875418,0.24368295038116913,0.10866484339414424,0.017791160783889433,0.8571428571428571,0.8979591836734694
44,600,10,64,0.05,1.5,observed,additive,2.0,32,537,196,0.15144890787071563,0.25195432401959844,0.32666666666666666,0.0,0.5504499268123719,0.3382610888281813,0.1294328202445467,0.040461745950269856,0.405,0.4041666666666667,0.5634065913042262,0.32977349300187503,0.12934181845989476,0.03083684142534299,0.33163265306122447,0.43112244897959184
44,600,10,64,0.05,1.5,observed,concat,2.0,32,537,196,0.1397591847999179,0.2424789327602077,0.32666666666666666,0.0,0.5253543292070071,0.3491603677727616,0.13187439908458626,0.04276564505896235,0.4066666666666667,0.395,0.5338536681687558,0.34286009750992485,0.13256212372472886,0.03336694616569038,0.336734693877551,0.3903061224489796
44,600,10,64,0.05,1.5,observed,same_pca_additive,2.0,32,537,196,0.13557154165179316,0.2146536812251406,0.32666666666666666,0.0,0.5610991600853115,0.33696842337948074,0.13059640902040107,0.03916326042435095,0.41,0.4375,0.5694326912808535,0.32880268619252934,0.12966621586920438,0.029950106843069046,0.3520408163265306,0.44387755102040816
44,600,10,64,0.05,1.5,shuffled,additive,2.0,32,537,196,0.018364825508200955,0.06018214192806196,0.32666666666666666,0.0,0.3812817076145386,0.41419634808414646,0.15177212538560775,0.05379779546189684,0.185,0.2975,0.4170551728235307,0.3884618714978191,0.14525418064950602,0.04031227306002519,0.1377551020408163,0.2653061224489796
44,600,10,64,0.05,1.5,oracle,additive,2.0,32,537,196,0.9230055055047841,0.9268505592795299,0.32666666666666666,0.0,0.9123820487082863,0.18127681793065278,0.0836262578353818,0.011902681737315051,0.965,0.8008333333333333,0.8455013487041816,0.2264166018836659,0.10249073510791944,0.01564057223233624,0.8928571428571429,0.923469387755102
44,600,10,64,0.05,2.0,none,content_only,0.0,32,580,196,0.578470490508008,0.6285739467270566,0.32666666666666666,0.0,0.6362800682642512,0.3324647633095222,0.1354286906302995,0.036936198438273476,0.7466666666666667,0.61,0.6278414596821401,0.3208833008138204,0.1323036639156089,0.027347331958528738,0.5918367346938775,0.625
44,600,10,64,0.05,2.0,observed,additive,0.25,32,580,196,0.5811683591061437,0.627470361721386,0.32666666666666666,0.0,0.6527105029825568,0.32469316038635715,0.13297467400362864,0.03567288840917397,0.7583333333333333,0.6225,0.6388441610389846,0.31612666419841307,0.13070171923060664,0.026766485796282984,0.5816326530612245,0.6428571428571429
44,600,10,64,0.05,2.0,observed,concat,0.25,32,580,196,0.6872711959544954,0.7117903550834401,0.32666666666666666,0.0,0.6616296813757274,0.3239640508032291,0.1333324235552143,0.03550664706899289,0.8483333333333334,0.6683333333333333,0.644601381016886,0.31513976998699555,0.13079312643614155,0.026618017905588688,0.6836734693877551,0.7091836734693877
44,600,10,64,0.05,2.0,observed,same_pca_additive,0.25,32,580,196,0.5613904702831217,0.6145845978781905,0.32666666666666666,0.0,0.6101420454970924,0.34148454725050537,0.13756251144313578,0.03847173696115174,0.755,0.605,0.6100161556028236,0.3274649971026259,0.13401014332155659,0.028176870583680996,0.5867346938775511,0.5994897959183674
44,600,10,64,0.05,2.0,shuffled,additive,0.25,32,580,196,0.536626391827926,0.5911506545848277,0.32666666666666666,0.0,0.6215561785856196,0.337695701365773,0.13662782981711813,0.03777014463790135,0.7233333333333334,0.5891666666666666,0.6169141738366514,0.3251480530625107,0.13342594400091326,0.027860465045061775,0.5510204081632653,0.5892857142857143
44,600,10,64,0.05,2.0,oracle,additive,0.25,32,580,196,0.6924587464938475,0.7367849488203995,0.32666666666666666,0.0,0.7127333782649845,0.3010184159043073,0.12648270925257749,0.03155749972316782,0.805,0.6541666666666667,0.6822566867012927,0.2994518054994813,0.1260143989407521,0.024686000875940455,0.6581632653061225,0.7117346938775511
44,600,10,64,0.05,2.0,observed,additive,0.5,32,580,196,0.5168549404742849,0.5533816538820945,0.32666666666666666,0.0,0.6786226659535085,0.3126761092068212,0.12897493160561152,0.03376762615027602,0.745,0.65,0.6630114942030075,0.30572090578666083,0.12704745221092575,0.025474550936349948,0.576530612244898,0.6479591836734694
44,600,10,64,0.05,2.0,observed,concat,0.5,32,580,196,0.38641284863955105,0.48384096483497074,0.32666666666666666,0.0,0.6075758688783316,0.34222391842758193,0.1374575500295313,0.03839477383773184,0.605,0.565,0.601519855487658,0.3307594174039602,0.13473118430705888,0.028571106711067665,0.4336734693877551,0.5510204081632653
44,600,10,64,0.05,2.0,observed,same_pca_additive,0.5,32,580,196,0.1972569136196627,0.3034663048660624,0.32666666666666666,0.0,0.4891762449874028,0.3874198062361388,0.14844031257137022,0.04490384100288529,0.33166666666666667,0.385,0.5182745446930828,0.3649733440235672,0.14412202677000047,0.032312050764882874,0.22959183673469388,0.375
44,600,10,64,0.05,2.0,shuffled,additive,0.5,32,580,196,0.22801884296253883,0.31952020519365265,0.32666666666666666,0.0,0.555273497557391,0.3593168360929633,0.14152000462905887,0.041379389508080094,0.4583333333333333,0.4716666666666667,0.5680013234638237,0.3415910899931089,0.13739113516314558,0.030034413114960686,0.3163265306122449,0.44387755102040816
44,600,10,64,0.05,2.0,oracle,additive,0.5,32,580,196,0.8622227816402572,0.872828032286092,0.32666666666666666,0.0,0.822424899619428,0.2524187913884537,0.11191508446331354,0.02341380785944138,0.9366666666666666,0.7591666666666667,0.7622943888127103,0.2673409308786008,0.11651566507552291,0.020749346092268577,0.8163265306122449,0.8571428571428571
44,600,10,64,0.05,2.0,observed,additive,1.0,32,580,196,0.13923260412936905,0.24003795480828324,0.32666666666666666,0.0,0.5534342732230357,0.34909355167625145,0.1358707831421327,0.04006304851384722,0.38666666666666666,0.4033333333333333,0.563824275635542,0.33762013442594796,0.13381752039956687,0.02990297018897691,0.32653061224489793,0.3826530612244898
44,600,10,64,0.05,2.0,observed,concat,1.0,32,580,196,0.037882613377848755,0.11609401815853466,0.32666666666666666,0.0,0.46077190053557276,0.3906968364488746,0.14673080786083276,0.04610593268992858,0.23666666666666666,0.30583333333333335,0.500360327908605,0.36583553981259564,0.14147816640901734,0.033071868876360495,0.22448979591836735,0.30357142857142855
44,600,10,64,0.05,2.0,observed,same_pca_additive,1.0,32,580,196,0.07923391778916777,0.14229000503935507,0.32666666666666666,0.0,0.44476193115709683,0.40254219696307186,0.15173391045397946,0.04717321488619649,0.23666666666666666,0.33666666666666667,0.4871555923373237,0.37623059843358836,0.1469510268362683,0.03367696002765709,0.21428571428571427,0.32908163265306123
44,600,10,64,0.05,2.0,shuffled,additive,1.0,32,580,196,0.04740424216017866,0.1090291780080988,0.32666666666666666,0.0,0.43553006583173876,0.40106895599265624,0.15032329129089406,0.04812007024152488,0.20666666666666667,0.325,0.47288467268347595,0.37382352991529544,0.14412475905623026,0.03458349458137082,0.14285714285714285,0.32653061224489793
44,600,10,64,0.05,2.0,oracle,additive,1.0,32,580,196,0.8935371694575566,0.8989800689750272,0.32666666666666666,0.0,0.8814306737766621,0.21298429981089007,0.09742827787605457,0.01675771896171527,0.9516666666666667,0.785,0.8132927222875418,0.24368295038116913,0.10866484339414424,0.017791160783889433,0.8571428571428571,0.8979591836734694
44,600,10,64,0.05,2.0,observed,additive,2.0,32,580,196,0.130021299606676,0.23221998825653706,0.32666666666666666,0.0,0.49948737616171607,0.3631611293856006,0.1368778731438563,0.044045379913490744,0.38333333333333336,0.3725,0.5163754188528001,0.3525139555341636,0.13600784890657386,0.03317346938334404,0.336734693877551,0.33418367346938777
44,600,10,64,0.05,2.0,observed,concat,2.0,32,580,196,0.08102629642408432,0.16695047074782193,0.32666666666666666,0.0,0.4503570904312506,0.38585339483363046,0.14219462127694768,0.048438607778164014,0.3016666666666667,0.33916666666666667,0.48860489474803454,0.3629977595427789,0.138089223742421,0.035670822570021576,0.2857142857142857,0.33163265306122447
44,600,10,64,0.05,2.0,observed,same_pca_additive,2.0,32,580,196,0.07837783593939421,0.1592537578628677,0.32666666666666666,0.0,0.4863553678491212,0.3743728914518674,0.14184550983230376,0.044318429234047114,0.31,0.38666666666666666,0.5098163563833029,0.3582085476003682,0.13897838570213944,0.03284474385490353,0.2602040816326531,0.375
44,600,10,64,0.05,2.0,shuffled,additive,2.0,32,580,196,0.026735077939328496,0.07029405078963216,0.32666666666666666,0.0,0.384480009404991,0.41628250294193747,0.15251014231496543,0.05316466392496371,0.20333333333333334,0.2733333333333333,0.4184438283456984,0.3905861937235909,0.14611080170581228,0.03990232912239907,0.16326530612244897,0.2602040816326531
44,600,10,64,0.05,2.0,oracle,additive,2.0,32,580,196,0.9230055055047841,0.9268505592795299,0.32666666666666666,0.0,0.9123820487082863,0.18127681793065278,0.0836262578353818,0.011902681737315051,0.965,0.8008333333333333,0.8455013487041816,0.2264166018836659,0.10249073510791944,0.01564057223233624,0.8928571428571429,0.923469387755102
44,600,10,64,0.1,0.0,none,content_only,0.0,32,0,196,0.5383439580683859,0.5912072518660144,0.32666666666666666,0.0,0.6030995690061554,0.34515868726414434,0.13866532411095686,0.0389495593412289,0.7166666666666667,0.6033333333333334,0.6092342565628661,0.3289996006190331,0.13453245725688134,0.02823501316969829,0.5816326530612245,0.6301020408163265
44,600,10,64,0.1,0.0,observed,additive,0.25,32,0,196,0.6877936914652372,0.733207695523823,0.32666666666666666,0.0,0.6995697670045512,0.3070271124110292,0.12830353704470787,0.03271691361393194,0.815,0.6533333333333333,0.6730661214100627,0.30338102642801673,0.12717628451044355,0.025201589471365728,0.6683673469387755,0.7193877551020408
44,600,10,64,0.1,0.0,observed,concat,0.25,32,0,196,0.6176408945102301,0.6576978810832309,0.32666666666666666,0.0,0.634044034944803,0.33371592787091525,0.1357865890856217,0.03713183643480271,0.7766666666666666,0.625,0.628461557326965,0.32123975726285064,0.1324454143361715,0.027360392709209456,0.6020408163265306,0.6530612244897959
44,600,10,64,0.1,0.0,observed,same_pca_additive,0.25,32,0,196,0.6743326651309076,0.714729804855215,0.32666666666666666,0.0,0.6829630260952331,0.31391167627014455,0.13005591292621702,0.03388451335781592,0.805,0.6533333333333333,0.6627446735226741,0.307844839776374,0.1283683033666972,0.025703361886669163,0.6632653061224489,0.7066326530612245
44,600,10,64,0.1,0.0,shuffled,additive,0.25,32,0,196,0.4039377334668568,0.47447583864771364,0.32666666666666666,0.0,0.5810832655338927,0.3516948110002092,0.14014648988126924,0.04006455649202836,0.64,0.5625,0.593384197343225,0.3345425740073764,0.1359229561636011,0.028930633731660892,0.47959183673469385,0.5714285714285714
44,600,10,64,0.1,0.0,oracle,additive,0.25,32,0,196,0.680416349534272,0.7256986009938026,0.32666666666666666,0.0,0.6975250058335536,0.3077305557425831,0.12849598892445913,0.032808546243090965,0.81,0.6508333333333334,0.670092192932234,0.30449566238796594,0.1274996612736361,0.025345383684220187,0.6632653061224489,0.7091836734693877
44,600,10,64,0.1,0.0,observed,additive,0.5,32,0,196,0.8548246761306117,0.8640810052940794,0.32666666666666666,0.0,0.8084038134559002,0.26105808951999376,0.11485331224137398,0.024963508688904013,0.9333333333333333,0.7558333333333334,0.7556633005840334,0.270698880726624,0.11761980829795532,0.021145061548919798,0.8112244897959183,0.8698979591836735
44,600,10,64,0.1,0.0,observed,concat,0.5,32,0,196,0.7384306361694682,0.7886558453878624,0.32666666666666666,0.0,0.6920210637341015,0.3109559981588049,0.12963737992389554,0.03339535272835709,0.8133333333333334,0.655,0.6679453202029235,0.3059544458590567,0.12803540997085344,0.025484913696325724,0.7346938775510204,0.7117346938775511
44,600,10,64,0.1,0.0,observed,same_pca_additive,0.5,32,0,196,0.6126336040170903,0.6911637351050517,0.32666666666666666,0.0,0.7039925878083871,0.3004561325202198,0.1258704756709231,0.03198042425034787,0.755,0.6525,0.689943459076341,0.29418001812490036,0.12423729867923675,0.02423090744037742,0.6275510204081632,0.7142857142857143
44,600,10,64,0.1,0.0,shuffled,additive,0.5,32,0,196,0.16374690969580635,0.24225520264330616,0.32666666666666666,0.0,0.534648282268234,0.36648043978816836,0.14336511330487975,0.04245664762000046,0.43333333333333335,0.43083333333333335,0.552909785181158,0.34794516122391594,0.13906937144611795,0.030697451349348568,0.32142857142857145,0.40816326530612246
44,600,10,64,0.1,0.0,oracle,additive,0.5,32,0,196,0.8581615086998075,0.8670831597470183,0.32666666666666666,0.0,0.8050407544454482,0.26224644421485394,0.1152137346385213,0.025128317721030774,0.935,0.7608333333333334,0.751083009835331,0.27254074458644856,0.11820203826786636,0.021387418098399332,0.8163265306122449,0.8673469387755102
44,600,10,64,0.1,0.0,observed,additive,1.0,32,0,196,0.8982783114332141,0.9045705956047001,0.32666666666666666,0.0,0.8786086967117217,0.21705565090106446,0.09911799874409613,0.01747576852096111,0.9533333333333334,0.7841666666666667,0.8140020236224524,0.24366755877859617,0.10864929901272398,0.01776262087088146,0.8622448979591837,0.9107142857142857
44,600,10,64,0.1,0.0,observed,concat,1.0,32,0,196,0.9277492395198917,0.9317414760450241,0.32666666666666666,0.0,0.8530517264688203,0.23762272166137924,0.10716939665943796,0.020930344121809576,0.9666666666666667,0.7908333333333334,0.7942699792340226,0.2545760068882446,0.11272519113888627,0.01910782721491706,0.8979591836734694,0.9209183673469388
44,600,10,64,0.1,0.0,observed,same_pca_additive,1.0,32,0,196,0.8906248019322027,0.8967505092500326,0.32666666666666666,0.0,0.8693558115448242,0.22504017601305923,0.10223721577415593,0.018902818169435443,0.95,0.7741666666666667,0.8101636618511152,0.24531639446762238,0.10918211738646608,0.017994743935310288,0.8520408163265306,0.9005102040816326
44,600,10,64,0.1,0.0,shuffled,additive,1.0,32,0,196,0.0097605042865196,0.051909861051027475,0.32666666666666666,0.0,0.48424304063342904,0.37519685708427525,0.14433700517267356,0.04492362765529515,0.16333333333333333,0.3641666666666667,0.5008556666061218,0.3577591438264442,0.14037063915263093,0.033195106653661155,0.12244897959183673,0.3392857142857143
44,600,10,64,0.1,0.0,oracle,additive,1.0,32,0,196,0.7319265646819831,0.7998542196154124,0.32666666666666666,0.0,0.8097010945457696,0.24492671279751244,0.10746959628341875,0.0224072727647033,0.8233333333333334,0.7108333333333333,0.7630440051623325,0.26288153907213946,0.11420803578374956,0.020305091173313177,0.7193877551020408,0.7882653061224489
44,600,10,64,0.1,0.0,observed,additive,2.0,32,0,196,0.93144067035119,0.9354495337950846,0.32666666666666666,0.0,0.915491561309523,0.1799730676021338,0.08312814046403276,0.011719598358788252,0.9683333333333334,0.7983333333333333,0.8519852054394935,0.2226774406929367,0.10097733571070686,0.015164547417447246,0.9030612244897959,0.923469387755102
44,600,10,64,0.1,0.0,observed,concat,2.0,32,0,196,0.942102853255148,0.9434456876593078,0.32666666666666666,0.0,0.9159870285914357,0.1809076566144361,0.08384177498517179,0.011778508628723722,0.9733333333333334,0.8108333333333333,0.8527495647260708,0.22316877392625814,0.10142746246315953,0.015201361253648009,0.9183673469387755,0.9413265306122449
44,600,10,64,0.1,0.0,observed,same_pca_additive,2.0,32,0,196,0.9307420905625831,0.9353103260567096,0.32666666666666666,0.0,0.9133317650298565,0.18405312613377034,0.08510392284060513,0.012335097183171148,0.9683333333333334,0.7875,0.8518012752886074,0.22235804920928737,0.10076227966732312,0.015158440300205854,0.9030612244897959,0.9183673469387755
44,600,10,64,0.1,0.0,shuffled,additive,2.0,32,0,196,0.004392353624322176,0.04150456706751582,0.32666666666666666,0.0,0.35655507642900186,0.41818446828353684,0.1524294314548084,0.05615727922485645,0.16,0.25083333333333335,0.37470078931787654,0.3983849397609785,0.14885256516566336,0.04309525123753527,0.12755102040816327,0.2423469387755102
44,600,10,64,0.1,0.0,oracle,additive,2.0,32,0,196,0.9231759674061698,0.9265220746907225,0.32666666666666666,0.0,0.9102950057167258,0.18432046283347348,0.08505646093693578,0.0123344246979754,0.965,0.8016666666666666,0.8433095213124782,0.227730958342797,0.10296238740880455,0.01579636824620742,0.8928571428571429,0.9260204081632653
44,600,10,64,0.1,0.5,none,content_only,0.0,32,312,196,0.5383439580683859,0.5912072518660144,0.32666666666666666,0.0,0.6030995690061554,0.34515868726414434,0.13866532411095686,0.0389495593412289,0.7166666666666667,0.6033333333333334,0.6092342565628661,0.3289996006190331,0.13453245725688134,0.02823501316969829,0.5816326530612245,0.6301020408163265
44,600,10,64,0.1,0.5,observed,additive,0.25,32,312,196,0.5762446853269381,0.6324454108676725,0.32666666666666666,0.0,0.674298310467055,0.31680262118153707,0.13084073890914966,0.03436684816108471,0.745,0.6408333333333334,0.6566919591152995,0.3097918310327289,0.12887947473887199,0.025998392976608317,0.5969387755102041,0.6913265306122449
44,600,10,64,0.1,0.5,observed,concat,0.25,32,312,196,0.5721341067843377,0.6192102312208413,0.32666666666666666,0.0,0.6265107103023854,0.33662897617456833,0.13654074431511212,0.03761672410004744,0.7516666666666667,0.62,0.6243084639478943,0.32267574289230333,0.1328783385601689,0.027544135304540227,0.5663265306122449,0.6454081632653061
44,600,10,64,0.1,0.5,observed,same_pca_additive,0.25,32,312,196,0.5884273399458877,0.6363913357113117,0.32666666666666666,0.0,0.6644612688513819,0.321194762251718,0.1321487588477147,0.03512870677453588,0.7633333333333333,0.6341666666666667,0.6516699537624446,0.31183919600424487,0.12954951433979253,0.02625579723315941,0.5969387755102041,0.6785714285714286
44,600,10,64,0.1,0.5,shuffled,additive,0.25,32,312,196,0.42219937339975805,0.48798146739175163,0.32666666666666666,0.0,0.5938759899021585,0.3478783969710874,0.13925922421288972,0.03943057204757397,0.6483333333333333,0.5683333333333334,0.5996840824674347,0.33167888904735454,0.1351443242576232,0.028635706432553285,0.4744897959183674,0.5663265306122449
44,600,10,64,0.1,0.5,oracle,additive,0.25,32,312,196,0.680416349534272,0.7256986009938026,0.32666666666666666,0.0,0.6975250058335536,0.3077305557425831,0.12849598892445913,0.032808546243090965,0.81,0.6508333333333334,0.670092192932234,0.30449566238796594,0.1274996612736361,0.025345383684220187,0.6632653061224489,0.7091836734693877
44,600,10,64,0.1,0.5,observed,additive,0.5,32,312,196,0.6926592960798367,0.7086045643460882,0.32666666666666666,0.0,0.7614899863731178,0.2797158053458156,0.11983773794933476,0.02822618826151545,0.8516666666666667,0.7233333333333334,0.7266309680882989,0.2818580415296545,0.12040118710724382,0.022558019923811786,0.7142857142857143,0.798469387755102
44,600,10,64,0.1,0.5,observed,concat,0.5,32,312,196,0.6042713640593684,0.6740011271719996,0.32666666666666666,0.0,0.657043574619901,0.3241122058281679,0.13275943144500696,0.03551308744626812,0.7566666666666667,0.6408333333333334,0.6470255289749145,0.31412167932276824,0.13019527511534043,0.0265337125785005,0.6275510204081632,0.6964285714285714
44,600,10,64,0.1,0.5,observed,same_pca_additive,0.5,32,312,196,0.6970685201189578,0.7119436813273504,0.32666666666666666,0.0,0.7465321126075719,0.28793591178670336,0.12258806946682792,0.029701953548109648,0.8533333333333334,0.7191666666666666,0.7192599140738538,0.28508951959658313,0.12153709537635736,0.022971703427442116,0.7091836734693877,0.7959183673469388
44,600,10,64,0.1,0.5,shuffled,additive,0.5,32,312,196,0.21647969468995118,0.28612312174086474,0.32666666666666666,0.0,0.5661565166660606,0.35578559921609576,0.1407504579290636,0.040770644143979545,0.505,0.4891666666666667,0.57815498712953,0.3377324229717733,0.1362076489912834,0.02951974823731541,0.35714285714285715,0.45408163265306123
44,600,10,64,0.1,0.5,oracle,additive,0.5,32,312,196,0.8581615086998075,0.8670831597470183,0.32666666666666666,0.0,0.8050407544454482,0.26224644421485394,0.1152137346385213,0.025128317721030774,0.935,0.7608333333333334,0.751083009835331,0.27254074458644856,0.11820203826786636,0.021387418098399332,0.8163265306122449,0.8673469387755102
44,600,10,64,0.1,0.5,observed,additive,1.0,32,312,196,0.4916416347226561,0.5384046725635355,0.32666666666666666,0.0,0.7571319941810944,0.26632352969252004,0.11267169122299564,0.02623090976556485,0.6983333333333334,0.6658333333333334,0.7396607128749602,0.2716541563086155,0.11518834052894589,0.02138789278204921,0.6428571428571429,0.7346938775510204
44,600,10,64,0.1,0.5,observed,concat,1.0,32,312,196,0.49214600577784684,0.5671865524594233,0.32666666666666666,0.0,0.7244311786912996,0.2852142579924486,0.11911214063108673,0.029137821873517312,0.7066666666666667,0.6358333333333334,0.7021779398282331,0.2882998258227142,0.1208197069719878,0.023439836246408927,0.6377551020408163,0.6989795918367347
44,600,10,64,0.1,0.5,observed,same_pca_additive,1.0,32,312,196,0.6326241011979296,0.6486600248142169,0.32666666666666666,0.0,0.7945618007297398,0.2569816739059309,0.11125857762831629,0.024601474837568606,0.8183333333333334,0.7175,0.7626624336601008,0.26304473847572013,0.11317429206735773,0.020330563357496678,0.6989795918367347,0.7959183673469388
44,600,10,64,0.1,0.5,shuffled,additive,1.0,32,312,196,0.012922255216042934,0.05291532040115192,0.32666666666666666,0.0,0.4739814798154826,0.38048912903798404,0.14576793685342274,0.045726958036514095,0.19166666666666668,0.38416666666666666,0.4958147923878416,0.3595778832546052,0.14091779015203781,0.03357050897552407,0.17346938775510204,0.35459183673469385
44,600,10,64,0.1,0.5,oracle,additive,1.0,32,312,196,0.7319265646819831,0.7998542196154124,0.32666666666666666,0.0,0.8097010945457696,0.24492671279751244,0.10746959628341875,0.0224072727647033,0.8233333333333334,0.7108333333333333,0.7630440051623325,0.26288153907213946,0.11420803578374956,0.020305091173313177,0.7193877551020408,0.7882653061224489
44,600,10,64,0.1,0.5,observed,additive,2.0,32,312,196,0.508414701578125,0.5742414340651374,0.32666666666666666,0.0,0.7541414801525593,0.2501669446388232,0.10406754390598712,0.025078983837969204,0.7133333333333334,0.6525,0.7394731297110754,0.26462529665101664,0.11171124626339986,0.021118795712050758,0.6581632653061225,0.7142857142857143
44,600,10,64,0.1,0.5,observed,concat,2.0,32,312,196,0.5112947036737364,0.5696789043457151,0.32666666666666666,0.0,0.7389746764005451,0.25636658441407256,0.10550737283579292,0.02632027087072197,0.7083333333333334,0.6225,0.7162194325440127,0.27371533864825204,0.11485865114508156,0.022502398020569817,0.6581632653061225,0.6913265306122449
44,600,10,64,0.1,0.5,observed,same_pca_additive,2.0,32,312,196,0.5439545698354303,0.5895505673581197,0.32666666666666666,0.0,0.7674602968866349,0.24807622169758484,0.10444958291235631,0.024050528052302525,0.7283333333333334,0.6483333333333333,0.7544606661560029,0.25878004109821784,0.1100383520503903,0.020268241448965055,0.7142857142857143,0.7295918367346939
44,600,10,64,0.1,0.5,shuffled,additive,2.0,32,312,196,0.0025831746952842574,0.035439110234615455,0.32666666666666666,0.0,0.36007042168818115,0.41729724580827127,0.15285090865056036,0.05602331383860232,0.15,0.2683333333333333,0.3976005502140709,0.38972565274842236,0.1463860975528838,0.042654793213648214,0.1683673469387755,0.27040816326530615
44,600,10,64,0.1,0.5,oracle,additive,2.0,32,312,196,0.9231759674061698,0.9265220746907225,0.32666666666666666,0.0,0.9102950057167258,0.18432046283347348,0.08505646093693578,0.0123344246979754,0.965,0.8016666666666666,0.8433095213124782,0.227730958342797,0.10296238740880455,0.01579636824620742,0.8928571428571429,0.9260204081632653
44,600,10,64,0.1,1.0,none,content_only,0.0,32,472,196,0.5383439580683859,0.5912072518660144,0.32666666666666666,0.0,0.6030995690061554,0.34515868726414434,0.13866532411095686,0.0389495593412289,0.7166666666666667,0.6033333333333334,0.6092342565628661,0.3289996006190331,0.13453245725688134,0.02823501316969829,0.5816326530612245,0.6301020408163265
44,600,10,64,0.1,1.0,observed,additive,0.25,32,472,196,0.5668091844313576,0.6133942706064258,0.32666666666666666,0.0,0.6609564136586883,0.32199005842287853,0.13232471532921533,0.03527499764909806,0.7383333333333333,0.6366666666666667,0.645160572117655,0.3133897132706415,0.12992428849128168,0.026478001395853264,0.5816326530612245,0.6658163265306123
44,600,10,64,0.1,1.0,observed,concat,0.25,32,472,196,0.5688916870021388,0.6168986598251626,0.32666666666666666,0.0,0.6174489281243848,0.3399038797294507,0.1373749337019031,0.03814318757463627,0.735,0.6008333333333333,0.616802581572111,0.3253603524862162,0.13356795645759828,0.02787055201098415,0.576530612244898,0.6020408163265306
44,600,10,64,0.1,1.0,observed,same_pca_additive,0.25,32,472,196,0.5637271380877903,0.5995681509018105,0.32666666666666666,0.0,0.6431010844648023,0.32951184311858017,0.13440219322759203,0.03645492180507577,0.7533333333333333,0.63,0.6325399167083798,0.3189641051928828,0.13152318455447962,0.027124154644726926,0.576530612244898,0.6403061224489796
44,600,10,64,0.1,1.0,shuffled,additive,0.25,32,472,196,0.39514752435843165,0.4684202395290249,0.32666666666666666,0.0,0.5775437852966228,0.3528783992710281,0.14039573664551916,0.04027628988910355,0.6233333333333333,0.5525,0.5912220181115656,0.33474132763210523,0.13590663972027725,0.02901477818606382,0.46938775510204084,0.5663265306122449
44,600,10,64,0.1,1.0,oracle,additive,0.25,32,472,196,0.680416349534272,0.7256986009938026,0.32666666666666666,0.0,0.6975250058335536,0.3077305557425831,0.12849598892445913,0.032808546243090965,0.81,0.6508333333333334,0.670092192932234,0.30449566238796594,0.1274996612736361,0.025345383684220187,0.6632653061224489,0.7091836734693877
44,600,10,64,0.1,1.0,observed,additive,0.5,32,472,196,0.5525711216029491,0.584589677128604,0.32666666666666666,0.0,0.7162196727539577,0.2972743923010492,0.12461810652853748,0.03111477879621701,0.7716666666666666,0.6933333333333334,0.6822604017684901,0.29763666269086836,0.12463843202965424,0.024557036002180132,0.5918367346938775,0.7295918367346939
44,600,10,64,0.1,1.0,observed,concat,0.5,32,472,196,0.4491025790282373,0.5320409840445447,0.32666666666666666,0.0,0.6371126451661786,0.33136373726673524,0.1346022825485088,0.036680874018879935,0.6816666666666666,0.6241666666666666,0.6327370664809939,0.31869447672950546,0.1313096489794243,0.027080603543122576,0.5255102040816326,0.6326530612244898
44,600,10,64,0.1,1.0,observed,same_pca_additive,0.5,32,472,196,0.5057899429328478,0.5434883805102098,0.32666666666666666,0.0,0.6557441775788082,0.32268230233371875,0.13202826767511405,0.03539287215467967,0.7233333333333334,0.6333333333333333,0.645427928021529,0.312916043491963,0.12939456647892,0.02643604431654961,0.576530612244898,0.6428571428571429
44,600,10,64,0.1,1.0,shuffled,additive,0.5,32,472,196,0.15257185350613625,0.2419015974534793,0.32666666666666666,0.0,0.5379468121702154,0.36528496737392663,0.14293294741694176,0.04230075522433394,0.37833333333333335,0.44916666666666666,0.5574402339485114,0.3452498207210066,0.13822546445534692,0.030465596767907478,0.27040816326530615,0.43112244897959184
44,600,10,64,0.1,1.0,oracle,additive,0.5,32,472,196,0.8581615086998075,0.8670831597470183,0.32666666666666666,0.0,0.8050407544454482,0.26224644421485394,0.1152137346385213,0.025128317721030774,0.935,0.7608333333333334,0.751083009835331,0.27254074458644856,0.11820203826786636,0.021387418098399332,0.8163265306122449,0.8673469387755102
44,600,10,64,0.1,1.0,observed,additive,1.0,32,472,196,0.2929400499280447,0.3744613458575498,0.32666666666666666,0.0,0.6560205436463179,0.3067675127358903,0.1236485953107517,0.03297264583037447,0.5333333333333333,0.5075,0.634872191106698,0.30844844658679776,0.12517752278162964,0.0264501689203291,0.4336734693877551,0.5102040816326531
44,600,10,64,0.1,1.0,observed,concat,1.0,32,472,196,0.22031836094579732,0.3276432271568864,0.32666666666666666,0.0,0.5757985558316662,0.34366154762234136,0.13424670937250074,0.03838326496527135,0.46166666666666667,0.44583333333333336,0.5583701903757298,0.3422524695746503,0.134821037853981,0.030435106233448535,0.37244897959183676,0.4413265306122449
44,600,10,64,0.1,1.0,observed,same_pca_additive,1.0,32,472,196,0.21713936355641114,0.2870374888020004,0.32666666666666666,0.0,0.6066164006874023,0.33337428195934304,0.13261609097569782,0.03697821868003681,0.4483333333333333,0.5216666666666666,0.6113332737045846,0.32187708549262806,0.13049661811966293,0.027750492249814122,0.35714285714285715,0.5433673469387755
44,600,10,64,0.1,1.0,shuffled,additive,1.0,32,472,196,0.029652728536817927,0.0817322618198439,0.32666666666666666,0.0,0.456362807815891,0.3885861760867008,0.1472996786931264,0.04696771162756448,0.22333333333333333,0.3333333333333333,0.4920838988731484,0.3624106587119605,0.14122336276618297,0.03380464894960274,0.17857142857142858,0.31887755102040816
44,600,10,64,0.1,1.0,oracle,additive,1.0,32,472,196,0.7319265646819831,0.7998542196154124,0.32666666666666666,0.0,0.8097010945457696,0.24492671279751244,0.10746959628341875,0.0224072727647033,0.8233333333333334,0.7108333333333333,0.7630440051623325,0.26288153907213946,0.11420803578374956,0.020305091173313177,0.7193877551020408,0.7882653061224489
44,600,10,64,0.1,1.0,observed,additive,2.0,32,472,196,0.23838240352208392,0.32872888120182486,0.32666666666666666,0.0,0.6109959123207024,0.31096255512503634,0.12099815101005876,0.035776927003505446,0.49,0.485,0.6041118224302648,0.3149752899678095,0.12551096767595515,0.028878394180183616,0.42857142857142855,0.48214285714285715
44,600,10,64,0.1,1.0,observed,concat,2.0,32,472,196,0.24192194606727832,0.3296596980375879,0.32666666666666666,0.0,0.5802944284552333,0.327934921849401,0.12537759215841315,0.03862220929763786,0.4866666666666667,0.43416666666666665,0.5685890736001937,0.3303076028083696,0.1291349575006391,0.03125124306331192,0.413265306122449,0.4387755102040816
44,600,10,64,0.1,1.0,observed,same_pca_additive,2.0,32,472,196,0.25800117283819296,0.3395087815715735,0.32666666666666666,0.0,0.6428674663294097,0.3019174689897419,0.11999091226206379,0.033450559914278796,0.5116666666666667,0.49416666666666664,0.6253298797188285,0.30511564079482584,0.12240253907982881,0.02717286892102698,0.42346938775510207,0.4923469387755102
44,600,10,64,0.1,1.0,shuffled,additive,2.0,32,472,196,0.01459739741919242,0.054100211411571696,0.32666666666666666,0.0,0.37124888701077063,0.413913161343449,0.15146869896203827,0.05494846638119272,0.15833333333333333,0.25916666666666666,0.3894509194522198,0.3950178395359222,0.1473915441555583,0.042741595576708924,0.1326530612244898,0.2602040816326531
44,600,10,64,0.1,1.0,oracle,additive,2.0,32,472,196,0.9231759674061698,0.9265220746907225,0.32666666666666666,0.0,0.9102950057167258,0.18432046283347348,0.08505646093693578,0.0123344246979754,0.965,0.8016666666666666,0.8433095213124782,0.227730958342797,0.10296238740880455,0.01579636824620742,0.8928571428571429,0.9260204081632653
44,600,10,64,0.1,1.5,none,content_only,0.0,32,537,196,0.5383439580683859,0.5912072518660144,0.32666666666666666,0.0,0.6030995690061554,0.34515868726414434,0.13866532411095686,0.0389495593412289,0.7166666666666667,0.6033333333333334,0.6092342565628661,0.3289996006190331,0.13453245725688134,0.02823501316969829,0.5816326530612245,0.6301020408163265
44,600,10,64,0.1,1.5,observed,additive,0.25,32,537,196,0.5470120213297145,0.5970620028816103,0.32666666666666666,0.0,0.6353850932022821,0.33242490147293435,0.13511098731473256,0.03687621979553848,0.715,0.5983333333333334,0.6274702404880252,0.32138555892442877,0.13211107596263527,0.027325984799679213,0.576530612244898,0.6071428571428571
44,600,10,64,0.1,1.5,observed,concat,0.25,32,537,196,0.5422692209388349,0.5899119887023275,0.32666666666666666,0.0,0.6131935562919313,0.34156580870537906,0.13779791989208595,0.038398043622643416,0.73,0.6091666666666666,0.6147802097226571,0.32627795669788456,0.1338227818352974,0.02796872127864994,0.5612244897959183,0.6275510204081632
44,600,10,64,0.1,1.5,observed,same_pca_additive,0.25,32,537,196,0.6120289074076516,0.6395789714734469,0.32666666666666666,0.0,0.6347068896659193,0.3342378777927293,0.13591928790631772,0.03728645863552177,0.805,0.6483333333333333,0.6355872336177061,0.318918051684218,0.13175952115479372,0.027052937995881238,0.6173469387755102,0.6760204081632653
44,600,10,64,0.1,1.5,shuffled,additive,0.25,32,537,196,0.482529273114987,0.5307555368410027,0.32666666666666666,0.0,0.5913711469497014,0.3490341934109551,0.13942479423457405,0.03952545586210034,0.7016666666666667,0.5558333333333333,0.5915254963071441,0.33495823347009074,0.13592794860706686,0.029016210927825272,0.5255102040816326,0.5535714285714286
44,600,10,64,0.1,1.5,oracle,additive,0.25,32,537,196,0.680416349534272,0.7256986009938026,0.32666666666666666,0.0,0.6975250058335536,0.3077305557425831,0.12849598892445913,0.032808546243090965,0.81,0.6508333333333334,0.670092192932234,0.30449566238796594,0.1274996612736361,0.025345383684220187,0.6632653061224489,0.7091836734693877
44,600,10,64,0.1,1.5,observed,additive,0.5,32,537,196,0.4857601167096614,0.5333495587308744,0.32666666666666666,0.0,0.680960255523486,0.31262191065548317,0.1290659700085263,0.033719557696506385,0.7283333333333334,0.655,0.6677102443148978,0.3046885589173266,0.12685468281350373,0.025296538435861677,0.5612244897959183,0.6811224489795918
44,600,10,64,0.1,1.5,observed,concat,0.5,32,537,196,0.3196802748513004,0.44078173898263706,0.32666666666666666,0.0,0.5695136495142702,0.35651034983418356,0.14094757911959813,0.04064567941649608,0.5233333333333333,0.525,0.5861090377449666,0.3365057974081213,0.1359823947396722,0.02918660406013898,0.4336734693877551,0.5051020408163265
44,600,10,64,0.1,1.5,observed,same_pca_additive,0.5,32,537,196,0.2721129203980166,0.3628750742370762,0.32666666666666666,0.0,0.5296172478903547,0.3719804373739991,0.14468988630850194,0.042931107752315296,0.485,0.4975,0.5620126761832162,0.34737448658230075,0.1392689836979683,0.03036448740132827,0.39285714285714285,0.5051020408163265
44,600,10,64,0.1,1.5,shuffled,additive,0.5,32,537,196,0.18118062262694168,0.26264910927865454,0.32666666666666666,0.0,0.5335737972246641,0.3676295443720006,0.14358911554635653,0.04254436113252315,0.43,0.4191666666666667,0.5509135779894256,0.34754224124741534,0.1387200331381737,0.030765458649582626,0.28061224489795916,0.3852040816326531
44,600,10,64,0.1,1.5,oracle,additive,0.5,32,537,196,0.8581615086998075,0.8670831597470183,0.32666666666666666,0.0,0.8050407544454482,0.26224644421485394,0.1152137346385213,0.025128317721030774,0.935,0.7608333333333334,0.751083009835331,0.27254074458644856,0.11820203826786636,0.021387418098399332,0.8163265306122449,0.8673469387755102
44,600,10,64,0.1,1.5,observed,additive,1.0,32,537,196,0.16671748227705338,0.2613954010953891,0.32666666666666666,0.0,0.5600766362583974,0.3484335692929305,0.13556858122251478,0.03957983524533354,0.37833333333333335,0.40166666666666667,0.576041768773378,0.33348797531151003,0.13227539125174248,0.029260112367416356,0.32653061224489793,0.42857142857142855
44,600,10,64,0.1,1.5,observed,concat,1.0,32,537,196,0.14084724902182716,0.2470413344261894,0.32666666666666666,0.0,0.5220120008539471,0.3661227803698214,0.14029214008087593,0.042288704793163163,0.36333333333333334,0.37166666666666665,0.5415996508037417,0.34824581096693447,0.1362676160276795,0.03104131265083722,0.29081632653061223,0.38010204081632654
44,600,10,64,0.1,1.5,observed,same_pca_additive,1.0,32,537,196,0.1335530821186756,0.2134515273882019,0.32666666666666666,0.0,0.5197149322570738,0.37081670038018627,0.14314873992994193,0.042699379734290915,0.34,0.39666666666666667,0.5479839349181017,0.34962832064547983,0.13865756173970686,0.0308010448419391,0.30612244897959184,0.40561224489795916
44,600,10,64,0.1,1.5,shuffled,additive,1.0,32,537,196,0.01917789020417668,0.0670607237600964,0.32666666666666666,0.0,0.4487791100274033,0.39446577650984344,0.1490148289854482,0.04728368807282672,0.18833333333333332,0.31916666666666665,0.4787556762141427,0.36954582082530557,0.1430964537035701,0.03431494336160218,0.1326530612244898,0.3010204081632653
44,600,10,64,0.1,1.5,oracle,additive,1.0,32,537,196,0.7319265646819831,0.7998542196154124,0.32666666666666666,0.0,0.8097010945457696,0.24492671279751244,0.10746959628341875,0.0224072727647033,0.8233333333333334,0.7108333333333333,0.7630440051623325,0.26288153907213946,0.11420803578374956,0.020305091173313177,0.7193877551020408,0.7882653061224489
44,600,10,64,0.1,1.5,observed,additive,2.0,32,537,196,0.11535289658262117,0.20824901255678407,0.32666666666666666,0.0,0.5236382805484225,0.3520002886969873,0.13332457677930618,0.04209107499391077,0.36333333333333334,0.4083333333333333,0.5392313560729007,0.34118113727560395,0.13207406945796463,0.031977200200691634,0.3112244897959184,0.4030612244897959
44,600,10,64,0.1,1.5,observed,concat,2.0,32,537,196,0.13700517368633558,0.24053672359774042,0.32666666666666666,0.0,0.5228560256943223,0.3508244716468884,0.13239158801615478,0.04317741991415988,0.4,0.3958333333333333,0.531790765029013,0.34390146183485515,0.1327848465147654,0.03358079957706549,0.33163265306122447,0.39285714285714285
44,600,10,64,0.1,1.5,observed,same_pca_additive,2.0,32,537,196,0.12504141004245292,0.21124096104292356,0.32666666666666666,0.0,0.556259202858302,0.340333894183437,0.131749295331512,0.03961596919434991,0.39,0.4166666666666667,0.5641393991127727,0.33151398999772486,0.1304148360200638,0.030240361923537212,0.3163265306122449,0.41836734693877553
44,600,10,64,0.1,1.5,shuffled,additive,2.0,32,537,196,0.016228704996438695,0.06009226348328723,0.32666666666666666,0.0,0.38663494422012284,0.41190309589948754,0.15147162238048625,0.05319620080698329,0.19666666666666666,0.30333333333333334,0.4168351227890715,0.38996138255315527,0.1462769407327559,0.04003765609746251,0.15306122448979592,0.28061224489795916
44,600,10,64,0.1,1.5,oracle,additive,2.0,32,537,196,0.9231759674061698,0.9265220746907225,0.32666666666666666,0.0,0.9102950057167258,0.18432046283347348,0.08505646093693578,0.0123344246979754,0.965,0.8016666666666666,0.8433095213124782,0.227730958342797,0.10296238740880455,0.01579636824620742,0.8928571428571429,0.9260204081632653
44,600,10,64,0.1,2.0,none,content_only,0.0,32,580,196,0.5383439580683859,0.5912072518660144,0.32666666666666666,0.0,0.6030995690061554,0.34515868726414434,0.13866532411095686,0.0389495593412289,0.7166666666666667,0.6033333333333334,0.6092342565628661,0.3289996006190331,0.13453245725688134,0.02823501316969829,0.5816326530612245,0.6301020408163265
44,600,10,64,0.1,2.0,observed,additive,0.25,32,580,196,0.5439662570079239,0.5874240278643474,0.32666666666666666,0.0,0.6246165470711452,0.33634879772424314,0.1360011438615962,0.03752561074571813,0.735,0.6083333333333333,0.6197877656793124,0.3243671979404958,0.13286269722068036,0.027657039327631795,0.5714285714285714,0.5943877551020408
44,600,10,64,0.1,2.0,observed,concat,0.25,32,580,196,0.5462509994236503,0.5968703522793477,0.32666666666666666,0.0,0.6043192939694145,0.3446971671366123,0.1385397197816914,0.03888435773359946,0.7233333333333334,0.6016666666666667,0.6105788201581452,0.3285298424988279,0.13440574686701479,0.02817558670784654,0.5969387755102041,0.6301020408163265
44,600,10,64,0.1,2.0,observed,same_pca_additive,0.25,32,580,196,0.4784675310815227,0.5397016274123521,0.32666666666666666,0.0,0.5675908660010972,0.3579613764504022,0.14178179855978643,0.04101475501195988,0.6933333333333334,0.58,0.582508184215478,0.3386394018528625,0.13718624886965308,0.02945060390004572,0.5408163265306123,0.576530612244898
44,600,10,64,0.1,2.0,shuffled,additive,0.25,32,580,196,0.40948739817817736,0.47306616060925166,0.32666666666666666,0.0,0.563921794525323,0.35810106186462015,0.14166813355093946,0.04106205931753986,0.6383333333333333,0.5408333333333334,0.5809441950318703,0.33920001444496917,0.1371745576890696,0.02947957629101392,0.5102040816326531,0.5535714285714286
44,600,10,64,0.1,2.0,oracle,additive,0.25,32,580,196,0.680416349534272,0.7256986009938026,0.32666666666666666,0.0,0.6975250058335536,0.3077305557425831,0.12849598892445913,0.032808546243090965,0.81,0.6508333333333334,0.670092192932234,0.30449566238796594,0.1274996612736361,0.025345383684220187,0.6632653061224489,0.7091836734693877
44,600,10,64,0.1,2.0,observed,additive,0.5,32,580,196,0.3913642711563609,0.4603944273715138,0.32666666666666666,0.0,0.6229349674587177,0.3342743717925359,0.13461766314836673,0.03713379960563747,0.62,0.5725,0.6213737466740412,0.3222542311606505,0.1316189024505969,0.027431346156691974,0.4897959183673469,0.5612244897959183
44,600,10,64,0.1,2.0,observed,concat,0.5,32,580,196,0.23447152602127255,0.356384258602628,0.32666666666666666,0.0,0.5482619958590899,0.36358106811602653,0.14272292134180548,0.04181241485695306,0.46166666666666667,0.4741666666666667,0.5664628278174776,0.3444675176330162,0.138250715914283,0.03009671239617005,0.3520408163265306,0.4744897959183674
44,600,10,64,0.1,2.0,observed,same_pca_additive,0.5,32,580,196,0.10749912368610239,0.18896016705945545,0.32666666666666666,0.0,0.4494783787793317,0.40263150306441114,0.1520654482277779,0.04715609503424084,0.25666666666666665,0.3616666666666667,0.4905786795467603,0.3755675865731902,0.14691553349408215,0.03352800866478074,0.20918367346938777,0.3596938775510204
44,600,10,64,0.1,2.0,shuffled,additive,0.5,32,580,196,0.15761663720844618,0.2462197951714761,0.32666666666666666,0.0,0.5210444498708324,0.37279039097719935,0.14477735452236615,0.043250885195315066,0.35833333333333334,0.4041666666666667,0.5331819323441017,0.35514919073593054,0.14093387623584266,0.031592585089900586,0.22448979591836735,0.35459183673469385
44,600,10,64,0.1,2.0,oracle,additive,0.5,32,580,196,0.8581615086998075,0.8670831597470183,0.32666666666666666,0.0,0.8050407544454482,0.26224644421485394,0.1152137346385213,0.025128317721030774,0.935,0.7608333333333334,0.751083009835331,0.27254074458644856,0.11820203826786636,0.021387418098399332,0.8163265306122449,0.8673469387755102
44,600,10,64,0.1,2.0,observed,additive,1.0,32,580,196,0.14267131038949146,0.24328850439635685,0.32666666666666666,0.0,0.5479743458266,0.35270913840536944,0.13706010282026496,0.04047326036887363,0.3933333333333333,0.4058333333333333,0.5607910603523648,0.3398680564857152,0.1346521045329091,0.030007857693888276,0.34183673469387754,0.3826530612244898
44,600,10,64,0.1,2.0,observed,concat,1.0,32,580,196,0.07967968855564085,0.1580884063039183,0.32666666666666666,0.0,0.4553716791936368,0.39371299969005197,0.14791272124857696,0.04634324101457793,0.2866666666666667,0.3233333333333333,0.4894077246018153,0.37187695901046725,0.14356632175214268,0.03361575572162958,0.27040816326530615,0.3086734693877551
44,600,10,64,0.1,2.0,observed,same_pca_additive,1.0,32,580,196,0.11029161112959157,0.1821113242916493,0.32666666666666666,0.0,0.4432813491614695,0.4033147356560216,0.15197636270581794,0.04729228589328388,0.25666666666666665,0.35583333333333333,0.48595991998607113,0.3767131906038625,0.14707582009608178,0.03372878824092253,0.20408163265306123,0.34438775510204084
44,600,10,64,0.1,2.0,shuffled,additive,1.0,32,580,196,0.012906496383590009,0.061471585678016,0.32666666666666666,0.0,0.43492578811713223,0.40014963851952556,0.15014755702550753,0.04821183746899957,0.16666666666666666,0.2875,0.4753451012278897,0.37164809592560705,0.1436657347654296,0.0345744680564067,0.1377551020408163,0.29846938775510207
44,600,10,64,0.1,2.0,oracle,additive,1.0,32,580,196,0.7319265646819831,0.7998542196154124,0.32666666666666666,0.0,0.8097010945457696,0.24492671279751244,0.10746959628341875,0.0224072727647033,0.8233333333333334,0.7108333333333333,0.7630440051623325,0.26288153907213946,0.11420803578374956,0.020305091173313177,0.7193877551020408,0.7882653061224489
44,600,10,64,0.1,2.0,observed,additive,2.0,32,580,196,0.10648099852150207,0.20029309603335446,0.32666666666666666,0.0,0.4909672438451103,0.36680612333980017,0.13808366329856062,0.045097221840244436,0.365,0.38,0.5170761179307001,0.3497901561064244,0.13495439829321465,0.03345927875234412,0.3520408163265306,0.3647959183673469
44,600,10,64,0.1,2.0,observed,concat,2.0,32,580,196,0.0777860134591988,0.1665723603391804,0.32666666666666666,0.0,0.44849286102002983,0.3850401508163182,0.14209596953049886,0.048626073323064324,0.275,0.3333333333333333,0.4826979799840756,0.3634859251914203,0.13811642474369762,0.03601181302512061,0.25,0.32908163265306123
44,600,10,64,0.1,2.0,observed,same_pca_additive,2.0,32,580,196,0.0723279497508856,0.15448267535109958,0.32666666666666666,0.0,0.46483163561838886,0.38581780190164444,0.14497972145286997,0.046439973207355045,0.2633333333333333,0.3425,0.5033278468003052,0.36351038760352766,0.14031824625032632,0.033278422562064064,0.25,0.33163265306122447
44,600,10,64,0.1,2.0,shuffled,additive,2.0,32,580,196,0.02745289081724566,0.07574122868049492,0.32666666666666666,0.0,0.3793288715978232,0.41929596407781666,0.15311818082841117,0.053059967003707395,0.19333333333333333,0.2833333333333333,0.41747145506762356,0.3910092746205153,0.14623227180442797,0.03956388030273262,0.14795918367346939,0.288265306122449
44,600,10,64,0.1,2.0,oracle,additive,2.0,32,580,196,0.9231759674061698,0.9265220746907225,0.32666666666666666,0.0,0.9102950057167258,0.18432046283347348,0.08505646093693578,0.0123344246979754,0.965,0.8016666666666666,0.8433095213124782,0.227730958342797,0.10296238740880455,0.01579636824620742,0.8928571428571429,0.9260204081632653
44,600,10,64,0.2,0.0,none,content_only,0.0,32,0,196,0.1930477078378931,0.2762467067646697,0.32666666666666666,0.0,0.5078080696725286,0.37994792766450664,0.14662680257752544,0.04434116637269894,0.4066666666666667,0.425,0.5392462576792137,0.35587098711345655,0.14141882616719142,0.031693725784244946,0.29591836734693877,0.42091836734693877
44,600,10,64,0.2,0.0,observed,additive,0.25,32,0,196,0.6230775151569887,0.6769191778109271,0.32666666666666666,0.0,0.6395561029713996,0.33185705532405274,0.13511006408969173,0.03682153432319903,0.7666666666666667,0.63,0.6414317519032827,0.31674521031491826,0.13092730441611342,0.026737912005765134,0.6326530612244898,0.6964285714285714
44,600,10,64,0.2,0.0,observed,concat,0.25,32,0,196,0.39369171522792457,0.4805621730626956,0.32666666666666666,0.0,0.5566723706026384,0.36238341636342464,0.14286463656225207,0.04161783690327656,0.5833333333333334,0.5116666666666667,0.5777663414411691,0.3407762165607799,0.13762913822343753,0.029668642887300666,0.41836734693877553,0.5153061224489796
44,600,10,64,0.2,0.0,observed,same_pca_additive,0.25,32,0,196,0.6089696269643873,0.6545376687536626,0.32666666666666666,0.0,0.6238847896941229,0.33767094170502937,0.13669353037797194,0.037829348545001265,0.7733333333333333,0.6125,0.6275127827750963,0.32167744702142215,0.13248086474643536,0.02740152421411197,0.5867346938775511,0.6326530612244898
44,600,10,64,0.2,0.0,shuffled,additive,0.25,32,0,196,0.22054573143920506,0.30572328472365706,0.32666666666666666,0.0,0.5306174808530838,0.3709308392901281,0.14478517377471825,0.04297397562738997,0.505,0.4766666666666667,0.5561665052493824,0.3484201191510643,0.13962066819179084,0.030591642507716444,0.3826530612244898,0.44642857142857145
44,600,10,64,0.2,0.0,oracle,additive,0.25,32,0,196,0.5146053348418763,0.592669718771091,0.32666666666666666,0.0,0.6124730143079882,0.3408024695050508,0.1372989228615484,0.03827427082197121,0.655,0.5658333333333333,0.6200829344637497,0.32439004521906006,0.13292015800704085,0.027686851279942554,0.5255102040816326,0.5969387755102041
44,600,10,64,0.2,0.0,observed,additive,0.5,32,0,196,0.8338786890270106,0.8440833649893016,0.32666666666666666,0.0,0.7644378338200167,0.282735411576888,0.12164978951598168,0.028740170005881915,0.9233333333333333,0.7508333333333334,0.7275795521527635,0.2828627570508331,0.12139608876621438,0.022641436563631274,0.7908163265306123,0.8596938775510204
44,600,10,64,0.2,0.0,observed,concat,0.5,32,0,196,0.7012289728779952,0.7485514392190628,0.32666666666666666,0.0,0.6581182295748155,0.32528190984881505,0.13364877824246588,0.03586734739041244,0.83,0.665,0.6536385847097421,0.3117832365555617,0.12992393470040003,0.026219122078065867,0.6785714285714286,0.7346938775510204
44,600,10,64,0.2,0.0,observed,same_pca_additive,0.5,32,0,196,0.722078359601735,0.753410959997356,0.32666666666666666,0.0,0.6931918288488055,0.3102175372412351,0.1292658316202066,0.03348304593500195,0.8416666666666667,0.6666666666666666,0.6831048355654434,0.29965931345489716,0.12615246551566217,0.024750120935360262,0.7091836734693877,0.7397959183673469
44,600,10,64,0.2,0.0,shuffled,additive,0.5,32,0,196,0.07985762944158357,0.1398123177711236,0.32666666666666666,0.0,0.49678339889603934,0.38134963530655147,0.14696821896632578,0.04462917941943954,0.335,0.36333333333333334,0.5237356701601151,0.3594838989847761,0.1421968036707013,0.032036130713711475,0.23979591836734693,0.30612244897959184
44,600,10,64,0.2,0.0,oracle,additive,0.5,32,0,196,0.8274877117039695,0.838984071469396,0.32666666666666666,0.0,0.7609115001022568,0.28401522980621263,0.12202582477540287,0.028922455133309512,0.92,0.7508333333333334,0.7227619413301105,0.2847940580972183,0.12201015470272134,0.022886135468576208,0.7806122448979592,0.8520408163265306
44,600,10,64,0.2,0.0,observed,additive,1.0,32,0,196,0.9020361037671817,0.9073045048054291,0.32666666666666666,0.0,0.8587959239472642,0.23255001311066428,0.10500469542875969,0.02013734172699163,0.955,0.7791666666666667,0.799717927880088,0.25094229052317824,0.11113144679872668,0.018663478984058277,0.8673469387755102,0.9030612244897959
44,600,10,64,0.2,0.0,observed,concat,1.0,32,0,196,0.916981477306681,0.9207300307854434,0.32666666666666666,0.0,0.8358820867247391,0.24912004905458426,0.11124146563874637,0.022974316870479308,0.9616666666666667,0.7866666666666666,0.7832683992318281,0.2599825424628612,0.1145530823924395,0.019782755779457616,0.8826530612244898,0.9260204081632653
44,600,10,64,0.2,0.0,observed,same_pca_additive,1.0,32,0,196,0.8732393404666627,0.8798721814114651,0.32666666666666666,0.0,0.8356775285897421,0.24741585259432705,0.11030423471858576,0.022832894461786338,0.9416666666666667,0.7625,0.7872214953632374,0.2562714286012167,0.11286215423707865,0.019361672094727958,0.8316326530612245,0.8903061224489796
44,600,10,64,0.2,0.0,shuffled,additive,1.0,32,0,196,0.0073268592848408365,0.0476998544512526,0.32666666666666666,0.0,0.45413566566433333,0.3878198594073685,0.14739508311286686,0.046812430632454154,0.14166666666666666,0.30916666666666665,0.4775346107018872,0.3677081835495331,0.143056653433677,0.03440557986613985,0.12244897959183673,0.2729591836734694
44,600,10,64,0.2,0.0,oracle,additive,1.0,32,0,196,0.8909259757198721,0.8964519116667573,0.32666666666666666,0.0,0.8534507153663691,0.23501605586899918,0.10583304718830648,0.020511205718951802,0.95,0.7783333333333333,0.7918328654973141,0.2545431871292393,0.112354349102037,0.019119404494607976,0.8469387755102041,0.9005102040816326
44,600,10,64,0.2,0.0,observed,additive,2.0,32,0,196,0.928107687377482,0.930839520580545,0.32666666666666666,0.0,0.9106281102050379,0.18720861870180094,0.08654971475870955,0.012763705552510735,0.9666666666666667,0.7991666666666667,0.8472419997303944,0.22561088450344352,0.10206616369192319,0.01551732956432678,0.8979591836734694,0.923469387755102
44,600,10,64,0.2,0.0,observed,concat,2.0,32,0,196,0.9458708305285807,0.9471724400245675,0.32666666666666666,0.0,0.9129406631939306,0.18614046375111254,0.0863480688181026,0.012538042905654205,0.975,0.81,0.8498673484688102,0.22510876567565413,0.10218359235907755,0.015438823636046225,0.923469387755102,0.9387755102040817
44,600,10,64,0.2,0.0,observed,same_pca_additive,2.0,32,0,196,0.9174512242027479,0.9198118064273645,0.32666666666666666,0.0,0.9039489875000013,0.19579667057975708,0.09038873191027379,0.014152789573523374,0.9616666666666667,0.7766666666666666,0.8431841507206622,0.2270674266340906,0.10246019107385924,0.01574023617251389,0.8826530612244898,0.9107142857142857
44,600,10,64,0.2,0.0,shuffled,additive,2.0,32,0,196,0.0047531911959006875,0.043318797322656206,0.32666666666666666,0.0,0.3574084571766248,0.42008680879231064,0.15302314719199683,0.055722021847929556,0.15333333333333332,0.25,0.38437572977056217,0.3982249225415025,0.14913901555653986,0.042065515564874506,0.1326530612244898,0.2423469387755102
44,600,10,64,0.2,0.0,oracle,additive,2.0,32,0,196,0.9128378421497881,0.9175700414984591,0.32666666666666666,0.0,0.9048779148063864,0.19151635212246004,0.08836279675493657,0.013391426464772187,0.96,0.8,0.8375474658663199,0.23106818267066198,0.10416715046072306,0.01619832177473986,0.8775510204081632,0.9183673469387755
44,600,10,64,0.2,0.5,none,content_only,0.0,32,312,196,0.1930477078378931,0.2762467067646697,0.32666666666666666,0.0,0.5078080696725286,0.37994792766450664,0.14662680257752544,0.04434116637269894,0.4066666666666667,0.425,0.5392462576792137,0.35587098711345655,0.14141882616719142,0.031693725784244946,0.29591836734693877,0.42091836734693877
44,600,10,64,0.2,0.5,observed,additive,0.25,32,312,196,0.616796410419385,0.6495482629867593,0.32666666666666666,0.0,0.6527078479238559,0.3275100574131333,0.13404422026458396,0.03616819672599567,0.81,0.6658333333333334,0.6482637163922176,0.3143038830863758,0.13043534183315356,0.026487461619849054,0.6377551020408163,0.7066326530612245
44,600,10,64,0.2,0.5,observed,concat,0.25,32,312,196,0.3542889608975224,0.42612082459193484,0.32666666666666666,0.0,0.5515640423615978,0.3647208390592795,0.1434567329055278,0.042124265811288204,0.5833333333333334,0.515,0.5696595479258405,0.3439228970820554,0.13854028136872948,0.03049206068456336,0.413265306122449,0.49744897959183676
44,600,10,64,0.2,0.5,observed,same_pca_additive,0.25,32,312,196,0.5273166576570572,0.5824710101796424,0.32666666666666666,0.0,0.6016618189271082,0.3458474087998276,0.1386915727457905,0.039145998086075676,0.7283333333333334,0.5908333333333333,0.6146523518876605,0.3268593017432563,0.13387693593539277,0.028011885292041624,0.5612244897959183,0.6020408163265306
44,600,10,64,0.2,0.5,shuffled,additive,0.25,32,312,196,0.19471863792885258,0.28268295255889037,0.32666666666666666,0.0,0.511670368132764,0.3778247791497908,0.14643862011539338,0.04404824644990085,0.4483333333333333,0.43833333333333335,0.5479098653011301,0.3515481547795971,0.14042168795256166,0.030973204489535677,0.3673469387755102,0.4387755102040816
44,600,10,64,0.2,0.5,oracle,additive,0.25,32,312,196,0.5146053348418763,0.592669718771091,0.32666666666666666,0.0,0.6124730143079882,0.3408024695050508,0.1372989228615484,0.03827427082197121,0.655,0.5658333333333333,0.6200829344637497,0.32439004521906006,0.13292015800704085,0.027686851279942554,0.5255102040816326,0.5969387755102041
44,600,10,64,0.2,0.5,observed,additive,0.5,32,312,196,0.5436440683571989,0.581428886944048,0.32666666666666666,0.0,0.6781204073817496,0.3140365964080045,0.12960501749199682,0.03404163048959055,0.7183333333333334,0.6475,0.6750129311890917,0.3028911990844324,0.1264113367640254,0.02508462281465555,0.6377551020408163,0.7117346938775511
44,600,10,64,0.2,0.5,observed,concat,0.5,32,312,196,0.5081329427262723,0.5878881978481523,0.32666666666666666,0.0,0.6099401754800173,0.34290082321250404,0.13774448153530586,0.03854669843451432,0.695,0.5891666666666666,0.6145487754953903,0.32689851852788315,0.13367649232163328,0.028047411395196977,0.5408163265306123,0.6275510204081632
44,600,10,64,0.2,0.5,observed,same_pca_additive,0.5,32,312,196,0.5445355943809654,0.5893962575488033,0.32666666666666666,0.0,0.6433564716051978,0.3292078806539686,0.13401604952736973,0.03654065150802173,0.735,0.6125,0.6471496715545252,0.313573154711106,0.12975711704581264,0.026449463192802364,0.6020408163265306,0.6556122448979592
44,600,10,64,0.2,0.5,shuffled,additive,0.5,32,312,196,0.07597855877612193,0.14342810982325568,0.32666666666666666,0.0,0.5097515377315915,0.37683439678704883,0.14596564951482552,0.0439915337094051,0.34,0.4091666666666667,0.5349566557861697,0.3545568001082166,0.1409967798723456,0.031549034098525205,0.23979591836734693,0.3903061224489796
44,600,10,64,0.2,0.5,oracle,additive,0.5,32,312,196,0.8274877117039695,0.838984071469396,0.32666666666666666,0.0,0.7609115001022568,0.28401522980621263,0.12202582477540287,0.028922455133309512,0.92,0.7508333333333334,0.7227619413301105,0.2847940580972183,0.12201015470272134,0.022886135468576208,0.7806122448979592,0.8520408163265306
44,600,10,64,0.2,0.5,observed,additive,1.0,32,312,196,0.49531238440423964,0.5433803969098957,0.32666666666666666,0.0,0.735296833222885,0.28007421672504146,0.11744011319066414,0.028478592256097765,0.7,0.6433333333333333,0.7228061287866908,0.27963656911878665,0.11784124043216508,0.022335102156780508,0.6530612244897959,0.7244897959183674
44,600,10,64,0.2,0.5,observed,concat,1.0,32,312,196,0.5195024383690565,0.590419691859294,0.32666666666666666,0.0,0.7033071545999622,0.29742591496842863,0.12319217104498108,0.031420880664966566,0.71,0.6275,0.6950186688501289,0.29136562019801004,0.12182288810202956,0.023877234163503815,0.6785714285714286,0.6989795918367347
44,600,10,64,0.2,0.5,observed,same_pca_additive,1.0,32,312,196,0.5918239935701457,0.6155260938901886,0.32666666666666666,0.0,0.7562110197052622,0.27935342226052,0.11884832199073807,0.028398380331349414,0.795,0.6925,0.7371700215190213,0.2752806792735943,0.117285818803842,0.02179359852173608,0.6836734693877551,0.7729591836734694
44,600,10,64,0.2,0.5,shuffled,additive,1.0,32,312,196,0.004309382871531903,0.0372692701624899,0.32666666666666666,0.0,0.4426075455816169,0.393377902102381,0.1488863539281773,0.04766814538587995,0.14833333333333334,0.32,0.4677701533740281,0.37166748906292196,0.14419502777462825,0.035017626208092734,0.1326530612244898,0.26785714285714285
44,600,10,64,0.2,0.5,oracle,additive,1.0,32,312,196,0.8909259757198721,0.8964519116667573,0.32666666666666666,0.0,0.8534507153663691,0.23501605586899918,0.10583304718830648,0.020511205718951802,0.95,0.7783333333333333,0.7918328654973141,0.2545431871292393,0.112354349102037,0.019119404494607976,0.8469387755102041,0.9005102040816326
44,600,10,64,0.2,0.5,observed,additive,2.0,32,312,196,0.49917026095656625,0.5515878563393162,0.32666666666666666,0.0,0.7434213632512892,0.2574627091347821,0.10665946097000543,0.026209536679746737,0.7,0.635,0.7382328468510124,0.26587523080730835,0.11206587379367634,0.021189409338166324,0.6581632653061225,0.7270408163265306
44,600,10,64,0.2,0.5,observed,concat,2.0,32,312,196,0.5034189443962246,0.5636996951876022,0.32666666666666666,0.0,0.7346273410074802,0.2609198888153788,0.10745405949208799,0.02712780467483388,0.7033333333333334,0.6183333333333333,0.7126578013641374,0.2755669434890517,0.11547909344861666,0.022765671601053986,0.6479591836734694,0.6862244897959183
44,600,10,64,0.2,0.5,observed,same_pca_additive,2.0,32,312,196,0.5721691335365108,0.5958245141505831,0.32666666666666666,0.0,0.7982565354754927,0.2412076752667269,0.10350191176981173,0.022493824254354488,0.7833333333333333,0.6808333333333333,0.771960205484828,0.25254981903377294,0.10797221113685286,0.01937546788526844,0.7091836734693877,0.7704081632653061
44,600,10,64,0.2,0.5,shuffled,additive,2.0,32,312,196,0.002815735335139946,0.03543478592837547,0.32666666666666666,0.0,0.3521752995371884,0.42360064252286206,0.15374731991747903,0.05652030353162979,0.15333333333333332,0.225,0.386698376457107,0.3971139849988074,0.14827920259236746,0.04288169473371362,0.14285714285714285,0.2372448979591837
44,600,10,64,0.2,0.5,oracle,additive,2.0,32,312,196,0.9128378421497881,0.9175700414984591,0.32666666666666666,0.0,0.9048779148063864,0.19151635212246004,0.08836279675493657,0.013391426464772187,0.96,0.8,0.8375474658663199,0.23106818267066198,0.10416715046072306,0.01619832177473986,0.8775510204081632,0.9183673469387755
44,600,10,64,0.2,1.0,none,content_only,0.0,32,472,196,0.1930477078378931,0.2762467067646697,0.32666666666666666,0.0,0.5078080696725286,0.37994792766450664,0.14662680257752544,0.04434116637269894,0.4066666666666667,0.425,0.5392462576792137,0.35587098711345655,0.14141882616719142,0.031693725784244946,0.29591836734693877,0.42091836734693877
44,600,10,64,0.2,1.0,observed,additive,0.25,32,472,196,0.4708010282600859,0.521167859850353,0.32666666666666666,0.0,0.6054153462844709,0.3438333809548275,0.13801641645190793,0.03873054985762209,0.6866666666666666,0.5725,0.6080016467007758,0.328685207722895,0.13410377545091628,0.028236340489961178,0.5204081632653061,0.5714285714285714
44,600,10,64,0.2,1.0,observed,concat,0.25,32,472,196,0.22195356606760236,0.3197852693919363,0.32666666666666666,0.0,0.5163091168212223,0.3761333656126151,0.145942685634825,0.043881593895715665,0.43166666666666664,0.47583333333333333,0.5541243905331455,0.3493414119836791,0.13992692424776954,0.030720063222943152,0.32653061224489793,0.4770408163265306
44,600,10,64,0.2,1.0,observed,same_pca_additive,0.25,32,472,196,0.4475229159924871,0.49978593662170967,0.32666666666666666,0.0,0.5701398686377255,0.3573151240697058,0.14152790299120663,0.040890721359609104,0.6816666666666666,0.5633333333333334,0.5886592431340384,0.33663800090742724,0.13651186147217453,0.029170729344136757,0.5051020408163265,0.5408163265306123
44,600,10,64,0.2,1.0,shuffled,additive,0.25,32,472,196,0.2039311027171236,0.295121509940816,0.32666666666666666,0.0,0.5236067666564427,0.3732308940279225,0.14519070878277826,0.043407025216045496,0.475,0.4766666666666667,0.5509206283018079,0.35072571698950816,0.14017172006184864,0.031089787365418425,0.37755102040816324,0.4413265306122449
44,600,10,64,0.2,1.0,oracle,additive,0.25,32,472,196,0.5146053348418763,0.592669718771091,0.32666666666666666,0.0,0.6124730143079882,0.3408024695050508,0.1372989228615484,0.03827427082197121,0.655,0.5658333333333333,0.6200829344637497,0.32439004521906006,0.13292015800704085,0.027686851279942554,0.5255102040816326,0.5969387755102041
44,600,10,64,0.2,1.0,observed,additive,0.5,32,472,196,0.3673055435572978,0.43991144618186745,0.32666666666666666,0.0,0.6406109530675167,0.32811074133410006,0.13297861399100486,0.03611231265524057,0.6183333333333333,0.58,0.6251073481325462,0.3201827710785885,0.13090481996822836,0.027280598555668695,0.4642857142857143,0.5790816326530612
44,600,10,64,0.2,1.0,observed,concat,0.5,32,472,196,0.2414801355811507,0.34694676724197543,0.32666666666666666,0.0,0.5143085467728364,0.3767612608036126,0.14561172668512062,0.04369923563830219,0.44666666666666666,0.4191666666666667,0.5358335058526221,0.35574371032923,0.14088842360027815,0.031447530893141576,0.34183673469387754,0.4005102040816326
44,600,10,64,0.2,1.0,observed,same_pca_additive,0.5,32,472,196,0.25164906705151135,0.32719610544725763,0.32666666666666666,0.0,0.5308110267103656,0.3711026955194891,0.14431648903641484,0.04272046679657228,0.43166666666666664,0.4675,0.554589842442537,0.349370223826161,0.13948854030697797,0.030636631424442166,0.336734693877551,0.461734693877551
44,600,10,64,0.2,1.0,shuffled,additive,0.5,32,472,196,0.0778944863494187,0.14079946670589202,0.32666666666666666,0.0,0.49969268648647397,0.3803115126627166,0.14652235891460122,0.04446510486920768,0.3283333333333333,0.37083333333333335,0.5252735802396373,0.3580978307920443,0.1417009795709335,0.03196414852906004,0.24489795918367346,0.37244897959183676
44,600,10,64,0.2,1.0,oracle,additive,0.5,32,472,196,0.8274877117039695,0.838984071469396,0.32666666666666666,0.0,0.7609115001022568,0.28401522980621263,0.12202582477540287,0.028922455133309512,0.92,0.7508333333333334,0.7227619413301105,0.2847940580972183,0.12201015470272134,0.022886135468576208,0.7806122448979592,0.8520408163265306
44,600,10,64,0.2,1.0,observed,additive,1.0,32,472,196,0.2479191798405957,0.3273752836735829,0.32666666666666666,0.0,0.6304890222272516,0.3203424767071161,0.12829304214820453,0.035031015010571744,0.51,0.49,0.6048162335188981,0.32189706161738074,0.1295044262870812,0.02812972008819554,0.413265306122449,0.48214285714285715
44,600,10,64,0.2,1.0,observed,concat,1.0,32,472,196,0.14454720667390314,0.24140800361745238,0.32666666666666666,0.0,0.5426698512213854,0.35906721997432245,0.1384604035158797,0.040987253888530244,0.37,0.3775,0.540701331237103,0.34882394419692747,0.1366108937572292,0.031180148400883383,0.2857142857142857,0.37244897959183676
44,600,10,64,0.2,1.0,observed,same_pca_additive,1.0,32,472,196,0.20105561336652494,0.2614818417877491,0.32666666666666666,0.0,0.5778711971168597,0.3481500059077671,0.1371987040040328,0.03932808498502293,0.41,0.45916666666666667,0.5874815368798021,0.3325000031050455,0.13369419312008984,0.028950366970463295,0.32653061224489793,0.45408163265306123
44,600,10,64,0.2,1.0,shuffled,additive,1.0,32,472,196,0.013946243742737915,0.05731679987366735,0.32666666666666666,0.0,0.43407729610983364,0.398276299597099,0.14962044774021885,0.04824915688080826,0.17,0.2966666666666667,0.46423673609098115,0.37479040577706474,0.144595605643129,0.035216730762426596,0.14795918367346939,0.29081632653061223
44,600,10,64,0.2,1.0,oracle,additive,1.0,32,472,196,0.8909259757198721,0.8964519116667573,0.32666666666666666,0.0,0.8534507153663691,0.23501605586899918,0.10583304718830648,0.020511205718951802,0.95,0.7783333333333333,0.7918328654973141,0.2545431871292393,0.112354349102037,0.019119404494607976,0.8469387755102041,0.9005102040816326
44,600,10,64,0.2,1.0,observed,additive,2.0,32,472,196,0.2514767897387581,0.3380128138106818,0.32666666666666666,0.0,0.6060999533197383,0.31692810103184094,0.12332892202337492,0.036299043525943896,0.495,0.44583333333333336,0.5816179333627688,0.3253704720295604,0.12819766763912768,0.030207954883942827,0.39285714285714285,0.42857142857142855
44,600,10,64,0.2,1.0,observed,concat,2.0,32,472,196,0.21672876105851513,0.30848583067741525,0.32666666666666666,0.0,0.585453386846718,0.3247767343354745,0.12480722732331098,0.03809988487359598,0.48,0.4375,0.5540794822546902,0.33683067894965785,0.13114693167428534,0.03217007545463174,0.37755102040816324,0.42091836734693877
44,600,10,64,0.2,1.0,observed,same_pca_additive,2.0,32,472,196,0.22864989612354417,0.3094803713790733,0.32666666666666666,0.0,0.6264752496698459,0.31203125459290193,0.12377330690916082,0.03485151737755076,0.5,0.4925,0.6067758191323734,0.3162666742513452,0.12665669106838992,0.028307831126369733,0.4030612244897959,0.5076530612244898
44,600,10,64,0.2,1.0,shuffled,additive,2.0,32,472,196,0.005508925138309163,0.04368397253801284,0.32666666666666666,0.0,0.3624985021039466,0.41848056791614774,0.15240798696234942,0.05573529210452849,0.15333333333333332,0.2425,0.3816518145182389,0.40006536838089435,0.14880486922861297,0.04325846441342496,0.1377551020408163,0.23214285714285715
44,600,10,64,0.2,1.0,oracle,additive,2.0,32,472,196,0.9128378421497881,0.9175700414984591,0.32666666666666666,0.0,0.9048779148063864,0.19151635212246004,0.08836279675493657,0.013391426464772187,0.96,0.8,0.8375474658663199,0.23106818267066198,0.10416715046072306,0.01619832177473986,0.8775510204081632,0.9183673469387755
44,600,10,64,0.2,1.5,none,content_only,0.0,32,537,196,0.1930477078378931,0.2762467067646697,0.32666666666666666,0.0,0.5078080696725286,0.37994792766450664,0.14662680257752544,0.04434116637269894,0.4066666666666667,0.425,0.5392462576792137,0.35587098711345655,0.14141882616719142,0.031693725784244946,0.29591836734693877,0.42091836734693877
44,600,10,64,0.2,1.5,observed,additive,0.25,32,537,196,0.4031865992652923,0.4642114592260921,0.32666666666666666,0.0,0.5828085747851117,0.3526319425344045,0.1403202049038685,0.040138114607184944,0.6266666666666667,0.5616666666666666,0.6034064173701854,0.3315043880875765,0.13507430102786405,0.02848958722591115,0.4846938775510204,0.5816326530612245
44,600,10,64,0.2,1.5,observed,concat,0.25,32,537,196,0.22233220964585196,0.30667245639205926,0.32666666666666666,0.0,0.5207320909642538,0.37594590578639936,0.1458835845355319,0.043843886620261154,0.46,0.4575,0.5553989577336044,0.3496928033532803,0.1399112345906153,0.030653910560141023,0.336734693877551,0.45663265306122447
44,600,10,64,0.2,1.5,observed,same_pca_additive,0.25,32,537,196,0.274365800774662,0.3645819045649497,0.32666666666666666,0.0,0.5143164830460834,0.37822991571243797,0.14656345518641356,0.04397804676831363,0.5266666666666666,0.4791666666666667,0.552086797072848,0.35123833193317333,0.14052193340135757,0.03083270161533513,0.39285714285714285,0.48214285714285715
44,600,10,64,0.2,1.5,shuffled,additive,0.25,32,537,196,0.1972855816080421,0.2704941789674996,0.32666666666666666,0.0,0.5156118550052037,0.37646145567865474,0.1460002039880391,0.04383059430609965,0.4266666666666667,0.44083333333333335,0.5409581756435425,0.35426342243000447,0.14107779097124998,0.03125837155843342,0.2602040816326531,0.4030612244897959
44,600,10,64,0.2,1.5,oracle,additive,0.25,32,537,196,0.5146053348418763,0.592669718771091,0.32666666666666666,0.0,0.6124730143079882,0.3408024695050508,0.1372989228615484,0.03827427082197121,0.655,0.5658333333333333,0.6200829344637497,0.32439004521906006,0.13292015800704085,0.027686851279942554,0.5255102040816326,0.5969387755102041
44,600,10,64,0.2,1.5,observed,additive,0.5,32,537,196,0.2857187777252097,0.36732399372723457,0.32666666666666666,0.0,0.6053937525758328,0.34199422865339085,0.13676028463489787,0.03843441889957377,0.5633333333333334,0.565,0.6161909652415494,0.324734087976216,0.13248865003558377,0.027743154660186665,0.42857142857142855,0.5663265306122449
44,600,10,64,0.2,1.5,observed,concat,0.5,32,537,196,0.14410727575620091,0.25312940289986374,0.32666666666666666,0.0,0.4712461978723896,0.3927082416820067,0.14938337117896303,0.04612623301072432,0.335,0.35083333333333333,0.5114290751333322,0.3651346900984499,0.14329120368528903,0.0325760288094514,0.2755102040816326,0.32142857142857145
44,600,10,64,0.2,1.5,observed,same_pca_additive,0.5,32,537,196,0.09319632481254633,0.16007424377235976,0.32666666666666666,0.0,0.4474538311381442,0.4037480727811862,0.1522785666600602,0.04737830096519925,0.24333333333333335,0.34833333333333333,0.49341811512928163,0.3745898827187657,0.14652376514682144,0.03340205581064201,0.22448979591836735,0.3494897959183674
44,600,10,64,0.2,1.5,shuffled,additive,0.5,32,537,196,0.06302050549294841,0.13161206914962847,0.32666666666666666,0.0,0.47363695570664693,0.39091173908416266,0.14912355908536665,0.04596336607686665,0.29,0.3591666666666667,0.5070780338677154,0.36509427726110455,0.14335104316846614,0.03279829714012113,0.1836734693877551,0.3137755102040816
44,600,10,64,0.2,1.5,oracle,additive,0.5,32,537,196,0.8274877117039695,0.838984071469396,0.32666666666666666,0.0,0.7609115001022568,0.28401522980621263,0.12202582477540287,0.028922455133309512,0.92,0.7508333333333334,0.7227619413301105,0.2847940580972183,0.12201015470272134,0.022886135468576208,0.7806122448979592,0.8520408163265306
44,600,10,64,0.2,1.5,observed,additive,1.0,32,537,196,0.16044058056063032,0.25230376464277404,0.32666666666666666,0.0,0.5411447611273601,0.3571725538715293,0.1381783822101219,0.0410771655924609,0.41,0.4191666666666667,0.5594643964746061,0.34081640883101305,0.13454872156255085,0.030168216973544403,0.3826530612244898,0.4336734693877551
44,600,10,64,0.2,1.5,observed,concat,1.0,32,537,196,0.07634509187891127,0.16900674394565737,0.32666666666666666,0.0,0.5008264850474466,0.37542535799839544,0.1429971426629499,0.043866598843224476,0.2966666666666667,0.355,0.5229646328936232,0.3558652158465838,0.13823749648344985,0.03203289222639379,0.25510204081632654,0.336734693877551
44,600,10,64,0.2,1.5,observed,same_pca_additive,1.0,32,537,196,0.0630246793005403,0.12019355594856206,0.32666666666666666,0.0,0.4641079070369695,0.3954864561983024,0.14992609499647444,0.04624019331525244,0.23666666666666666,0.3433333333333333,0.5038617717329901,0.36898952439347904,0.14447730032851164,0.03290493460488151,0.2193877551020408,0.32908163265306123
44,600,10,64,0.2,1.5,shuffled,additive,1.0,32,537,196,0.02356423702565447,0.07343733373179397,0.32666666666666666,0.0,0.43712333435567285,0.39854501059135394,0.1501418279598629,0.04800215077465871,0.18666666666666668,0.30333333333333334,0.4686769339725221,0.3738180042573132,0.14421628198127615,0.03488247419259024,0.12244897959183673,0.29081632653061223
44,600,10,64,0.2,1.5,oracle,additive,1.0,32,537,196,0.8909259757198721,0.8964519116667573,0.32666666666666666,0.0,0.8534507153663691,0.23501605586899918,0.10583304718830648,0.020511205718951802,0.95,0.7783333333333333,0.7918328654973141,0.2545431871292393,0.112354349102037,0.019119404494607976,0.8469387755102041,0.9005102040816326
44,600,10,64,0.2,1.5,observed,additive,2.0,32,537,196,0.1396467115646956,0.2352903632797162,0.32666666666666666,0.0,0.535935940714472,0.3466939563486674,0.13215713545667496,0.04179750005462587,0.405,0.3933333333333333,0.5469109850562494,0.3370939873781992,0.13125038699330543,0.03178854928277568,0.33163265306122447,0.40561224489795916
44,600,10,64,0.2,1.5,observed,concat,2.0,32,537,196,0.11400144056444461,0.20077855647040752,0.32666666666666666,0.0,0.4954189276285116,0.36690277918726943,0.1367004304994775,0.044956367400414345,0.34833333333333333,0.3775,0.5149552953532492,0.3542551265797425,0.13527567897075646,0.03401358177031905,0.3112244897959184,0.37755102040816324
44,600,10,64,0.2,1.5,observed,same_pca_additive,2.0,32,537,196,0.10543436650466687,0.1877849701396326,0.32666666666666666,0.0,0.523711153995232,0.3599815864309989,0.1374287647173432,0.042076336400461024,0.33666666666666667,0.3908333333333333,0.5430912298219858,0.3449511993052595,0.13408446753430536,0.031221629607076,0.29591836734693877,0.4005102040816326
44,600,10,64,0.2,1.5,shuffled,additive,2.0,32,537,196,0.011532217341976394,0.05472239551318122,0.32666666666666666,0.0,0.37727118864691933,0.4173807154837515,0.15269398769856538,0.05421127377033561,0.18666666666666668,0.29083333333333333,0.39721278727920545,0.39786359469522076,0.14793636527004117,0.04171005877537712,0.11734693877551021,0.2576530612244898
44,600,10,64,0.2,1.5,oracle,additive,2.0,32,537,196,0.9128378421497881,0.9175700414984591,0.32666666666666666,0.0,0.9048779148063864,0.19151635212246004,0.08836279675493657,0.013391426464772187,0.96,0.8,0.8375474658663199,0.23106818267066198,0.10416715046072306,0.01619832177473986,0.8775510204081632,0.9183673469387755
44,600,10,64,0.2,2.0,none,content_only,0.0,32,580,196,0.1930477078378931,0.2762467067646697,0.32666666666666666,0.0,0.5078080696725286,0.37994792766450664,0.14662680257752544,0.04434116637269894,0.4066666666666667,0.425,0.5392462576792137,0.35587098711345655,0.14141882616719142,0.031693725784244946,0.29591836734693877,0.42091836734693877
44,600,10,64,0.2,2.0,observed,additive,0.25,32,580,196,0.2646437723992283,0.3559599077988106,0.32666666666666666,0.0,0.5415141440281762,0.3666366495530307,0.14357484771851747,0.04237342307621251,0.46166666666666667,0.4791666666666667,0.5718955436367134,0.3426545255418545,0.1377631156419134,0.02985184616497205,0.37755102040816324,0.44642857142857145
44,600,10,64,0.2,2.0,observed,concat,0.25,32,580,196,0.2875236874418028,0.3528344742219439,0.32666666666666666,0.0,0.5348426805605045,0.3706744217434549,0.14475290156821652,0.042953547847154286,0.5433333333333333,0.4975,0.5662344816682565,0.34522100770999836,0.13880615542917138,0.030236999436472844,0.4489795918367347,0.5
44,600,10,64,0.2,2.0,observed,same_pca_additive,0.25,32,580,196,0.1809147515889593,0.279821121722706,0.32666666666666666,0.0,0.46788330558598856,0.3960468234307797,0.1506702252711223,0.0463610503245849,0.32666666666666666,0.37916666666666665,0.5080463172172925,0.36866249775901355,0.1451430592539939,0.03277827145443109,0.25510204081632654,0.36989795918367346
44,600,10,64,0.2,2.0,shuffled,additive,0.25,32,580,196,0.20485701926619115,0.2941811254553511,0.32666666666666666,0.0,0.5199804238593702,0.37559086023188093,0.14594338422528946,0.04366159017625527,0.45666666666666667,0.4633333333333333,0.5481465672039577,0.35229674361751173,0.140662803882909,0.03096843559835633,0.336734693877551,0.4336734693877551
44,600,10,64,0.2,2.0,oracle,additive,0.25,32,580,196,0.5146053348418763,0.592669718771091,0.32666666666666666,0.0,0.6124730143079882,0.3408024695050508,0.1372989228615484,0.03827427082197121,0.655,0.5658333333333333,0.6200829344637497,0.32439004521906006,0.13292015800704085,0.027686851279942554,0.5255102040816326,0.5969387755102041
44,600,10,64,0.2,2.0,observed,additive,0.5,32,580,196,0.20209030640587877,0.2849414085273859,0.32666666666666666,0.0,0.5460784423022452,0.3638578057008586,0.14215775445005446,0.041665018628554304,0.455,0.44083333333333335,0.563638117720156,0.34510006754636224,0.13793783799565765,0.03010731296412432,0.32653061224489793,0.39540816326530615
44,600,10,64,0.2,2.0,observed,concat,0.5,32,580,196,0.10415807706329687,0.2045828530883487,0.32666666666666666,0.0,0.46720595851124896,0.3941655170870653,0.14971517420693378,0.04626558182044763,0.335,0.3441666666666667,0.49878521644981855,0.37028628183509626,0.1448974199956403,0.0331714649133185,0.2602040816326531,0.31887755102040816
44,600,10,64,0.2,2.0,observed,same_pca_additive,0.5,32,580,196,0.0758277957162323,0.17348894988166125,0.32666666666666666,0.0,0.42326807722308196,0.41318695395676225,0.1545726786143096,0.0487013228343641,0.22833333333333333,0.3591666666666667,0.4802768543405605,0.3801860603709427,0.14806258038693854,0.03396753214070725,0.1683673469387755,0.34438775510204084
44,600,10,64,0.2,2.0,shuffled,additive,0.5,32,580,196,0.053481604512623696,0.10969339359563421,0.32666666666666666,0.0,0.4406791795676792,0.4034901237526367,0.15181856673710914,0.04779238575069613,0.20666666666666667,0.3016666666666667,0.490377499892282,0.3722806491688902,0.14503799519458346,0.033517628354095684,0.14795918367346939,0.29081632653061223
44,600,10,64,0.2,2.0,oracle,additive,0.5,32,580,196,0.8274877117039695,0.838984071469396,0.32666666666666666,0.0,0.7609115001022568,0.28401522980621263,0.12202582477540287,0.028922455133309512,0.92,0.7508333333333334,0.7227619413301105,0.2847940580972183,0.12201015470272134,0.022886135468576208,0.7806122448979592,0.8520408163265306
44,600,10,64,0.2,2.0,observed,additive,1.0,32,580,196,0.08911409089011973,0.16671581675429092,0.32666666666666666,0.0,0.49943606805314156,0.37349823337792115,0.1427413586141489,0.04368746401764624,0.3233333333333333,0.3591666666666667,0.5240926456476384,0.3552007067636656,0.13907909477551578,0.03187855475757953,0.29591836734693877,0.35459183673469385
44,600,10,64,0.2,2.0,observed,concat,1.0,32,580,196,0.05965754189697119,0.13503539179711085,0.32666666666666666,0.0,0.4627975781142487,0.38960210532225026,0.14656990108819604,0.046199220265454796,0.275,0.3175,0.4965219758710993,0.36617535684522495,0.1413983237960679,0.033320946175928415,0.24489795918367346,0.29846938775510207
44,600,10,64,0.2,2.0,observed,same_pca_additive,1.0,32,580,196,0.051536689416095294,0.11888407697044512,0.32666666666666666,0.0,0.42326780073485304,0.413187062167348,0.1545727019963166,0.048701336886133303,0.18166666666666667,0.3016666666666667,0.4802767431856016,0.38018611170415945,0.14806259536361024,0.03396753680596741,0.15816326530612246,0.3010204081632653
44,600,10,64,0.2,2.0,shuffled,additive,1.0,32,580,196,0.005084895265806592,0.04696672595259999,0.32666666666666666,0.0,0.41760008744854665,0.40912522704346,0.15229943795555154,0.04913684848120908,0.14333333333333334,0.2675,0.45912552585479965,0.38014980813053606,0.14585669463946677,0.035196022652213714,0.12244897959183673,0.28316326530612246
44,600,10,64,0.2,2.0,oracle,additive,1.0,32,580,196,0.8909259757198721,0.8964519116667573,0.32666666666666666,0.0,0.8534507153663691,0.23501605586899918,0.10583304718830648,0.020511205718951802,0.95,0.7783333333333333,0.7918328654973141,0.2545431871292393,0.112354349102037,0.019119404494607976,0.8469387755102041,0.9005102040816326
44,600,10,64,0.2,2.0,observed,additive,2.0,32,580,196,0.05450217060963271,0.15483944665127314,0.32666666666666666,0.0,0.4736114378592619,0.3757921506723173,0.14056737109629344,0.04656559094951579,0.2916666666666667,0.36083333333333334,0.5197765919522204,0.3494569796039012,0.13474365442406006,0.0333256790357211,0.2857142857142857,0.3826530612244898
44,600,10,64,0.2,2.0,observed,concat,2.0,32,580,196,0.03900304670303198,0.12783183870380257,0.32666666666666666,0.0,0.4559521648670549,0.3833205586953346,0.14166845259462907,0.04814078414321314,0.2916666666666667,0.3325,0.495770986623287,0.35901838701717775,0.13671466246356684,0.03474325931128651,0.3010204081632653,0.3494897959183674
44,600,10,64,0.2,2.0,observed,same_pca_additive,2.0,32,580,196,0.05078966462454117,0.12267783662508264,0.32666666666666666,0.0,0.46910338959653036,0.38449752370801793,0.14465204918928262,0.04560806510794651,0.27,0.31916666666666665,0.49245905118291794,0.3676537148902859,0.1411932180202721,0.03365556317612647,0.25510204081632654,0.3010204081632653
44,600,10,64,0.2,2.0,shuffled,additive,2.0,32,580,196,1.4279861961313115e-05,0.0324062466683176,0.32666666666666666,0.0,0.37258191160137727,0.42215811360883554,0.1537292427701111,0.05394824975752821,0.13166666666666665,0.24583333333333332,0.40751083731519194,0.3954633241344707,0.14711575568823188,0.04028984551319471,0.10204081632653061,0.23214285714285715
44,600,10,64,0.2,2.0,oracle,additive,2.0,32,580,196,0.9128378421497881,0.9175700414984591,0.32666666666666666,0.0,0.9048779148063864,0.19151635212246004,0.08836279675493657,0.013391426464772187,0.96,0.8,0.8375474658663199,0.23106818267066198,0.10416715046072306,0.01619832177473986,0.8775510204081632,0.9183673469387755
44,600,10,64,0.3,0.0,none,content_only,0.0,32,0,196,0.05046826152631966,0.11551877457392715,0.32666666666666666,0.0,0.46259174276568804,0.3957025979780702,0.1501279484913288,0.04686710652673474,0.25833333333333336,0.3541666666666667,0.5072566665931514,0.36804519734752317,0.1447530679738593,0.03287230630363694,0.1989795918367347,0.33163265306122447
44,600,10,64,0.3,0.0,observed,additive,0.25,32,0,196,0.5550188568676364,0.6099656462706057,0.32666666666666666,0.0,0.6052226480752967,0.34471905329003383,0.13849137738445708,0.03896173252432345,0.725,0.6075,0.6199843514837997,0.3253650978498691,0.13354565597460077,0.02777924758995316,0.6071428571428571,0.6556122448979592
44,600,10,64,0.3,0.0,observed,concat,0.25,32,0,196,0.14944732373336367,0.2354325756375712,0.32666666666666666,0.0,0.49136991542585967,0.385713763833158,0.14793825175565792,0.04513097247712725,0.3466666666666667,0.3825,0.5293375256208058,0.3597574253067256,0.14272706580636046,0.03190698702380472,0.23979591836734693,0.3647959183673469
44,600,10,64,0.3,0.0,observed,same_pca_additive,0.25,32,0,196,0.4109617388561557,0.49328921884716814,0.32666666666666666,0.0,0.5471731457259543,0.3658211893344371,0.1436050574853872,0.042206187426303006,0.62,0.5275,0.5718467107688141,0.3428810517969537,0.13819389969646134,0.02992793183969962,0.45408163265306123,0.5127551020408163
44,600,10,64,0.3,0.0,shuffled,additive,0.25,32,0,196,0.05472297229301591,0.12716717188542262,0.32666666666666666,0.0,0.458394040080886,0.39788174584089453,0.15059298389951864,0.04716199408159262,0.23,0.325,0.49418396471513093,0.3732206369248116,0.14584449061755672,0.03366973394489001,0.17346938775510204,0.29336734693877553
44,600,10,64,0.3,0.0,oracle,additive,0.25,32,0,196,0.5266511308993573,0.5863042501564045,0.32666666666666666,0.0,0.5991851178709892,0.34721662733339104,0.13909660742474364,0.03926328682445012,0.7116666666666667,0.5908333333333333,0.6130590981482157,0.3277814708393645,0.13405989459331,0.028060738510956335,0.576530612244898,0.6352040816326531
44,600,10,64,0.3,0.0,observed,additive,0.5,32,0,196,0.8193681755677795,0.83170507967536,0.32666666666666666,0.0,0.7285937904523155,0.298422411451852,0.12625406496551,0.03143472290020551,0.9166666666666666,0.7333333333333333,0.7046071872792237,0.29239907871435905,0.12427717379123307,0.02381299295585735,0.7755102040816326,0.8341836734693877
44,600,10,64,0.3,0.0,observed,concat,0.5,32,0,196,0.77261455338465,0.7879362047739209,0.32666666666666666,0.0,0.6498438847134764,0.3297544649046343,0.13500101579986878,0.0365969579228435,0.8933333333333333,0.685,0.6507984249673733,0.31391541315069565,0.130665210732017,0.02642891679213808,0.7244897959183674,0.7653061224489796
44,600,10,64,0.3,0.0,observed,same_pca_additive,0.5,32,0,196,0.6683658802464443,0.715128499934398,0.32666666666666666,0.0,0.6151015365149974,0.34086731039247126,0.13745710514083873,0.038465460011511375,0.8033333333333333,0.6291666666666667,0.6259013475023311,0.32182643261234195,0.13250633209513918,0.027487305510826763,0.6632653061224489,0.673469387755102
44,600,10,64,0.3,0.0,shuffled,additive,0.5,32,0,196,0.0384482256730838,0.09669925587367838,0.32666666666666666,0.0,0.48289160916044543,0.38694099397738785,0.14820817569338818,0.04543978922261014,0.25333333333333335,0.3358333333333333,0.5137390689814241,0.3636647712920357,0.14334027757277215,0.03249961406682979,0.20918367346938777,0.3010204081632653
44,600,10,64,0.3,0.0,oracle,additive,0.5,32,0,196,0.6857653658068409,0.7258051536353994,0.32666666666666666,0.0,0.6866395758711583,0.3128148311117379,0.1299700569778602,0.03384922972445805,0.7966666666666666,0.6608333333333334,0.6778098251856978,0.3025195996449454,0.12698133925112154,0.025035272355747453,0.6836734693877551,0.7346938775510204
44,600,10,64,0.3,0.0,observed,additive,1.0,32,0,196,0.7492755292131709,0.7914643792239697,0.32666666666666666,0.0,0.7838520895683386,0.2649781175127314,0.11467768353961462,0.025742899639205594,0.8366666666666667,0.7025,0.7417542517368989,0.27435129066972036,0.11780569760724707,0.021592708853499655,0.75,0.7882653061224489
44,600,10,64,0.3,0.0,observed,concat,1.0,32,0,196,0.7965241138199316,0.8300977351125441,0.32666666666666666,0.0,0.7756166799339458,0.2736850289126248,0.11843996637507992,0.02735850248617347,0.8666666666666667,0.7208333333333333,0.7477414166763143,0.27413431568882596,0.11846415844469303,0.02152545429039705,0.8316326530612245,0.8418367346938775
44,600,10,64,0.3,0.0,observed,same_pca_additive,1.0,32,0,196,0.8658782859050912,0.8734881274267465,0.32666666666666666,0.0,0.7909892951307944,0.27097887520923564,0.11804162445910697,0.027005098826431654,0.9383333333333334,0.7466666666666667,0.7576044820945845,0.26940621644924817,0.11712408628119603,0.02103096647326925,0.8214285714285714,0.8698979591836735
44,600,10,64,0.3,0.0,shuffled,additive,1.0,32,0,196,0.006721805998254219,0.04410269249826893,0.32666666666666666,0.0,0.4303320022564399,0.3988703687544426,0.15005330103560077,0.04839211931614595,0.14833333333333334,0.2658333333333333,0.4645986059483316,0.3743194684152336,0.14458989636835576,0.03506678092506237,0.12755102040816327,0.24489795918367346
44,600,10,64,0.3,0.0,oracle,additive,1.0,32,0,196,0.8760668325827724,0.8826481703384608,0.32666666666666666,0.0,0.8361127611432185,0.24630255895298026,0.10985393623510051,0.022475476702628533,0.9433333333333334,0.7775,0.7793832639746093,0.2604106153771221,0.1142940571285039,0.019848167486617763,0.826530612244898,0.8954081632653061
44,600,10,64,0.3,0.0,observed,additive,2.0,32,0,196,0.921258618581303,0.9225528813489464,0.32666666666666666,0.0,0.9065623820675527,0.19253663691271938,0.08896283361089984,0.013574150405654005,0.9633333333333334,0.8008333333333333,0.8433603602388956,0.22794740428444635,0.10292690754158158,0.015800964581990828,0.8877551020408163,0.9285714285714286
44,600,10,64,0.3,0.0,observed,concat,2.0,32,0,196,0.9377886147190733,0.9396439658359265,0.32666666666666666,0.0,0.9109946627499043,0.1892796175387039,0.08781561081463221,0.013010782578331048,0.9716666666666667,0.8091666666666667,0.8480401465469679,0.2262818380412797,0.10263285144671325,0.015582507741879553,0.9132653061224489,0.9387755102040817
44,600,10,64,0.3,0.0,observed,same_pca_additive,2.0,32,0,196,0.8987235802316019,0.9026900037949,0.32666666666666666,0.0,0.8922739753317287,0.20757815104602306,0.09535250849936049,0.016101703739500275,0.9533333333333334,0.7716666666666666,0.8331346987340699,0.23227278332799772,0.10430893998165246,0.01641112681113148,0.8622448979591837,0.9056122448979592
44,600,10,64,0.3,0.0,shuffled,additive,2.0,32,0,196,0.0038410705322972677,0.0406029542069235,0.32666666666666666,0.0,0.34817069244254306,0.4230554786903945,0.15348321151872774,0.05675627095931718,0.15666666666666668,0.22416666666666665,0.3701459977958431,0.4008448316620813,0.14939307458878706,0.04319777004529465,0.11734693877551021,0.21683673469387754
44,600,10,64,0.3,0.0,oracle,additive,2.0,32,0,196,0.9086646200562546,0.9161559885823362,0.32666666666666666,0.0,0.900435270224884,0.19689660632040187,0.09076223225208499,0.014215312125469831,0.9583333333333334,0.7983333333333333,0.8333017776881199,0.23347402986510973,0.10503649636058984,0.0164895305817365,0.8724489795918368,0.9183673469387755
44,600,10,64,0.3,0.5,none,content_only,0.0,32,312,196,0.05046826152631966,0.11551877457392715,0.32666666666666666,0.0,0.46259174276568804,0.3957025979780702,0.1501279484913288,0.04686710652673474,0.25833333333333336,0.3541666666666667,0.5072566665931514,0.36804519734752317,0.1447530679738593,0.03287230630363694,0.1989795918367347,0.33163265306122447
44,600,10,64,0.3,0.5,observed,additive,0.25,32,312,196,0.42430552916070485,0.5015989091723259,0.32666666666666666,0.0,0.5775684525583918,0.3550370428983938,0.1408248488830931,0.04041248551690689,0.635,0.5391666666666667,0.5954320281461599,0.33453401706919245,0.13575585310474628,0.02885802068198666,0.4897959183673469,0.5535714285714286
44,600,10,64,0.3,0.5,observed,concat,0.25,32,312,196,0.08944452484905938,0.1729576344117749,0.32666666666666666,0.0,0.46992998617919457,0.39391141442048366,0.14987601877053325,0.046669200365852335,0.31833333333333336,0.3566666666666667,0.5141793594265973,0.3645072462570323,0.14351051079674573,0.03345261956280468,0.2602040816326531,0.3622448979591837
44,600,10,64,0.3,0.5,observed,same_pca_additive,0.25,32,312,196,0.29310972523390233,0.39118046797030787,0.32666666666666666,0.0,0.5221323427917101,0.375340783776258,0.14588123147182216,0.043516857809128284,0.51,0.4766666666666667,0.5550639230216269,0.3501556680382247,0.14016119200364213,0.03069778397447436,0.4030612244897959,0.46938775510204084
44,600,10,64,0.3,0.5,shuffled,additive,0.25,32,312,196,0.06580003275597635,0.125842904070347,0.32666666666666666,0.0,0.46714624450487635,0.39435606840276827,0.14993923932490652,0.046582070426751214,0.24833333333333332,0.3308333333333333,0.5110861162953197,0.36636158614911196,0.14412600546210308,0.03262040883099318,0.2193877551020408,0.32908163265306123
44,600,10,64,0.3,0.5,oracle,additive,0.25,32,312,196,0.5266511308993573,0.5863042501564045,0.32666666666666666,0.0,0.5991851178709892,0.34721662733339104,0.13909660742474364,0.03926328682445012,0.7116666666666667,0.5908333333333333,0.6130590981482157,0.3277814708393645,0.13405989459331,0.028060738510956335,0.576530612244898,0.6352040816326531
44,600,10,64,0.3,0.5,observed,additive,0.5,32,312,196,0.5385886783111565,0.5895069436485508,0.32666666666666666,0.0,0.6443735697419138,0.32866844582837357,0.1336805840473518,0.03628602042158793,0.7166666666666667,0.5966666666666667,0.647296362208639,0.3141235250702546,0.129797464477816,0.02642421347689045,0.6479591836734694,0.6556122448979592
44,600,10,64,0.3,0.5,observed,concat,0.5,32,312,196,0.39597589445609876,0.4616601281407932,0.32666666666666666,0.0,0.5635587493819855,0.35975407221901584,0.14195233170549781,0.041227233928920276,0.5683333333333334,0.5191666666666667,0.5894172255348242,0.33659282732646173,0.13624681349519224,0.029125137233230673,0.5153061224489796,0.5382653061224489
44,600,10,64,0.3,0.5,observed,same_pca_additive,0.5,32,312,196,0.4002148121770483,0.4805964677675415,0.32666666666666666,0.0,0.5481586315064348,0.3656217587037753,0.14353588402714218,0.04214258453978364,0.6116666666666667,0.525,0.5732262308568495,0.3427644639426392,0.13820695659785592,0.029897060627211525,0.4846938775510204,0.5255102040816326
44,600,10,64,0.3,0.5,shuffled,additive,0.5,32,312,196,0.03527215720748794,0.08963283523865918,0.32666666666666666,0.0,0.47952404271066135,0.3883232987017559,0.1486213337472594,0.04569042848640675,0.25833333333333336,0.3516666666666667,0.5139802491121123,0.3630013865628371,0.1432204080785902,0.032515206568811544,0.19387755102040816,0.33418367346938777
44,600,10,64,0.3,0.5,oracle,additive,0.5,32,312,196,0.6857653658068409,0.7258051536353994,0.32666666666666666,0.0,0.6866395758711583,0.3128148311117379,0.1299700569778602,0.03384922972445805,0.7966666666666666,0.6608333333333334,0.6778098251856978,0.3025195996449454,0.12698133925112154,0.025035272355747453,0.6836734693877551,0.7346938775510204
44,600,10,64,0.3,0.5,observed,additive,1.0,32,312,196,0.4838889195179985,0.5400605584618978,0.32666666666666666,0.0,0.7172082067925235,0.2907826513252808,0.12118899748108637,0.030352345268419706,0.69,0.6316666666666667,0.7067876486282807,0.2861882748581401,0.12016179705327149,0.023212207507181355,0.6275510204081632,0.6964285714285714
44,600,10,64,0.3,0.5,observed,concat,1.0,32,312,196,0.5064957989934815,0.5693880986169083,0.32666666666666666,0.0,0.6914240642896987,0.3036907722263293,0.12504758404918415,0.032423846495112256,0.7033333333333334,0.6166666666666667,0.6886560050993478,0.2948616740555211,0.12285233294828915,0.02422949723534286,0.6836734693877551,0.7168367346938775
44,600,10,64,0.3,0.5,observed,same_pca_additive,1.0,32,312,196,0.4539191026009959,0.5035708614726058,0.32666666666666666,0.0,0.6469829883400334,0.32641208676061256,0.13255704674681773,0.03590657985847337,0.645,0.5575,0.6460797687890792,0.3135913810717943,0.12916579739652528,0.026413146656110865,0.5612244897959183,0.6096938775510204
44,600,10,64,0.3,0.5,shuffled,additive,1.0,32,312,196,0.003130660737059711,0.035737817914584545,0.32666666666666666,0.0,0.4254685626299708,0.4005368038639444,0.15051548274500598,0.04875873856907394,0.13833333333333334,0.2916666666666667,0.45947530954324667,0.3749965965792479,0.144997678991289,0.03545775212097314,0.1326530612244898,0.2653061224489796
44,600,10,64,0.3,0.5,oracle,additive,1.0,32,312,196,0.8760668325827724,0.8826481703384608,0.32666666666666666,0.0,0.8361127611432185,0.24630255895298026,0.10985393623510051,0.022475476702628533,0.9433333333333334,0.7775,0.7793832639746093,0.2604106153771221,0.1142940571285039,0.019848167486617763,0.826530612244898,0.8954081632653061
44,600,10,64,0.3,0.5,observed,additive,2.0,32,312,196,0.485712829440185,0.5570796293359815,0.32666666666666666,0.0,0.7403437205393745,0.26126942581657,0.10840435078287057,0.02664207488935647,0.7016666666666667,0.6316666666666667,0.7235607014346026,0.27201097395551344,0.114095046348236,0.021942528973885263,0.6377551020408163,0.6862244897959183
44,600,10,64,0.3,0.5,observed,concat,2.0,32,312,196,0.5006430947699081,0.5592513487282716,0.32666666666666666,0.0,0.732058718027911,0.26350439537129006,0.10854264475097884,0.02757033591333802,0.7016666666666667,0.615,0.7103893844765292,0.27676596661013175,0.11586743842291988,0.022919702862465724,0.6428571428571429,0.6862244897959183
44,600,10,64,0.3,0.5,observed,same_pca_additive,2.0,32,312,196,0.48506222505889973,0.545029022908679,0.32666666666666666,0.0,0.7377859976191655,0.27049882693712257,0.11280817854497134,0.027460995966898376,0.6916666666666667,0.6191666666666666,0.7249359756130497,0.27312706379698776,0.11440004083483873,0.0218596042424162,0.6224489795918368,0.6785714285714286
44,600,10,64,0.3,0.5,shuffled,additive,2.0,32,312,196,0.005351203045993495,0.04043929157823785,0.32666666666666666,0.0,0.3571646767726342,0.4218108713219275,0.15322919708603705,0.05603285802054599,0.17166666666666666,0.22583333333333333,0.3958576313460955,0.3922172241051273,0.1467760616776893,0.04238662459921395,0.16326530612244897,0.2423469387755102
44,600,10,64,0.3,0.5,oracle,additive,2.0,32,312,196,0.9086646200562546,0.9161559885823362,0.32666666666666666,0.0,0.900435270224884,0.19689660632040187,0.09076223225208499,0.014215312125469831,0.9583333333333334,0.7983333333333333,0.8333017776881199,0.23347402986510973,0.10503649636058984,0.0164895305817365,0.8724489795918368,0.9183673469387755
44,600,10,64,0.3,1.0,none,content_only,0.0,32,472,196,0.05046826152631966,0.11551877457392715,0.32666666666666666,0.0,0.46259174276568804,0.3957025979780702,0.1501279484913288,0.04686710652673474,0.25833333333333336,0.3541666666666667,0.5072566665931514,0.36804519734752317,0.1447530679738593,0.03287230630363694,0.1989795918367347,0.33163265306122447
44,600,10,64,0.3,1.0,observed,additive,0.25,32,472,196,0.31502752526467903,0.39364589834698027,0.32666666666666666,0.0,0.5533809529862312,0.3624717177951818,0.14264837410517195,0.04179765916790627,0.5833333333333334,0.5258333333333334,0.581384953828234,0.33832496743782264,0.1368094572767184,0.029442424485621857,0.4489795918367347,0.5153061224489796
44,600,10,64,0.3,1.0,observed,concat,0.25,32,472,196,0.03676085221877256,0.10616034810670673,0.32666666666666666,0.0,0.4531324654391606,0.400169845650935,0.15120991226406108,0.04760704148317914,0.215,0.29333333333333333,0.49544774869437347,0.3736501798060924,0.1460293461800668,0.03372765842312568,0.1683673469387755,0.2627551020408163
44,600,10,64,0.3,1.0,observed,same_pca_additive,0.25,32,472,196,0.19757494089999103,0.2861259838400279,0.32666666666666666,0.0,0.49136740254140704,0.3868769117217608,0.14849840172407544,0.045140462238875176,0.43833333333333335,0.445,0.5283440564945544,0.3604089024077425,0.14283282688227503,0.031866098191823344,0.3010204081632653,0.43112244897959184
44,600,10,64,0.3,1.0,shuffled,additive,0.25,32,472,196,0.043576409253166436,0.10356014718025955,0.32666666666666666,0.0,0.46592038365890964,0.39364735921188204,0.1496620699434667,0.04649007743479456,0.24333333333333335,0.3416666666666667,0.5091220940319315,0.36557685260874817,0.14392877844768082,0.03286039896632194,0.1836734693877551,0.3010204081632653
44,600,10,64,0.3,1.0,oracle,additive,0.25,32,472,196,0.5266511308993573,0.5863042501564045,0.32666666666666666,0.0,0.5991851178709892,0.34721662733339104,0.13909660742474364,0.03926328682445012,0.7116666666666667,0.5908333333333333,0.6130590981482157,0.3277814708393645,0.13405989459331,0.028060738510956335,0.576530612244898,0.6352040816326531
44,600,10,64,0.3,1.0,observed,additive,0.5,32,472,196,0.2522878156963105,0.32351067988859633,0.32666666666666666,0.0,0.5598100866560864,0.3590266120353603,0.14106858625017116,0.04101372095991059,0.49333333333333335,0.4608333333333333,0.5660481766733335,0.3425539423948936,0.13718635223570508,0.030069233618912446,0.37755102040816324,0.44642857142857145
44,600,10,64,0.3,1.0,observed,concat,0.5,32,472,196,0.1819387240643829,0.28439769024068157,0.32666666666666666,0.0,0.49047316515927986,0.3854569780851682,0.1477578663705132,0.045108229606571244,0.37666666666666665,0.38333333333333336,0.5208926547471953,0.3613787482867174,0.1425008585127755,0.03212596842928016,0.25,0.3494897959183674
44,600,10,64,0.3,1.0,observed,same_pca_additive,0.5,32,472,196,0.11341159196155406,0.17336256178295417,0.32666666666666666,0.0,0.4611922539381444,0.3984273031074623,0.15107356913498357,0.046639461632096604,0.2733333333333333,0.36833333333333335,0.5014623864929717,0.3712152904170572,0.14564340936631304,0.03305002266615055,0.2193877551020408,0.3596938775510204
44,600,10,64,0.3,1.0,shuffled,additive,0.5,32,472,196,0.028500572152112266,0.07713295746558116,0.32666666666666666,0.0,0.4612292199319724,0.39501849858887017,0.14992768681813978,0.04660808321096289,0.22,0.31416666666666665,0.5016344587709871,0.3679592162482979,0.14429513001267325,0.03305884168881069,0.1683673469387755,0.3086734693877551
44,600,10,64,0.3,1.0,oracle,additive,0.5,32,472,196,0.6857653658068409,0.7258051536353994,0.32666666666666666,0.0,0.6866395758711583,0.3128148311117379,0.1299700569778602,0.03384922972445805,0.7966666666666666,0.6608333333333334,0.6778098251856978,0.3025195996449454,0.12698133925112154,0.025035272355747453,0.6836734693877551,0.7346938775510204
44,600,10,64,0.3,1.0,observed,additive,1.0,32,472,196,0.24143733629656922,0.3163451930356048,0.32666666666666666,0.0,0.6128719988328292,0.3299148155476742,0.13123147876757518,0.03668461093799711,0.49833333333333335,0.4825,0.5990612729209335,0.3250128913320793,0.13063893748068242,0.028428051573188815,0.3979591836734694,0.47959183673469385
44,600,10,64,0.3,1.0,observed,concat,1.0,32,472,196,0.20465343009857417,0.28828180663921776,0.32666666666666666,0.0,0.5551453298236732,0.35512229064227246,0.13771522799508687,0.04051743003314003,0.42833333333333334,0.39416666666666667,0.5497122359963272,0.34500348736766845,0.13561008433115845,0.030836764161956687,0.3673469387755102,0.3903061224489796
44,600,10,64,0.3,1.0,observed,same_pca_additive,1.0,32,472,196,0.14787872366912996,0.2171186737344017,0.32666666666666666,0.0,0.5214053288712887,0.3723617885055422,0.1438744765014555,0.04295592280330061,0.3333333333333333,0.4141666666666667,0.5407709587708105,0.3525388180825058,0.13959097336310325,0.031168857336188686,0.2857142857142857,0.3852040816326531
44,600,10,64,0.3,1.0,shuffled,additive,1.0,32,472,196,0.008781114980383134,0.04623824981157445,0.32666666666666666,0.0,0.4230273457676162,0.4028139407117548,0.1506641264931454,0.04889048059747302,0.15333333333333332,0.27666666666666667,0.45931464096481855,0.37737663912977665,0.1454578275755441,0.03541166493559366,0.1377551020408163,0.28061224489795916
44,600,10,64,0.3,1.0,oracle,additive,1.0,32,472,196,0.8760668325827724,0.8826481703384608,0.32666666666666666,0.0,0.8361127611432185,0.24630255895298026,0.10985393623510051,0.022475476702628533,0.9433333333333334,0.7775,0.7793832639746093,0.2604106153771221,0.1142940571285039,0.019848167486617763,0.826530612244898,0.8954081632653061
44,600,10,64,0.3,1.0,observed,additive,2.0,32,472,196,0.23896370313279863,0.32869242949371225,0.32666666666666666,0.0,0.6011498232379455,0.3199501429377116,0.12443099190537449,0.03676100516829278,0.495,0.4525,0.5701753567067498,0.33072087998590904,0.1298170999878754,0.03085571819903885,0.39285714285714285,0.42857142857142855
44,600,10,64,0.3,1.0,observed,concat,2.0,32,472,196,0.21335947608842518,0.30456924361280496,0.32666666666666666,0.0,0.5829569507632503,0.32689504426030275,0.12562116603408202,0.03853885997469057,0.4766666666666667,0.43416666666666665,0.552238061552429,0.33782983482347667,0.1314457638697342,0.032339334388103186,0.37755102040816324,0.42091836734693877
44,600,10,64,0.3,1.0,observed,same_pca_additive,2.0,32,472,196,0.2334951530630618,0.3173435466724339,0.32666666666666666,0.0,0.6183476378898376,0.31992492737169875,0.12663443255237108,0.03599251603975703,0.4866666666666667,0.4683333333333333,0.6019539621573757,0.3173172896275084,0.12638207023660275,0.028368783862402564,0.4030612244897959,0.46938775510204084
44,600,10,64,0.3,1.0,shuffled,additive,2.0,32,472,196,0.004213746607199733,0.0412392932788096,0.32666666666666666,0.0,0.35968197122656764,0.42171298635570104,0.15339001294181828,0.05592470540376821,0.15833333333333333,0.22333333333333333,0.39375645365640943,0.3973859475307134,0.14785287247197942,0.04206589561040376,0.15306122448979592,0.20918367346938777
44,600,10,64,0.3,1.0,oracle,additive,2.0,32,472,196,0.9086646200562546,0.9161559885823362,0.32666666666666666,0.0,0.900435270224884,0.19689660632040187,0.09076223225208499,0.014215312125469831,0.9583333333333334,0.7983333333333333,0.8333017776881199,0.23347402986510973,0.10503649636058984,0.0164895305817365,0.8724489795918368,0.9183673469387755
44,600,10,64,0.3,1.5,none,content_only,0.0,32,537,196,0.05046826152631966,0.11551877457392715,0.32666666666666666,0.0,0.46259174276568804,0.3957025979780702,0.1501279484913288,0.04686710652673474,0.25833333333333336,0.3541666666666667,0.5072566665931514,0.36804519734752317,0.1447530679738593,0.03287230630363694,0.1989795918367347,0.33163265306122447
44,600,10,64,0.3,1.5,observed,additive,0.25,32,537,196,0.22816953925185235,0.3117386635856997,0.32666666666666666,0.0,0.5339932481487404,0.3704178786297542,0.1445583369137016,0.042800247155233694,0.48833333333333334,0.48333333333333334,0.5598696524840767,0.34719388794489153,0.139105577705467,0.030441386121790554,0.3469387755102041,0.4770408163265306
44,600,10,64,0.3,1.5,observed,concat,0.25,32,537,196,0.038668918834136236,0.09884790523524435,0.32666666666666666,0.0,0.4521683429645428,0.3998719311879725,0.15109682818268527,0.04754513821869286,0.195,0.2916666666666667,0.5048675358444432,0.3681840245066446,0.14450117022060774,0.03327744465579891,0.18877551020408162,0.3086734693877551
44,600,10,64,0.3,1.5,observed,same_pca_additive,0.25,32,537,196,0.10137804939434235,0.18307820067520233,0.32666666666666666,0.0,0.45739472993889896,0.399728939488497,0.15150123162068624,0.04695975196360691,0.27166666666666667,0.365,0.5049373394964941,0.37002951673086837,0.1455252838479209,0.03291165910378247,0.20918367346938777,0.34183673469387754
44,600,10,64,0.3,1.5,shuffled,additive,0.25,32,537,196,0.06033597899587145,0.1217070049716735,0.32666666666666666,0.0,0.45612288770198745,0.39897904155853814,0.15121759052735614,0.04755681814504222,0.22,0.32166666666666666,0.49259047302182735,0.3737390510976819,0.14609608735903382,0.034186412473968184,0.15816326530612246,0.25255102040816324
44,600,10,64,0.3,1.5,oracle,additive,0.25,32,537,196,0.5266511308993573,0.5863042501564045,0.32666666666666666,0.0,0.5991851178709892,0.34721662733339104,0.13909660742474364,0.03926328682445012,0.7116666666666667,0.5908333333333333,0.6130590981482157,0.3277814708393645,0.13405989459331,0.028060738510956335,0.576530612244898,0.6352040816326531
44,600,10,64,0.3,1.5,observed,additive,0.5,32,537,196,0.16772038754274723,0.250248012418024,0.32666666666666666,0.0,0.5252094118893511,0.37235647214416495,0.1442800727701997,0.04301723346227829,0.3933333333333333,0.4008333333333333,0.5467611820272187,0.35119868419521394,0.13942392132663617,0.030972637696809288,0.32142857142857145,0.3877551020408163
44,600,10,64,0.3,1.5,observed,concat,0.5,32,537,196,0.06090558114934931,0.1307856269724789,0.32666666666666666,0.0,0.4407472676728757,0.40392205549869314,0.1519644580870692,0.047756726303206105,0.22166666666666668,0.275,0.48577111006193335,0.3748981821927318,0.14575219611585263,0.033725465976516635,0.1683673469387755,0.25255102040816324
44,600,10,64,0.3,1.5,observed,same_pca_additive,0.5,32,537,196,0.05835576477422997,0.11285865424434888,0.32666666666666666,0.0,0.42326835891836934,0.41318684500935005,0.15457265535836534,0.048701309805328344,0.18666666666666668,0.30916666666666665,0.480277233352606,0.3801859150377977,0.14806254812955086,0.03396751593896893,0.1989795918367347,0.33418367346938777
44,600,10,64,0.3,1.5,shuffled,additive,0.5,32,537,196,0.03932753755119965,0.09075609808578607,0.32666666666666666,0.0,0.4400774612800044,0.4045305068027115,0.1521497881675067,0.04780224692550176,0.19166666666666668,0.27416666666666667,0.47913360158653007,0.37718260715059254,0.14634335465512657,0.03406170291212871,0.12755102040816327,0.22959183673469388
44,600,10,64,0.3,1.5,oracle,additive,0.5,32,537,196,0.6857653658068409,0.7258051536353994,0.32666666666666666,0.0,0.6866395758711583,0.3128148311117379,0.1299700569778602,0.03384922972445805,0.7966666666666666,0.6608333333333334,0.6778098251856978,0.3025195996449454,0.12698133925112154,0.025035272355747453,0.6836734693877551,0.7346938775510204
44,600,10,64,0.3,1.5,observed,additive,1.0,32,537,196,0.1078248961676924,0.21409959331743708,0.32666666666666666,0.0,0.5374059293413754,0.36036867016301843,0.13911239328615582,0.04170228871253364,0.34833333333333333,0.39166666666666666,0.5658102914958295,0.3383847826860627,0.1339822335603666,0.029882230162454657,0.3112244897959184,0.39540816326530615
44,600,10,64,0.3,1.5,observed,concat,1.0,32,537,196,0.0823558831041637,0.1773253129964218,0.32666666666666666,0.0,0.48197575297548667,0.3851476708052311,0.1455770303307884,0.04526493755817489,0.30833333333333335,0.335,0.5171357205345698,0.3599182303031917,0.13950535974450337,0.03233035808734542,0.2602040816326531,0.33163265306122447
44,600,10,64,0.3,1.5,observed,same_pca_additive,1.0,32,537,196,0.019306478979397468,0.05662299066399482,0.32666666666666666,0.0,0.4232678581502416,0.41318703715276883,0.15457269640006183,0.04870133372899448,0.125,0.25333333333333335,0.48027660855390675,0.38018615889507074,0.14806260371807428,0.033967542538715055,0.07142857142857142,0.20918367346938777
44,600,10,64,0.3,1.5,shuffled,additive,1.0,32,537,196,0.005607099602930199,0.050385453120779036,0.32666666666666666,0.0,0.428526445281724,0.40204163638009777,0.1507326885967817,0.04860768106994209,0.15666666666666668,0.2816666666666667,0.4658375522621667,0.37423505590843525,0.14417197775293533,0.03500779623216613,0.12244897959183673,0.25255102040816324
44,600,10,64,0.3,1.5,oracle,additive,1.0,32,537,196,0.8760668325827724,0.8826481703384608,0.32666666666666666,0.0,0.8361127611432185,0.24630255895298026,0.10985393623510051,0.022475476702628533,0.9433333333333334,0.7775,0.7793832639746093,0.2604106153771221,0.1142940571285039,0.019848167486617763,0.826530612244898,0.8954081632653061
44,600,10,64,0.3,1.5,observed,additive,2.0,32,537,196,0.10458386576788821,0.18518592811226792,0.32666666666666666,0.0,0.4979333970187152,0.36811436700030126,0.13834108895622382,0.04385500195481876,0.32666666666666666,0.36666666666666664,0.510829169160955,0.35681248938510735,0.13648754078860434,0.033254931814911,0.29081632653061223,0.3647959183673469
44,600,10,64,0.3,1.5,observed,concat,2.0,32,537,196,0.10897165475540103,0.20361491718054578,0.32666666666666666,0.0,0.5001547084924308,0.3631647536612033,0.13582423808530866,0.04544899830638405,0.36,0.37916666666666665,0.5126944359862622,0.35374952859523323,0.13544933662388614,0.0349009629915921,0.30612244897959184,0.37755102040816324
44,600,10,64,0.3,1.5,observed,same_pca_additive,2.0,32,537,196,0.08761246153546089,0.157665192514587,0.32666666666666666,0.0,0.5032354088062586,0.37065376590729965,0.14087917877685444,0.04356198143999873,0.28,0.355,0.5267218205025499,0.35174918437099173,0.13668411580456194,0.031947781457759464,0.2193877551020408,0.33163265306122447
44,600,10,64,0.3,1.5,shuffled,additive,2.0,32,537,196,0.009205267167467982,0.047049448255944454,0.32666666666666666,0.0,0.36713469860618725,0.4217477081218347,0.15322182790735842,0.05463129207113956,0.14,0.23166666666666666,0.4170831509566357,0.39016678373558905,0.1457175330554086,0.04000452924163355,0.10714285714285714,0.23469387755102042
44,600,10,64,0.3,1.5,oracle,additive,2.0,32,537,196,0.9086646200562546,0.9161559885823362,0.32666666666666666,0.0,0.900435270224884,0.19689660632040187,0.09076223225208499,0.014215312125469831,0.9583333333333334,0.7983333333333333,0.8333017776881199,0.23347402986510973,0.10503649636058984,0.0164895305817365,0.8724489795918368,0.9183673469387755
44,600,10,64,0.3,2.0,none,content_only,0.0,32,580,196,0.05046826152631966,0.11551877457392715,0.32666666666666666,0.0,0.46259174276568804,0.3957025979780702,0.1501279484913288,0.04686710652673474,0.25833333333333336,0.3541666666666667,0.5072566665931514,0.36804519734752317,0.1447530679738593,0.03287230630363694,0.1989795918367347,0.33163265306122447
44,600,10,64,0.3,2.0,observed,additive,0.25,32,580,196,0.12238018721364073,0.21645611503223275,0.32666666666666666,0.0,0.48980788121010693,0.3859945419551147,0.14787898531051363,0.04531845886042663,0.3333333333333333,0.3975,0.5319419819846001,0.35836560937475503,0.1420819541314612,0.031696076956546526,0.29591836734693877,0.3979591836734694
44,600,10,64,0.3,2.0,observed,concat,0.25,32,580,196,0.04471376629864143,0.10583844125954064,0.32666666666666666,0.0,0.4614216087718017,0.3961428121804006,0.15029885029877724,0.0469493212424199,0.24333333333333335,0.32416666666666666,0.5126585400717039,0.36582668904780746,0.14415112200681826,0.032791866203566784,0.2193877551020408,0.3086734693877551
44,600,10,64,0.3,2.0,observed,same_pca_additive,0.25,32,580,196,0.04109646478192893,0.07682854461771088,0.32666666666666666,0.0,0.42326987473352945,0.41318626639622186,0.15457253502684748,0.04870123711423048,0.17333333333333334,0.2816666666666667,0.48027867030011623,0.3801853207618999,0.14806240262961404,0.0339674562494863,0.1836734693877551,0.288265306122449
44,600,10,64,0.3,2.0,shuffled,additive,0.25,32,580,196,0.039622009785476496,0.1022998159262269,0.32666666666666666,0.0,0.4587688261575896,0.3963915034092869,0.15010663106595737,0.046762919118658354,0.20333333333333334,0.31583333333333335,0.5073767422494521,0.36625845788649364,0.14394677243560594,0.03293103766624698,0.17346938775510204,0.3137755102040816
44,600,10,64,0.3,2.0,oracle,additive,0.25,32,580,196,0.5266511308993573,0.5863042501564045,0.32666666666666666,0.0,0.5991851178709892,0.34721662733339104,0.13909660742474364,0.03926328682445012,0.7116666666666667,0.5908333333333333,0.6130590981482157,0.3277814708393645,0.13405989459331,0.028060738510956335,0.576530612244898,0.6352040816326531
44,600,10,64,0.3,2.0,observed,additive,0.5,32,580,196,0.09883042465174534,0.17525649519404218,0.32666666666666666,0.0,0.49451841962603454,0.38367358306077115,0.14707815925559214,0.044639141181811996,0.305,0.3408333333333333,0.517963786527589,0.36270577469405824,0.14275380397751708,0.032233215465131575,0.20918367346938777,0.3010204081632653
44,600,10,64,0.3,2.0,observed,concat,0.5,32,580,196,0.018380989489488676,0.06379834637620314,0.32666666666666666,0.0,0.4155492064864877,0.4139039242174487,0.15428379997763747,0.0491199042918319,0.15833333333333333,0.24166666666666667,0.47859755253401604,0.3779191175702726,0.14677524352390262,0.034053805462050585,0.15306122448979592,0.25510204081632654
44,600,10,64,0.3,2.0,observed,same_pca_additive,0.5,32,580,196,0.056200133960362025,0.12382108790094035,0.32666666666666666,0.0,0.42326784578357546,0.41318704272807233,0.15457269739761687,0.04870133424480576,0.20833333333333334,0.31083333333333335,0.48027666500253563,0.38018613493977427,0.1480625984829174,0.03396754016790707,0.11224489795918367,0.28316326530612246
44,600,10,64,0.3,2.0,shuffled,additive,0.5,32,580,196,0.01825556902729972,0.06890163365135069,0.32666666666666666,0.0,0.4271740540882547,0.40876548970968957,0.15301223593799024,0.04852104401539744,0.14666666666666667,0.25166666666666665,0.48212208626575764,0.3756540628042998,0.1458535892712008,0.033893799905174694,0.11224489795918367,0.25255102040816324
44,600,10,64,0.3,2.0,oracle,additive,0.5,32,580,196,0.6857653658068409,0.7258051536353994,0.32666666666666666,0.0,0.6866395758711583,0.3128148311117379,0.1299700569778602,0.03384922972445805,0.7966666666666666,0.6608333333333334,0.6778098251856978,0.3025195996449454,0.12698133925112154,0.025035272355747453,0.6836734693877551,0.7346938775510204
44,600,10,64,0.3,2.0,observed,additive,1.0,32,580,196,0.08268228341622337,0.15656599085392484,0.32666666666666666,0.0,0.48637365314781644,0.3796929639865716,0.1444826286248904,0.04459693401225023,0.32,0.35333333333333333,0.5133830132626015,0.3598644124714748,0.14039262630725663,0.032423726720320456,0.30612244897959184,0.34183673469387754
44,600,10,64,0.3,2.0,observed,concat,1.0,32,580,196,0.03374632252975049,0.11752719999706893,0.32666666666666666,0.0,0.4568607566691978,0.39219108250825213,0.1474235021979095,0.046502906746122334,0.25333333333333335,0.3075,0.49108707217116493,0.3693913488668033,0.14266437911025862,0.033584398105696876,0.23979591836734693,0.3010204081632653
44,600,10,64,0.3,2.0,observed,same_pca_additive,1.0,32,580,196,0.027329943188687103,0.06676780180514551,0.32666666666666666,0.0,0.4232676851982241,0.4131871052317362,0.15457271097964445,0.048701342177637705,0.135,0.265,0.4802765655962694,0.38018617724640796,0.14806260903676155,0.033967544366724826,0.08673469387755102,0.23979591836734693
44,600,10,64,0.3,2.0,shuffled,additive,1.0,32,580,196,0.0002728268984841954,0.03882700484494446,0.32666666666666666,0.0,0.4122287030992454,0.4120232829216661,0.1530580437284578,0.04946280871760013,0.14666666666666667,0.2425,0.4601682290449108,0.3808110060245515,0.14612955804804006,0.03517221553471813,0.17857142857142858,0.25
44,600,10,64,0.3,2.0,oracle,additive,1.0,32,580,196,0.8760668325827724,0.8826481703384608,0.32666666666666666,0.0,0.8361127611432185,0.24630255895298026,0.10985393623510051,0.022475476702628533,0.9433333333333334,0.7775,0.7793832639746093,0.2604106153771221,0.1142940571285039,0.019848167486617763,0.826530612244898,0.8954081632653061
44,600,10,64,0.3,2.0,observed,additive,2.0,32,580,196,0.0783186866432597,0.15798339159624933,0.32666666666666666,0.0,0.47242901483986316,0.3747799285063873,0.14027104201270935,0.04613502918250464,0.3333333333333333,0.365,0.4834052786800781,0.3648788100541248,0.1391129930422466,0.035325854837917565,0.3112244897959184,0.3239795918367347
44,600,10,64,0.3,2.0,observed,concat,2.0,32,580,196,0.06654914107897121,0.14230544999818787,0.32666666666666666,0.0,0.4543123877751601,0.38432127970418806,0.1419176759555677,0.048344316984090585,0.29833333333333334,0.335,0.4945315930779692,0.3595909322338344,0.13676995764347527,0.03482011647513493,0.29591836734693877,0.35714285714285715
44,600,10,64,0.3,2.0,observed,same_pca_additive,2.0,32,580,196,0.030385553620237912,0.09024952778036417,0.32666666666666666,0.0,0.4408360761043853,0.3987745549317387,0.14914189377903367,0.047671462367749884,0.20166666666666666,0.2625,0.46899890086429163,0.3787650988141476,0.1453684636620471,0.034826109136876504,0.16326530612244897,0.2372448979591837
44,600,10,64,0.3,2.0,shuffled,additive,2.0,32,580,196,0.0009735595745656205,0.04051836497592596,0.32666666666666666,0.0,0.36778588097399806,0.4214283698176689,0.15307503419898677,0.05437904051835386,0.145,0.225,0.3936453785280975,0.39851798870918576,0.1471713686106252,0.04164053947577156,0.12244897959183673,0.2193877551020408
44,600,10,64,0.3,2.0,oracle,additive,2.0,32,580,196,0.9086646200562546,0.9161559885823362,0.32666666666666666,0.0,0.900435270224884,0.19689660632040187,0.09076223225208499,0.014215312125469831,0.9583333333333334,0.7983333333333333,0.8333017776881199,0.23347402986510973,0.10503649636058984,0.0164895305817365,0.8724489795918368,0.9183673469387755
44,600,10,64,0.4,0.0,none,content_only,0.0,32,0,196,0.028551702161526433,0.07825930761838233,0.32666666666666666,0.0,0.4476053190747467,0.4020024043841366,0.15159232649367693,0.04786850683634267,0.19833333333333333,0.2991666666666667,0.4951983702306118,0.3726806825566763,0.14569650066088563,0.033919765015493424,0.15306122448979592,0.28316326530612246
44,600,10,64,0.4,0.0,observed,additive,0.25,32,0,196,0.43063549583704186,0.5113438720208284,0.32666666666666666,0.0,0.5705234783076575,0.3578301219450572,0.14165600084181154,0.04087078966251345,0.6383333333333333,0.5391666666666667,0.5922074509492826,0.3360044305403288,0.13638997533075298,0.029035018189256842,0.46938775510204084,0.5382653061224489
44,600,10,64,0.4,0.0,observed,concat,0.25,32,0,196,0.054583680854433624,0.11657277152074222,0.32666666666666666,0.0,0.4627778831098518,0.39622777059847314,0.1503971626347442,0.04683627279643434,0.26666666666666666,0.31,0.502758043786686,0.3695991897153281,0.1451849780729849,0.03329176214249485,0.1989795918367347,0.288265306122449
44,600,10,64,0.4,0.0,observed,same_pca_additive,0.25,32,0,196,0.28020052640488463,0.37643848827266646,0.32666666666666666,0.0,0.5073646983304356,0.3806837677199703,0.14715345086536813,0.04437919922170672,0.49666666666666665,0.4725,0.5433429738927794,0.3543045149729685,0.14132830780747682,0.031212707943710165,0.30612244897959184,0.42346938775510207
44,600,10,64,0.4,0.0,shuffled,additive,0.25,32,0,196,0.02307158607063306,0.07604913222805987,0.32666666666666666,0.0,0.4500151781265947,0.40145708986937534,0.15159961978276493,0.04776756702927465,0.195,0.285,0.4957562782280855,0.37145327206966133,0.14513660605634857,0.03376466500668196,0.14795918367346939,0.28061224489795916
44,600,10,64,0.4,0.0,oracle,additive,0.25,32,0,196,0.3604840057890317,0.4584367566920044,0.32666666666666666,0.0,0.5520634356650667,0.36387454072801095,0.14310044807533653,0.041872875025041625,0.58,0.5116666666666667,0.5811099372569722,0.33994378142836884,0.13742460463038372,0.029511816501920238,0.4387755102040816,0.5102040816326531
44,600,10,64,0.4,0.0,observed,additive,0.5,32,0,196,0.7881502823765738,0.8026756231831623,0.32666666666666666,0.0,0.7035893556345002,0.3086500724807282,0.12913200598123137,0.03316262723741801,0.9,0.7125,0.6885436290181095,0.2988790348527419,0.12619920044796354,0.024607790662090852,0.7397959183673469,0.7959183673469388
44,600,10,64,0.4,0.0,observed,concat,0.5,32,0,196,0.5944352808479111,0.6547021709899464,0.32666666666666666,0.0,0.5911700258792918,0.3496952680326116,0.13985438944919448,0.03986792786135655,0.745,0.5933333333333334,0.6139764782698279,0.32733616264834803,0.134186643043825,0.028058320679443367,0.5969387755102041,0.625
44,600,10,64,0.4,0.0,observed,same_pca_additive,0.5,32,0,196,0.44998434014933,0.5380824649779603,0.32666666666666666,0.0,0.5298274923587013,0.37234132349864524,0.14521241706022225,0.043200686690833455,0.6,0.535,0.5621621171180319,0.3469028520632761,0.1394073866483719,0.030395460422089342,0.45408163265306123,0.5204081632653061
44,600,10,64,0.4,0.0,shuffled,additive,0.5,32,0,196,0.01724228681900036,0.06318229876473312,0.32666666666666666,0.0,0.4540319915916719,0.3978670356509156,0.15071175971416423,0.04702851420326713,0.18166666666666667,0.2733333333333333,0.4958777950697449,0.3700472634300816,0.14479043025563346,0.033275301704916695,0.1683673469387755,0.25
44,600,10,64,0.4,0.0,oracle,additive,0.5,32,0,196,0.7781415224324201,0.7914404419736618,0.32666666666666666,0.0,0.7001540718098636,0.30992310024285946,0.1294930904215305,0.033337828262679746,0.895,0.7125,0.68313727578001,0.3009156821675979,0.12679937675753328,0.024862487685964614,0.7193877551020408,0.7959183673469388
44,600,10,64,0.4,0.0,observed,additive,1.0,32,0,196,0.7602051481949084,0.7960643444937748,0.32666666666666666,0.0,0.7824836840029351,0.26809751383771335,0.11628933385085638,0.026419493321425166,0.8616666666666667,0.7116666666666667,0.7470283855060247,0.2718320028396574,0.1175043946991762,0.021375826817175828,0.7397959183673469,0.8061224489795918
44,600,10,64,0.4,0.0,observed,concat,1.0,32,0,196,0.7840568297077527,0.8343346179322303,0.32666666666666666,0.0,0.7698604141635176,0.27672337799658386,0.1192979869881461,0.02775299441334552,0.8533333333333334,0.6933333333333334,0.7359129126807388,0.27831834233629593,0.11976462446790778,0.022091304809030272,0.7857142857142857,0.7959183673469388
44,600,10,64,0.4,0.0,observed,same_pca_additive,1.0,32,0,196,0.8381475455025428,0.850601935937709,0.32666666666666666,0.0,0.7313111950192923,0.2969046153796587,0.12581960592146763,0.03149826757657935,0.925,0.715,0.7173533108571859,0.2860413570887737,0.12231498112359064,0.023145754982024324,0.7959183673469388,0.8086734693877551
44,600,10,64,0.4,0.0,shuffled,additive,1.0,32,0,196,0.005580062575774524,0.048639795328818985,0.32666666666666666,0.0,0.41504184574424613,0.40509243646202436,0.1514809204116904,0.049307157968537865,0.13333333333333333,0.2475,0.4471376337024491,0.3810651023385184,0.14646267071019886,0.03599225249688605,0.11224489795918367,0.22448979591836735
44,600,10,64,0.4,0.0,oracle,additive,1.0,32,0,196,0.8656539805255795,0.8730614711959771,0.32666666666666666,0.0,0.8234495758665783,0.25385233257747025,0.1124385073201762,0.023801186907337662,0.9383333333333334,0.7741666666666667,0.7706923924267447,0.26439860094615086,0.115592971439675,0.020346374439380897,0.8112244897959183,0.8903061224489796
44,600,10,64,0.4,0.0,observed,additive,2.0,32,0,196,0.9218217576303908,0.9226798294261946,0.32666666666666666,0.0,0.9037533432240571,0.19601872805468554,0.0905050355588432,0.014117617073902437,0.9633333333333334,0.7983333333333333,0.8407049124174065,0.22950525433474514,0.10349637088109222,0.01599046871257488,0.8877551020408163,0.923469387755102
44,600,10,64,0.4,0.0,observed,concat,2.0,32,0,196,0.9377886147190733,0.9396439658359265,0.32666666666666666,0.0,0.9099674453649148,0.1909530094259314,0.08858875645865905,0.01326961599389431,0.9716666666666667,0.81,0.8472348504145549,0.22677870226056834,0.10282080967059833,0.01564336636418158,0.9132653061224489,0.9413265306122449
44,600,10,64,0.4,0.0,observed,same_pca_additive,2.0,32,0,196,0.905095826220094,0.9085063428561462,0.32666666666666666,0.0,0.8807532324555041,0.21745402254099302,0.09928421490227993,0.017797721463064027,0.9566666666666667,0.7641666666666667,0.8234592984078625,0.23706235273687368,0.10596507729200659,0.017029543032250672,0.8724489795918368,0.8954081632653061
44,600,10,64,0.4,0.0,shuffled,additive,2.0,32,0,196,0.0033195193872637384,0.039648662903066914,0.32666666666666666,0.0,0.34650658596165607,0.4240504503999981,0.15373925802230173,0.05692504490033292,0.15666666666666668,0.22666666666666666,0.36894821271873585,0.4015482893390308,0.149562438405131,0.043292545996824514,0.11734693877551021,0.2193877551020408
44,600,10,64,0.4,0.0,oracle,additive,2.0,32,0,196,0.9103370888649905,0.9154995484708283,0.32666666666666666,0.0,0.8973343717957982,0.20046374761603017,0.09232624365065485,0.014773253061466875,0.9583333333333334,0.7991666666666667,0.8305354901289814,0.2350342783576374,0.10560329909032926,0.016679300987287916,0.8724489795918368,0.9183673469387755
44,600,10,64,0.4,0.5,none,content_only,0.0,32,312,196,0.028551702161526433,0.07825930761838233,0.32666666666666666,0.0,0.4476053190747467,0.4020024043841366,0.15159232649367693,0.04786850683634267,0.19833333333333333,0.2991666666666667,0.4951983702306118,0.3726806825566763,0.14569650066088563,0.033919765015493424,0.15306122448979592,0.28316326530612246
44,600,10,64,0.4,0.5,observed,additive,0.25,32,312,196,0.304167672962326,0.38027088534179626,0.32666666666666666,0.0,0.5413741485895597,0.36787395065315154,0.14391428546225954,0.042460572792735574,0.5083333333333333,0.49416666666666664,0.5710343107025538,0.34344848113055093,0.13803570287725658,0.02993704915312092,0.3979591836734694,0.49489795918367346
44,600,10,64,0.4,0.5,observed,concat,0.25,32,312,196,0.02704689123181435,0.07558754564911008,0.32666666666666666,0.0,0.44635578521228925,0.40268352818790776,0.15184052892100514,0.04797504932651795,0.20333333333333334,0.30333333333333334,0.49592049442287833,0.37280668219946045,0.14571933079379218,0.03388621100801964,0.18877551020408162,0.2780612244897959
44,600,10,64,0.4,0.5,observed,same_pca_additive,0.25,32,312,196,0.22336087228978876,0.3173613459719401,0.32666666666666666,0.0,0.49167063665942884,0.386908821186344,0.14863887645145088,0.045188488207366165,0.445,0.44416666666666665,0.5316965188426055,0.3594915914062992,0.14272651076537826,0.03174296159458636,0.3163265306122449,0.42346938775510207
44,600,10,64,0.4,0.5,shuffled,additive,0.25,32,312,196,0.022161757453982966,0.06590192573915321,0.32666666666666666,0.0,0.4432943311135737,0.4042359679271898,0.15223429598785632,0.048270147798599075,0.20833333333333334,0.27666666666666667,0.4920905860945299,0.374144009232432,0.1460975128598154,0.03399120207045459,0.17857142857142858,0.24744897959183673
44,600,10,64,0.4,0.5,oracle,additive,0.25,32,312,196,0.3604840057890317,0.4584367566920044,0.32666666666666666,0.0,0.5520634356650667,0.36387454072801095,0.14310044807533653,0.041872875025041625,0.58,0.5116666666666667,0.5811099372569722,0.33994378142836884,0.13742460463038372,0.029511816501920238,0.4387755102040816,0.5102040816326531
44,600,10,64,0.4,0.5,observed,additive,0.5,32,312,196,0.5640655007598877,0.590660934361431,0.32666666666666666,0.0,0.656136392321689,0.32546977025565016,0.13302807191302468,0.03587153999330703,0.7783333333333333,0.6491666666666667,0.6561875751985677,0.31085359816712305,0.1289619141947423,0.026061879206163263,0.6377551020408163,0.6989795918367347
44,600,10,64,0.4,0.5,observed,concat,0.5,32,312,196,0.35269886713144843,0.43180895665316193,0.32666666666666666,0.0,0.5508742211386275,0.3649208372432015,0.1432078309097615,0.04197088694666906,0.5533333333333333,0.5008333333333334,0.578933453067057,0.34122136508076123,0.13753956120087635,0.02963451202861918,0.4846938775510204,0.5357142857142857
44,600,10,64,0.4,0.5,observed,same_pca_additive,0.5,32,312,196,0.20902781543722984,0.3135097805332134,0.32666666666666666,0.0,0.4701990369509612,0.39520296290184226,0.15044044481752097,0.04631257464135947,0.35,0.39416666666666667,0.5164325287543682,0.3656829900901135,0.14436785364330273,0.03241007329080599,0.2602040816326531,0.3877551020408163
44,600,10,64,0.4,0.5,shuffled,additive,0.5,32,312,196,0.021698468553472114,0.07326349393968712,0.32666666666666666,0.0,0.4505822747912098,0.3997668928643798,0.15128080494389357,0.04727100901642679,0.21833333333333332,0.2891666666666667,0.4948497697649339,0.37069083524260416,0.14499807090662112,0.03335466598226266,0.18877551020408162,0.28316326530612246
44,600,10,64,0.4,0.5,oracle,additive,0.5,32,312,196,0.7781415224324201,0.7914404419736618,0.32666666666666666,0.0,0.7001540718098636,0.30992310024285946,0.1294930904215305,0.033337828262679746,0.895,0.7125,0.68313727578001,0.3009156821675979,0.12679937675753328,0.024862487685964614,0.7193877551020408,0.7959183673469388
44,600,10,64,0.4,0.5,observed,additive,1.0,32,312,196,0.47932803302806193,0.5341355021096095,0.32666666666666666,0.0,0.7054101374899743,0.2970321591679818,0.12301280665877645,0.031293915975382086,0.69,0.625,0.7000140835288178,0.2899612522731417,0.12115207199626557,0.023566750538097196,0.6479591836734694,0.6989795918367347
44,600,10,64,0.4,0.5,observed,concat,1.0,32,312,196,0.5069333584391912,0.5675112654479206,0.32666666666666666,0.0,0.6879963885809991,0.3062983724150115,0.12604080169412654,0.03286586624264939,0.7033333333333334,0.6125,0.6756343964547047,0.29971581311282547,0.12446999732518703,0.024892532656464378,0.6479591836734694,0.6836734693877551
44,600,10,64,0.4,0.5,observed,same_pca_additive,1.0,32,312,196,0.34209726165700743,0.4097069188522946,0.32666666666666666,0.0,0.556164211680254,0.3618303018012722,0.14188941670966507,0.04150544237287648,0.53,0.5075,0.5817810217014695,0.3392359991162662,0.13677877423462537,0.029481489077069836,0.41836734693877553,0.5255102040816326
44,600,10,64,0.4,0.5,shuffled,additive,1.0,32,312,196,0.001760286574330124,0.033462627389837137,0.32666666666666666,0.0,0.4141220598173689,0.4052457620122806,0.15156972563465107,0.049437746567238296,0.125,0.265,0.44808253989257496,0.3799586086277501,0.1461357183998756,0.035945285391178354,0.10204081632653061,0.23979591836734693
44,600,10,64,0.4,0.5,oracle,additive,1.0,32,312,196,0.8656539805255795,0.8730614711959771,0.32666666666666666,0.0,0.8234495758665783,0.25385233257747025,0.1124385073201762,0.023801186907337662,0.9383333333333334,0.7741666666666667,0.7706923924267447,0.26439860094615086,0.115592971439675,0.020346374439380897,0.8112244897959183,0.8903061224489796
44,600,10,64,0.4,0.5,observed,additive,2.0,32,312,196,0.4908592742464735,0.5471869034258687,0.32666666666666666,0.0,0.7332374859835177,0.2658150693367284,0.10986229842711097,0.02746642481870745,0.695,0.6216666666666667,0.7282922910629555,0.27074476677776377,0.11355071324884905,0.021743737157211993,0.6632653061224489,0.7193877551020408
44,600,10,64,0.4,0.5,observed,concat,2.0,32,312,196,0.484646710789774,0.562048693664664,0.32666666666666666,0.0,0.7308511940849962,0.26451558490720634,0.1089241520306075,0.02775147678525629,0.705,0.6216666666666667,0.7144001392758171,0.2746756445065692,0.11492318807399635,0.0226148253159842,0.6530612244897959,0.6836734693877551
44,600,10,64,0.4,0.5,observed,same_pca_additive,2.0,32,312,196,0.4954897350928714,0.5597782422179954,0.32666666666666666,0.0,0.7265981640493412,0.27903395254862046,0.11605312955726235,0.028894037381995776,0.69,0.62,0.7161227001865185,0.2774236908417238,0.11589103546598017,0.022389624080416243,0.6173469387755102,0.673469387755102
44,600,10,64,0.4,0.5,shuffled,additive,2.0,32,312,196,0.005438143986437025,0.04035351136004286,0.32666666666666666,0.0,0.3562734736247023,0.4223458819123053,0.15335438868824955,0.056117902009556624,0.17166666666666666,0.22583333333333333,0.3951287106670229,0.3925800637075698,0.1468632791828962,0.04241467221821586,0.1683673469387755,0.24489795918367346
44,600,10,64,0.4,0.5,oracle,additive,2.0,32,312,196,0.9103370888649905,0.9154995484708283,0.32666666666666666,0.0,0.8973343717957982,0.20046374761603017,0.09232624365065485,0.014773253061466875,0.9583333333333334,0.7991666666666667,0.8305354901289814,0.2350342783576374,0.10560329909032926,0.016679300987287916,0.8724489795918368,0.9183673469387755
44,600,10,64,0.4,1.0,none,content_only,0.0,32,472,196,0.028551702161526433,0.07825930761838233,0.32666666666666666,0.0,0.4476053190747467,0.4020024043841366,0.15159232649367693,0.04786850683634267,0.19833333333333333,0.2991666666666667,0.4951983702306118,0.3726806825566763,0.14569650066088563,0.033919765015493424,0.15306122448979592,0.28316326530612246
44,600,10,64,0.4,1.0,observed,additive,0.25,32,472,196,0.12918811401193198,0.21456765471868294,0.32666666666666666,0.0,0.4972901851603826,0.3839387838938921,0.14742662839546805,0.044940656737107135,0.375,0.385,0.5288408548043855,0.35929846880262883,0.14203451290586294,0.03228737276410426,0.25,0.34438775510204084
44,600,10,64,0.4,1.0,observed,concat,0.25,32,472,196,0.01680608245402456,0.06093821847043874,0.32666666666666666,0.0,0.4421476045974532,0.4042387596954404,0.1522297959887247,0.048335028694037455,0.195,0.28833333333333333,0.4908481844982001,0.3743304050693446,0.1459471914663195,0.03437557931870418,0.15816326530612246,0.27040816326530615
44,600,10,64,0.4,1.0,observed,same_pca_additive,0.25,32,472,196,0.0866938953878623,0.16641111084657836,0.32666666666666666,0.0,0.44950724668275416,0.40261351140362256,0.15211851188390604,0.04734770861756586,0.235,0.33916666666666667,0.4980496996905781,0.3726431875514827,0.14605126103182417,0.03319255226698122,0.20408163265306123,0.3137755102040816
44,600,10,64,0.4,1.0,shuffled,additive,0.25,32,472,196,0.029588113809270688,0.08222027485793693,0.32666666666666666,0.0,0.4451671847757808,0.40257806879080976,0.1517709242486543,0.04783694744678817,0.19,0.28,0.49536750442377414,0.3713236325805466,0.14545140447824526,0.03367562556675636,0.1683673469387755,0.26785714285714285
44,600,10,64,0.4,1.0,oracle,additive,0.25,32,472,196,0.3604840057890317,0.4584367566920044,0.32666666666666666,0.0,0.5520634356650667,0.36387454072801095,0.14310044807533653,0.041872875025041625,0.58,0.5116666666666667,0.5811099372569722,0.33994378142836884,0.13742460463038372,0.029511816501920238,0.4387755102040816,0.5102040816326531
44,600,10,64,0.4,1.0,observed,additive,0.5,32,472,196,0.23950860931579657,0.30654051619243144,0.32666666666666666,0.0,0.5628961500083215,0.3588411681560992,0.14102357794747755,0.04093507171130733,0.49666666666666665,0.4533333333333333,0.5673307086076689,0.3429779362252665,0.13724768936389378,0.030024624484859132,0.39285714285714285,0.4336734693877551
44,600,10,64,0.4,1.0,observed,concat,0.5,32,472,196,0.14058257975876337,0.23390603537370286,0.32666666666666666,0.0,0.46764412805615585,0.39472631325423807,0.14990442838169596,0.04636913589193425,0.3333333333333333,0.32916666666666666,0.5027676326063314,0.3687281162346359,0.14426995062533837,0.03297172610651034,0.28061224489795916,0.3163265306122449
44,600,10,64,0.4,1.0,observed,same_pca_additive,0.5,32,472,196,0.06289511559145189,0.11968938859429107,0.32666666666666666,0.0,0.4433939832130655,0.40536393806286775,0.15271301795632802,0.04761213903787194,0.22166666666666668,0.36333333333333334,0.48965164784287785,0.37608406649022375,0.1469419756553745,0.03356354435694613,0.1836734693877551,0.3469387755102041
44,600,10,64,0.4,1.0,shuffled,additive,0.5,32,472,196,0.015270575779007737,0.05686213183081569,0.32666666666666666,0.0,0.4492781133488319,0.40018585913110666,0.15122936510301782,0.04725340303667985,0.185,0.2783333333333333,0.49081462201227405,0.37253635448120354,0.14561654199900295,0.03353314637482747,0.1326530612244898,0.2576530612244898
44,600,10,64,0.4,1.0,oracle,additive,0.5,32,472,196,0.7781415224324201,0.7914404419736618,0.32666666666666666,0.0,0.7001540718098636,0.30992310024285946,0.1294930904215305,0.033337828262679746,0.895,0.7125,0.68313727578001,0.3009156821675979,0.12679937675753328,0.024862487685964614,0.7193877551020408,0.7959183673469388
44,600,10,64,0.4,1.0,observed,additive,1.0,32,472,196,0.2467286842612142,0.32987895662504824,0.32666666666666666,0.0,0.6014386610314094,0.33572480041983377,0.1327264820686033,0.03763115898244424,0.49666666666666665,0.45666666666666667,0.5893763505428188,0.3290275808262739,0.1313523066027867,0.028906426478079887,0.39285714285714285,0.45408163265306123
44,600,10,64,0.4,1.0,observed,concat,1.0,32,472,196,0.1947141831240772,0.27276839891925864,0.32666666666666666,0.0,0.550133627345681,0.3574622332682584,0.13830594945731817,0.04092500944102651,0.425,0.4125,0.5400552260594271,0.34984055683863957,0.1372493316962759,0.031354552342523066,0.3520408163265306,0.41836734693877553
44,600,10,64,0.4,1.0,observed,same_pca_additive,1.0,32,472,196,0.07837567809640293,0.13906177241832962,0.32666666666666666,0.0,0.4677763918042464,0.3947414109514793,0.14983487845093504,0.04608628421732277,0.20833333333333334,0.29583333333333334,0.5011893963125167,0.37034410312172084,0.1450029493831983,0.03303561663101375,0.1683673469387755,0.29336734693877553
44,600,10,64,0.4,1.0,shuffled,additive,1.0,32,472,196,0.00857816476175057,0.05090348564896519,0.32666666666666666,0.0,0.41517697609305276,0.4056036858386451,0.15118134603955877,0.04942537444589008,0.15333333333333332,0.26,0.4458522268044305,0.3818912829134696,0.14648693413918593,0.03612578963708771,0.1377551020408163,0.2602040816326531
44,600,10,64,0.4,1.0,oracle,additive,1.0,32,472,196,0.8656539805255795,0.8730614711959771,0.32666666666666666,0.0,0.8234495758665783,0.25385233257747025,0.1124385073201762,0.023801186907337662,0.9383333333333334,0.7741666666666667,0.7706923924267447,0.26439860094615086,0.115592971439675,0.020346374439380897,0.8112244897959183,0.8903061224489796
44,600,10,64,0.4,1.0,observed,additive,2.0,32,472,196,0.23403517636238794,0.32436252431216256,0.32666666666666666,0.0,0.596342147228147,0.32308767892461304,0.12547819167578905,0.037243921150791566,0.49,0.4475,0.5652038424378,0.3330683589883054,0.13044525924258404,0.031144253813681935,0.3877551020408163,0.4260204081632653
44,600,10,64,0.4,1.0,observed,concat,2.0,32,472,196,0.21494839989361963,0.3041029002153877,0.32666666666666666,0.0,0.5836685583275759,0.3269418398302517,0.12597969093367462,0.03865961717656203,0.46166666666666667,0.44083333333333335,0.5647801719587092,0.33247188409156136,0.1303274919892854,0.031527468528681636,0.37244897959183676,0.44642857142857145
44,600,10,64,0.4,1.0,observed,same_pca_additive,2.0,32,472,196,0.18297617485711093,0.2798076907034879,0.32666666666666666,0.0,0.5779585107066381,0.33908189765390223,0.1322853865513538,0.03876413658118532,0.43,0.43083333333333335,0.5733594230288128,0.33071844553922625,0.13051242408310904,0.02970504078883691,0.3622448979591837,0.4260204081632653
44,600,10,64,0.4,1.0,shuffled,additive,2.0,32,472,196,0.004042970676633828,0.04023248437653716,0.32666666666666666,0.0,0.35841152324507125,0.4233863087933461,0.15340921299694826,0.05621077839065235,0.15833333333333333,0.2325,0.40757073191387627,0.3909555571176832,0.14595719108619437,0.04110211721658294,0.16326530612244897,0.25510204081632654
44,600,10,64,0.4,1.0,oracle,additive,2.0,32,472,196,0.9103370888649905,0.9154995484708283,0.32666666666666666,0.0,0.8973343717957982,0.20046374761603017,0.09232624365065485,0.014773253061466875,0.9583333333333334,0.7991666666666667,0.8305354901289814,0.2350342783576374,0.10560329909032926,0.016679300987287916,0.8724489795918368,0.9183673469387755
44,600,10,64,0.4,1.5,none,content_only,0.0,32,537,196,0.028551702161526433,0.07825930761838233,0.32666666666666666,0.0,0.4476053190747467,0.4020024043841366,0.15159232649367693,0.04786850683634267,0.19833333333333333,0.2991666666666667,0.4951983702306118,0.3726806825566763,0.14569650066088563,0.033919765015493424,0.15306122448979592,0.28316326530612246
44,600,10,64,0.4,1.5,observed,additive,0.25,32,537,196,0.06344199572595256,0.13566424536278324,0.32666666666666666,0.0,0.4660329646768671,0.39493551874968896,0.14999565538572385,0.046788515766024164,0.25666666666666665,0.335,0.5159889674706629,0.36481585986292203,0.14359927733404845,0.03284914463212522,0.22959183673469388,0.34183673469387754
44,600,10,64,0.4,1.5,observed,concat,0.25,32,537,196,0.019703251273341573,0.06910042331726805,0.32666666666666666,0.0,0.4453310349721146,0.40239969939422204,0.15173370280619702,0.047943406437333864,0.18833333333333332,0.305,0.494812480641564,0.3729885179875882,0.14578612280377332,0.0339118437363883,0.14285714285714285,0.27040816326530615
44,600,10,64,0.4,1.5,observed,same_pca_additive,0.25,32,537,196,0.046589293400499304,0.10170521545505556,0.32666666666666666,0.0,0.4299241769824375,0.4104739690445723,0.15396324732927774,0.048375775981333725,0.19166666666666668,0.29583333333333334,0.4851641278356771,0.37792505163383694,0.14749958826912915,0.03376588360981688,0.17857142857142858,0.29591836734693877
44,600,10,64,0.4,1.5,shuffled,additive,0.25,32,537,196,0.017930918455525597,0.06463615422586975,0.32666666666666666,0.0,0.44645321066558097,0.4022061980614602,0.15164233935647448,0.047841485770482486,0.20833333333333334,0.29583333333333334,0.49780859452114073,0.3712989109918121,0.14550538105126903,0.03322995107677825,0.22448979591836735,0.29336734693877553
44,600,10,64,0.4,1.5,oracle,additive,0.25,32,537,196,0.3604840057890317,0.4584367566920044,0.32666666666666666,0.0,0.5520634356650667,0.36387454072801095,0.14310044807533653,0.041872875025041625,0.58,0.5116666666666667,0.5811099372569722,0.33994378142836884,0.13742460463038372,0.029511816501920238,0.4387755102040816,0.5102040816326531
44,600,10,64,0.4,1.5,observed,additive,0.5,32,537,196,0.12636199892179764,0.20581313467737103,0.32666666666666666,0.0,0.5144628784741078,0.3761983077246924,0.14509977819773842,0.04365963756618044,0.36333333333333334,0.4008333333333333,0.5426182489245026,0.3530679349024335,0.1398957835899364,0.031152398890643623,0.29591836734693877,0.39285714285714285
44,600,10,64,0.4,1.5,observed,concat,0.5,32,537,196,0.045229859541655246,0.09632850816983528,0.32666666666666666,0.0,0.43018374705901674,0.40787368676564456,0.15280424443339188,0.0483666908933834,0.17666666666666667,0.27166666666666667,0.48452186232353167,0.37536057075575596,0.14608896848100947,0.03378770855311557,0.17346938775510204,0.25255102040816324
44,600,10,64,0.4,1.5,observed,same_pca_additive,0.5,32,537,196,0.05625019223345739,0.11374761719016346,0.32666666666666666,0.0,0.42326811225899985,0.41318694167135506,0.15457267633803531,0.04870132218910271,0.20333333333333334,0.31416666666666665,0.4802770526724651,0.38018598879486026,0.14806256528506992,0.03396752409559606,0.2193877551020408,0.30357142857142855
44,600,10,64,0.4,1.5,shuffled,additive,0.5,32,537,196,0.02097471933137633,0.06021779771587783,0.32666666666666666,0.0,0.42842543192072374,0.4091544130526636,0.15320437661340655,0.048440752186054134,0.16833333333333333,0.255,0.4758489481144209,0.37897549372362266,0.14681914332503132,0.03419422787916751,0.14285714285714285,0.25
44,600,10,64,0.4,1.5,oracle,additive,0.5,32,537,196,0.7781415224324201,0.7914404419736618,0.32666666666666666,0.0,0.7001540718098636,0.30992310024285946,0.1294930904215305,0.033337828262679746,0.895,0.7125,0.68313727578001,0.3009156821675979,0.12679937675753328,0.024862487685964614,0.7193877551020408,0.7959183673469388
44,600,10,64,0.4,1.5,observed,additive,1.0,32,537,196,0.11373172994087934,0.20008440257682464,0.32666666666666666,0.0,0.5241560512418786,0.3656342590106881,0.14076687385743591,0.042413858541982756,0.35333333333333333,0.38666666666666666,0.5380634135882815,0.3495851074822942,0.1371472222028035,0.03132763722534046,0.2755102040816326,0.3852040816326531
44,600,10,64,0.4,1.5,observed,concat,1.0,32,537,196,0.07893419213807687,0.17734398678512306,0.32666666666666666,0.0,0.4785197680853105,0.3867628390635791,0.14604982567098046,0.04553180573222183,0.305,0.32666666666666666,0.5140450328881524,0.3613155370574344,0.13994188790539125,0.03252036450690969,0.25,0.32908163265306123
44,600,10,64,0.4,1.5,observed,same_pca_additive,1.0,32,537,196,0.005460183009201348,0.015581909221027063,0.32666666666666666,0.0,0.423267774312261,0.413187070085062,0.15457270392202394,0.048701337959400945,0.12666666666666668,0.2225,0.48027655245329376,0.38018618115473124,0.14806261042104762,0.03396754502368633,0.10714285714285714,0.18877551020408162
44,600,10,64,0.4,1.5,shuffled,additive,1.0,32,537,196,0.004689196253177208,0.04404766314702231,0.32666666666666666,0.0,0.41700109034584526,0.4086252360201211,0.15231823723320767,0.04919952723156752,0.14,0.2633333333333333,0.4589862084141901,0.37960599105449544,0.14559157214232232,0.03525858029652018,0.11734693877551021,0.2602040816326531
44,600,10,64,0.4,1.5,oracle,additive,1.0,32,537,196,0.8656539805255795,0.8730614711959771,0.32666666666666666,0.0,0.8234495758665783,0.25385233257747025,0.1124385073201762,0.023801186907337662,0.9383333333333334,0.7741666666666667,0.7706923924267447,0.26439860094615086,0.115592971439675,0.020346374439380897,0.8112244897959183,0.8903061224489796
44,600,10,64,0.4,1.5,observed,additive,2.0,32,537,196,0.09903494085247544,0.18374456742718584,0.32666666666666666,0.0,0.4916289166232307,0.3714188345820233,0.1387268682424925,0.04493910796139634,0.33,0.35583333333333333,0.5196068641311531,0.35220879789896986,0.13466505517501243,0.033064161810271275,0.2755102040816326,0.3673469387755102
44,600,10,64,0.4,1.5,observed,concat,2.0,32,537,196,0.10454687188032025,0.19440715325480065,0.32666666666666666,0.0,0.5148468984863557,0.3563593218759198,0.13406559295038925,0.04445558369074074,0.37166666666666665,0.3875,0.5242739668738089,0.3481815246790771,0.13384092333535375,0.034343819793729705,0.32142857142857145,0.3826530612244898
44,600,10,64,0.4,1.5,observed,same_pca_additive,2.0,32,537,196,0.09627927832784566,0.1659440554239778,0.32666666666666666,0.0,0.5162009995570456,0.3660324296769364,0.14008476751166093,0.04286522145453657,0.32166666666666666,0.3641666666666667,0.5300758272514136,0.35033009446450697,0.1361968354320691,0.03191460393925728,0.2653061224489796,0.34183673469387754
44,600,10,64,0.4,1.5,shuffled,additive,2.0,32,537,196,0.009390690368685464,0.05054912662651497,0.32666666666666666,0.0,0.3729175255911903,0.42127611689516004,0.15367889597770362,0.05387625630904038,0.16666666666666666,0.25166666666666665,0.41671880543620926,0.39293466160269475,0.1466974524823975,0.03974582267061881,0.14795918367346939,0.2423469387755102
44,600,10,64,0.4,1.5,oracle,additive,2.0,32,537,196,0.9103370888649905,0.9154995484708283,0.32666666666666666,0.0,0.8973343717957982,0.20046374761603017,0.09232624365065485,0.014773253061466875,0.9583333333333334,0.7991666666666667,0.8305354901289814,0.2350342783576374,0.10560329909032926,0.016679300987287916,0.8724489795918368,0.9183673469387755
44,600,10,64,0.4,2.0,none,content_only,0.0,32,580,196,0.028551702161526433,0.07825930761838233,0.32666666666666666,0.0,0.4476053190747467,0.4020024043841366,0.15159232649367693,0.04786850683634267,0.19833333333333333,0.2991666666666667,0.4951983702306118,0.3726806825566763,0.14569650066088563,0.033919765015493424,0.15306122448979592,0.28316326530612246
44,600,10,64,0.4,2.0,observed,additive,0.25,32,580,196,0.051541689511084496,0.10683890174268583,0.32666666666666666,0.0,0.46676001936000766,0.3938616619658341,0.14974477462391053,0.046453349107432394,0.2633333333333333,0.3258333333333333,0.5073254211756929,0.36642816718500293,0.1440981655534193,0.03302176451839632,0.20408163265306123,0.29591836734693877
44,600,10,64,0.4,2.0,observed,concat,0.25,32,580,196,0.018419136702732316,0.061053691001651936,0.32666666666666666,0.0,0.4473864363711841,0.4020422661844102,0.15158214550576612,0.04759911909184054,0.18666666666666668,0.28,0.49152691276158417,0.3741930199262319,0.1461541080093413,0.034109801398582384,0.12755102040816327,0.288265306122449
44,600,10,64,0.4,2.0,observed,same_pca_additive,0.25,32,580,196,0.03563951268542856,0.06633153900376346,0.32666666666666666,0.0,0.4232682631932616,0.4131868832485647,0.15457266335462502,0.0487013145680994,0.18,0.2825,0.48027711778861293,0.38018595466177624,0.1480625550849481,0.033967521476296426,0.16326530612244897,0.2627551020408163
44,600,10,64,0.4,2.0,shuffled,additive,0.25,32,580,196,0.020540941055189426,0.06620023593842557,0.32666666666666666,0.0,0.4428026740280558,0.4035179431254879,0.1518858278459472,0.04806656572667621,0.2,0.3016666666666667,0.48362586539581937,0.37648005769223125,0.14663417220516559,0.03436747511522628,0.11734693877551021,0.2729591836734694
44,600,10,64,0.4,2.0,oracle,additive,0.25,32,580,196,0.3604840057890317,0.4584367566920044,0.32666666666666666,0.0,0.5520634356650667,0.36387454072801095,0.14310044807533653,0.041872875025041625,0.58,0.5116666666666667,0.5811099372569722,0.33994378142836884,0.13742460463038372,0.029511816501920238,0.4387755102040816,0.5102040816326531
44,600,10,64,0.4,2.0,observed,additive,0.5,32,580,196,0.09661301276976046,0.16496789300816805,0.32666666666666666,0.0,0.4794695629003227,0.38950672218000754,0.1485323999552586,0.045539055653031596,0.31,0.3441666666666667,0.5122768594269379,0.3651965020662781,0.14356413116739247,0.03250470829890827,0.29081632653061223,0.31887755102040816
44,600,10,64,0.4,2.0,observed,concat,0.5,32,580,196,0.01774883567780942,0.0473124157672683,0.32666666666666666,0.0,0.41504473954597654,0.4141147313148019,0.15432203608819953,0.049147429893685264,0.125,0.2275,0.4780125918060074,0.3781681488184591,0.14682777083638401,0.03408094086944478,0.11734693877551021,0.24489795918367346
44,600,10,64,0.4,2.0,observed,same_pca_additive,0.5,32,580,196,0.04328215496808378,0.10221892112854412,0.32666666666666666,0.0,0.42326782450816774,0.4131870512708863,0.15457269912367322,0.04870133576516674,0.19,0.2991666666666667,0.4802767411584666,0.3801861052093447,0.1480625913397768,0.033967537077987144,0.16326530612244897,0.3137755102040816
44,600,10,64,0.4,2.0,shuffled,additive,0.5,32,580,196,0.006620484616851335,0.038196334511395674,0.32666666666666666,0.0,0.417776458802752,0.4124263775993725,0.15381751829655044,0.04901082884550799,0.11333333333333333,0.235,0.47465630877085035,0.37867109000878163,0.14660004074361976,0.034221811129602465,0.07653061224489796,0.2372448979591837
44,600,10,64,0.4,2.0,oracle,additive,0.5,32,580,196,0.7781415224324201,0.7914404419736618,0.32666666666666666,0.0,0.7001540718098636,0.30992310024285946,0.1294930904215305,0.033337828262679746,0.895,0.7125,0.68313727578001,0.3009156821675979,0.12679937675753328,0.024862487685964614,0.7193877551020408,0.7959183673469388
44,600,10,64,0.4,2.0,observed,additive,1.0,32,580,196,0.04756739433679752,0.1284150957237526,0.32666666666666666,0.0,0.47010582301320314,0.3871317974059165,0.14622700664802013,0.04585556959176362,0.25,0.3325,0.5173695276533594,0.35812607281506026,0.13963577433546775,0.0322327439561741,0.25,0.34183673469387754
44,600,10,64,0.4,2.0,observed,concat,1.0,32,580,196,0.031583945460523594,0.11358069818315177,0.32666666666666666,0.0,0.4541131035851265,0.3935466909273233,0.1478033219863667,0.04672463388229617,0.255,0.295,0.48876446704165866,0.37041673675647313,0.14292707894712142,0.03371554295920083,0.23469387755102042,0.28316326530612246
44,600,10,64,0.4,2.0,observed,same_pca_additive,1.0,32,580,196,0.012956321018883925,0.05341723244981178,0.32666666666666666,0.0,0.4232676069383532,0.4131871352957115,0.1545727173661398,0.04870134600706806,0.14,0.26916666666666667,0.48027649095481895,0.3801862059295568,0.14806261574128302,0.033967547528168204,0.08673469387755102,0.27040816326530615
44,600,10,64,0.4,2.0,shuffled,additive,1.0,32,580,196,-0.0013165938927550914,0.03223437894171523,0.32666666666666666,0.0,0.4099966200016034,0.41229982730093334,0.15311824654058012,0.04955668921839803,0.12,0.23416666666666666,0.4572100106942961,0.3815582293353755,0.14621687039950673,0.035218889625348984,0.11224489795918367,0.22704081632653061
44,600,10,64,0.4,2.0,oracle,additive,1.0,32,580,196,0.8656539805255795,0.8730614711959771,0.32666666666666666,0.0,0.8234495758665783,0.25385233257747025,0.1124385073201762,0.023801186907337662,0.9383333333333334,0.7741666666666667,0.7706923924267447,0.26439860094615086,0.115592971439675,0.020346374439380897,0.8112244897959183,0.8903061224489796
44,600,10,64,0.4,2.0,observed,additive,2.0,32,580,196,0.06739874432719123,0.14664209785598964,0.32666666666666666,0.0,0.4635725446174223,0.38043675962701584,0.14175808816662655,0.04699095139563953,0.30833333333333335,0.3458333333333333,0.48646702888281396,0.36510410598884546,0.13918156062412837,0.03529811553603554,0.29591836734693877,0.32142857142857145
44,600,10,64,0.4,2.0,observed,concat,2.0,32,580,196,0.03321090143310309,0.12117249191319222,0.32666666666666666,0.0,0.4419931740662461,0.39016012767870567,0.14339159180855046,0.049455913458266935,0.265,0.31333333333333335,0.49052095704431986,0.36142359636877536,0.13717670841828913,0.03548559800897612,0.2755102040816326,0.3392857142857143
44,600,10,64,0.4,2.0,observed,same_pca_additive,2.0,32,580,196,0.023446388392881455,0.0663309969862568,0.32666666666666666,0.0,0.42653856851665656,0.4079394237077016,0.1516826941536816,0.04896313670867117,0.17833333333333334,0.27,0.483432884399621,0.37416133783808697,0.14421738119394734,0.03397249303659954,0.17346938775510204,0.28316326530612246
44,600,10,64,0.4,2.0,shuffled,additive,2.0,32,580,196,0.006306348432929714,0.046967778443337216,0.32666666666666666,0.0,0.37491497500677506,0.42084904794145167,0.1530801168649972,0.05354325765953823,0.15833333333333333,0.23166666666666666,0.412329042384814,0.3948329778034778,0.14693672310508962,0.03961522383914574,0.14285714285714285,0.23214285714285715
44,600,10,64,0.4,2.0,oracle,additive,2.0,32,580,196,0.9103370888649905,0.9154995484708283,0.32666666666666666,0.0,0.8973343717957982,0.20046374761603017,0.09232624365065485,0.014773253061466875,0.9583333333333334,0.7991666666666667,0.8305354901289814,0.2350342783576374,0.10560329909032926,0.016679300987287916,0.8724489795918368,0.9183673469387755
