dataset_size,sample_ratio,sample_size,sample_seed,selection_seed,sample_min_child_size,full_k,selected_k,k_match,status,selection_reason,strategy,selection_sec,full_fit_sec,assignment_sec,quality_sec,algorithm_sec,end_to_end_sec,clusters,silhouette,xie_beni,agreement_ari_vs_full_selection,tag_nmi,tag_ari,class_nmi,class_ari
300,1.0,300,-1,42,20,5,5,True,ok,selected_multi_metric_xb_worsening_patience,full_selection,1.0681619839999712,0.0,0.0,0.029484135000075185,1.0681619839999712,1.0976461190000464,5,0.05499506550438317,0.1884194891283695,,0.43045849506552114,0.35601955944852454,0.48011243435498024,0.22302103562296952
300,1.0,300,-1,43,20,5,5,True,ok,selected_multi_metric_xb_worsening_patience,full_selection,0.9054022980001264,0.0,0.0,0.02230469100004484,0.9054022980001264,0.9277069890001712,5,0.048245196600013855,0.21645143890838797,,0.3084462245183133,0.23016802052417795,0.4199471370400899,0.1847965254423023
300,1.0,300,-1,44,20,5,5,True,ok,selected_multi_metric_xb_worsening_patience,full_selection,0.924001829999952,0.0,0.0,0.014424185000052603,0.924001829999952,0.9384260150000046,5,0.05499506550438317,0.18841927108276244,,0.4304584950655212,0.35601955944852454,0.48011243435498024,0.22302103562296952
300,0.05,15,42,42,2,5,6,False,ok,selected_multi_metric_max_k,sample_select_full_fit,1.0666579820001516,0.3103145580000728,0.0,0.013365753000016412,1.3769725400002244,1.3903382930002408,6,0.05004801848222625,0.6188548466686059,0.4144916428770778,0.3393538732495525,0.22576332897324705,0.502466931029892,0.2275418936123107
300,0.05,15,42,42,2,5,6,False,ok,selected_multi_metric_max_k,sample_select_project,1.0666579820001516,0.0,0.0012616510000498238,0.013327370999832056,1.0679196330002014,1.0812470040000335,6,0.024296051966816855,0.20373468329296504,0.1837889946266787,0.25343009189565285,0.17016748791621694,0.3542188259990211,0.15485190647405817
300,0.05,15,42,43,2,5,5,True,ok,selected_multi_metric_xb_worsening_patience,sample_select_full_fit,0.959322352000072,0.24428738599999633,0.0,0.015623620000042138,1.2036097380000683,1.2192333580001105,5,0.048245196600013855,0.21645143890838797,1.0,0.3084462245183133,0.23016802052417795,0.4199471370400899,0.1847965254423023
300,0.05,15,42,43,2,5,5,True,ok,selected_multi_metric_xb_worsening_patience,sample_select_project,0.959322352000072,0.0,0.001595642999973279,0.017230073000064294,0.9609179950000453,0.9781480680001096,5,0.02288325650484837,0.2029513690917967,0.19345770540688506,0.2021015580865335,0.14670813446042583,0.288579274173209,0.11676501147737381
300,0.05,15,42,44,2,5,6,False,ok,selected_multi_metric_max_k,sample_select_full_fit,1.0380790439999146,0.2989023760001146,0.0,0.01476150400003462,1.3369814200000292,1.3517429240000638,6,0.05542928433514502,0.18484830716015538,0.7671130530733816,0.3936166342376256,0.32054892581667704,0.4961802396864604,0.24526248660403321
300,0.05,15,42,44,2,5,6,False,ok,selected_multi_metric_max_k,sample_select_project,1.0380790439999146,0.0,0.0012323159999141353,0.014262433000112651,1.0393113599998287,1.0535737929999414,6,0.023280637258284914,0.17378447878784622,0.17074465481879816,0.23798624821419423,0.1579643290656996,0.3309011212814205,0.14049709058189844
300,0.05,15,43,42,2,5,5,True,ok,selected_multi_metric_xb_worsening_patience,sample_select_full_fit,0.9256807700000991,0.23003245700010666,0.0,0.014167647000022043,1.1557132270002057,1.1698808740002278,5,0.05499506550438317,0.18841948912836956,1.0,0.43045849506552114,0.35601955944852454,0.48011243435498024,0.22302103562296952
300,0.05,15,43,42,2,5,5,True,ok,selected_multi_metric_xb_worsening_patience,sample_select_project,0.9256807700000991,0.0,0.0012977180001598754,0.01387877899992418,0.926978488000259,0.9408572670001831,5,0.031339339438102534,0.2228337207247821,0.28230739585563563,0.28836603344823936,0.23860259675822945,0.3457957392990355,0.16580471401313726
300,0.05,15,43,43,2,5,5,True,ok,selected_multi_metric_xb_worsening_patience,sample_select_full_fit,0.7796161849998953,0.19418775100007224,0.0,0.012923829999863301,0.9738039359999675,0.9867277659998308,5,0.048245196600013855,0.21645143890838797,1.0,0.3084462245183133,0.23016802052417795,0.4199471370400899,0.1847965254423023
300,0.05,15,43,43,2,5,5,True,ok,selected_multi_metric_xb_worsening_patience,sample_select_project,0.7796161849998953,0.0,0.001234019000094122,0.014005836000023919,0.7808502039999894,0.7948560400000133,5,0.022827148888185076,0.20455150238011344,0.1805059792130746,0.20334579599294486,0.14370952635638862,0.28254984183796444,0.12288712527072493
300,0.05,15,43,44,2,5,3,False,ok,selected_multi_metric_max_k,sample_select_full_fit,0.8283110509999005,0.2094793320000008,0.0,0.013560797000081948,1.0377903829999013,1.0513511799999833,3,0.04397655305755354,0.24820725998621973,0.4317953096627291,0.2689700131014049,0.1733479511997937,0.3190341011596615,0.09886666486500334
300,0.05,15,43,44,2,5,3,False,ok,selected_multi_metric_max_k,sample_select_project,0.8283110509999005,0.0,0.0014075430001412315,0.015394373000162886,0.8297185940000418,0.8451129670002047,3,0.027700220004140016,0.34079294070434957,0.1845151127404797,0.1534461277720342,0.12132608876927649,0.2093152925487037,0.07611841010010527
300,0.05,15,44,42,2,5,4,False,ok,selected_multi_metric_max_k,sample_select_full_fit,0.9583084930000041,0.41858560200012107,0.0,0.03556144799995309,1.3768940950001252,1.4124555430000783,4,0.046714516951256294,0.22180970034603853,0.6539703811760587,0.3815649595069107,0.29618615915249374,0.42410646265784097,0.17037492633482434
300,0.05,15,44,42,2,5,4,False,ok,selected_multi_metric_max_k,sample_select_project,0.9583084930000041,0.0,0.0013118940000822477,0.014338025000142807,0.9596203870000863,0.9739584120002291,4,0.02869523390786939,0.2786114332124227,0.2343093345633526,0.24681179935677097,0.19280555317353845,0.3096708616255017,0.12099375916943601
300,0.05,15,44,43,2,5,5,True,ok,selected_multi_metric_max_k,sample_select_full_fit,0.689270439999973,0.19050470100000894,0.0,0.01361625999993521,0.8797751409999819,0.8933914009999171,5,0.048245196600013855,0.21645143890838797,1.0,0.3084462245183133,0.23016802052417795,0.4199471370400899,0.1847965254423023
300,0.05,15,44,43,2,5,5,True,ok,selected_multi_metric_max_k,sample_select_project,0.689270439999973,0.0,0.0017396209998423728,0.014127381999969657,0.6910100609998153,0.705137442999785,5,0.024968238296457532,0.2634983184177382,0.2097989582359562,0.2746382134200738,0.2164224704535652,0.31745184397320503,0.13023449710022364
300,0.05,15,44,44,2,5,5,True,ok,selected_multi_metric_max_k,sample_select_full_fit,0.7393367419999777,0.2298649959998329,0.0,0.01587813399987681,0.9692017379998106,0.9850798719996874,5,0.05499506550438317,0.18841927108276244,1.0,0.4304584950655212,0.35601955944852454,0.48011243435498024,0.22302103562296952
300,0.05,15,44,44,2,5,5,True,ok,selected_multi_metric_max_k,sample_select_project,0.7393367419999777,0.0,0.0013010539998958848,0.013536311000052592,0.7406377959998736,0.7541741069999262,5,0.02800717303001034,0.2121027775199913,0.2122290345151316,0.2743199808354788,0.23536760265520595,0.3297882164711896,0.1474692268811035
300,0.05,15,45,42,2,5,7,False,ok,selected_multi_metric_max_k,sample_select_full_fit,0.7635227900000245,0.2930804990000979,0.0,0.012858949000019493,1.0566032890001225,1.069462238000142,7,0.06156024055910149,0.18858037671716973,0.4881046164122172,0.43754085724201847,0.3602286624664874,0.5547675264687213,0.2971076905527831
300,0.05,15,45,42,2,5,7,False,ok,selected_multi_metric_max_k,sample_select_project,0.7635227900000245,0.0,0.0012313749998611456,0.013572567999972307,0.7647541649998857,0.778326732999858,7,0.022854335659750778,0.1875016491636478,0.11939620947082652,0.24892275270642858,0.1659474562847474,0.3806640509569505,0.17184842110932044
300,0.05,15,45,43,2,5,6,False,ok,selected_multi_metric_max_k,sample_select_full_fit,0.6616787389998535,0.2803995340000256,0.0,0.018924288999869532,0.9420782729998791,0.9610025619997487,6,0.05278861044560739,0.21020375945319128,0.5498967014946734,0.4061731705022827,0.3236839837050142,0.48841265569901077,0.22922029288945223
300,0.05,15,45,43,2,5,6,False,ok,selected_multi_metric_max_k,sample_select_project,0.6616787389998535,0.0,0.0016418889999840758,0.014881055999921955,0.6633206279998376,0.6782016839997596,6,0.021147875155028088,0.20481334791185132,0.20212704216570165,0.22230075119159848,0.17461847666947297,0.31409487920811885,0.1346838441223909
300,0.05,15,45,44,2,5,7,False,ok,selected_multi_metric_max_k,sample_select_full_fit,0.7602681329999541,0.4262181680001049,0.0,0.013145211999926687,1.186486301000059,1.1996315129999857,7,0.06156024055910149,0.18858052226799077,0.4881046164122172,0.4375408572420185,0.3602286624664874,0.5547675264687214,0.2971076905527831
300,0.05,15,45,44,2,5,7,False,ok,selected_multi_metric_max_k,sample_select_project,0.7602681329999541,0.0,0.0012762680000832916,0.015394513000046572,0.7615444010000374,0.776938914000084,7,0.03463692237213583,0.1750876366560486,0.24827089838358324,0.3101110968835582,0.23529323333841834,0.417897889862356,0.20869236380450704
300,0.05,15,46,42,2,5,6,False,ok,selected_multi_metric_max_k,sample_select_full_fit,0.73160278499995,0.38861881599996195,0.0,0.014433192000069539,1.120221600999912,1.1346547929999815,6,0.05004801848222625,0.6188548466686059,0.4144916428770778,0.3393538732495525,0.22576332897324705,0.502466931029892,0.2275418936123107
300,0.05,15,46,42,2,5,6,False,ok,selected_multi_metric_max_k,sample_select_project,0.73160278499995,0.0,0.0015022590000626224,0.013010581999878923,0.7331050440000126,0.7461156259998916,6,0.029917181844337316,0.19415470463197493,0.28550447689099195,0.26952438398950124,0.20146000403307268,0.36442230318095925,0.16414962383801532
300,0.05,15,46,43,2,5,6,False,ok,selected_multi_metric_max_k,sample_select_full_fit,0.8771928050000497,0.2745100779998211,0.0,0.014483444999996209,1.1517028829998708,1.166186327999867,6,0.05278861044560739,0.21020375945319128,0.5498967014946734,0.4061731705022827,0.3236839837050142,0.48841265569901077,0.22922029288945223
300,0.05,15,46,43,2,5,6,False,ok,selected_multi_metric_max_k,sample_select_project,0.8771928050000497,0.0,0.001277640999887808,0.01376697000000604,0.8784704459999375,0.8922374159999436,6,0.029917181844337316,0.19415470463197493,0.32522838236598683,0.26952438398950124,0.20146000403307268,0.3644223031809592,0.16414962383801532
300,0.05,15,46,44,2,5,6,False,ok,selected_multi_metric_max_k,sample_select_full_fit,0.8026660919999813,0.25636362800014467,0.0,0.013420385000017632,1.059029720000126,1.0724501050001436,6,0.05542928433514502,0.18484830716015538,0.7671130530733816,0.3936166342376256,0.32054892581667704,0.4961802396864604,0.24526248660403321
300,0.05,15,46,44,2,5,6,False,ok,selected_multi_metric_max_k,sample_select_project,0.8026660919999813,0.0,0.001264755999955014,0.013239407000128267,0.8039308479999363,0.8171702550000646,6,0.024562189257199253,0.1860150158713037,0.19624595147099427,0.23909814565504026,0.1592956453040115,0.3427167533195057,0.13837247128315566
300,0.1,30,42,42,2,5,8,False,ok,selected_multi_metric_max_k,sample_select_full_fit,0.9720643519999612,0.29477532700002484,0.0,0.013685169000154929,1.266839678999986,1.280524848000141,8,0.06710861068165841,0.1377835262185484,0.565476299742515,0.4650028890412193,0.3698431051730035,0.5740802762714166,0.31230311752578477
300,0.1,30,42,42,2,5,8,False,ok,selected_multi_metric_max_k,sample_select_project,0.9720643519999612,0.0,0.0012589160000970878,0.013285682999821802,0.9733232680000583,0.9866089509998801,8,0.037773025439500105,0.1790172417471786,0.33887846797807025,0.33531079552158916,0.24715750456469024,0.43676049424869734,0.21400790256491573
300,0.1,30,42,43,2,5,8,False,ok,selected_multi_metric_max_k,sample_select_full_fit,0.9135507599999073,0.3092934860001151,0.0,0.014576468999848657,1.2228442460000224,1.237420714999871,8,0.06137897266559376,0.21189099292716201,0.44761122934218434,0.46264366521617817,0.37299374597342533,0.5454833092305442,0.28196263476585753
300,0.1,30,42,43,2,5,8,False,ok,selected_multi_metric_max_k,sample_select_project,0.9135507599999073,0.0,0.0012291210000512365,0.013317633000042406,0.9147798809999586,0.928097514000001,8,0.04195805160965128,0.13929924698182625,0.22036626966670267,0.337917932743602,0.24712258031237463,0.46452600908316916,0.2480349278981596
300,0.1,30,42,44,2,5,8,False,ok,selected_multi_metric_max_k,sample_select_full_fit,0.8721880729999612,0.34343191100015247,0.0,0.022662277000108588,1.2156199840001136,1.2382822610002222,8,0.06710861068165841,0.13778352725311635,0.565476299742515,0.4650028890412192,0.3698431051730035,0.5740802762714167,0.31230311752578477
300,0.1,30,42,44,2,5,8,False,ok,selected_multi_metric_max_k,sample_select_project,0.8721880729999612,0.0,0.001297036999858392,0.01578693399983422,0.8734851099998195,0.8892720439996538,8,0.043485498386118294,0.1351533610711129,0.34707821090369445,0.36688068052679573,0.27145411737723485,0.46977624824302794,0.23540279586474872
300,0.1,30,43,42,2,5,8,False,ok,selected_multi_metric_max_k,sample_select_full_fit,0.9794166120000227,0.28820801899996695,0.0,0.015457401000048776,1.2676246309999897,1.2830820320000385,8,0.06710861068165841,0.1377835262185484,0.565476299742515,0.4650028890412193,0.3698431051730035,0.5740802762714166,0.31230311752578477
300,0.1,30,43,42,2,5,8,False,ok,selected_multi_metric_max_k,sample_select_project,0.9794166120000227,0.0,0.001313656999855084,0.013549916999863854,0.9807302689998778,0.9942801859997417,8,0.037065417501553156,0.16696936636871873,0.3172457393531148,0.3702345114702746,0.2660634048945907,0.46303514249306327,0.24024921527407173
300,0.1,30,43,43,2,5,8,False,ok,selected_multi_metric_xb_worsening_patience,sample_select_full_fit,1.1276506019999033,0.45476847600002657,0.0,0.013145884000095975,1.5824190779999299,1.5955649620000258,8,0.06137897266559376,0.21189099292716201,0.44761122934218434,0.46264366521617817,0.37299374597342533,0.5454833092305442,0.28196263476585753
300,0.1,30,43,43,2,5,8,False,ok,selected_multi_metric_xb_worsening_patience,sample_select_project,1.1276506019999033,0.0,0.0016170430001238856,0.014682776999961789,1.1292676450000272,1.143950421999989,8,0.03873355368098293,0.1682423107428027,0.21821516131887708,0.3316812653642901,0.22872651415521664,0.4451672065504539,0.23468036135461465
300,0.1,30,43,44,2,5,8,False,ok,selected_multi_metric_xb_worsening_patience,sample_select_full_fit,1.0858091329998842,0.2710627320000185,0.0,0.014706070000102045,1.3568718649999028,1.3715779350000048,8,0.06710861068165841,0.13778352725311635,0.565476299742515,0.4650028890412192,0.3698431051730035,0.5740802762714167,0.31230311752578477
300,0.1,30,43,44,2,5,8,False,ok,selected_multi_metric_xb_worsening_patience,sample_select_project,1.0858091329998842,0.0,0.001311213000008138,0.01431291699987014,1.0871203459998924,1.1014332629997625,8,0.03672382770552677,0.17539700111611106,0.28496829384228267,0.34917905786272513,0.24951722749005456,0.45142574933575513,0.23577177059660623
300,0.1,30,44,42,2,5,8,False,ok,selected_multi_metric_max_k,sample_select_full_fit,0.8369017799998346,0.34925050099991495,0.0,0.016353840999954627,1.1861522809997496,1.2025061219997042,8,0.06710861068165841,0.1377835262185484,0.565476299742515,0.4650028890412193,0.3698431051730035,0.5740802762714166,0.31230311752578477
300,0.1,30,44,42,2,5,8,False,ok,selected_multi_metric_max_k,sample_select_project,0.8369017799998346,0.0,0.001396762000013041,0.01422119699986979,0.8382985419998477,0.8525197389997174,8,0.022021188254625287,0.14618664474474194,0.1636840642792999,0.29981893373576524,0.22856015666928492,0.3819846039663058,0.18294613012131086
300,0.1,30,44,43,2,5,4,False,ok,selected_multi_metric_xb_worsening_patience,sample_select_full_fit,0.8906831259998853,0.18078284500006703,0.0,0.015596549000065352,1.0714659709999523,1.0870625200000177,4,0.046714516951256294,0.22180980692639243,0.37338333602659896,0.3815649595069108,0.29618615915249374,0.4241064626578409,0.17037492633482434
300,0.1,30,44,43,2,5,4,False,ok,selected_multi_metric_xb_worsening_patience,sample_select_project,0.8906831259998853,0.0,0.0013153410000086296,0.013797348000025522,0.8919984669998939,0.9057958149999195,4,0.022660732261530196,0.27553837559267447,0.2175876271938687,0.19259818122482733,0.1568401124105656,0.26478210995514223,0.10142601738411688
300,0.1,30,44,44,2,5,8,False,ok,selected_multi_metric_max_k,sample_select_full_fit,0.949795351000148,0.2678858050001054,0.0,0.013504852000096434,1.2176811560002534,1.2311860080003498,8,0.06710861068165841,0.13778352725311635,0.565476299742515,0.4650028890412192,0.3698431051730035,0.5740802762714167,0.31230311752578477
300,0.1,30,44,44,2,5,8,False,ok,selected_multi_metric_max_k,sample_select_project,0.949795351000148,0.0,0.001293840000016644,0.014270077999981368,0.9510891910001646,0.965359269000146,8,0.02816250046244716,0.16993946781179203,0.23963088174736547,0.3639070918569189,0.2739574510025656,0.4656955038887282,0.23232790584560165
300,0.1,30,45,42,2,5,8,False,ok,selected_multi_metric_max_k,sample_select_full_fit,1.0225320039999133,0.30200526699991315,0.0,0.013857038999958604,1.3245372709998264,1.338394309999785,8,0.06710861068165841,0.1377835262185484,0.565476299742515,0.4650028890412193,0.3698431051730035,0.5740802762714166,0.31230311752578477
300,0.1,30,45,42,2,5,8,False,ok,selected_multi_metric_max_k,sample_select_project,1.0225320039999133,0.0,0.0016350759999568254,0.014630699999997887,1.0241670799998701,1.038797779999868,8,0.024899866314476472,0.14881979894652797,0.20067578851153828,0.271422875956823,0.1850166862503684,0.3958385834007567,0.1847624237311764
300,0.1,30,45,43,2,5,8,False,ok,selected_multi_metric_xb_worsening_patience,sample_select_full_fit,1.0825405119999232,0.2822171679999883,0.0,0.012949718999834658,1.3647576799999115,1.3777073989997461,8,0.06137897266559376,0.21189099292716201,0.44761122934218434,0.46264366521617817,0.37299374597342533,0.5454833092305442,0.28196263476585753
300,0.1,30,45,43,2,5,8,False,ok,selected_multi_metric_xb_worsening_patience,sample_select_project,1.0825405119999232,0.0,0.0012473239999053476,0.012944298000093113,1.0837878359998285,1.0967321339999216,8,0.032422086696833954,0.19140123747058096,0.2730024833176609,0.2956266880202223,0.20720467733893,0.42601241464349165,0.20977866346732868
300,0.1,30,45,44,2,5,6,False,ok,selected_multi_metric_xb_worsening_patience,sample_select_full_fit,0.9259470169999986,0.32004348599980403,0.0,0.015349839000009524,1.2459905029998026,1.2613403419998122,6,0.05542928433514502,0.18484830716015538,0.7671130530733816,0.3936166342376256,0.32054892581667704,0.4961802396864604,0.24526248660403321
300,0.1,30,45,44,2,5,6,False,ok,selected_multi_metric_xb_worsening_patience,sample_select_project,0.9259470169999986,0.0,0.0015456999999514665,0.015674505000106365,0.9274927169999501,0.9431672220000564,6,0.019926906211974287,0.2623867564631884,0.2299382303090392,0.20633084564478857,0.14199922221766695,0.3094633692877504,0.12406765159696907
300,0.1,30,46,42,2,5,8,False,ok,selected_multi_metric_max_k,sample_select_full_fit,1.0454275239999333,0.2929719470000691,0.0,0.015507272999911947,1.3383994710000024,1.3539067439999144,8,0.06710861068165841,0.1377835262185484,0.565476299742515,0.4650028890412193,0.3698431051730035,0.5740802762714166,0.31230311752578477
300,0.1,30,46,42,2,5,8,False,ok,selected_multi_metric_max_k,sample_select_project,1.0454275239999333,0.0,0.0014169799999308452,0.018107267000004867,1.0468445039998642,1.064951770999869,8,0.03508322213030378,0.1431634668966252,0.17403112873334287,0.2583730276971769,0.18821343820991834,0.4041648868973099,0.18400007057586337
300,0.1,30,46,43,2,5,8,False,ok,selected_multi_metric_xb_worsening_patience,sample_select_full_fit,0.839065039000161,0.2844638239998858,0.0,0.014515304999804357,1.1235288630000468,1.1380441679998512,8,0.06137897266559376,0.21189099292716201,0.44761122934218434,0.46264366521617817,0.37299374597342533,0.5454833092305442,0.28196263476585753
300,0.1,30,46,43,2,5,8,False,ok,selected_multi_metric_xb_worsening_patience,sample_select_project,0.839065039000161,0.0,0.0012476240001433325,0.013363168000068981,0.8403126630003044,0.8536758310003734,8,0.03399396665775176,0.14434362976304943,0.23453238392361578,0.3191865836260366,0.24758703240706287,0.43389627458075286,0.20556663653500826
300,0.1,30,46,44,2,5,8,False,ok,selected_multi_metric_xb_worsening_patience,sample_select_full_fit,0.8624385660000371,0.2603943970000273,0.0,0.014515635999941878,1.1228329630000644,1.1373485990000063,8,0.06710861068165841,0.13778352725311635,0.565476299742515,0.4650028890412192,0.3698431051730035,0.5740802762714167,0.31230311752578477
300,0.1,30,46,44,2,5,8,False,ok,selected_multi_metric_xb_worsening_patience,sample_select_project,0.8624385660000371,0.0,0.0012760979998347466,0.016000262000034127,0.8637146639998718,0.879714925999906,8,0.02899061261479558,0.17551048866124172,0.21427950351166403,0.3047006452698457,0.2512858257217381,0.42445687343664923,0.21304539278231163
300,0.15,45,42,42,3,5,8,False,ok,selected_multi_metric_max_k,sample_select_full_fit,1.1333845919998566,0.36545747099989967,0.0,0.014660425999863946,1.4988420629997563,1.5135024889996203,8,0.06710861068165841,0.1377835262185484,0.565476299742515,0.4650028890412193,0.3698431051730035,0.5740802762714166,0.31230311752578477
300,0.15,45,42,42,3,5,8,False,ok,selected_multi_metric_max_k,sample_select_project,1.1333845919998566,0.0,0.0012884109999049542,0.028585050000174306,1.1346730029997616,1.163258052999936,8,0.041581910418490804,0.14884247996512373,0.29402914804011515,0.3701450042394524,0.2813279851778445,0.45287332910711303,0.2232000159538994
300,0.15,45,42,43,3,5,8,False,ok,selected_multi_metric_max_k,sample_select_full_fit,1.0198436749999473,0.302308432000018,0.0,0.013757894000036686,1.3221521069999653,1.335910001000002,8,0.06137897266559376,0.21189099292716201,0.44761122934218434,0.46264366521617817,0.37299374597342533,0.5454833092305442,0.28196263476585753
300,0.15,45,42,43,3,5,8,False,ok,selected_multi_metric_max_k,sample_select_project,1.0198436749999473,0.0,0.0012361330000203452,0.014971484999932727,1.0210798079999677,1.0360512929999004,8,0.044579713899603454,0.14644149017328734,0.2601815312931673,0.35594210152002415,0.2544773750168259,0.494459676303742,0.2719975092159293
300,0.15,45,42,44,3,5,8,False,ok,selected_multi_metric_xb_worsening_patience,sample_select_full_fit,1.0477216770000268,0.26679765500011854,0.0,0.013727937999874484,1.3145193320001454,1.3282472700000199,8,0.06710861068165841,0.13778352725311635,0.565476299742515,0.4650028890412192,0.3698431051730035,0.5740802762714167,0.31230311752578477
300,0.15,45,42,44,3,5,8,False,ok,selected_multi_metric_xb_worsening_patience,sample_select_project,1.0477216770000268,0.0,0.0014971499999774096,0.01614164600005097,1.0492188270000042,1.0653604730000552,8,0.04318495348079434,0.18129382727966747,0.3332306206238029,0.3951831922703984,0.31553806385863475,0.480211309176227,0.25016828877433944
300,0.15,45,43,42,3,5,7,False,ok,selected_multi_metric_xb_worsening_patience,sample_select_full_fit,1.1416018029999577,0.3011258789999829,0.0,0.014370804999998654,1.4427276819999406,1.4570984869999393,7,0.06156024055910149,0.18858037671716973,0.4881046164122172,0.43754085724201847,0.3602286624664874,0.5547675264687213,0.2971076905527831
300,0.15,45,43,42,3,5,7,False,ok,selected_multi_metric_xb_worsening_patience,sample_select_project,1.1416018029999577,0.0,0.001420075999931214,0.013773402999959217,1.143021878999889,1.1567952819998482,7,0.04812733888782856,0.15919451841140891,0.4038052001697652,0.38104091950571006,0.3066336162147941,0.46215050759548143,0.23848449730484678
300,0.15,45,43,43,3,5,8,False,ok,selected_multi_metric_xb_worsening_patience,sample_select_full_fit,1.58935650300009,0.33442612399994687,0.0,0.01714721799999097,1.9237826270000369,1.9409298450000279,8,0.06137897266559376,0.21189099292716201,0.44761122934218434,0.46264366521617817,0.37299374597342533,0.5454833092305442,0.28196263476585753
300,0.15,45,43,43,3,5,8,False,ok,selected_multi_metric_xb_worsening_patience,sample_select_project,1.58935650300009,0.0,0.0012763180000092689,0.016311301000087042,1.5906328210000993,1.6069441220001863,8,0.03521579494868219,0.18463130100150293,0.26294523018337546,0.33889655451465356,0.2533021635375762,0.43672715865342104,0.22681806478319552
300,0.15,45,43,44,3,5,8,False,ok,selected_multi_metric_xb_worsening_patience,sample_select_full_fit,1.1711344580000969,0.2742853820000164,0.0,0.01435151999999107,1.4454198400001133,1.4597713600001043,8,0.06710861068165841,0.13778352725311635,0.565476299742515,0.4650028890412192,0.3698431051730035,0.5740802762714167,0.31230311752578477
300,0.15,45,43,44,3,5,8,False,ok,selected_multi_metric_xb_worsening_patience,sample_select_project,1.1711344580000969,0.0,0.0014500109998607513,0.013655954000114434,1.1725844689999576,1.186240423000072,8,0.049045333753921436,0.13732845650803363,0.36969731469485867,0.3940941938440274,0.3164481047923192,0.5085240676893764,0.291394075769552
300,0.15,45,44,42,3,5,4,False,ok,selected_multi_metric_max_k,sample_select_full_fit,0.8842824770001698,0.16991586699987238,0.0,0.014670274000081918,1.0541983440000422,1.0688686180001241,4,0.046714516951256294,0.22180970034603853,0.6539703811760587,0.3815649595069107,0.29618615915249374,0.42410646265784097,0.17037492633482434
300,0.15,45,44,42,3,5,4,False,ok,selected_multi_metric_max_k,sample_select_project,0.8842824770001698,0.0,0.001363490999892747,0.013749647999929948,0.8856459680000626,0.8993956159999925,4,0.029129035049706313,0.3316601490832811,0.27545382116110556,0.258857424842828,0.20236506233010723,0.34193440347150833,0.1327082938663742
300,0.15,45,44,43,3,5,8,False,ok,selected_multi_metric_max_k,sample_select_full_fit,0.9619823250000081,0.41540235899992695,0.0,0.015137153000068793,1.377384683999935,1.3925218370000039,8,0.06137897266559376,0.21189099292716201,0.44761122934218434,0.46264366521617817,0.37299374597342533,0.5454833092305442,0.28196263476585753
300,0.15,45,44,43,3,5,8,False,ok,selected_multi_metric_max_k,sample_select_project,0.9619823250000081,0.0,0.001272510999797305,0.013837012000067261,0.9632548359998054,0.9770918479998727,8,0.025394915831075286,0.1737287060988355,0.1567622879191289,0.29545716686447937,0.19831070292789327,0.4219680610628304,0.2061958407199081
300,0.15,45,44,44,3,5,4,False,ok,selected_multi_metric_max_k,sample_select_full_fit,0.9826219909998599,0.2040821660000347,0.0,0.013766048999968916,1.1867041569998946,1.2004702059998635,4,0.046714516951256294,0.22180985221398483,0.6539703811760587,0.3815649595069108,0.29618615915249374,0.42410646265784097,0.17037492633482434
300,0.15,45,44,44,3,5,4,False,ok,selected_multi_metric_max_k,sample_select_project,0.9826219909998599,0.0,0.0016070440001385577,0.014684299999998984,0.9842290349999985,0.9989133349999975,4,0.029129035049706313,0.33166019151486625,0.27545382116110556,0.258857424842828,0.20236506233010723,0.34193440347150833,0.1327082938663742
300,0.15,45,45,42,3,5,8,False,ok,selected_multi_metric_xb_worsening_patience,sample_select_full_fit,0.9448922059998495,0.3023503400002028,0.0,0.014691703000153211,1.2472425460000522,1.2619342490002055,8,0.06710861068165841,0.1377835262185484,0.565476299742515,0.4650028890412193,0.3698431051730035,0.5740802762714166,0.31230311752578477
300,0.15,45,45,42,3,5,8,False,ok,selected_multi_metric_xb_worsening_patience,sample_select_project,0.9448922059998495,0.0,0.0013515480000023672,0.014081126000064614,0.9462437539998518,0.9603248799999164,8,0.03702731089468204,0.18173591427242775,0.23609855954249787,0.35621806564996483,0.2662604631902748,0.4896511793593885,0.26006307310314924
300,0.15,45,45,43,3,5,8,False,ok,selected_multi_metric_xb_worsening_patience,sample_select_full_fit,1.0525103969998781,0.2861431219998849,0.0,0.014655044999926758,1.338653518999763,1.3533085639996898,8,0.06137897266559376,0.21189099292716201,0.44761122934218434,0.46264366521617817,0.37299374597342533,0.5454833092305442,0.28196263476585753
300,0.15,45,45,43,3,5,8,False,ok,selected_multi_metric_xb_worsening_patience,sample_select_project,1.0525103969998781,0.0,0.0013212819999353087,0.013772811000080765,1.0538316789998134,1.0676044899998942,8,0.028310205162699744,0.17620143942714359,0.1612296074547548,0.30736452739695996,0.20687025256263175,0.41208704863614126,0.1847500913658538
300,0.15,45,45,44,3,5,6,False,ok,selected_multi_metric_xb_worsening_patience,sample_select_full_fit,1.07958019900002,0.3343351910000365,0.0,0.01502168799993342,1.4139153900000565,1.42893707799999,6,0.05542928433514502,0.18484830716015538,0.7671130530733816,0.3936166342376256,0.32054892581667704,0.4961802396864604,0.24526248660403321
300,0.15,45,45,44,3,5,6,False,ok,selected_multi_metric_xb_worsening_patience,sample_select_project,1.07958019900002,0.0,0.001306354000007559,0.013545548000138297,1.0808865530000276,1.0944321010001659,6,0.032837379446602005,0.20380954452740907,0.22385149212974897,0.3023180027470552,0.2608469553832114,0.3854560129884777,0.178825317161011
300,0.15,45,46,42,3,5,7,False,ok,selected_multi_metric_xb_worsening_patience,sample_select_full_fit,1.2896458109999003,0.2896741409999777,0.0,0.014507148999882702,1.579319951999878,1.5938271009997607,7,0.06156024055910149,0.18858037671716973,0.4881046164122172,0.43754085724201847,0.3602286624664874,0.5547675264687213,0.2971076905527831
300,0.15,45,46,42,3,5,7,False,ok,selected_multi_metric_xb_worsening_patience,sample_select_project,1.2896458109999003,0.0,0.0014054890000352316,0.015601469000102952,1.2910512999999355,1.3066527690000385,7,0.0302385506232169,0.2196435862960394,0.24953708993226928,0.2790278753526534,0.20963744302907822,0.36890204927049175,0.17304769827345082
300,0.15,45,46,43,3,5,8,False,ok,selected_multi_metric_xb_worsening_patience,sample_select_full_fit,1.0960540999999466,0.30130476899989844,0.0,0.014258055000027525,1.397358868999845,1.4116169239998726,8,0.06137897266559376,0.21189099292716201,0.44761122934218434,0.46264366521617817,0.37299374597342533,0.5454833092305442,0.28196263476585753
300,0.15,45,46,43,3,5,8,False,ok,selected_multi_metric_xb_worsening_patience,sample_select_project,1.0960540999999466,0.0,0.0012784309999460675,0.013025099000060436,1.0973325309998927,1.1103576299999531,8,0.042291836662754975,0.2236462344356273,0.24053716616137982,0.36271576851731385,0.2741224497995411,0.4713159044210735,0.24792526646002908
300,0.15,45,46,44,3,5,8,False,ok,selected_multi_metric_xb_worsening_patience,sample_select_full_fit,1.0972126890001164,0.3498230939999303,0.0,0.026079069000161326,1.4470357830000466,1.473114852000208,8,0.06710861068165841,0.13778352725311635,0.565476299742515,0.4650028890412192,0.3698431051730035,0.5740802762714167,0.31230311752578477
300,0.15,45,46,44,3,5,8,False,ok,selected_multi_metric_xb_worsening_patience,sample_select_project,1.0972126890001164,0.0,0.0012842329999784852,0.019213749999835272,1.0984969220000949,1.1177106719999301,8,0.036891499593761756,0.1419257301054056,0.2834111017800725,0.32822190919386285,0.2434395718133287,0.4194509438341527,0.2083881090382699
300,0.2,60,42,42,4,5,8,False,ok,selected_multi_metric_max_k,sample_select_full_fit,1.1974475240001539,0.3732271299998047,0.0,0.014228922000029343,1.5706746539999585,1.5849035759999879,8,0.06710861068165841,0.1377835262185484,0.565476299742515,0.4650028890412193,0.3698431051730035,0.5740802762714166,0.31230311752578477
300,0.2,60,42,42,4,5,8,False,ok,selected_multi_metric_max_k,sample_select_project,1.1974475240001539,0.0,0.0016634090000025026,0.014503742999977476,1.1991109330001564,1.2136146760001338,8,0.03730501709163523,0.13596201136502148,0.35446963436654716,0.32561653493335335,0.20463699272882147,0.46301105782834456,0.2334547486645426
300,0.2,60,42,43,4,5,8,False,ok,selected_multi_metric_max_k,sample_select_full_fit,1.1597864469999877,0.2858085390000724,0.0,0.01322737500004223,1.44559498600006,1.4588223610001023,8,0.06137897266559376,0.21189099292716201,0.44761122934218434,0.46264366521617817,0.37299374597342533,0.5454833092305442,0.28196263476585753
300,0.2,60,42,43,4,5,8,False,ok,selected_multi_metric_max_k,sample_select_project,1.1597864469999877,0.0,0.0012887910002064018,0.014314151000007769,1.161075238000194,1.1753893890002018,8,0.04217656744756629,0.14120042894872006,0.22086080810493644,0.3280712195456054,0.2513836250828869,0.44489034137211453,0.22542698800502528
300,0.2,60,42,44,4,5,8,False,ok,selected_multi_metric_max_k,sample_select_full_fit,1.2646455709998463,0.2987206850000348,0.0,0.03726619399981246,1.563366255999881,1.6006324499996936,8,0.06710861068165841,0.13778352725311635,0.565476299742515,0.4650028890412192,0.3698431051730035,0.5740802762714167,0.31230311752578477
300,0.2,60,42,44,4,5,8,False,ok,selected_multi_metric_max_k,sample_select_project,1.2646455709998463,0.0,0.0032308899999407004,0.028666052999824387,1.267876460999787,1.2965425139996114,8,0.041140376040713814,0.14765192276085648,0.3360423161900436,0.2982239604060123,0.21606360018333765,0.46767591494387745,0.2529041268068374
300,0.2,60,43,42,4,5,6,False,ok,selected_multi_metric_xb_worsening_patience,sample_select_full_fit,1.5024107479998747,0.36015055400002893,0.0,0.020336451000048328,1.8625613019999037,1.882897752999952,6,0.05004801848222625,0.6188548466686059,0.4144916428770778,0.3393538732495525,0.22576332897324705,0.502466931029892,0.2275418936123107
300,0.2,60,43,42,4,5,6,False,ok,selected_multi_metric_xb_worsening_patience,sample_select_project,1.5024107479998747,0.0,0.0013250990000415186,0.014197382000020298,1.5037358469999162,1.5179332289999365,6,0.042617433904272375,0.1810401763425032,0.507922666952102,0.34907963848190204,0.2820965368767234,0.42834422206960127,0.2087509841715538
300,0.2,60,43,43,4,5,7,False,ok,selected_multi_metric_xb_worsening_patience,sample_select_full_fit,1.262961414999836,0.2643196709998392,0.0,0.014418284000157655,1.5272810859996753,1.541699369999833,7,0.06311393809886805,0.15788031407393383,0.5628093124367375,0.5014132713346601,0.4218617854303561,0.5627290087733852,0.3001682378446571
300,0.2,60,43,43,4,5,7,False,ok,selected_multi_metric_xb_worsening_patience,sample_select_project,1.262961414999836,0.0,0.0013330140000107349,0.014470380999910049,1.2642944289998468,1.2787648099997568,7,0.04607994184336839,0.15401832538666257,0.26091395852021165,0.3980394763539768,0.32249007382569883,0.4816164825073793,0.24605882885866304
300,0.2,60,43,44,4,5,8,False,ok,selected_multi_metric_max_k,sample_select_full_fit,1.3161697709999771,0.3317217849998997,0.0,0.016264263000039136,1.6478915559998768,1.664155818999916,8,0.06710861068165841,0.13778352725311635,0.565476299742515,0.4650028890412192,0.3698431051730035,0.5740802762714167,0.31230311752578477
300,0.2,60,43,44,4,5,8,False,ok,selected_multi_metric_max_k,sample_select_project,1.3161697709999771,0.0,0.0012447299998257222,0.014061859999856097,1.3174145009998028,1.331476360999659,8,0.046386291719695195,0.14698379743948758,0.36598326880894494,0.3184923591324139,0.24473365234939568,0.4350743427094905,0.2225232441192381
300,0.2,60,44,42,4,5,3,False,ok,selected_multi_metric_xb_worsening_patience,sample_select_full_fit,1.2103835009997965,0.30583802799992554,0.0,0.017613775999961945,1.516221528999722,1.533835304999684,3,0.04397655305755354,0.24820725498051824,0.4317953096627291,0.2689700131014049,0.1733479511997937,0.3190341011596615,0.09886666486500334
300,0.2,60,44,42,4,5,3,False,ok,selected_multi_metric_xb_worsening_patience,sample_select_project,1.2103835009997965,0.0,0.001401721999854999,0.019564833000004,1.2117852229996515,1.2313500559996555,3,0.03466841726562451,0.4437556248725352,0.2632295713598749,0.2409991688456911,0.19454314931713598,0.2928454969564288,0.1040308194030731
300,0.2,60,44,43,4,5,3,False,ok,selected_multi_metric_max_k,sample_select_full_fit,1.2823983379998936,0.20125874800010024,0.0,0.014558315000158473,1.4836570859999938,1.4982154010001523,3,0.04397655305755354,0.24820724535466118,0.4020584686497987,0.2689700131014049,0.1733479511997937,0.3190341011596615,0.09886666486500334
300,0.2,60,44,43,4,5,3,False,ok,selected_multi_metric_max_k,sample_select_project,1.2823983379998936,0.0,0.0015352899999925285,0.015113238999902023,1.283933627999886,1.299046866999788,3,0.03466841726562451,0.4437550905674812,0.2969934639527607,0.24099916884569106,0.19454314931713598,0.2928454969564288,0.1040308194030731
300,0.2,60,44,44,4,5,6,False,ok,selected_multi_metric_xb_worsening_patience,sample_select_full_fit,1.1969180940000115,0.2762510789998487,0.0,0.014969151000059355,1.4731691729998602,1.4881383239999195,6,0.05542928433514502,0.18484830716015538,0.7671130530733816,0.3936166342376256,0.32054892581667704,0.4961802396864604,0.24526248660403321
300,0.2,60,44,44,4,5,6,False,ok,selected_multi_metric_xb_worsening_patience,sample_select_project,1.1969180940000115,0.0,0.0012203440001030685,0.01283533399987391,1.1981384380001145,1.2109737719999885,6,0.03703464736060481,0.18628408273679772,0.32961599001081043,0.33855658034054276,0.29999690205397483,0.4028581447501589,0.18811717995174893
300,0.2,60,45,42,4,5,8,False,ok,selected_multi_metric_max_k,sample_select_full_fit,1.183223375000125,0.42063647099985246,0.0,0.017574313999830338,1.6038598459999776,1.621434159999808,8,0.06710861068165841,0.1377835262185484,0.565476299742515,0.4650028890412193,0.3698431051730035,0.5740802762714166,0.31230311752578477
300,0.2,60,45,42,4,5,8,False,ok,selected_multi_metric_max_k,sample_select_project,1.183223375000125,0.0,0.0016360179999992397,0.03835650600012741,1.1848593930001243,1.2232158990002517,8,0.03616967626144721,0.15606502673848568,0.25265549340237814,0.34518293159998703,0.24500466783247105,0.4528559841074055,0.25015335912523845
300,0.2,60,45,43,4,5,8,False,ok,selected_multi_metric_max_k,sample_select_full_fit,1.138309640999978,0.3105401069999516,0.0,0.014350407999927484,1.4488497479999296,1.463200155999857,8,0.06137897266559376,0.21189099292716201,0.44761122934218434,0.46264366521617817,0.37299374597342533,0.5454833092305442,0.28196263476585753
300,0.2,60,45,43,4,5,8,False,ok,selected_multi_metric_max_k,sample_select_project,1.138309640999978,0.0,0.0012430659999154159,0.014101563000167516,1.1395527069998934,1.153654270000061,8,0.04620186449239361,0.1732745820286643,0.22908143199488767,0.40940449544225266,0.3316684205709275,0.4832657678084008,0.25747413221102894
300,0.2,60,45,44,4,5,7,False,ok,selected_multi_metric_max_k,sample_select_full_fit,1.1576127770001676,0.25830701799986855,0.0,0.01340197099989382,1.4159197950000362,1.42932176599993,7,0.06156024055910149,0.18858052226799077,0.4881046164122172,0.4375408572420185,0.3602286624664874,0.5547675264687214,0.2971076905527831
300,0.2,60,45,44,4,5,7,False,ok,selected_multi_metric_max_k,sample_select_project,1.1576127770001676,0.0,0.0012276780000775034,0.014625228999875617,1.1588404550002451,1.1734656840001207,7,0.0342538188158216,0.17638461920162538,0.27502023983299456,0.3254177002743918,0.2496525839687029,0.39423069547589507,0.19414541338292168
300,0.2,60,46,42,4,5,5,True,ok,selected_multi_metric_max_k,sample_select_full_fit,1.930212526999867,0.22682785599999988,0.0,0.013395048000120369,2.157040382999867,2.170435430999987,5,0.05499506550438317,0.18841948912836956,1.0,0.43045849506552114,0.35601955944852454,0.48011243435498024,0.22302103562296952
300,0.2,60,46,42,4,5,5,True,ok,selected_multi_metric_max_k,sample_select_project,1.930212526999867,0.0,0.001540950999924462,0.01449815299997681,1.9317534779997914,1.9462516309997682,5,0.03985269191144063,0.22601400063987956,0.29977162327167856,0.3091540460235444,0.25387356995025995,0.4028085432222305,0.18194608570897566
300,0.2,60,46,43,4,5,7,False,ok,selected_multi_metric_xb_worsening_patience,sample_select_full_fit,1.0723801209999237,0.26355988499994965,0.0,0.014176593999991383,1.3359400059998734,1.3501165999998648,7,0.06311393809886805,0.15788031407393383,0.5628093124367375,0.5014132713346601,0.4218617854303561,0.5627290087733852,0.3001682378446571
300,0.2,60,46,43,4,5,7,False,ok,selected_multi_metric_xb_worsening_patience,sample_select_project,1.0723801209999237,0.0,0.0013210510001044895,0.014319419999992533,1.0737011720000282,1.0880205920000208,7,0.04309253269031259,0.15462864326698056,0.28081440990964046,0.35936196585563734,0.277355822854289,0.46447433530067256,0.2500435595925904
300,0.2,60,46,44,4,5,8,False,ok,selected_multi_metric_xb_worsening_patience,sample_select_full_fit,1.2262397529998452,0.41500665900002787,0.0,0.029229049999912604,1.641246411999873,1.6704754619997857,8,0.06710861068165841,0.13778352725311635,0.565476299742515,0.4650028890412192,0.3698431051730035,0.5740802762714167,0.31230311752578477
300,0.2,60,46,44,4,5,8,False,ok,selected_multi_metric_xb_worsening_patience,sample_select_project,1.2262397529998452,0.0,0.0013154309999663383,0.019871794999971826,1.2275551839998116,1.2474269789997834,8,0.03740179641923118,0.18614862012341574,0.21753894863001422,0.34689421384586716,0.2779919236463466,0.4557966639199075,0.22757188251874397
300,0.3,90,42,42,6,5,8,False,ok,selected_multi_metric_max_k,sample_select_full_fit,1.6620807520000653,0.39897988999996414,0.0,0.013899156999968909,2.0610606420000295,2.0749597989999984,8,0.06710861068165841,0.1377835262185484,0.565476299742515,0.4650028890412193,0.3698431051730035,0.5740802762714166,0.31230311752578477
300,0.3,90,42,42,6,5,8,False,ok,selected_multi_metric_max_k,sample_select_project,1.6620807520000653,0.0,0.0015865960001519852,0.015125972999840087,1.6636673480002173,1.6787933210000574,8,0.044733087881520715,0.14021693412360925,0.3676496620919465,0.36662965284095883,0.2749498970680782,0.4866431302492181,0.25036558468010095
300,0.3,90,42,43,6,5,8,False,ok,selected_multi_metric_max_k,sample_select_full_fit,1.3470048120000229,0.3846335429998362,0.0,0.01396590100011963,1.731638354999859,1.7456042559999787,8,0.06137897266559376,0.21189099292716201,0.44761122934218434,0.46264366521617817,0.37299374597342533,0.5454833092305442,0.28196263476585753
300,0.3,90,42,43,6,5,8,False,ok,selected_multi_metric_max_k,sample_select_project,1.3470048120000229,0.0,0.0012774799999988318,0.013696308999897155,1.3482822920000217,1.3619786009999189,8,0.03338824860366149,0.1605358594481163,0.1781451889066211,0.26492102919341043,0.1936262302670631,0.4232303001486752,0.20564908022608253
300,0.3,90,42,44,6,5,8,False,ok,selected_multi_metric_max_k,sample_select_full_fit,1.5866842240000096,0.3635691050001242,0.0,0.014167787000133103,1.9502533290001338,1.964421116000267,8,0.06710861068165841,0.13778352725311635,0.565476299742515,0.4650028890412192,0.3698431051730035,0.5740802762714167,0.31230311752578477
300,0.3,90,42,44,6,5,8,False,ok,selected_multi_metric_max_k,sample_select_project,1.5866842240000096,0.0,0.0012831110000206536,0.01561117699998249,1.5879673350000303,1.6035785120000128,8,0.04944105301264101,0.14468475870020386,0.38958145529204896,0.37188961045142044,0.28364545660252893,0.4928413768191298,0.2733708394597755
300,0.3,90,43,42,6,5,7,False,ok,selected_multi_metric_xb_worsening_patience,sample_select_full_fit,1.3091746170000533,0.31182833999992,0.0,0.013374819999853571,1.6210029569999733,1.634377776999827,7,0.06156024055910149,0.18858037671716973,0.4881046164122172,0.43754085724201847,0.3602286624664874,0.5547675264687213,0.2971076905527831
300,0.3,90,43,42,6,5,7,False,ok,selected_multi_metric_xb_worsening_patience,sample_select_project,1.3091746170000533,0.0,0.0013104909999128722,0.015570039999829532,1.3104851079999662,1.3260551479997957,7,0.041470498000897846,0.26660951656200493,0.4194182129392957,0.2863919132638154,0.22395450472690037,0.4109557677148341,0.20034585875972977
300,0.3,90,43,43,6,5,8,False,ok,selected_multi_metric_max_k,sample_select_full_fit,1.3235690349999913,0.2997649829999318,0.0,0.012806671999896935,1.6233340179999232,1.63614068999982,8,0.06137897266559376,0.21189099292716201,0.44761122934218434,0.46264366521617817,0.37299374597342533,0.5454833092305442,0.28196263476585753
300,0.3,90,43,43,6,5,8,False,ok,selected_multi_metric_max_k,sample_select_project,1.3235690349999913,0.0,0.001238558000068224,0.012692429000026095,1.3248075930000596,1.3375000220000857,8,0.04632954551043485,0.13349860530096797,0.37720722563111736,0.3875813049067657,0.3173150713639095,0.49728184657644536,0.2802075752846429
300,0.3,90,43,44,6,5,8,False,ok,selected_multi_metric_xb_worsening_patience,sample_select_full_fit,1.4890494500000386,0.30464754899981017,0.0,0.01295410600005198,1.7936969989998488,1.8066511049999008,8,0.06710861068165841,0.13778352725311635,0.565476299742515,0.4650028890412192,0.3698431051730035,0.5740802762714167,0.31230311752578477
300,0.3,90,43,44,6,5,8,False,ok,selected_multi_metric_xb_worsening_patience,sample_select_project,1.4890494500000386,0.0,0.0014585369999622344,0.013758806000168988,1.4905079870000009,1.5042667930001699,8,0.04144660829815655,0.18756271610166425,0.3752163110098647,0.2984515214686043,0.20923584886719188,0.41406632597637705,0.19217090096393133
300,0.3,90,44,42,6,5,6,False,ok,selected_multi_metric_xb_worsening_patience,sample_select_full_fit,1.603987705999998,0.32958881000013207,0.0,0.013088456999867049,1.9335765160001301,1.9466649729999972,6,0.05004801848222625,0.6188548466686059,0.4144916428770778,0.3393538732495525,0.22576332897324705,0.502466931029892,0.2275418936123107
300,0.3,90,44,42,6,5,6,False,ok,selected_multi_metric_xb_worsening_patience,sample_select_project,1.603987705999998,0.0,0.001226024000061443,0.013485055000046486,1.6052137300000595,1.618698785000106,6,0.03929615876198034,0.1886017497006389,0.3256659075677758,0.3550965012238542,0.307862942916635,0.42267947184383103,0.20684563660336516
300,0.3,90,44,43,6,5,7,False,ok,selected_multi_metric_xb_worsening_patience,sample_select_full_fit,1.3906836549999753,0.3141372819998196,0.0,0.0210300430001098,1.7048209369997949,1.7258509799999047,7,0.06311393809886805,0.15788031407393383,0.5628093124367375,0.5014132713346601,0.4218617854303561,0.5627290087733852,0.3001682378446571
300,0.3,90,44,43,6,5,7,False,ok,selected_multi_metric_xb_worsening_patience,sample_select_project,1.3906836549999753,0.0,0.001428871999905823,0.016413501999977598,1.392112526999881,1.4085260289998587,7,0.043135920450334236,0.16075924030438857,0.31633245788549424,0.3798373833776788,0.32830272203907856,0.4592020420376005,0.22858869953172672
300,0.3,90,44,44,6,5,3,False,ok,selected_multi_metric_xb_worsening_patience,sample_select_full_fit,1.4907399800001713,0.2352218759999687,0.0,0.014727821000178665,1.72596185600014,1.7406896770003186,3,0.04397655305755354,0.24820725998621973,0.4317953096627291,0.2689700131014049,0.1733479511997937,0.3190341011596615,0.09886666486500334
300,0.3,90,44,44,6,5,3,False,ok,selected_multi_metric_xb_worsening_patience,sample_select_project,1.4907399800001713,0.0,0.0014409539999178378,0.012834393000048294,1.492180934000089,1.5050153270001374,3,0.038668653384954274,0.37218953405295746,0.30569469782403635,0.24941211807933045,0.19767851734375688,0.3235141260616014,0.1169952453277355
300,0.3,90,45,42,6,5,5,True,ok,selected_multi_metric_xb_worsening_patience,sample_select_full_fit,0.8378812930000095,0.24464451199992254,0.0,0.014922183000180667,1.082525804999932,1.0974479880001127,5,0.05499506550438317,0.18841948912836956,1.0,0.43045849506552114,0.35601955944852454,0.48011243435498024,0.22302103562296952
300,0.3,90,45,42,6,5,5,True,ok,selected_multi_metric_xb_worsening_patience,sample_select_project,0.8378812930000095,0.0,0.0012090630000329838,0.01365241700000297,0.8390903560000424,0.8527427730000454,5,0.04405592916645686,0.21235595945100788,0.4370467476126001,0.3516060852229885,0.3044118756316251,0.4175799628201135,0.19443743405422137
300,0.3,90,45,43,6,5,5,True,ok,selected_multi_metric_xb_worsening_patience,sample_select_full_fit,0.8952295219999087,0.21308140299993283,0.0,0.01353176199995687,1.1083109249998415,1.1218426869997984,5,0.048245196600013855,0.21645143890838797,1.0,0.3084462245183133,0.23016802052417795,0.4199471370400899,0.1847965254423023
300,0.3,90,45,43,6,5,5,True,ok,selected_multi_metric_xb_worsening_patience,sample_select_project,0.8952295219999087,0.0,0.0012818990001051134,0.015200290999928256,0.8965114210000138,0.911711711999942,5,0.043541200802116584,0.215007237695773,0.3064724365815295,0.3790202289769706,0.3355415961411863,0.4350787957365232,0.20618283431529663
300,0.3,90,45,44,6,5,5,True,ok,selected_multi_metric_xb_worsening_patience,sample_select_full_fit,0.8429304999999658,0.25403625100011595,0.0,0.014186872999971456,1.0969667510000818,1.1111536240000532,5,0.05499506550438317,0.18841927108276244,1.0,0.4304584950655212,0.35601955944852454,0.48011243435498024,0.22302103562296952
300,0.3,90,45,44,6,5,5,True,ok,selected_multi_metric_xb_worsening_patience,sample_select_project,0.8429304999999658,0.0,0.0012364040001102694,0.016289519999872937,0.8441669040000761,0.860456423999949,5,0.043541200802116584,0.2150072391290038,0.3752502888388795,0.3790202289769705,0.3355415961411863,0.43507879573652314,0.20618283431529663
300,0.3,90,46,42,6,5,5,True,ok,selected_multi_metric_xb_worsening_patience,sample_select_full_fit,0.9219733019999694,0.26859776499986765,0.0,0.014498912000135533,1.190571066999837,1.2050699789999726,5,0.05499506550438317,0.18841948912836956,1.0,0.43045849506552114,0.35601955944852454,0.48011243435498024,0.22302103562296952
300,0.3,90,46,42,6,5,5,True,ok,selected_multi_metric_xb_worsening_patience,sample_select_project,0.9219733019999694,0.0,0.001211306999948647,0.017797429999973247,0.923184608999918,0.9409820389998913,5,0.04398631360218724,0.24481996574261347,0.29387450852938174,0.34254556634971217,0.27929311111806504,0.43043458287704073,0.19525470832623287
300,0.3,90,46,43,6,5,5,True,ok,selected_multi_metric_xb_worsening_patience,sample_select_full_fit,0.8565787219999947,0.2776561399998627,0.0,0.016003026999896974,1.1342348619998575,1.1502378889997544,5,0.048245196600013855,0.21645143890838797,1.0,0.3084462245183133,0.23016802052417795,0.4199471370400899,0.1847965254423023
300,0.3,90,46,43,6,5,5,True,ok,selected_multi_metric_xb_worsening_patience,sample_select_project,0.8565787219999947,0.0,0.001645315999894592,0.014917294000042602,0.8582240379998893,0.8731413319999319,5,0.04398631360218724,0.2448200160136314,0.4305063238310416,0.3425455663497121,0.27929311111806504,0.43043458287704073,0.19525470832623287
300,0.3,90,46,44,6,5,5,True,ok,selected_multi_metric_xb_worsening_patience,sample_select_full_fit,0.7219949220000217,0.25398081799994543,0.0,0.016019778000099905,0.9759757399999671,0.991995518000067,5,0.05499506550438317,0.18841927108276244,1.0,0.4304584950655212,0.35601955944852454,0.48011243435498024,0.22302103562296952
300,0.3,90,46,44,6,5,5,True,ok,selected_multi_metric_xb_worsening_patience,sample_select_project,0.7219949220000217,0.0,0.0015936889999466075,0.015748623000035877,0.7235886109999683,0.7393372340000042,5,0.04398631360218724,0.2448200160252209,0.29387450852938174,0.3425455663497121,0.27929311111806504,0.43043458287704073,0.19525470832623287
300,0.4,120,42,42,8,5,8,False,ok,selected_multi_metric_xb_worsening_patience,sample_select_full_fit,1.3519874979999713,0.31081281700016916,0.0,0.013789742999961163,1.6628003150001405,1.6765900580001016,8,0.06710861068165841,0.1377835262185484,0.565476299742515,0.4650028890412193,0.3698431051730035,0.5740802762714166,0.31230311752578477
300,0.4,120,42,42,8,5,8,False,ok,selected_multi_metric_xb_worsening_patience,sample_select_project,1.3519874979999713,0.0,0.0014275399998950888,0.013608204999854934,1.3534150379998664,1.3670232429997213,8,0.03938500531196959,0.1607615205085943,0.3157868681253562,0.3426469465724935,0.2159448069834818,0.49120490663587435,0.252590283518697
300,0.4,120,42,43,8,5,6,False,ok,selected_multi_metric_max_k,sample_select_full_fit,1.6019135309998092,0.29108469000016157,0.0,0.014365074999886929,1.8929982209999707,1.9073632959998577,6,0.05278861044560739,0.21020375945319128,0.5498967014946734,0.4061731705022827,0.3236839837050142,0.48841265569901077,0.22922029288945223
300,0.4,120,42,43,8,5,6,False,ok,selected_multi_metric_max_k,sample_select_project,1.6019135309998092,0.0,0.0012632140001187508,0.013248685000007754,1.603176744999928,1.6164254299999357,6,0.050748741439712905,0.17889777772785098,0.42119433715304644,0.3744340930983217,0.30129966049653467,0.4793264818826855,0.2320522199814254
300,0.4,120,42,44,8,5,8,False,ok,selected_multi_metric_max_k,sample_select_full_fit,1.3219643350000752,0.28648793799993655,0.0,0.01435835200004476,1.6084522730000117,1.6228106250000565,8,0.06710861068165841,0.13778352725311635,0.565476299742515,0.4650028890412192,0.3698431051730035,0.5740802762714167,0.31230311752578477
300,0.4,120,42,44,8,5,8,False,ok,selected_multi_metric_max_k,sample_select_project,1.3219643350000752,0.0,0.0012407020001319324,0.013643480999917301,1.323205037000207,1.3368485180001244,8,0.05245349183817817,0.1394282304437593,0.40224593939551045,0.40966443654862283,0.3337528337711273,0.5207274979638217,0.2943447086435762
300,0.4,120,43,42,8,5,6,False,ok,selected_multi_metric_xb_worsening_patience,sample_select_full_fit,0.9445142609999948,0.34509065399993233,0.0,0.014790618000006361,1.2896049149999271,1.3043955329999335,6,0.05004801848222625,0.6188548466686059,0.4144916428770778,0.3393538732495525,0.22576332897324705,0.502466931029892,0.2275418936123107
300,0.4,120,43,42,8,5,6,False,ok,selected_multi_metric_xb_worsening_patience,sample_select_project,0.9445142609999948,0.0,0.0015840510000089125,0.019354441000132283,0.9460983120000037,0.965452753000136,6,0.04374713562684742,0.20642771303169566,0.4862603709129073,0.350835539450439,0.2560445370555186,0.41998873835416783,0.18551080864879685
300,0.4,120,43,43,8,5,6,False,ok,selected_multi_metric_xb_worsening_patience,sample_select_full_fit,1.0501573850001478,0.34537165699998695,0.0,0.021011408000049414,1.3955290420001347,1.4165404500001841,6,0.05278861044560739,0.21020375945319128,0.5498967014946734,0.4061731705022827,0.3236839837050142,0.48841265569901077,0.22922029288945223
300,0.4,120,43,43,8,5,6,False,ok,selected_multi_metric_xb_worsening_patience,sample_select_project,1.0501573850001478,0.0,0.0013974829998915084,0.019770706999906906,1.0515548680000393,1.0713255749999462,6,0.03842022685174299,0.2690669973710716,0.4160672384459915,0.30757831697197785,0.22062049120182534,0.4127984263180087,0.1891667830396022
300,0.4,120,43,44,8,5,6,False,ok,selected_multi_metric_xb_worsening_patience,sample_select_full_fit,1.1182996669999739,0.28107378699996843,0.0,0.013814638999974704,1.3993734539999423,1.413188092999917,6,0.05542928433514502,0.18484830716015538,0.7671130530733816,0.3936166342376256,0.32054892581667704,0.4961802396864604,0.24526248660403321
300,0.4,120,43,44,8,5,6,False,ok,selected_multi_metric_xb_worsening_patience,sample_select_project,1.1182996669999739,0.0,0.0013936369998646114,0.01423767700021017,1.1196933039998385,1.1339309810000486,6,0.04374713562684742,0.20642856626273612,0.4862603709129073,0.350835539450439,0.2560445370555186,0.41998873835416783,0.18551080864879685
300,0.4,120,44,42,8,5,5,True,ok,selected_multi_metric_xb_worsening_patience,sample_select_full_fit,0.7618337879998762,0.26676783300013085,0.0,0.013695316999928764,1.028601621000007,1.0422969379999358,5,0.05499506550438317,0.18841948912836956,1.0,0.43045849506552114,0.35601955944852454,0.48011243435498024,0.22302103562296952
300,0.4,120,44,42,8,5,5,True,ok,selected_multi_metric_xb_worsening_patience,sample_select_project,0.7618337879998762,0.0,0.0015627919999587903,0.014203484000063327,0.763396579999835,0.7776000639998983,5,0.0377899694361361,0.22705948980745616,0.3392354007537279,0.3125758658515054,0.24248222169911335,0.4104219661254317,0.1728593487882001
300,0.4,120,44,43,8,5,5,True,ok,selected_multi_metric_xb_worsening_patience,sample_select_full_fit,0.8070459929999743,0.23598972600007073,0.0,0.03666668799996842,1.043035719000045,1.0797024070000134,5,0.048245196600013855,0.21645143890838797,1.0,0.3084462245183133,0.23016802052417795,0.4199471370400899,0.1847965254423023
300,0.4,120,44,43,8,5,5,True,ok,selected_multi_metric_xb_worsening_patience,sample_select_project,0.8070459929999743,0.0,0.003640743999994811,0.02577406999989762,0.8106867369999691,0.8364608069998667,5,0.041724322809332234,0.2236649331196893,0.39987105162068637,0.3172658123496891,0.2483466246648253,0.4135873719754485,0.1790867023429779
300,0.4,120,44,44,8,5,5,True,ok,selected_multi_metric_xb_worsening_patience,sample_select_full_fit,0.7979810399999678,0.2596361749999687,0.0,0.014776310999877751,1.0576172149999366,1.0723935259998143,5,0.05499506550438317,0.18841927108276244,1.0,0.4304584950655212,0.35601955944852454,0.48011243435498024,0.22302103562296952
300,0.4,120,44,44,8,5,5,True,ok,selected_multi_metric_xb_worsening_patience,sample_select_project,0.7979810399999678,0.0,0.0013546840000344673,0.014089081000065562,0.7993357240000023,0.8134248050000679,5,0.041724322809332234,0.2236649948338193,0.2750912780567389,0.3172658123496891,0.2483466246648253,0.41358737197544854,0.1790867023429779
300,0.4,120,45,42,8,5,6,False,ok,selected_multi_metric_xb_worsening_patience,sample_select_full_fit,1.0196058220001305,0.3840558859999419,0.0,0.014161114999978963,1.4036617080000724,1.4178228230000514,6,0.05004801848222625,0.6188548466686059,0.4144916428770778,0.3393538732495525,0.22576332897324705,0.502466931029892,0.2275418936123107
300,0.4,120,45,42,8,5,6,False,ok,selected_multi_metric_xb_worsening_patience,sample_select_project,1.0196058220001305,0.0,0.0015227470000809262,0.01357131500003561,1.0211285690002114,1.034699884000247,6,0.05270372528923102,0.1923527628458953,0.540191430263312,0.4092570728995758,0.35599203490354675,0.46781860794381125,0.2315107327799369
300,0.4,120,45,43,8,5,5,True,ok,selected_multi_metric_xb_worsening_patience,sample_select_full_fit,0.8892841960000624,0.25049658600005387,0.0,0.013674026999979105,1.1397807820001162,1.1534548090000953,5,0.048245196600013855,0.21645143890838797,1.0,0.3084462245183133,0.23016802052417795,0.4199471370400899,0.1847965254423023
300,0.4,120,45,43,8,5,5,True,ok,selected_multi_metric_xb_worsening_patience,sample_select_project,0.8892841960000624,0.0,0.0012186300000394112,0.013801834999867424,0.8905028260001018,0.9043046609999692,5,0.04979752899525096,0.22745673466180186,0.5036429242795846,0.3930835541949471,0.3371857271773776,0.43464520161788683,0.20225124437477274
300,0.4,120,45,44,8,5,6,False,ok,selected_multi_metric_xb_worsening_patience,sample_select_full_fit,0.9273991750001187,0.3112977299999784,0.0,0.01483568200001173,1.238696905000097,1.2535325870001088,6,0.05542928433514502,0.18484830716015538,0.7671130530733816,0.3936166342376256,0.32054892581667704,0.4961802396864604,0.24526248660403321
300,0.4,120,45,44,8,5,6,False,ok,selected_multi_metric_xb_worsening_patience,sample_select_project,0.9273991750001187,0.0,0.0012750659998346237,0.013601052000012714,0.9286742409999533,0.942275292999966,6,0.04744179115422448,0.19897464917823235,0.42996896777565413,0.3909358947245975,0.32293207538140944,0.4514732735556098,0.21164433653839568
300,0.4,120,46,42,8,5,8,False,ok,selected_multi_metric_xb_worsening_patience,sample_select_full_fit,1.6957183489998897,0.5044826399998783,0.0,0.014252734999899985,2.200200988999768,2.214453723999668,8,0.06710861068165841,0.1377835262185484,0.565476299742515,0.4650028890412193,0.3698431051730035,0.5740802762714166,0.31230311752578477
300,0.4,120,46,42,8,5,8,False,ok,selected_multi_metric_xb_worsening_patience,sample_select_project,1.6957183489998897,0.0,0.0015937799998937408,0.014949784999998883,1.6973121289997835,1.7122619139997823,8,0.048262784491458086,0.162925097445673,0.351710429306246,0.35457453973605746,0.27817371218259873,0.4871085505291345,0.2644895802671838
300,0.4,120,46,43,8,5,7,False,ok,selected_multi_metric_xb_worsening_patience,sample_select_full_fit,1.7039220320000368,0.28720743600001697,0.0,0.01855954000006932,1.9911294680000537,2.009689008000123,7,0.06311393809886805,0.15788031407393383,0.5628093124367375,0.5014132713346601,0.4218617854303561,0.5627290087733852,0.3001682378446571
300,0.4,120,46,43,8,5,7,False,ok,selected_multi_metric_xb_worsening_patience,sample_select_project,1.7039220320000368,0.0,0.0012283190001198818,0.013207828000076915,1.7051503510001567,1.7183581790002336,7,0.055414405019649206,0.15506595797217382,0.39431391114342135,0.4077187047725512,0.34165115489386017,0.5058677460016883,0.2666185575357645
300,0.4,120,46,44,8,5,7,False,ok,selected_multi_metric_xb_worsening_patience,sample_select_full_fit,1.6565585839998676,0.2772395230001621,0.0,0.013638380999964284,1.9337981070000296,1.947436487999994,7,0.06156024055910149,0.18858052226799077,0.4881046164122172,0.4375408572420185,0.3602286624664874,0.5547675264687214,0.2971076905527831
300,0.4,120,46,44,8,5,7,False,ok,selected_multi_metric_xb_worsening_patience,sample_select_project,1.6565585839998676,0.0,0.0013342759998522524,0.013942388000032224,1.6578928599997198,1.671835247999752,7,0.0470073551336228,0.18537684446485203,0.31850377369282074,0.3912494606477209,0.33290296413636067,0.4820857071663293,0.24828084276703477
300,0.5,150,42,42,10,5,7,False,ok,selected_multi_metric_max_k,sample_select_full_fit,1.686994641999945,0.368077803999995,0.0,0.014074553999989803,2.05507244599994,2.06914699999993,7,0.06156024055910149,0.18858037671716973,0.4881046164122172,0.43754085724201847,0.3602286624664874,0.5547675264687213,0.2971076905527831
300,0.5,150,42,42,10,5,7,False,ok,selected_multi_metric_max_k,sample_select_project,1.686994641999945,0.0,0.001268784000103551,0.014812758999823927,1.6882634260000486,1.7030761849998726,7,0.05156135904599207,0.15545915167037969,0.536409754637581,0.42595026015845033,0.35452380619041135,0.5019413737373364,0.2562799838312756
300,0.5,150,42,43,10,5,6,False,ok,selected_multi_metric_max_k,sample_select_full_fit,1.548133345999986,0.2961077889999615,0.0,0.013676673000190931,1.8442411349999475,1.8579178080001384,6,0.05278861044560739,0.21020375945319128,0.5498967014946734,0.4061731705022827,0.3236839837050142,0.48841265569901077,0.22922029288945223
300,0.5,150,42,43,10,5,6,False,ok,selected_multi_metric_max_k,sample_select_project,1.548133345999986,0.0,0.0012218360000133544,0.013544675999810352,1.5493551819999993,1.5628998579998097,6,0.05122902488944577,0.17455304093986354,0.443726950846901,0.411085595605713,0.35506579631431445,0.47571131141475126,0.23653197427247175
300,0.5,150,42,44,10,5,7,False,ok,selected_multi_metric_max_k,sample_select_full_fit,1.5760580119999759,0.41989519900016603,0.0,0.01368601000012859,1.995953211000142,2.0096392210002705,7,0.06156024055910149,0.18858052226799077,0.4881046164122172,0.4375408572420185,0.3602286624664874,0.5547675264687214,0.2971076905527831
300,0.5,150,42,44,10,5,7,False,ok,selected_multi_metric_max_k,sample_select_project,1.5760580119999759,0.0,0.0012308140001096035,0.013836500000024898,1.5772888260000855,1.5911253260001104,7,0.050861717720252705,0.1671314001211395,0.5250254344168231,0.39555510019577783,0.31591672087567063,0.5068273899982204,0.2589795305164456
300,0.5,150,43,42,10,5,6,False,ok,selected_multi_metric_xb_worsening_patience,sample_select_full_fit,1.2416975640001056,0.3322807960000773,0.0,0.014141368000082366,1.5739783600001829,1.5881197280002652,6,0.05004801848222625,0.6188548466686059,0.4144916428770778,0.3393538732495525,0.22576332897324705,0.502466931029892,0.2275418936123107
300,0.5,150,43,42,10,5,6,False,ok,selected_multi_metric_xb_worsening_patience,sample_select_project,1.2416975640001056,0.0,0.0013025670000388345,0.01351544199997079,1.2430001310001444,1.2565155730001152,6,0.043808238423883775,0.19844895085606012,0.44699218363030757,0.3176214549817355,0.23425096426254402,0.43685446353586643,0.20286162862673274
300,0.5,150,43,43,10,5,6,False,ok,selected_multi_metric_xb_worsening_patience,sample_select_full_fit,1.087755168000058,0.29720208799994907,0.0,0.012896468999997523,1.384957256000007,1.3978537250000045,6,0.05278861044560739,0.21020375945319128,0.5498967014946734,0.4061731705022827,0.3236839837050142,0.48841265569901077,0.22922029288945223
300,0.5,150,43,43,10,5,6,False,ok,selected_multi_metric_xb_worsening_patience,sample_select_project,1.087755168000058,0.0,0.0012291800001094089,0.014499896999950579,1.0889843480001673,1.1034842450001179,6,0.043808238423883775,0.19844899243326405,0.4631754099449793,0.3176214549817355,0.23425096426254402,0.43685446353586643,0.20286162862673274
300,0.5,150,43,44,10,5,6,False,ok,selected_multi_metric_xb_worsening_patience,sample_select_full_fit,1.0793252639998627,0.2856956489999902,0.0,0.01363940300007016,1.365020912999853,1.3786603159999231,6,0.05542928433514502,0.18484830716015538,0.7671130530733816,0.3936166342376256,0.32054892581667704,0.4961802396864604,0.24526248660403321
300,0.5,150,43,44,10,5,6,False,ok,selected_multi_metric_xb_worsening_patience,sample_select_project,1.0793252639998627,0.0,0.001232256000093912,0.014718413999844415,1.0805575199999566,1.095275933999801,6,0.04967299518213531,0.23485337894053043,0.3872891255629315,0.41217235805913327,0.347497548868545,0.4798032677829474,0.23683306885980482
300,0.5,150,44,42,10,5,7,False,ok,selected_multi_metric_xb_worsening_patience,sample_select_full_fit,1.8397845710001093,0.38636699799985763,0.0,0.01555640400010816,2.226151568999967,2.241707973000075,7,0.06156024055910149,0.18858037671716973,0.4881046164122172,0.43754085724201847,0.3602286624664874,0.5547675264687213,0.2971076905527831
300,0.5,150,44,42,10,5,7,False,ok,selected_multi_metric_xb_worsening_patience,sample_select_project,1.8397845710001093,0.0,0.001233478000131072,0.017024299000013343,1.8410180490002404,1.8580423480002537,7,0.047039391136422894,0.22457269754683357,0.38405209024133713,0.4185179765540056,0.34742612484954044,0.4989622156864546,0.23835324819527073
300,0.5,150,44,43,10,5,3,False,ok,selected_multi_metric_xb_worsening_patience,sample_select_full_fit,2.046047822999981,0.2149799510000321,0.0,0.019639101999928243,2.261027774000013,2.280666875999941,3,0.04397655305755354,0.24820724535466118,0.4020584686497987,0.2689700131014049,0.1733479511997937,0.3190341011596615,0.09886666486500334
300,0.5,150,44,43,10,5,3,False,ok,selected_multi_metric_xb_worsening_patience,sample_select_project,2.046047822999981,0.0,0.0013375519999954122,0.016477170000143815,2.047385374999976,2.06386254500012,3,0.04226426196053181,0.29904381853753,0.26651481661652093,0.30727013513824364,0.23139585636008903,0.3436154742745174,0.12358761634649434
300,0.5,150,44,44,10,5,7,False,ok,selected_multi_metric_xb_worsening_patience,sample_select_full_fit,1.9841497149998304,0.2756496409999727,0.0,0.013591504000032728,2.259799355999803,2.273390859999836,7,0.06156024055910149,0.18858052226799077,0.4881046164122172,0.4375408572420185,0.3602286624664874,0.5547675264687214,0.2971076905527831
300,0.5,150,44,44,10,5,7,False,ok,selected_multi_metric_xb_worsening_patience,sample_select_project,1.9841497149998304,0.0,0.001600181999947381,0.014033106999931988,1.9857498969997778,1.9997830039997098,7,0.04066491925177312,0.2211177796738976,0.37902424424287307,0.36031094522447354,0.28625606413124793,0.44600887554327334,0.19874724287706555
300,0.5,150,45,42,10,5,5,True,ok,selected_multi_metric_xb_worsening_patience,sample_select_full_fit,1.1340142070000638,0.24873072800005502,0.0,0.04528084699995816,1.3827449350001189,1.428025782000077,5,0.05499506550438317,0.18841948912836956,1.0,0.43045849506552114,0.35601955944852454,0.48011243435498024,0.22302103562296952
300,0.5,150,45,42,10,5,5,True,ok,selected_multi_metric_xb_worsening_patience,sample_select_project,1.1340142070000638,0.0,0.007523455999944417,0.020730234999973618,1.1415376630000083,1.1622678979999819,5,0.050091258167509485,0.2084930417157465,0.49442070379718833,0.3911802470580051,0.34138046751962564,0.4466109221763176,0.21554302364800423
300,0.5,150,45,43,10,5,5,True,ok,selected_multi_metric_xb_worsening_patience,sample_select_full_fit,1.0345189480001409,0.22528989100010222,0.0,0.013898174999894763,1.259808839000243,1.2737070140001379,5,0.048245196600013855,0.21645143890838797,1.0,0.3084462245183133,0.23016802052417795,0.4199471370400899,0.1847965254423023
300,0.5,150,45,43,10,5,5,True,ok,selected_multi_metric_xb_worsening_patience,sample_select_project,1.0345189480001409,0.0,0.0012136620000546827,0.013720864999868354,1.0357326100001956,1.049453475000064,5,0.050091258167509485,0.208493051559268,0.45407988434083874,0.3911802470580051,0.34138046751962564,0.44661092217631754,0.21554302364800423
300,0.5,150,45,44,10,5,5,True,ok,selected_multi_metric_xb_worsening_patience,sample_select_full_fit,1.1535924889999478,0.25818851500002893,0.0,0.013015659999837226,1.4117810039999767,1.424796663999814,5,0.05499506550438317,0.18841927108276244,1.0,0.4304584950655212,0.35601955944852454,0.48011243435498024,0.22302103562296952
300,0.5,150,45,44,10,5,5,True,ok,selected_multi_metric_xb_worsening_patience,sample_select_project,1.1535924889999478,0.0,0.0016085069999007828,0.015389152999887301,1.1552009959998486,1.170590148999736,5,0.050091258167509485,0.20849306140264523,0.49442070379718833,0.3911802470580051,0.34138046751962564,0.44661092217631754,0.21554302364800423
300,0.5,150,46,42,10,5,6,False,ok,selected_multi_metric_xb_worsening_patience,sample_select_full_fit,1.7898782229999597,0.4144435749999502,0.0,0.02284237000003486,2.20432179799991,2.2271641679999448,6,0.05004801848222625,0.6188548466686059,0.4144916428770778,0.3393538732495525,0.22576332897324705,0.502466931029892,0.2275418936123107
300,0.5,150,46,42,10,5,6,False,ok,selected_multi_metric_xb_worsening_patience,sample_select_project,1.7898782229999597,0.0,0.0012649669999973412,0.013120956999955524,1.791143189999957,1.8042641469999126,6,0.04000909692164801,0.21151576621248652,0.35205451386916486,0.329929589535458,0.2661580342043985,0.41232702510072156,0.18243613081399232
300,0.5,150,46,43,10,5,6,False,ok,selected_multi_metric_xb_worsening_patience,sample_select_full_fit,1.672822263999933,0.3605527450001773,0.0,0.03551562100005867,2.0333750090001104,2.068890630000169,6,0.05278861044560739,0.21020375945319128,0.5498967014946734,0.4061731705022827,0.3236839837050142,0.48841265569901077,0.22922029288945223
300,0.5,150,46,43,10,5,6,False,ok,selected_multi_metric_xb_worsening_patience,sample_select_project,1.672822263999933,0.0,0.0037530529998548445,0.02841880999994828,1.676575316999788,1.7049941269997362,6,0.040970791521717904,0.17739993795439774,0.3370727411769982,0.3395537491643445,0.2628031652441269,0.4326789863852621,0.19820419806567552
300,0.5,150,46,44,10,5,8,False,ok,selected_multi_metric_xb_worsening_patience,sample_select_full_fit,1.6104896780000217,0.2775004190000345,0.0,0.013609947999839278,1.8879900970000563,1.9016000449998955,8,0.06710861068165841,0.13778352725311635,0.565476299742515,0.4650028890412192,0.3698431051730035,0.5740802762714167,0.31230311752578477
300,0.5,150,46,44,10,5,8,False,ok,selected_multi_metric_xb_worsening_patience,sample_select_project,1.6104896780000217,0.0,0.001622802999918349,0.014086055000007036,1.61211248099994,1.6261985359999471,8,0.056307302484222534,0.134057376850467,0.4199846286213297,0.40787810101322164,0.330243914406981,0.5133776328439026,0.2763376751692016
300,0.7,210,42,42,14,5,4,False,ok,selected_multi_metric_xb_worsening_patience,sample_select_full_fit,0.9200539339999523,0.25340787999994063,0.0,0.01550613099993825,1.173461813999893,1.1889679449998312,4,0.046714516951256294,0.22180970034603853,0.6539703811760587,0.3815649595069107,0.29618615915249374,0.42410646265784097,0.17037492633482434
300,0.7,210,42,42,14,5,4,False,ok,selected_multi_metric_xb_worsening_patience,sample_select_project,0.9200539339999523,0.0,0.001487701999849378,0.01777837700001328,0.9215416359998017,0.9393200129998149,4,0.04725347296348737,0.2553560037064612,0.5683472258108523,0.3694512329220738,0.2912678850716693,0.4436218643683493,0.186508064905107
300,0.7,210,42,43,14,5,4,False,ok,selected_multi_metric_xb_worsening_patience,sample_select_full_fit,0.9182605449998391,0.20013614399999824,0.0,0.013987562000011167,1.1183966889998374,1.1323842509998485,4,0.046714516951256294,0.22180980692639243,0.37338333602659896,0.3815649595069108,0.29618615915249374,0.4241064626578409,0.17037492633482434
300,0.7,210,42,43,14,5,4,False,ok,selected_multi_metric_xb_worsening_patience,sample_select_project,0.9182605449998391,0.0,0.0012848629999098193,0.014731968999967648,0.9195454079997489,0.9342773769997166,4,0.04725347296348737,0.2553560209797681,0.3580542075379194,0.3694512329220739,0.2912678850716693,0.44362186436834933,0.186508064905107
300,0.7,210,42,44,14,5,4,False,ok,selected_multi_metric_xb_worsening_patience,sample_select_full_fit,0.9607029960000091,0.21722556600002463,0.0,0.01815455399992061,1.1779285620000337,1.1960831159999543,4,0.046714516951256294,0.22180985221398483,0.6539703811760587,0.3815649595069108,0.29618615915249374,0.42410646265784097,0.17037492633482434
300,0.7,210,42,44,14,5,4,False,ok,selected_multi_metric_xb_worsening_patience,sample_select_project,0.9607029960000091,0.0,0.001250639999852865,0.015759623999883843,0.961953635999862,0.9777132599997458,4,0.04725347296348737,0.2553547836993006,0.5683472258108523,0.369451232922074,0.2912678850716693,0.4436218643683494,0.186508064905107
300,0.7,210,43,42,14,5,6,False,ok,selected_multi_metric_xb_worsening_patience,sample_select_full_fit,1.7719447239999226,0.3922764480000751,0.0,0.014366137000024537,2.1642211719999978,2.1785873090000223,6,0.05004801848222625,0.6188548466686059,0.4144916428770778,0.3393538732495525,0.22576332897324705,0.502466931029892,0.2275418936123107
300,0.7,210,43,42,14,5,6,False,ok,selected_multi_metric_xb_worsening_patience,sample_select_project,1.7719447239999226,0.0,0.0014805089999754273,0.013418702000080884,1.773425232999898,1.786843934999979,6,0.059513038808805874,0.14963893817824056,0.6249732173153637,0.47316301180191356,0.4252869079637149,0.5302130421754734,0.26792529011025956
300,0.7,210,43,43,14,5,6,False,ok,selected_multi_metric_xb_worsening_patience,sample_select_full_fit,1.9317287339999893,0.4384903239999858,0.0,0.014017326999919533,2.370219057999975,2.3842363849998947,6,0.05278861044560739,0.21020375945319128,0.5498967014946734,0.4061731705022827,0.3236839837050142,0.48841265569901077,0.22922029288945223
300,0.7,210,43,43,14,5,6,False,ok,selected_multi_metric_xb_worsening_patience,sample_select_project,1.9317287339999893,0.0,0.001597567000089839,0.012876180999910503,1.9333263010000792,1.9462024819999897,6,0.059513038808805874,0.14963900601248442,0.45005143866851266,0.4731630118019136,0.4252869079637149,0.5302130421754734,0.26792529011025956
300,0.7,210,43,44,14,5,6,False,ok,selected_multi_metric_xb_worsening_patience,sample_select_full_fit,1.6822972200000095,0.28763295900012054,0.0,0.014059836000114956,1.96993017900013,1.983990015000245,6,0.05542928433514502,0.18484830716015538,0.7671130530733816,0.3936166342376256,0.32054892581667704,0.4961802396864604,0.24526248660403321
300,0.7,210,43,44,14,5,6,False,ok,selected_multi_metric_xb_worsening_patience,sample_select_project,1.6822972200000095,0.0,0.0012488469999425433,0.035762171999977,1.683546066999952,1.719308238999929,6,0.059513038808805874,0.14963894022700314,0.6249732173153637,0.47316301180191356,0.4252869079637149,0.5302130421754734,0.26792529011025956
300,0.7,210,44,42,14,5,2,False,ok,selected_multi_metric_xb_worsening_patience,sample_select_full_fit,0.7852475649999633,0.18106781599999522,0.0,0.012866553000094427,0.9663153809999585,0.9791819340000529,2,0.04245214382504669,0.2368664430377389,0.26870689200126896,0.2031093095804351,0.12163329028227753,0.22904566895411813,0.06144139879921465
300,0.7,210,44,42,14,5,2,False,ok,selected_multi_metric_xb_worsening_patience,sample_select_project,0.7852475649999633,0.0,0.0012026109998259926,0.014133784999785348,0.7864501759997893,0.8005839609995746,2,0.042050590362068936,0.26216372229468654,0.26613993992984414,0.2016614895136153,0.1213946854893423,0.22412162585571216,0.060265561117992195
300,0.7,210,44,43,14,5,5,True,ok,selected_multi_metric_xb_worsening_patience,sample_select_full_fit,0.800947036000025,0.20766905000004954,0.0,0.014950706000036007,1.0086160860000746,1.0235667920001106,5,0.048245196600013855,0.21645143890838797,1.0,0.3084462245183133,0.23016802052417795,0.4199471370400899,0.1847965254423023
300,0.7,210,44,43,14,5,5,True,ok,selected_multi_metric_xb_worsening_patience,sample_select_project,0.800947036000025,0.0,0.001274003999924389,0.014161776000037207,0.8022210399999494,0.8163828159999866,5,0.0418153107601095,0.22340800981860412,0.45067349462413164,0.31092476396921004,0.22860183058249822,0.4042493263604112,0.16759712785538694
300,0.7,210,44,44,14,5,5,True,ok,selected_multi_metric_xb_worsening_patience,sample_select_full_fit,0.6837693609998041,0.3178629340000043,0.0,0.013068969999949331,1.0016322949998084,1.0147012649997578,5,0.05499506550438317,0.18841927108276244,1.0,0.4304584950655212,0.35601955944852454,0.48011243435498024,0.22302103562296952
300,0.7,210,44,44,14,5,5,True,ok,selected_multi_metric_xb_worsening_patience,sample_select_project,0.6837693609998041,0.0,0.001288199999862627,0.016483822000054715,0.6850575609996667,0.7015413829997215,5,0.0418153107601095,0.22340799201101363,0.4931002820432513,0.31092476396921004,0.22860183058249822,0.4042493263604112,0.16759712785538694
300,0.7,210,45,42,14,5,5,True,ok,selected_multi_metric_xb_worsening_patience,sample_select_full_fit,0.9421947870000622,0.23755955100000392,0.0,0.013987431999794353,1.1797543380000661,1.1937417699998605,5,0.05499506550438317,0.18841948912836956,1.0,0.43045849506552114,0.35601955944852454,0.48011243435498024,0.22302103562296952
300,0.7,210,45,42,14,5,5,True,ok,selected_multi_metric_xb_worsening_patience,sample_select_project,0.9421947870000622,0.0,0.0012376160000258096,0.01363098800015905,0.943432403000088,0.9570633910002471,5,0.05010815600267535,0.19415867759400285,0.5104428216766229,0.39463626838140514,0.34338781751785263,0.4508451336711315,0.21435480104305715
300,0.7,210,45,43,14,5,5,True,ok,selected_multi_metric_xb_worsening_patience,sample_select_full_fit,1.0096486519998962,0.21287821600003554,0.0,0.014078491000191207,1.2225268679999317,1.236605359000123,5,0.048245196600013855,0.21645143890838797,1.0,0.3084462245183133,0.23016802052417795,0.4199471370400899,0.1847965254423023
300,0.7,210,45,43,14,5,5,True,ok,selected_multi_metric_xb_worsening_patience,sample_select_project,1.0096486519998962,0.0,0.0012140019998696516,0.013488862000031077,1.0108626539997658,1.024351515999797,5,0.045167877599959,0.24446757300998542,0.43268824744459455,0.34564012059108323,0.2783204726734492,0.43787666624868943,0.190108199552964
300,0.7,210,45,44,14,5,5,True,ok,selected_multi_metric_xb_worsening_patience,sample_select_full_fit,1.0392752800000835,0.285999418000074,0.0,0.06025707899993904,1.3252746980001575,1.3855317770000966,5,0.05499506550438317,0.18841927108276244,1.0,0.4304584950655212,0.35601955944852454,0.48011243435498024,0.22302103562296952
300,0.7,210,45,44,14,5,5,True,ok,selected_multi_metric_xb_worsening_patience,sample_select_project,1.0392752800000835,0.0,0.003660889999991923,0.03226718299993081,1.0429361700000754,1.0752033530000062,5,0.045167877599959,0.24446731316613823,0.3205435224660834,0.3456401205910833,0.2783204726734492,0.43787666624868943,0.190108199552964
300,0.7,210,46,42,14,5,5,True,ok,selected_multi_metric_xb_worsening_patience,sample_select_full_fit,0.8658870249998927,0.23985025899992252,0.0,0.013703713000040807,1.1057372839998152,1.119440996999856,5,0.05499506550438317,0.18841948912836956,1.0,0.43045849506552114,0.35601955944852454,0.48011243435498024,0.22302103562296952
300,0.7,210,46,42,14,5,5,True,ok,selected_multi_metric_xb_worsening_patience,sample_select_project,0.8658870249998927,0.0,0.0012532849998478923,0.015086188999930528,0.8671403099997406,0.8822264989996711,5,0.043954750221532946,0.18500438608007488,0.4498903199952685,0.3609267328180179,0.29352661279915554,0.4320776927538206,0.1831327786958105
300,0.7,210,46,43,14,5,5,True,ok,selected_multi_metric_xb_worsening_patience,sample_select_full_fit,0.7009134059999269,0.2406946500000231,0.0,0.013242603999970015,0.94160805599995,0.95485065999992,5,0.048245196600013855,0.21645143890838797,1.0,0.3084462245183133,0.23016802052417795,0.4199471370400899,0.1847965254423023
300,0.7,210,46,43,14,5,5,True,ok,selected_multi_metric_xb_worsening_patience,sample_select_project,0.7009134059999269,0.0,0.001516484999910972,0.014382647999809706,0.7024298909998379,0.7168125389996476,5,0.043954750221532946,0.18500477646985272,0.2950040838810488,0.3609267328180179,0.29352661279915554,0.43207769275382063,0.1831327786958105
300,0.7,210,46,44,14,5,5,True,ok,selected_multi_metric_xb_worsening_patience,sample_select_full_fit,0.7470636000000468,0.2528294730000198,0.0,0.01361231299983956,0.9998930730000666,1.0135053859999061,5,0.05499506550438317,0.18841927108276244,1.0,0.4304584950655212,0.35601955944852454,0.48011243435498024,0.22302103562296952
300,0.7,210,46,44,14,5,5,True,ok,selected_multi_metric_xb_worsening_patience,sample_select_project,0.7470636000000468,0.0,0.0015668799999275507,0.013596171999779472,0.7486304799999743,0.7622266519997538,5,0.043954750221532946,0.18500484218987207,0.4498903199952685,0.360926732818018,0.29352661279915554,0.43207769275382063,0.1831327786958105
300,1.0,300,42,42,20,5,5,True,ok,selected_multi_metric_xb_worsening_patience,sample_select_full_fit,0.9418499989999418,0.27569851199996265,0.0,0.013996988999906534,1.2175485109999045,1.231545499999811,5,0.05499506550438317,0.18841948912836956,1.0,0.43045849506552114,0.35601955944852454,0.48011243435498024,0.22302103562296952
300,1.0,300,42,42,20,5,5,True,ok,selected_multi_metric_xb_worsening_patience,sample_select_project,0.9418499989999418,0.0,0.00148071900002833,0.015011138000090796,0.9433307179999701,0.9583418560000609,5,0.05499506550438317,0.1884194891283695,1.0,0.43045849506552114,0.35601955944852454,0.48011243435498024,0.22302103562296952
300,1.0,300,42,43,20,5,5,True,ok,selected_multi_metric_xb_worsening_patience,sample_select_full_fit,0.8575907970000571,0.25362161799989735,0.0,0.01302792399997088,1.1112124149999545,1.1242403389999254,5,0.048245196600013855,0.21645143890838797,1.0,0.3084462245183133,0.23016802052417795,0.4199471370400899,0.1847965254423023
300,1.0,300,42,43,20,5,5,True,ok,selected_multi_metric_xb_worsening_patience,sample_select_project,0.8575907970000571,0.0,0.0012438769999789656,0.014547696000136057,0.8588346740000361,0.8733823700001722,5,0.048245196600013855,0.21645143890838797,1.0,0.3084462245183133,0.23016802052417795,0.4199471370400899,0.1847965254423023
300,1.0,300,42,44,20,5,5,True,ok,selected_multi_metric_xb_worsening_patience,sample_select_full_fit,0.8742972420000115,0.29548608000004606,0.0,0.01533884900004523,1.1697833220000575,1.1851221710001028,5,0.05499506550438317,0.18841927108276244,1.0,0.4304584950655212,0.35601955944852454,0.48011243435498024,0.22302103562296952
300,1.0,300,42,44,20,5,5,True,ok,selected_multi_metric_xb_worsening_patience,sample_select_project,0.8742972420000115,0.0,0.0014696989999265497,0.01616512900000089,0.875766940999938,0.8919320699999389,5,0.05499506550438317,0.18841927108276244,1.0,0.4304584950655212,0.35601955944852454,0.48011243435498024,0.22302103562296952
300,1.0,300,43,42,20,5,5,True,ok,selected_multi_metric_xb_worsening_patience,sample_select_full_fit,0.9494335599999886,0.2716694149999057,0.0,0.014156496000168772,1.2211029749998943,1.235259471000063,5,0.05499506550438317,0.18841948912836956,1.0,0.43045849506552114,0.35601955944852454,0.48011243435498024,0.22302103562296952
300,1.0,300,43,42,20,5,5,True,ok,selected_multi_metric_xb_worsening_patience,sample_select_project,0.9494335599999886,0.0,0.0012154949999967357,0.012826368000105504,0.9506490549999853,0.9634754230000908,5,0.05499506550438317,0.1884194891283695,1.0,0.43045849506552114,0.35601955944852454,0.48011243435498024,0.22302103562296952
300,1.0,300,43,43,20,5,5,True,ok,selected_multi_metric_xb_worsening_patience,sample_select_full_fit,0.7941385630001605,0.279064174000041,0.0,0.015544001000080243,1.0732027370002015,1.0887467380002818,5,0.048245196600013855,0.21645143890838797,1.0,0.3084462245183133,0.23016802052417795,0.4199471370400899,0.1847965254423023
300,1.0,300,43,43,20,5,5,True,ok,selected_multi_metric_xb_worsening_patience,sample_select_project,0.7941385630001605,0.0,0.0015512899999521323,0.016195084000173665,0.7956898530001126,0.8118849370002863,5,0.048245196600013855,0.21645143890838797,1.0,0.3084462245183133,0.23016802052417795,0.4199471370400899,0.1847965254423023
300,1.0,300,43,44,20,5,5,True,ok,selected_multi_metric_xb_worsening_patience,sample_select_full_fit,0.8572428760001003,0.42799078100006227,0.0,0.021256995999920036,1.2852336570001626,1.3064906530000826,5,0.05499506550438317,0.18841927108276244,1.0,0.4304584950655212,0.35601955944852454,0.48011243435498024,0.22302103562296952
300,1.0,300,43,44,20,5,5,True,ok,selected_multi_metric_xb_worsening_patience,sample_select_project,0.8572428760001003,0.0,0.0013738799998463946,0.019791625999914686,0.8586167559999467,0.8784083819998614,5,0.05499506550438317,0.18841927108276244,1.0,0.4304584950655212,0.35601955944852454,0.48011243435498024,0.22302103562296952
300,1.0,300,44,42,20,5,5,True,ok,selected_multi_metric_xb_worsening_patience,sample_select_full_fit,0.9116709780000747,0.24047616600000765,0.0,0.014331543000025704,1.1521471440000823,1.166478687000108,5,0.05499506550438317,0.18841948912836956,1.0,0.43045849506552114,0.35601955944852454,0.48011243435498024,0.22302103562296952
300,1.0,300,44,42,20,5,5,True,ok,selected_multi_metric_xb_worsening_patience,sample_select_project,0.9116709780000747,0.0,0.0012041429999953834,0.01266548800003875,0.9128751210000701,0.9255406090001088,5,0.05499506550438317,0.1884194891283695,1.0,0.43045849506552114,0.35601955944852454,0.48011243435498024,0.22302103562296952
300,1.0,300,44,43,20,5,5,True,ok,selected_multi_metric_xb_worsening_patience,sample_select_full_fit,0.852625794000005,0.21171991799997159,0.0,0.014560839999830932,1.0643457119999766,1.0789065519998076,5,0.048245196600013855,0.21645143890838797,1.0,0.3084462245183133,0.23016802052417795,0.4199471370400899,0.1847965254423023
300,1.0,300,44,43,20,5,5,True,ok,selected_multi_metric_xb_worsening_patience,sample_select_project,0.852625794000005,0.0,0.0015286580000974936,0.01542706400005045,0.8541544520001025,0.869581516000153,5,0.048245196600013855,0.21645143890838797,1.0,0.3084462245183133,0.23016802052417795,0.4199471370400899,0.1847965254423023
300,1.0,300,44,44,20,5,5,True,ok,selected_multi_metric_xb_worsening_patience,sample_select_full_fit,0.8332132180000826,0.30018667900003493,0.0,0.03603906800003642,1.1333998970001176,1.169438965000154,5,0.05499506550438317,0.18841927108276244,1.0,0.4304584950655212,0.35601955944852454,0.48011243435498024,0.22302103562296952
300,1.0,300,44,44,20,5,5,True,ok,selected_multi_metric_xb_worsening_patience,sample_select_project,0.8332132180000826,0.0,0.004682364000018424,0.035891714000172215,0.8378955820001011,0.8737872960002733,5,0.05499506550438317,0.18841927108276244,1.0,0.4304584950655212,0.35601955944852454,0.48011243435498024,0.22302103562296952
300,1.0,300,45,42,20,5,5,True,ok,selected_multi_metric_xb_worsening_patience,sample_select_full_fit,0.9084162029998879,0.2352523030001521,0.0,0.01294614200014621,1.14366850600004,1.1566146480001862,5,0.05499506550438317,0.18841948912836956,1.0,0.43045849506552114,0.35601955944852454,0.48011243435498024,0.22302103562296952
300,1.0,300,45,42,20,5,5,True,ok,selected_multi_metric_xb_worsening_patience,sample_select_project,0.9084162029998879,0.0,0.0016383829999995214,0.015494810000063808,0.9100545859998874,0.9255493959999512,5,0.05499506550438317,0.1884194891283695,1.0,0.43045849506552114,0.35601955944852454,0.48011243435498024,0.22302103562296952
300,1.0,300,45,43,20,5,5,True,ok,selected_multi_metric_xb_worsening_patience,sample_select_full_fit,0.9076618999999937,0.21385331200008295,0.0,0.01546647700001813,1.1215152120000766,1.1369816890000948,5,0.048245196600013855,0.21645143890838797,1.0,0.3084462245183133,0.23016802052417795,0.4199471370400899,0.1847965254423023
300,1.0,300,45,43,20,5,5,True,ok,selected_multi_metric_xb_worsening_patience,sample_select_project,0.9076618999999937,0.0,0.0015110049998838804,0.013359510999862323,0.9091729049998776,0.9225324159997399,5,0.048245196600013855,0.21645143890838797,1.0,0.3084462245183133,0.23016802052417795,0.4199471370400899,0.1847965254423023
300,1.0,300,45,44,20,5,5,True,ok,selected_multi_metric_xb_worsening_patience,sample_select_full_fit,0.8668525620000764,0.3096239120000064,0.0,0.012949478000109593,1.1764764740000828,1.1894259520001924,5,0.05499506550438317,0.18841927108276244,1.0,0.4304584950655212,0.35601955944852454,0.48011243435498024,0.22302103562296952
300,1.0,300,45,44,20,5,5,True,ok,selected_multi_metric_xb_worsening_patience,sample_select_project,0.8668525620000764,0.0,0.0012115679999169515,0.01564022100001239,0.8680641299999934,0.8837043510000058,5,0.05499506550438317,0.18841927108276244,1.0,0.4304584950655212,0.35601955944852454,0.48011243435498024,0.22302103562296952
300,1.0,300,46,42,20,5,5,True,ok,selected_multi_metric_xb_worsening_patience,sample_select_full_fit,0.9223569200000838,0.23880325599998287,0.0,0.01405233200011935,1.1611601760000667,1.175212508000186,5,0.05499506550438317,0.18841948912836956,1.0,0.43045849506552114,0.35601955944852454,0.48011243435498024,0.22302103562296952
300,1.0,300,46,42,20,5,5,True,ok,selected_multi_metric_xb_worsening_patience,sample_select_project,0.9223569200000838,0.0,0.0014366669997798454,0.013385700000071665,0.9237935869998637,0.9371792869999354,5,0.05499506550438317,0.1884194891283695,1.0,0.43045849506552114,0.35601955944852454,0.48011243435498024,0.22302103562296952
300,1.0,300,46,43,20,5,5,True,ok,selected_multi_metric_xb_worsening_patience,sample_select_full_fit,0.9224323399998866,0.2569629110000733,0.0,0.01688963199990212,1.17939525099996,1.196284882999862,5,0.048245196600013855,0.21645143890838797,1.0,0.3084462245183133,0.23016802052417795,0.4199471370400899,0.1847965254423023
300,1.0,300,46,43,20,5,5,True,ok,selected_multi_metric_xb_worsening_patience,sample_select_project,0.9224323399998866,0.0,0.0012050750001435517,0.015661160000036034,0.9236374150000302,0.9392985750000662,5,0.048245196600013855,0.21645143890838797,1.0,0.3084462245183133,0.23016802052417795,0.4199471370400899,0.1847965254423023
300,1.0,300,46,44,20,5,5,True,ok,selected_multi_metric_xb_worsening_patience,sample_select_full_fit,1.024289010000075,0.2922550279999996,0.0,0.034851807999984885,1.3165440380000746,1.3513958460000595,5,0.05499506550438317,0.18841927108276244,1.0,0.4304584950655212,0.35601955944852454,0.48011243435498024,0.22302103562296952
300,1.0,300,46,44,20,5,5,True,ok,selected_multi_metric_xb_worsening_patience,sample_select_project,1.024289010000075,0.0,0.0012290100000882376,0.01302234300010241,1.0255180200001632,1.0385403630002656,5,0.05499506550438317,0.18841927108276244,1.0,0.4304584950655212,0.35601955944852454,0.48011243435498024,0.22302103562296952
1000,1.0,1000,-1,42,20,8,8,True,ok,selected_multi_metric_xb_worsening_patience,full_selection,3.545320893000053,0.0,0.0,0.027976667000075395,3.545320893000053,3.573297560000128,8,0.08461313351854344,0.16485729877464578,,0.4359374977811415,0.34759447153311324,0.5533009924146738,0.3385083631905434
1000,1.0,1000,-1,43,20,8,8,True,ok,selected_multi_metric_xb_worsening_patience,full_selection,3.8533047259998057,0.0,0.0,0.03189080900006047,3.8533047259998057,3.885195534999866,8,0.08461313351854344,0.1648579548035302,,0.4359374977811415,0.34759447153311324,0.5533009924146737,0.3385083631905434
1000,1.0,1000,-1,44,20,8,8,True,ok,selected_multi_metric_xb_worsening_patience,full_selection,3.6880220610000833,0.0,0.0,0.028523144000018874,3.6880220610000833,3.716545205000102,8,0.08834067499489058,0.15376492454639434,,0.5254817456589531,0.46614415977010504,0.5740293962871296,0.35548352802582134
1000,0.05,50,42,42,2,8,5,False,ok,selected_multi_metric_xb_worsening_patience,sample_select_full_fit,1.2488875430001372,0.39928139199992074,0.0,0.030917365000050268,1.648168935000058,1.6790863000001082,5,0.069846473990142,0.18631155176030417,0.5237537575856903,0.4110995753168749,0.35512976070515256,0.47164898644631004,0.23596499070432353
1000,0.05,50,42,42,2,8,5,False,ok,selected_multi_metric_xb_worsening_patience,sample_select_project,1.2488875430001372,0.0,0.0015857949999826815,0.029397362999816323,1.2504733380001198,1.2798707009999362,5,0.049791602590982476,0.2310296135122019,0.37161335767184295,0.25113620623332594,0.20177507017957064,0.3406081333435398,0.16375361017435827
1000,0.05,50,42,43,2,8,7,False,ok,selected_multi_metric_xb_worsening_patience,sample_select_full_fit,1.1465112129999397,0.5559438450000016,0.0,0.0312315609999132,1.7024550579999413,1.7336866189998545,7,0.07894372785652093,0.17847639236940419,0.8672870286770015,0.4412394609938393,0.37562062323010115,0.5243663947757932,0.30673966112848444
1000,0.05,50,42,43,2,8,7,False,ok,selected_multi_metric_xb_worsening_patience,sample_select_project,1.1465112129999397,0.0,0.0016975739999907091,0.02872266600002149,1.1482087869999305,1.176931452999952,7,0.0503439978316217,0.1646986226255269,0.3250893177722132,0.25078815471724575,0.18971390407561384,0.3743327455402976,0.20256228646269284
1000,0.05,50,42,44,2,8,7,False,ok,selected_multi_metric_xb_worsening_patience,sample_select_full_fit,1.315988352999966,0.5805340720000913,0.0,0.03193726599988622,1.8965224250000574,1.9284596909999436,7,0.07894372785652093,0.17847586965109477,0.7255250226414491,0.44123946099383926,0.37562062323010115,0.5243663947757929,0.30673966112848444
1000,0.05,50,42,44,2,8,7,False,ok,selected_multi_metric_xb_worsening_patience,sample_select_project,1.315988352999966,0.0,0.001628002999950695,0.030570389000104115,1.3176163559999168,1.348186745000021,7,0.05579502521028025,0.16476802131979598,0.3570115040363266,0.29928711618724463,0.24231915181719085,0.4120436206907774,0.2307358723527214
1000,0.05,50,43,42,2,8,8,True,ok,selected_multi_metric_max_k,sample_select_full_fit,1.0574823130000368,0.6749453799998264,0.0,0.03033483000012893,1.7324276929998632,1.7627625229999921,8,0.08461313351854344,0.1648572987746459,1.0,0.4359374977811415,0.34759447153311324,0.5533009924146738,0.3385083631905434
1000,0.05,50,43,42,2,8,8,True,ok,selected_multi_metric_max_k,sample_select_project,1.0574823130000368,0.0,0.0017160569998395658,0.028674105999925814,1.0591983699998764,1.0878724759998022,8,0.04997306698956423,0.15509403784671075,0.27870423254329946,0.28373935417580215,0.233374071063355,0.4073144806458005,0.25063854599040736
1000,0.05,50,43,43,2,8,6,False,ok,selected_multi_metric_xb_worsening_patience,sample_select_full_fit,1.0063188679998802,0.5571496800000659,0.0,0.02959012199994504,1.5634685479999462,1.5930586699998912,6,0.07962298778477038,0.16748881272008556,0.716233821521497,0.47719559011923796,0.4240997800468396,0.5204714034899107,0.2912143125771481
1000,0.05,50,43,43,2,8,6,False,ok,selected_multi_metric_xb_worsening_patience,sample_select_project,1.0063188679998802,0.0,0.0016241959999661049,0.03071715300006872,1.0079430639998463,1.038660216999915,6,0.045354579289799433,0.1947793188571757,0.2310723459059107,0.24994432727351742,0.19888571410061812,0.36136091886237237,0.1948608658439371
1000,0.05,50,43,44,2,8,8,True,ok,selected_multi_metric_max_k,sample_select_full_fit,1.0779551219998211,0.6312959219999357,0.0,0.03237522099993839,1.7092510439997568,1.7416262649996952,8,0.08834067499489058,0.1537649245463943,1.0,0.5254817456589531,0.46614415977010504,0.5740293962871296,0.35548352802582134
1000,0.05,50,43,44,2,8,8,True,ok,selected_multi_metric_max_k,sample_select_project,1.0779551219998211,0.0,0.0018595149999782734,0.03743408700006512,1.0798146369997994,1.1172487239998645,8,0.06111748862872001,0.12908086623442588,0.29627557596349974,0.31621348764898194,0.24504772493320648,0.4446300537312807,0.27538854341343644
1000,0.05,50,44,42,2,8,8,True,ok,selected_multi_metric_xb_worsening_patience,sample_select_full_fit,1.0171499759999278,0.49987128199995823,0.0,0.030831735999981902,1.517021257999886,1.547852993999868,8,0.08461313351854344,0.1648572987746459,1.0,0.4359374977811415,0.34759447153311324,0.5533009924146738,0.3385083631905434
1000,0.05,50,44,42,2,8,8,True,ok,selected_multi_metric_xb_worsening_patience,sample_select_project,1.0171499759999278,0.0,0.0016449150000426016,0.029399928000202635,1.0187948909999704,1.048194819000173,8,0.06097220885076053,0.17235937014766858,0.3714206718092666,0.3769958709864715,0.29329742703354916,0.4816221046574316,0.2834880117311917
1000,0.05,50,44,43,2,8,8,True,ok,selected_multi_metric_xb_worsening_patience,sample_select_full_fit,1.1035921580000831,0.6852208549998977,0.0,0.0342847869999332,1.7888130129999809,1.823097799999914,8,0.08461313351854344,0.16485795480353005,1.0,0.4359374977811415,0.34759447153311324,0.5533009924146737,0.3385083631905434
1000,0.05,50,44,43,2,8,8,True,ok,selected_multi_metric_xb_worsening_patience,sample_select_project,1.1035921580000831,0.0,0.001651155999979892,0.03313740199996573,1.105243314000063,1.1383807160000288,8,0.05217249859123268,0.17908390720577336,0.31299822085968093,0.35925044061992767,0.3033007979587167,0.43536499789760863,0.25729037746353794
1000,0.05,50,44,44,2,8,8,True,ok,selected_multi_metric_max_k,sample_select_full_fit,1.223120002999849,0.5687951009999779,0.0,0.02965411100012716,1.791915103999827,1.821569214999954,8,0.08834067499489058,0.1537649245463943,1.0,0.5254817456589531,0.46614415977010504,0.5740293962871296,0.35548352802582134
1000,0.05,50,44,44,2,8,8,True,ok,selected_multi_metric_max_k,sample_select_project,1.223120002999849,0.0,0.001711127999897144,0.03252786600000945,1.2248311309997462,1.2573589969997556,8,0.067190313652601,0.1447420439847191,0.4684976535452778,0.38487094978751013,0.3068010082527697,0.48688866442288725,0.3011328810702018
1000,0.05,50,45,42,2,8,3,False,ok,selected_multi_metric_xb_worsening_patience,sample_select_full_fit,1.2762496689999807,0.4508844179999869,0.0,0.030123645999992732,1.7271340869999676,1.7572577329999604,3,0.05020943892516764,0.2322087420707071,0.25777134457781753,0.24928375871460273,0.18251948376791163,0.31582332852865985,0.11825880706589714
1000,0.05,50,45,42,2,8,3,False,ok,selected_multi_metric_xb_worsening_patience,sample_select_project,1.2762496689999807,0.0,0.0015813859999980195,0.029703945000164822,1.2778310549999787,1.3075350000001436,3,0.03281898024970682,0.4754517487677841,0.17588999446117337,0.13625448783701105,0.10141046890056547,0.23604038954124892,0.09141012230877232
1000,0.05,50,45,43,2,8,7,False,ok,selected_multi_metric_xb_worsening_patience,sample_select_full_fit,1.0942409429999316,0.5432717979999779,0.0,0.02992263200007983,1.6375127409999095,1.6674353729999893,7,0.07894372785652093,0.17847639236940419,0.8672870286770015,0.4412394609938393,0.37562062323010115,0.5243663947757932,0.30673966112848444
1000,0.05,50,45,43,2,8,7,False,ok,selected_multi_metric_xb_worsening_patience,sample_select_project,1.0942409429999316,0.0,0.0018880279999393679,0.030957530000023326,1.096128970999871,1.1270865009998943,7,0.04332015270086662,0.20164921656949442,0.2791146024645303,0.2566652865860461,0.18946386287439224,0.3700647865023722,0.1964192496159927
1000,0.05,50,45,44,2,8,8,True,ok,selected_multi_metric_xb_worsening_patience,sample_select_full_fit,1.3386746620001304,0.5819906859999264,0.0,0.03180179299988595,1.9206653480000568,1.9524671409999428,8,0.08834067499489058,0.1537649245463943,1.0,0.5254817456589531,0.46614415977010504,0.5740293962871296,0.35548352802582134
1000,0.05,50,45,44,2,8,8,True,ok,selected_multi_metric_xb_worsening_patience,sample_select_project,1.3386746620001304,0.0,0.0016077450000011595,0.02993191900009151,1.3402824070001316,1.370214326000223,8,0.050992519492114564,0.1784055088999965,0.3428078925493984,0.29044952192357043,0.22126862770436828,0.4274521805406326,0.2463791142594147
1000,0.05,50,46,42,2,8,8,True,ok,selected_multi_metric_xb_worsening_patience,sample_select_full_fit,0.9590756720001536,0.5396531230001074,0.0,0.031534034000060274,1.498728795000261,1.5302628290003213,8,0.08461313351854344,0.1648572987746459,1.0,0.4359374977811415,0.34759447153311324,0.5533009924146738,0.3385083631905434
1000,0.05,50,46,42,2,8,8,True,ok,selected_multi_metric_xb_worsening_patience,sample_select_project,0.9590756720001536,0.0,0.0016555550000703079,0.030621843999824705,0.960731227000224,0.9913530710000487,8,0.060364779462818825,0.18312823658150446,0.33025366685963903,0.3810408056044035,0.3091852930364582,0.4850616226175302,0.3015811613587338
1000,0.05,50,46,43,2,8,8,True,ok,selected_multi_metric_xb_worsening_patience,sample_select_full_fit,1.0370372700001553,0.658288242000026,0.0,0.03535463499997604,1.6953255120001813,1.7306801470001574,8,0.08461313351854344,0.16485795480353005,1.0,0.4359374977811415,0.34759447153311324,0.5533009924146737,0.3385083631905434
1000,0.05,50,46,43,2,8,8,True,ok,selected_multi_metric_xb_worsening_patience,sample_select_project,1.0370372700001553,0.0,0.002136831000143502,0.05564232100005029,1.0391741010002988,1.0948164220003491,8,0.05989055077493451,0.13721941665777654,0.3441399100308974,0.4082657088638767,0.34390593331586417,0.4961111333437404,0.30657016583229896
1000,0.05,50,46,44,2,8,8,True,ok,selected_multi_metric_xb_worsening_patience,sample_select_full_fit,1.140069820000008,0.7378876339998897,0.0,0.031328851999887775,1.8779574539998976,1.9092863059997853,8,0.08834067499489058,0.1537649245463943,1.0,0.5254817456589531,0.46614415977010504,0.5740293962871296,0.35548352802582134
1000,0.05,50,46,44,2,8,8,True,ok,selected_multi_metric_xb_worsening_patience,sample_select_project,1.140069820000008,0.0,0.0018496860000141169,0.036868943999934345,1.141919506000022,1.1787884499999564,8,0.055376516358698384,0.15784459092926428,0.26452747173950564,0.30874590662441487,0.2489619433666966,0.4547165330898578,0.28056676928652824
1000,0.1,100,42,42,2,8,7,False,ok,selected_multi_metric_xb_worsening_patience,sample_select_full_fit,1.1835162909999326,0.6263487220001025,0.0,0.03099498999995376,1.809865013000035,1.8408600029999889,7,0.07894372785652093,0.1784765850368607,0.8672870286770015,0.44123946099383937,0.37562062323010115,0.5243663947757932,0.30673966112848444
1000,0.1,100,42,42,2,8,7,False,ok,selected_multi_metric_xb_worsening_patience,sample_select_project,1.1835162909999326,0.0,0.0018718679998528387,0.029797498000107225,1.1853881589997854,1.2151856569998927,7,0.06377384800548956,0.15089521039137052,0.39847801695751167,0.3253626038935353,0.2794743041985051,0.4517460153293287,0.25737586297416665
1000,0.1,100,42,43,2,8,8,True,ok,selected_multi_metric_xb_worsening_patience,sample_select_full_fit,1.3351682889999665,0.721713328000078,0.0,0.04516364899996006,2.0568816170000446,2.1020452660000046,8,0.08461313351854344,0.16485795480353005,1.0,0.4359374977811415,0.34759447153311324,0.5533009924146737,0.3385083631905434
1000,0.1,100,42,43,2,8,8,True,ok,selected_multi_metric_xb_worsening_patience,sample_select_project,1.3351682889999665,0.0,0.006508596000003308,0.05916150000007292,1.3416768849999698,1.4008383850000428,8,0.06095077102941899,0.15362087773648317,0.39414650895947007,0.34611955600802274,0.2975695739182456,0.437513440299663,0.25913037159506075
1000,0.1,100,42,44,2,8,7,False,ok,selected_multi_metric_xb_worsening_patience,sample_select_full_fit,1.278603837999981,0.5817373219999808,0.0,0.030253689000119266,1.8603411599999617,1.890594849000081,7,0.07894372785652093,0.17847586965109477,0.7255250226414491,0.44123946099383926,0.37562062323010115,0.5243663947757929,0.30673966112848444
1000,0.1,100,42,44,2,8,7,False,ok,selected_multi_metric_xb_worsening_patience,sample_select_project,1.278603837999981,0.0,0.0016847489998781384,0.029311393000170938,1.280288586999859,1.30959998000003,7,0.07019506466821565,0.1628142238579133,0.5173161299324086,0.4064540536139857,0.36920149936674146,0.4953025932905386,0.28054253749537844
1000,0.1,100,43,42,2,8,5,False,ok,selected_multi_metric_xb_worsening_patience,sample_select_full_fit,0.7835031150000304,0.44359731899999133,0.0,0.04162698200002524,1.2271004340000218,1.268727416000047,5,0.069846473990142,0.18631155176030417,0.5237537575856903,0.4110995753168749,0.35512976070515256,0.47164898644631004,0.23596499070432353
1000,0.1,100,43,42,2,8,5,False,ok,selected_multi_metric_xb_worsening_patience,sample_select_project,0.7835031150000304,0.0,0.0018833789999916917,0.03761468400011836,0.7853864940000221,0.8230011780001405,5,0.04767983452920055,0.30101299668797,0.24359680770319406,0.31207320120779797,0.26327889738435484,0.36884384122832453,0.17846853299760163
1000,0.1,100,43,43,2,8,5,False,ok,selected_multi_metric_xb_worsening_patience,sample_select_full_fit,0.7220488729999488,0.4331613069998639,0.0,0.029667245999917213,1.1552101799998127,1.18487742599973,5,0.069846473990142,0.18631135524878834,0.5237537575856903,0.4110995753168748,0.35512976070515256,0.47164898644631026,0.23596499070432353
1000,0.1,100,43,43,2,8,5,False,ok,selected_multi_metric_xb_worsening_patience,sample_select_project,0.7220488729999488,0.0,0.0015876679999564658,0.029250610000190136,0.7236365409999053,0.7528871510000954,5,0.04767983452920055,0.30101298782763763,0.24359680770319406,0.312073201207798,0.26327889738435484,0.36884384122832453,0.17846853299760163
1000,0.1,100,43,44,2,8,5,False,ok,selected_multi_metric_xb_worsening_patience,sample_select_full_fit,0.7509955560001345,0.5944081029999779,0.0,0.02992506600003253,1.3454036590001124,1.375328725000145,5,0.069846473990142,0.18631133023621235,0.5031449546512954,0.4110995753168749,0.35512976070515256,0.47164898644631015,0.23596499070432353
1000,0.1,100,43,44,2,8,5,False,ok,selected_multi_metric_xb_worsening_patience,sample_select_project,0.7509955560001345,0.0,0.0016198890000396204,0.028961841999944227,0.7526154450001741,0.7815772870001183,5,0.04767983452920055,0.3010138760268608,0.2986994145555932,0.31207320120779797,0.26327889738435484,0.3688438412283246,0.17846853299760163
1000,0.1,100,44,42,2,8,5,False,ok,selected_multi_metric_xb_worsening_patience,sample_select_full_fit,1.5115245659999346,0.4109900280000147,0.0,0.031187477999992552,1.9225145939999493,1.9537020719999418,5,0.069846473990142,0.18631155176030417,0.5237537575856903,0.4110995753168749,0.35512976070515256,0.47164898644631004,0.23596499070432353
1000,0.1,100,44,42,2,8,5,False,ok,selected_multi_metric_xb_worsening_patience,sample_select_project,1.5115245659999346,0.0,0.0017002879999381548,0.029782601000079012,1.5132248539998727,1.5430074549999517,5,0.06310819441147784,0.19110293767025435,0.43360374574601385,0.37617046852381386,0.32573349890872016,0.43012645671166894,0.20944551611954143
1000,0.1,100,44,43,2,8,6,False,ok,selected_multi_metric_xb_worsening_patience,sample_select_full_fit,1.5381664579999779,0.5100141300001724,0.0,0.030291949000002205,2.0481805880001502,2.0784725370001524,6,0.07962298778477038,0.16748881272008556,0.716233821521497,0.47719559011923796,0.4240997800468396,0.5204714034899107,0.2912143125771481
1000,0.1,100,44,43,2,8,6,False,ok,selected_multi_metric_xb_worsening_patience,sample_select_project,1.5381664579999779,0.0,0.0020608390000234067,0.03224277499998607,1.5402272970000013,1.5724700719999873,6,0.06677710635286124,0.16690245906717718,0.3926333372742416,0.42882798725087656,0.3814236716787364,0.469440132971702,0.2507629581325084
1000,0.1,100,44,44,2,8,8,True,ok,selected_multi_metric_xb_worsening_patience,sample_select_full_fit,1.5822222599999805,0.6890895410001576,0.0,0.03198071599990726,2.271311801000138,2.3032925170000453,8,0.08834067499489058,0.1537649245463943,1.0,0.5254817456589531,0.46614415977010504,0.5740293962871296,0.35548352802582134
1000,0.1,100,44,44,2,8,8,True,ok,selected_multi_metric_xb_worsening_patience,sample_select_project,1.5822222599999805,0.0,0.0016722059999665362,0.02912191000018538,1.583894465999947,1.6130163760001324,8,0.06862413506797913,0.13540563912963727,0.44972710578064856,0.43250878227658857,0.36783900038005696,0.486612171426128,0.2921728132219987
1000,0.1,100,45,42,2,8,7,False,ok,selected_multi_metric_xb_worsening_patience,sample_select_full_fit,1.6221963369998775,0.6493877509999493,0.0,0.02975496900012331,2.271584087999827,2.30133905699995,7,0.07894372785652093,0.1784765850368607,0.8672870286770015,0.44123946099383937,0.37562062323010115,0.5243663947757932,0.30673966112848444
1000,0.1,100,45,42,2,8,7,False,ok,selected_multi_metric_xb_worsening_patience,sample_select_project,1.6221963369998775,0.0,0.001799493000135044,0.030702935999897818,1.6239958300000126,1.6546987659999104,7,0.06374257310613976,0.166347056791572,0.4413106580369272,0.36012049587740225,0.29696861508323613,0.47272515843898616,0.27275737195399863
1000,0.1,100,45,43,2,8,8,True,ok,selected_multi_metric_max_k,sample_select_full_fit,1.8232685010000296,0.7112119420000909,0.0,0.02992817999984254,2.5344804430001204,2.564408622999963,8,0.08461313351854344,0.16485795480353005,1.0,0.4359374977811415,0.34759447153311324,0.5533009924146737,0.3385083631905434
1000,0.1,100,45,43,2,8,8,True,ok,selected_multi_metric_max_k,sample_select_project,1.8232685010000296,0.0,0.0016199980000237701,0.037675937999892994,1.8248884990000533,1.8625644369999463,8,0.057316726646165106,0.1775882807730672,0.35088103003443183,0.3345530900340372,0.269221636457942,0.4424885960398677,0.26499617130450637
1000,0.1,100,45,44,2,8,8,True,ok,selected_multi_metric_xb_worsening_patience,sample_select_full_fit,1.4224095869999474,0.6620737579999059,0.0,0.03153358399981698,2.084483344999853,2.11601692899967,8,0.08834067499489058,0.1537649245463943,1.0,0.5254817456589531,0.46614415977010504,0.5740293962871296,0.35548352802582134
1000,0.1,100,45,44,2,8,8,True,ok,selected_multi_metric_xb_worsening_patience,sample_select_project,1.4224095869999474,0.0,0.0016696509999292175,0.02993331099992247,1.4240792379998766,1.454012548999799,8,0.05619977756382609,0.15920148787169378,0.33593181081489415,0.3020164408130896,0.227126723508042,0.45668834765894,0.26144579715259353
1000,0.1,100,46,42,2,8,8,True,ok,selected_multi_metric_max_k,sample_select_full_fit,1.4970588009998664,0.5760613590000503,0.0,0.029756401999975424,2.0731201599999167,2.102876561999892,8,0.08461313351854344,0.1648572987746459,1.0,0.4359374977811415,0.34759447153311324,0.5533009924146738,0.3385083631905434
1000,0.1,100,46,42,2,8,8,True,ok,selected_multi_metric_max_k,sample_select_project,1.4970588009998664,0.0,0.0016966210000646242,0.029133550999858926,1.498755421999931,1.52788897299979,8,0.06833791419063664,0.144872716770757,0.3428398480010993,0.44460559831671737,0.360701298647228,0.5125657037184793,0.3124149398787855
1000,0.1,100,46,43,2,8,8,True,ok,selected_multi_metric_max_k,sample_select_full_fit,1.5002669610000794,0.7157379939999373,0.0,0.05296105999991596,2.2160049550000167,2.2689660149999327,8,0.08461313351854344,0.16485795480353005,1.0,0.4359374977811415,0.34759447153311324,0.5533009924146737,0.3385083631905434
1000,0.1,100,46,43,2,8,8,True,ok,selected_multi_metric_max_k,sample_select_project,1.5002669610000794,0.0,0.0016355469999780325,0.034905565999906685,1.5019025080000574,1.536808073999964,8,0.06438326671513889,0.16604081414355532,0.3001147531255429,0.35279092718986543,0.2796684645432782,0.45465891017587207,0.2742464896258448
1000,0.1,100,46,44,2,8,7,False,ok,selected_multi_metric_max_k,sample_select_full_fit,1.6045534669999597,0.5778971390000152,0.0,0.03300395299993397,2.182450605999975,2.215454558999909,7,0.07894372785652093,0.17847586965109477,0.7255250226414491,0.44123946099383926,0.37562062323010115,0.5243663947757929,0.30673966112848444
1000,0.1,100,46,44,2,8,7,False,ok,selected_multi_metric_max_k,sample_select_project,1.6045534669999597,0.0,0.001898317000041061,0.04386296500001663,1.6064517840000008,1.6503147490000174,7,0.06404118627520963,0.17254406908995967,0.4289634567056354,0.3944915504823064,0.3447184934924788,0.47547798877136116,0.26577356389622225
1000,0.15,150,42,42,3,8,8,True,ok,selected_multi_metric_xb_worsening_patience,sample_select_full_fit,1.4321335970000746,0.537057687000015,0.0,0.03088773000013134,1.9691912840000896,2.000079014000221,8,0.08461313351854344,0.1648572987746459,1.0,0.4359374977811415,0.34759447153311324,0.5533009924146738,0.3385083631905434
1000,0.15,150,42,42,3,8,8,True,ok,selected_multi_metric_xb_worsening_patience,sample_select_project,1.4321335970000746,0.0,0.0016188360000342072,0.05174032200011425,1.4337524330001088,1.485492755000223,8,0.07449048643141122,0.1368865173006484,0.4269488120465473,0.35247303548287057,0.2950950918399673,0.500013477404533,0.2917769557442815
1000,0.15,150,42,43,3,8,7,False,ok,selected_multi_metric_xb_worsening_patience,sample_select_full_fit,1.3019128349999392,0.5636398379999719,0.0,0.030295556000055512,1.865552672999911,1.8958482289999665,7,0.07894372785652093,0.17847639236940419,0.8672870286770015,0.4412394609938393,0.37562062323010115,0.5243663947757932,0.30673966112848444
1000,0.15,150,42,43,3,8,7,False,ok,selected_multi_metric_xb_worsening_patience,sample_select_project,1.3019128349999392,0.0,0.0016703119999874616,0.03017053400003533,1.3035831469999266,1.333753680999962,7,0.06358407450783304,0.1558766351078696,0.45792705746597767,0.28232499264959704,0.22389221702578208,0.4467267766764345,0.24427670190719716
1000,0.15,150,42,44,3,8,7,False,ok,selected_multi_metric_xb_worsening_patience,sample_select_full_fit,1.3055017229999066,0.6488393990000532,0.0,0.053958007000119323,1.9543411219999598,2.008299129000079,7,0.07894372785652093,0.17847586965109477,0.7255250226414491,0.44123946099383926,0.37562062323010115,0.5243663947757929,0.30673966112848444
1000,0.15,150,42,44,3,8,7,False,ok,selected_multi_metric_xb_worsening_patience,sample_select_project,1.3055017229999066,0.0,0.001672115000019403,0.06114707999995517,1.307173837999926,1.3683209179998812,7,0.06318959675286143,0.1560255157550898,0.4460444794158782,0.3310112799594385,0.2581581580528533,0.46740138801272857,0.25556153775175067
1000,0.15,150,43,42,3,8,5,False,ok,selected_multi_metric_xb_worsening_patience,sample_select_full_fit,0.9447078199998487,0.46684596799991596,0.0,0.030010064999942188,1.4115537879997646,1.4415638529997068,5,0.069846473990142,0.18631155176030417,0.5237537575856903,0.4110995753168749,0.35512976070515256,0.47164898644631004,0.23596499070432353
1000,0.15,150,43,42,3,8,5,False,ok,selected_multi_metric_xb_worsening_patience,sample_select_project,0.9447078199998487,0.0,0.00155488699988382,0.029719102999933966,0.9462627069997325,0.9759818099996664,5,0.055150516021833754,0.2601232753890686,0.27849017243062263,0.35417301888166985,0.3125032999507917,0.40137712305140993,0.20223263964271712
1000,0.15,150,43,43,3,8,5,False,ok,selected_multi_metric_xb_worsening_patience,sample_select_full_fit,0.8930836960000761,0.39802966900015235,0.0,0.028511944000001677,1.2911133650002284,1.3196253090002301,5,0.069846473990142,0.18631135524878834,0.5237537575856903,0.4110995753168748,0.35512976070515256,0.47164898644631026,0.23596499070432353
1000,0.15,150,43,43,3,8,5,False,ok,selected_multi_metric_xb_worsening_patience,sample_select_project,0.8930836960000761,0.0,0.0015668490000280144,0.029002096999874993,0.8946505450001041,0.9236526419999791,5,0.055150516021833754,0.2601231941313546,0.27849017243062263,0.35417301888166985,0.3125032999507917,0.40137712305140993,0.20223263964271712
1000,0.15,150,43,44,3,8,5,False,ok,selected_multi_metric_xb_worsening_patience,sample_select_full_fit,0.9241762669998934,0.48209709400020984,0.0,0.029975711000133742,1.4062733610001033,1.436249072000237,5,0.069846473990142,0.18631133023621235,0.5031449546512954,0.4110995753168749,0.35512976070515256,0.47164898644631015,0.23596499070432353
1000,0.15,150,43,44,3,8,5,False,ok,selected_multi_metric_xb_worsening_patience,sample_select_project,0.9241762669998934,0.0,0.0016177239999706217,0.030510116999948877,0.925793990999864,0.9563041079998129,5,0.055150516021833754,0.26012191522469313,0.3529747112720331,0.35417301888166985,0.3125032999507917,0.40137712305140993,0.20223263964271712
1000,0.15,150,44,42,3,8,8,True,ok,selected_multi_metric_max_k,sample_select_full_fit,1.921448995999981,0.5336004369999046,0.0,0.03086915499989118,2.4550494329998855,2.4859185879997767,8,0.08461313351854344,0.1648572987746459,1.0,0.4359374977811415,0.34759447153311324,0.5533009924146738,0.3385083631905434
1000,0.15,150,44,42,3,8,8,True,ok,selected_multi_metric_max_k,sample_select_project,1.921448995999981,0.0,0.0018734400000539608,0.030274997999867992,1.923322436000035,1.953597433999903,8,0.07560577992101133,0.14010629408278952,0.41692290465655407,0.46750772488906583,0.40589778778101027,0.5232077102331072,0.3332771409286299
1000,0.15,150,44,43,3,8,8,True,ok,selected_multi_metric_xb_worsening_patience,sample_select_full_fit,1.6589634780000324,0.6974395909999203,0.0,0.030333497000128773,2.3564030689999527,2.3867365660000814,8,0.08461313351854344,0.16485795480353005,1.0,0.4359374977811415,0.34759447153311324,0.5533009924146737,0.3385083631905434
1000,0.15,150,44,43,3,8,8,True,ok,selected_multi_metric_xb_worsening_patience,sample_select_project,1.6589634780000324,0.0,0.0019670760000281007,0.030339609000066048,1.6609305540000605,1.6912701630001266,8,0.07560577992101133,0.1401062921478256,0.41692290465655407,0.4675077248890659,0.40589778778101027,0.5232077102331072,0.3332771409286299
1000,0.15,150,44,44,3,8,8,True,ok,selected_multi_metric_xb_worsening_patience,sample_select_full_fit,1.898052183000118,0.6268812170001183,0.0,0.029382394999856842,2.5249334000002364,2.554315795000093,8,0.08834067499489058,0.1537649245463943,1.0,0.5254817456589531,0.46614415977010504,0.5740293962871296,0.35548352802582134
1000,0.15,150,44,44,3,8,8,True,ok,selected_multi_metric_xb_worsening_patience,sample_select_project,1.898052183000118,0.0,0.0019387919999189762,0.03937176699992051,1.899990975000037,1.9393627419999575,8,0.06938563719962662,0.1668154088237323,0.3987039716618711,0.4033714947340838,0.3174806762068725,0.48277292397189364,0.28873399850947884
1000,0.15,150,45,42,3,8,8,True,ok,selected_multi_metric_xb_worsening_patience,sample_select_full_fit,1.8059030030001395,0.5728672249999818,0.0,0.031116144999941753,2.3787702280001213,2.409886373000063,8,0.08461313351854344,0.1648572987746459,1.0,0.4359374977811415,0.34759447153311324,0.5533009924146738,0.3385083631905434
1000,0.15,150,45,42,3,8,8,True,ok,selected_multi_metric_xb_worsening_patience,sample_select_project,1.8059030030001395,0.0,0.0016087280000647297,0.03926529999989725,1.8075117310002042,1.8467770310001015,8,0.06862367913485848,0.221351484346409,0.3735579323108788,0.4101599278750378,0.35517779986050946,0.5159609435378185,0.3227681338903517
1000,0.15,150,45,43,3,8,6,False,ok,selected_multi_metric_xb_worsening_patience,sample_select_full_fit,1.6153374939999594,0.643165905999922,0.0,0.0308054560000528,2.2585033999998814,2.289308855999934,6,0.07962298778477038,0.16748881272008556,0.716233821521497,0.47719559011923796,0.4240997800468396,0.5204714034899107,0.2912143125771481
1000,0.15,150,45,43,3,8,6,False,ok,selected_multi_metric_xb_worsening_patience,sample_select_project,1.6153374939999594,0.0,0.001594009999962509,0.029585764000103154,1.616931503999922,1.646517268000025,6,0.06473565566045116,0.19004154068840265,0.4605359079486016,0.3538005322659484,0.3038213491399151,0.4198357374795818,0.22022695341276285
1000,0.15,150,45,44,3,8,8,True,ok,selected_multi_metric_xb_worsening_patience,sample_select_full_fit,1.5313952220001283,0.6239637379999294,0.0,0.04153723300009915,2.1553589600000578,2.196896193000157,8,0.08834067499489058,0.1537649245463943,1.0,0.5254817456589531,0.46614415977010504,0.5740293962871296,0.35548352802582134
1000,0.15,150,45,44,3,8,8,True,ok,selected_multi_metric_xb_worsening_patience,sample_select_project,1.5313952220001283,0.0,0.001633494000088831,0.03003742600003534,1.5330287160002172,1.5630661420002525,8,0.07006186879568665,0.22001136552035425,0.5801635104954885,0.40617756848389885,0.34110821550206366,0.4927759548326451,0.30386276889367253
1000,0.15,150,46,42,3,8,5,False,ok,selected_multi_metric_xb_worsening_patience,sample_select_full_fit,0.9579665260000638,0.44476371699988704,0.0,0.0296707330001027,1.4027302429999509,1.4324009760000536,5,0.069846473990142,0.18631155176030417,0.5237537575856903,0.4110995753168749,0.35512976070515256,0.47164898644631004,0.23596499070432353
1000,0.15,150,46,42,3,8,5,False,ok,selected_multi_metric_xb_worsening_patience,sample_select_project,0.9579665260000638,0.0,0.0016982039999220433,0.029960903000073813,0.9596647299999859,0.9896256330000597,5,0.052409337373785246,0.26312371711969423,0.3367192892984519,0.27012190445382617,0.2213821548481438,0.3529989778820736,0.16884318677805088
1000,0.15,150,46,43,3,8,5,False,ok,selected_multi_metric_xb_worsening_patience,sample_select_full_fit,0.9910243210001681,0.4321750690000954,0.0,0.030572602999882292,1.4231993900002635,1.4537719930001458,5,0.069846473990142,0.18631135524878834,0.5237537575856903,0.4110995753168748,0.35512976070515256,0.47164898644631026,0.23596499070432353
1000,0.15,150,46,43,3,8,5,False,ok,selected_multi_metric_xb_worsening_patience,sample_select_project,0.9910243210001681,0.0,0.0016115230000650627,0.030184209000026385,0.9926358440002332,1.0228200530002596,5,0.058224182314665446,0.2767749847832541,0.4165151414315784,0.31910284232379454,0.2849512210548943,0.3969702421888604,0.1974859405483837
1000,0.15,150,46,44,3,8,5,False,ok,selected_multi_metric_xb_worsening_patience,sample_select_full_fit,1.1051052049999726,0.45220726299999114,0.0,0.03117845200017655,1.5573124679999637,1.5884909200001402,5,0.069846473990142,0.18631133023621235,0.5031449546512954,0.4110995753168749,0.35512976070515256,0.47164898644631015,0.23596499070432353
1000,0.15,150,46,44,3,8,5,False,ok,selected_multi_metric_xb_worsening_patience,sample_select_project,1.1051052049999726,0.0,0.0016900489999898127,0.030009022000058394,1.1067952539999624,1.1368042760000208,5,0.058224182314665446,0.27677533254328945,0.39485250662538274,0.31910284232379466,0.2849512210548943,0.39697024218886046,0.1974859405483837
1000,0.2,200,42,42,4,8,8,True,ok,selected_multi_metric_max_k,sample_select_full_fit,1.6332919710000624,0.5461427570000978,0.0,0.03035973600003672,2.1794347280001602,2.209794464000197,8,0.08461313351854344,0.1648572987746459,1.0,0.4359374977811415,0.34759447153311324,0.5533009924146738,0.3385083631905434
1000,0.2,200,42,42,4,8,8,True,ok,selected_multi_metric_max_k,sample_select_project,1.6332919710000624,0.0,0.001668427999902633,0.031184713999891756,1.634960398999965,1.6661451129998568,8,0.0712484250673295,0.1393562235614766,0.6080493995346562,0.3457857896498376,0.2510139532005986,0.5012074696439383,0.28681184905605167
1000,0.2,200,42,43,4,8,8,True,ok,selected_multi_metric_xb_worsening_patience,sample_select_full_fit,1.748543902999927,0.7190463760000512,0.0,0.032963480000034906,2.467590278999978,2.500553759000013,8,0.08461313351854344,0.16485795480353005,1.0,0.4359374977811415,0.34759447153311324,0.5533009924146737,0.3385083631905434
1000,0.2,200,42,43,4,8,8,True,ok,selected_multi_metric_xb_worsening_patience,sample_select_project,1.748543902999927,0.0,0.0016355469999780325,0.030097948000047836,1.750179449999905,1.7802773979999529,8,0.0756902205632724,0.13020356552388201,0.45762369272945774,0.37649804183106367,0.3145458099919779,0.5085941938564981,0.29627809038101494
1000,0.2,200,42,44,4,8,8,True,ok,selected_multi_metric_max_k,sample_select_full_fit,1.552813808999872,0.6436003349999737,0.0,0.02959540200004085,2.1964141439998457,2.2260095459998865,8,0.08834067499489058,0.1537649245463943,1.0,0.5254817456589531,0.46614415977010504,0.5740293962871296,0.35548352802582134
1000,0.2,200,42,44,4,8,8,True,ok,selected_multi_metric_max_k,sample_select_project,1.552813808999872,0.0,0.0020083419999537,0.028998399999863977,1.5548221509998257,1.5838205509996897,8,0.0712484250673295,0.13935622614646684,0.46627563163979036,0.3457857896498376,0.2510139532005986,0.5012074696439383,0.28681184905605167
1000,0.2,200,43,42,4,8,5,False,ok,selected_multi_metric_xb_worsening_patience,sample_select_full_fit,0.8417669549999118,0.4196124929999314,0.0,0.04364646200019706,1.2613794479998433,1.3050259100000403,5,0.069846473990142,0.18631155176030417,0.5237537575856903,0.4110995753168749,0.35512976070515256,0.47164898644631004,0.23596499070432353
1000,0.2,200,43,42,4,8,5,False,ok,selected_multi_metric_xb_worsening_patience,sample_select_project,0.8417669549999118,0.0,0.006368314999917857,0.05413218900002903,0.8481352699998297,0.9022674589998587,5,0.05268786228368113,0.22745788290868185,0.24113455748555818,0.28367937961589285,0.23321911174786628,0.3995923714122312,0.2015362754831075
1000,0.2,200,43,43,4,8,5,False,ok,selected_multi_metric_xb_worsening_patience,sample_select_full_fit,0.9889811010000358,0.3937026179999066,0.0,0.030229674000111117,1.3826837189999424,1.4129133930000535,5,0.069846473990142,0.18631135524878834,0.5237537575856903,0.4110995753168748,0.35512976070515256,0.47164898644631026,0.23596499070432353
1000,0.2,200,43,43,4,8,5,False,ok,selected_multi_metric_xb_worsening_patience,sample_select_project,0.9889811010000358,0.0,0.0016440429999420303,0.04204052000000047,0.9906251439999778,1.0326656639999783,5,0.05268786228368113,0.22745790946159378,0.24113455748555818,0.28367937961589285,0.23321911174786628,0.3995923714122311,0.2015362754831075
1000,0.2,200,43,44,4,8,5,False,ok,selected_multi_metric_xb_worsening_patience,sample_select_full_fit,0.8861129050001182,0.4450185489999967,0.0,0.030137392000142427,1.331131454000115,1.3612688460002573,5,0.069846473990142,0.18631133023621235,0.5031449546512954,0.4110995753168749,0.35512976070515256,0.47164898644631015,0.23596499070432353
1000,0.2,200,43,44,4,8,5,False,ok,selected_multi_metric_xb_worsening_patience,sample_select_project,0.8861129050001182,0.0,0.0015933889999359963,0.02969911599984698,0.8877062940000542,0.9174054099999012,5,0.06256723982330346,0.21697204716953114,0.4330975811794904,0.3987952879083431,0.34827735332469745,0.43858387732066684,0.22577162805027168
1000,0.2,200,44,42,4,8,8,True,ok,selected_multi_metric_xb_worsening_patience,sample_select_full_fit,1.7360412259999976,0.5346669550001479,0.0,0.029462524999871675,2.2707081810001455,2.300170706000017,8,0.08461313351854344,0.1648572987746459,1.0,0.4359374977811415,0.34759447153311324,0.5533009924146738,0.3385083631905434
1000,0.2,200,44,42,4,8,8,True,ok,selected_multi_metric_xb_worsening_patience,sample_select_project,1.7360412259999976,0.0,0.001640416000100231,0.03188264400000662,1.7376816420000978,1.7695642860001044,8,0.07852047208146255,0.15668759348668773,0.439842131388728,0.5159340531360846,0.4313872592654853,0.5602492922543808,0.33808777119454536
1000,0.2,200,44,43,4,8,8,True,ok,selected_multi_metric_xb_worsening_patience,sample_select_full_fit,1.824882328000058,0.6897603709999203,0.0,0.029913013999930627,2.514642698999978,2.544555712999909,8,0.08461313351854344,0.16485795480353005,1.0,0.4359374977811415,0.34759447153311324,0.5533009924146737,0.3385083631905434
1000,0.2,200,44,43,4,8,8,True,ok,selected_multi_metric_xb_worsening_patience,sample_select_project,1.824882328000058,0.0,0.0017521549998491537,0.029804831999854287,1.826634482999907,1.8564393149997613,8,0.06676459450159039,0.1582107156195936,0.34132952852272114,0.42785481142058623,0.35853904168805734,0.49746421254067197,0.313437092473279
1000,0.2,200,44,44,4,8,8,True,ok,selected_multi_metric_xb_worsening_patience,sample_select_full_fit,1.7177381440001227,0.5870719629999712,0.0,0.03586317099984626,2.304810107000094,2.34067327799994,8,0.08834067499489058,0.1537649245463943,1.0,0.5254817456589531,0.46614415977010504,0.5740293962871296,0.35548352802582134
1000,0.2,200,44,44,4,8,8,True,ok,selected_multi_metric_xb_worsening_patience,sample_select_project,1.7177381440001227,0.0,0.0018185589999575313,0.0345961890000126,1.7195567030000802,1.7541528920000928,8,0.06525096218665383,0.15855991833523292,0.3998445286111873,0.4240625102427433,0.35412425080411686,0.48778007941284324,0.3055931724660871
1000,0.2,200,45,42,4,8,8,True,ok,selected_multi_metric_xb_worsening_patience,sample_select_full_fit,1.9299931400000787,0.5749743809999472,0.0,0.03064952600016113,2.504967521000026,2.535617047000187,8,0.08461313351854344,0.1648572987746459,1.0,0.4359374977811415,0.34759447153311324,0.5533009924146738,0.3385083631905434
1000,0.2,200,45,42,4,8,8,True,ok,selected_multi_metric_xb_worsening_patience,sample_select_project,1.9299931400000787,0.0,0.0019808609999927285,0.029360314000086873,1.9319740010000714,1.9613343150001583,8,0.06925309522478239,0.19557005457542948,0.5181372055824978,0.4173004833063014,0.35366295298518996,0.5109422175397419,0.3075360477033472
1000,0.2,200,45,43,4,8,5,False,ok,selected_multi_metric_xb_worsening_patience,sample_select_full_fit,1.6098377420000816,0.41073808800001643,0.0,0.030699448999939705,2.020575830000098,2.0512752790000377,5,0.069846473990142,0.18631135524878834,0.5237537575856903,0.4110995753168748,0.35512976070515256,0.47164898644631026,0.23596499070432353
1000,0.2,200,45,43,4,8,5,False,ok,selected_multi_metric_xb_worsening_patience,sample_select_project,1.6098377420000816,0.0,0.0016624680001768866,0.02981077300000834,1.6115002100002584,1.6413109830002668,5,0.05976421830625005,0.19593437501945749,0.4632922277572464,0.32122109936211596,0.27562905569200097,0.4121787707522892,0.20235505575058196
1000,0.2,200,45,44,4,8,8,True,ok,selected_multi_metric_xb_worsening_patience,sample_select_full_fit,1.6916114069999821,0.6461279550001109,0.0,0.035507917999893834,2.337739362000093,2.373247279999987,8,0.08834067499489058,0.1537649245463943,1.0,0.5254817456589531,0.46614415977010504,0.5740293962871296,0.35548352802582134
1000,0.2,200,45,44,4,8,8,True,ok,selected_multi_metric_xb_worsening_patience,sample_select_project,1.6916114069999821,0.0,0.0024023460000535124,0.04403447499998947,1.6940137530000356,1.7380482280000251,8,0.06925309522478239,0.19556468966292384,0.5238467736397067,0.4173004833063013,0.35366295298518996,0.5109422175397418,0.3075360477033472
1000,0.2,200,46,42,4,8,8,True,ok,selected_multi_metric_xb_worsening_patience,sample_select_full_fit,1.5715327440000237,0.5469222990000162,0.0,0.03100800399988657,2.11845504300004,2.1494630469999265,8,0.08461313351854344,0.1648572987746459,1.0,0.4359374977811415,0.34759447153311324,0.5533009924146738,0.3385083631905434
1000,0.2,200,46,42,4,8,8,True,ok,selected_multi_metric_xb_worsening_patience,sample_select_project,1.5715327440000237,0.0,0.0016175539999494504,0.028546628999947643,1.5731502979999732,1.6016969269999208,8,0.0659412709800979,0.18565784279042324,0.4275937836167761,0.35120180076796803,0.2657533657018757,0.48243977066185595,0.27757672095417874
1000,0.2,200,46,43,4,8,8,True,ok,selected_multi_metric_xb_worsening_patience,sample_select_full_fit,1.6560215909998988,0.7320533540000724,0.0,0.03392295499997999,2.388074944999971,2.421997899999951,8,0.08461313351854344,0.16485795480353005,1.0,0.4359374977811415,0.34759447153311324,0.5533009924146737,0.3385083631905434
1000,0.2,200,46,43,4,8,8,True,ok,selected_multi_metric_xb_worsening_patience,sample_select_project,1.6560215909998988,0.0,0.001703604000113046,0.02835891800009449,1.6577251950000118,1.6860841130001063,8,0.06595114636665299,0.2559152841745355,0.37292965284246793,0.3778331963936639,0.3084649489257105,0.4718366126117203,0.2770725966470298
1000,0.2,200,46,44,4,8,7,False,ok,selected_multi_metric_xb_worsening_patience,sample_select_full_fit,1.586741487999916,0.6105883220000123,0.0,0.03170431200010171,2.1973298099999283,2.22903412200003,7,0.07894372785652093,0.17847586965109477,0.7255250226414491,0.44123946099383926,0.37562062323010115,0.5243663947757929,0.30673966112848444
1000,0.2,200,46,44,4,8,7,False,ok,selected_multi_metric_xb_worsening_patience,sample_select_project,1.586741487999916,0.0,0.0018030399999133806,0.02928441299991391,1.5885445279998294,1.6178289409997433,7,0.062476847129306554,0.21154299156502543,0.36741780857519935,0.33387505963341835,0.26881236244839907,0.43816234771584267,0.24468749325664657
1000,0.3,300,42,42,6,8,8,True,ok,selected_multi_metric_xb_worsening_patience,sample_select_full_fit,1.4968533709998155,0.5859991149998223,0.0,0.030328718000191657,2.082852485999638,2.1131812039998294,8,0.08461313351854344,0.1648572987746459,1.0,0.4359374977811415,0.34759447153311324,0.5533009924146738,0.3385083631905434
1000,0.3,300,42,42,6,8,8,True,ok,selected_multi_metric_xb_worsening_patience,sample_select_project,1.4968533709998155,0.0,0.001713513000140665,0.02963880400011476,1.4985668839999562,1.528205688000071,8,0.08224406813145606,0.23126437456251664,0.7573699216938058,0.4180198479539316,0.3375883573813087,0.5350781553035399,0.3307855350159992
1000,0.3,300,42,43,6,8,5,False,ok,selected_multi_metric_xb_worsening_patience,sample_select_full_fit,1.6477725340000688,0.4258075650000137,0.0,0.03550438199999917,2.0735800990000826,2.1090844810000817,5,0.069846473990142,0.18631135524878834,0.5237537575856903,0.4110995753168748,0.35512976070515256,0.47164898644631026,0.23596499070432353
1000,0.3,300,42,43,6,8,5,False,ok,selected_multi_metric_xb_worsening_patience,sample_select_project,1.6477725340000688,0.0,0.0016102209999644401,0.0299872719999712,1.6493827550000333,1.6793700270000045,5,0.06434918028921899,0.1809936999563765,0.5030379717015476,0.3506102779984142,0.30070985270188627,0.43944486200856236,0.21640479900395798
1000,0.3,300,42,44,6,8,6,False,ok,selected_multi_metric_xb_worsening_patience,sample_select_full_fit,1.5531905089999327,0.7110358959998848,0.0,0.031537740999965536,2.2642264049998175,2.295764145999783,6,0.07962298778477038,0.16748885381949474,0.6387653098166186,0.47719559011923796,0.4240997800468396,0.5204714034899108,0.2912143125771481
1000,0.3,300,42,44,6,8,6,False,ok,selected_multi_metric_xb_worsening_patience,sample_select_project,1.5531905089999327,0.0,0.001694317000101364,0.037961981999842465,1.554884826000034,1.5928468079998765,6,0.06548354693932143,0.16815147814797193,0.42398850156298384,0.3303115273394867,0.2743377410975961,0.4537756677246054,0.24045406728141228
1000,0.3,300,43,42,6,8,5,False,ok,selected_multi_metric_xb_worsening_patience,sample_select_full_fit,0.8787919250000868,0.43542121800010136,0.0,0.05416308700000627,1.3142131430001882,1.3683762300001945,5,0.069846473990142,0.18631155176030417,0.5237537575856903,0.4110995753168749,0.35512976070515256,0.47164898644631004,0.23596499070432353
1000,0.3,300,43,42,6,8,5,False,ok,selected_multi_metric_xb_worsening_patience,sample_select_project,0.8787919250000868,0.0,0.0021801109999159962,0.043200261000038154,0.8809720360000028,0.924172297000041,5,0.06572722981608865,0.19576631651225115,0.36221574126505346,0.40763215871513797,0.36002715214660114,0.4477055392233512,0.23344423023613067
1000,0.3,300,43,43,6,8,5,False,ok,selected_multi_metric_xb_worsening_patience,sample_select_full_fit,0.9413926129998345,0.4292920890000005,0.0,0.03080257100009476,1.370684701999835,1.4014872729999297,5,0.069846473990142,0.18631135524878834,0.5237537575856903,0.4110995753168748,0.35512976070515256,0.47164898644631026,0.23596499070432353
1000,0.3,300,43,43,6,8,5,False,ok,selected_multi_metric_xb_worsening_patience,sample_select_project,0.9413926129998345,0.0,0.0016072349999376456,0.029690389000052164,0.9429998479997721,0.9726902369998243,5,0.06572722981608865,0.19576633755247058,0.36221574126505346,0.4076321587151379,0.36002715214660114,0.4477055392233512,0.23344423023613067
1000,0.3,300,43,44,6,8,5,False,ok,selected_multi_metric_xb_worsening_patience,sample_select_full_fit,0.9654586239998935,0.4355663060000552,0.0,0.02971431399987523,1.4010249299999487,1.4307392439998239,5,0.069846473990142,0.18631133023621235,0.5031449546512954,0.4110995753168749,0.35512976070515256,0.47164898644631015,0.23596499070432353
1000,0.3,300,43,44,6,8,5,False,ok,selected_multi_metric_xb_worsening_patience,sample_select_project,0.9654586239998935,0.0,0.00195425099991553,0.03154091700002937,0.967412874999809,0.9989537919998384,5,0.06572722981608865,0.19576580539734242,0.4780798097946314,0.40763215871513797,0.36002715214660114,0.4477055392233512,0.23344423023613067
1000,0.3,300,44,42,6,8,7,False,ok,selected_multi_metric_xb_worsening_patience,sample_select_full_fit,1.7499166089999107,0.6452460440000323,0.0,0.03436840500012295,2.395162652999943,2.429531058000066,7,0.07894372785652093,0.1784765850368607,0.8672870286770015,0.44123946099383937,0.37562062323010115,0.5243663947757932,0.30673966112848444
1000,0.3,300,44,42,6,8,7,False,ok,selected_multi_metric_xb_worsening_patience,sample_select_project,1.7499166089999107,0.0,0.0020496290001119633,0.03157953900017674,1.7519662380000227,1.7835457770001995,7,0.07409387718076965,0.17239826849157125,0.6027375798928112,0.4473370727176697,0.37899320321690844,0.4969810827425569,0.29068113939800483
1000,0.3,300,44,43,6,8,7,False,ok,selected_multi_metric_xb_worsening_patience,sample_select_full_fit,1.6133703360001164,0.5734800990001077,0.0,0.029969209000000774,2.186850435000224,2.216819644000225,7,0.07894372785652093,0.17847639236940419,0.8672870286770015,0.4412394609938393,0.37562062323010115,0.5243663947757932,0.30673966112848444
1000,0.3,300,44,43,6,8,7,False,ok,selected_multi_metric_xb_worsening_patience,sample_select_project,1.6133703360001164,0.0,0.0016984639999009232,0.03194628300002478,1.6150688000000173,1.647015083000042,7,0.07409387718076965,0.1723982171225348,0.6027375798928112,0.4473370727176697,0.37899320321690844,0.4969810827425569,0.29068113939800483
1000,0.3,300,44,44,6,8,8,True,ok,selected_multi_metric_max_k,sample_select_full_fit,2.34311483700003,0.7204798570001003,0.0,0.033113447999994605,3.0635946940001304,3.096708142000125,8,0.08834067499489058,0.1537649245463943,1.0,0.5254817456589531,0.46614415977010504,0.5740293962871296,0.35548352802582134
1000,0.3,300,44,44,6,8,8,True,ok,selected_multi_metric_max_k,sample_select_project,2.34311483700003,0.0,0.0020263750000140135,0.03236045400012699,2.345141212000044,2.377501666000171,8,0.08232244205292255,0.1635227077040522,0.545716054370778,0.5415602358620277,0.46657468544746883,0.5778175366910562,0.35427930341507574
1000,0.3,300,45,42,6,8,8,True,ok,selected_multi_metric_xb_worsening_patience,sample_select_full_fit,1.8125211030001083,0.5402645499998471,0.0,0.04158213899995644,2.3527856529999553,2.394367791999912,8,0.08461313351854344,0.1648572987746459,1.0,0.4359374977811415,0.34759447153311324,0.5533009924146738,0.3385083631905434
1000,0.3,300,45,42,6,8,8,True,ok,selected_multi_metric_xb_worsening_patience,sample_select_project,1.8125211030001083,0.0,0.0019456150000678463,0.04850865100002011,1.8144667180001761,1.8629753690001962,8,0.07439453305996414,0.15641162610442452,0.49813564149888634,0.4175669084728073,0.34435400315579323,0.521538039610762,0.29877197444310977
1000,0.3,300,45,43,6,8,8,True,ok,selected_multi_metric_xb_worsening_patience,sample_select_full_fit,1.741700794000053,0.6707565429999249,0.0,0.030977806999999302,2.412457336999978,2.4434351439999773,8,0.08461313351854344,0.16485795480353005,1.0,0.4359374977811415,0.34759447153311324,0.5533009924146737,0.3385083631905434
1000,0.3,300,45,43,6,8,8,True,ok,selected_multi_metric_xb_worsening_patience,sample_select_project,1.741700794000053,0.0,0.0016589710000971536,0.029313195999975505,1.7433597650001502,1.7726729610001257,8,0.07439453305996414,0.1564115923074239,0.49813564149888634,0.4175669084728072,0.34435400315579323,0.5215380396107618,0.29877197444310977
1000,0.3,300,45,44,6,8,8,True,ok,selected_multi_metric_xb_worsening_patience,sample_select_full_fit,1.852598025000134,0.7825561409999864,0.0,0.030961397000055513,2.6351541660001203,2.666115563000176,8,0.08834067499489058,0.1537649245463943,1.0,0.5254817456589531,0.46614415977010504,0.5740293962871296,0.35548352802582134
1000,0.3,300,45,44,6,8,8,True,ok,selected_multi_metric_xb_worsening_patience,sample_select_project,1.852598025000134,0.0,0.0016615559998172102,0.029042151000112426,1.8542595809999511,1.8833017320000636,8,0.07439453305996414,0.15641157968238595,0.5511339933131394,0.41756690847280736,0.34435400315579323,0.5215380396107621,0.29877197444310977
1000,0.3,300,46,42,6,8,5,False,ok,selected_multi_metric_xb_worsening_patience,sample_select_full_fit,1.8892479219998677,0.4150227290001567,0.0,0.03002346999983274,2.3042706510000244,2.334294120999857,5,0.069846473990142,0.18631155176030417,0.5237537575856903,0.4110995753168749,0.35512976070515256,0.47164898644631004,0.23596499070432353
1000,0.3,300,46,42,6,8,5,False,ok,selected_multi_metric_xb_worsening_patience,sample_select_project,1.8892479219998677,0.0,0.0015651670000806917,0.033184789999950226,1.8908130889999484,1.9239978789998986,5,0.06689134552792651,0.18375713889662937,0.5072110491226212,0.3770307693184926,0.33581380130985766,0.4490420094290871,0.22772708031764255
1000,0.3,300,46,43,6,8,8,True,ok,selected_multi_metric_xb_worsening_patience,sample_select_full_fit,2.067527403999975,0.7164979910000966,0.0,0.029131508000091344,2.7840253950000715,2.813156903000163,8,0.08461313351854344,0.16485795480353005,1.0,0.4359374977811415,0.34759447153311324,0.5533009924146737,0.3385083631905434
1000,0.3,300,46,43,6,8,8,True,ok,selected_multi_metric_xb_worsening_patience,sample_select_project,2.067527403999975,0.0,0.001979308000045421,0.02937769599998319,2.0695067120000203,2.0988844080000035,8,0.070901237923335,0.1659967233406928,0.45672038978919255,0.3555139669033334,0.25989791670692697,0.4946347881710783,0.2795386103251013
1000,0.3,300,46,44,6,8,5,False,ok,selected_multi_metric_xb_worsening_patience,sample_select_full_fit,1.7388796220000131,0.43938019400002304,0.0,0.029908975999887843,2.178259816000036,2.208168791999924,5,0.069846473990142,0.18631133023621235,0.5031449546512954,0.4110995753168749,0.35512976070515256,0.47164898644631015,0.23596499070432353
1000,0.3,300,46,44,6,8,5,False,ok,selected_multi_metric_xb_worsening_patience,sample_select_project,1.7388796220000131,0.0,0.0018953710000459978,0.031197737999946185,1.7407749930000591,1.7719727310000053,5,0.06689134552792651,0.18375731487087887,0.48728517693066575,0.3770307693184927,0.33581380130985766,0.4490420094290871,0.22772708031764255
1000,0.4,400,42,42,8,8,7,False,ok,selected_multi_metric_xb_worsening_patience,sample_select_full_fit,2.251068819000011,0.6303673820000313,0.0,0.030815825999980007,2.8814362010000423,2.9122520270000223,7,0.07894372785652093,0.1784765850368607,0.8672870286770015,0.44123946099383937,0.37562062323010115,0.5243663947757932,0.30673966112848444
1000,0.4,400,42,42,8,8,7,False,ok,selected_multi_metric_xb_worsening_patience,sample_select_project,2.251068819000011,0.0,0.0018277159999797732,0.0307181739999578,2.2528965349999908,2.2836147089999486,7,0.07769985544641853,0.1511921728128609,0.7517913400683011,0.40380871708736465,0.32705828493480577,0.5105735716456707,0.29619176986962575
1000,0.4,400,42,43,8,8,7,False,ok,selected_multi_metric_xb_worsening_patience,sample_select_full_fit,1.9831200720000197,0.6578011969997988,0.0,0.029721327000061137,2.6409212689998185,2.6706425959998796,7,0.07894372785652093,0.17847639236940419,0.8672870286770015,0.4412394609938393,0.37562062323010115,0.5243663947757932,0.30673966112848444
1000,0.4,400,42,43,8,8,7,False,ok,selected_multi_metric_xb_worsening_patience,sample_select_project,1.9831200720000197,0.0,0.0016395549998833303,0.029222226999991108,1.984759626999903,2.013981853999894,7,0.07769985544641853,0.15119217834584298,0.7517913400683011,0.4038087170873646,0.32705828493480577,0.5105735716456709,0.29619176986962575
1000,0.4,400,42,44,8,8,8,True,ok,selected_multi_metric_xb_worsening_patience,sample_select_full_fit,2.0286735689999205,0.5953828689998772,0.0,0.03135179500009144,2.6240564379997977,2.655408232999889,8,0.08834067499489058,0.1537649245463943,1.0,0.5254817456589531,0.46614415977010504,0.5740293962871296,0.35548352802582134
1000,0.4,400,42,44,8,8,8,True,ok,selected_multi_metric_xb_worsening_patience,sample_select_project,2.0286735689999205,0.0,0.0018432750000556553,0.029049504999875353,2.030516843999976,2.0595663489998515,8,0.08097359774653422,0.24550648808823522,0.5515456485023351,0.4182677271976492,0.3358762923789701,0.5317026295371531,0.3286158553790382
1000,0.4,400,43,42,8,8,6,False,ok,selected_multi_metric_xb_worsening_patience,sample_select_full_fit,1.8144202789999326,0.5416899379999904,0.0,0.03160185999990972,2.356110216999923,2.387712076999833,6,0.07962298778477038,0.1674887938791225,0.716233821521497,0.47719559011923796,0.4240997800468396,0.5204714034899108,0.2912143125771481
1000,0.4,400,43,42,8,8,6,False,ok,selected_multi_metric_xb_worsening_patience,sample_select_project,1.8144202789999326,0.0,0.0017401019999851997,0.030076769000061176,1.8161603809999178,1.846237149999979,6,0.06797982736642895,0.15143225655059983,0.42429270715367184,0.405390860004274,0.3516185732348386,0.46016901839794705,0.26108275246863993
1000,0.4,400,43,43,8,8,5,False,ok,selected_multi_metric_xb_worsening_patience,sample_select_full_fit,2.1362265699999625,0.3956017159998737,0.0,0.028903824000053646,2.5318282859998362,2.56073210999989,5,0.069846473990142,0.18631135524878834,0.5237537575856903,0.4110995753168748,0.35512976070515256,0.47164898644631026,0.23596499070432353
1000,0.4,400,43,43,8,8,5,False,ok,selected_multi_metric_xb_worsening_patience,sample_select_project,2.1362265699999625,0.0,0.0016575980000652635,0.03053853899996284,2.137884168000028,2.1684227069999906,5,0.0625077523689671,0.18030045956059917,0.457131652489236,0.34845861031182834,0.2875331591292225,0.4201957909723684,0.2115476328096545
1000,0.4,400,43,44,8,8,5,False,ok,selected_multi_metric_xb_worsening_patience,sample_select_full_fit,1.816383721000193,0.451938772999938,0.0,0.030288223000070502,2.268322494000131,2.2986107170002015,5,0.069846473990142,0.18631133023621235,0.5031449546512954,0.4110995753168749,0.35512976070515256,0.47164898644631015,0.23596499070432353
1000,0.4,400,43,44,8,8,5,False,ok,selected_multi_metric_xb_worsening_patience,sample_select_project,1.816383721000193,0.0,0.0015960840000843746,0.02929784799994195,1.8179798050002773,1.8472776530002193,5,0.0625077523689671,0.1803004449177589,0.3984767172006135,0.34845861031182823,0.2875331591292225,0.4201957909723685,0.2115476328096545
1000,0.4,400,44,42,8,8,8,True,ok,selected_multi_metric_xb_worsening_patience,sample_select_full_fit,2.24859442900015,0.5607840620000388,0.0,0.029718040000034307,2.8093784910001887,2.839096531000223,8,0.08461313351854344,0.1648572987746459,1.0,0.4359374977811415,0.34759447153311324,0.5533009924146738,0.3385083631905434
1000,0.4,400,44,42,8,8,8,True,ok,selected_multi_metric_xb_worsening_patience,sample_select_project,2.24859442900015,0.0,0.001801215999876149,0.02774128699979883,2.250395645000026,2.278136931999825,8,0.0807001192785381,0.19618574868060676,0.5041963195095792,0.4991798179862948,0.41925995320336934,0.5496774832000367,0.3463967351223909
1000,0.4,400,44,43,8,8,8,True,ok,selected_multi_metric_xb_worsening_patience,sample_select_full_fit,2.1503669260000606,0.6686754780000683,0.0,0.02907311900003151,2.819042404000129,2.8481155230001605,8,0.08461313351854344,0.16485795480353005,1.0,0.4359374977811415,0.34759447153311324,0.5533009924146737,0.3385083631905434
1000,0.4,400,44,43,8,8,8,True,ok,selected_multi_metric_xb_worsening_patience,sample_select_project,2.1503669260000606,0.0,0.001992010999856575,0.03456707600003028,2.152358936999917,2.1869260129999475,8,0.0807001192785381,0.19618554610477956,0.5041963195095792,0.4991798179862948,0.41925995320336934,0.5496774832000366,0.3463967351223909
1000,0.4,400,44,44,8,8,8,True,ok,selected_multi_metric_xb_worsening_patience,sample_select_full_fit,2.25143621899997,0.6050419460000285,0.0,0.04433188899997731,2.8564781649999986,2.900810053999976,8,0.08834067499489058,0.1537649245463943,1.0,0.5254817456589531,0.46614415977010504,0.5740293962871296,0.35548352802582134
1000,0.4,400,44,44,8,8,8,True,ok,selected_multi_metric_xb_worsening_patience,sample_select_project,2.25143621899997,0.0,0.0019706419998328784,0.03465147500014609,2.253406860999803,2.288058335999949,8,0.0807001192785381,0.19618552203077297,0.5071110778780535,0.4991798179862948,0.41925995320336934,0.5496774832000366,0.3463967351223909
1000,0.4,400,45,42,8,8,6,False,ok,selected_multi_metric_xb_worsening_patience,sample_select_full_fit,2.468568570000116,0.5042093639999621,0.0,0.03070819599997776,2.972777934000078,3.0034861300000557,6,0.07962298778477038,0.1674887938791225,0.716233821521497,0.47719559011923796,0.4240997800468396,0.5204714034899108,0.2912143125771481
1000,0.4,400,45,42,8,8,6,False,ok,selected_multi_metric_xb_worsening_patience,sample_select_project,2.468568570000116,0.0,0.001811014000168143,0.03032896900003834,2.470379584000284,2.5007085530003224,6,0.07239910094529639,0.15706839135330816,0.485327878131922,0.41252247747668674,0.3728462605201405,0.4883180620568412,0.26280626113367006
1000,0.4,400,45,43,8,8,8,True,ok,selected_multi_metric_max_k,sample_select_full_fit,2.195628048999879,0.7736656459999267,0.0,0.030355779000046823,2.9692936949998057,2.9996494739998525,8,0.08461313351854344,0.16485795480353005,1.0,0.4359374977811415,0.34759447153311324,0.5533009924146737,0.3385083631905434
1000,0.4,400,45,43,8,8,8,True,ok,selected_multi_metric_max_k,sample_select_project,2.195628048999879,0.0,0.0017529270000977704,0.03584858300018823,2.1973809759999767,2.233229559000165,8,0.07964806860895843,0.1446411294159829,0.6845673873893449,0.40593733273848087,0.3136179851131303,0.5272458942099278,0.3163709641483739
1000,0.4,400,45,44,8,8,6,False,ok,selected_multi_metric_xb_worsening_patience,sample_select_full_fit,2.4029226489999473,0.5618842940000377,0.0,0.02999467600011485,2.964806942999985,2.9948016190001,6,0.07962298778477038,0.16748885381949474,0.6387653098166186,0.47719559011923796,0.4240997800468396,0.5204714034899108,0.2912143125771481
1000,0.4,400,45,44,8,8,6,False,ok,selected_multi_metric_xb_worsening_patience,sample_select_project,2.4029226489999473,0.0,0.0016213010001138173,0.0361254290000943,2.404543950000061,2.4406693790001555,6,0.07239910094529639,0.15706837693735792,0.5952636474791844,0.41252247747668674,0.3728462605201405,0.48831806205684103,0.26280626113367006
1000,0.4,400,46,42,8,8,5,False,ok,selected_multi_metric_xb_worsening_patience,sample_select_full_fit,2.1097574750001513,0.4309046109999599,0.0,0.030577181999888126,2.5406620860001112,2.5712392679999994,5,0.069846473990142,0.18631155176030417,0.5237537575856903,0.4110995753168749,0.35512976070515256,0.47164898644631004,0.23596499070432353
1000,0.4,400,46,42,8,8,5,False,ok,selected_multi_metric_xb_worsening_patience,sample_select_project,2.1097574750001513,0.0,0.001903606000041691,0.030826456000113467,2.111661081000193,2.1424875370003065,5,0.06658724059221609,0.18179037655344268,0.5083456661120911,0.36016046392455736,0.32167945688249266,0.43616641345832796,0.21848353276213728
1000,0.4,400,46,43,8,8,8,True,ok,selected_multi_metric_xb_worsening_patience,sample_select_full_fit,2.018384757000149,0.7574812410000504,0.0,0.03021409500001937,2.7758659980001994,2.8060800930002188,8,0.08461313351854344,0.16485795480353005,1.0,0.4359374977811415,0.34759447153311324,0.5533009924146737,0.3385083631905434
1000,0.4,400,46,43,8,8,8,True,ok,selected_multi_metric_xb_worsening_patience,sample_select_project,2.018384757000149,0.0,0.0016122140000334184,0.031015618000083123,2.0199969710001824,2.0510125890002655,8,0.07768455941348429,0.1760082567254976,0.5003795391740029,0.4562009984267485,0.3799042330884243,0.5238818515714506,0.30637817681388707
1000,0.4,400,46,44,8,8,5,False,ok,selected_multi_metric_xb_worsening_patience,sample_select_full_fit,2.1313072269999793,0.45686480200015467,0.0,0.031497906999902625,2.588172029000134,2.6196699360000366,5,0.069846473990142,0.18631133023621235,0.5031449546512954,0.4110995753168749,0.35512976070515256,0.47164898644631015,0.23596499070432353
1000,0.4,400,46,44,8,8,5,False,ok,selected_multi_metric_xb_worsening_patience,sample_select_project,2.1313072269999793,0.0,0.0019833649998872716,0.030703606999850308,2.1332905919998666,2.163994198999717,5,0.06658724059221609,0.18179037717614882,0.4772717124495767,0.36016046392455736,0.32167945688249266,0.4361664134583279,0.21848353276213728
1000,0.5,500,42,42,10,8,8,True,ok,selected_multi_metric_xb_worsening_patience,sample_select_full_fit,1.8879568260001633,0.572040847000153,0.0,0.030227761000105602,2.4599976730003164,2.490225434000422,8,0.08461313351854344,0.1648572987746459,1.0,0.4359374977811415,0.34759447153311324,0.5533009924146738,0.3385083631905434
1000,0.5,500,42,42,10,8,8,True,ok,selected_multi_metric_xb_worsening_patience,sample_select_project,1.8879568260001633,0.0,0.0016038580001804803,0.041286014000206706,1.8895606840003438,1.9308466980005505,8,0.07101708881532745,0.329922622930156,0.5229515765127106,0.33533501304360175,0.24344259760571035,0.49863915696298583,0.2841229691356809
1000,0.5,500,42,43,10,8,7,False,ok,selected_multi_metric_xb_worsening_patience,sample_select_full_fit,2.0576955730000464,0.5888277120000112,0.0,0.02953564099993855,2.6465232850000575,2.676058925999996,7,0.07894372785652093,0.17847639236940419,0.8672870286770015,0.4412394609938393,0.37562062323010115,0.5243663947757932,0.30673966112848444
1000,0.5,500,42,43,10,8,7,False,ok,selected_multi_metric_xb_worsening_patience,sample_select_project,2.0576955730000464,0.0,0.001767032000088875,0.030231357000047865,2.0594626050001352,2.089693962000183,7,0.0681516730612319,0.16875304345295203,0.48555451440732095,0.32047205550065255,0.2428521830930577,0.4774393875175832,0.25899551761640155
1000,0.5,500,42,44,10,8,8,True,ok,selected_multi_metric_xb_worsening_patience,sample_select_full_fit,1.9070617540000967,0.6702383469998949,0.0,0.07665836000001036,2.5773001009999916,2.653958461000002,8,0.08834067499489058,0.1537649245463943,1.0,0.5254817456589531,0.46614415977010504,0.5740293962871296,0.35548352802582134
1000,0.5,500,42,44,10,8,8,True,ok,selected_multi_metric_xb_worsening_patience,sample_select_project,1.9070617540000967,0.0,0.005243951000011293,0.05704270399996858,1.912305705000108,1.9693484090000766,8,0.07101708881532745,0.3299226059390236,0.39952039172118764,0.3353350130436018,0.24344259760571035,0.4986391569629859,0.2841229691356809
1000,0.5,500,43,42,10,8,6,False,ok,selected_multi_metric_xb_worsening_patience,sample_select_full_fit,2.352565386000151,0.5073315330000696,0.0,0.029993234000130542,2.859896919000221,2.8898901530003513,6,0.07962298778477038,0.1674887938791225,0.716233821521497,0.47719559011923796,0.4240997800468396,0.5204714034899108,0.2912143125771481
1000,0.5,500,43,42,10,8,6,False,ok,selected_multi_metric_xb_worsening_patience,sample_select_project,2.352565386000151,0.0,0.0020270269999400625,0.033472816000085004,2.3545924130000913,2.3880652290001763,6,0.07639435891909745,0.16966463203509535,0.6898099307615327,0.4418355631641873,0.3872900982088564,0.5037813418138557,0.27913624758913724
1000,0.5,500,43,43,10,8,8,True,ok,selected_multi_metric_xb_worsening_patience,sample_select_full_fit,2.4458404259999043,0.7152308590000303,0.0,0.034988651000048776,3.1610712849999345,3.1960599359999833,8,0.08461313351854344,0.16485795480353005,1.0,0.4359374977811415,0.34759447153311324,0.5533009924146737,0.3385083631905434
1000,0.5,500,43,43,10,8,8,True,ok,selected_multi_metric_xb_worsening_patience,sample_select_project,2.4458404259999043,0.0,0.001660533999938707,0.02997572100002799,2.447500959999843,2.477476680999871,8,0.08733867759677644,0.23048789335726955,0.6003987025805523,0.514439247487197,0.45859777361977677,0.5734649303265182,0.36513306047666744
1000,0.5,500,43,44,10,8,5,False,ok,selected_multi_metric_xb_worsening_patience,sample_select_full_fit,2.1460882169999422,0.4326145180000367,0.0,0.031249614999978803,2.578702734999979,2.6099523499999577,5,0.069846473990142,0.18631133023621235,0.5031449546512954,0.4110995753168749,0.35512976070515256,0.47164898644631015,0.23596499070432353
1000,0.5,500,43,44,10,8,5,False,ok,selected_multi_metric_xb_worsening_patience,sample_select_project,2.1460882169999422,0.0,0.0015877979999459058,0.028989323000132572,2.147676014999888,2.1766653380000207,5,0.06308732465616346,0.17775315837253883,0.4188587546659425,0.35346762401418313,0.2992161212482868,0.41529709690501726,0.21133166789281643
1000,0.5,500,44,42,10,8,6,False,ok,selected_multi_metric_xb_worsening_patience,sample_select_full_fit,2.6953726649999226,0.6797196249999615,0.0,0.03314962399986143,3.375092289999884,3.4082419139997455,6,0.07962298778477038,0.1674887938791225,0.716233821521497,0.47719559011923796,0.4240997800468396,0.5204714034899108,0.2912143125771481
1000,0.5,500,44,42,10,8,6,False,ok,selected_multi_metric_xb_worsening_patience,sample_select_project,2.6953726649999226,0.0,0.0016997469999751047,0.03091906800000288,2.6970724119998977,2.7279914799999005,6,0.08009257704185581,0.21103950408864644,0.6794422093595271,0.4951299334824027,0.43747087085928915,0.5331937818669501,0.2952273834030082
1000,0.5,500,44,43,10,8,7,False,ok,selected_multi_metric_xb_worsening_patience,sample_select_full_fit,2.4877893569998832,0.6292787340000814,0.0,0.03069239599994944,3.1170680909999646,3.147760486999914,7,0.07894372785652093,0.17847639236940419,0.8672870286770015,0.4412394609938393,0.37562062323010115,0.5243663947757932,0.30673966112848444
1000,0.5,500,44,43,10,8,7,False,ok,selected_multi_metric_xb_worsening_patience,sample_select_project,2.4877893569998832,0.0,0.0016684289998920576,0.029122601000153736,2.4894577859997753,2.518580386999929,7,0.07722090694430504,0.19124509183147656,0.6598136096952729,0.4545131103268385,0.38707575128120625,0.5198554656604123,0.3039762061139407
1000,0.5,500,44,44,10,8,6,False,ok,selected_multi_metric_xb_worsening_patience,sample_select_full_fit,2.5267222669999683,0.5310073430000557,0.0,0.031149476999871695,3.057729610000024,3.0888790869998957,6,0.07962298778477038,0.16748885381949474,0.6387653098166186,0.47719559011923796,0.4240997800468396,0.5204714034899108,0.2912143125771481
1000,0.5,500,44,44,10,8,6,False,ok,selected_multi_metric_xb_worsening_patience,sample_select_project,2.5267222669999683,0.0,0.0019573669999317644,0.02958729800002402,2.5286796339999,2.558266931999924,6,0.08009257704185581,0.21103950840867958,0.5958272907216854,0.4951299334824027,0.43747087085928915,0.5331937818669501,0.2952273834030082
1000,0.5,500,45,42,10,8,6,False,ok,selected_multi_metric_xb_worsening_patience,sample_select_full_fit,2.2296062379998602,0.599823441999888,0.0,0.03305854499990346,2.8294296799997483,2.8624882249996517,6,0.07962298778477038,0.1674887938791225,0.716233821521497,0.47719559011923796,0.4240997800468396,0.5204714034899108,0.2912143125771481
1000,0.5,500,45,42,10,8,6,False,ok,selected_multi_metric_xb_worsening_patience,sample_select_project,2.2296062379998602,0.0,0.0016529100000752805,0.03012088099990251,2.2312591479999355,2.261380028999838,6,0.07508515439961098,0.1654819442147412,0.4949537581842384,0.44495033676376144,0.4020700773372951,0.5048976217200871,0.27419462654605337
1000,0.5,500,45,43,10,8,6,False,ok,selected_multi_metric_xb_worsening_patience,sample_select_full_fit,2.1967057699998804,0.5432055820001551,0.0,0.03076619400007985,2.7399113520000355,2.7706775460001154,6,0.07962298778477038,0.16748881272008556,0.716233821521497,0.47719559011923796,0.4240997800468396,0.5204714034899107,0.2912143125771481
1000,0.5,500,45,43,10,8,6,False,ok,selected_multi_metric_xb_worsening_patience,sample_select_project,2.1967057699998804,0.0,0.0018944599999031198,0.029499043000214442,2.1986002299997836,2.228099272999998,6,0.07508515439961098,0.16548194804296068,0.4949537581842384,0.44495033676376133,0.4020700773372951,0.5048976217200872,0.27419462654605337
1000,0.5,500,45,44,10,8,6,False,ok,selected_multi_metric_xb_worsening_patience,sample_select_full_fit,2.042291582999951,0.5818125339999369,0.0,0.0344274649999079,2.624104116999888,2.658531581999796,6,0.07962298778477038,0.16748885381949474,0.6387653098166186,0.47719559011923796,0.4240997800468396,0.5204714034899108,0.2912143125771481
1000,0.5,500,45,44,10,8,6,False,ok,selected_multi_metric_xb_worsening_patience,sample_select_project,2.042291582999951,0.0,0.00394452899990938,0.0457660820000001,2.0462361119998604,2.0920021939998605,6,0.07508515439961098,0.16548194256105805,0.6113918903316595,0.44495033676376144,0.4020700773372951,0.5048976217200872,0.27419462654605337
1000,0.5,500,46,42,10,8,5,False,ok,selected_multi_metric_xb_worsening_patience,sample_select_full_fit,1.2517906999999013,0.43806404199995086,0.0,0.0311580640000102,1.6898547419998522,1.7210128059998624,5,0.069846473990142,0.18631155176030417,0.5237537575856903,0.4110995753168749,0.35512976070515256,0.47164898644631004,0.23596499070432353
1000,0.5,500,46,42,10,8,5,False,ok,selected_multi_metric_xb_worsening_patience,sample_select_project,1.2517906999999013,0.0,0.001601805000063905,0.03255830300008711,1.2533925049999652,1.2859508080000523,5,0.06648137232035524,0.17848585460005345,0.5250098294176752,0.3804799586279781,0.3409071045373047,0.4387106716927828,0.21930567675284698
1000,0.5,500,46,43,10,8,5,False,ok,selected_multi_metric_xb_worsening_patience,sample_select_full_fit,1.3340323219999846,0.4013712429998577,0.0,0.0309520700000121,1.7354035649998423,1.7663556349998544,5,0.069846473990142,0.18631135524878834,0.5237537575856903,0.4110995753168748,0.35512976070515256,0.47164898644631026,0.23596499070432353
1000,0.5,500,46,43,10,8,5,False,ok,selected_multi_metric_xb_worsening_patience,sample_select_project,1.3340323219999846,0.0,0.0016776360000676505,0.030387157999939518,1.3357099580000522,1.3660971159999917,5,0.06648137232035524,0.17848600937486075,0.5250098294176752,0.3804799586279781,0.3409071045373047,0.4387106716927827,0.21930567675284698
1000,0.5,500,46,44,10,8,5,False,ok,selected_multi_metric_xb_worsening_patience,sample_select_full_fit,1.5316808409997975,0.5391137199999321,0.0,0.033543506000114576,2.0707945609997296,2.104338066999844,5,0.069846473990142,0.18631133023621235,0.5031449546512954,0.4110995753168749,0.35512976070515256,0.47164898644631015,0.23596499070432353
1000,0.5,500,46,44,10,8,5,False,ok,selected_multi_metric_xb_worsening_patience,sample_select_project,1.5316808409997975,0.0,0.006123048000063136,0.03609550299984221,1.5378038889998606,1.5738993919997029,5,0.06648137232035524,0.17848600984501048,0.4480946172333146,0.38047995862797807,0.3409071045373047,0.4387106716927828,0.21930567675284698
1000,0.7,700,42,42,14,8,8,True,ok,selected_multi_metric_max_k,sample_select_full_fit,2.8777142439998897,0.5427601920000598,0.0,0.029890842999975575,3.4204744359999495,3.450365278999925,8,0.08461313351854344,0.1648572987746459,1.0,0.4359374977811415,0.34759447153311324,0.5533009924146738,0.3385083631905434
1000,0.7,700,42,42,14,8,8,True,ok,selected_multi_metric_max_k,sample_select_project,2.8777142439998897,0.0,0.001626299999998082,0.028687751000006756,2.879340543999888,2.9080282949998946,8,0.07581593611080373,0.14090964884578036,0.6480259486268419,0.3631585902684844,0.2636111145037507,0.5213218198225409,0.2956928010464253
1000,0.7,700,42,43,14,8,8,True,ok,selected_multi_metric_max_k,sample_select_full_fit,2.4747816990000047,0.7147458049998932,0.0,0.0291168399999151,3.189527503999898,3.218644343999813,8,0.08461313351854344,0.16485795480353005,1.0,0.4359374977811415,0.34759447153311324,0.5533009924146737,0.3385083631905434
1000,0.7,700,42,43,14,8,8,True,ok,selected_multi_metric_max_k,sample_select_project,2.4747816990000047,0.0,0.0016364990001420665,0.03394103899995571,2.4764181980001467,2.5103592370001024,8,0.08464494637447542,0.14047696320573627,0.9125832439990922,0.4398614554259398,0.34731779573095767,0.5488906991943847,0.3339575069980634
1000,0.7,700,42,44,14,8,8,True,ok,selected_multi_metric_max_k,sample_select_full_fit,2.8486667520000992,0.6600480729998708,0.0,0.09520383400013088,3.50871482499997,3.603918659000101,8,0.08834067499489058,0.1537649245463943,1.0,0.5254817456589531,0.46614415977010504,0.5740293962871296,0.35548352802582134
1000,0.7,700,42,44,14,8,8,True,ok,selected_multi_metric_max_k,sample_select_project,2.8486667520000992,0.0,0.0017184020000513556,0.03259565299981659,2.8503851540001506,2.882980806999967,8,0.08196346950861573,0.13969742715707537,0.6350147467740405,0.4226217498262096,0.3350664656588693,0.5328221088011844,0.3195351386914718
1000,0.7,700,43,42,14,8,5,False,ok,selected_multi_metric_xb_worsening_patience,sample_select_full_fit,2.543261179999945,0.41801272199995765,0.0,0.031119452000211822,2.9612739019999026,2.9923933540001144,5,0.069846473990142,0.18631155176030417,0.5237537575856903,0.4110995753168749,0.35512976070515256,0.47164898644631004,0.23596499070432353
1000,0.7,700,43,42,14,8,5,False,ok,selected_multi_metric_xb_worsening_patience,sample_select_project,2.543261179999945,0.0,0.0016896679999263142,0.029901823000045624,2.5449508479998713,2.574852670999917,5,0.06329123170994122,0.18122356282415122,0.4936777028980087,0.35089596049004645,0.29945381196820264,0.41918931187873193,0.21467902955738144
1000,0.7,700,43,43,14,8,8,True,ok,selected_multi_metric_xb_worsening_patience,sample_select_full_fit,2.53011493300005,0.7280356209998899,0.0,0.07052740700009963,3.25815055399994,3.3286779610000394,8,0.08461313351854344,0.16485795480353005,1.0,0.4359374977811415,0.34759447153311324,0.5533009924146737,0.3385083631905434
1000,0.7,700,43,43,14,8,8,True,ok,selected_multi_metric_xb_worsening_patience,sample_select_project,2.53011493300005,0.0,0.004095099999858576,0.042396210000106294,2.5342100329999084,2.5766062430000147,8,0.08074952014185098,0.21470169320144986,0.623350897043359,0.4208813876172342,0.33923632289288136,0.5329990616221213,0.32217009924246864
1000,0.7,700,43,44,14,8,5,False,ok,selected_multi_metric_xb_worsening_patience,sample_select_full_fit,2.5082781000000978,0.45766189699997994,0.0,0.030585516999963147,2.9659399970000777,2.996525514000041,5,0.069846473990142,0.18631133023621235,0.5031449546512954,0.4110995753168749,0.35512976070515256,0.47164898644631015,0.23596499070432353
1000,0.7,700,43,44,14,8,5,False,ok,selected_multi_metric_xb_worsening_patience,sample_select_project,2.5082781000000978,0.0,0.001595874000031472,0.029387012999904982,2.5098739740001292,2.539260987000034,5,0.06329123170994122,0.18122354269070545,0.4143494992165485,0.35089596049004645,0.29945381196820264,0.41918931187873176,0.21467902955738144
1000,0.7,700,44,42,14,8,8,True,ok,selected_multi_metric_xb_worsening_patience,sample_select_full_fit,3.0989327409999987,0.5180047179999292,0.0,0.030225535999989006,3.616937458999928,3.647162994999917,8,0.08461313351854344,0.1648572987746459,1.0,0.4359374977811415,0.34759447153311324,0.5533009924146738,0.3385083631905434
1000,0.7,700,44,42,14,8,8,True,ok,selected_multi_metric_xb_worsening_patience,sample_select_project,3.0989327409999987,0.0,0.0018653449999419536,0.029127370000196606,3.1007980859999407,3.1299254560001373,8,0.08664297121902552,0.17479424965579232,0.5570633148012318,0.5288052440025678,0.4695090330682763,0.5707040843556881,0.36113318075074674
1000,0.7,700,44,43,14,8,8,True,ok,selected_multi_metric_xb_worsening_patience,sample_select_full_fit,3.001851828000099,0.7804808109999612,0.0,0.03710664999994151,3.7823326390000602,3.8194392890000017,8,0.08461313351854344,0.16485795480353005,1.0,0.4359374977811415,0.34759447153311324,0.5533009924146737,0.3385083631905434
1000,0.7,700,44,43,14,8,8,True,ok,selected_multi_metric_xb_worsening_patience,sample_select_project,3.001851828000099,0.0,0.0016395950001424353,0.039494185999956244,3.0034914230002414,3.0429856090001977,8,0.08664297121902552,0.17479424114214065,0.5570633148012318,0.5288052440025678,0.4695090330682763,0.5707040843556881,0.36113318075074674
1000,0.7,700,44,44,14,8,8,True,ok,selected_multi_metric_xb_worsening_patience,sample_select_full_fit,2.8181935469999644,0.6630484710001383,0.0,0.030813301000080173,3.4812420180001027,3.512055319000183,8,0.08834067499489058,0.1537649245463943,1.0,0.5254817456589531,0.46614415977010504,0.5740293962871296,0.35548352802582134
1000,0.7,700,44,44,14,8,8,True,ok,selected_multi_metric_xb_worsening_patience,sample_select_project,2.8181935469999644,0.0,0.0019184840000434633,0.030036123999934716,2.820112031000008,2.8501481549999426,8,0.07894897301927346,0.16048223943616036,0.6056597626411546,0.4349453478938167,0.3739974821434453,0.5149147641145165,0.31083236149102456
1000,0.7,700,45,42,14,8,7,False,ok,selected_multi_metric_xb_worsening_patience,sample_select_full_fit,2.7684330739998586,0.6072637429999759,0.0,0.03214081500004795,3.3756968169998345,3.4078376319998824,7,0.07894372785652093,0.1784765850368607,0.8672870286770015,0.44123946099383937,0.37562062323010115,0.5243663947757932,0.30673966112848444
1000,0.7,700,45,42,14,8,7,False,ok,selected_multi_metric_xb_worsening_patience,sample_select_project,2.7684330739998586,0.0,0.00188088400000197,0.031549442999903476,2.7703139579998606,2.801863400999764,7,0.07854577205250943,0.14851500809998178,0.561296722144984,0.43566777108177496,0.386460696706733,0.526960739895297,0.29774190501401665
1000,0.7,700,45,43,14,8,7,False,ok,selected_multi_metric_xb_worsening_patience,sample_select_full_fit,2.4948673320000125,0.6079247790000863,0.0,0.03516506899995875,3.102792111000099,3.1379571800000576,7,0.07894372785652093,0.17847639236940419,0.8672870286770015,0.4412394609938393,0.37562062323010115,0.5243663947757932,0.30673966112848444
1000,0.7,700,45,43,14,8,7,False,ok,selected_multi_metric_xb_worsening_patience,sample_select_project,2.4948673320000125,0.0,0.0018750430001546192,0.05951383399997212,2.496742375000167,2.5562562090001393,7,0.08009445932080249,0.14877603899770483,0.7169960759425458,0.440236399905998,0.3696109641375431,0.5299012628383354,0.3061130939027746
1000,0.7,700,45,44,14,8,7,False,ok,selected_multi_metric_xb_worsening_patience,sample_select_full_fit,2.851927668999906,0.5727723879999758,0.0,0.030001227999946423,3.424700056999882,3.454701284999828,7,0.07894372785652093,0.17847586965109477,0.7255250226414491,0.44123946099383926,0.37562062323010115,0.5243663947757929,0.30673966112848444
1000,0.7,700,45,44,14,8,7,False,ok,selected_multi_metric_xb_worsening_patience,sample_select_project,2.851927668999906,0.0,0.0018829079999704845,0.03330295999990085,2.8538105769998765,2.8871135369997774,7,0.08009445932080249,0.1487760408756649,0.5388723764185952,0.440236399905998,0.3696109641375431,0.5299012628383353,0.3061130939027746
1000,0.7,700,46,42,14,8,7,False,ok,selected_multi_metric_xb_worsening_patience,sample_select_full_fit,2.9247402030000558,0.631694386999925,0.0,0.029878019000079803,3.5564345899999807,3.5863126090000605,7,0.07894372785652093,0.1784765850368607,0.8672870286770015,0.44123946099383937,0.37562062323010115,0.5243663947757932,0.30673966112848444
1000,0.7,700,46,42,14,8,7,False,ok,selected_multi_metric_xb_worsening_patience,sample_select_project,2.9247402030000558,0.0,0.0019306069998492603,0.055048467000005985,2.926670809999905,2.981719276999911,7,0.08804562081030226,0.1429057556575675,0.5646917229708461,0.527916089326962,0.48878189463859245,0.5615540204906535,0.3360350432704616
1000,0.7,700,46,43,14,8,7,False,ok,selected_multi_metric_xb_worsening_patience,sample_select_full_fit,2.8032079540000723,0.5993221610001456,0.0,0.03050020799992126,3.402530115000218,3.433030323000139,7,0.07894372785652093,0.17847639236940419,0.8672870286770015,0.4412394609938393,0.37562062323010115,0.5243663947757932,0.30673966112848444
1000,0.7,700,46,43,14,8,7,False,ok,selected_multi_metric_xb_worsening_patience,sample_select_project,2.8032079540000723,0.0,0.0016680379999343131,0.03126802800011319,2.8048759920000066,2.83614402000012,7,0.08049700829908614,0.1477368946840536,0.7475320936528658,0.4305175591061309,0.3613865100106033,0.5252408010829671,0.30783991026438545
1000,0.7,700,46,44,14,8,8,True,ok,selected_multi_metric_max_k,sample_select_full_fit,3.187104841000064,0.6287403839999115,0.0,0.029366275000029418,3.8158452249999755,3.845211500000005,8,0.08834067499489058,0.1537649245463943,1.0,0.5254817456589531,0.46614415977010504,0.5740293962871296,0.35548352802582134
1000,0.7,700,46,44,14,8,8,True,ok,selected_multi_metric_max_k,sample_select_project,3.187104841000064,0.0,0.0017224799998984963,0.029314428000134285,3.1888273209999625,3.2181417490000968,8,0.0926089706042134,0.1255900817755328,0.7294394716185909,0.5068000609977783,0.4502391936142684,0.5761312189432527,0.3587127550477115
1000,1.0,1000,42,42,20,8,8,True,ok,selected_multi_metric_xb_worsening_patience,sample_select_full_fit,3.468813973000124,0.5182855579998886,0.0,0.03165268499992635,3.9870995310000126,4.018752215999939,8,0.08461313351854344,0.1648572987746459,1.0,0.4359374977811415,0.34759447153311324,0.5533009924146738,0.3385083631905434
1000,1.0,1000,42,42,20,8,8,True,ok,selected_multi_metric_xb_worsening_patience,sample_select_project,3.468813973000124,0.0,0.001874461999932464,0.033251343999836536,3.4706884350000564,3.503939778999893,8,0.08461313351854344,0.16485729877464578,1.0,0.4359374977811415,0.34759447153311324,0.5533009924146738,0.3385083631905434
1000,1.0,1000,42,43,20,8,8,True,ok,selected_multi_metric_xb_worsening_patience,sample_select_full_fit,4.021469783000157,0.6857298109998737,0.0,0.032624095000073794,4.707199594000031,4.739823689000104,8,0.08461313351854344,0.16485795480353005,1.0,0.4359374977811415,0.34759447153311324,0.5533009924146737,0.3385083631905434
1000,1.0,1000,42,43,20,8,8,True,ok,selected_multi_metric_xb_worsening_patience,sample_select_project,4.021469783000157,0.0,0.0017774120001377014,0.04527768200000537,4.023247195000295,4.0685248770003,8,0.08461313351854344,0.16485795480353016,1.0,0.4359374977811415,0.34759447153311324,0.5533009924146737,0.3385083631905434
1000,1.0,1000,42,44,20,8,8,True,ok,selected_multi_metric_xb_worsening_patience,sample_select_full_fit,3.575916344999996,0.6723285450000276,0.0,0.030460684999980003,4.248244890000024,4.278705575000004,8,0.08834067499489058,0.1537649245463943,1.0,0.5254817456589531,0.46614415977010504,0.5740293962871296,0.35548352802582134
1000,1.0,1000,42,44,20,8,8,True,ok,selected_multi_metric_xb_worsening_patience,sample_select_project,3.575916344999996,0.0,0.0018997289998878841,0.031637285999977394,3.577816073999884,3.6094533599998613,8,0.08834067499489058,0.15376492454639434,1.0,0.5254817456589531,0.46614415977010504,0.5740293962871296,0.35548352802582134
1000,1.0,1000,43,42,20,8,8,True,ok,selected_multi_metric_xb_worsening_patience,sample_select_full_fit,3.405238521000001,0.6714148290000139,0.0,0.053672492000032435,4.076653350000015,4.1303258420000475,8,0.08461313351854344,0.1648572987746459,1.0,0.4359374977811415,0.34759447153311324,0.5533009924146738,0.3385083631905434
1000,1.0,1000,43,42,20,8,8,True,ok,selected_multi_metric_xb_worsening_patience,sample_select_project,3.405238521000001,0.0,0.0017233309999937774,0.03137455699993552,3.406961851999995,3.4383364089999304,8,0.08461313351854344,0.16485729877464578,1.0,0.4359374977811415,0.34759447153311324,0.5533009924146738,0.3385083631905434
1000,1.0,1000,43,43,20,8,8,True,ok,selected_multi_metric_xb_worsening_patience,sample_select_full_fit,3.738521412000182,0.7434653170000729,0.0,0.0320365509999192,4.481986729000255,4.514023280000174,8,0.08461313351854344,0.16485795480353005,1.0,0.4359374977811415,0.34759447153311324,0.5533009924146737,0.3385083631905434
1000,1.0,1000,43,43,20,8,8,True,ok,selected_multi_metric_xb_worsening_patience,sample_select_project,3.738521412000182,0.0,0.0017778520000319986,0.031292964999920514,3.740299264000214,3.7715922290001345,8,0.08461313351854344,0.16485795480353016,1.0,0.4359374977811415,0.34759447153311324,0.5533009924146737,0.3385083631905434
1000,1.0,1000,43,44,20,8,8,True,ok,selected_multi_metric_xb_worsening_patience,sample_select_full_fit,3.6563638860000083,0.5907542980000926,0.0,0.05818179199991391,4.247118184000101,4.305299976000015,8,0.08834067499489058,0.1537649245463943,1.0,0.5254817456589531,0.46614415977010504,0.5740293962871296,0.35548352802582134
1000,1.0,1000,43,44,20,8,8,True,ok,selected_multi_metric_xb_worsening_patience,sample_select_project,3.6563638860000083,0.0,0.001801997000029587,0.04071171400005369,3.658165883000038,3.6988775970000916,8,0.08834067499489058,0.15376492454639434,1.0,0.5254817456589531,0.46614415977010504,0.5740293962871296,0.35548352802582134
1000,1.0,1000,44,42,20,8,8,True,ok,selected_multi_metric_xb_worsening_patience,sample_select_full_fit,3.5805911759998708,0.5230650159999186,0.0,0.029441024000107063,4.103656191999789,4.133097215999896,8,0.08461313351854344,0.1648572987746459,1.0,0.4359374977811415,0.34759447153311324,0.5533009924146738,0.3385083631905434
1000,1.0,1000,44,42,20,8,8,True,ok,selected_multi_metric_xb_worsening_patience,sample_select_project,3.5805911759998708,0.0,0.0019237240001075406,0.029663528999890332,3.5825148999999783,3.6121784289998686,8,0.08461313351854344,0.16485729877464578,1.0,0.4359374977811415,0.34759447153311324,0.5533009924146738,0.3385083631905434
1000,1.0,1000,44,43,20,8,8,True,ok,selected_multi_metric_xb_worsening_patience,sample_select_full_fit,3.7428019899998617,0.7931676819998756,0.0,0.03349892500000351,4.535969671999737,4.569468596999741,8,0.08461313351854344,0.16485795480353005,1.0,0.4359374977811415,0.34759447153311324,0.5533009924146737,0.3385083631905434
1000,1.0,1000,44,43,20,8,8,True,ok,selected_multi_metric_xb_worsening_patience,sample_select_project,3.7428019899998617,0.0,0.0016809919998195255,0.03357259199992768,3.744482981999681,3.778055573999609,8,0.08461313351854344,0.16485795480353016,1.0,0.4359374977811415,0.34759447153311324,0.5533009924146737,0.3385083631905434
1000,1.0,1000,44,44,20,8,8,True,ok,selected_multi_metric_xb_worsening_patience,sample_select_full_fit,3.665734446000215,0.5958119480001187,0.0,0.030096324999931312,4.261546394000334,4.291642719000265,8,0.08834067499489058,0.1537649245463943,1.0,0.5254817456589531,0.46614415977010504,0.5740293962871296,0.35548352802582134
1000,1.0,1000,44,44,20,8,8,True,ok,selected_multi_metric_xb_worsening_patience,sample_select_project,3.665734446000215,0.0,0.0016261499999927764,0.03358621799998218,3.667360596000208,3.70094681400019,8,0.08834067499489058,0.15376492454639434,1.0,0.5254817456589531,0.46614415977010504,0.5740293962871296,0.35548352802582134
1000,1.0,1000,45,42,20,8,8,True,ok,selected_multi_metric_xb_worsening_patience,sample_select_full_fit,3.5319081319998986,0.5256021809998401,0.0,0.02961564899987934,4.057510312999739,4.087125961999618,8,0.08461313351854344,0.1648572987746459,1.0,0.4359374977811415,0.34759447153311324,0.5533009924146738,0.3385083631905434
1000,1.0,1000,45,42,20,8,8,True,ok,selected_multi_metric_xb_worsening_patience,sample_select_project,3.5319081319998986,0.0,0.0017292519999045908,0.02949365300014506,3.533637383999803,3.5631310369999483,8,0.08461313351854344,0.16485729877464578,1.0,0.4359374977811415,0.34759447153311324,0.5533009924146738,0.3385083631905434
1000,1.0,1000,45,43,20,8,8,True,ok,selected_multi_metric_xb_worsening_patience,sample_select_full_fit,4.043413069000053,0.6982651099999657,0.0,0.030134676999978183,4.741678179000019,4.771812855999997,8,0.08461313351854344,0.16485795480353005,1.0,0.4359374977811415,0.34759447153311324,0.5533009924146737,0.3385083631905434
1000,1.0,1000,45,43,20,8,8,True,ok,selected_multi_metric_xb_worsening_patience,sample_select_project,4.043413069000053,0.0,0.0015992300000107207,0.029517736999878252,4.045012299000064,4.074530035999942,8,0.08461313351854344,0.16485795480353016,1.0,0.4359374977811415,0.34759447153311324,0.5533009924146737,0.3385083631905434
1000,1.0,1000,45,44,20,8,8,True,ok,selected_multi_metric_xb_worsening_patience,sample_select_full_fit,3.588289720000148,0.6000571680001485,0.0,0.030465534000086336,4.1883468880002965,4.218812422000383,8,0.08834067499489058,0.1537649245463943,1.0,0.5254817456589531,0.46614415977010504,0.5740293962871296,0.35548352802582134
1000,1.0,1000,45,44,20,8,8,True,ok,selected_multi_metric_xb_worsening_patience,sample_select_project,3.588289720000148,0.0,0.001651035999884698,0.030103779999990365,3.5899407560000327,3.620044536000023,8,0.08834067499489058,0.15376492454639434,1.0,0.5254817456589531,0.46614415977010504,0.5740293962871296,0.35548352802582134
1000,1.0,1000,46,42,20,8,8,True,ok,selected_multi_metric_xb_worsening_patience,sample_select_full_fit,3.564087657000073,0.5610424359999797,0.0,0.028903111999852626,4.1251300930000525,4.154033204999905,8,0.08461313351854344,0.1648572987746459,1.0,0.4359374977811415,0.34759447153311324,0.5533009924146738,0.3385083631905434
1000,1.0,1000,46,42,20,8,8,True,ok,selected_multi_metric_xb_worsening_patience,sample_select_project,3.564087657000073,0.0,0.0016348760000255425,0.029774997000004078,3.5657225330000983,3.5954975300001024,8,0.08461313351854344,0.16485729877464578,1.0,0.4359374977811415,0.34759447153311324,0.5533009924146738,0.3385083631905434
1000,1.0,1000,46,43,20,8,8,True,ok,selected_multi_metric_xb_worsening_patience,sample_select_full_fit,3.828341566000063,0.6832566450000286,0.0,0.03446276099998613,4.511598211000091,4.5460609720000775,8,0.08461313351854344,0.16485795480353005,1.0,0.4359374977811415,0.34759447153311324,0.5533009924146737,0.3385083631905434
1000,1.0,1000,46,43,20,8,8,True,ok,selected_multi_metric_xb_worsening_patience,sample_select_project,3.828341566000063,0.0,0.002057112000102279,0.047497316999852046,3.830398678000165,3.877895995000017,8,0.08461313351854344,0.16485795480353016,1.0,0.4359374977811415,0.34759447153311324,0.5533009924146737,0.3385083631905434
1000,1.0,1000,46,44,20,8,8,True,ok,selected_multi_metric_xb_worsening_patience,sample_select_full_fit,3.5696198870000444,0.645379733000027,0.0,0.02990756400004102,4.2149996200000714,4.2449071840001125,8,0.08834067499489058,0.1537649245463943,1.0,0.5254817456589531,0.46614415977010504,0.5740293962871296,0.35548352802582134
1000,1.0,1000,46,44,20,8,8,True,ok,selected_multi_metric_xb_worsening_patience,sample_select_project,3.5696198870000444,0.0,0.001673358000061853,0.030943594000063968,3.5712932450001063,3.60223683900017,8,0.08834067499489058,0.15376492454639434,1.0,0.5254817456589531,0.46614415977010504,0.5740293962871296,0.35548352802582134
3000,1.0,3000,-1,42,20,5,5,True,ok,selected_multi_metric_xb_worsening_patience,full_selection,5.048856969999861,0.0,0.0,0.14719960499996887,5.048856969999861,5.1960565749998295,5,0.07538553368576033,0.19058253271372722,,0.4332672527307892,0.3899473746308265,0.4702082031225084,0.2404889443402375
3000,1.0,3000,-1,43,20,5,5,True,ok,selected_multi_metric_xb_worsening_patience,full_selection,4.430474242999935,0.0,0.0,0.14562876600007257,4.430474242999935,4.576103009000008,5,0.07538553368576033,0.19058275959951312,,0.43326725273078914,0.3899473746308265,0.4702082031225084,0.2404889443402375
3000,1.0,3000,-1,44,20,5,5,True,ok,selected_multi_metric_xb_worsening_patience,full_selection,5.296252557999878,0.0,0.0,0.14060108900002888,5.296252557999878,5.436853646999907,5,0.07538553368576033,0.1905825285231309,,0.43326725273078914,0.3899473746308265,0.4702082031225084,0.2404889443402375
3000,0.05,150,42,42,2,5,5,True,ok,selected_multi_metric_xb_worsening_patience,sample_select_full_fit,1.108521428999893,1.8799263610001162,0.0,0.160119123999948,2.9884477900000093,3.1485669139999573,5,0.07538553368576033,0.19058253271372722,1.0,0.4332672527307892,0.3899473746308265,0.4702082031225084,0.2404889443402375
3000,0.05,150,42,42,2,5,5,True,ok,selected_multi_metric_xb_worsening_patience,sample_select_project,1.108521428999893,0.0,0.0028527949998533586,0.15306670399991162,1.1113742239997464,1.264440927999658,5,0.06630245328141686,0.2596466785216558,0.44226597976434007,0.40693815042282244,0.3731479200847093,0.4474805123438968,0.22109508218915422
3000,0.05,150,42,43,2,5,5,True,ok,selected_multi_metric_xb_worsening_patience,sample_select_full_fit,1.0731284159999177,1.3974811079999654,0.0,0.17376192400001855,2.470609523999883,2.6443714479999016,5,0.07538553368576033,0.19058275959951312,1.0,0.43326725273078914,0.3899473746308265,0.4702082031225084,0.2404889443402375
3000,0.05,150,42,43,2,5,5,True,ok,selected_multi_metric_xb_worsening_patience,sample_select_project,1.0731284159999177,0.0,0.0026709160001701093,0.1820768190000308,1.0757993320000878,1.2578761510001186,5,0.06630245328141686,0.25964951554389387,0.44226597976434007,0.40693815042282244,0.3731479200847093,0.4474805123438968,0.22109508218915422
3000,0.05,150,42,44,2,5,5,True,ok,selected_multi_metric_xb_worsening_patience,sample_select_full_fit,1.2231220740000026,1.5982565229999182,0.0,0.1550605719999112,2.8213785969999208,2.976439168999832,5,0.07538553368576033,0.1905825285231309,1.0,0.43326725273078914,0.3899473746308265,0.4702082031225084,0.2404889443402375
3000,0.05,150,42,44,2,5,5,True,ok,selected_multi_metric_xb_worsening_patience,sample_select_project,1.2231220740000026,0.0,0.002498905000038576,0.15694036200011396,1.2256209790000412,1.3825613410001552,5,0.06623996674018313,0.25964052203271354,0.4417365805816375,0.40695936926209425,0.3731259491254265,0.4475149452018704,0.221095854924409
3000,0.05,150,43,42,2,5,8,False,ok,selected_multi_metric_xb_worsening_patience,sample_select_full_fit,1.477672843999926,1.4349208769999677,0.0,0.1681211129998701,2.9125937209998938,3.080714833999764,8,0.08656831238280177,0.16549053322397736,0.5594317013518385,0.4470512737181533,0.37974096062144,0.5351181780065039,0.32703532311908146
3000,0.05,150,43,42,2,5,8,False,ok,selected_multi_metric_xb_worsening_patience,sample_select_project,1.477672843999926,0.0,0.0025152660000458127,0.14270745299995724,1.4801881099999719,1.622895562999929,8,0.08130902755845915,0.16633658062994713,0.4440263823190188,0.42498228994305276,0.3493792208644901,0.5026469853445729,0.29536467187596854
3000,0.05,150,43,43,2,5,5,True,ok,selected_multi_metric_xb_worsening_patience,sample_select_full_fit,1.542545415999939,1.4378160799999478,0.0,0.154628202999902,2.9803614959998868,3.1349896989997887,5,0.07538553368576033,0.19058275959951312,1.0,0.43326725273078914,0.3899473746308265,0.4702082031225084,0.2404889443402375
3000,0.05,150,43,43,2,5,5,True,ok,selected_multi_metric_xb_worsening_patience,sample_select_project,1.542545415999939,0.0,0.002347834999909537,0.1446424890000344,1.5448932509998485,1.689535739999883,5,0.064368356081246,0.22519792269168645,0.5794703409871045,0.376254954909807,0.34013478269621494,0.4188388112853106,0.2114139634597597
3000,0.05,150,43,44,2,5,5,True,ok,selected_multi_metric_xb_worsening_patience,sample_select_full_fit,1.801034781999988,1.5821354279999014,0.0,0.19277681500011568,3.3831702099998893,3.575947025000005,5,0.07538553368576033,0.1905825285231309,1.0,0.43326725273078914,0.3899473746308265,0.4702082031225084,0.2404889443402375
3000,0.05,150,43,44,2,5,5,True,ok,selected_multi_metric_xb_worsening_patience,sample_select_project,1.801034781999988,0.0,0.0060264869998718495,0.15244078800014904,1.8070612689998597,1.9595020570000088,5,0.064368356081246,0.22519790070769746,0.5794703409871045,0.3762549549098071,0.34013478269621494,0.4188388112853106,0.2114139634597597
3000,0.05,150,44,42,2,5,5,True,ok,selected_multi_metric_xb_worsening_patience,sample_select_full_fit,1.8110793769999418,2.01135840500001,0.0,0.1512726720000046,3.8224377819999518,3.9737104539999564,5,0.07538553368576033,0.19058253271372722,1.0,0.4332672527307892,0.3899473746308265,0.4702082031225084,0.2404889443402375
3000,0.05,150,44,42,2,5,5,True,ok,selected_multi_metric_xb_worsening_patience,sample_select_project,1.8110793769999418,0.0,0.0023658789998535212,0.13939612600006512,1.8134452559997953,1.9528413819998605,5,0.0664286446566771,0.20499838564727557,0.4897290355536887,0.4023590231376879,0.34316366895930767,0.42392346792821745,0.21560891052267697
3000,0.05,150,44,43,2,5,5,True,ok,selected_multi_metric_xb_worsening_patience,sample_select_full_fit,1.799678135000022,1.2674301310000828,0.0,0.18981721799991647,3.0671082660001048,3.2569254840000212,5,0.07538553368576033,0.19058275959951312,1.0,0.43326725273078914,0.3899473746308265,0.4702082031225084,0.2404889443402375
3000,0.05,150,44,43,2,5,5,True,ok,selected_multi_metric_xb_worsening_patience,sample_select_project,1.799678135000022,0.0,0.0028530350000437465,0.1450565899999674,1.8025311700000657,1.947587760000033,5,0.0664286446566771,0.2049983971399398,0.4897290355536887,0.40235902313768784,0.34316366895930767,0.42392346792821745,0.21560891052267697
3000,0.05,150,44,44,2,5,5,True,ok,selected_multi_metric_xb_worsening_patience,sample_select_full_fit,1.6668640230000165,1.498599934999902,0.0,0.15462657300008686,3.1654639579999184,3.3200905310000053,5,0.07538553368576033,0.1905825285231309,1.0,0.43326725273078914,0.3899473746308265,0.4702082031225084,0.2404889443402375
3000,0.05,150,44,44,2,5,5,True,ok,selected_multi_metric_xb_worsening_patience,sample_select_project,1.6668640230000165,0.0,0.0024361689997931535,0.1452572919999966,1.6693001919998096,1.8145574839998062,5,0.0664286446566771,0.2049980986415211,0.4897290355536887,0.40235902313768784,0.34316366895930767,0.42392346792821745,0.21560891052267697
3000,0.05,150,45,42,2,5,6,False,ok,selected_multi_metric_xb_worsening_patience,sample_select_full_fit,1.305795734999947,1.7091601089998676,0.0,0.16507595000007314,3.0149558439998145,3.1800317939998877,6,0.08517183205424729,0.16567831091348298,0.7418723747898791,0.49947281974205476,0.4517391671637944,0.5275680286131235,0.2972710875893922
3000,0.05,150,45,42,2,5,6,False,ok,selected_multi_metric_xb_worsening_patience,sample_select_project,1.305795734999947,0.0,0.0030609430000367865,0.13839368599997215,1.3088566779999837,1.4472503639999559,6,0.05604715506512878,0.22103572968804636,0.42318643708057224,0.2982975216212011,0.2416593690258766,0.39883664858305495,0.19226849934469195
3000,0.05,150,45,43,2,5,6,False,ok,selected_multi_metric_xb_worsening_patience,sample_select_full_fit,1.3222077010000248,1.6984902829999555,0.0,0.16571721299987985,3.0206979839999804,3.18641519699986,6,0.08517183205424729,0.16567831143478082,0.7418723747898791,0.4994728197420548,0.4517391671637944,0.5275680286131235,0.2972710875893922
3000,0.05,150,45,43,2,5,6,False,ok,selected_multi_metric_xb_worsening_patience,sample_select_project,1.3222077010000248,0.0,0.002557525000156602,0.16144114000007903,1.3247652260001814,1.4862063660002605,6,0.06768507380131569,0.2255988989075586,0.5821797913604463,0.4037105693756026,0.37182018590624194,0.43754258445092314,0.2316556444740088
3000,0.05,150,45,44,2,5,6,False,ok,selected_multi_metric_xb_worsening_patience,sample_select_full_fit,1.2712839820001136,1.6448764279998613,0.0,0.15971350600011647,2.916160409999975,3.0758739160000914,6,0.08517183205424729,0.1656784868663497,0.7418723747898791,0.49947281974205476,0.4517391671637944,0.5275680286131235,0.2972710875893922
3000,0.05,150,45,44,2,5,6,False,ok,selected_multi_metric_xb_worsening_patience,sample_select_project,1.2712839820001136,0.0,0.002646951000087938,0.14214862399990125,1.2739309330002015,1.4160795570001028,6,0.05604715506512878,0.22103573825359035,0.42318643708057224,0.2982975216212011,0.2416593690258766,0.39883664858305495,0.19226849934469195
3000,0.05,150,46,42,2,5,3,False,ok,selected_multi_metric_xb_worsening_patience,sample_select_full_fit,0.7751269010000215,1.1725278270000672,0.0,0.15385268800014273,1.9476547280000887,2.1015074160002314,3,0.055381140548694766,0.2399526902390058,0.4837750458023461,0.2809814885542243,0.2149509186907002,0.3217582724330879,0.11952463430823303
3000,0.05,150,46,42,2,5,3,False,ok,selected_multi_metric_xb_worsening_patience,sample_select_project,0.7751269010000215,0.0,0.0027631279999695835,0.14380979700013086,0.777890028999991,0.9216998260001219,3,0.04485177064033695,0.3431173131544461,0.2998661799167306,0.2101906079657269,0.1631111117630384,0.29099200860592156,0.11365015617076224
3000,0.05,150,46,43,2,5,3,False,ok,selected_multi_metric_xb_worsening_patience,sample_select_full_fit,0.7286047780000899,1.1194261069999811,0.0,0.19332655500011242,1.848030885000071,2.0413574400001835,3,0.055381140548694766,0.23995229234820276,0.4837750458023461,0.2809814885542243,0.2149509186907002,0.3217582724330879,0.11952463430823303
3000,0.05,150,46,43,2,5,3,False,ok,selected_multi_metric_xb_worsening_patience,sample_select_project,0.7286047780000899,0.0,0.002467136000177561,0.1745453250000537,0.7310719140002675,0.9056172390003212,3,0.04485177064033695,0.343117354412662,0.2998661799167306,0.2101906079657269,0.1631111117630384,0.29099200860592156,0.11365015617076224
3000,0.05,150,46,44,2,5,3,False,ok,selected_multi_metric_xb_worsening_patience,sample_select_full_fit,0.6882768860000397,1.2528661630001352,0.0,0.15636143300002914,1.9411430490001749,2.097504482000204,3,0.055381140548694766,0.23995266952918526,0.4837750458023461,0.2809814885542243,0.2149509186907002,0.3217582724330879,0.11952463430823303
3000,0.05,150,46,44,2,5,3,False,ok,selected_multi_metric_xb_worsening_patience,sample_select_project,0.6882768860000397,0.0,0.0023275769999600016,0.13874956800009386,0.6906044629999997,0.8293540310000935,3,0.04485177064033695,0.34311865296969823,0.2998661799167306,0.2101906079657269,0.1631111117630384,0.29099200860592156,0.11365015617076224
3000,0.1,300,42,42,2,5,4,False,ok,selected_multi_metric_xb_worsening_patience,sample_select_full_fit,2.360176005999847,1.1320983479999995,0.0,0.1865138030000253,3.4922743539998464,3.6787881569998717,4,0.06340489304656101,0.21406941646825,0.6797630639801799,0.3584858258665519,0.3031657250335162,0.38904680225540045,0.17309745420683148
3000,0.1,300,42,42,2,5,4,False,ok,selected_multi_metric_xb_worsening_patience,sample_select_project,2.360176005999847,0.0,0.00235852400010117,0.15996763899988764,2.362534529999948,2.5225021689998357,4,0.055300953375809,0.23695076160213183,0.29602261522195633,0.32518097105000127,0.27709984678207983,0.3769013669135233,0.16597082194924095
3000,0.1,300,42,43,2,5,4,False,ok,selected_multi_metric_xb_worsening_patience,sample_select_full_fit,2.1336698689999594,1.0276103470000635,0.0,0.15214877400012483,3.161280216000023,3.3134289900001477,4,0.06340489304656101,0.21407013962085514,0.6797630639801799,0.3584858258665519,0.3031657250335162,0.3890468022554004,0.17309745420683148
3000,0.1,300,42,43,2,5,4,False,ok,selected_multi_metric_xb_worsening_patience,sample_select_project,2.1336698689999594,0.0,0.002335551999976815,0.19911030299999766,2.136005420999936,2.335115723999934,4,0.055300953375809,0.23695039501670553,0.29602261522195633,0.32518097105000127,0.27709984678207983,0.3769013669135233,0.16597082194924095
3000,0.1,300,42,44,2,5,4,False,ok,selected_multi_metric_xb_worsening_patience,sample_select_full_fit,2.5876135360001626,1.276329971999985,0.0,0.17752650099987477,3.8639435080001476,4.041470009000022,4,0.06340489304656101,0.21407012998912175,0.6797630639801799,0.3584858258665519,0.3031657250335162,0.38904680225540045,0.17309745420683148
3000,0.1,300,42,44,2,5,4,False,ok,selected_multi_metric_xb_worsening_patience,sample_select_project,2.5876135360001626,0.0,0.002416362000076333,0.14564554399998997,2.590029898000239,2.735675442000229,4,0.055300953375809,0.23695078066126887,0.29602261522195633,0.32518097105000127,0.27709984678207983,0.3769013669135233,0.16597082194924095
3000,0.1,300,43,42,2,5,7,False,ok,selected_multi_metric_xb_worsening_patience,sample_select_full_fit,2.0370271810002123,1.2771039229999133,0.0,0.15169978899984926,3.3141311040001256,3.465830892999975,7,0.08262870147460069,0.18880018697806392,0.6231623221988366,0.46475595225204247,0.4085543730676596,0.5203314393651605,0.3077559915296877
3000,0.1,300,43,42,2,5,7,False,ok,selected_multi_metric_xb_worsening_patience,sample_select_project,2.0370271810002123,0.0,0.002533960999926421,0.1445829669999057,2.0395611420001387,2.1841441090000444,7,0.08350773901798093,0.1648937046494654,0.5490712652259265,0.43823623525523997,0.380008949186746,0.5092136605769068,0.3004984233609609
3000,0.1,300,43,43,2,5,7,False,ok,selected_multi_metric_xb_worsening_patience,sample_select_full_fit,1.7966958160000104,1.6925567949999731,0.0,0.15149721900002078,3.4892526109999835,3.6407498300000043,7,0.08262870147460069,0.18880008453080227,0.6231623221988366,0.4647559522520424,0.4085543730676596,0.5203314393651606,0.3077559915296877
3000,0.1,300,43,43,2,5,7,False,ok,selected_multi_metric_xb_worsening_patience,sample_select_project,1.7966958160000104,0.0,0.002663362000021152,0.17316996099998505,1.7993591780000315,1.9725291390000166,7,0.08350773901798093,0.1648937174158841,0.5490712652259265,0.43823623525523997,0.380008949186746,0.5092136605769069,0.3004984233609609
3000,0.1,300,43,44,2,5,7,False,ok,selected_multi_metric_xb_worsening_patience,sample_select_full_fit,2.0466378400001304,1.5578245550000247,0.0,0.15266208000002734,3.604462395000155,3.7571244750001824,7,0.08262870147460069,0.18880007909732638,0.6231623221988366,0.46475595225204247,0.4085543730676596,0.5203314393651607,0.3077559915296877
3000,0.1,300,43,44,2,5,7,False,ok,selected_multi_metric_xb_worsening_patience,sample_select_project,2.0466378400001304,0.0,0.002532257999973808,0.14945413300006294,2.049170098000104,2.198624231000167,7,0.08350773901798093,0.16489372488439058,0.5490712652259265,0.4382362352552399,0.380008949186746,0.5092136605769068,0.3004984233609609
3000,0.1,300,44,42,2,5,6,False,ok,selected_multi_metric_xb_worsening_patience,sample_select_full_fit,1.7251305979998506,1.5822993740000584,0.0,0.16367950099993323,3.307429971999909,3.471109472999842,6,0.08517183205424729,0.16567831091348298,0.7418723747898791,0.49947281974205476,0.4517391671637944,0.5275680286131235,0.2972710875893922
3000,0.1,300,44,42,2,5,6,False,ok,selected_multi_metric_xb_worsening_patience,sample_select_project,1.7251305979998506,0.0,0.0033358250000219414,0.13778077400002076,1.7284664229998725,1.8662471969998933,6,0.07986021803947342,0.16010285763101137,0.6189917094877055,0.4351947922641824,0.3891072315222558,0.4933151235905341,0.27793396306717155
3000,0.1,300,44,43,2,5,7,False,ok,selected_multi_metric_xb_worsening_patience,sample_select_full_fit,1.6791057119999095,1.4979742390000865,0.0,0.1915598980001505,3.177079950999996,3.3686398490001466,7,0.08262870147460069,0.18880008453080227,0.6231623221988366,0.4647559522520424,0.4085543730676596,0.5203314393651606,0.3077559915296877
3000,0.1,300,44,43,2,5,7,False,ok,selected_multi_metric_xb_worsening_patience,sample_select_project,1.6791057119999095,0.0,0.0025094049999552226,0.13791107599990937,1.6816151169998648,1.8195261929997741,7,0.08430848473154304,0.13717550914426577,0.542011497931576,0.438385644893193,0.373291017477588,0.5260865458452075,0.31021897952589733
3000,0.1,300,44,44,2,5,5,True,ok,selected_multi_metric_xb_worsening_patience,sample_select_full_fit,1.4523477250002088,1.6916980159999184,0.0,0.17763585400007287,3.1440457410001272,3.3216815950002,5,0.07538553368576033,0.1905825285231309,1.0,0.43326725273078914,0.3899473746308265,0.4702082031225084,0.2404889443402375
3000,0.1,300,44,44,2,5,5,True,ok,selected_multi_metric_xb_worsening_patience,sample_select_project,1.4523477250002088,0.0,0.002472887999829254,0.14426106799987792,1.454820613000038,1.599081680999916,5,0.06408823943559537,0.18873976783003876,0.5311373715048746,0.34583492313388037,0.28903202696374003,0.40883715048655295,0.20745835672836677
3000,0.1,300,45,42,2,5,4,False,ok,selected_multi_metric_xb_worsening_patience,sample_select_full_fit,0.9118891640000584,1.0499229189999824,0.0,0.15344007199996668,1.9618120830000407,2.1152521550000074,4,0.06340489304656101,0.21406941646825,0.6797630639801799,0.3584858258665519,0.3031657250335162,0.38904680225540045,0.17309745420683148
3000,0.1,300,45,42,2,5,4,False,ok,selected_multi_metric_xb_worsening_patience,sample_select_project,0.9118891640000584,0.0,0.0023092630001428915,0.14668585300000814,0.9141984270002013,1.0608842800002094,4,0.06119409909392019,0.22715632044117084,0.5964194005847967,0.3364517434241964,0.285501917458538,0.38428395367370827,0.17026096049160871
3000,0.1,300,45,43,2,5,4,False,ok,selected_multi_metric_xb_worsening_patience,sample_select_full_fit,0.8402689010001723,1.238805272000036,0.0,0.1792558019999433,2.0790741730002082,2.2583299750001515,4,0.06340489304656101,0.21407013962085514,0.6797630639801799,0.3584858258665519,0.3031657250335162,0.3890468022554004,0.17309745420683148
3000,0.1,300,45,43,2,5,4,False,ok,selected_multi_metric_xb_worsening_patience,sample_select_project,0.8402689010001723,0.0,0.004664457999979277,0.17841577700005473,0.8449333590001515,1.0233491360002063,4,0.06119409909392019,0.22715640818051852,0.5964194005847967,0.3364517434241965,0.285501917458538,0.38428395367370827,0.17026096049160871
3000,0.1,300,45,44,2,5,5,True,ok,selected_multi_metric_xb_worsening_patience,sample_select_full_fit,0.8564707990001352,1.8768496190000405,0.0,0.14982076899991625,2.7333204180001758,2.883141187000092,5,0.07538553368576033,0.1905825285231309,1.0,0.43326725273078914,0.3899473746308265,0.4702082031225084,0.2404889443402375
3000,0.1,300,45,44,2,5,5,True,ok,selected_multi_metric_xb_worsening_patience,sample_select_project,0.8564707990001352,0.0,0.002605844999834517,0.14102665800010072,0.8590766439999697,1.0001033020000705,5,0.06270029228521949,0.27271980944494895,0.5728714351234844,0.32361868955893075,0.287173976035495,0.37021526001567195,0.17681744825242832
3000,0.1,300,46,42,2,5,4,False,ok,selected_multi_metric_xb_worsening_patience,sample_select_full_fit,1.2869624390000354,1.1133608769998773,0.0,0.19867257700002483,2.4003233159999127,2.5989958929999375,4,0.06340489304656101,0.21406941646825,0.6797630639801799,0.3584858258665519,0.3031657250335162,0.38904680225540045,0.17309745420683148
3000,0.1,300,46,42,2,5,4,False,ok,selected_multi_metric_xb_worsening_patience,sample_select_project,1.2869624390000354,0.0,0.002362321000191514,0.17161923399999068,1.2893247600002269,1.4609439940002176,4,0.06028737790506045,0.266335428211371,0.5730198484980812,0.3272515931221167,0.26989872750696,0.4163119797229722,0.18527766205351578
3000,0.1,300,46,43,2,5,4,False,ok,selected_multi_metric_xb_worsening_patience,sample_select_full_fit,1.3315830710000682,1.0551312430000053,0.0,0.15802264599983573,2.3867143140000735,2.5447369599999092,4,0.06340489304656101,0.21407013962085514,0.6797630639801799,0.3584858258665519,0.3031657250335162,0.3890468022554004,0.17309745420683148
3000,0.1,300,46,43,2,5,4,False,ok,selected_multi_metric_xb_worsening_patience,sample_select_project,1.3315830710000682,0.0,0.0023353519998181582,0.1428681840000081,1.3339184229998864,1.4767866069998945,4,0.06028737790506045,0.266339150178959,0.5730198484980812,0.3272515931221167,0.26989872750696,0.4163119797229722,0.18527766205351578
3000,0.1,300,46,44,2,5,4,False,ok,selected_multi_metric_xb_worsening_patience,sample_select_full_fit,1.438998187000152,1.443341023999892,0.0,0.15588178000007247,2.882339211000044,3.0382209910001166,4,0.06340489304656101,0.21407012998912175,0.6797630639801799,0.3584858258665519,0.3031657250335162,0.38904680225540045,0.17309745420683148
3000,0.1,300,46,44,2,5,4,False,ok,selected_multi_metric_xb_worsening_patience,sample_select_project,1.438998187000152,0.0,0.0023023389999252686,0.1467555080000693,1.4413005260000773,1.5880560340001466,4,0.06028737790506045,0.26633550559700075,0.5730198484980812,0.3272515931221167,0.26989872750696,0.4163119797229722,0.18527766205351578
3000,0.15,450,42,42,3,5,5,True,ok,selected_multi_metric_xb_worsening_patience,sample_select_full_fit,1.1726714369999627,1.7210537890000523,0.0,0.20148785199990016,2.893725226000015,3.095213077999915,5,0.07538553368576033,0.19058253271372722,1.0,0.4332672527307892,0.3899473746308265,0.4702082031225084,0.2404889443402375
3000,0.15,450,42,42,3,5,5,True,ok,selected_multi_metric_xb_worsening_patience,sample_select_project,1.1726714369999627,0.0,0.0023583540000799985,0.16183747900004164,1.1750297910000427,1.3368672700000843,5,0.07042693250860416,0.18699266059543385,0.39105511690151606,0.4273757205966084,0.3780210173109065,0.4676930350471711,0.2290241381578009
3000,0.15,450,42,43,3,5,5,True,ok,selected_multi_metric_xb_worsening_patience,sample_select_full_fit,1.0492607230000885,1.1360478070000681,0.0,0.15570353700013584,2.1853085300001567,2.3410120670002925,5,0.07538553368576033,0.19058275959951312,1.0,0.43326725273078914,0.3899473746308265,0.4702082031225084,0.2404889443402375
3000,0.15,450,42,43,3,5,5,True,ok,selected_multi_metric_xb_worsening_patience,sample_select_project,1.0492607230000885,0.0,0.0061894049999864365,0.1943202879999717,1.055450128000075,1.2497704160000467,5,0.07042693250860416,0.18699284331662716,0.39105511690151606,0.4273757205966084,0.3780210173109065,0.46769303504717097,0.2290241381578009
3000,0.15,450,42,44,3,5,5,True,ok,selected_multi_metric_xb_worsening_patience,sample_select_full_fit,1.0907680310001524,1.9079279579998456,0.0,0.15613380600007076,2.998695988999998,3.1548297950000688,5,0.07538553368576033,0.1905825285231309,1.0,0.43326725273078914,0.3899473746308265,0.4702082031225084,0.2404889443402375
3000,0.15,450,42,44,3,5,5,True,ok,selected_multi_metric_xb_worsening_patience,sample_select_project,1.0907680310001524,0.0,0.0024384630000895413,0.14666840500012768,1.093206494000242,1.2398748990003696,5,0.07042693250860416,0.18699249455844705,0.39105511690151606,0.4273757205966084,0.3780210173109065,0.4676930350471711,0.2290241381578009
3000,0.15,450,43,42,3,5,6,False,ok,selected_multi_metric_xb_worsening_patience,sample_select_full_fit,2.512624103999997,1.686312512000086,0.0,0.1566431300000204,4.198936616000083,4.355579746000103,6,0.08517183205424729,0.16567831091348298,0.7418723747898791,0.49947281974205476,0.4517391671637944,0.5275680286131235,0.2972710875893922
3000,0.15,450,43,42,3,5,6,False,ok,selected_multi_metric_xb_worsening_patience,sample_select_project,2.512624103999997,0.0,0.00930735200017807,0.1830722209999749,2.521931456000175,2.7050036770001498,6,0.07910826040264365,0.18127514684826662,0.5419738692374633,0.456327479855509,0.4109237501985414,0.49002840533624087,0.2701922613204704
3000,0.15,450,43,43,3,5,6,False,ok,selected_multi_metric_xb_worsening_patience,sample_select_full_fit,2.3763295310000103,1.8851077570000143,0.0,0.1553916059999665,4.261437288000025,4.416828893999991,6,0.08517183205424729,0.16567831143478082,0.7418723747898791,0.4994728197420548,0.4517391671637944,0.5275680286131235,0.2972710875893922
3000,0.15,450,43,43,3,5,6,False,ok,selected_multi_metric_xb_worsening_patience,sample_select_project,2.3763295310000103,0.0,0.0024365599999782717,0.1398305549998895,2.3787660909999886,2.518596645999878,6,0.07910826040264365,0.18127513293325329,0.5419738692374633,0.45632747985550903,0.4109237501985414,0.49002840533624087,0.2701922613204704
3000,0.15,450,43,44,3,5,6,False,ok,selected_multi_metric_xb_worsening_patience,sample_select_full_fit,2.4067298449999726,1.63478137900006,0.0,0.1733319400000255,4.041511224000033,4.214843164000058,6,0.08517183205424729,0.1656784868663497,0.7418723747898791,0.49947281974205476,0.4517391671637944,0.5275680286131235,0.2972710875893922
3000,0.15,450,43,44,3,5,6,False,ok,selected_multi_metric_xb_worsening_patience,sample_select_project,2.4067298449999726,0.0,0.002395663000015702,0.20579067199992096,2.4091255079999883,2.614916179999909,6,0.07910826040264365,0.1812751717544864,0.5419738692374633,0.456327479855509,0.4109237501985414,0.49002840533624087,0.2701922613204704
3000,0.15,450,44,42,3,5,5,True,ok,selected_multi_metric_xb_worsening_patience,sample_select_full_fit,0.8702454529998249,1.6000793110001723,0.0,0.17569029399987812,2.4703247639999972,2.6460150579998754,5,0.07538553368576033,0.19058253271372722,1.0,0.4332672527307892,0.3899473746308265,0.4702082031225084,0.2404889443402375
3000,0.15,450,44,42,3,5,5,True,ok,selected_multi_metric_xb_worsening_patience,sample_select_project,0.8702454529998249,0.0,0.003217926000161242,0.14416430000005676,0.8734633789999862,1.017627679000043,5,0.06343665196064603,0.19247694633356832,0.5084081188064139,0.3773300876587357,0.3219715384331219,0.42283804430168953,0.2141324447661933
3000,0.15,450,44,43,3,5,5,True,ok,selected_multi_metric_xb_worsening_patience,sample_select_full_fit,0.847053097999833,1.6532356620000428,0.0,0.1489795889999641,2.5002887599998758,2.64926834899984,5,0.07538553368576033,0.19058275959951312,1.0,0.43326725273078914,0.3899473746308265,0.4702082031225084,0.2404889443402375
3000,0.15,450,44,43,3,5,5,True,ok,selected_multi_metric_xb_worsening_patience,sample_select_project,0.847053097999833,0.0,0.002654949000088891,0.1484970900000917,0.8497080469999219,0.9982051370000136,5,0.06343665196064603,0.1924768553336659,0.5084081188064139,0.3773300876587357,0.3219715384331219,0.4228380443016894,0.2141324447661933
3000,0.15,450,44,44,3,5,5,True,ok,selected_multi_metric_xb_worsening_patience,sample_select_full_fit,0.8575575229999686,1.627209910999909,0.0,0.16175535299998955,2.4847674339998775,2.646522786999867,5,0.07538553368576033,0.1905825285231309,1.0,0.43326725273078914,0.3899473746308265,0.4702082031225084,0.2404889443402375
3000,0.15,450,44,44,3,5,5,True,ok,selected_multi_metric_xb_worsening_patience,sample_select_project,0.8575575229999686,0.0,0.002448422000043138,0.156845131999944,0.8600059450000117,1.0168510769999557,5,0.06343665196064603,0.19247696851999094,0.5084081188064139,0.3773300876587357,0.3219715384331219,0.4228380443016895,0.2141324447661933
3000,0.15,450,45,42,3,5,5,True,ok,selected_multi_metric_xb_worsening_patience,sample_select_full_fit,1.0245846290001737,2.03858405699998,0.0,0.15169938400003957,3.0631686860001537,3.2148680700001933,5,0.07538553368576033,0.19058253271372722,1.0,0.4332672527307892,0.3899473746308265,0.4702082031225084,0.2404889443402375
3000,0.15,450,45,42,3,5,5,True,ok,selected_multi_metric_xb_worsening_patience,sample_select_project,1.0245846290001737,0.0,0.002496882000059486,0.14433787300004042,1.0270815110002331,1.1714193840002736,5,0.07131187882039841,0.186457437050277,0.4193856775004342,0.41345231505238506,0.35815842692350963,0.4555520207109194,0.22740449454560147
3000,0.15,450,45,43,3,5,5,True,ok,selected_multi_metric_xb_worsening_patience,sample_select_full_fit,1.0644159220000802,1.1830907570001727,0.0,0.17839842300008968,2.247506679000253,2.4259051020003426,5,0.07538553368576033,0.19058275959951312,1.0,0.43326725273078914,0.3899473746308265,0.4702082031225084,0.2404889443402375
3000,0.15,450,45,43,3,5,5,True,ok,selected_multi_metric_xb_worsening_patience,sample_select_project,1.0644159220000802,0.0,0.002359867999984999,0.1438784150000174,1.0667757900000652,1.2106542050000826,5,0.07131187882039841,0.18645745097074398,0.4193856775004342,0.41345231505238506,0.35815842692350963,0.45555202071091927,0.22740449454560147
3000,0.15,450,45,44,3,5,5,True,ok,selected_multi_metric_xb_worsening_patience,sample_select_full_fit,1.3194734989999688,1.8381316919999335,0.0,0.15147377399989637,3.1576051909999023,3.3090789649997987,5,0.07538553368576033,0.1905825285231309,1.0,0.43326725273078914,0.3899473746308265,0.4702082031225084,0.2404889443402375
3000,0.15,450,45,44,3,5,5,True,ok,selected_multi_metric_xb_worsening_patience,sample_select_project,1.3194734989999688,0.0,0.0023605679998581763,0.1564383090001229,1.321834066999827,1.4782723759999499,5,0.07131187882039841,0.18645744174861925,0.4193856775004342,0.41345231505238517,0.35815842692350963,0.45555202071091927,0.22740449454560147
3000,0.15,450,46,42,3,5,5,True,ok,selected_multi_metric_xb_worsening_patience,sample_select_full_fit,2.0661613669999497,1.940006325000013,0.0,0.16997814599994854,4.006167691999963,4.176145837999911,5,0.07538553368576033,0.19058253271372722,1.0,0.4332672527307892,0.3899473746308265,0.4702082031225084,0.2404889443402375
3000,0.15,450,46,42,3,5,5,True,ok,selected_multi_metric_xb_worsening_patience,sample_select_project,2.0661613669999497,0.0,0.0024123250000229746,0.1471974759999739,2.0685736919999727,2.2157711679999466,5,0.074127923013159,0.1973878128824249,0.6661637435668398,0.4321441085367429,0.3826943940290252,0.48269388292094373,0.24505056871473183
3000,0.15,450,46,43,3,5,7,False,ok,selected_multi_metric_xb_worsening_patience,sample_select_full_fit,2.0944778430000497,1.6042476780000925,0.0,0.15482944100017448,3.698725521000142,3.8535549620003167,7,0.08262870147460069,0.18880008453080227,0.6231623221988366,0.4647559522520424,0.4085543730676596,0.5203314393651606,0.3077559915296877
3000,0.15,450,46,43,3,5,7,False,ok,selected_multi_metric_xb_worsening_patience,sample_select_project,2.0944778430000497,0.0,0.002518082000051436,0.14336721199993008,2.096995925000101,2.240363137000031,7,0.07971881059857348,0.2940014610321651,0.47054744790123987,0.46053118635169993,0.40045066328010315,0.5277437044422032,0.3134551491636357
3000,0.15,450,46,44,3,5,8,False,ok,selected_multi_metric_xb_worsening_patience,sample_select_full_fit,2.130016431000058,1.137031449999995,0.0,0.17520384999988892,3.267047881000053,3.442251730999942,8,0.08656831238280177,0.1654905405774393,0.5594317013518385,0.4470512737181533,0.37974096062144,0.5351181780065039,0.32703532311908146
3000,0.15,450,46,44,3,5,8,False,ok,selected_multi_metric_xb_worsening_patience,sample_select_project,2.130016431000058,0.0,0.002991854999891075,0.1441095850000238,2.1330082859999493,2.277117870999973,8,0.0785298091457124,0.2697911450033938,0.414323537320978,0.4516997508624608,0.37114661234560486,0.5513729722665082,0.3394154639153884
3000,0.2,600,42,42,4,5,5,True,ok,selected_multi_metric_xb_worsening_patience,sample_select_full_fit,1.050845517000198,1.8882450850001078,0.0,0.16669666699999652,2.939090602000306,3.1057872690003023,5,0.07538553368576033,0.19058253271372722,1.0,0.4332672527307892,0.3899473746308265,0.4702082031225084,0.2404889443402375
3000,0.2,600,42,42,4,5,5,True,ok,selected_multi_metric_xb_worsening_patience,sample_select_project,1.050845517000198,0.0,0.0025005390000387706,0.14899586899991846,1.0533460560002368,1.2023419250001552,5,0.07238730904664917,0.18139190698115654,0.4057307557539472,0.44446590939284464,0.39487562788784886,0.4748545926277642,0.23234460761214745
3000,0.2,600,42,43,4,5,5,True,ok,selected_multi_metric_xb_worsening_patience,sample_select_full_fit,1.011951301999943,1.5945428439999887,0.0,0.17481862199997522,2.606494145999932,2.781312767999907,5,0.07538553368576033,0.19058275959951312,1.0,0.43326725273078914,0.3899473746308265,0.4702082031225084,0.2404889443402375
3000,0.2,600,42,43,4,5,5,True,ok,selected_multi_metric_xb_worsening_patience,sample_select_project,1.011951301999943,0.0,0.002337776000103986,0.1743306930000017,1.014289078000047,1.1886197710000488,5,0.07238730904664917,0.18139188098184336,0.4057307557539472,0.4444659093928445,0.39487562788784886,0.4748545926277641,0.23234460761214745
3000,0.2,600,42,44,4,5,5,True,ok,selected_multi_metric_xb_worsening_patience,sample_select_full_fit,1.1335737179999796,1.8253321540000798,0.0,0.16223607599999923,2.9589058720000594,3.1211419480000586,5,0.07538553368576033,0.1905825285231309,1.0,0.43326725273078914,0.3899473746308265,0.4702082031225084,0.2404889443402375
3000,0.2,600,42,44,4,5,5,True,ok,selected_multi_metric_xb_worsening_patience,sample_select_project,1.1335737179999796,0.0,0.003499790999967445,0.14725749300009738,1.137073508999947,1.2843310020000445,5,0.07238730904664917,0.18138937786403314,0.4057307557539472,0.4444659093928446,0.39487562788784886,0.4748545926277641,0.23234460761214745
3000,0.2,600,43,42,4,5,6,False,ok,selected_multi_metric_xb_worsening_patience,sample_select_full_fit,2.3900855829999728,1.707864094000115,0.0,0.14039735799997288,4.097949677000088,4.238347035000061,6,0.08517183205424729,0.16567831091348298,0.7418723747898791,0.49947281974205476,0.4517391671637944,0.5275680286131235,0.2972710875893922
3000,0.2,600,43,42,4,5,6,False,ok,selected_multi_metric_xb_worsening_patience,sample_select_project,2.3900855829999728,0.0,0.0024119239999436104,0.16593072500018025,2.3924975069999164,2.5584282320000966,6,0.07927248405482805,0.16624467521930528,0.5590135953122565,0.46067156874874415,0.4166870137392519,0.4920701857462389,0.273059541539247
3000,0.2,600,43,43,4,5,7,False,ok,selected_multi_metric_xb_worsening_patience,sample_select_full_fit,2.168586733999973,1.4037212789999103,0.0,0.1464672760000667,3.5723080129998834,3.71877528899995,7,0.08262870147460069,0.18880008453080227,0.6231623221988366,0.4647559522520424,0.4085543730676596,0.5203314393651606,0.3077559915296877
3000,0.2,600,43,43,4,5,7,False,ok,selected_multi_metric_xb_worsening_patience,sample_select_project,2.168586733999973,0.0,0.004535399999895162,0.15048354200007452,2.1731221339998683,2.323605675999943,7,0.0830967669151882,0.14422243081968736,0.5517690968458987,0.44296271167898327,0.38245836757579504,0.5112587309122814,0.3008945203881615
3000,0.2,600,43,44,4,5,6,False,ok,selected_multi_metric_xb_worsening_patience,sample_select_full_fit,2.3427468209999915,1.5445854570000392,0.0,0.15942396800005554,3.887332278000031,4.046756246000086,6,0.08517183205424729,0.1656784868663497,0.7418723747898791,0.49947281974205476,0.4517391671637944,0.5275680286131235,0.2972710875893922
3000,0.2,600,43,44,4,5,6,False,ok,selected_multi_metric_xb_worsening_patience,sample_select_project,2.3427468209999915,0.0,0.002385433999961606,0.14343758399991202,2.345132254999953,2.488569838999865,6,0.07927248405482805,0.16624463895176153,0.5590135953122565,0.4606715687487442,0.4166870137392519,0.4920701857462389,0.273059541539247
3000,0.2,600,44,42,4,5,5,True,ok,selected_multi_metric_xb_worsening_patience,sample_select_full_fit,1.120497683999929,1.8030840809999518,0.0,0.26614846100005707,2.9235817649998808,3.189730225999938,5,0.07538553368576033,0.19058253271372722,1.0,0.4332672527307892,0.3899473746308265,0.4702082031225084,0.2404889443402375
3000,0.2,600,44,42,4,5,5,True,ok,selected_multi_metric_xb_worsening_patience,sample_select_project,1.120497683999929,0.0,0.002580478000027142,0.1593840140001248,1.1230781619999561,1.282462176000081,5,0.06426708264653472,0.1922469255749753,0.5099190142680451,0.3873033957307284,0.3323191663586347,0.4265913719905611,0.21675208771787147
3000,0.2,600,44,43,4,5,5,True,ok,selected_multi_metric_xb_worsening_patience,sample_select_full_fit,1.1426175399999465,1.2190181759999632,0.0,0.1789765589999206,2.3616357159999097,2.5406122749998303,5,0.07538553368576033,0.19058275959951312,1.0,0.43326725273078914,0.3899473746308265,0.4702082031225084,0.2404889443402375
3000,0.2,600,44,43,4,5,5,True,ok,selected_multi_metric_xb_worsening_patience,sample_select_project,1.1426175399999465,0.0,0.002888843000164343,0.1495095160000801,1.1455063830001109,1.295015899000191,5,0.06426708264653472,0.19224693472694823,0.5099190142680451,0.38730339573072825,0.3323191663586347,0.4265913719905611,0.21675208771787147
3000,0.2,600,44,44,4,5,5,True,ok,selected_multi_metric_xb_worsening_patience,sample_select_full_fit,1.1347031819998392,1.6364862350001204,0.0,0.14372064000008322,2.7711894169999596,2.914910057000043,5,0.07538553368576033,0.1905825285231309,1.0,0.43326725273078914,0.3899473746308265,0.4702082031225084,0.2404889443402375
3000,0.2,600,44,44,4,5,5,True,ok,selected_multi_metric_xb_worsening_patience,sample_select_project,1.1347031819998392,0.0,0.0024054509999587026,0.14039802000002055,1.137108632999798,1.2775066529998185,5,0.06426708264653472,0.1922469708679963,0.5099190142680451,0.3873033957307283,0.3323191663586347,0.4265913719905611,0.21675208771787147
3000,0.2,600,45,42,4,5,5,True,ok,selected_multi_metric_xb_worsening_patience,sample_select_full_fit,1.239135830999885,1.641169330999901,0.0,0.17186439499982953,2.880305161999786,3.0521695569996155,5,0.07538553368576033,0.19058253271372722,1.0,0.4332672527307892,0.3899473746308265,0.4702082031225084,0.2404889443402375
3000,0.2,600,45,42,4,5,5,True,ok,selected_multi_metric_xb_worsening_patience,sample_select_project,1.239135830999885,0.0,0.002463759999955073,0.18054696600006537,1.24159959099984,1.4221465569999054,5,0.07831591095798399,0.18180107518686908,0.5384198232900682,0.4862990257969744,0.43557594734556343,0.48632275557928933,0.23810910044560116
3000,0.2,600,45,43,4,5,5,True,ok,selected_multi_metric_xb_worsening_patience,sample_select_full_fit,1.5845610700000634,1.20778193000001,0.0,0.21717871000009836,2.7923430000000735,3.009521710000172,5,0.07538553368576033,0.19058275959951312,1.0,0.43326725273078914,0.3899473746308265,0.4702082031225084,0.2404889443402375
3000,0.2,600,45,43,4,5,5,True,ok,selected_multi_metric_xb_worsening_patience,sample_select_project,1.5845610700000634,0.0,0.002437711000084164,0.15798001699999986,1.5869987810001476,1.7449787980001474,5,0.07831591095798399,0.1818010754488774,0.5384198232900682,0.4862990257969744,0.43557594734556343,0.48632275557928933,0.23810910044560116
3000,0.2,600,45,44,4,5,5,True,ok,selected_multi_metric_xb_worsening_patience,sample_select_full_fit,1.4855680109999412,1.7889104719999978,0.0,0.1404378539998561,3.274478482999939,3.414916336999795,5,0.07538553368576033,0.1905825285231309,1.0,0.43326725273078914,0.3899473746308265,0.4702082031225084,0.2404889443402375
3000,0.2,600,45,44,4,5,5,True,ok,selected_multi_metric_xb_worsening_patience,sample_select_project,1.4855680109999412,0.0,0.002347303000078682,0.1429675069998666,1.4879153140000199,1.6308828209998865,5,0.07831591095798399,0.18180109165959465,0.5384198232900682,0.4862990257969743,0.43557594734556343,0.48632275557928933,0.23810910044560116
3000,0.2,600,46,42,4,5,6,False,ok,selected_multi_metric_xb_worsening_patience,sample_select_full_fit,1.9296995230001812,1.713598630999968,0.0,0.24356556900011128,3.6432981540001492,3.8868637230002605,6,0.08517183205424729,0.16567831091348298,0.7418723747898791,0.49947281974205476,0.4517391671637944,0.5275680286131235,0.2972710875893922
3000,0.2,600,46,42,4,5,6,False,ok,selected_multi_metric_xb_worsening_patience,sample_select_project,1.9296995230001812,0.0,0.00491643300006217,0.2450793820000854,1.9346159560002434,2.1796953380003288,6,0.06539971523483926,0.520842030363094,0.4666386640306739,0.33400197928985387,0.24534975067966322,0.4824881018169413,0.25627318355183876
3000,0.2,600,46,43,4,5,3,False,ok,selected_multi_metric_xb_worsening_patience,sample_select_full_fit,2.103892457000029,1.146683122000013,0.0,0.1552332109999952,3.250575579000042,3.4058087900000373,3,0.055381140548694766,0.23995229234820276,0.4837750458023461,0.2809814885542243,0.2149509186907002,0.3217582724330879,0.11952463430823303
3000,0.2,600,46,43,4,5,3,False,ok,selected_multi_metric_xb_worsening_patience,sample_select_project,2.103892457000029,0.0,0.002337375000024622,0.1512547679999443,2.1062298320000536,2.257484599999998,3,0.053801005728626686,0.23829846045670913,0.4244172534600916,0.2667670290364926,0.1942051943190846,0.30704817286067304,0.11303168267986506
3000,0.2,600,46,44,4,5,3,False,ok,selected_multi_metric_xb_worsening_patience,sample_select_full_fit,2.040143057000023,1.1999564440000086,0.0,0.15905074399984187,3.2400995010000315,3.3991502449998734,3,0.055381140548694766,0.23995266952918526,0.4837750458023461,0.2809814885542243,0.2149509186907002,0.3217582724330879,0.11952463430823303
3000,0.2,600,46,44,4,5,3,False,ok,selected_multi_metric_xb_worsening_patience,sample_select_project,2.040143057000023,0.0,0.0025802469999689492,0.14355251500001032,2.042723303999992,2.1862758190000022,3,0.053801005728626686,0.23829847865792392,0.4244172534600916,0.2667670290364926,0.1942051943190846,0.30704817286067304,0.11303168267986506
3000,0.3,900,42,42,6,5,5,True,ok,selected_multi_metric_xb_worsening_patience,sample_select_full_fit,1.5396609689998968,2.1586718519999977,0.0,0.14849163999997472,3.6983328209998945,3.846824460999869,5,0.07538553368576033,0.19058253271372722,1.0,0.4332672527307892,0.3899473746308265,0.4702082031225084,0.2404889443402375
3000,0.3,900,42,42,6,5,5,True,ok,selected_multi_metric_xb_worsening_patience,sample_select_project,1.5396609689998968,0.0,0.0023410820001572574,0.1601734129999386,1.542002051000054,1.7021754639999926,5,0.07517938302833213,0.1976787648931908,0.716501422563879,0.4383789850954538,0.38338102237432825,0.48364857731982486,0.24228794972639361
3000,0.3,900,42,43,6,5,5,True,ok,selected_multi_metric_xb_worsening_patience,sample_select_full_fit,1.4652407199998834,1.199093995000112,0.0,0.14753228199992918,2.6643347149999954,2.8118669969999246,5,0.07538553368576033,0.19058275959951312,1.0,0.43326725273078914,0.3899473746308265,0.4702082031225084,0.2404889443402375
3000,0.3,900,42,43,6,5,5,True,ok,selected_multi_metric_xb_worsening_patience,sample_select_project,1.4652407199998834,0.0,0.0024546330000703165,0.15518359899988354,1.4676953529999537,1.6228789519998372,5,0.07379831918266769,0.192707432611976,0.6492621312207046,0.4322041812959528,0.38148822788802916,0.4676530060077123,0.23217220381325382
3000,0.3,900,42,44,6,5,5,True,ok,selected_multi_metric_xb_worsening_patience,sample_select_full_fit,1.524735119999832,1.6458814699999493,0.0,0.15288064800006396,3.1706165899997814,3.3234972379998453,5,0.07538553368576033,0.1905825285231309,1.0,0.43326725273078914,0.3899473746308265,0.4702082031225084,0.2404889443402375
3000,0.3,900,42,44,6,5,5,True,ok,selected_multi_metric_xb_worsening_patience,sample_select_project,1.524735119999832,0.0,0.002374925000140138,0.14566867000007733,1.5271100449999722,1.6727787150000495,5,0.0740972697401851,0.20187967095082648,0.7964907352763432,0.42238680805615547,0.375286731143648,0.4665073907593824,0.23589032306717872
3000,0.3,900,43,42,6,5,8,False,ok,selected_multi_metric_xb_worsening_patience,sample_select_full_fit,2.602063772000065,1.1720250979999491,0.0,0.20688524100000905,3.774088870000014,3.980974111000023,8,0.08656831238280177,0.16549053322397736,0.5594317013518385,0.4470512737181533,0.37974096062144,0.5351181780065039,0.32703532311908146
3000,0.3,900,43,42,6,5,8,False,ok,selected_multi_metric_xb_worsening_patience,sample_select_project,2.602063772000065,0.0,0.002500679999911881,0.1436762280000039,2.604564451999977,2.748240679999981,8,0.08748006886883251,0.16842786790727488,0.5161346026105336,0.44984841317413987,0.3701671416894781,0.5311162320613355,0.330576116931977
3000,0.3,900,43,43,6,5,8,False,ok,selected_multi_metric_xb_worsening_patience,sample_select_full_fit,2.425950814999851,1.274090661999935,0.0,0.16010767299985673,3.700041476999786,3.8601491499996428,8,0.09395607941988297,0.16480899366182947,0.5253998306101465,0.5540052737218641,0.5046592837678157,0.5810985295813149,0.361646637227686
3000,0.3,900,43,43,6,5,8,False,ok,selected_multi_metric_xb_worsening_patience,sample_select_project,2.425950814999851,0.0,0.002512982000098418,0.16854281900009482,2.4284637969999494,2.5970066160000442,8,0.08748006886883251,0.1684281372163238,0.5161346026105336,0.44984841317413976,0.3701671416894781,0.5311162320613355,0.330576116931977
3000,0.3,900,43,44,6,5,8,False,ok,selected_multi_metric_xb_worsening_patience,sample_select_full_fit,2.5236536649999834,1.1481786189999639,0.0,0.21713556000008793,3.6718322839999473,3.8889678440000353,8,0.08656831238280177,0.1654905405774393,0.5594317013518385,0.4470512737181533,0.37974096062144,0.5351181780065039,0.32703532311908146
3000,0.3,900,43,44,6,5,8,False,ok,selected_multi_metric_xb_worsening_patience,sample_select_project,2.5236536649999834,0.0,0.00884770299990123,0.1842309019998538,2.5325013679998847,2.7167322699997385,8,0.08748006886883251,0.16842809377410095,0.5161346026105336,0.4498484131741398,0.3701671416894781,0.5311162320613355,0.330576116931977
3000,0.3,900,44,42,6,5,7,False,ok,selected_multi_metric_xb_worsening_patience,sample_select_full_fit,2.730233888999919,1.3992458059999535,0.0,0.16303410499995152,4.129479694999873,4.292513799999824,7,0.08262870147460069,0.18880018697806392,0.6231623221988366,0.46475595225204247,0.4085543730676596,0.5203314393651605,0.3077559915296877
3000,0.3,900,44,42,6,5,7,False,ok,selected_multi_metric_xb_worsening_patience,sample_select_project,2.730233888999919,0.0,0.0025268679999044252,0.13742255600004682,2.7327607569998236,2.8701833129998704,7,0.08780052545607862,0.15001028511455902,0.5892984312717253,0.4784895043975705,0.4143344405563191,0.5418155392108746,0.32092973021518945
3000,0.3,900,44,43,6,5,7,False,ok,selected_multi_metric_xb_worsening_patience,sample_select_full_fit,2.5038905179999347,1.397065524000027,0.0,0.142150976000039,3.9009560419999616,4.043107018000001,7,0.08262870147460069,0.18880008453080227,0.6231623221988366,0.4647559522520424,0.4085543730676596,0.5203314393651606,0.3077559915296877
3000,0.3,900,44,43,6,5,7,False,ok,selected_multi_metric_xb_worsening_patience,sample_select_project,2.5038905179999347,0.0,0.002865668999902482,0.14209595600004832,2.506756186999837,2.6488521429998855,7,0.08780052545607862,0.15000997240090166,0.5892984312717253,0.47848950439757054,0.4143344405563191,0.5418155392108748,0.32092973021518945
3000,0.3,900,44,44,6,5,7,False,ok,selected_multi_metric_xb_worsening_patience,sample_select_full_fit,2.799078346999977,1.1947294330000204,0.0,0.1829849880000438,3.9938077799999974,4.176792768000041,7,0.08262870147460069,0.18880007909732638,0.6231623221988366,0.46475595225204247,0.4085543730676596,0.5203314393651607,0.3077559915296877
3000,0.3,900,44,44,6,5,7,False,ok,selected_multi_metric_xb_worsening_patience,sample_select_project,2.799078346999977,0.0,0.002689882000140642,0.15272255499985476,2.8017682290001176,2.9544907839999723,7,0.08780052545607862,0.1500102863033164,0.5892984312717253,0.4784895043975705,0.4143344405563191,0.5418155392108747,0.32092973021518945
3000,0.3,900,45,42,6,5,5,True,ok,selected_multi_metric_xb_worsening_patience,sample_select_full_fit,1.6394047930000397,1.7218158210000638,0.0,0.14245639499995377,3.3612206140001035,3.5036770090000573,5,0.07538553368576033,0.19058253271372722,1.0,0.4332672527307892,0.3899473746308265,0.4702082031225084,0.2404889443402375
3000,0.3,900,45,42,6,5,5,True,ok,selected_multi_metric_xb_worsening_patience,sample_select_project,1.6394047930000397,0.0,0.002395102000036786,0.15218054300021322,1.6417998950000765,1.7939804380002897,5,0.07515497997910113,0.18347608860892747,0.8308083883437852,0.42694978866154054,0.3825267904992484,0.4685001874065291,0.23993393742216262
3000,0.3,900,45,43,6,5,5,True,ok,selected_multi_metric_xb_worsening_patience,sample_select_full_fit,1.6014952000000449,1.4961092159999225,0.0,0.2004177469998467,3.0976044159999674,3.298022162999814,5,0.07538553368576033,0.19058275959951312,1.0,0.43326725273078914,0.3899473746308265,0.4702082031225084,0.2404889443402375
3000,0.3,900,45,43,6,5,5,True,ok,selected_multi_metric_xb_worsening_patience,sample_select_project,1.6014952000000449,0.0,0.002335612000024412,0.14052929400031644,1.6038308120000693,1.7443601060003857,5,0.079079348550593,0.18102673302814754,0.5577234082885004,0.49934446644875563,0.447255660554645,0.4941138089036707,0.24066648709946029
3000,0.3,900,45,44,6,5,5,True,ok,selected_multi_metric_xb_worsening_patience,sample_select_full_fit,1.6774637339999572,1.7150698000000375,0.0,0.15310478499986857,3.3925335339999947,3.5456383189998633,5,0.07538553368576033,0.1905825285231309,1.0,0.43326725273078914,0.3899473746308265,0.4702082031225084,0.2404889443402375
3000,0.3,900,45,44,6,5,5,True,ok,selected_multi_metric_xb_worsening_patience,sample_select_project,1.6774637339999572,0.0,0.0025808890000007523,0.1743290800000068,1.680044622999958,1.8543737029999647,5,0.079079348550593,0.18102694921500706,0.5577234082885004,0.4993444664487558,0.447255660554645,0.4941138089036707,0.24066648709946029
3000,0.3,900,46,42,6,5,6,False,ok,selected_multi_metric_xb_worsening_patience,sample_select_full_fit,3.6613330720001613,1.9529243960000713,0.0,0.21588035899958413,5.614257468000233,5.830137826999817,6,0.08517183205424729,0.16567831091348298,0.7418723747898791,0.49947281974205476,0.4517391671637944,0.5275680286131235,0.2972710875893922
3000,0.3,900,46,42,6,5,6,False,ok,selected_multi_metric_xb_worsening_patience,sample_select_project,3.6613330720001613,0.0,0.005825613999604684,0.27090309800041723,3.667158685999766,3.9380617840001833,6,0.08398183201048133,0.17853665258396303,0.6528107873039927,0.49017094125277405,0.44222567964345855,0.5379107654784557,0.3005036442499544
3000,0.3,900,46,43,6,5,6,False,ok,selected_multi_metric_xb_worsening_patience,sample_select_full_fit,3.4629744849999042,1.5410281049998957,0.0,0.1684782190000078,5.0040025899998,5.172480808999808,6,0.08517183205424729,0.16567831143478082,0.7418723747898791,0.4994728197420548,0.4517391671637944,0.5275680286131235,0.2972710875893922
3000,0.3,900,46,43,6,5,6,False,ok,selected_multi_metric_xb_worsening_patience,sample_select_project,3.4629744849999042,0.0,0.004597034999733296,0.18476461699992797,3.4675715199996375,3.6523361369995655,6,0.08398183201048133,0.17853659261806057,0.6528107873039927,0.49017094125277394,0.44222567964345855,0.5379107654784558,0.3005036442499544
3000,0.3,900,46,44,6,5,6,False,ok,selected_multi_metric_xb_worsening_patience,sample_select_full_fit,3.0828962099999444,1.8023640290002731,0.0,0.20502046699994025,4.8852602390002176,5.090280706000158,6,0.08517183205424729,0.1656784868663497,0.7418723747898791,0.49947281974205476,0.4517391671637944,0.5275680286131235,0.2972710875893922
3000,0.3,900,46,44,6,5,6,False,ok,selected_multi_metric_xb_worsening_patience,sample_select_project,3.0828962099999444,0.0,0.0024279939998450573,0.21527508200006196,3.0853242039997895,3.3005992859998514,6,0.08398183201048133,0.17853672574716606,0.6528107873039927,0.49017094125277405,0.44222567964345855,0.5379107654784558,0.3005036442499544
3000,0.4,1200,42,42,8,5,5,True,ok,selected_multi_metric_xb_worsening_patience,sample_select_full_fit,1.7413820090000627,1.8425524460003544,0.0,0.14296133800007738,3.583934455000417,3.7268957930004945,5,0.07538553368576033,0.19058253271372722,1.0,0.4332672527307892,0.3899473746308265,0.4702082031225084,0.2404889443402375
3000,0.4,1200,42,42,8,5,5,True,ok,selected_multi_metric_xb_worsening_patience,sample_select_project,1.7413820090000627,0.0,0.0024257299996861548,0.15668231900008323,1.7438077389997488,1.900490057999832,5,0.07364076988328198,0.20178921860515112,0.4451222367919944,0.43258996350688284,0.37342917418941707,0.4730509268518053,0.23548785760040475
3000,0.4,1200,42,43,8,5,5,True,ok,selected_multi_metric_xb_worsening_patience,sample_select_full_fit,1.829555051999705,1.2670273480002834,0.0,0.15840292700022474,3.0965823999999884,3.254985327000213,5,0.07538553368576033,0.19058275959951312,1.0,0.43326725273078914,0.3899473746308265,0.4702082031225084,0.2404889443402375
3000,0.4,1200,42,43,8,5,5,True,ok,selected_multi_metric_xb_worsening_patience,sample_select_project,1.829555051999705,0.0,0.0028097849999539903,0.14549196799998754,1.832364836999659,1.9778568049996466,5,0.07364076988328198,0.20178939559565748,0.4451222367919944,0.43258996350688284,0.37342917418941707,0.4730509268518053,0.23548785760040475
3000,0.4,1200,42,44,8,5,5,True,ok,selected_multi_metric_xb_worsening_patience,sample_select_full_fit,2.03995901899998,1.757460053000159,0.0,0.15850893400011046,3.797419072000139,3.9559280060002493,5,0.07538553368576033,0.1905825285231309,1.0,0.43326725273078914,0.3899473746308265,0.4702082031225084,0.2404889443402375
3000,0.4,1200,42,44,8,5,5,True,ok,selected_multi_metric_xb_worsening_patience,sample_select_project,2.03995901899998,0.0,0.002401384000222606,0.13993473400023504,2.0423604030002025,2.1822951370004375,5,0.07364076988328198,0.2017893952466279,0.4451222367919944,0.43258996350688284,0.37342917418941707,0.4730509268518053,0.23548785760040475
3000,0.4,1200,43,42,8,5,6,False,ok,selected_multi_metric_xb_worsening_patience,sample_select_full_fit,3.7589307210000698,1.8010414640002637,0.0,0.161516887000289,5.559972185000333,5.721489072000622,6,0.08517183205424729,0.16567831091348298,0.7418723747898791,0.49947281974205476,0.4517391671637944,0.5275680286131235,0.2972710875893922
3000,0.4,1200,43,42,8,5,6,False,ok,selected_multi_metric_xb_worsening_patience,sample_select_project,3.7589307210000698,0.0,0.0024078360002022237,0.15728170800002772,3.761338557000272,3.9186202650002997,6,0.08204567412719121,0.16021018818166222,0.5966217665521365,0.48051672024537895,0.44093420496746594,0.5084677186218747,0.2826552536342538
3000,0.4,1200,43,43,8,5,6,False,ok,selected_multi_metric_xb_worsening_patience,sample_select_full_fit,4.263332107999759,1.5640396550002151,0.0,0.17185053200000766,5.827371762999974,5.999222294999981,6,0.08517183205424729,0.16567831143478082,0.7418723747898791,0.4994728197420548,0.4517391671637944,0.5275680286131235,0.2972710875893922
3000,0.4,1200,43,43,8,5,6,False,ok,selected_multi_metric_xb_worsening_patience,sample_select_project,4.263332107999759,0.0,0.004062166000039724,0.13865569400013555,4.267394273999798,4.406049967999934,6,0.07319603673973339,0.1716315639523468,0.7154289807787257,0.3863225852431073,0.34430961635548823,0.4606149181318297,0.25081313340366007
3000,0.4,1200,43,44,8,5,7,False,ok,selected_multi_metric_xb_worsening_patience,sample_select_full_fit,3.334216080999795,1.4757331569999224,0.0,0.1535869859999366,4.809949237999717,4.963536223999654,7,0.08262870147460069,0.18880007909732638,0.6231623221988366,0.46475595225204247,0.4085543730676596,0.5203314393651607,0.3077559915296877
3000,0.4,1200,43,44,8,5,7,False,ok,selected_multi_metric_xb_worsening_patience,sample_select_project,3.334216080999795,0.0,0.0034374450001450896,0.14140647900012482,3.33765352599994,3.479060005000065,7,0.08516125621005745,0.1487468130022309,0.5686471321934249,0.45181131149282044,0.3954418884326579,0.5207728871406696,0.30822210640732745
3000,0.4,1200,44,42,8,5,7,False,ok,selected_multi_metric_xb_worsening_patience,sample_select_full_fit,3.8369464360002894,1.3731379139999262,0.0,0.14404891499998485,5.210084350000216,5.3541332650002005,7,0.08262870147460069,0.18880018697806392,0.6231623221988366,0.46475595225204247,0.4085543730676596,0.5203314393651605,0.3077559915296877
3000,0.4,1200,44,42,8,5,7,False,ok,selected_multi_metric_xb_worsening_patience,sample_select_project,3.8369464360002894,0.0,0.0025059290001081536,0.15101774400000068,3.8394523650003975,3.9904701090003982,7,0.08872236921876857,0.14624048145793844,0.5921442633729183,0.4862221924872966,0.422593154118277,0.5459804037906286,0.32316288210629823
3000,0.4,1200,44,43,8,5,7,False,ok,selected_multi_metric_xb_worsening_patience,sample_select_full_fit,3.7680319840001175,1.2533459169999333,0.0,0.18055577199993422,5.021377901000051,5.201933672999985,7,0.08262870147460069,0.18880008453080227,0.6231623221988366,0.4647559522520424,0.4085543730676596,0.5203314393651606,0.3077559915296877
3000,0.4,1200,44,43,8,5,7,False,ok,selected_multi_metric_xb_worsening_patience,sample_select_project,3.7680319840001175,0.0,0.002529684000364796,0.1526932809997561,3.7705616680004823,3.9232549490002384,7,0.08872236921876857,0.1462404808044406,0.5921442633729183,0.48622219248729664,0.422593154118277,0.5459804037906287,0.32316288210629823
3000,0.4,1200,44,44,8,5,7,False,ok,selected_multi_metric_xb_worsening_patience,sample_select_full_fit,3.5681123950002984,1.4066235519999282,0.0,0.18167849400015257,4.974735947000227,5.156414441000379,7,0.08262870147460069,0.18880007909732638,0.6231623221988366,0.46475595225204247,0.4085543730676596,0.5203314393651607,0.3077559915296877
3000,0.4,1200,44,44,8,5,7,False,ok,selected_multi_metric_xb_worsening_patience,sample_select_project,3.5681123950002984,0.0,0.0025512430001981556,0.13998611199986044,3.5706636380004966,3.710649750000357,7,0.08872236921876857,0.14624047792058503,0.5921442633729183,0.4862221924872966,0.422593154118277,0.5459804037906287,0.32316288210629823
3000,0.4,1200,45,42,8,5,5,True,ok,selected_multi_metric_xb_worsening_patience,sample_select_full_fit,2.0935123270000986,1.6263671510000677,0.0,0.14443759699997827,3.7198794780001663,3.8643170750001445,5,0.07538553368576033,0.19058253271372722,1.0,0.4332672527307892,0.3899473746308265,0.4702082031225084,0.2404889443402375
3000,0.4,1200,45,42,8,5,5,True,ok,selected_multi_metric_xb_worsening_patience,sample_select_project,2.0935123270000986,0.0,0.0023322259999076778,0.18000529300024937,2.0958445530000063,2.2758498460002556,5,0.07407343843585137,0.1904180677319906,0.8261948639185916,0.4211146875968222,0.3790495313891573,0.46653863697069625,0.2385374772802842
3000,0.4,1200,45,43,8,5,5,True,ok,selected_multi_metric_xb_worsening_patience,sample_select_full_fit,1.8972719519997554,1.2880253450002783,0.0,0.1590249229998335,3.1852972970000337,3.3443222199998672,5,0.07538553368576033,0.19058275959951312,1.0,0.43326725273078914,0.3899473746308265,0.4702082031225084,0.2404889443402375
3000,0.4,1200,45,43,8,5,5,True,ok,selected_multi_metric_xb_worsening_patience,sample_select_project,1.8972719519997554,0.0,0.0024346760001208168,0.14710203100003127,1.8997066279998762,2.0468086589999075,5,0.07407343843585137,0.19041805126365208,0.8261948639185916,0.42111468759682225,0.3790495313891573,0.46653863697069625,0.2385374772802842
3000,0.4,1200,45,44,8,5,4,False,ok,selected_multi_metric_xb_worsening_patience,sample_select_full_fit,1.635991826999998,1.6091163400001278,0.0,0.1501054169998497,3.245108167000126,3.3952135839999755,4,0.06340489304656101,0.21407012998912175,0.6797630639801799,0.3584858258665519,0.3031657250335162,0.38904680225540045,0.17309745420683148
3000,0.4,1200,45,44,8,5,4,False,ok,selected_multi_metric_xb_worsening_patience,sample_select_project,1.635991826999998,0.0,0.0025590879999981553,0.14312315500001205,1.6385509149999962,1.7816740700000082,4,0.06343879535976771,0.19930801862918646,0.4228341565216528,0.3890529459537409,0.3278722741889518,0.4013639326025324,0.17132605656827718
3000,0.4,1200,46,42,8,5,5,True,ok,selected_multi_metric_xb_worsening_patience,sample_select_full_fit,1.703967814000407,1.728889411000182,0.0,0.15514362699968842,3.432857225000589,3.5880008520002775,5,0.07538553368576033,0.19058253271372722,1.0,0.4332672527307892,0.3899473746308265,0.4702082031225084,0.2404889443402375
3000,0.4,1200,46,42,8,5,5,True,ok,selected_multi_metric_xb_worsening_patience,sample_select_project,1.703967814000407,0.0,0.003698911999890697,0.2734828010002275,1.7076667260002978,1.9811495270005253,5,0.0749641488743857,0.18522951711926966,0.8189250914970413,0.4246240764411908,0.3720262403544123,0.48128409348702605,0.24284296531313393
3000,0.4,1200,46,43,8,5,5,True,ok,selected_multi_metric_xb_worsening_patience,sample_select_full_fit,1.8128224650004086,1.1848583609998968,0.0,0.15498935899995558,2.9976808260003054,3.152670185000261,5,0.07538553368576033,0.19058275959951312,1.0,0.43326725273078914,0.3899473746308265,0.4702082031225084,0.2404889443402375
3000,0.4,1200,46,43,8,5,5,True,ok,selected_multi_metric_xb_worsening_patience,sample_select_project,1.8128224650004086,0.0,0.002457027999753336,0.14589672600004633,1.815279493000162,1.9611762190002082,5,0.0749641488743857,0.18522950573535193,0.8189250914970413,0.42462407644119077,0.3720262403544123,0.48128409348702617,0.24284296531313393
3000,0.4,1200,46,44,8,5,5,True,ok,selected_multi_metric_xb_worsening_patience,sample_select_full_fit,1.7225914589998865,1.8160096510000585,0.0,0.16058108700008233,3.538601109999945,3.6991821970000274,5,0.07538553368576033,0.1905825285231309,1.0,0.43326725273078914,0.3899473746308265,0.4702082031225084,0.2404889443402375
3000,0.4,1200,46,44,8,5,5,True,ok,selected_multi_metric_xb_worsening_patience,sample_select_project,1.7225914589998865,0.0,0.004850608000197099,0.16292151300012847,1.7274420670000836,1.890363580000212,5,0.0749641488743857,0.18522950975844762,0.8189250914970413,0.42462407644119077,0.3720262403544123,0.48128409348702617,0.24284296531313393
3000,0.5,1500,42,42,10,5,5,True,ok,selected_multi_metric_xb_worsening_patience,sample_select_full_fit,2.157358094999836,2.124484722000034,0.0,0.16032766300031653,4.28184281699987,4.442170480000186,5,0.07538553368576033,0.19058253271372722,1.0,0.4332672527307892,0.3899473746308265,0.4702082031225084,0.2404889443402375
3000,0.5,1500,42,42,10,5,5,True,ok,selected_multi_metric_xb_worsening_patience,sample_select_project,2.157358094999836,0.0,0.002822208999987197,0.15610207999998238,2.160180303999823,2.3162823839998055,5,0.0727548414559188,0.17891443626892717,0.70121479523539,0.42187028840395785,0.379242068089652,0.4599475950478374,0.23120331091666227
3000,0.5,1500,42,43,10,5,5,True,ok,selected_multi_metric_xb_worsening_patience,sample_select_full_fit,2.307583343999795,1.2968099700001403,0.0,0.16159086600009687,3.6043933139999353,3.765984180000032,5,0.07538553368576033,0.19058275959951312,1.0,0.43326725273078914,0.3899473746308265,0.4702082031225084,0.2404889443402375
3000,0.5,1500,42,43,10,5,5,True,ok,selected_multi_metric_xb_worsening_patience,sample_select_project,2.307583343999795,0.0,0.002394070000264037,0.1560469569999441,2.309977414000059,2.466024371000003,5,0.0661198584366663,0.20514217526093992,0.5036175987000946,0.40494995376330334,0.3516364905456756,0.45174725072898286,0.22678839067523884
3000,0.5,1500,42,44,10,5,5,True,ok,selected_multi_metric_xb_worsening_patience,sample_select_full_fit,2.488943305000248,1.9562367479998102,0.0,0.15336260300000504,4.445180053000058,4.598542656000063,5,0.07538553368576033,0.1905825285231309,1.0,0.43326725273078914,0.3899473746308265,0.4702082031225084,0.2404889443402375
3000,0.5,1500,42,44,10,5,5,True,ok,selected_multi_metric_xb_worsening_patience,sample_select_project,2.488943305000248,0.0,0.002385253999818815,0.1444248749999133,2.491328559000067,2.63575343399998,5,0.06900798437058057,0.21327986427767323,0.5457258574296301,0.4165475358991468,0.3651357482926512,0.45014500549573044,0.22693661076681554
3000,0.5,1500,43,42,10,5,5,True,ok,selected_multi_metric_xb_worsening_patience,sample_select_full_fit,1.9450467180004125,1.6963291020001634,0.0,0.14996139100003347,3.641375820000576,3.7913372110006094,5,0.07538553368576033,0.19058253271372722,1.0,0.4332672527307892,0.3899473746308265,0.4702082031225084,0.2404889443402375
3000,0.5,1500,43,42,10,5,5,True,ok,selected_multi_metric_xb_worsening_patience,sample_select_project,1.9450467180004125,0.0,0.0026966649998030334,0.17229107100001784,1.9477433830002155,2.1200344540002334,5,0.07314000487402456,0.18419380633378335,0.8857984735522813,0.41751718962511797,0.3802357761514558,0.457228667774256,0.2324157270457397
3000,0.5,1500,43,43,10,5,5,True,ok,selected_multi_metric_xb_worsening_patience,sample_select_full_fit,1.9465397750000193,1.3548372559998825,0.0,0.15024769499996182,3.3013770309999018,3.4516247259998636,5,0.07538553368576033,0.19058275959951312,1.0,0.43326725273078914,0.3899473746308265,0.4702082031225084,0.2404889443402375
3000,0.5,1500,43,43,10,5,5,True,ok,selected_multi_metric_xb_worsening_patience,sample_select_project,1.9465397750000193,0.0,0.00240363900002194,0.13839827400033755,1.9489434140000412,2.087341688000379,5,0.07314000487402456,0.18419380454524822,0.8857984735522813,0.41751718962511786,0.3802357761514558,0.4572286677742559,0.2324157270457397
3000,0.5,1500,43,44,10,5,5,True,ok,selected_multi_metric_xb_worsening_patience,sample_select_full_fit,1.9727542310001809,1.6060639719999017,0.0,0.14806202699992355,3.5788182030000826,3.726880230000006,5,0.07538553368576033,0.1905825285231309,1.0,0.43326725273078914,0.3899473746308265,0.4702082031225084,0.2404889443402375
3000,0.5,1500,43,44,10,5,5,True,ok,selected_multi_metric_xb_worsening_patience,sample_select_project,1.9727542310001809,0.0,0.0023623619999852963,0.17332882699975016,1.9751165930001662,2.1484454199999163,5,0.07314000487402456,0.18419368239096734,0.8857984735522813,0.4175171896251179,0.3802357761514558,0.4572286677742559,0.2324157270457397
3000,0.5,1500,44,42,10,5,5,True,ok,selected_multi_metric_xb_worsening_patience,sample_select_full_fit,1.9471237359998668,1.9674081600001045,0.0,0.1520752490000632,3.9145318959999713,4.0666071450000345,5,0.07538553368576033,0.19058253271372722,1.0,0.4332672527307892,0.3899473746308265,0.4702082031225084,0.2404889443402375
3000,0.5,1500,44,42,10,5,5,True,ok,selected_multi_metric_xb_worsening_patience,sample_select_project,1.9471237359998668,0.0,0.0032760129997768672,0.20568093600013526,1.9503997489996436,2.156080684999779,5,0.07538034027673193,0.19083153771032402,0.8772500809938668,0.4309500204214019,0.3868869058062134,0.47043262244918393,0.24000625671090348
3000,0.5,1500,44,43,10,5,5,True,ok,selected_multi_metric_xb_worsening_patience,sample_select_full_fit,2.0977390029997878,1.4461320370000976,0.0,0.2029507279999052,3.5438710399998854,3.7468217679997906,5,0.07538553368576033,0.19058275959951312,1.0,0.43326725273078914,0.3899473746308265,0.4702082031225084,0.2404889443402375
3000,0.5,1500,44,43,10,5,5,True,ok,selected_multi_metric_xb_worsening_patience,sample_select_project,2.0977390029997878,0.0,0.00235088999988875,0.14435680600035994,2.1000898929996765,2.2444466990000365,5,0.07538034027673193,0.19083170991936715,0.8772500809938668,0.43095002042140196,0.3868869058062134,0.47043262244918405,0.24000625671090348
3000,0.5,1500,44,44,10,5,5,True,ok,selected_multi_metric_xb_worsening_patience,sample_select_full_fit,1.8561200799999824,1.8284241549999933,0.0,0.1827365720000671,3.6845442349999757,3.867280807000043,5,0.07538553368576033,0.1905825285231309,1.0,0.43326725273078914,0.3899473746308265,0.4702082031225084,0.2404889443402375
3000,0.5,1500,44,44,10,5,5,True,ok,selected_multi_metric_xb_worsening_patience,sample_select_project,1.8561200799999824,0.0,0.002561573000093631,0.17515952100029608,1.858681653000076,2.033841174000372,5,0.07538034027673193,0.1908315041640343,0.8772500809938668,0.43095002042140196,0.3868869058062134,0.47043262244918405,0.24000625671090348
3000,0.5,1500,45,42,10,5,5,True,ok,selected_multi_metric_xb_worsening_patience,sample_select_full_fit,1.8846015539998007,1.6921843710001667,0.0,0.1609574369999791,3.5767859249999674,3.7377433619999465,5,0.07538553368576033,0.19058253271372722,1.0,0.4332672527307892,0.3899473746308265,0.4702082031225084,0.2404889443402375
3000,0.5,1500,45,42,10,5,5,True,ok,selected_multi_metric_xb_worsening_patience,sample_select_project,1.8846015539998007,0.0,0.00374789299985423,0.14777346899973054,1.888349446999655,2.0361229159993854,5,0.07461267795522764,0.19059874757879938,0.8508240703710921,0.42544848138139635,0.38290577771732703,0.46868950120703773,0.23973351428028114
3000,0.5,1500,45,43,10,5,5,True,ok,selected_multi_metric_xb_worsening_patience,sample_select_full_fit,2.337150144000134,1.3045381780002572,0.0,0.15510753899980045,3.641688322000391,3.7967958610001915,5,0.07538553368576033,0.19058275959951312,1.0,0.43326725273078914,0.3899473746308265,0.4702082031225084,0.2404889443402375
3000,0.5,1500,45,43,10,5,5,True,ok,selected_multi_metric_xb_worsening_patience,sample_select_project,2.337150144000134,0.0,0.002400643000328273,0.14581902800000535,2.339550787000462,2.4853698150004675,5,0.07461267795522764,0.19059875145181507,0.8508240703710921,0.4254484813813963,0.38290577771732703,0.46868950120703773,0.23973351428028114
3000,0.5,1500,45,44,10,5,5,True,ok,selected_multi_metric_xb_worsening_patience,sample_select_full_fit,2.410641745999783,1.7381360389999827,0.0,0.153300038999987,4.148777784999766,4.302077823999753,5,0.07538553368576033,0.1905825285231309,1.0,0.43326725273078914,0.3899473746308265,0.4702082031225084,0.2404889443402375
3000,0.5,1500,45,44,10,5,5,True,ok,selected_multi_metric_xb_worsening_patience,sample_select_project,2.410641745999783,0.0,0.0023587750001752283,0.14611143499996615,2.413000520999958,2.5591119559999242,5,0.07461267795522764,0.19059873712049902,0.8508240703710921,0.42544848138139635,0.38290577771732703,0.46868950120703773,0.23973351428028114
3000,0.5,1500,46,42,10,5,4,False,ok,selected_multi_metric_xb_worsening_patience,sample_select_full_fit,2.122475234000376,1.5291192559998308,0.0,0.15741152199962016,3.651594490000207,3.809006011999827,4,0.06340489304656101,0.21406941646825,0.6797630639801799,0.3584858258665519,0.3031657250335162,0.38904680225540045,0.17309745420683148
3000,0.5,1500,46,42,10,5,4,False,ok,selected_multi_metric_xb_worsening_patience,sample_select_project,2.122475234000376,0.0,0.002323349000107555,0.14730481900005543,2.1247985830004836,2.272103402000539,4,0.062404887834430316,0.2086119320557939,0.6825257818427047,0.3535100233797713,0.29997205999069476,0.38237981424172396,0.17038129728536458
3000,0.5,1500,46,43,10,5,5,True,ok,selected_multi_metric_xb_worsening_patience,sample_select_full_fit,2.0429422970000815,1.264028450999831,0.0,0.16124307599966414,3.3069707479999124,3.4682138239995766,5,0.07538553368576033,0.19058275959951312,1.0,0.43326725273078914,0.3899473746308265,0.4702082031225084,0.2404889443402375
3000,0.5,1500,46,43,10,5,5,True,ok,selected_multi_metric_xb_worsening_patience,sample_select_project,2.0429422970000815,0.0,0.004317524000271078,0.17114328499974363,2.0472598210003525,2.218403106000096,5,0.06837265995447903,0.2105453018490528,0.5932057151072828,0.4080135308178696,0.3598302376646857,0.4434785167007735,0.22429656529539088
3000,0.5,1500,46,44,10,5,5,True,ok,selected_multi_metric_xb_worsening_patience,sample_select_full_fit,2.0711475650000466,1.622615260999737,0.0,0.17098007300000972,3.6937628259997837,3.8647428989997934,5,0.07538553368576033,0.1905825285231309,1.0,0.43326725273078914,0.3899473746308265,0.4702082031225084,0.2404889443402375
3000,0.5,1500,46,44,10,5,5,True,ok,selected_multi_metric_xb_worsening_patience,sample_select_project,2.0711475650000466,0.0,0.008098478999727377,0.18976337399999466,2.079246043999774,2.2690094179997686,5,0.06837265995447903,0.21054528992487478,0.5932057151072828,0.4080135308178696,0.3598302376646857,0.4434785167007735,0.22429656529539088
3000,0.7,2100,42,42,14,5,5,True,ok,selected_multi_metric_xb_worsening_patience,sample_select_full_fit,3.833414286000334,1.76038110699983,0.0,0.19015724900009445,5.593795393000164,5.7839526420002585,5,0.07538553368576033,0.19058253271372722,1.0,0.4332672527307892,0.3899473746308265,0.4702082031225084,0.2404889443402375
3000,0.7,2100,42,42,14,5,5,True,ok,selected_multi_metric_xb_worsening_patience,sample_select_project,3.833414286000334,0.0,0.004103507999843714,0.1718213049998667,3.8375177940001777,4.009339099000044,5,0.07560567999902018,0.19438304063246978,0.8971923990855069,0.43426400943587296,0.38753008478887313,0.47034510764288484,0.24017398621819264
3000,0.7,2100,42,43,14,5,5,True,ok,selected_multi_metric_xb_worsening_patience,sample_select_full_fit,3.37501710000015,1.2371617730000253,0.0,0.20651937399998133,4.612178873000175,4.818698247000157,5,0.07538553368576033,0.19058275959951312,1.0,0.43326725273078914,0.3899473746308265,0.4702082031225084,0.2404889443402375
3000,0.7,2100,42,43,14,5,5,True,ok,selected_multi_metric_xb_worsening_patience,sample_select_project,3.37501710000015,0.0,0.002424908000193682,0.14488961000006384,3.3774420080003438,3.5223316180004076,5,0.07560567999902018,0.19438303026740206,0.8971923990855069,0.4342640094358731,0.38753008478887313,0.47034510764288484,0.24017398621819264
3000,0.7,2100,42,44,14,5,5,True,ok,selected_multi_metric_xb_worsening_patience,sample_select_full_fit,3.8231937030000154,1.6417430999999851,0.0,0.1477677009997933,5.4649368030000005,5.612704503999794,5,0.07538553368576033,0.1905825285231309,1.0,0.43326725273078914,0.3899473746308265,0.4702082031225084,0.2404889443402375
3000,0.7,2100,42,44,14,5,5,True,ok,selected_multi_metric_xb_worsening_patience,sample_select_project,3.8231937030000154,0.0,0.0025055179999071697,0.14196395999988454,3.8256992209999225,3.967663180999807,5,0.07560567999902018,0.19438304312734508,0.8971923990855069,0.43426400943587296,0.38753008478887313,0.4703451076428848,0.24017398621819264
3000,0.7,2100,43,42,14,5,5,True,ok,selected_multi_metric_xb_worsening_patience,sample_select_full_fit,2.909110644000066,1.7819880650004052,0.0,0.1707661690002169,4.691098709000471,4.861864878000688,5,0.07538553368576033,0.19058253271372722,1.0,0.4332672527307892,0.3899473746308265,0.4702082031225084,0.2404889443402375
3000,0.7,2100,43,42,14,5,5,True,ok,selected_multi_metric_xb_worsening_patience,sample_select_project,2.909110644000066,0.0,0.007072277000133909,0.24848070200005168,2.9161829210001997,3.1646636230002514,5,0.07367015066000959,0.1829495347574722,0.9200759043872012,0.42375913831752215,0.3855700116269822,0.4607081447160185,0.23502355225795646
3000,0.7,2100,43,43,14,5,5,True,ok,selected_multi_metric_xb_worsening_patience,sample_select_full_fit,3.120087023999986,1.3359381250002116,0.0,0.1520445880000807,4.456025149000197,4.608069737000278,5,0.07538553368576033,0.19058275959951312,1.0,0.43326725273078914,0.3899473746308265,0.4702082031225084,0.2404889443402375
3000,0.7,2100,43,43,14,5,5,True,ok,selected_multi_metric_xb_worsening_patience,sample_select_project,3.120087023999986,0.0,0.002369785000155389,0.14797414499980732,3.122456809000141,3.2704309539999485,5,0.07367015066000959,0.1829493893419982,0.9200759043872012,0.4237591383175221,0.3855700116269822,0.4607081447160185,0.23502355225795646
3000,0.7,2100,43,44,14,5,5,True,ok,selected_multi_metric_xb_worsening_patience,sample_select_full_fit,2.854323766000107,1.6896905530002186,0.0,0.16008139699988533,4.5440143190003255,4.704095716000211,5,0.07538553368576033,0.1905825285231309,1.0,0.43326725273078914,0.3899473746308265,0.4702082031225084,0.2404889443402375
3000,0.7,2100,43,44,14,5,5,True,ok,selected_multi_metric_xb_worsening_patience,sample_select_project,2.854323766000107,0.0,0.005443602000013925,0.17613525499973548,2.8597673680001208,3.0359026229998562,5,0.07367015066000959,0.1829493980118328,0.9200759043872012,0.42375913831752215,0.3855700116269822,0.4607081447160185,0.23502355225795646
3000,0.7,2100,44,42,14,5,5,True,ok,selected_multi_metric_xb_worsening_patience,sample_select_full_fit,3.5943462769996586,1.805228084999726,0.0,0.1567574779996903,5.399574361999385,5.556331839999075,5,0.07538553368576033,0.19058253271372722,1.0,0.4332672527307892,0.3899473746308265,0.4702082031225084,0.2404889443402375
3000,0.7,2100,44,42,14,5,5,True,ok,selected_multi_metric_xb_worsening_patience,sample_select_project,3.5943462769996586,0.0,0.009119180999732635,0.15396549800016146,3.603465457999391,3.7574309559995527,5,0.07636313861214561,0.1904640449890406,0.9075019954471601,0.43843237759206605,0.39353229793680283,0.4783316633046417,0.24405692342408591
3000,0.7,2100,44,43,14,5,5,True,ok,selected_multi_metric_xb_worsening_patience,sample_select_full_fit,3.7292087130003893,1.467146257999957,0.0,0.16212849999965329,5.196354971000346,5.3584834709999996,5,0.07538553368576033,0.19058275959951312,1.0,0.43326725273078914,0.3899473746308265,0.4702082031225084,0.2404889443402375
3000,0.7,2100,44,43,14,5,5,True,ok,selected_multi_metric_xb_worsening_patience,sample_select_project,3.7292087130003893,0.0,0.002371930000208522,0.14362404999974387,3.7315806430005978,3.8752046930003416,5,0.07636313861214561,0.19046404968640457,0.9075019954471601,0.4384323775920662,0.39353229793680283,0.4783316633046417,0.24405692342408591
3000,0.7,2100,44,44,14,5,5,True,ok,selected_multi_metric_xb_worsening_patience,sample_select_full_fit,3.7336541029999353,1.5848029779999706,0.0,0.17050439500007997,5.318457080999906,5.488961475999986,5,0.07538553368576033,0.1905825285231309,1.0,0.43326725273078914,0.3899473746308265,0.4702082031225084,0.2404889443402375
3000,0.7,2100,44,44,14,5,5,True,ok,selected_multi_metric_xb_worsening_patience,sample_select_project,3.7336541029999353,0.0,0.0028542579998429574,0.14964115200018568,3.7365083609997782,3.886149512999964,5,0.07636313861214561,0.19046424151868782,0.9075019954471601,0.4384323775920662,0.39353229793680283,0.4783316633046417,0.24405692342408591
3000,0.7,2100,45,42,14,5,6,False,ok,selected_multi_metric_xb_worsening_patience,sample_select_full_fit,7.924413808999816,1.7487101490000896,0.0,0.15638353599979382,9.673123957999906,9.8295074939997,6,0.08517183205424729,0.16567831091348298,0.7418723747898791,0.49947281974205476,0.4517391671637944,0.5275680286131235,0.2972710875893922
3000,0.7,2100,45,42,14,5,6,False,ok,selected_multi_metric_xb_worsening_patience,sample_select_project,7.924413808999816,0.0,0.0024227840003732126,0.14106403099958698,7.926836593000189,8.067900623999776,6,0.08564643637787284,0.16977754172458462,0.6665516891684612,0.5009178695935643,0.44713564500473524,0.530750767171416,0.2988119368494178
3000,0.7,2100,45,43,14,5,6,False,ok,selected_multi_metric_xb_worsening_patience,sample_select_full_fit,6.2947355169999355,1.7068844730001729,0.0,0.15153766299999916,8.001619990000108,8.153157653000108,6,0.08517183205424729,0.16567831143478082,0.7418723747898791,0.4994728197420548,0.4517391671637944,0.5275680286131235,0.2972710875893922
3000,0.7,2100,45,43,14,5,6,False,ok,selected_multi_metric_xb_worsening_patience,sample_select_project,6.2947355169999355,0.0,0.005719616000078531,0.1444084249997104,6.300455133000014,6.444863557999724,6,0.08564643637787284,0.16977753424280312,0.6665516891684612,0.5009178695935642,0.44713564500473524,0.530750767171416,0.2988119368494178
3000,0.7,2100,45,44,14,5,8,False,ok,selected_multi_metric_xb_worsening_patience,sample_select_full_fit,7.786886537999635,1.0276321659998757,0.0,0.14199897299977238,8.81451870399951,8.956517676999283,8,0.08656831238280177,0.1654905405774393,0.5594317013518385,0.4470512737181533,0.37974096062144,0.5351181780065039,0.32703532311908146
3000,0.7,2100,45,44,14,5,8,False,ok,selected_multi_metric_xb_worsening_patience,sample_select_project,7.786886537999635,0.0,0.0025465350004196807,0.1384971580000638,7.789433073000055,7.9279302310001185,8,0.08958467893585145,0.16613961073194575,0.5223303081099249,0.4602931406790917,0.38063378295752126,0.5470250014273891,0.34092432916360144
3000,0.7,2100,46,42,14,5,6,False,ok,selected_multi_metric_xb_worsening_patience,sample_select_full_fit,8.61981142500008,1.8214094919999297,0.0,0.15245618000017203,10.44122091700001,10.593677097000182,6,0.08517183205424729,0.16567831091348298,0.7418723747898791,0.49947281974205476,0.4517391671637944,0.5275680286131235,0.2972710875893922
3000,0.7,2100,46,42,14,5,6,False,ok,selected_multi_metric_xb_worsening_patience,sample_select_project,8.61981142500008,0.0,0.0024478709997310943,0.15143336099981752,8.622259295999811,8.773692656999629,6,0.08576149535429287,0.16754508663223086,0.6996116575843884,0.500685981852136,0.45170544409051416,0.5284825926335021,0.29808652159940674
3000,0.7,2100,46,43,14,5,7,False,ok,selected_multi_metric_xb_worsening_patience,sample_select_full_fit,8.26289378599995,1.3754067519998898,0.0,0.2067473020001671,9.63830053799984,9.845047840000007,7,0.08262870147460069,0.18880008453080227,0.6231623221988366,0.4647559522520424,0.4085543730676596,0.5203314393651606,0.3077559915296877
3000,0.7,2100,46,43,14,5,7,False,ok,selected_multi_metric_xb_worsening_patience,sample_select_project,8.26289378599995,0.0,0.0026440639999236737,0.14926965200038467,8.265537849999873,8.414807502000258,7,0.08847862545822834,0.1563139314027527,0.638613842829995,0.48136935404858483,0.4266455122456962,0.5447373429018876,0.31845265003093676
3000,0.7,2100,46,44,14,5,8,False,ok,selected_multi_metric_max_k,sample_select_full_fit,8.747721592999824,1.1530525500002113,0.0,0.15317411699970762,9.900774143000035,10.053948259999743,8,0.08656831238280177,0.1654905405774393,0.5594317013518385,0.4470512737181533,0.37974096062144,0.5351181780065039,0.32703532311908146
3000,0.7,2100,46,44,14,5,8,False,ok,selected_multi_metric_max_k,sample_select_project,8.747721592999824,0.0,0.0024637100000290957,0.20307922500023778,8.750185302999853,8.95326452800009,8,0.09820931237509023,0.13677536864168302,0.5600112581784265,0.5383362007518071,0.4988083709956006,0.580251246604471,0.35630697116652077
3000,1.0,3000,42,42,20,5,5,True,ok,selected_multi_metric_xb_worsening_patience,sample_select_full_fit,4.925627691000045,2.1661610080000173,0.0,0.16565410800012614,7.0917886990000625,7.257442807000189,5,0.07538553368576033,0.19058253271372722,1.0,0.4332672527307892,0.3899473746308265,0.4702082031225084,0.2404889443402375
3000,1.0,3000,42,42,20,5,5,True,ok,selected_multi_metric_xb_worsening_patience,sample_select_project,4.925627691000045,0.0,0.002472527000008995,0.15062162599997464,4.928100218000054,5.078721844000029,5,0.07538553368576033,0.19058253271372722,1.0,0.4332672527307892,0.3899473746308265,0.4702082031225084,0.2404889443402375
3000,1.0,3000,42,43,20,5,5,True,ok,selected_multi_metric_xb_worsening_patience,sample_select_full_fit,4.526875351999934,1.3577220310003213,0.0,0.14918068400038464,5.884597383000255,6.03377806700064,5,0.07538553368576033,0.19058275959951312,1.0,0.43326725273078914,0.3899473746308265,0.4702082031225084,0.2404889443402375
3000,1.0,3000,42,43,20,5,5,True,ok,selected_multi_metric_xb_worsening_patience,sample_select_project,4.526875351999934,0.0,0.002363182999943092,0.14736001099981877,4.529238534999877,4.6765985459996955,5,0.07538553368576033,0.19058275959951312,1.0,0.43326725273078914,0.3899473746308265,0.4702082031225084,0.2404889443402375
3000,1.0,3000,42,44,20,5,5,True,ok,selected_multi_metric_xb_worsening_patience,sample_select_full_fit,5.683517772000414,1.8228192110000236,0.0,0.1637522760001957,7.506336983000438,7.670089259000633,5,0.07538553368576033,0.1905825285231309,1.0,0.43326725273078914,0.3899473746308265,0.4702082031225084,0.2404889443402375
3000,1.0,3000,42,44,20,5,5,True,ok,selected_multi_metric_xb_worsening_patience,sample_select_project,5.683517772000414,0.0,0.0023892019999038894,0.18274836499995217,5.685906974000318,5.86865533900027,5,0.07538553368576033,0.1905825285231309,1.0,0.43326725273078914,0.3899473746308265,0.4702082031225084,0.2404889443402375
3000,1.0,3000,43,42,20,5,5,True,ok,selected_multi_metric_xb_worsening_patience,sample_select_full_fit,4.849525484999958,2.0991133849997823,0.0,0.1529721979995884,6.948638869999741,7.101611067999329,5,0.07538553368576033,0.19058253271372722,1.0,0.4332672527307892,0.3899473746308265,0.4702082031225084,0.2404889443402375
3000,1.0,3000,43,42,20,5,5,True,ok,selected_multi_metric_xb_worsening_patience,sample_select_project,4.849525484999958,0.0,0.0023878079996393353,0.14798042800020994,4.851913292999598,4.999893720999808,5,0.07538553368576033,0.19058253271372722,1.0,0.4332672527307892,0.3899473746308265,0.4702082031225084,0.2404889443402375
3000,1.0,3000,43,43,20,5,5,True,ok,selected_multi_metric_xb_worsening_patience,sample_select_full_fit,4.412852076000036,1.2239054029996623,0.0,0.1471747969999342,5.636757478999698,5.783932275999632,5,0.07538553368576033,0.19058275959951312,1.0,0.43326725273078914,0.3899473746308265,0.4702082031225084,0.2404889443402375
3000,1.0,3000,43,43,20,5,5,True,ok,selected_multi_metric_xb_worsening_patience,sample_select_project,4.412852076000036,0.0,0.0023527540001850866,0.14053503500008446,4.415204830000221,4.555739865000305,5,0.07538553368576033,0.19058275959951312,1.0,0.43326725273078914,0.3899473746308265,0.4702082031225084,0.2404889443402375
3000,1.0,3000,43,44,20,5,5,True,ok,selected_multi_metric_xb_worsening_patience,sample_select_full_fit,5.339462448999711,1.7011057350000556,0.0,0.144239706999997,7.040568183999767,7.184807890999764,5,0.07538553368576033,0.1905825285231309,1.0,0.43326725273078914,0.3899473746308265,0.4702082031225084,0.2404889443402375
3000,1.0,3000,43,44,20,5,5,True,ok,selected_multi_metric_xb_worsening_patience,sample_select_project,5.339462448999711,0.0,0.0026130460000786115,0.16278791600007025,5.34207549499979,5.50486341099986,5,0.07538553368576033,0.1905825285231309,1.0,0.43326725273078914,0.3899473746308265,0.4702082031225084,0.2404889443402375
3000,1.0,3000,44,42,20,5,5,True,ok,selected_multi_metric_xb_worsening_patience,sample_select_full_fit,5.666470652000044,1.9658647040000687,0.0,0.17329681899991556,7.632335356000112,7.805632175000028,5,0.07538553368576033,0.19058253271372722,1.0,0.4332672527307892,0.3899473746308265,0.4702082031225084,0.2404889443402375
3000,1.0,3000,44,42,20,5,5,True,ok,selected_multi_metric_xb_worsening_patience,sample_select_project,5.666470652000044,0.0,0.002771092999864777,0.20896407000009276,5.669241744999908,5.878205815000001,5,0.07538553368576033,0.19058253271372722,1.0,0.4332672527307892,0.3899473746308265,0.4702082031225084,0.2404889443402375
3000,1.0,3000,44,43,20,5,5,True,ok,selected_multi_metric_xb_worsening_patience,sample_select_full_fit,4.196215897000002,1.4003602650000175,0.0,0.18247370799963392,5.596576162000019,5.779049869999653,5,0.07538553368576033,0.19058275959951312,1.0,0.43326725273078914,0.3899473746308265,0.4702082031225084,0.2404889443402375
3000,1.0,3000,44,43,20,5,5,True,ok,selected_multi_metric_xb_worsening_patience,sample_select_project,4.196215897000002,0.0,0.0029387659997155424,0.14496144999975513,4.199154662999717,4.3441161129994725,5,0.07538553368576033,0.19058275959951312,1.0,0.43326725273078914,0.3899473746308265,0.4702082031225084,0.2404889443402375
3000,1.0,3000,44,44,20,5,5,True,ok,selected_multi_metric_xb_worsening_patience,sample_select_full_fit,5.508572212000217,1.5603350229998796,0.0,0.1428077770001437,7.068907235000097,7.211715012000241,5,0.07538553368576033,0.1905825285231309,1.0,0.43326725273078914,0.3899473746308265,0.4702082031225084,0.2404889443402375
3000,1.0,3000,44,44,20,5,5,True,ok,selected_multi_metric_xb_worsening_patience,sample_select_project,5.508572212000217,0.0,0.0042040030002681306,0.14209835999963616,5.5127762150004855,5.654874575000122,5,0.07538553368576033,0.1905825285231309,1.0,0.43326725273078914,0.3899473746308265,0.4702082031225084,0.2404889443402375
3000,1.0,3000,45,42,20,5,5,True,ok,selected_multi_metric_xb_worsening_patience,sample_select_full_fit,5.2752231479998954,1.754125662000206,0.0,0.16520380099973409,7.029348810000101,7.1945526109998355,5,0.07538553368576033,0.19058253271372722,1.0,0.4332672527307892,0.3899473746308265,0.4702082031225084,0.2404889443402375
3000,1.0,3000,45,42,20,5,5,True,ok,selected_multi_metric_xb_worsening_patience,sample_select_project,5.2752231479998954,0.0,0.005369114000131958,0.1951526670000021,5.280592262000027,5.4757449290000295,5,0.07538553368576033,0.19058253271372722,1.0,0.4332672527307892,0.3899473746308265,0.4702082031225084,0.2404889443402375
3000,1.0,3000,45,43,20,5,5,True,ok,selected_multi_metric_xb_worsening_patience,sample_select_full_fit,4.199945619000118,1.2937140910003109,0.0,0.19688016700001754,5.493659710000429,5.690539877000447,5,0.07538553368576033,0.19058275959951312,1.0,0.43326725273078914,0.3899473746308265,0.4702082031225084,0.2404889443402375
3000,1.0,3000,45,43,20,5,5,True,ok,selected_multi_metric_xb_worsening_patience,sample_select_project,4.199945619000118,0.0,0.002384543000061967,0.17552040999999008,4.20233016200018,4.37785057200017,5,0.07538553368576033,0.19058275959951312,1.0,0.43326725273078914,0.3899473746308265,0.4702082031225084,0.2404889443402375
3000,1.0,3000,45,44,20,5,5,True,ok,selected_multi_metric_xb_worsening_patience,sample_select_full_fit,5.6836457330000485,1.5392144579996057,0.0,0.1537282470003447,7.222860190999654,7.376588437999999,5,0.07538553368576033,0.1905825285231309,1.0,0.43326725273078914,0.3899473746308265,0.4702082031225084,0.2404889443402375
3000,1.0,3000,45,44,20,5,5,True,ok,selected_multi_metric_xb_worsening_patience,sample_select_project,5.6836457330000485,0.0,0.002381316999617411,0.14414061599973138,5.686027049999666,5.830167665999397,5,0.07538553368576033,0.1905825285231309,1.0,0.43326725273078914,0.3899473746308265,0.4702082031225084,0.2404889443402375
3000,1.0,3000,46,42,20,5,5,True,ok,selected_multi_metric_xb_worsening_patience,sample_select_full_fit,5.192879365000408,1.8393193120000433,0.0,0.14682720100017832,7.032198677000451,7.17902587800063,5,0.07538553368576033,0.19058253271372722,1.0,0.4332672527307892,0.3899473746308265,0.4702082031225084,0.2404889443402375
3000,1.0,3000,46,42,20,5,5,True,ok,selected_multi_metric_xb_worsening_patience,sample_select_project,5.192879365000408,0.0,0.002392486999724497,0.14561942600039401,5.195271852000133,5.340891278000527,5,0.07538553368576033,0.19058253271372722,1.0,0.4332672527307892,0.3899473746308265,0.4702082031225084,0.2404889443402375
3000,1.0,3000,46,43,20,5,5,True,ok,selected_multi_metric_xb_worsening_patience,sample_select_full_fit,4.522803086999829,1.2093854800000372,0.0,0.1751536759998089,5.7321885669998665,5.907342242999675,5,0.07538553368576033,0.19058275959951312,1.0,0.43326725273078914,0.3899473746308265,0.4702082031225084,0.2404889443402375
3000,1.0,3000,46,43,20,5,5,True,ok,selected_multi_metric_xb_worsening_patience,sample_select_project,4.522803086999829,0.0,0.0023547170003439533,0.14447419499992975,4.525157804000173,4.669631999000103,5,0.07538553368576033,0.19058275959951312,1.0,0.43326725273078914,0.3899473746308265,0.4702082031225084,0.2404889443402375
3000,1.0,3000,46,44,20,5,5,True,ok,selected_multi_metric_xb_worsening_patience,sample_select_full_fit,5.648813162000351,1.846909326000059,0.0,0.1661461319999944,7.4957224880004105,7.661868620000405,5,0.07538553368576033,0.1905825285231309,1.0,0.43326725273078914,0.3899473746308265,0.4702082031225084,0.2404889443402375
3000,1.0,3000,46,44,20,5,5,True,ok,selected_multi_metric_xb_worsening_patience,sample_select_project,5.648813162000351,0.0,0.005627766000088741,0.17642304499986494,5.65444092800044,5.830863973000305,5,0.07538553368576033,0.1905825285231309,1.0,0.43326725273078914,0.3899473746308265,0.4702082031225084,0.2404889443402375
