class,class_hierarchy,id,tag,raw_pca_euclidean_fcm_m1p1_label,raw_pca_euclidean_fcm_m1p1_max_membership,raw_pca_euclidean_fcm_m1p05_label,raw_pca_euclidean_fcm_m1p05_max_membership
Artist,"['People', 'Arts', 'Artist']",0,People,5,0.9519600098292265,4,0.9983570172761898
Artist,"['People', 'Arts', 'Artist']",1,People,5,0.785197564034388,4,0.9865947155910643
Artist,"['People', 'Arts', 'Artist']",2,People,0,0.9315884585641784,3,0.9993213818048009
Artist,"['People', 'Arts', 'Artist']",3,People,0,0.8855806284649047,3,0.9946519061787954
Artist,"['People', 'Arts', 'Artist']",4,People,0,0.7098884823630245,3,0.9682571730284306
Artist,"['People', 'Arts', 'Artist']",5,People,5,0.6986095864634316,4,0.9561177044126447
Artist,"['People', 'Arts', 'Artist']",6,People,0,0.6973052358910646,3,0.9776758936917082
Artist,"['People', 'Arts', 'Artist']",7,People,2,0.7272829095516046,7,0.928216078069995
Artist,"['People', 'Arts', 'Artist']",8,People,0,0.9686481247307734,3,0.999861913247307
Artist,"['People', 'Arts', 'Artist']",9,People,0,0.6961390330427527,3,0.9684447298733728
Artist,"['People', 'Arts', 'Artist']",10,People,0,0.9310503926242042,3,0.9991870339739317
Artist,"['People', 'Arts', 'Artist']",11,People,0,0.9419145854465885,3,0.9993038656766695
Artist,"['People', 'Arts', 'Artist']",12,People,0,0.6179371821093117,3,0.9345522396434035
Artist,"['People', 'Arts', 'Artist']",13,People,5,0.3914397886369416,4,0.5498206974036286
Artist,"['People', 'Arts', 'Artist']",14,People,0,0.8955440126908272,3,0.9946797869127466
Artist,"['People', 'Arts', 'Artist']",15,People,0,0.7681936283750846,3,0.9809857116846228
Artist,"['People', 'Arts', 'Artist']",16,People,0,0.7319482315447369,3,0.966264079394844
Artist,"['People', 'Arts', 'Artist']",17,People,5,0.6687985754928163,4,0.9123804461321054
Artist,"['People', 'Arts', 'Artist']",18,People,0,0.5920054201693885,3,0.9209305480429566
Artist,"['People', 'Arts', 'Artist']",19,People,0,0.5811312128575771,3,0.7756133149595942
Artist,"['People', 'Arts', 'Artist']",20,People,0,0.8391781323245765,3,0.994263089756607
Artist,"['People', 'Arts', 'Artist']",21,People,5,0.6417394602772628,4,0.9358948251451732
Artist,"['People', 'Arts', 'Artist']",22,People,0,0.6332747808079681,3,0.958052119471854
Artist,"['People', 'Arts', 'Artist']",23,People,0,0.84412148206519,3,0.9955439107793952
Artist,"['People', 'Arts', 'Artist']",24,People,5,0.6315697856672883,4,0.9393147734145334
Artist,"['People', 'Arts', 'Artist']",25,People,5,0.6499334645159565,4,0.9223394309162755
Artist,"['People', 'Arts', 'Artist']",26,People,0,0.673945874511287,3,0.9484182006445074
Artist,"['People', 'Arts', 'Artist']",27,People,0,0.883431408320745,3,0.9970893132725661
Artist,"['People', 'Arts', 'Artist']",28,People,0,0.8637484037370192,3,0.99230485821367
Artist,"['People', 'Arts', 'Artist']",29,People,0,0.9455078732469248,3,0.9995721267975887
Artist,"['People', 'Arts', 'Artist']",30,People,0,0.9063418708181891,3,0.9987799716670269
Artist,"['People', 'Arts', 'Artist']",31,People,0,0.9263143342852406,3,0.999223104831733
Artist,"['People', 'Arts', 'Artist']",32,People,5,0.4303699351553364,4,0.5917806543043518
Artist,"['People', 'Arts', 'Artist']",33,People,5,0.7872035367768819,4,0.9909362452077916
Artist,"['People', 'Arts', 'Artist']",34,People,0,0.5430102239670792,3,0.8946822639644515
Artist,"['People', 'Arts', 'Artist']",35,People,0,0.42121228942466443,3,0.7227671506188881
Artist,"['People', 'Arts', 'Artist']",36,People,0,0.9063912888613933,3,0.9982976417447713
Artist,"['People', 'Arts', 'Artist']",37,People,5,0.38244377449926104,3,0.488372772156269
Artist,"['People', 'Arts', 'Artist']",38,People,0,0.9137596882450976,3,0.9967286474000655
Artist,"['People', 'Arts', 'Artist']",39,People,0,0.8965903188109542,3,0.9981166477503141
Artist,"['People', 'Arts', 'Artist']",40,People,0,0.9198167549757393,3,0.9990481908877317
Artist,"['People', 'Arts', 'Artist']",41,People,0,0.5672997385905889,3,0.8778930011690274
Artist,"['People', 'Arts', 'Artist']",42,People,5,0.8739769783352962,4,0.9876502331493949
Artist,"['People', 'Arts', 'Artist']",43,People,0,0.6836119864030493,3,0.9611360337166827
Artist,"['People', 'Arts', 'Artist']",44,People,0,0.8209514034761153,3,0.9891750865295429
Artist,"['People', 'Arts', 'Artist']",45,People,0,0.3944061368760036,3,0.7663800063804547
Artist,"['People', 'Arts', 'Artist']",46,People,0,0.392961525642887,3,0.6931470390068889
Artist,"['People', 'Arts', 'Artist']",47,People,0,0.7274154590915294,3,0.9625951587351386
Artist,"['People', 'Arts', 'Artist']",48,People,3,0.3371239202162145,7,0.520702951916665
Artist,"['People', 'Arts', 'Artist']",49,People,0,0.5836657217527293,3,0.9033998861895529
Artist,"['People', 'Arts', 'Artist']",50,People,0,0.48365310891647434,3,0.8507220009969998
Artist,"['People', 'Arts', 'Artist']",51,People,0,0.5982077071526418,3,0.8658895583695589
Artist,"['People', 'Arts', 'Artist']",52,People,0,0.8933785216457648,3,0.9981011404960163
Artist,"['People', 'Arts', 'Artist']",53,People,5,0.3755432702179512,3,0.5237905888591069
Artist,"['People', 'Arts', 'Artist']",54,People,0,0.9316523476452825,3,0.9993763997857088
Artist,"['People', 'Arts', 'Artist']",55,People,5,0.6109258355333853,4,0.8352431762712893
Artist,"['People', 'Arts', 'Artist']",56,People,0,0.8710170530077912,3,0.9967684396251862
Artist,"['People', 'Arts', 'Artist']",57,People,5,0.4479530442844397,4,0.6889374975081617
Artist,"['People', 'Arts', 'Artist']",58,People,0,0.940167631576356,3,0.9994982634310996
Artist,"['People', 'Arts', 'Artist']",59,People,0,0.6177048326415823,3,0.9335340665545805
Artist,"['People', 'Arts', 'Artist']",60,People,0,0.7112446927876502,3,0.9465296472638373
Artist,"['People', 'Arts', 'Artist']",61,People,5,0.3285097999390968,4,0.4175509725024721
Artist,"['People', 'Arts', 'Artist']",62,People,5,0.6377887293456476,4,0.8370270499264613
Artist,"['People', 'Arts', 'Artist']",63,People,0,0.8550770419539518,3,0.9966123533630745
Artist,"['People', 'Arts', 'Artist']",64,People,0,0.7146339552805346,3,0.9770419765070045
Artist,"['People', 'Arts', 'Artist']",65,People,0,0.9084737943199461,3,0.9986666353436027
Artist,"['People', 'Arts', 'Artist']",66,People,0,0.8867611340767632,3,0.9947800073935994
Artist,"['People', 'Arts', 'Artist']",67,People,2,0.4828239176834637,4,0.5425218551793265
Artist,"['People', 'Arts', 'Artist']",68,People,0,0.8003815428949987,3,0.989329868148538
Artist,"['People', 'Arts', 'Artist']",69,People,5,0.648598175710394,4,0.8086026434987709
Artist,"['People', 'Arts', 'Artist']",70,People,0,0.9059312259185743,3,0.9978596074348531
Artist,"['People', 'Arts', 'Artist']",71,People,0,0.6488890627698821,3,0.9601359777163612
Artist,"['People', 'Arts', 'Artist']",72,People,5,0.8180459361030884,4,0.9694295775918109
Artist,"['People', 'Arts', 'Artist']",73,People,0,0.9399158909387964,3,0.9994029685766167
Artist,"['People', 'Arts', 'Artist']",74,People,0,0.7975736231000858,3,0.9845551419159188
Artist,"['People', 'Arts', 'Artist']",75,People,0,0.8870153302179346,3,0.997578652012301
Artist,"['People', 'Arts', 'Artist']",76,People,0,0.8760565093531354,3,0.9949868515195367
Artist,"['People', 'Arts', 'Artist']",77,People,0,0.7476161534272083,3,0.983884824006127
Artist,"['People', 'Arts', 'Artist']",78,People,5,0.9316520455658175,4,0.9972940031029719
Artist,"['People', 'Arts', 'Artist']",79,People,5,0.901270441960017,4,0.9966880239613801
Artist,"['People', 'Arts', 'Artist']",80,People,0,0.8632446273842863,3,0.9965454465323119
Artist,"['People', 'Arts', 'Artist']",81,People,0,0.9203374857319213,3,0.9985003460070677
Artist,"['People', 'Arts', 'Artist']",82,People,5,0.9750283028756905,4,0.9996450745428912
Artist,"['People', 'Arts', 'Artist']",83,People,0,0.7982096706953883,3,0.9893141537125028
Artist,"['People', 'Arts', 'Artist']",84,People,0,0.9327131311548549,3,0.9984594698337588
Artist,"['People', 'Arts', 'Artist']",85,People,5,0.9058844128524415,4,0.9975345962915084
Artist,"['People', 'Arts', 'Artist']",86,People,0,0.5133915340404281,3,0.8626600541764566
Artist,"['People', 'Arts', 'Artist']",87,People,0,0.7623524392748334,3,0.9890758593858372
Artist,"['People', 'Arts', 'Artist']",88,People,0,0.9297499884225586,3,0.9986431863842397
Artist,"['People', 'Arts', 'Artist']",89,People,0,0.9514029547676319,3,0.9995207312651491
Artist,"['People', 'Arts', 'Artist']",90,People,5,0.7020965980572543,4,0.959171189964417
Artist,"['People', 'Arts', 'Artist']",91,People,0,0.705945103137785,3,0.968270972648867
Artist,"['People', 'Arts', 'Artist']",92,People,0,0.5989548145752673,3,0.9321533498641336
Artist,"['People', 'Arts', 'Artist']",93,People,0,0.8079984552563423,3,0.9911716436302581
Artist,"['People', 'Arts', 'Artist']",94,People,5,0.7927367129446673,4,0.9634930556164492
Artist,"['People', 'Arts', 'Artist']",95,People,0,0.5305375386415987,3,0.8664149642452145
Artist,"['People', 'Arts', 'Artist']",96,People,0,0.8563578066378451,3,0.9942006434194065
Artist,"['People', 'Arts', 'Artist']",97,People,5,0.9006465841751847,4,0.9976302236718464
Artist,"['People', 'Arts', 'Artist']",98,People,2,0.46559127754153035,7,0.6261216635282874
Artist,"['People', 'Arts', 'Artist']",99,People,0,0.9347501659672519,3,0.9989876733114728
Artist,"['People', 'Arts', 'Artist']",100,People,0,0.8531113756366518,3,0.9949396342807608
Artist,"['People', 'Arts', 'Artist']",101,People,0,0.9325320563702095,3,0.9993515629849237
Artist,"['People', 'Arts', 'Artist']",102,People,0,0.9378349874350985,3,0.9994706296186455
Artist,"['People', 'Arts', 'Artist']",103,People,0,0.8278338217136524,3,0.9917560130041556
Artist,"['People', 'Arts', 'Artist']",104,People,0,0.746521128510609,3,0.9762291406289931
Artist,"['People', 'Arts', 'Artist']",105,People,0,0.6530964963243512,3,0.9491985986629875
Artist,"['People', 'Arts', 'Artist']",106,People,0,0.882542305545034,3,0.9971453467858522
Artist,"['People', 'Arts', 'Artist']",107,People,0,0.7699511967072461,3,0.9826601314718985
Artist,"['People', 'Arts', 'Artist']",108,People,0,0.8252546241434203,3,0.9894012385582905
Artist,"['People', 'Arts', 'Artist']",109,People,0,0.733661966259933,3,0.9759075557906358
Artist,"['People', 'Arts', 'Artist']",110,People,5,0.7622209043927458,4,0.9747473371028609
Artist,"['People', 'Arts', 'Artist']",111,People,0,0.8654741963035353,3,0.9976224399630149
Artist,"['People', 'Arts', 'Artist']",112,People,0,0.7498275379942908,3,0.9873832353676583
Artist,"['People', 'Arts', 'Artist']",113,People,0,0.6361090470289393,3,0.9634071537632154
Artist,"['People', 'Arts', 'Artist']",114,People,0,0.9254343302588037,3,0.9985204373510788
Artist,"['People', 'Arts', 'Artist']",115,People,0,0.633534799409751,3,0.9373037232996615
Artist,"['People', 'Arts', 'Artist']",116,People,0,0.8996781015858459,3,0.9976171411267287
Artist,"['People', 'Arts', 'Artist']",117,People,0,0.8592527507074924,3,0.9967240761604493
Artist,"['People', 'Arts', 'Artist']",118,People,0,0.8739666554208383,3,0.9963784461075483
Artist,"['People', 'Arts', 'Artist']",119,People,5,0.3962668562058626,4,0.5713415720580932
Artist,"['People', 'Arts', 'Artist']",120,People,5,0.5942962466630489,4,0.8823524069080241
Artist,"['People', 'Arts', 'Artist']",121,People,5,0.7554558774369335,4,0.9388091864511403
Artist,"['People', 'Arts', 'Artist']",122,People,0,0.8826871229912988,3,0.9967698359070822
Artist,"['People', 'Arts', 'Artist']",123,People,0,0.8916408562061167,3,0.9979168537539607
Artist,"['People', 'Arts', 'Artist']",124,People,0,0.8854806807920421,3,0.9973460085284849
Artist,"['People', 'Arts', 'Artist']",125,People,0,0.8261833804071361,3,0.9875428589031532
Artist,"['People', 'Arts', 'Artist']",126,People,5,0.5973480744998054,4,0.7807902696981488
Artist,"['People', 'Arts', 'Artist']",127,People,5,0.4125370816717559,4,0.5933807150370036
Artist,"['People', 'Arts', 'Artist']",128,People,5,0.8720956429098533,4,0.9952368846769156
Artist,"['People', 'Arts', 'Artist']",129,People,0,0.9309412235505836,3,0.9991676837762573
Artist,"['People', 'Arts', 'Artist']",130,People,5,0.9660462224246424,4,0.9997468661168074
Artist,"['People', 'Arts', 'Artist']",131,People,0,0.8238676456496736,3,0.9932051212095007
Artist,"['People', 'Arts', 'Artist']",132,People,5,0.7333023265375587,4,0.9667719274013491
Artist,"['People', 'Arts', 'Artist']",133,People,5,0.5597866830172841,4,0.8300631631971217
Artist,"['People', 'Arts', 'Artist']",134,People,0,0.9236468135205697,3,0.999006251492176
Artist,"['People', 'Arts', 'Artist']",135,People,0,0.8250709125404281,3,0.9925810704892297
Artist,"['People', 'Arts', 'Artist']",136,People,0,0.8501000531407158,3,0.9907755839305668
Artist,"['People', 'Arts', 'Artist']",137,People,0,0.9087854112569249,3,0.9984791661074205
Artist,"['People', 'Arts', 'Artist']",138,People,0,0.8947404338477561,3,0.9979150671130771
Artist,"['People', 'Arts', 'Artist']",139,People,0,0.5677239135663258,3,0.920833000876129
Artist,"['People', 'Arts', 'Artist']",140,People,0,0.9270391819429775,3,0.999063998461221
Artist,"['People', 'Arts', 'Artist']",141,People,0,0.9508734449250604,3,0.9994192078079471
Artist,"['People', 'Arts', 'Artist']",142,People,0,0.9559334765516493,3,0.9995700643217257
Artist,"['People', 'Arts', 'Artist']",143,People,0,0.8572647735974513,3,0.9941750309896785
Artist,"['People', 'Arts', 'Artist']",144,People,5,0.37529465574266624,4,0.57754397610536
Artist,"['People', 'Arts', 'Artist']",145,People,0,0.6081756650202302,3,0.9477302145106531
Artist,"['People', 'Arts', 'Artist']",146,People,5,0.5058805548081697,4,0.7668154032468213
Artist,"['People', 'Arts', 'Artist']",147,People,0,0.7826301954673821,3,0.988730385338965
Artist,"['People', 'Arts', 'Artist']",148,People,0,0.8597421120782199,3,0.9950914633665682
Artist,"['People', 'Arts', 'Artist']",149,People,0,0.8407031038769912,3,0.9925950270640876
Artist,"['People', 'Arts', 'Artist']",150,People,5,0.9178483920077304,4,0.9976788571695032
Artist,"['People', 'Arts', 'Artist']",151,People,0,0.9270600683144973,3,0.9989314885264396
Artist,"['People', 'Arts', 'Artist']",152,People,0,0.8880855875122298,3,0.9954011340458918
Artist,"['People', 'Arts', 'Artist']",153,People,0,0.5121350722426816,3,0.8710328657894539
Artist,"['People', 'Arts', 'Artist']",154,People,0,0.9289311978897071,3,0.9991030965960863
Artist,"['People', 'Arts', 'Artist']",155,People,5,0.40769904163991,4,0.5108466765124294
Artist,"['People', 'Arts', 'Artist']",156,People,0,0.896709533901732,3,0.9984885899729763
Artist,"['People', 'Arts', 'Artist']",157,People,0,0.9510931444597637,3,0.9995268923198295
Artist,"['People', 'Arts', 'Artist']",158,People,2,0.3816381664406587,7,0.38602253557828325
Artist,"['People', 'Arts', 'Artist']",159,People,0,0.7991940916957284,3,0.9909560984474615
Artist,"['People', 'Arts', 'Artist']",160,People,0,0.9068596747979882,3,0.9982291817125543
Artist,"['People', 'Arts', 'Artist']",161,People,0,0.95868544669534,3,0.9997250499613141
Artist,"['People', 'Arts', 'Artist']",162,People,0,0.4127204213875919,3,0.5764871684519913
Artist,"['People', 'Arts', 'Artist']",163,People,0,0.5841371189590885,3,0.8975731072949479
Artist,"['People', 'Arts', 'Artist']",164,People,0,0.6440710652528568,3,0.9570117797165095
Artist,"['People', 'Arts', 'Artist']",165,People,2,0.40791786123316287,7,0.5349645880590884
Artist,"['People', 'Arts', 'Artist']",166,People,0,0.9226890251211128,3,0.9986279299675478
Athlete,"['People', 'Sports', 'Athlete']",167,People,0,0.9866328337068879,3,0.9999556436857571
Athlete,"['People', 'Sports', 'Athlete']",168,People,0,0.9834736869716533,3,0.9998995566748704
Athlete,"['People', 'Sports', 'Athlete']",169,People,0,0.9873631165288722,3,0.9999633100730493
Athlete,"['People', 'Sports', 'Athlete']",170,People,0,0.967410499104603,3,0.9997665265635058
Athlete,"['People', 'Sports', 'Athlete']",171,People,0,0.9594582551729128,3,0.999466916970893
Athlete,"['People', 'Sports', 'Athlete']",172,People,0,0.909745209792983,3,0.9967334889549657
Athlete,"['People', 'Sports', 'Athlete']",173,People,0,0.9694060523592974,3,0.9997024433762154
Athlete,"['People', 'Sports', 'Athlete']",174,People,0,0.9775550947357494,3,0.9998696213028808
Athlete,"['People', 'Sports', 'Athlete']",175,People,0,0.9829090977639541,3,0.9999159290539019
Athlete,"['People', 'Sports', 'Athlete']",176,People,0,0.9873690517874908,3,0.9999141671935826
Athlete,"['People', 'Sports', 'Athlete']",177,People,0,0.9871619395368594,3,0.9999493109783822
Athlete,"['People', 'Sports', 'Athlete']",178,People,0,0.948680406241637,3,0.999189452644311
Athlete,"['People', 'Sports', 'Athlete']",179,People,0,0.9768005906195856,3,0.9998859478302855
Athlete,"['People', 'Sports', 'Athlete']",180,People,0,0.9890185387964555,3,0.9999676568799161
Athlete,"['People', 'Sports', 'Athlete']",181,People,0,0.9701759414203941,3,0.999739158374606
Athlete,"['People', 'Sports', 'Athlete']",182,People,0,0.9772724927095151,3,0.9998726750518316
Athlete,"['People', 'Sports', 'Athlete']",183,People,0,0.9932845764171624,3,0.999989795192507
Athlete,"['People', 'Sports', 'Athlete']",184,People,0,0.9727090859210868,3,0.9998412761107067
Athlete,"['People', 'Sports', 'Athlete']",185,People,0,0.9558010363323612,3,0.9991292689605139
Athlete,"['People', 'Sports', 'Athlete']",186,People,0,0.9774323709817622,3,0.9998691047287616
Athlete,"['People', 'Sports', 'Athlete']",187,People,0,0.9760313038944269,3,0.9998692712231619
Athlete,"['People', 'Sports', 'Athlete']",188,People,0,0.7539651318588805,3,0.9806189878033047
Athlete,"['People', 'Sports', 'Athlete']",189,People,0,0.9826605323845979,3,0.9999306349146518
Athlete,"['People', 'Sports', 'Athlete']",190,People,0,0.9710448402544305,3,0.9997539359343794
Athlete,"['People', 'Sports', 'Athlete']",191,People,0,0.955266608854159,3,0.9994521698061092
Athlete,"['People', 'Sports', 'Athlete']",192,People,0,0.964429938783921,3,0.9996131344475534
Athlete,"['People', 'Sports', 'Athlete']",193,People,0,0.9663016197889943,3,0.9997698166310084
Athlete,"['People', 'Sports', 'Athlete']",194,People,0,0.8626362456665979,3,0.9881721762816198
Athlete,"['People', 'Sports', 'Athlete']",195,People,0,0.959161813674112,3,0.9996250990031701
Athlete,"['People', 'Sports', 'Athlete']",196,People,0,0.9556346855318234,3,0.9995742597958672
Athlete,"['People', 'Sports', 'Athlete']",197,People,0,0.9824107841893719,3,0.9998985928540514
Athlete,"['People', 'Sports', 'Athlete']",198,People,0,0.7156778807239638,3,0.9589068652289865
Athlete,"['People', 'Sports', 'Athlete']",199,People,0,0.9805892150324873,3,0.9998937996398812
Athlete,"['People', 'Sports', 'Athlete']",200,People,0,0.985529925240458,3,0.9999520342101986
Athlete,"['People', 'Sports', 'Athlete']",201,People,0,0.9451875742837036,3,0.9990355457346737
Athlete,"['People', 'Sports', 'Athlete']",202,People,0,0.9898098143606868,3,0.9999782228084502
Athlete,"['People', 'Sports', 'Athlete']",203,People,0,0.7477071630868877,3,0.9570828697584647
Athlete,"['People', 'Sports', 'Athlete']",204,People,0,0.9888715681370996,3,0.9999683481251255
Athlete,"['People', 'Sports', 'Athlete']",205,People,0,0.9712048211191175,3,0.9996544018832059
Athlete,"['People', 'Sports', 'Athlete']",206,People,0,0.9766974104646617,3,0.9998460999143356
Athlete,"['People', 'Sports', 'Athlete']",207,People,0,0.912042539111728,3,0.9982338829874562
Athlete,"['People', 'Sports', 'Athlete']",208,People,0,0.9550433907673059,3,0.9994086055268916
Athlete,"['People', 'Sports', 'Athlete']",209,People,0,0.9867521078675455,3,0.999962614955444
Athlete,"['People', 'Sports', 'Athlete']",210,People,0,0.9465994854173173,3,0.9989890808388948
Athlete,"['People', 'Sports', 'Athlete']",211,People,0,0.9711022011011211,3,0.9998285728999379
Athlete,"['People', 'Sports', 'Athlete']",212,People,0,0.7502788540396472,3,0.9788161871391861
Athlete,"['People', 'Sports', 'Athlete']",213,People,0,0.9739518037635002,3,0.9998399638319451
Athlete,"['People', 'Sports', 'Athlete']",214,People,0,0.9853615033452796,3,0.9999457655300601
Athlete,"['People', 'Sports', 'Athlete']",215,People,0,0.9800637005731355,3,0.9998696598021134
Athlete,"['People', 'Sports', 'Athlete']",216,People,0,0.994018907547573,3,0.9999944677805205
Athlete,"['People', 'Sports', 'Athlete']",217,People,0,0.96576566961061,3,0.9996797523411922
Athlete,"['People', 'Sports', 'Athlete']",218,People,0,0.7559296132674316,3,0.9824972539527314
Athlete,"['People', 'Sports', 'Athlete']",219,People,0,0.8734522440539372,3,0.9920482281792866
Athlete,"['People', 'Sports', 'Athlete']",220,People,0,0.9934433712414484,3,0.9999907868576354
Athlete,"['People', 'Sports', 'Athlete']",221,People,0,0.957752302817765,3,0.9993694807205562
Athlete,"['People', 'Sports', 'Athlete']",222,People,0,0.8414092182394726,3,0.9859688486963797
Athlete,"['People', 'Sports', 'Athlete']",223,People,0,0.9896520652800749,3,0.9999734745518292
Athlete,"['People', 'Sports', 'Athlete']",224,People,0,0.9794445822819698,3,0.9997897257538916
Athlete,"['People', 'Sports', 'Athlete']",225,People,0,0.9696330362478784,3,0.9996991180760911
Athlete,"['People', 'Sports', 'Athlete']",226,People,0,0.9671857494093266,3,0.9996534338982624
Athlete,"['People', 'Sports', 'Athlete']",227,People,0,0.9767341532763528,3,0.9997845939659482
Athlete,"['People', 'Sports', 'Athlete']",228,People,0,0.9767772133702668,3,0.9997905199988015
Athlete,"['People', 'Sports', 'Athlete']",229,People,0,0.8154596485839481,3,0.9867543428276754
Athlete,"['People', 'Sports', 'Athlete']",230,People,0,0.9590636930829451,3,0.9996028079610856
Athlete,"['People', 'Sports', 'Athlete']",231,People,0,0.9499342492046916,3,0.999126693066547
Athlete,"['People', 'Sports', 'Athlete']",232,People,0,0.963696267848387,3,0.9996943256315486
Athlete,"['People', 'Sports', 'Athlete']",233,People,0,0.9847031746420928,3,0.9999561522771108
Athlete,"['People', 'Sports', 'Athlete']",234,People,0,0.9645471643278106,3,0.9996031402621086
Athlete,"['People', 'Sports', 'Athlete']",235,People,0,0.9807864865582521,3,0.9999005326458789
Athlete,"['People', 'Sports', 'Athlete']",236,People,0,0.9536948905170146,3,0.9994019268464394
Athlete,"['People', 'Sports', 'Athlete']",237,People,0,0.8828881304979205,3,0.9928468262883463
Athlete,"['People', 'Sports', 'Athlete']",238,People,0,0.9776918959577677,3,0.9998533471057979
Athlete,"['People', 'Sports', 'Athlete']",239,People,0,0.9890617537769818,3,0.9999643380585937
Athlete,"['People', 'Sports', 'Athlete']",240,People,0,0.9844579000120055,3,0.9999516852113683
Athlete,"['People', 'Sports', 'Athlete']",241,People,0,0.9901166899861362,3,0.9999764781777345
Athlete,"['People', 'Sports', 'Athlete']",242,People,0,0.9348735245623829,3,0.9985456015822266
Athlete,"['People', 'Sports', 'Athlete']",243,People,0,0.9595993437539565,3,0.9995172620141693
Athlete,"['People', 'Sports', 'Athlete']",244,People,0,0.9639678000504295,3,0.9997402122035256
Athlete,"['People', 'Sports', 'Athlete']",245,People,0,0.9850607603800763,3,0.9999307175657324
Athlete,"['People', 'Sports', 'Athlete']",246,People,0,0.9600489810167038,3,0.9996688651536036
Athlete,"['People', 'Sports', 'Athlete']",247,People,0,0.8322592669979418,3,0.9875406103804485
Athlete,"['People', 'Sports', 'Athlete']",248,People,0,0.9828070449340985,3,0.9999348927864201
Athlete,"['People', 'Sports', 'Athlete']",249,People,0,0.9599924907470707,3,0.999536805896989
Athlete,"['People', 'Sports', 'Athlete']",250,People,0,0.9272060905797577,3,0.9984097998690792
Athlete,"['People', 'Sports', 'Athlete']",251,People,0,0.9510941149364635,3,0.9991214113117508
Athlete,"['People', 'Sports', 'Athlete']",252,People,0,0.9511732589575786,3,0.999179623812814
Athlete,"['People', 'Sports', 'Athlete']",253,People,0,0.9871421525526811,3,0.9999627807179736
Athlete,"['People', 'Sports', 'Athlete']",254,People,0,0.9634261975269507,3,0.9995522655304244
Athlete,"['People', 'Sports', 'Athlete']",255,People,0,0.9680150272803807,3,0.9996989003719858
Athlete,"['People', 'Sports', 'Athlete']",256,People,0,0.9213356638057358,3,0.998443536649082
Athlete,"['People', 'Sports', 'Athlete']",257,People,0,0.9813944536258001,3,0.9999381384405828
Athlete,"['People', 'Sports', 'Athlete']",258,People,0,0.9797771857781783,3,0.9997782400644125
Athlete,"['People', 'Sports', 'Athlete']",259,People,0,0.9794258952748938,3,0.9999041658788369
Athlete,"['People', 'Sports', 'Athlete']",260,People,0,0.8247293815157078,3,0.9851741759548743
Athlete,"['People', 'Sports', 'Athlete']",261,People,0,0.9854310312356654,3,0.9999416210572688
Athlete,"['People', 'Sports', 'Athlete']",262,People,0,0.9821734089231712,3,0.9999187335244158
Athlete,"['People', 'Sports', 'Athlete']",263,People,0,0.9917033198108581,3,0.9999843446949412
Athlete,"['People', 'Sports', 'Athlete']",264,People,0,0.9771228391856072,3,0.9998837158293261
Athlete,"['People', 'Sports', 'Athlete']",265,People,0,0.9755417925404128,3,0.9997840840651501
Athlete,"['People', 'Sports', 'Athlete']",266,People,0,0.9751642579482214,3,0.9998344230993789
Athlete,"['People', 'Sports', 'Athlete']",267,People,0,0.9603541240178824,3,0.9996343893959581
Athlete,"['People', 'Sports', 'Athlete']",268,People,0,0.9824728360747181,3,0.9999110534444272
Athlete,"['People', 'Sports', 'Athlete']",269,People,0,0.9568218238358032,3,0.9994140674985713
Athlete,"['People', 'Sports', 'Athlete']",270,People,0,0.9836029539674526,3,0.9999508605642233
Athlete,"['People', 'Sports', 'Athlete']",271,People,0,0.9316504456401727,3,0.9982890599467016
Athlete,"['People', 'Sports', 'Athlete']",272,People,0,0.9926890078278595,3,0.9999743560720364
Athlete,"['People', 'Sports', 'Athlete']",273,People,0,0.9568974516114235,3,0.9992885767222747
Athlete,"['People', 'Sports', 'Athlete']",274,People,0,0.9864721353902024,3,0.9999227936535888
Athlete,"['People', 'Sports', 'Athlete']",275,People,0,0.9671323212523386,3,0.9997094218508129
Athlete,"['People', 'Sports', 'Athlete']",276,People,0,0.97349854996451,3,0.9997965316393298
Athlete,"['People', 'Sports', 'Athlete']",277,People,0,0.9821233750326384,3,0.9999125668869201
Athlete,"['People', 'Sports', 'Athlete']",278,People,0,0.9636919228507836,3,0.9995563698030763
Athlete,"['People', 'Sports', 'Athlete']",279,People,0,0.9562752042692297,3,0.999373703191238
Athlete,"['People', 'Sports', 'Athlete']",280,People,0,0.9765276538084645,3,0.9998393876297955
Athlete,"['People', 'Sports', 'Athlete']",281,People,0,0.9640720781206349,3,0.9994891491499758
Athlete,"['People', 'Sports', 'Athlete']",282,People,0,0.9894360374701471,3,0.9999759147555903
Athlete,"['People', 'Sports', 'Athlete']",283,People,0,0.8647451244222744,3,0.9922142762702385
Athlete,"['People', 'Sports', 'Athlete']",284,People,0,0.9385956382571183,3,0.9990156460525422
Athlete,"['People', 'Sports', 'Athlete']",285,People,0,0.9755897327871201,3,0.9998617822029188
Athlete,"['People', 'Sports', 'Athlete']",286,People,0,0.9658849870620374,3,0.999588791282022
Athlete,"['People', 'Sports', 'Athlete']",287,People,0,0.9825937509720707,3,0.9999200494378485
Athlete,"['People', 'Sports', 'Athlete']",288,People,0,0.9649443802145982,3,0.9995791698349824
Athlete,"['People', 'Sports', 'Athlete']",289,People,0,0.97682317234794,3,0.9998377929513451
Athlete,"['People', 'Sports', 'Athlete']",290,People,0,0.9398051310306462,3,0.9986474275063436
Athlete,"['People', 'Sports', 'Athlete']",291,People,0,0.9198698934130967,3,0.9981089231747529
Athlete,"['People', 'Sports', 'Athlete']",292,People,0,0.9706654645270258,3,0.9996807590660035
Athlete,"['People', 'Sports', 'Athlete']",293,People,0,0.9552263880904159,3,0.999519726942239
Athlete,"['People', 'Sports', 'Athlete']",294,People,0,0.974289625999623,3,0.9998589038724913
Athlete,"['People', 'Sports', 'Athlete']",295,People,0,0.9648321318860075,3,0.9997005071889213
Athlete,"['People', 'Sports', 'Athlete']",296,People,0,0.968466733182301,3,0.9996600090659941
Athlete,"['People', 'Sports', 'Athlete']",297,People,0,0.9590225471268442,3,0.9994630472489421
Athlete,"['People', 'Sports', 'Athlete']",298,People,0,0.9619230152598441,3,0.9995610634130504
Athlete,"['People', 'Sports', 'Athlete']",299,People,0,0.9574823178962173,3,0.9992889140473324
Athlete,"['People', 'Sports', 'Athlete']",300,People,0,0.9476427256580493,3,0.9991341923788568
Athlete,"['People', 'Sports', 'Athlete']",301,People,0,0.9857420951037681,3,0.9999483290746042
Athlete,"['People', 'Sports', 'Athlete']",302,People,0,0.9722202363563964,3,0.999759690702932
Athlete,"['People', 'Sports', 'Athlete']",303,People,0,0.8098480791375279,3,0.9892307260302903
Athlete,"['People', 'Sports', 'Athlete']",304,People,0,0.9875869305259296,3,0.9999660111026277
Athlete,"['People', 'Sports', 'Athlete']",305,People,0,0.9294070279519233,3,0.9985818731582032
Athlete,"['People', 'Sports', 'Athlete']",306,People,0,0.8751812336542408,3,0.9905852477242078
Athlete,"['People', 'Sports', 'Athlete']",307,People,0,0.9634485577016036,3,0.9995548343904608
Athlete,"['People', 'Sports', 'Athlete']",308,People,0,0.9433303923986159,3,0.9989150937059443
Athlete,"['People', 'Sports', 'Athlete']",309,People,0,0.9661864906698929,3,0.9995079767299132
Athlete,"['People', 'Sports', 'Athlete']",310,People,0,0.975011503465768,3,0.999828480650774
Athlete,"['People', 'Sports', 'Athlete']",311,People,0,0.9555025494500381,3,0.9995246076133902
Athlete,"['People', 'Sports', 'Athlete']",312,People,0,0.9841393294739186,3,0.9999214625892674
Athlete,"['People', 'Sports', 'Athlete']",313,People,0,0.9393431090203365,3,0.9988600658113292
Athlete,"['People', 'Sports', 'Athlete']",314,People,0,0.9893350417706389,3,0.9999702625070186
Athlete,"['People', 'Sports', 'Athlete']",315,People,0,0.9889668816979524,3,0.9999605264652546
Athlete,"['People', 'Sports', 'Athlete']",316,People,0,0.9827187215029711,3,0.9998982889094742
Athlete,"['People', 'Sports', 'Athlete']",317,People,0,0.9175368498163426,3,0.9967564484599034
Athlete,"['People', 'Sports', 'Athlete']",318,People,0,0.9810137671606936,3,0.9999255242386877
Athlete,"['People', 'Sports', 'Athlete']",319,People,0,0.9276252995585086,3,0.9987131439911675
Athlete,"['People', 'Sports', 'Athlete']",320,People,0,0.976822104946012,3,0.9998446567712893
Athlete,"['People', 'Sports', 'Athlete']",321,People,0,0.9749615300924975,3,0.999819580970205
Athlete,"['People', 'Sports', 'Athlete']",322,People,0,0.9719394844598234,3,0.9997689743051782
Athlete,"['People', 'Sports', 'Athlete']",323,People,0,0.9524003891316375,3,0.9987151147518925
Athlete,"['People', 'Sports', 'Athlete']",324,People,0,0.9623452044400791,3,0.9995396895542753
Athlete,"['People', 'Sports', 'Athlete']",325,People,0,0.9910170570990726,3,0.9999809153816287
Athlete,"['People', 'Sports', 'Athlete']",326,People,0,0.990068984736414,3,0.9999818430841263
Athlete,"['People', 'Sports', 'Athlete']",327,People,0,0.7542591907297805,3,0.9711090070410143
Athlete,"['People', 'Sports', 'Athlete']",328,People,0,0.979355222843126,3,0.9999275112275547
Athlete,"['People', 'Sports', 'Athlete']",329,People,0,0.9722185088389246,3,0.9998013021913521
Athlete,"['People', 'Sports', 'Athlete']",330,People,0,0.864608142788871,3,0.9930207812869433
Athlete,"['People', 'Sports', 'Athlete']",331,People,0,0.9740147054727634,3,0.9997907972760883
Athlete,"['People', 'Sports', 'Athlete']",332,People,0,0.9615309491716428,3,0.9993945303767631
Athlete,"['People', 'Sports', 'Athlete']",333,People,0,0.9262464517474186,3,0.9988317614857694
Politician,"['People', 'PublicLife', 'Politician']",334,People,0,0.9899493111836809,3,0.9999779442857748
Politician,"['People', 'PublicLife', 'Politician']",335,People,0,0.9829838918477722,3,0.9999325219395159
Politician,"['People', 'PublicLife', 'Politician']",336,People,0,0.9670071961456619,3,0.9997136881233466
Politician,"['People', 'PublicLife', 'Politician']",337,People,0,0.9820717708138268,3,0.9999328548893837
Politician,"['People', 'PublicLife', 'Politician']",338,People,0,0.9793162174968584,3,0.9999102070480614
Politician,"['People', 'PublicLife', 'Politician']",339,People,0,0.9697035353555464,3,0.999754545120253
Politician,"['People', 'PublicLife', 'Politician']",340,People,2,0.33852447395486845,7,0.7967816695951122
Politician,"['People', 'PublicLife', 'Politician']",341,People,0,0.8607174277966855,3,0.9948600614254451
Politician,"['People', 'PublicLife', 'Politician']",342,People,0,0.9403271977290029,3,0.9992369808036194
Politician,"['People', 'PublicLife', 'Politician']",343,People,0,0.840151490655286,3,0.9926188506487363
Politician,"['People', 'PublicLife', 'Politician']",344,People,0,0.8757391021206493,3,0.9890814470233329
Politician,"['People', 'PublicLife', 'Politician']",345,People,0,0.9941776768510805,3,0.9999916462947748
Politician,"['People', 'PublicLife', 'Politician']",346,People,0,0.9670909214523492,3,0.9997742040127948
Politician,"['People', 'PublicLife', 'Politician']",347,People,0,0.9480547005336366,3,0.999362519590433
Politician,"['People', 'PublicLife', 'Politician']",348,People,0,0.9307783850800277,3,0.9984898653493275
Politician,"['People', 'PublicLife', 'Politician']",349,People,0,0.9902680884382532,3,0.9999784210412888
Politician,"['People', 'PublicLife', 'Politician']",350,People,0,0.9880579706168124,3,0.9999758439933535
Politician,"['People', 'PublicLife', 'Politician']",351,People,0,0.9817768113845369,3,0.9999241850041758
Politician,"['People', 'PublicLife', 'Politician']",352,People,0,0.9897261071501108,3,0.9999798482599943
Politician,"['People', 'PublicLife', 'Politician']",353,People,0,0.9515071232936892,3,0.9994022855184356
Politician,"['People', 'PublicLife', 'Politician']",354,People,0,0.9580868782502016,3,0.9996025176612622
Politician,"['People', 'PublicLife', 'Politician']",355,People,0,0.9816058477278078,3,0.9999275260441322
Politician,"['People', 'PublicLife', 'Politician']",356,People,0,0.9082308419135962,3,0.9980951089210258
Politician,"['People', 'PublicLife', 'Politician']",357,People,0,0.9275224865952743,3,0.9987194227616515
Politician,"['People', 'PublicLife', 'Politician']",358,People,2,0.39694427279226,3,0.549130433936833
Politician,"['People', 'PublicLife', 'Politician']",359,People,0,0.9723720034706266,3,0.9998315134536765
Politician,"['People', 'PublicLife', 'Politician']",360,People,0,0.9653193680003976,3,0.9997264916774999
Politician,"['People', 'PublicLife', 'Politician']",361,People,0,0.9646856883375088,3,0.9996164487006376
Politician,"['People', 'PublicLife', 'Politician']",362,People,0,0.9362124522041047,3,0.9991701928300174
Politician,"['People', 'PublicLife', 'Politician']",363,People,0,0.9366424345853936,3,0.999279016180534
Politician,"['People', 'PublicLife', 'Politician']",364,People,0,0.98555375555351,3,0.9999564609649695
Politician,"['People', 'PublicLife', 'Politician']",365,People,0,0.8970032049460583,3,0.9970568370830117
Politician,"['People', 'PublicLife', 'Politician']",366,People,0,0.9684769774284349,3,0.9997940854602158
Politician,"['People', 'PublicLife', 'Politician']",367,People,0,0.9270997154222053,3,0.9985929684237868
Politician,"['People', 'PublicLife', 'Politician']",368,People,0,0.9958034283344573,3,0.9999967039717744
Politician,"['People', 'PublicLife', 'Politician']",369,People,0,0.9678508146297403,3,0.9998022659307747
Politician,"['People', 'PublicLife', 'Politician']",370,People,2,0.592411976797474,7,0.6915036964092857
Politician,"['People', 'PublicLife', 'Politician']",371,People,0,0.9620935798499135,3,0.9997324726294232
Politician,"['People', 'PublicLife', 'Politician']",372,People,2,0.3340574854181272,7,0.7680369790766399
Politician,"['People', 'PublicLife', 'Politician']",373,People,0,0.9777185703366708,3,0.9998804704380526
Politician,"['People', 'PublicLife', 'Politician']",374,People,0,0.9265702836012847,3,0.9988748842378987
Politician,"['People', 'PublicLife', 'Politician']",375,People,0,0.9806849589258974,3,0.9999309000831156
Politician,"['People', 'PublicLife', 'Politician']",376,People,0,0.9303878893412709,3,0.9987784750803544
Politician,"['People', 'PublicLife', 'Politician']",377,People,0,0.8909271133344933,3,0.9949018879423573
Politician,"['People', 'PublicLife', 'Politician']",378,People,2,0.30360647610011365,7,0.6758857200880649
Politician,"['People', 'PublicLife', 'Politician']",379,People,0,0.984876788615347,3,0.9999514678757304
Politician,"['People', 'PublicLife', 'Politician']",380,People,0,0.7502454813956814,3,0.9823172600832868
Politician,"['People', 'PublicLife', 'Politician']",381,People,0,0.9798458975315287,3,0.9999132130873524
Politician,"['People', 'PublicLife', 'Politician']",382,People,0,0.9577774225719894,3,0.9995974649381095
Politician,"['People', 'PublicLife', 'Politician']",383,People,0,0.9646100582810997,3,0.9995272282645796
Politician,"['People', 'PublicLife', 'Politician']",384,People,0,0.9266194010339163,3,0.9987994755565087
Politician,"['People', 'PublicLife', 'Politician']",385,People,0,0.919524070015749,3,0.9975040114284344
Politician,"['People', 'PublicLife', 'Politician']",386,People,2,0.3419211163807828,7,0.7780028650674445
Politician,"['People', 'PublicLife', 'Politician']",387,People,0,0.9743243910389657,3,0.99987301984323
Politician,"['People', 'PublicLife', 'Politician']",388,People,0,0.8648732453676662,3,0.9937487487549455
Politician,"['People', 'PublicLife', 'Politician']",389,People,0,0.8457017971149874,3,0.9948364632254955
Politician,"['People', 'PublicLife', 'Politician']",390,People,0,0.9766990477833178,3,0.9999126168152964
Politician,"['People', 'PublicLife', 'Politician']",391,People,0,0.9835431670435156,3,0.9999380977782218
Politician,"['People', 'PublicLife', 'Politician']",392,People,0,0.9923737730168831,3,0.9999885786919226
Politician,"['People', 'PublicLife', 'Politician']",393,People,0,0.9583488931438074,3,0.9996091460999154
Politician,"['People', 'PublicLife', 'Politician']",394,People,0,0.970353200340319,3,0.9997532485777879
Politician,"['People', 'PublicLife', 'Politician']",395,People,2,0.3212292024394476,7,0.7366249527759113
Politician,"['People', 'PublicLife', 'Politician']",396,People,0,0.9749156874017614,3,0.9998482157453633
Politician,"['People', 'PublicLife', 'Politician']",397,People,2,0.3456189936805818,7,0.787917271805392
Politician,"['People', 'PublicLife', 'Politician']",398,People,2,0.31653140564630367,7,0.7314398882484806
Politician,"['People', 'PublicLife', 'Politician']",399,People,0,0.9765149955837648,3,0.9998884413781989
Politician,"['People', 'PublicLife', 'Politician']",400,People,0,0.9338329304539581,3,0.9982264887993686
Politician,"['People', 'PublicLife', 'Politician']",401,People,0,0.9664240715881073,3,0.9997704500083818
Politician,"['People', 'PublicLife', 'Politician']",402,People,0,0.6236589910699132,3,0.9381940163482093
Politician,"['People', 'PublicLife', 'Politician']",403,People,0,0.9476169235707181,3,0.9992998625719388
Politician,"['People', 'PublicLife', 'Politician']",404,People,0,0.9754054398991003,3,0.9998832853577138
Politician,"['People', 'PublicLife', 'Politician']",405,People,0,0.9401517186699501,3,0.9991950533116729
Politician,"['People', 'PublicLife', 'Politician']",406,People,0,0.9786589840669062,3,0.9998679479305839
Politician,"['People', 'PublicLife', 'Politician']",407,People,2,0.26990797423395985,7,0.6167288136603862
Politician,"['People', 'PublicLife', 'Politician']",408,People,0,0.9673448305030433,3,0.999739352353556
Politician,"['People', 'PublicLife', 'Politician']",409,People,0,0.8169996432554969,3,0.9886678802513497
Politician,"['People', 'PublicLife', 'Politician']",410,People,0,0.9814831198449983,3,0.9999323415033009
Politician,"['People', 'PublicLife', 'Politician']",411,People,0,0.9897513588165763,3,0.999980934645284
Politician,"['People', 'PublicLife', 'Politician']",412,People,0,0.8855734792119997,3,0.9964282905691239
Politician,"['People', 'PublicLife', 'Politician']",413,People,0,0.9490385134735397,3,0.9993791999580668
Politician,"['People', 'PublicLife', 'Politician']",414,People,0,0.984054671170924,3,0.9999490388706324
Politician,"['People', 'PublicLife', 'Politician']",415,People,0,0.8914019384504688,3,0.996645961118514
Politician,"['People', 'PublicLife', 'Politician']",416,People,0,0.9770558581712012,3,0.9999005589514752
Politician,"['People', 'PublicLife', 'Politician']",417,People,0,0.9497438598237451,3,0.9994621208213991
Politician,"['People', 'PublicLife', 'Politician']",418,People,2,0.3300323943360185,7,0.744699005732712
Politician,"['People', 'PublicLife', 'Politician']",419,People,0,0.9096422278172376,3,0.9979094282596478
Politician,"['People', 'PublicLife', 'Politician']",420,People,0,0.9598700560527409,3,0.9996598639197479
Politician,"['People', 'PublicLife', 'Politician']",421,People,0,0.9796308256430101,3,0.9999065669440972
Politician,"['People', 'PublicLife', 'Politician']",422,People,0,0.9046098143514756,3,0.997743821469137
Politician,"['People', 'PublicLife', 'Politician']",423,People,0,0.7989919926104437,3,0.9855946967845197
Politician,"['People', 'PublicLife', 'Politician']",424,People,0,0.9658420893810693,3,0.9997435653649707
Politician,"['People', 'PublicLife', 'Politician']",425,People,0,0.9688259776266697,3,0.9998166844140076
Politician,"['People', 'PublicLife', 'Politician']",426,People,0,0.9867666014602946,3,0.999962029297662
Politician,"['People', 'PublicLife', 'Politician']",427,People,0,0.9745842672746302,3,0.9998747842051734
Politician,"['People', 'PublicLife', 'Politician']",428,People,0,0.9535785077279458,3,0.999503246989135
Politician,"['People', 'PublicLife', 'Politician']",429,People,0,0.9801555095917334,3,0.9999318915984218
Politician,"['People', 'PublicLife', 'Politician']",430,People,2,0.33215336857168665,7,0.7472215831646092
Politician,"['People', 'PublicLife', 'Politician']",431,People,0,0.987488259886348,3,0.9999702467758462
Politician,"['People', 'PublicLife', 'Politician']",432,People,0,0.9773070363467579,3,0.9998901091094458
Politician,"['People', 'PublicLife', 'Politician']",433,People,0,0.9789055941774508,3,0.9999291880466264
Politician,"['People', 'PublicLife', 'Politician']",434,People,0,0.9690909768896045,3,0.9998005365279771
Politician,"['People', 'PublicLife', 'Politician']",435,People,0,0.40994336720028973,3,0.7979908411426175
Politician,"['People', 'PublicLife', 'Politician']",436,People,0,0.9913621806882863,3,0.9999874900161065
Politician,"['People', 'PublicLife', 'Politician']",437,People,0,0.9586986507159942,3,0.9995352505669024
Politician,"['People', 'PublicLife', 'Politician']",438,People,0,0.9802649723987279,3,0.9999146285636826
Politician,"['People', 'PublicLife', 'Politician']",439,People,0,0.987611835922829,3,0.9999703493239448
Politician,"['People', 'PublicLife', 'Politician']",440,People,1,0.24751949374523133,7,0.4893444925322071
Politician,"['People', 'PublicLife', 'Politician']",441,People,0,0.9739417434840403,3,0.9998787017306111
Politician,"['People', 'PublicLife', 'Politician']",442,People,0,0.9644549437059936,3,0.9997702274360906
Politician,"['People', 'PublicLife', 'Politician']",443,People,0,0.9876572501481387,3,0.9999686384026586
Politician,"['People', 'PublicLife', 'Politician']",444,People,0,0.9651967496161308,3,0.9996921334487526
Politician,"['People', 'PublicLife', 'Politician']",445,People,0,0.9878626580004125,3,0.9999752635316138
Politician,"['People', 'PublicLife', 'Politician']",446,People,0,0.9355448712443157,3,0.9990296269317736
Politician,"['People', 'PublicLife', 'Politician']",447,People,0,0.9562899061525613,3,0.9994690325958484
Politician,"['People', 'PublicLife', 'Politician']",448,People,0,0.979201358027009,3,0.999908933057575
Politician,"['People', 'PublicLife', 'Politician']",449,People,0,0.9774071704899976,3,0.9997322151696438
Politician,"['People', 'PublicLife', 'Politician']",450,People,0,0.8997519590112792,3,0.9959348005451534
Politician,"['People', 'PublicLife', 'Politician']",451,People,0,0.989060291049588,3,0.9999751799866119
Politician,"['People', 'PublicLife', 'Politician']",452,People,0,0.9889158090102084,3,0.9999754320851767
Politician,"['People', 'PublicLife', 'Politician']",453,People,2,0.3604214884951907,7,0.7384365082788973
Politician,"['People', 'PublicLife', 'Politician']",454,People,0,0.9691125875367546,3,0.999747720482575
Politician,"['People', 'PublicLife', 'Politician']",455,People,0,0.9353592806336273,3,0.9989297986827895
Politician,"['People', 'PublicLife', 'Politician']",456,People,0,0.9902844021470131,3,0.9999827673542104
Politician,"['People', 'PublicLife', 'Politician']",457,People,0,0.9594555422990932,3,0.9996326353007391
Politician,"['People', 'PublicLife', 'Politician']",458,People,0,0.9322509893797017,3,0.9990130291534841
Politician,"['People', 'PublicLife', 'Politician']",459,People,2,0.3169237337864443,7,0.7294423644755981
Politician,"['People', 'PublicLife', 'Politician']",460,People,0,0.9919564207093334,3,0.9999847569577258
Politician,"['People', 'PublicLife', 'Politician']",461,People,0,0.9408174380375609,3,0.9992101443766669
Politician,"['People', 'PublicLife', 'Politician']",462,People,0,0.9363888469588895,3,0.9990698200044666
Politician,"['People', 'PublicLife', 'Politician']",463,People,0,0.9340053558359142,3,0.9988012690476316
Politician,"['People', 'PublicLife', 'Politician']",464,People,0,0.9000562603942647,3,0.9971554825655835
Politician,"['People', 'PublicLife', 'Politician']",465,People,0,0.5979227159936893,3,0.9036457559303935
Politician,"['People', 'PublicLife', 'Politician']",466,People,0,0.9761526606859089,3,0.9998498299270416
Politician,"['People', 'PublicLife', 'Politician']",467,People,0,0.9283636192198813,3,0.9989562761703218
Politician,"['People', 'PublicLife', 'Politician']",468,People,0,0.992905512368807,3,0.9999890696004882
Politician,"['People', 'PublicLife', 'Politician']",469,People,2,0.2909412963310696,7,0.6459299283638889
Politician,"['People', 'PublicLife', 'Politician']",470,People,0,0.9822095690941669,3,0.9999309581431077
Politician,"['People', 'PublicLife', 'Politician']",471,People,0,0.9807226434900633,3,0.9999179664709336
Politician,"['People', 'PublicLife', 'Politician']",472,People,0,0.9839841718154413,3,0.9999383828493924
Politician,"['People', 'PublicLife', 'Politician']",473,People,0,0.984010885892736,3,0.9999455711474097
Politician,"['People', 'PublicLife', 'Politician']",474,People,0,0.9483617364935432,3,0.9993738758421229
Politician,"['People', 'PublicLife', 'Politician']",475,People,0,0.9858275871457285,3,0.9999485694540327
Politician,"['People', 'PublicLife', 'Politician']",476,People,0,0.9682507147110311,3,0.9997839375438566
Politician,"['People', 'PublicLife', 'Politician']",477,People,0,0.9074400512750904,3,0.997526052826667
Politician,"['People', 'PublicLife', 'Politician']",478,People,0,0.8756929989141434,3,0.9899184464188878
Politician,"['People', 'PublicLife', 'Politician']",479,People,0,0.9655841839325375,3,0.9996633138340664
Politician,"['People', 'PublicLife', 'Politician']",480,People,2,0.365114227933399,7,0.8232875645434089
Politician,"['People', 'PublicLife', 'Politician']",481,People,0,0.9821414246366361,3,0.9999400389800831
Politician,"['People', 'PublicLife', 'Politician']",482,People,0,0.9732453936012003,3,0.9997590640332118
Politician,"['People', 'PublicLife', 'Politician']",483,People,0,0.9316733937231455,3,0.9989705478143529
Politician,"['People', 'PublicLife', 'Politician']",484,People,0,0.984773782998131,3,0.9999363014699423
Politician,"['People', 'PublicLife', 'Politician']",485,People,0,0.9504212920912348,3,0.9995840126299105
Politician,"['People', 'PublicLife', 'Politician']",486,People,0,0.99140167863622,3,0.9999809168114612
Politician,"['People', 'PublicLife', 'Politician']",487,People,0,0.9337266709462149,3,0.9992759313983137
Politician,"['People', 'PublicLife', 'Politician']",488,People,0,0.9956115756593807,3,0.999995376880028
Politician,"['People', 'PublicLife', 'Politician']",489,People,0,0.8025553462714223,3,0.9831403773418604
Politician,"['People', 'PublicLife', 'Politician']",490,People,0,0.9891875614165901,3,0.9999792303480959
Politician,"['People', 'PublicLife', 'Politician']",491,People,0,0.9321787252380398,3,0.9989653843772346
Politician,"['People', 'PublicLife', 'Politician']",492,People,0,0.9741120561701051,3,0.9998645297911495
Politician,"['People', 'PublicLife', 'Politician']",493,People,0,0.9786747826443067,3,0.9999128692826321
Politician,"['People', 'PublicLife', 'Politician']",494,People,0,0.969985677132074,3,0.9998048990766057
Politician,"['People', 'PublicLife', 'Politician']",495,People,0,0.9686711660275438,3,0.9997887968917575
Politician,"['People', 'PublicLife', 'Politician']",496,People,2,0.3079913994868011,7,0.7219927160375842
Politician,"['People', 'PublicLife', 'Politician']",497,People,0,0.9814145742181346,3,0.9999084497382655
Politician,"['People', 'PublicLife', 'Politician']",498,People,0,0.9793896645679544,3,0.9999005530546634
Politician,"['People', 'PublicLife', 'Politician']",499,People,0,0.9362476414656157,3,0.9989804947874189
NaturalPlace,"['Places', 'Nature', 'NaturalPlace']",500,Places,7,0.9378703001299472,6,0.9991245804917334
NaturalPlace,"['Places', 'Nature', 'NaturalPlace']",501,Places,7,0.9812533383110831,6,0.999934402251427
NaturalPlace,"['Places', 'Nature', 'NaturalPlace']",502,Places,7,0.8609043257022305,6,0.997696647017955
NaturalPlace,"['Places', 'Nature', 'NaturalPlace']",503,Places,7,0.9727454538502044,6,0.9999321546398535
NaturalPlace,"['Places', 'Nature', 'NaturalPlace']",504,Places,7,0.9936238289922561,6,0.9999899689060773
NaturalPlace,"['Places', 'Nature', 'NaturalPlace']",505,Places,7,0.978931830297011,6,0.9999474628681057
NaturalPlace,"['Places', 'Nature', 'NaturalPlace']",506,Places,7,0.6187263915955081,6,0.9610287940706622
NaturalPlace,"['Places', 'Nature', 'NaturalPlace']",507,Places,7,0.9002762145819233,6,0.998438014031787
NaturalPlace,"['Places', 'Nature', 'NaturalPlace']",508,Places,7,0.977990562043057,6,0.9999484000502482
NaturalPlace,"['Places', 'Nature', 'NaturalPlace']",509,Places,7,0.9542880799574055,6,0.9994487889782896
NaturalPlace,"['Places', 'Nature', 'NaturalPlace']",510,Places,7,0.9245495947817073,6,0.9990230297692896
NaturalPlace,"['Places', 'Nature', 'NaturalPlace']",511,Places,2,0.43338289863890317,7,0.8758928437783782
NaturalPlace,"['Places', 'Nature', 'NaturalPlace']",512,Places,7,0.7506512647986224,6,0.98147969675777
NaturalPlace,"['Places', 'Nature', 'NaturalPlace']",513,Places,7,0.39944157233989613,6,0.8357865477296282
NaturalPlace,"['Places', 'Nature', 'NaturalPlace']",514,Places,3,0.3747103222230926,6,0.676844198700665
NaturalPlace,"['Places', 'Nature', 'NaturalPlace']",515,Places,7,0.867006932788811,6,0.9981380599063272
NaturalPlace,"['Places', 'Nature', 'NaturalPlace']",516,Places,7,0.9537899984390878,6,0.9997175416038364
NaturalPlace,"['Places', 'Nature', 'NaturalPlace']",517,Places,7,0.8932712380445588,6,0.9984905077947506
NaturalPlace,"['Places', 'Nature', 'NaturalPlace']",518,Places,7,0.8866643511385102,6,0.9984947242629355
NaturalPlace,"['Places', 'Nature', 'NaturalPlace']",519,Places,7,0.8313818277876097,6,0.9952602131065849
NaturalPlace,"['Places', 'Nature', 'NaturalPlace']",520,Places,7,0.9904790810191326,6,0.9999894846383468
NaturalPlace,"['Places', 'Nature', 'NaturalPlace']",521,Places,7,0.8374819980323849,6,0.9925494371569697
NaturalPlace,"['Places', 'Nature', 'NaturalPlace']",522,Places,7,0.7637444272991037,6,0.9860513489665432
NaturalPlace,"['Places', 'Nature', 'NaturalPlace']",523,Places,7,0.5892355740103029,6,0.9193915050373006
NaturalPlace,"['Places', 'Nature', 'NaturalPlace']",524,Places,7,0.8743068236470931,6,0.9970069635948647
NaturalPlace,"['Places', 'Nature', 'NaturalPlace']",525,Places,7,0.8765187898331801,6,0.99766121835097
NaturalPlace,"['Places', 'Nature', 'NaturalPlace']",526,Places,7,0.8053413104187758,6,0.9927406016106856
NaturalPlace,"['Places', 'Nature', 'NaturalPlace']",527,Places,7,0.9123694203128269,6,0.9988250346851576
NaturalPlace,"['Places', 'Nature', 'NaturalPlace']",528,Places,7,0.9220680605924526,6,0.9977769829595986
NaturalPlace,"['Places', 'Nature', 'NaturalPlace']",529,Places,2,0.5175965442995657,7,0.9150339359226864
NaturalPlace,"['Places', 'Nature', 'NaturalPlace']",530,Places,7,0.5690188198268478,6,0.9100063785409344
NaturalPlace,"['Places', 'Nature', 'NaturalPlace']",531,Places,7,0.6294493490468943,6,0.9789712352160566
NaturalPlace,"['Places', 'Nature', 'NaturalPlace']",532,Places,7,0.8314921991414564,6,0.9957575124087306
NaturalPlace,"['Places', 'Nature', 'NaturalPlace']",533,Places,5,0.8387835062510067,4,0.996745091655041
NaturalPlace,"['Places', 'Nature', 'NaturalPlace']",534,Places,7,0.8456441277057056,6,0.9924389160790815
NaturalPlace,"['Places', 'Nature', 'NaturalPlace']",535,Places,7,0.8370245233689052,6,0.993583772705687
NaturalPlace,"['Places', 'Nature', 'NaturalPlace']",536,Places,7,0.8762172215289797,6,0.9979328578591247
NaturalPlace,"['Places', 'Nature', 'NaturalPlace']",537,Places,7,0.9244042505323528,6,0.9994072337743669
NaturalPlace,"['Places', 'Nature', 'NaturalPlace']",538,Places,3,0.7721997328757726,5,0.8178731666913847
NaturalPlace,"['Places', 'Nature', 'NaturalPlace']",539,Places,7,0.9296343202192147,6,0.99881920626151
NaturalPlace,"['Places', 'Nature', 'NaturalPlace']",540,Places,7,0.9897736470351395,6,0.9999863964955827
NaturalPlace,"['Places', 'Nature', 'NaturalPlace']",541,Places,7,0.9364510141207387,6,0.9987141468927972
NaturalPlace,"['Places', 'Nature', 'NaturalPlace']",542,Places,7,0.4967755491697573,6,0.8579036786001348
NaturalPlace,"['Places', 'Nature', 'NaturalPlace']",543,Places,7,0.8470283599408938,6,0.9915956702755753
NaturalPlace,"['Places', 'Nature', 'NaturalPlace']",544,Places,7,0.7604040174326003,6,0.9739150496587589
NaturalPlace,"['Places', 'Nature', 'NaturalPlace']",545,Places,7,0.9523090618772289,6,0.9997099295638853
NaturalPlace,"['Places', 'Nature', 'NaturalPlace']",546,Places,2,0.45776825242159075,7,0.8709720981293274
NaturalPlace,"['Places', 'Nature', 'NaturalPlace']",547,Places,7,0.9298202308243328,6,0.9992712602896595
NaturalPlace,"['Places', 'Nature', 'NaturalPlace']",548,Places,3,0.4587901378643827,6,0.6401849337711475
NaturalPlace,"['Places', 'Nature', 'NaturalPlace']",549,Places,7,0.45664557065814765,6,0.8737341361677042
NaturalPlace,"['Places', 'Nature', 'NaturalPlace']",550,Places,7,0.8280982739573213,6,0.9934497949123462
NaturalPlace,"['Places', 'Nature', 'NaturalPlace']",551,Places,7,0.7538513038088934,6,0.9860997168843098
NaturalPlace,"['Places', 'Nature', 'NaturalPlace']",552,Places,7,0.6736538102185976,6,0.8725807198741568
NaturalPlace,"['Places', 'Nature', 'NaturalPlace']",553,Places,7,0.9401565975978243,6,0.9993171032788564
NaturalPlace,"['Places', 'Nature', 'NaturalPlace']",554,Places,7,0.5876179424519997,6,0.9412556925575334
NaturalPlace,"['Places', 'Nature', 'NaturalPlace']",555,Places,7,0.851582877487648,6,0.9965545318865301
NaturalPlace,"['Places', 'Nature', 'NaturalPlace']",556,Places,7,0.8871941331541884,6,0.9979094028268823
NaturalPlace,"['Places', 'Nature', 'NaturalPlace']",557,Places,7,0.8716124109877241,6,0.9970014892717549
NaturalPlace,"['Places', 'Nature', 'NaturalPlace']",558,Places,2,0.4484863572419094,6,0.5223821500739818
NaturalPlace,"['Places', 'Nature', 'NaturalPlace']",559,Places,7,0.7442058270576409,6,0.9657190199942761
NaturalPlace,"['Places', 'Nature', 'NaturalPlace']",560,Places,7,0.8905871963489043,6,0.9950634649878924
NaturalPlace,"['Places', 'Nature', 'NaturalPlace']",561,Places,7,0.43027596363924725,6,0.8223475786608766
NaturalPlace,"['Places', 'Nature', 'NaturalPlace']",562,Places,7,0.9086679669615643,6,0.998516723024146
NaturalPlace,"['Places', 'Nature', 'NaturalPlace']",563,Places,2,0.49376753913734256,6,0.5802488134038667
NaturalPlace,"['Places', 'Nature', 'NaturalPlace']",564,Places,7,0.982865806358318,6,0.9999688115710444
NaturalPlace,"['Places', 'Nature', 'NaturalPlace']",565,Places,7,0.6271385752655206,6,0.9587802002835522
NaturalPlace,"['Places', 'Nature', 'NaturalPlace']",566,Places,7,0.5628469575552831,6,0.9376689833304728
NaturalPlace,"['Places', 'Nature', 'NaturalPlace']",567,Places,7,0.9771978000184459,6,0.9999282744709741
NaturalPlace,"['Places', 'Nature', 'NaturalPlace']",568,Places,7,0.7714647147569685,6,0.987927564063794
NaturalPlace,"['Places', 'Nature', 'NaturalPlace']",569,Places,7,0.9543123289490071,6,0.9996666644733608
NaturalPlace,"['Places', 'Nature', 'NaturalPlace']",570,Places,2,0.3726791273093966,7,0.5143976078929168
NaturalPlace,"['Places', 'Nature', 'NaturalPlace']",571,Places,2,0.3368176652636591,6,0.6723922430721444
NaturalPlace,"['Places', 'Nature', 'NaturalPlace']",572,Places,7,0.903868436955808,6,0.9978087301866997
NaturalPlace,"['Places', 'Nature', 'NaturalPlace']",573,Places,7,0.9514168266940891,6,0.9995208960438156
NaturalPlace,"['Places', 'Nature', 'NaturalPlace']",574,Places,7,0.3618778105354349,6,0.811098717043741
NaturalPlace,"['Places', 'Nature', 'NaturalPlace']",575,Places,7,0.7173407042699879,6,0.9695067815337269
NaturalPlace,"['Places', 'Nature', 'NaturalPlace']",576,Places,7,0.7307291567556491,6,0.9889379588926609
NaturalPlace,"['Places', 'Nature', 'NaturalPlace']",577,Places,7,0.8932437823950495,6,0.9971384733861015
NaturalPlace,"['Places', 'Nature', 'NaturalPlace']",578,Places,7,0.8581975450599618,6,0.9968402085950282
NaturalPlace,"['Places', 'Nature', 'NaturalPlace']",579,Places,7,0.7676535172788816,6,0.9920629199717659
NaturalPlace,"['Places', 'Nature', 'NaturalPlace']",580,Places,7,0.8436973104527826,6,0.9933881887842633
NaturalPlace,"['Places', 'Nature', 'NaturalPlace']",581,Places,7,0.41135451801564227,6,0.7413166423795927
NaturalPlace,"['Places', 'Nature', 'NaturalPlace']",582,Places,7,0.9104161564669154,6,0.998375740481843
NaturalPlace,"['Places', 'Nature', 'NaturalPlace']",583,Places,7,0.9753357607103446,6,0.9999006015824765
NaturalPlace,"['Places', 'Nature', 'NaturalPlace']",584,Places,7,0.8435429085742108,6,0.994963098530448
NaturalPlace,"['Places', 'Nature', 'NaturalPlace']",585,Places,7,0.9683002734874436,6,0.9998563287122312
NaturalPlace,"['Places', 'Nature', 'NaturalPlace']",586,Places,7,0.6407028255678293,6,0.9421549724117548
NaturalPlace,"['Places', 'Nature', 'NaturalPlace']",587,Places,7,0.9057455037036707,6,0.9987534926056749
NaturalPlace,"['Places', 'Nature', 'NaturalPlace']",588,Places,3,0.557556668054341,7,0.4367476455597818
NaturalPlace,"['Places', 'Nature', 'NaturalPlace']",589,Places,7,0.8195190055620731,6,0.9933649600575802
NaturalPlace,"['Places', 'Nature', 'NaturalPlace']",590,Places,7,0.3609277797136717,6,0.7895269067504609
NaturalPlace,"['Places', 'Nature', 'NaturalPlace']",591,Places,7,0.7210761982583991,6,0.9710987798223021
NaturalPlace,"['Places', 'Nature', 'NaturalPlace']",592,Places,7,0.6245625839637411,6,0.9731859521179461
NaturalPlace,"['Places', 'Nature', 'NaturalPlace']",593,Places,7,0.8053509040331672,6,0.9862699120966274
NaturalPlace,"['Places', 'Nature', 'NaturalPlace']",594,Places,7,0.7590230470617093,6,0.9902016464034378
NaturalPlace,"['Places', 'Nature', 'NaturalPlace']",595,Places,7,0.854486791847251,6,0.9956487341988784
NaturalPlace,"['Places', 'Nature', 'NaturalPlace']",596,Places,7,0.9149569290553227,6,0.9990572345402916
NaturalPlace,"['Places', 'Nature', 'NaturalPlace']",597,Places,2,0.44393821185716653,7,0.5121348900930193
NaturalPlace,"['Places', 'Nature', 'NaturalPlace']",598,Places,7,0.7259648033517659,6,0.9060201914892059
NaturalPlace,"['Places', 'Nature', 'NaturalPlace']",599,Places,7,0.9647698122870103,6,0.9997203056030932
NaturalPlace,"['Places', 'Nature', 'NaturalPlace']",600,Places,2,0.4259188605016393,7,0.6289609116297528
NaturalPlace,"['Places', 'Nature', 'NaturalPlace']",601,Places,3,0.3966287576580026,5,0.3887954013464309
NaturalPlace,"['Places', 'Nature', 'NaturalPlace']",602,Places,7,0.9218724627283148,6,0.9993692438380842
NaturalPlace,"['Places', 'Nature', 'NaturalPlace']",603,Places,7,0.8724932261252427,6,0.9966826211700067
NaturalPlace,"['Places', 'Nature', 'NaturalPlace']",604,Places,7,0.898524054992143,6,0.9984921086643639
NaturalPlace,"['Places', 'Nature', 'NaturalPlace']",605,Places,2,0.508531137270535,7,0.6092878834765849
NaturalPlace,"['Places', 'Nature', 'NaturalPlace']",606,Places,7,0.9531892823288044,6,0.9997199467744228
NaturalPlace,"['Places', 'Nature', 'NaturalPlace']",607,Places,7,0.865237956281539,6,0.9956263137563462
NaturalPlace,"['Places', 'Nature', 'NaturalPlace']",608,Places,7,0.8165263359614358,6,0.9950022020678254
NaturalPlace,"['Places', 'Nature', 'NaturalPlace']",609,Places,7,0.9739877192341132,6,0.9997962745685551
NaturalPlace,"['Places', 'Nature', 'NaturalPlace']",610,Places,7,0.7297020703963492,6,0.9761807826571312
NaturalPlace,"['Places', 'Nature', 'NaturalPlace']",611,Places,7,0.971662621318279,6,0.9999229656087737
NaturalPlace,"['Places', 'Nature', 'NaturalPlace']",612,Places,7,0.829047881029077,6,0.9929803015810027
NaturalPlace,"['Places', 'Nature', 'NaturalPlace']",613,Places,7,0.721131380915873,6,0.9631874474721337
NaturalPlace,"['Places', 'Nature', 'NaturalPlace']",614,Places,7,0.8715958309235499,6,0.9979522716270338
NaturalPlace,"['Places', 'Nature', 'NaturalPlace']",615,Places,7,0.9153576781506574,6,0.9990579667695494
NaturalPlace,"['Places', 'Nature', 'NaturalPlace']",616,Places,7,0.6113750222541782,6,0.9454294766719943
NaturalPlace,"['Places', 'Nature', 'NaturalPlace']",617,Places,7,0.9672254156678022,6,0.9998517205479213
NaturalPlace,"['Places', 'Nature', 'NaturalPlace']",618,Places,7,0.7993972418496105,6,0.991029400731361
NaturalPlace,"['Places', 'Nature', 'NaturalPlace']",619,Places,3,0.49806542485548483,6,0.5683541177007756
NaturalPlace,"['Places', 'Nature', 'NaturalPlace']",620,Places,7,0.9435074932807097,6,0.9994345025099015
NaturalPlace,"['Places', 'Nature', 'NaturalPlace']",621,Places,7,0.6496112107371226,6,0.9548792023275218
NaturalPlace,"['Places', 'Nature', 'NaturalPlace']",622,Places,7,0.9550376470598473,6,0.9996817908751017
NaturalPlace,"['Places', 'Nature', 'NaturalPlace']",623,Places,7,0.9299432634657968,6,0.9980593161442656
NaturalPlace,"['Places', 'Nature', 'NaturalPlace']",624,Places,7,0.9541421240167295,6,0.999601789475024
NaturalPlace,"['Places', 'Nature', 'NaturalPlace']",625,Places,7,0.8933104828967909,6,0.9973371463078974
NaturalPlace,"['Places', 'Nature', 'NaturalPlace']",626,Places,2,0.4080308565518269,7,0.7028270802080763
NaturalPlace,"['Places', 'Nature', 'NaturalPlace']",627,Places,7,0.9264252823464932,6,0.9990776826843457
NaturalPlace,"['Places', 'Nature', 'NaturalPlace']",628,Places,7,0.7397188418914705,6,0.9891282824660811
NaturalPlace,"['Places', 'Nature', 'NaturalPlace']",629,Places,7,0.9260025649756971,6,0.9994526450438644
NaturalPlace,"['Places', 'Nature', 'NaturalPlace']",630,Places,7,0.6423211764248531,6,0.9504073679674634
NaturalPlace,"['Places', 'Nature', 'NaturalPlace']",631,Places,7,0.846732790269189,6,0.995236860263394
NaturalPlace,"['Places', 'Nature', 'NaturalPlace']",632,Places,7,0.9846829392219996,6,0.9999641680609976
NaturalPlace,"['Places', 'Nature', 'NaturalPlace']",633,Places,7,0.9659424248082558,6,0.9998827581634
NaturalPlace,"['Places', 'Nature', 'NaturalPlace']",634,Places,3,0.6843912084227509,5,0.6741915551364359
NaturalPlace,"['Places', 'Nature', 'NaturalPlace']",635,Places,7,0.828604899024467,6,0.995535359568381
NaturalPlace,"['Places', 'Nature', 'NaturalPlace']",636,Places,7,0.9161274463658289,6,0.9992522195304694
NaturalPlace,"['Places', 'Nature', 'NaturalPlace']",637,Places,7,0.885325681887251,6,0.9978627787231592
NaturalPlace,"['Places', 'Nature', 'NaturalPlace']",638,Places,7,0.7070208954667858,6,0.9888860869316999
NaturalPlace,"['Places', 'Nature', 'NaturalPlace']",639,Places,7,0.7591943827535762,6,0.9879893725880508
NaturalPlace,"['Places', 'Nature', 'NaturalPlace']",640,Places,7,0.7017192017289681,6,0.9861349725441745
NaturalPlace,"['Places', 'Nature', 'NaturalPlace']",641,Places,7,0.9258381931953439,6,0.9987332395433226
NaturalPlace,"['Places', 'Nature', 'NaturalPlace']",642,Places,7,0.796209713291434,6,0.983589691318257
NaturalPlace,"['Places', 'Nature', 'NaturalPlace']",643,Places,7,0.7682352850103884,6,0.9893520411078465
NaturalPlace,"['Places', 'Nature', 'NaturalPlace']",644,Places,7,0.9748820503958424,6,0.9998905011087982
NaturalPlace,"['Places', 'Nature', 'NaturalPlace']",645,Places,3,0.6536124789482344,5,0.6610203623238825
NaturalPlace,"['Places', 'Nature', 'NaturalPlace']",646,Places,3,0.7669301112454745,5,0.9064640405238381
NaturalPlace,"['Places', 'Nature', 'NaturalPlace']",647,Places,3,0.3621501052635428,6,0.669768725007679
NaturalPlace,"['Places', 'Nature', 'NaturalPlace']",648,Places,7,0.7554636866042734,6,0.9867746513500445
NaturalPlace,"['Places', 'Nature', 'NaturalPlace']",649,Places,7,0.8842600909248899,6,0.9977605894271198
NaturalPlace,"['Places', 'Nature', 'NaturalPlace']",650,Places,7,0.5526563845170517,6,0.7540141763062971
NaturalPlace,"['Places', 'Nature', 'NaturalPlace']",651,Places,7,0.9673794725440993,6,0.9997355577288921
NaturalPlace,"['Places', 'Nature', 'NaturalPlace']",652,Places,7,0.8733461540492605,6,0.9969915852476906
NaturalPlace,"['Places', 'Nature', 'NaturalPlace']",653,Places,7,0.8663479002941453,6,0.9971233819645118
NaturalPlace,"['Places', 'Nature', 'NaturalPlace']",654,Places,7,0.6788375393768088,6,0.9654389281299519
NaturalPlace,"['Places', 'Nature', 'NaturalPlace']",655,Places,7,0.8523175102226777,6,0.9967776456749605
NaturalPlace,"['Places', 'Nature', 'NaturalPlace']",656,Places,7,0.7649135142236629,6,0.9869447510602004
NaturalPlace,"['Places', 'Nature', 'NaturalPlace']",657,Places,7,0.9664303231474043,6,0.9997285986614789
NaturalPlace,"['Places', 'Nature', 'NaturalPlace']",658,Places,7,0.4403593850674643,6,0.890781982435323
NaturalPlace,"['Places', 'Nature', 'NaturalPlace']",659,Places,7,0.989464045746554,6,0.999986404097379
NaturalPlace,"['Places', 'Nature', 'NaturalPlace']",660,Places,7,0.9776852031816528,6,0.9999447976886287
NaturalPlace,"['Places', 'Nature', 'NaturalPlace']",661,Places,7,0.9121927163771723,6,0.9992664928366858
NaturalPlace,"['Places', 'Nature', 'NaturalPlace']",662,Places,7,0.8595415626058887,6,0.9958863195706866
NaturalPlace,"['Places', 'Nature', 'NaturalPlace']",663,Places,7,0.5747071963603633,6,0.9557653425291415
NaturalPlace,"['Places', 'Nature', 'NaturalPlace']",664,Places,7,0.9964321905376208,6,0.9999974903433259
NaturalPlace,"['Places', 'Nature', 'NaturalPlace']",665,Places,7,0.6891694822579056,6,0.9890320581723814
NaturalPlace,"['Places', 'Nature', 'NaturalPlace']",666,Places,7,0.9776770963881306,6,0.9999635298808048
Village,"['Places', 'Settlements', 'Village']",667,Places,7,0.9979106796395406,6,0.999998743994526
Village,"['Places', 'Settlements', 'Village']",668,Places,7,0.9989138600980291,6,0.9999993136846917
Village,"['Places', 'Settlements', 'Village']",669,Places,7,0.9991454426603961,6,0.999999626672233
Village,"['Places', 'Settlements', 'Village']",670,Places,7,0.8364197645310796,6,0.9802810690448586
Village,"['Places', 'Settlements', 'Village']",671,Places,7,0.8658628758958745,6,0.9934881315228596
Village,"['Places', 'Settlements', 'Village']",672,Places,7,0.9939135322069597,6,0.9999866851031209
Village,"['Places', 'Settlements', 'Village']",673,Places,7,0.999230441178451,6,0.9999996408265619
Village,"['Places', 'Settlements', 'Village']",674,Places,7,0.932321719178282,6,0.9983895023388136
Village,"['Places', 'Settlements', 'Village']",675,Places,7,0.9939079755767729,6,0.9999833911734602
Village,"['Places', 'Settlements', 'Village']",676,Places,7,0.9824846416436709,6,0.9999134467448418
Village,"['Places', 'Settlements', 'Village']",677,Places,7,0.7320866734703829,6,0.9677053836544558
Village,"['Places', 'Settlements', 'Village']",678,Places,7,0.9906003251920027,6,0.9999641740876508
Village,"['Places', 'Settlements', 'Village']",679,Places,7,0.9560175429841367,6,0.9993186942942283
Village,"['Places', 'Settlements', 'Village']",680,Places,7,0.7829428280952802,6,0.9849753887163124
Village,"['Places', 'Settlements', 'Village']",681,Places,7,0.9963632442856667,6,0.9999945722540459
Village,"['Places', 'Settlements', 'Village']",682,Places,7,0.9984038931896532,6,0.9999989029066364
Village,"['Places', 'Settlements', 'Village']",683,Places,7,0.9993455670546484,6,0.9999997718856549
Village,"['Places', 'Settlements', 'Village']",684,Places,7,0.9991615421671606,6,0.9999995884064059
Village,"['Places', 'Settlements', 'Village']",685,Places,7,0.999618459590032,6,0.9999999344175402
Village,"['Places', 'Settlements', 'Village']",686,Places,7,0.9997366847938182,6,0.9999999620534642
Village,"['Places', 'Settlements', 'Village']",687,Places,7,0.9987486785164711,6,0.9999990563084943
Village,"['Places', 'Settlements', 'Village']",688,Places,7,0.9999126165199226,6,0.9999999943701354
Village,"['Places', 'Settlements', 'Village']",689,Places,7,0.9944768496743522,6,0.9999858331350074
Village,"['Places', 'Settlements', 'Village']",690,Places,7,0.9994201582640926,6,0.9999998713092634
Village,"['Places', 'Settlements', 'Village']",691,Places,7,0.9656876434029199,6,0.9995397722174102
Village,"['Places', 'Settlements', 'Village']",692,Places,7,0.9940338908778641,6,0.9999865735070765
Village,"['Places', 'Settlements', 'Village']",693,Places,7,0.9990634205923028,6,0.9999996489410448
Village,"['Places', 'Settlements', 'Village']",694,Places,7,0.9979658829778587,6,0.9999977635946071
Village,"['Places', 'Settlements', 'Village']",695,Places,7,0.9952558252450439,6,0.9999854189361689
Village,"['Places', 'Settlements', 'Village']",696,Places,7,0.9998649980756965,6,0.9999999909803347
Village,"['Places', 'Settlements', 'Village']",697,Places,7,0.9982701269440563,6,0.9999982845664155
Village,"['Places', 'Settlements', 'Village']",698,Places,7,0.9954847034610496,6,0.9999906034299372
Village,"['Places', 'Settlements', 'Village']",699,Places,7,0.9046747880811281,6,0.9938071878328285
Village,"['Places', 'Settlements', 'Village']",700,Places,7,0.9776157232380861,6,0.9998614102446332
Village,"['Places', 'Settlements', 'Village']",701,Places,7,0.9946396686465758,6,0.999990502071254
Village,"['Places', 'Settlements', 'Village']",702,Places,7,0.9983329485717259,6,0.9999981771092492
Village,"['Places', 'Settlements', 'Village']",703,Places,7,0.9165920493352594,6,0.9982387068636398
Village,"['Places', 'Settlements', 'Village']",704,Places,7,0.9858855372153168,6,0.9999201605830949
Village,"['Places', 'Settlements', 'Village']",705,Places,7,0.6214054370026345,6,0.9106133732966175
Village,"['Places', 'Settlements', 'Village']",706,Places,7,0.8982981543048436,6,0.9972488887763045
Village,"['Places', 'Settlements', 'Village']",707,Places,7,0.999207762151868,6,0.9999996915703612
Village,"['Places', 'Settlements', 'Village']",708,Places,7,0.9989955537342531,6,0.9999994082819366
Village,"['Places', 'Settlements', 'Village']",709,Places,7,0.9963954826523019,6,0.999992700454072
Village,"['Places', 'Settlements', 'Village']",710,Places,7,0.9969991174558417,6,0.999995266431956
Village,"['Places', 'Settlements', 'Village']",711,Places,7,0.9995156201430079,6,0.9999998652724241
Village,"['Places', 'Settlements', 'Village']",712,Places,7,0.9562553084019509,6,0.9993929826000169
Village,"['Places', 'Settlements', 'Village']",713,Places,7,0.999016868102267,6,0.9999995340613183
Village,"['Places', 'Settlements', 'Village']",714,Places,7,0.9995635321350608,6,0.9999999049392415
Village,"['Places', 'Settlements', 'Village']",715,Places,7,0.9995892507253589,6,0.9999999244473016
Village,"['Places', 'Settlements', 'Village']",716,Places,7,0.991969959903717,6,0.9999706163286408
Village,"['Places', 'Settlements', 'Village']",717,Places,7,0.7991493850521679,6,0.9569485493525571
Village,"['Places', 'Settlements', 'Village']",718,Places,7,0.998514740172271,6,0.9999991106415929
Village,"['Places', 'Settlements', 'Village']",719,Places,7,0.9268011913865885,6,0.9977593071540767
Village,"['Places', 'Settlements', 'Village']",720,Places,7,0.998973055459781,6,0.9999993576183611
Village,"['Places', 'Settlements', 'Village']",721,Places,7,0.7892029973564172,6,0.9851251549488934
Village,"['Places', 'Settlements', 'Village']",722,Places,7,0.998861431897099,6,0.9999989652929168
Village,"['Places', 'Settlements', 'Village']",723,Places,7,0.9989779152916681,6,0.9999994933851175
Village,"['Places', 'Settlements', 'Village']",724,Places,7,0.9985553630014719,6,0.9999987912436181
Village,"['Places', 'Settlements', 'Village']",725,Places,7,0.9918691765803923,6,0.9999706636954955
Village,"['Places', 'Settlements', 'Village']",726,Places,7,0.9986835045167287,6,0.9999965099119942
Village,"['Places', 'Settlements', 'Village']",727,Places,7,0.9990735443504262,6,0.999999618192884
Village,"['Places', 'Settlements', 'Village']",728,Places,7,0.9980713103049353,6,0.9999982472069803
Village,"['Places', 'Settlements', 'Village']",729,Places,7,0.7863824943972358,6,0.9856790519813057
Village,"['Places', 'Settlements', 'Village']",730,Places,7,0.9989767001373044,6,0.9999992993777417
Village,"['Places', 'Settlements', 'Village']",731,Places,7,0.9978855888209562,6,0.9999975297827248
Village,"['Places', 'Settlements', 'Village']",732,Places,7,0.9982427240208467,6,0.9999981574575386
Village,"['Places', 'Settlements', 'Village']",733,Places,7,0.9993556583780511,6,0.9999997378033999
Village,"['Places', 'Settlements', 'Village']",734,Places,7,0.9845731492135087,6,0.9999266270882341
Village,"['Places', 'Settlements', 'Village']",735,Places,7,0.9988645813330582,6,0.9999994789768033
Village,"['Places', 'Settlements', 'Village']",736,Places,7,0.9990200306343257,6,0.9999993500630032
Village,"['Places', 'Settlements', 'Village']",737,Places,7,0.829321646882854,6,0.9918633855193952
Village,"['Places', 'Settlements', 'Village']",738,Places,7,0.9901762541584433,6,0.9999611195983046
Village,"['Places', 'Settlements', 'Village']",739,Places,7,0.9984402924005933,6,0.9999989710104341
Village,"['Places', 'Settlements', 'Village']",740,Places,7,0.9490396960802635,6,0.9990591022992176
Village,"['Places', 'Settlements', 'Village']",741,Places,7,0.993183306147365,6,0.9999834255126953
Village,"['Places', 'Settlements', 'Village']",742,Places,7,0.9709132186149605,6,0.9996941153251101
Village,"['Places', 'Settlements', 'Village']",743,Places,7,0.9982115824253079,6,0.9999983642762786
Village,"['Places', 'Settlements', 'Village']",744,Places,7,0.7256771221109485,6,0.9680192568662561
Village,"['Places', 'Settlements', 'Village']",745,Places,7,0.9986428791340258,6,0.9999982765618949
Village,"['Places', 'Settlements', 'Village']",746,Places,7,0.9963092598051422,6,0.9999919641695324
Village,"['Places', 'Settlements', 'Village']",747,Places,7,0.9978858805243243,6,0.9999980382779262
Village,"['Places', 'Settlements', 'Village']",748,Places,7,0.9996897964356496,6,0.9999999290339644
Village,"['Places', 'Settlements', 'Village']",749,Places,7,0.9996610626141612,6,0.9999999326444405
Village,"['Places', 'Settlements', 'Village']",750,Places,7,0.9987845323140891,6,0.9999991817263888
Village,"['Places', 'Settlements', 'Village']",751,Places,7,0.9992391095947253,6,0.9999997135814164
Village,"['Places', 'Settlements', 'Village']",752,Places,7,0.9993538527252785,6,0.9999997447284003
Village,"['Places', 'Settlements', 'Village']",753,Places,7,0.8309122386498211,6,0.9904552040030452
Village,"['Places', 'Settlements', 'Village']",754,Places,7,0.9991725630255952,6,0.9999997039120756
Village,"['Places', 'Settlements', 'Village']",755,Places,7,0.9987154562047672,6,0.9999990510819263
Village,"['Places', 'Settlements', 'Village']",756,Places,7,0.9983979973919138,6,0.9999987424547561
Village,"['Places', 'Settlements', 'Village']",757,Places,7,0.9959280675007454,6,0.9999907319434699
Village,"['Places', 'Settlements', 'Village']",758,Places,7,0.7423605808458936,6,0.9817617601695767
Village,"['Places', 'Settlements', 'Village']",759,Places,7,0.989408210436269,6,0.9999505651822677
Village,"['Places', 'Settlements', 'Village']",760,Places,7,0.9984470759102632,6,0.9999985559472543
Village,"['Places', 'Settlements', 'Village']",761,Places,7,0.9995783491205296,6,0.9999998758099616
Village,"['Places', 'Settlements', 'Village']",762,Places,7,0.9366391256266956,6,0.9986775129665998
Village,"['Places', 'Settlements', 'Village']",763,Places,7,0.8990805419811159,6,0.9960785750577533
Village,"['Places', 'Settlements', 'Village']",764,Places,7,0.9990550310918125,6,0.9999994147751908
Village,"['Places', 'Settlements', 'Village']",765,Places,7,0.9966358889049012,6,0.9999947944637849
Village,"['Places', 'Settlements', 'Village']",766,Places,7,0.8188528224346869,6,0.9817907268179799
Village,"['Places', 'Settlements', 'Village']",767,Places,7,0.8423568018430345,6,0.9908580221502561
Village,"['Places', 'Settlements', 'Village']",768,Places,7,0.9901093895316533,6,0.9999562229647299
Village,"['Places', 'Settlements', 'Village']",769,Places,7,0.9939899646196237,6,0.9999856455574492
Village,"['Places', 'Settlements', 'Village']",770,Places,7,0.9302285012644046,6,0.9971267330636976
Village,"['Places', 'Settlements', 'Village']",771,Places,7,0.5171642224058605,6,0.69753783630941
Village,"['Places', 'Settlements', 'Village']",772,Places,7,0.9992875624945854,6,0.9999997999387004
Village,"['Places', 'Settlements', 'Village']",773,Places,7,0.745779912553194,6,0.9740614177816342
Village,"['Places', 'Settlements', 'Village']",774,Places,7,0.9925841040344746,6,0.9999742801112734
Village,"['Places', 'Settlements', 'Village']",775,Places,7,0.9993855858763901,6,0.9999998484016742
Village,"['Places', 'Settlements', 'Village']",776,Places,7,0.8548602316063821,6,0.9923009157719845
Village,"['Places', 'Settlements', 'Village']",777,Places,7,0.7446122181934388,6,0.9764594066936683
Village,"['Places', 'Settlements', 'Village']",778,Places,7,0.9560318118873677,6,0.9992750659706248
Village,"['Places', 'Settlements', 'Village']",779,Places,7,0.9989315658609212,6,0.9999994467564627
Village,"['Places', 'Settlements', 'Village']",780,Places,7,0.9954337745775642,6,0.9999923886949152
Village,"['Places', 'Settlements', 'Village']",781,Places,7,0.9989672860286449,6,0.999999572989942
Village,"['Places', 'Settlements', 'Village']",782,Places,7,0.998866647557516,6,0.9999993221154236
Village,"['Places', 'Settlements', 'Village']",783,Places,7,0.9993164407985042,6,0.9999997063482443
Village,"['Places', 'Settlements', 'Village']",784,Places,7,0.7781704128973737,6,0.9867370492503971
Village,"['Places', 'Settlements', 'Village']",785,Places,7,0.929116789475289,6,0.9971699855735537
Village,"['Places', 'Settlements', 'Village']",786,Places,7,0.9987230968731217,6,0.99999912370839
Village,"['Places', 'Settlements', 'Village']",787,Places,7,0.9396860569397215,6,0.9985672423626842
Village,"['Places', 'Settlements', 'Village']",788,Places,7,0.9946113547928666,6,0.9999884577467651
Village,"['Places', 'Settlements', 'Village']",789,Places,7,0.9239447955441545,6,0.9978592748053715
Village,"['Places', 'Settlements', 'Village']",790,Places,7,0.677035161934847,6,0.948297049812649
Village,"['Places', 'Settlements', 'Village']",791,Places,7,0.9986688532025493,6,0.999998877415626
Village,"['Places', 'Settlements', 'Village']",792,Places,7,0.7737530027180648,6,0.977539036587673
Village,"['Places', 'Settlements', 'Village']",793,Places,7,0.8184935495920488,6,0.9853304017879407
Village,"['Places', 'Settlements', 'Village']",794,Places,7,0.9985833095898622,6,0.9999990015086313
Village,"['Places', 'Settlements', 'Village']",795,Places,7,0.7989552254777793,6,0.9887152919060803
Village,"['Places', 'Settlements', 'Village']",796,Places,7,0.9253665066994413,6,0.998077335801434
Village,"['Places', 'Settlements', 'Village']",797,Places,7,0.9991545215971501,6,0.9999996044848124
Village,"['Places', 'Settlements', 'Village']",798,Places,7,0.9955930248631897,6,0.9999911850093166
Village,"['Places', 'Settlements', 'Village']",799,Places,7,0.9986405623539103,6,0.9999991173278271
Village,"['Places', 'Settlements', 'Village']",800,Places,7,0.9961275781586963,6,0.9999921054611799
Village,"['Places', 'Settlements', 'Village']",801,Places,7,0.9998460969867589,6,0.9999999808798
Village,"['Places', 'Settlements', 'Village']",802,Places,7,0.9993452162683778,6,0.9999997940830929
Village,"['Places', 'Settlements', 'Village']",803,Places,7,0.998715706231132,6,0.9999993758880499
Village,"['Places', 'Settlements', 'Village']",804,Places,7,0.9119365609182583,6,0.9972267698893246
Village,"['Places', 'Settlements', 'Village']",805,Places,7,0.9886358129935335,6,0.9999645744228914
Village,"['Places', 'Settlements', 'Village']",806,Places,7,0.9919742122249717,6,0.9999775786982319
Village,"['Places', 'Settlements', 'Village']",807,Places,7,0.9996138235972347,6,0.9999999272250677
Village,"['Places', 'Settlements', 'Village']",808,Places,7,0.46982125867639163,6,0.7780708691344251
Village,"['Places', 'Settlements', 'Village']",809,Places,7,0.6698626277113714,6,0.9491675710730555
Village,"['Places', 'Settlements', 'Village']",810,Places,7,0.8605684689694945,6,0.993993208970725
Village,"['Places', 'Settlements', 'Village']",811,Places,7,0.9947439596762384,6,0.9999911012436024
Village,"['Places', 'Settlements', 'Village']",812,Places,7,0.9992682246934594,6,0.9999997112047528
Village,"['Places', 'Settlements', 'Village']",813,Places,7,0.9991769863256376,6,0.9999996764646356
Village,"['Places', 'Settlements', 'Village']",814,Places,7,0.9989161585275697,6,0.9999994500907168
Village,"['Places', 'Settlements', 'Village']",815,Places,7,0.9989906477405784,6,0.9999995682060535
Village,"['Places', 'Settlements', 'Village']",816,Places,7,0.836868039695948,6,0.9884288927528718
Village,"['Places', 'Settlements', 'Village']",817,Places,7,0.8757021909313549,6,0.9915630587642419
Village,"['Places', 'Settlements', 'Village']",818,Places,7,0.9988788342964737,6,0.9999994536045184
Village,"['Places', 'Settlements', 'Village']",819,Places,7,0.9995975719744626,6,0.9999998362185145
Village,"['Places', 'Settlements', 'Village']",820,Places,7,0.9997883276535081,6,0.9999999708368079
Village,"['Places', 'Settlements', 'Village']",821,Places,7,0.9983373224784569,6,0.9999989218535446
Village,"['Places', 'Settlements', 'Village']",822,Places,7,0.9994163694703877,6,0.9999998726771437
Village,"['Places', 'Settlements', 'Village']",823,Places,7,0.9893400365149393,6,0.999955784349024
Village,"['Places', 'Settlements', 'Village']",824,Places,7,0.9961900174634907,6,0.9999919550270743
Village,"['Places', 'Settlements', 'Village']",825,Places,7,0.9990135131958617,6,0.999999529265079
Village,"['Places', 'Settlements', 'Village']",826,Places,7,0.8610040724289271,6,0.995303993713973
Village,"['Places', 'Settlements', 'Village']",827,Places,7,0.9731293773859732,6,0.999638842118235
Village,"['Places', 'Settlements', 'Village']",828,Places,7,0.9995381267457056,6,0.9999998934468439
Village,"['Places', 'Settlements', 'Village']",829,Places,7,0.9994641991424001,6,0.9999998985714894
Village,"['Places', 'Settlements', 'Village']",830,Places,7,0.767573999892671,6,0.9644891447841802
Village,"['Places', 'Settlements', 'Village']",831,Places,7,0.9819046537747307,6,0.9999022547473363
Village,"['Places', 'Settlements', 'Village']",832,Places,7,0.9678865918978707,6,0.9996647034689083
Village,"['Places', 'Settlements', 'Village']",833,Places,7,0.8051779165162423,6,0.9906713894206975
Building,"['Places', 'Structures', 'Building']",834,Places,1,0.9970526786383523,1,0.9999960684194034
Building,"['Places', 'Structures', 'Building']",835,Places,1,0.9999351494813187,1,0.9999999989068007
Building,"['Places', 'Structures', 'Building']",836,Places,1,0.9994020408934959,1,0.9999999038277246
Building,"['Places', 'Structures', 'Building']",837,Places,2,0.581025040892263,7,0.7412277457909027
Building,"['Places', 'Structures', 'Building']",838,Places,1,0.9798792804384573,1,0.9999185909446485
Building,"['Places', 'Structures', 'Building']",839,Places,1,0.9999975890441584,1,0.9999999999990705
Building,"['Places', 'Structures', 'Building']",840,Places,1,0.9982256623857084,1,0.9999991823232399
Building,"['Places', 'Structures', 'Building']",841,Places,1,0.9992100549168734,1,0.9999998240535687
Building,"['Places', 'Structures', 'Building']",842,Places,1,0.9991482496141332,1,0.9999997930449784
Building,"['Places', 'Structures', 'Building']",843,Places,1,0.9999109374262396,1,0.9999999977539409
Building,"['Places', 'Structures', 'Building']",844,Places,1,0.9900202271109074,1,0.9999605226104248
Building,"['Places', 'Structures', 'Building']",845,Places,1,0.9945775609311975,1,0.9999881550861115
Building,"['Places', 'Structures', 'Building']",846,Places,1,0.9477443053080616,1,0.9962668288104515
Building,"['Places', 'Structures', 'Building']",847,Places,1,0.9939918098044976,1,0.9999931015893042
Building,"['Places', 'Structures', 'Building']",848,Places,1,0.9814271983567213,1,0.9998327311241072
Building,"['Places', 'Structures', 'Building']",849,Places,1,0.9989871088014488,1,0.9999998116492328
Building,"['Places', 'Structures', 'Building']",850,Places,1,0.9999828125442016,1,0.9999999999486884
Building,"['Places', 'Structures', 'Building']",851,Places,1,0.9993205144140991,1,0.9999997973264962
Building,"['Places', 'Structures', 'Building']",852,Places,1,0.9999108986025546,1,0.9999999972707843
Building,"['Places', 'Structures', 'Building']",853,Places,1,0.9996202463020737,1,0.9999999367715364
Building,"['Places', 'Structures', 'Building']",854,Places,1,0.9996721176976696,1,0.9999999807173535
Building,"['Places', 'Structures', 'Building']",855,Places,1,0.9851923176525025,1,0.999953592454542
Building,"['Places', 'Structures', 'Building']",856,Places,4,0.6157311580503481,2,0.6922134906381247
Building,"['Places', 'Structures', 'Building']",857,Places,1,0.9996323668325064,1,0.9999999596584414
Building,"['Places', 'Structures', 'Building']",858,Places,1,0.9406427591949678,1,0.9977563260451078
Building,"['Places', 'Structures', 'Building']",859,Places,2,0.5680241125833166,7,0.9417865881236325
Building,"['Places', 'Structures', 'Building']",860,Places,1,0.999372231711581,1,0.9999998651233619
Building,"['Places', 'Structures', 'Building']",861,Places,1,0.9996858096880057,1,0.9999999672128239
Building,"['Places', 'Structures', 'Building']",862,Places,1,0.8214181770532656,1,0.9469719668913358
Building,"['Places', 'Structures', 'Building']",863,Places,1,0.8028718360290219,1,0.9435620333848536
Building,"['Places', 'Structures', 'Building']",864,Places,1,0.9997471300230039,1,0.9999999824864066
Building,"['Places', 'Structures', 'Building']",865,Places,2,0.5401009435691401,7,0.9420578836461253
Building,"['Places', 'Structures', 'Building']",866,Places,1,0.9999321235724488,1,0.9999999988134152
Building,"['Places', 'Structures', 'Building']",867,Places,1,0.9999735969228433,1,0.9999999998106683
Building,"['Places', 'Structures', 'Building']",868,Places,1,0.9997937263791143,1,0.9999999939604043
Building,"['Places', 'Structures', 'Building']",869,Places,1,0.9890850966194551,1,0.9999538826006014
Building,"['Places', 'Structures', 'Building']",870,Places,1,0.9975327937292866,1,0.999998007477986
Building,"['Places', 'Structures', 'Building']",871,Places,1,0.9940199886778925,1,0.9999821897974015
Building,"['Places', 'Structures', 'Building']",872,Places,1,0.9999896413895504,1,0.9999999999678715
Building,"['Places', 'Structures', 'Building']",873,Places,1,0.997990572303452,1,0.9999988306252828
Building,"['Places', 'Structures', 'Building']",874,Places,1,0.9999599174070154,1,0.9999999993369215
Building,"['Places', 'Structures', 'Building']",875,Places,1,0.9451146021624836,1,0.998361044928889
Building,"['Places', 'Structures', 'Building']",876,Places,1,0.983829014728036,1,0.9999276206518545
Building,"['Places', 'Structures', 'Building']",877,Places,1,0.9999647066089518,1,0.9999999993335538
Building,"['Places', 'Structures', 'Building']",878,Places,1,0.9758124037064125,1,0.9998612537666578
Building,"['Places', 'Structures', 'Building']",879,Places,1,0.9704898884021217,1,0.9998372240565053
Building,"['Places', 'Structures', 'Building']",880,Places,1,0.9998862773967008,1,0.9999999961571266
Building,"['Places', 'Structures', 'Building']",881,Places,1,0.9999605898669641,1,0.9999999996649478
Building,"['Places', 'Structures', 'Building']",882,Places,1,0.9999359840575768,1,0.9999999989483122
Building,"['Places', 'Structures', 'Building']",883,Places,1,0.980103670573421,1,0.9999105846530386
Building,"['Places', 'Structures', 'Building']",884,Places,1,0.4347123329481548,1,0.5145015340857182
Building,"['Places', 'Structures', 'Building']",885,Places,1,0.9988237341884889,1,0.9999996015174428
Building,"['Places', 'Structures', 'Building']",886,Places,1,0.9999810236367906,1,0.9999999999402975
Building,"['Places', 'Structures', 'Building']",887,Places,1,0.9981729514216519,1,0.9999982357257506
Building,"['Places', 'Structures', 'Building']",888,Places,1,0.9915663594434616,1,0.9999495069345897
Building,"['Places', 'Structures', 'Building']",889,Places,1,0.9999837090671422,1,0.9999999998209756
Building,"['Places', 'Structures', 'Building']",890,Places,1,0.999496212784418,1,0.9999999060945398
Building,"['Places', 'Structures', 'Building']",891,Places,1,0.9999534171953792,1,0.9999999996020057
Building,"['Places', 'Structures', 'Building']",892,Places,1,0.9991052808268936,1,0.9999995195835404
Building,"['Places', 'Structures', 'Building']",893,Places,7,0.45145557355378785,6,0.8352637859898848
Building,"['Places', 'Structures', 'Building']",894,Places,1,0.9997079438285946,1,0.9999999732127347
Building,"['Places', 'Structures', 'Building']",895,Places,1,0.9997984931378682,1,0.9999999930021941
Building,"['Places', 'Structures', 'Building']",896,Places,1,0.9998910253343598,1,0.9999999968828392
Building,"['Places', 'Structures', 'Building']",897,Places,2,0.8147493753321782,7,0.9728567797266677
Building,"['Places', 'Structures', 'Building']",898,Places,1,0.9999215820460197,1,0.9999999971209548
Building,"['Places', 'Structures', 'Building']",899,Places,2,0.7137179665303672,7,0.980333722566443
Building,"['Places', 'Structures', 'Building']",900,Places,1,0.9999429143004746,1,0.9999999992947508
Building,"['Places', 'Structures', 'Building']",901,Places,1,0.9985592608068167,1,0.999999360357347
Building,"['Places', 'Structures', 'Building']",902,Places,1,0.9999012209941226,1,0.9999999961279058
Building,"['Places', 'Structures', 'Building']",903,Places,2,0.7034205947914569,7,0.9261803834310531
Building,"['Places', 'Structures', 'Building']",904,Places,1,0.9817282174684487,1,0.9993660805103362
Building,"['Places', 'Structures', 'Building']",905,Places,1,0.9999795711271421,1,0.9999999997959168
Building,"['Places', 'Structures', 'Building']",906,Places,1,0.9999342217486924,1,0.9999999987764736
Building,"['Places', 'Structures', 'Building']",907,Places,1,0.9984371408800217,1,0.9999991304387065
Building,"['Places', 'Structures', 'Building']",908,Places,2,0.45158823548683863,7,0.8361926030488617
Building,"['Places', 'Structures', 'Building']",909,Places,1,0.9970088773467553,1,0.9999973964371194
Building,"['Places', 'Structures', 'Building']",910,Places,1,0.9999311658174709,1,0.9999999985403731
Building,"['Places', 'Structures', 'Building']",911,Places,1,0.9923139771228152,1,0.9999832115363136
Building,"['Places', 'Structures', 'Building']",912,Places,1,0.9998009821844249,1,0.9999999891242585
Building,"['Places', 'Structures', 'Building']",913,Places,1,0.9999721996260357,1,0.9999999998246805
Building,"['Places', 'Structures', 'Building']",914,Places,1,0.999367816061731,1,0.9999997528555609
Building,"['Places', 'Structures', 'Building']",915,Places,1,0.9999847367501908,1,0.9999999999705249
Building,"['Places', 'Structures', 'Building']",916,Places,1,0.9999746315914797,1,0.9999999997906925
Building,"['Places', 'Structures', 'Building']",917,Places,1,0.9993126429854501,1,0.9999999021562376
Building,"['Places', 'Structures', 'Building']",918,Places,2,0.6671272282677864,7,0.9391075434326014
Building,"['Places', 'Structures', 'Building']",919,Places,1,0.9992583467173201,1,0.9999998473034906
Building,"['Places', 'Structures', 'Building']",920,Places,1,0.9999933881190124,1,0.9999999999857729
Building,"['Places', 'Structures', 'Building']",921,Places,1,0.9999251869338885,1,0.9999999982969228
Building,"['Places', 'Structures', 'Building']",922,Places,1,0.9785819648240024,1,0.9999206406601189
Building,"['Places', 'Structures', 'Building']",923,Places,1,0.9999556527920794,1,0.9999999995287834
Building,"['Places', 'Structures', 'Building']",924,Places,1,0.9991080921612688,1,0.9999995751869627
Building,"['Places', 'Structures', 'Building']",925,Places,1,0.91115222538213,1,0.9811216480529563
Building,"['Places', 'Structures', 'Building']",926,Places,1,0.9999066163865777,1,0.9999999969569213
Building,"['Places', 'Structures', 'Building']",927,Places,1,0.9836079359717492,1,0.999937448764099
Building,"['Places', 'Structures', 'Building']",928,Places,1,0.9993365548378956,1,0.9999998704048568
Building,"['Places', 'Structures', 'Building']",929,Places,1,0.9999748690687263,1,0.9999999996565034
Building,"['Places', 'Structures', 'Building']",930,Places,1,0.9976280466571874,1,0.9999987876796805
Building,"['Places', 'Structures', 'Building']",931,Places,1,0.9994052736780146,1,0.9999997808849117
Building,"['Places', 'Structures', 'Building']",932,Places,1,0.9990695781271319,1,0.9999997731135128
Building,"['Places', 'Structures', 'Building']",933,Places,1,0.999241527621255,1,0.9999998019679416
Building,"['Places', 'Structures', 'Building']",934,Places,1,0.999490764820889,1,0.9999998862987447
Building,"['Places', 'Structures', 'Building']",935,Places,1,0.999915108293431,1,0.999999998063144
Building,"['Places', 'Structures', 'Building']",936,Places,1,0.9439055510349662,1,0.9953395869140218
Building,"['Places', 'Structures', 'Building']",937,Places,1,0.9934636435974147,1,0.9999804411333885
Building,"['Places', 'Structures', 'Building']",938,Places,1,0.9958377789779352,1,0.9999932275585547
Building,"['Places', 'Structures', 'Building']",939,Places,1,0.9934531028245396,1,0.9999896947668868
Building,"['Places', 'Structures', 'Building']",940,Places,1,0.9999608371307553,1,0.9999999996108784
Building,"['Places', 'Structures', 'Building']",941,Places,1,0.9977190753467918,1,0.9999985133489836
Building,"['Places', 'Structures', 'Building']",942,Places,1,0.999968967798188,1,0.9999999996747075
Building,"['Places', 'Structures', 'Building']",943,Places,1,0.3178351494251384,1,0.3544329692989924
Building,"['Places', 'Structures', 'Building']",944,Places,1,0.9992230263901403,1,0.9999998755516263
Building,"['Places', 'Structures', 'Building']",945,Places,1,0.9999578035393341,1,0.9999999995687283
Building,"['Places', 'Structures', 'Building']",946,Places,1,0.9466026685222245,1,0.99681420752331
Building,"['Places', 'Structures', 'Building']",947,Places,2,0.47031564269659326,7,0.9176203815333344
Building,"['Places', 'Structures', 'Building']",948,Places,2,0.46853931466123083,7,0.9080346748302789
Building,"['Places', 'Structures', 'Building']",949,Places,1,0.9998655448397841,1,0.9999999950806882
Building,"['Places', 'Structures', 'Building']",950,Places,1,0.9999542601545189,1,0.9999999995926419
Building,"['Places', 'Structures', 'Building']",951,Places,7,0.40258549853157344,6,0.6031650978583653
Building,"['Places', 'Structures', 'Building']",952,Places,1,0.9998928258754992,1,0.9999999955851624
Building,"['Places', 'Structures', 'Building']",953,Places,1,0.9836622967799722,1,0.9999506527558959
Building,"['Places', 'Structures', 'Building']",954,Places,1,0.9999560068709324,1,0.999999999310069
Building,"['Places', 'Structures', 'Building']",955,Places,1,0.6373927988542686,1,0.7507384262106161
Building,"['Places', 'Structures', 'Building']",956,Places,1,0.9998715464383195,1,0.999999989785792
Building,"['Places', 'Structures', 'Building']",957,Places,1,0.9989846903686156,1,0.9999997040355383
Building,"['Places', 'Structures', 'Building']",958,Places,1,0.7398431672592684,1,0.9139515961696433
Building,"['Places', 'Structures', 'Building']",959,Places,1,0.9997566183976688,1,0.9999999835058704
Building,"['Places', 'Structures', 'Building']",960,Places,1,0.9991815517703951,1,0.9999995990064201
Building,"['Places', 'Structures', 'Building']",961,Places,1,0.9966561698326923,1,0.9999957958969152
Building,"['Places', 'Structures', 'Building']",962,Places,1,0.9939805508831882,1,0.9999903674171382
Building,"['Places', 'Structures', 'Building']",963,Places,1,0.9999530460494053,1,0.9999999990968982
Building,"['Places', 'Structures', 'Building']",964,Places,1,0.9974546990448804,1,0.9999983722753597
Building,"['Places', 'Structures', 'Building']",965,Places,1,0.9984906101091713,1,0.9999980856492167
Building,"['Places', 'Structures', 'Building']",966,Places,1,0.9997716678959608,1,0.9999999903584708
Building,"['Places', 'Structures', 'Building']",967,Places,1,0.9999265884759577,1,0.9999999989164623
Building,"['Places', 'Structures', 'Building']",968,Places,2,0.8532152443583503,7,0.9964442183464386
Building,"['Places', 'Structures', 'Building']",969,Places,1,0.9988266483585083,1,0.9999993507201331
Building,"['Places', 'Structures', 'Building']",970,Places,1,0.9999912781085356,1,0.9999999999885558
Building,"['Places', 'Structures', 'Building']",971,Places,1,0.9994298035304157,1,0.999999921080154
Building,"['Places', 'Structures', 'Building']",972,Places,1,0.9846413462352701,1,0.9999050912770123
Building,"['Places', 'Structures', 'Building']",973,Places,1,0.9145524011077879,1,0.9973466424700187
Building,"['Places', 'Structures', 'Building']",974,Places,1,0.9989595027479203,1,0.9999997031436776
Building,"['Places', 'Structures', 'Building']",975,Places,1,0.999945595077572,1,0.9999999993840831
Building,"['Places', 'Structures', 'Building']",976,Places,1,0.9998862912164791,1,0.999999996143832
Building,"['Places', 'Structures', 'Building']",977,Places,1,0.9998372951857274,1,0.9999999958122399
Building,"['Places', 'Structures', 'Building']",978,Places,1,0.9990074657961675,1,0.9999996252730629
Building,"['Places', 'Structures', 'Building']",979,Places,1,0.9952844296761045,1,0.9999952675004321
Building,"['Places', 'Structures', 'Building']",980,Places,1,0.9999028617111771,1,0.9999999946494342
Building,"['Places', 'Structures', 'Building']",981,Places,1,0.9999931898454949,1,0.9999999999888642
Building,"['Places', 'Structures', 'Building']",982,Places,1,0.993703186174584,1,0.999979971928613
Building,"['Places', 'Structures', 'Building']",983,Places,1,0.9999329408965779,1,0.9999999988638968
Building,"['Places', 'Structures', 'Building']",984,Places,1,0.999595506513362,1,0.999999866679266
Building,"['Places', 'Structures', 'Building']",985,Places,2,0.7906065517595151,7,0.980902597587237
Building,"['Places', 'Structures', 'Building']",986,Places,1,0.9999137814629165,1,0.9999999976169531
Building,"['Places', 'Structures', 'Building']",987,Places,1,0.9999968904365559,1,0.9999999999987228
Building,"['Places', 'Structures', 'Building']",988,Places,1,0.9999399287201194,1,0.9999999991024886
Building,"['Places', 'Structures', 'Building']",989,Places,2,0.7194874220244267,7,0.991735875196854
Building,"['Places', 'Structures', 'Building']",990,Places,1,0.9996182696347642,1,0.9999999574023113
Building,"['Places', 'Structures', 'Building']",991,Places,2,0.5850409723756553,7,0.8213637541761303
Building,"['Places', 'Structures', 'Building']",992,Places,2,0.4989793857056536,7,0.8831739718673746
Building,"['Places', 'Structures', 'Building']",993,Places,1,0.9935172137297456,1,0.9999886752033471
Building,"['Places', 'Structures', 'Building']",994,Places,1,0.9897010441420357,1,0.9998814416669215
Building,"['Places', 'Structures', 'Building']",995,Places,7,0.3504888315379382,6,0.5537834106884837
Building,"['Places', 'Structures', 'Building']",996,Places,1,0.997961154456008,1,0.9999989020406828
Building,"['Places', 'Structures', 'Building']",997,Places,1,0.998247157466917,1,0.9999988799356134
Building,"['Places', 'Structures', 'Building']",998,Places,1,0.9930042153678302,1,0.9999920470829531
Building,"['Places', 'Structures', 'Building']",999,Places,2,0.4999578788004972,7,0.8282857573544927
Company,"['Organizations', 'Business', 'Company']",1000,Organizations,3,0.45137225184108304,7,0.5437817433191781
Company,"['Organizations', 'Business', 'Company']",1001,Organizations,5,0.7261426873791863,4,0.9704235167202577
Company,"['Organizations', 'Business', 'Company']",1002,Organizations,7,0.48662296694504076,6,0.5813084093961015
Company,"['Organizations', 'Business', 'Company']",1003,Organizations,2,0.9377077267911255,7,0.9988134350224335
Company,"['Organizations', 'Business', 'Company']",1004,Organizations,2,0.9617691504349395,7,0.999857682352814
Company,"['Organizations', 'Business', 'Company']",1005,Organizations,5,0.7157805906425878,4,0.9592531735007949
Company,"['Organizations', 'Business', 'Company']",1006,Organizations,2,0.927815139992236,7,0.99899294054177
Company,"['Organizations', 'Business', 'Company']",1007,Organizations,5,0.47791390190356675,4,0.670841675106272
Company,"['Organizations', 'Business', 'Company']",1008,Organizations,2,0.6512785518925174,7,0.9729229367312031
Company,"['Organizations', 'Business', 'Company']",1009,Organizations,2,0.5860048552093797,7,0.8130025562999257
Company,"['Organizations', 'Business', 'Company']",1010,Organizations,2,0.4802356036475829,7,0.7280421225643443
Company,"['Organizations', 'Business', 'Company']",1011,Organizations,5,0.7431370654842879,4,0.9564948890395468
Company,"['Organizations', 'Business', 'Company']",1012,Organizations,2,0.714047708751085,7,0.9332798623104805
Company,"['Organizations', 'Business', 'Company']",1013,Organizations,2,0.9776019883949822,7,0.999966452825361
Company,"['Organizations', 'Business', 'Company']",1014,Organizations,2,0.4826812251764841,7,0.7742334407996196
Company,"['Organizations', 'Business', 'Company']",1015,Organizations,2,0.6906657536261945,7,0.9866699723087333
Company,"['Organizations', 'Business', 'Company']",1016,Organizations,5,0.9147872608408448,4,0.9946767052973535
Company,"['Organizations', 'Business', 'Company']",1017,Organizations,2,0.9361716915223214,7,0.9998733625283339
Company,"['Organizations', 'Business', 'Company']",1018,Organizations,2,0.9527315586549027,7,0.9996750988994548
Company,"['Organizations', 'Business', 'Company']",1019,Organizations,2,0.8705506834548008,7,0.9984273682094846
Company,"['Organizations', 'Business', 'Company']",1020,Organizations,2,0.7560505922284891,7,0.9936110440945882
Company,"['Organizations', 'Business', 'Company']",1021,Organizations,5,0.8761212861882538,4,0.9960788507699426
Company,"['Organizations', 'Business', 'Company']",1022,Organizations,2,0.9479281432058438,7,0.999499778706177
Company,"['Organizations', 'Business', 'Company']",1023,Organizations,2,0.7306540173896383,7,0.9538036048600836
Company,"['Organizations', 'Business', 'Company']",1024,Organizations,2,0.7746279140572916,7,0.980872295217448
Company,"['Organizations', 'Business', 'Company']",1025,Organizations,2,0.8759456698111151,7,0.9951558353820447
Company,"['Organizations', 'Business', 'Company']",1026,Organizations,2,0.9649726469372394,7,0.9996654899349036
Company,"['Organizations', 'Business', 'Company']",1027,Organizations,2,0.881351354210796,7,0.997919096541843
Company,"['Organizations', 'Business', 'Company']",1028,Organizations,2,0.8860537648964946,7,0.9952950712086212
Company,"['Organizations', 'Business', 'Company']",1029,Organizations,5,0.455463023047716,4,0.6675139730490507
Company,"['Organizations', 'Business', 'Company']",1030,Organizations,2,0.7941246796574172,7,0.974232350399217
Company,"['Organizations', 'Business', 'Company']",1031,Organizations,2,0.7881301185345013,7,0.9840494954981742
Company,"['Organizations', 'Business', 'Company']",1032,Organizations,1,0.6803650343364052,1,0.8048415178224323
Company,"['Organizations', 'Business', 'Company']",1033,Organizations,2,0.7582073713027725,7,0.996842253995004
Company,"['Organizations', 'Business', 'Company']",1034,Organizations,2,0.8932154849565868,7,0.9945266151552482
Company,"['Organizations', 'Business', 'Company']",1035,Organizations,2,0.9474466345297251,7,0.9994764760720628
Company,"['Organizations', 'Business', 'Company']",1036,Organizations,2,0.8685837593859953,7,0.9935990209460808
Company,"['Organizations', 'Business', 'Company']",1037,Organizations,2,0.7853714630566686,7,0.9961271722011625
Company,"['Organizations', 'Business', 'Company']",1038,Organizations,2,0.972121845134246,7,0.9997725548677906
Company,"['Organizations', 'Business', 'Company']",1039,Organizations,2,0.6261835149237127,7,0.9360921845005953
Company,"['Organizations', 'Business', 'Company']",1040,Organizations,5,0.7038726454181403,4,0.933788051769902
Company,"['Organizations', 'Business', 'Company']",1041,Organizations,2,0.835550654967565,7,0.9917009096524455
Company,"['Organizations', 'Business', 'Company']",1042,Organizations,2,0.9654802093575628,7,0.9998274744167184
Company,"['Organizations', 'Business', 'Company']",1043,Organizations,2,0.6765851438859817,7,0.9869037156913572
Company,"['Organizations', 'Business', 'Company']",1044,Organizations,2,0.5753330137199199,7,0.7674227617285685
Company,"['Organizations', 'Business', 'Company']",1045,Organizations,2,0.9527625870015659,7,0.9997279324395347
Company,"['Organizations', 'Business', 'Company']",1046,Organizations,2,0.8254726996881774,7,0.9932709005114365
Company,"['Organizations', 'Business', 'Company']",1047,Organizations,2,0.9396825091718014,7,0.9996346733919965
Company,"['Organizations', 'Business', 'Company']",1048,Organizations,2,0.7705607127120602,7,0.9874394569070039
Company,"['Organizations', 'Business', 'Company']",1049,Organizations,5,0.8109707566271537,4,0.987005858173533
Company,"['Organizations', 'Business', 'Company']",1050,Organizations,5,0.705620933137179,4,0.952066654178843
Company,"['Organizations', 'Business', 'Company']",1051,Organizations,2,0.5187504629589017,7,0.7918923661279462
Company,"['Organizations', 'Business', 'Company']",1052,Organizations,2,0.5702629352621558,7,0.7189234841654609
Company,"['Organizations', 'Business', 'Company']",1053,Organizations,2,0.7093748765905833,7,0.9921537349473248
Company,"['Organizations', 'Business', 'Company']",1054,Organizations,2,0.9050430925393175,7,0.9962277954287203
Company,"['Organizations', 'Business', 'Company']",1055,Organizations,2,0.8106847223729458,7,0.9902312290029617
Company,"['Organizations', 'Business', 'Company']",1056,Organizations,2,0.9508198125500831,7,0.9997709039957966
Company,"['Organizations', 'Business', 'Company']",1057,Organizations,2,0.8846648229075099,7,0.9977843033356737
Company,"['Organizations', 'Business', 'Company']",1058,Organizations,2,0.6347661477629654,7,0.988501825075865
Company,"['Organizations', 'Business', 'Company']",1059,Organizations,2,0.9811490967278704,7,0.9998804041210445
Company,"['Organizations', 'Business', 'Company']",1060,Organizations,5,0.6193618079637102,4,0.9112989054708921
Company,"['Organizations', 'Business', 'Company']",1061,Organizations,2,0.8552535787730127,7,0.9836838760271734
Company,"['Organizations', 'Business', 'Company']",1062,Organizations,2,0.9733320641256745,7,0.999804551994271
Company,"['Organizations', 'Business', 'Company']",1063,Organizations,2,0.9535220233943119,7,0.9996911636037342
Company,"['Organizations', 'Business', 'Company']",1064,Organizations,5,0.9181338653247354,4,0.9936385277264976
Company,"['Organizations', 'Business', 'Company']",1065,Organizations,2,0.9374063660818018,7,0.9997631884263192
Company,"['Organizations', 'Business', 'Company']",1066,Organizations,2,0.910852640134827,7,0.9956193928845353
Company,"['Organizations', 'Business', 'Company']",1067,Organizations,2,0.92718086516101,7,0.9992595185636567
Company,"['Organizations', 'Business', 'Company']",1068,Organizations,2,0.9523622593435037,7,0.9993053640871312
Company,"['Organizations', 'Business', 'Company']",1069,Organizations,2,0.40775799800514145,7,0.6043112775295091
Company,"['Organizations', 'Business', 'Company']",1070,Organizations,5,0.8169563925311081,4,0.9777130884930808
Company,"['Organizations', 'Business', 'Company']",1071,Organizations,2,0.671113975459501,7,0.9599155487926133
Company,"['Organizations', 'Business', 'Company']",1072,Organizations,5,0.7022510079621543,4,0.9274854146481384
Company,"['Organizations', 'Business', 'Company']",1073,Organizations,2,0.6935894711312123,7,0.9656362986416147
Company,"['Organizations', 'Business', 'Company']",1074,Organizations,2,0.9312555275895386,7,0.9980071372044621
Company,"['Organizations', 'Business', 'Company']",1075,Organizations,2,0.6091455063850771,7,0.9672128101057148
Company,"['Organizations', 'Business', 'Company']",1076,Organizations,2,0.7744446731230652,7,0.9946724462394942
Company,"['Organizations', 'Business', 'Company']",1077,Organizations,5,0.6255943324010292,4,0.8847296299422928
Company,"['Organizations', 'Business', 'Company']",1078,Organizations,2,0.5273442511850844,7,0.6906764552165956
Company,"['Organizations', 'Business', 'Company']",1079,Organizations,2,0.7230149562015273,7,0.9508358590752989
Company,"['Organizations', 'Business', 'Company']",1080,Organizations,5,0.7583753994677223,4,0.9640299552741814
Company,"['Organizations', 'Business', 'Company']",1081,Organizations,0,0.734869835160074,3,0.9565936277598089
Company,"['Organizations', 'Business', 'Company']",1082,Organizations,2,0.8025584342625983,7,0.9899079317644726
Company,"['Organizations', 'Business', 'Company']",1083,Organizations,2,0.7217576567548308,7,0.8405636741891164
Company,"['Organizations', 'Business', 'Company']",1084,Organizations,2,0.7311928720112739,7,0.9214502340726552
Company,"['Organizations', 'Business', 'Company']",1085,Organizations,5,0.6690616387225563,4,0.9122631541343253
Company,"['Organizations', 'Business', 'Company']",1086,Organizations,2,0.8183187269802252,7,0.9969793161293208
Company,"['Organizations', 'Business', 'Company']",1087,Organizations,5,0.6976691677092064,4,0.9262654086993455
Company,"['Organizations', 'Business', 'Company']",1088,Organizations,5,0.8451070864901495,4,0.9925438468734222
Company,"['Organizations', 'Business', 'Company']",1089,Organizations,2,0.7340922967206509,7,0.983489566843407
Company,"['Organizations', 'Business', 'Company']",1090,Organizations,2,0.7059628870210533,7,0.9089045152546888
Company,"['Organizations', 'Business', 'Company']",1091,Organizations,2,0.9121437907849467,7,0.9995666338129372
Company,"['Organizations', 'Business', 'Company']",1092,Organizations,2,0.7183874145972641,7,0.8986399936815425
Company,"['Organizations', 'Business', 'Company']",1093,Organizations,5,0.6078736471426297,4,0.9087596207928795
Company,"['Organizations', 'Business', 'Company']",1094,Organizations,2,0.8793491559452173,7,0.9965732611286983
Company,"['Organizations', 'Business', 'Company']",1095,Organizations,2,0.9158151787699519,7,0.9995021558087117
Company,"['Organizations', 'Business', 'Company']",1096,Organizations,2,0.8024032096523374,7,0.993632731458425
Company,"['Organizations', 'Business', 'Company']",1097,Organizations,2,0.585554914041696,7,0.6807363328587362
Company,"['Organizations', 'Business', 'Company']",1098,Organizations,5,0.5736997176135956,4,0.8241626979554082
Company,"['Organizations', 'Business', 'Company']",1099,Organizations,2,0.7030569721259423,7,0.9917008057410621
Company,"['Organizations', 'Business', 'Company']",1100,Organizations,2,0.5532009207956972,7,0.5787950678429725
Company,"['Organizations', 'Business', 'Company']",1101,Organizations,2,0.7077854992965934,7,0.9780416188439591
Company,"['Organizations', 'Business', 'Company']",1102,Organizations,2,0.5994525079118762,7,0.9370374790439335
Company,"['Organizations', 'Business', 'Company']",1103,Organizations,2,0.6873685359495157,7,0.9702515511306813
Company,"['Organizations', 'Business', 'Company']",1104,Organizations,2,0.854055265677102,7,0.9892986665859536
Company,"['Organizations', 'Business', 'Company']",1105,Organizations,2,0.8365863466487997,7,0.9953244914949535
Company,"['Organizations', 'Business', 'Company']",1106,Organizations,2,0.8872361681926072,7,0.9990856370011216
Company,"['Organizations', 'Business', 'Company']",1107,Organizations,2,0.7971242341093842,7,0.9766379803409314
Company,"['Organizations', 'Business', 'Company']",1108,Organizations,2,0.5398379643461144,7,0.7522538350757496
Company,"['Organizations', 'Business', 'Company']",1109,Organizations,2,0.9210154665861496,7,0.9993590836920364
Company,"['Organizations', 'Business', 'Company']",1110,Organizations,2,0.9834959624281794,7,0.9999240368644565
Company,"['Organizations', 'Business', 'Company']",1111,Organizations,2,0.834997097633836,7,0.9940063460388308
Company,"['Organizations', 'Business', 'Company']",1112,Organizations,2,0.9048543456439031,7,0.9979786876909611
Company,"['Organizations', 'Business', 'Company']",1113,Organizations,2,0.9370848867400322,7,0.9989149745932919
Company,"['Organizations', 'Business', 'Company']",1114,Organizations,2,0.6726050296262068,7,0.9609501193957469
Company,"['Organizations', 'Business', 'Company']",1115,Organizations,2,0.4705878816066149,7,0.5166259806281239
Company,"['Organizations', 'Business', 'Company']",1116,Organizations,2,0.4586298370167197,7,0.8910707193108072
Company,"['Organizations', 'Business', 'Company']",1117,Organizations,2,0.5100854596899905,7,0.7278533168435133
Company,"['Organizations', 'Business', 'Company']",1118,Organizations,2,0.9835477786285572,7,0.9999558401486367
Company,"['Organizations', 'Business', 'Company']",1119,Organizations,2,0.857563468165329,7,0.9924649091908744
Company,"['Organizations', 'Business', 'Company']",1120,Organizations,2,0.9371581938867395,7,0.9994974574705073
Company,"['Organizations', 'Business', 'Company']",1121,Organizations,5,0.567199990026068,4,0.7899053158975825
Company,"['Organizations', 'Business', 'Company']",1122,Organizations,5,0.5675840029767539,4,0.7524708490627031
Company,"['Organizations', 'Business', 'Company']",1123,Organizations,2,0.9160231571039156,7,0.9986255864831355
Company,"['Organizations', 'Business', 'Company']",1124,Organizations,2,0.9718130453468549,7,0.999627917178174
Company,"['Organizations', 'Business', 'Company']",1125,Organizations,2,0.8876184695805706,7,0.9988495789945123
Company,"['Organizations', 'Business', 'Company']",1126,Organizations,2,0.9106516108194036,7,0.9955540942876373
Company,"['Organizations', 'Business', 'Company']",1127,Organizations,2,0.9003845951772125,7,0.996689779501886
Company,"['Organizations', 'Business', 'Company']",1128,Organizations,5,0.6868229330519687,4,0.9397293522301688
Company,"['Organizations', 'Business', 'Company']",1129,Organizations,2,0.6780434699453978,7,0.9917336073863449
Company,"['Organizations', 'Business', 'Company']",1130,Organizations,2,0.46100187585037306,7,0.5390796008720049
Company,"['Organizations', 'Business', 'Company']",1131,Organizations,2,0.8211902240641964,7,0.9878439212788352
Company,"['Organizations', 'Business', 'Company']",1132,Organizations,2,0.42806315501060094,7,0.6492444716739199
Company,"['Organizations', 'Business', 'Company']",1133,Organizations,2,0.7872365634411268,7,0.991492207194484
Company,"['Organizations', 'Business', 'Company']",1134,Organizations,2,0.9865056101120487,7,0.999910261712234
Company,"['Organizations', 'Business', 'Company']",1135,Organizations,2,0.6698324512707842,7,0.8725028501795576
Company,"['Organizations', 'Business', 'Company']",1136,Organizations,2,0.45823888470356633,7,0.5558238946576797
Company,"['Organizations', 'Business', 'Company']",1137,Organizations,2,0.901247171444138,7,0.9942436782109451
Company,"['Organizations', 'Business', 'Company']",1138,Organizations,5,0.6372034389154243,4,0.902832637324383
Company,"['Organizations', 'Business', 'Company']",1139,Organizations,2,0.44885460180381004,7,0.8420570849616935
Company,"['Organizations', 'Business', 'Company']",1140,Organizations,2,0.48199620654977354,7,0.6827495601497847
Company,"['Organizations', 'Business', 'Company']",1141,Organizations,2,0.8807462935015608,7,0.9942718532935804
Company,"['Organizations', 'Business', 'Company']",1142,Organizations,4,0.4533389362182409,4,0.5461039506411463
Company,"['Organizations', 'Business', 'Company']",1143,Organizations,2,0.9269636345909159,7,0.9976689103605219
Company,"['Organizations', 'Business', 'Company']",1144,Organizations,2,0.9204965928225386,7,0.9983774484442962
Company,"['Organizations', 'Business', 'Company']",1145,Organizations,2,0.9630627058636948,7,0.9998605837295479
Company,"['Organizations', 'Business', 'Company']",1146,Organizations,2,0.7199436083421927,7,0.9390577127013217
Company,"['Organizations', 'Business', 'Company']",1147,Organizations,2,0.7355992377261628,7,0.923176202544321
Company,"['Organizations', 'Business', 'Company']",1148,Organizations,2,0.7482502828020392,7,0.9851469651196332
Company,"['Organizations', 'Business', 'Company']",1149,Organizations,5,0.6896467315348903,4,0.9369579229461091
Company,"['Organizations', 'Business', 'Company']",1150,Organizations,5,0.7898749462922366,4,0.927626614467312
Company,"['Organizations', 'Business', 'Company']",1151,Organizations,2,0.8006479356644763,7,0.9367116690303782
Company,"['Organizations', 'Business', 'Company']",1152,Organizations,5,0.5766782823843383,4,0.8227572528800243
Company,"['Organizations', 'Business', 'Company']",1153,Organizations,2,0.6567655606768671,7,0.8825309595648966
Company,"['Organizations', 'Business', 'Company']",1154,Organizations,2,0.9661931188729825,7,0.9997917514414509
Company,"['Organizations', 'Business', 'Company']",1155,Organizations,2,0.9173329981553997,7,0.9978740374124274
Company,"['Organizations', 'Business', 'Company']",1156,Organizations,2,0.9727042492047157,7,0.9996958467799867
Company,"['Organizations', 'Business', 'Company']",1157,Organizations,2,0.9779551828102779,7,0.9999705602816448
Company,"['Organizations', 'Business', 'Company']",1158,Organizations,2,0.8466674781311537,7,0.9835212436173936
Company,"['Organizations', 'Business', 'Company']",1159,Organizations,2,0.813823059034041,7,0.9888901353234768
Company,"['Organizations', 'Business', 'Company']",1160,Organizations,5,0.46183988592537023,4,0.6327042841372356
Company,"['Organizations', 'Business', 'Company']",1161,Organizations,2,0.7948423596552513,7,0.9852521398888259
Company,"['Organizations', 'Business', 'Company']",1162,Organizations,2,0.7329536661161253,7,0.9529324529968348
Company,"['Organizations', 'Business', 'Company']",1163,Organizations,2,0.3808998963865716,7,0.6368126968893356
Company,"['Organizations', 'Business', 'Company']",1164,Organizations,2,0.8554503514617761,7,0.9969356738938552
Company,"['Organizations', 'Business', 'Company']",1165,Organizations,2,0.9186675551385706,7,0.9987997440063138
Company,"['Organizations', 'Business', 'Company']",1166,Organizations,5,0.8396080786069923,4,0.9888546128361658
EducationalInstitution,"['Organizations', 'Education', 'EducationalInstitution']",1167,Organizations,2,0.9165546874113595,7,0.9969466238246512
EducationalInstitution,"['Organizations', 'Education', 'EducationalInstitution']",1168,Organizations,2,0.7792440796430189,7,0.9865687151119698
EducationalInstitution,"['Organizations', 'Education', 'EducationalInstitution']",1169,Organizations,7,0.7518992801602297,6,0.8986854771132343
EducationalInstitution,"['Organizations', 'Education', 'EducationalInstitution']",1170,Organizations,2,0.9274083295806945,7,0.9971477178544794
EducationalInstitution,"['Organizations', 'Education', 'EducationalInstitution']",1171,Organizations,2,0.9493017562985694,7,0.9992188558900835
EducationalInstitution,"['Organizations', 'Education', 'EducationalInstitution']",1172,Organizations,2,0.9923493146726923,7,0.9999830571086487
EducationalInstitution,"['Organizations', 'Education', 'EducationalInstitution']",1173,Organizations,2,0.9246349065402734,7,0.9987167301749883
EducationalInstitution,"['Organizations', 'Education', 'EducationalInstitution']",1174,Organizations,2,0.9659421911523058,7,0.9998237124832806
EducationalInstitution,"['Organizations', 'Education', 'EducationalInstitution']",1175,Organizations,2,0.6562169527995477,7,0.8445567130028474
EducationalInstitution,"['Organizations', 'Education', 'EducationalInstitution']",1176,Organizations,2,0.7152937094084705,7,0.9270225736651759
EducationalInstitution,"['Organizations', 'Education', 'EducationalInstitution']",1177,Organizations,2,0.9434841645680236,7,0.9987118747935465
EducationalInstitution,"['Organizations', 'Education', 'EducationalInstitution']",1178,Organizations,2,0.9072157914583832,7,0.9969996083272297
EducationalInstitution,"['Organizations', 'Education', 'EducationalInstitution']",1179,Organizations,2,0.9129008116082219,7,0.9961903292754998
EducationalInstitution,"['Organizations', 'Education', 'EducationalInstitution']",1180,Organizations,2,0.9704212346257302,7,0.9995427923493708
EducationalInstitution,"['Organizations', 'Education', 'EducationalInstitution']",1181,Organizations,2,0.9582782205687621,7,0.9994312788147466
EducationalInstitution,"['Organizations', 'Education', 'EducationalInstitution']",1182,Organizations,2,0.9097052634656261,7,0.9984455318850083
EducationalInstitution,"['Organizations', 'Education', 'EducationalInstitution']",1183,Organizations,2,0.9029199657080195,7,0.9978738816533844
EducationalInstitution,"['Organizations', 'Education', 'EducationalInstitution']",1184,Organizations,2,0.9799592800710885,7,0.9998528169714775
EducationalInstitution,"['Organizations', 'Education', 'EducationalInstitution']",1185,Organizations,2,0.8965424751215366,7,0.9960274234086782
EducationalInstitution,"['Organizations', 'Education', 'EducationalInstitution']",1186,Organizations,2,0.9740521133298248,7,0.999611458194679
EducationalInstitution,"['Organizations', 'Education', 'EducationalInstitution']",1187,Organizations,2,0.8399755059464006,7,0.9969281691114412
EducationalInstitution,"['Organizations', 'Education', 'EducationalInstitution']",1188,Organizations,2,0.9337694293654204,7,0.999075980485704
EducationalInstitution,"['Organizations', 'Education', 'EducationalInstitution']",1189,Organizations,2,0.9885765381157061,7,0.9999529404129742
EducationalInstitution,"['Organizations', 'Education', 'EducationalInstitution']",1190,Organizations,2,0.9411889274216899,7,0.9985090822205467
EducationalInstitution,"['Organizations', 'Education', 'EducationalInstitution']",1191,Organizations,2,0.9653177742220547,7,0.9996871646454284
EducationalInstitution,"['Organizations', 'Education', 'EducationalInstitution']",1192,Organizations,2,0.5999483203597542,7,0.7168931065054017
EducationalInstitution,"['Organizations', 'Education', 'EducationalInstitution']",1193,Organizations,2,0.8687667828924538,7,0.9903774862785168
EducationalInstitution,"['Organizations', 'Education', 'EducationalInstitution']",1194,Organizations,2,0.953696141291613,7,0.9989999612191027
EducationalInstitution,"['Organizations', 'Education', 'EducationalInstitution']",1195,Organizations,2,0.8336440298874777,7,0.9902034174563856
EducationalInstitution,"['Organizations', 'Education', 'EducationalInstitution']",1196,Organizations,2,0.7521507215525022,7,0.9165765889779348
EducationalInstitution,"['Organizations', 'Education', 'EducationalInstitution']",1197,Organizations,2,0.9273304230353895,7,0.9978068678041799
EducationalInstitution,"['Organizations', 'Education', 'EducationalInstitution']",1198,Organizations,2,0.9243344807902965,7,0.9980185079330783
EducationalInstitution,"['Organizations', 'Education', 'EducationalInstitution']",1199,Organizations,2,0.8719704288705985,7,0.9904222681419478
EducationalInstitution,"['Organizations', 'Education', 'EducationalInstitution']",1200,Organizations,2,0.9680905532432694,7,0.9997748723509982
EducationalInstitution,"['Organizations', 'Education', 'EducationalInstitution']",1201,Organizations,2,0.9266063102796445,7,0.997757177754123
EducationalInstitution,"['Organizations', 'Education', 'EducationalInstitution']",1202,Organizations,2,0.9802527503917567,7,0.9998755027043864
EducationalInstitution,"['Organizations', 'Education', 'EducationalInstitution']",1203,Organizations,2,0.9841986094579757,7,0.9998849800077334
EducationalInstitution,"['Organizations', 'Education', 'EducationalInstitution']",1204,Organizations,2,0.9586846277822889,7,0.9994280113873305
EducationalInstitution,"['Organizations', 'Education', 'EducationalInstitution']",1205,Organizations,2,0.8641222015153007,7,0.9814560399823764
EducationalInstitution,"['Organizations', 'Education', 'EducationalInstitution']",1206,Organizations,2,0.9376587296825,7,0.9987993138304272
EducationalInstitution,"['Organizations', 'Education', 'EducationalInstitution']",1207,Organizations,2,0.9565685205739882,7,0.9996319257010977
EducationalInstitution,"['Organizations', 'Education', 'EducationalInstitution']",1208,Organizations,2,0.8971292560077423,7,0.9944493148684729
EducationalInstitution,"['Organizations', 'Education', 'EducationalInstitution']",1209,Organizations,2,0.9671154169502497,7,0.9996749177422538
EducationalInstitution,"['Organizations', 'Education', 'EducationalInstitution']",1210,Organizations,2,0.9267497031946434,7,0.9984074961394002
EducationalInstitution,"['Organizations', 'Education', 'EducationalInstitution']",1211,Organizations,2,0.8957977764687889,7,0.9869067605355835
EducationalInstitution,"['Organizations', 'Education', 'EducationalInstitution']",1212,Organizations,2,0.7472143723579429,7,0.980821045204971
EducationalInstitution,"['Organizations', 'Education', 'EducationalInstitution']",1213,Organizations,2,0.8752735802154441,7,0.9932908900354016
EducationalInstitution,"['Organizations', 'Education', 'EducationalInstitution']",1214,Organizations,2,0.9559854751218991,7,0.9995449270958019
EducationalInstitution,"['Organizations', 'Education', 'EducationalInstitution']",1215,Organizations,7,0.690234764661281,6,0.8085582578713769
EducationalInstitution,"['Organizations', 'Education', 'EducationalInstitution']",1216,Organizations,2,0.9795744683575077,7,0.9997198696665999
EducationalInstitution,"['Organizations', 'Education', 'EducationalInstitution']",1217,Organizations,2,0.9495908261624962,7,0.9975410448965045
EducationalInstitution,"['Organizations', 'Education', 'EducationalInstitution']",1218,Organizations,2,0.954138267588476,7,0.9992664703433295
EducationalInstitution,"['Organizations', 'Education', 'EducationalInstitution']",1219,Organizations,2,0.7710254861640786,7,0.9614323415635714
EducationalInstitution,"['Organizations', 'Education', 'EducationalInstitution']",1220,Organizations,2,0.875380757816562,7,0.9827182406116203
EducationalInstitution,"['Organizations', 'Education', 'EducationalInstitution']",1221,Organizations,2,0.8808226883493694,7,0.9855116585798337
EducationalInstitution,"['Organizations', 'Education', 'EducationalInstitution']",1222,Organizations,2,0.8162057171753574,7,0.9801130490016751
EducationalInstitution,"['Organizations', 'Education', 'EducationalInstitution']",1223,Organizations,2,0.9335497163319539,7,0.9977013530985598
EducationalInstitution,"['Organizations', 'Education', 'EducationalInstitution']",1224,Organizations,2,0.7564711724906159,7,0.9008913748783559
EducationalInstitution,"['Organizations', 'Education', 'EducationalInstitution']",1225,Organizations,2,0.8445262406813515,7,0.9776519127124927
EducationalInstitution,"['Organizations', 'Education', 'EducationalInstitution']",1226,Organizations,2,0.9510641468401164,7,0.9993671279530625
EducationalInstitution,"['Organizations', 'Education', 'EducationalInstitution']",1227,Organizations,2,0.9720497086034262,7,0.9997366147994349
EducationalInstitution,"['Organizations', 'Education', 'EducationalInstitution']",1228,Organizations,2,0.8948991393458305,7,0.9954361045026023
EducationalInstitution,"['Organizations', 'Education', 'EducationalInstitution']",1229,Organizations,2,0.9895589451361766,7,0.9999620011431353
EducationalInstitution,"['Organizations', 'Education', 'EducationalInstitution']",1230,Organizations,2,0.9675385785024551,7,0.9996650003649891
EducationalInstitution,"['Organizations', 'Education', 'EducationalInstitution']",1231,Organizations,2,0.9847973722674457,7,0.9999231113033565
EducationalInstitution,"['Organizations', 'Education', 'EducationalInstitution']",1232,Organizations,2,0.895253801259293,7,0.9956304317358279
EducationalInstitution,"['Organizations', 'Education', 'EducationalInstitution']",1233,Organizations,2,0.9485235068189667,7,0.9988931939258615
EducationalInstitution,"['Organizations', 'Education', 'EducationalInstitution']",1234,Organizations,2,0.9691856524682418,7,0.9992985408497101
EducationalInstitution,"['Organizations', 'Education', 'EducationalInstitution']",1235,Organizations,2,0.9080268193145989,7,0.9964227860600493
EducationalInstitution,"['Organizations', 'Education', 'EducationalInstitution']",1236,Organizations,2,0.9878967355406933,7,0.9999278762933643
EducationalInstitution,"['Organizations', 'Education', 'EducationalInstitution']",1237,Organizations,2,0.7316734344218052,7,0.9602801470335808
EducationalInstitution,"['Organizations', 'Education', 'EducationalInstitution']",1238,Organizations,2,0.9599669519459566,7,0.9990928527614877
EducationalInstitution,"['Organizations', 'Education', 'EducationalInstitution']",1239,Organizations,2,0.8425569103438666,7,0.991621475223841
EducationalInstitution,"['Organizations', 'Education', 'EducationalInstitution']",1240,Organizations,2,0.9835480953199894,7,0.9999611220647904
EducationalInstitution,"['Organizations', 'Education', 'EducationalInstitution']",1241,Organizations,2,0.940040512910562,7,0.9985834457946966
EducationalInstitution,"['Organizations', 'Education', 'EducationalInstitution']",1242,Organizations,2,0.8752480347139938,7,0.9952854316163143
EducationalInstitution,"['Organizations', 'Education', 'EducationalInstitution']",1243,Organizations,2,0.9479149329773979,7,0.9974780452317861
EducationalInstitution,"['Organizations', 'Education', 'EducationalInstitution']",1244,Organizations,2,0.9173799168291147,7,0.9983783393683856
EducationalInstitution,"['Organizations', 'Education', 'EducationalInstitution']",1245,Organizations,2,0.8742426403398234,7,0.9896717776487596
EducationalInstitution,"['Organizations', 'Education', 'EducationalInstitution']",1246,Organizations,2,0.8534484519869189,7,0.9877970502598739
EducationalInstitution,"['Organizations', 'Education', 'EducationalInstitution']",1247,Organizations,2,0.9468680946754363,7,0.999253335048966
EducationalInstitution,"['Organizations', 'Education', 'EducationalInstitution']",1248,Organizations,2,0.9550617533271905,7,0.9997437939416353
EducationalInstitution,"['Organizations', 'Education', 'EducationalInstitution']",1249,Organizations,2,0.9123110994449789,7,0.995319064517864
EducationalInstitution,"['Organizations', 'Education', 'EducationalInstitution']",1250,Organizations,2,0.9408570023855299,7,0.9991931247705019
EducationalInstitution,"['Organizations', 'Education', 'EducationalInstitution']",1251,Organizations,2,0.8700809306390658,7,0.9894551665042223
EducationalInstitution,"['Organizations', 'Education', 'EducationalInstitution']",1252,Organizations,2,0.9210253487372627,7,0.9971924383402619
EducationalInstitution,"['Organizations', 'Education', 'EducationalInstitution']",1253,Organizations,2,0.9680421741651845,7,0.999195089113779
EducationalInstitution,"['Organizations', 'Education', 'EducationalInstitution']",1254,Organizations,2,0.8824260238011211,7,0.9945524434145003
EducationalInstitution,"['Organizations', 'Education', 'EducationalInstitution']",1255,Organizations,2,0.7494035231584756,7,0.9681899633345978
EducationalInstitution,"['Organizations', 'Education', 'EducationalInstitution']",1256,Organizations,2,0.9521592108085922,7,0.9992806335061126
EducationalInstitution,"['Organizations', 'Education', 'EducationalInstitution']",1257,Organizations,2,0.9315072979621162,7,0.9991546378779549
EducationalInstitution,"['Organizations', 'Education', 'EducationalInstitution']",1258,Organizations,2,0.8867912581040299,7,0.9985845811824575
EducationalInstitution,"['Organizations', 'Education', 'EducationalInstitution']",1259,Organizations,2,0.8220259367845568,7,0.9722615272236018
EducationalInstitution,"['Organizations', 'Education', 'EducationalInstitution']",1260,Organizations,2,0.8231025985948527,7,0.9898344371803162
EducationalInstitution,"['Organizations', 'Education', 'EducationalInstitution']",1261,Organizations,2,0.8448146136501483,7,0.9820129966574102
EducationalInstitution,"['Organizations', 'Education', 'EducationalInstitution']",1262,Organizations,2,0.8609127575325005,7,0.9892420777929376
EducationalInstitution,"['Organizations', 'Education', 'EducationalInstitution']",1263,Organizations,2,0.8843708154112425,7,0.999391570609488
EducationalInstitution,"['Organizations', 'Education', 'EducationalInstitution']",1264,Organizations,2,0.9829709554176121,7,0.9998725500260993
EducationalInstitution,"['Organizations', 'Education', 'EducationalInstitution']",1265,Organizations,2,0.8153960079214031,7,0.995153393006745
EducationalInstitution,"['Organizations', 'Education', 'EducationalInstitution']",1266,Organizations,2,0.880029348300361,7,0.9929588580850486
EducationalInstitution,"['Organizations', 'Education', 'EducationalInstitution']",1267,Organizations,2,0.949394621950221,7,0.9996471125446867
EducationalInstitution,"['Organizations', 'Education', 'EducationalInstitution']",1268,Organizations,2,0.9518934771444636,7,0.9988853809778565
EducationalInstitution,"['Organizations', 'Education', 'EducationalInstitution']",1269,Organizations,2,0.9150780391875547,7,0.9938315077333741
EducationalInstitution,"['Organizations', 'Education', 'EducationalInstitution']",1270,Organizations,2,0.9532786078865985,7,0.9995754269629853
EducationalInstitution,"['Organizations', 'Education', 'EducationalInstitution']",1271,Organizations,2,0.9433059820018892,7,0.9985452005807967
EducationalInstitution,"['Organizations', 'Education', 'EducationalInstitution']",1272,Organizations,2,0.8511101209912464,7,0.995264858496141
EducationalInstitution,"['Organizations', 'Education', 'EducationalInstitution']",1273,Organizations,2,0.7853917639197988,7,0.9730124488581128
EducationalInstitution,"['Organizations', 'Education', 'EducationalInstitution']",1274,Organizations,2,0.8762094972028606,7,0.9946607746405128
EducationalInstitution,"['Organizations', 'Education', 'EducationalInstitution']",1275,Organizations,2,0.9699144341166798,7,0.99954774522456
EducationalInstitution,"['Organizations', 'Education', 'EducationalInstitution']",1276,Organizations,2,0.9745276528751399,7,0.9997840233454485
EducationalInstitution,"['Organizations', 'Education', 'EducationalInstitution']",1277,Organizations,2,0.9862797201034769,7,0.9999679641911261
EducationalInstitution,"['Organizations', 'Education', 'EducationalInstitution']",1278,Organizations,2,0.9379411762445183,7,0.9980342160171419
EducationalInstitution,"['Organizations', 'Education', 'EducationalInstitution']",1279,Organizations,2,0.9403962963681727,7,0.9974597117038987
EducationalInstitution,"['Organizations', 'Education', 'EducationalInstitution']",1280,Organizations,2,0.9465888772906353,7,0.9988339901159857
EducationalInstitution,"['Organizations', 'Education', 'EducationalInstitution']",1281,Organizations,2,0.819647030148148,7,0.9468365216067339
EducationalInstitution,"['Organizations', 'Education', 'EducationalInstitution']",1282,Organizations,2,0.9837174492441365,7,0.9998924822334491
EducationalInstitution,"['Organizations', 'Education', 'EducationalInstitution']",1283,Organizations,2,0.8517550786746777,7,0.980739793003753
EducationalInstitution,"['Organizations', 'Education', 'EducationalInstitution']",1284,Organizations,2,0.852093346333815,7,0.9918281794037108
EducationalInstitution,"['Organizations', 'Education', 'EducationalInstitution']",1285,Organizations,2,0.8788485157199281,7,0.994671871785976
EducationalInstitution,"['Organizations', 'Education', 'EducationalInstitution']",1286,Organizations,2,0.9382219390378247,7,0.9971563906498827
EducationalInstitution,"['Organizations', 'Education', 'EducationalInstitution']",1287,Organizations,2,0.9517278100817195,7,0.999238850210277
EducationalInstitution,"['Organizations', 'Education', 'EducationalInstitution']",1288,Organizations,2,0.8800008396659569,7,0.9969797846784016
EducationalInstitution,"['Organizations', 'Education', 'EducationalInstitution']",1289,Organizations,2,0.9535523030544554,7,0.9993950902988185
EducationalInstitution,"['Organizations', 'Education', 'EducationalInstitution']",1290,Organizations,2,0.9468448478147519,7,0.999294460535938
EducationalInstitution,"['Organizations', 'Education', 'EducationalInstitution']",1291,Organizations,2,0.9623081946752071,7,0.9982562879797408
EducationalInstitution,"['Organizations', 'Education', 'EducationalInstitution']",1292,Organizations,2,0.9090786133939164,7,0.9957211178694159
EducationalInstitution,"['Organizations', 'Education', 'EducationalInstitution']",1293,Organizations,2,0.8271838923758945,7,0.9963418221488471
EducationalInstitution,"['Organizations', 'Education', 'EducationalInstitution']",1294,Organizations,2,0.9758399280969717,7,0.9999190672628527
EducationalInstitution,"['Organizations', 'Education', 'EducationalInstitution']",1295,Organizations,2,0.8364557471871904,7,0.9852813073427994
EducationalInstitution,"['Organizations', 'Education', 'EducationalInstitution']",1296,Organizations,2,0.975744207587783,7,0.999793318304129
EducationalInstitution,"['Organizations', 'Education', 'EducationalInstitution']",1297,Organizations,2,0.9764571744437015,7,0.9998193151116519
EducationalInstitution,"['Organizations', 'Education', 'EducationalInstitution']",1298,Organizations,2,0.9073225216078877,7,0.9946071918062817
EducationalInstitution,"['Organizations', 'Education', 'EducationalInstitution']",1299,Organizations,2,0.9377946411711628,7,0.9984340886457616
EducationalInstitution,"['Organizations', 'Education', 'EducationalInstitution']",1300,Organizations,2,0.8550661755271024,7,0.9839614682296131
EducationalInstitution,"['Organizations', 'Education', 'EducationalInstitution']",1301,Organizations,2,0.9553081867938289,7,0.9993595603506904
EducationalInstitution,"['Organizations', 'Education', 'EducationalInstitution']",1302,Organizations,2,0.9789160826183357,7,0.9998577742882302
EducationalInstitution,"['Organizations', 'Education', 'EducationalInstitution']",1303,Organizations,2,0.9505844345995847,7,0.9992102422850779
EducationalInstitution,"['Organizations', 'Education', 'EducationalInstitution']",1304,Organizations,2,0.5929624588043105,7,0.6064783452287009
EducationalInstitution,"['Organizations', 'Education', 'EducationalInstitution']",1305,Organizations,2,0.8699242048185037,7,0.9849555049292772
EducationalInstitution,"['Organizations', 'Education', 'EducationalInstitution']",1306,Organizations,7,0.6881033544830905,6,0.9151209361472612
EducationalInstitution,"['Organizations', 'Education', 'EducationalInstitution']",1307,Organizations,2,0.9774258361557501,7,0.9996477035039644
EducationalInstitution,"['Organizations', 'Education', 'EducationalInstitution']",1308,Organizations,2,0.9251662882455658,7,0.9976163536958338
EducationalInstitution,"['Organizations', 'Education', 'EducationalInstitution']",1309,Organizations,2,0.9839391911401375,7,0.9999233533394744
EducationalInstitution,"['Organizations', 'Education', 'EducationalInstitution']",1310,Organizations,2,0.9159862938554283,7,0.9964382187656633
EducationalInstitution,"['Organizations', 'Education', 'EducationalInstitution']",1311,Organizations,2,0.84985032642859,7,0.9585126488353388
EducationalInstitution,"['Organizations', 'Education', 'EducationalInstitution']",1312,Organizations,2,0.7743576144289881,7,0.985833691961011
EducationalInstitution,"['Organizations', 'Education', 'EducationalInstitution']",1313,Organizations,2,0.9668145487686778,7,0.9995482655716683
EducationalInstitution,"['Organizations', 'Education', 'EducationalInstitution']",1314,Organizations,2,0.9227956392426672,7,0.9982342872020821
EducationalInstitution,"['Organizations', 'Education', 'EducationalInstitution']",1315,Organizations,2,0.9628863954013562,7,0.9995369168914847
EducationalInstitution,"['Organizations', 'Education', 'EducationalInstitution']",1316,Organizations,2,0.7233563990174503,7,0.9225826328248565
EducationalInstitution,"['Organizations', 'Education', 'EducationalInstitution']",1317,Organizations,2,0.8984108176918736,7,0.9979681273189295
EducationalInstitution,"['Organizations', 'Education', 'EducationalInstitution']",1318,Organizations,2,0.9458157541010315,7,0.9980168494455062
EducationalInstitution,"['Organizations', 'Education', 'EducationalInstitution']",1319,Organizations,2,0.9323128335763672,7,0.9992930695099682
EducationalInstitution,"['Organizations', 'Education', 'EducationalInstitution']",1320,Organizations,2,0.9744997412885598,7,0.9998519749362691
EducationalInstitution,"['Organizations', 'Education', 'EducationalInstitution']",1321,Organizations,2,0.9544077832813983,7,0.9993697645479035
EducationalInstitution,"['Organizations', 'Education', 'EducationalInstitution']",1322,Organizations,2,0.8908517580262093,7,0.9949578477990852
EducationalInstitution,"['Organizations', 'Education', 'EducationalInstitution']",1323,Organizations,2,0.9524764740048556,7,0.9988780101666177
EducationalInstitution,"['Organizations', 'Education', 'EducationalInstitution']",1324,Organizations,2,0.9415483174936979,7,0.9984553027278571
EducationalInstitution,"['Organizations', 'Education', 'EducationalInstitution']",1325,Organizations,2,0.9483815137620385,7,0.9988482269137913
EducationalInstitution,"['Organizations', 'Education', 'EducationalInstitution']",1326,Organizations,2,0.8851248577210667,7,0.9978224427789024
EducationalInstitution,"['Organizations', 'Education', 'EducationalInstitution']",1327,Organizations,2,0.9737088619463435,7,0.9997757418451838
EducationalInstitution,"['Organizations', 'Education', 'EducationalInstitution']",1328,Organizations,2,0.8477224160073621,7,0.9923669108156417
EducationalInstitution,"['Organizations', 'Education', 'EducationalInstitution']",1329,Organizations,2,0.9718472455579452,7,0.9998478337695914
EducationalInstitution,"['Organizations', 'Education', 'EducationalInstitution']",1330,Organizations,2,0.9175465163057307,7,0.9976493104412588
EducationalInstitution,"['Organizations', 'Education', 'EducationalInstitution']",1331,Organizations,2,0.9471839404709841,7,0.9989203800289868
EducationalInstitution,"['Organizations', 'Education', 'EducationalInstitution']",1332,Organizations,2,0.8671754571015611,7,0.9918786145574049
EducationalInstitution,"['Organizations', 'Education', 'EducationalInstitution']",1333,Organizations,2,0.955220814235451,7,0.9994052430184736
SportsTeam,"['Organizations', 'Sports', 'SportsTeam']",1334,Organizations,2,0.9687678932671672,7,0.9994437079731316
SportsTeam,"['Organizations', 'Sports', 'SportsTeam']",1335,Organizations,2,0.8896940482801544,7,0.9953032783246106
SportsTeam,"['Organizations', 'Sports', 'SportsTeam']",1336,Organizations,2,0.6303887793439749,7,0.9079931317347972
SportsTeam,"['Organizations', 'Sports', 'SportsTeam']",1337,Organizations,2,0.970069709363596,7,0.9998782075051174
SportsTeam,"['Organizations', 'Sports', 'SportsTeam']",1338,Organizations,2,0.9815872416686164,7,0.9999251858241804
SportsTeam,"['Organizations', 'Sports', 'SportsTeam']",1339,Organizations,2,0.8779210045743282,7,0.9942083405509284
SportsTeam,"['Organizations', 'Sports', 'SportsTeam']",1340,Organizations,2,0.8483900730515017,7,0.9937768686479145
SportsTeam,"['Organizations', 'Sports', 'SportsTeam']",1341,Organizations,2,0.902799200701945,7,0.9969049537072586
SportsTeam,"['Organizations', 'Sports', 'SportsTeam']",1342,Organizations,2,0.958713141492862,7,0.9996413765714941
SportsTeam,"['Organizations', 'Sports', 'SportsTeam']",1343,Organizations,2,0.9369082643389686,7,0.9986445265778353
SportsTeam,"['Organizations', 'Sports', 'SportsTeam']",1344,Organizations,2,0.9419603358019762,7,0.9984310606024143
SportsTeam,"['Organizations', 'Sports', 'SportsTeam']",1345,Organizations,2,0.8676209725057029,7,0.990526216550604
SportsTeam,"['Organizations', 'Sports', 'SportsTeam']",1346,Organizations,2,0.9260012763752019,7,0.999011636422494
SportsTeam,"['Organizations', 'Sports', 'SportsTeam']",1347,Organizations,2,0.9035373332511111,7,0.998694256801432
SportsTeam,"['Organizations', 'Sports', 'SportsTeam']",1348,Organizations,2,0.9434674658575957,7,0.9985029927511889
SportsTeam,"['Organizations', 'Sports', 'SportsTeam']",1349,Organizations,2,0.8914470134265465,7,0.9954280769659025
SportsTeam,"['Organizations', 'Sports', 'SportsTeam']",1350,Organizations,2,0.7107434289709313,7,0.9901093403591427
SportsTeam,"['Organizations', 'Sports', 'SportsTeam']",1351,Organizations,2,0.8410272653503814,7,0.9842615893653462
SportsTeam,"['Organizations', 'Sports', 'SportsTeam']",1352,Organizations,2,0.7290296458198336,7,0.9880080122551933
SportsTeam,"['Organizations', 'Sports', 'SportsTeam']",1353,Organizations,2,0.7401063213160812,7,0.9822860537756619
SportsTeam,"['Organizations', 'Sports', 'SportsTeam']",1354,Organizations,2,0.9736135886416183,7,0.9997883390468136
SportsTeam,"['Organizations', 'Sports', 'SportsTeam']",1355,Organizations,2,0.9591270484689605,7,0.999805131963014
SportsTeam,"['Organizations', 'Sports', 'SportsTeam']",1356,Organizations,2,0.9387890167467718,7,0.9985002562898772
SportsTeam,"['Organizations', 'Sports', 'SportsTeam']",1357,Organizations,2,0.8632753330486145,7,0.9911537293366162
SportsTeam,"['Organizations', 'Sports', 'SportsTeam']",1358,Organizations,2,0.9576506844257328,7,0.9993955196214763
SportsTeam,"['Organizations', 'Sports', 'SportsTeam']",1359,Organizations,2,0.950539565730647,7,0.998476609534912
SportsTeam,"['Organizations', 'Sports', 'SportsTeam']",1360,Organizations,2,0.9436509225953199,7,0.9993871558789239
SportsTeam,"['Organizations', 'Sports', 'SportsTeam']",1361,Organizations,6,0.28432844807573315,0,0.5063139862243219
SportsTeam,"['Organizations', 'Sports', 'SportsTeam']",1362,Organizations,2,0.9192147058050488,7,0.9982623172834006
SportsTeam,"['Organizations', 'Sports', 'SportsTeam']",1363,Organizations,2,0.914762823467976,7,0.9986866657181508
SportsTeam,"['Organizations', 'Sports', 'SportsTeam']",1364,Organizations,2,0.29071610462354064,7,0.6296935021056868
SportsTeam,"['Organizations', 'Sports', 'SportsTeam']",1365,Organizations,2,0.984592030559518,7,0.9999477121982707
SportsTeam,"['Organizations', 'Sports', 'SportsTeam']",1366,Organizations,2,0.9340036917483183,7,0.998890933827786
SportsTeam,"['Organizations', 'Sports', 'SportsTeam']",1367,Organizations,2,0.9354554296680213,7,0.998901473374131
SportsTeam,"['Organizations', 'Sports', 'SportsTeam']",1368,Organizations,2,0.8670834787076505,7,0.9955288051531136
SportsTeam,"['Organizations', 'Sports', 'SportsTeam']",1369,Organizations,2,0.906586334462904,7,0.9976644457383531
SportsTeam,"['Organizations', 'Sports', 'SportsTeam']",1370,Organizations,2,0.9075018821604427,7,0.9977781019166103
SportsTeam,"['Organizations', 'Sports', 'SportsTeam']",1371,Organizations,2,0.9864733837665519,7,0.9999720545596564
SportsTeam,"['Organizations', 'Sports', 'SportsTeam']",1372,Organizations,2,0.842365458392392,7,0.9923943325960004
SportsTeam,"['Organizations', 'Sports', 'SportsTeam']",1373,Organizations,6,0.8221837544384478,0,0.9677684086434089
SportsTeam,"['Organizations', 'Sports', 'SportsTeam']",1374,Organizations,2,0.9245946436262412,7,0.998535091039608
SportsTeam,"['Organizations', 'Sports', 'SportsTeam']",1375,Organizations,2,0.9670086340617158,7,0.9996171205733544
SportsTeam,"['Organizations', 'Sports', 'SportsTeam']",1376,Organizations,2,0.9229864954307516,7,0.9975750527088463
SportsTeam,"['Organizations', 'Sports', 'SportsTeam']",1377,Organizations,2,0.8955120211712417,7,0.997451208950702
SportsTeam,"['Organizations', 'Sports', 'SportsTeam']",1378,Organizations,2,0.9662480831489699,7,0.9996321830427438
SportsTeam,"['Organizations', 'Sports', 'SportsTeam']",1379,Organizations,2,0.9483183862246685,7,0.9994290986525524
SportsTeam,"['Organizations', 'Sports', 'SportsTeam']",1380,Organizations,2,0.8554131334188038,7,0.9929032954251364
SportsTeam,"['Organizations', 'Sports', 'SportsTeam']",1381,Organizations,2,0.6548186135302418,7,0.8855984318456765
SportsTeam,"['Organizations', 'Sports', 'SportsTeam']",1382,Organizations,2,0.9959661272618292,7,0.9999948429126918
SportsTeam,"['Organizations', 'Sports', 'SportsTeam']",1383,Organizations,2,0.7148699123801587,7,0.8970150675325549
SportsTeam,"['Organizations', 'Sports', 'SportsTeam']",1384,Organizations,2,0.9308935428193291,7,0.9983371692462776
SportsTeam,"['Organizations', 'Sports', 'SportsTeam']",1385,Organizations,2,0.9643161544348722,7,0.9997397842642834
SportsTeam,"['Organizations', 'Sports', 'SportsTeam']",1386,Organizations,2,0.9570379641010766,7,0.9994219072020577
SportsTeam,"['Organizations', 'Sports', 'SportsTeam']",1387,Organizations,2,0.9932851366550648,7,0.999989706480384
SportsTeam,"['Organizations', 'Sports', 'SportsTeam']",1388,Organizations,2,0.900858320225152,7,0.9967051223259336
SportsTeam,"['Organizations', 'Sports', 'SportsTeam']",1389,Organizations,2,0.5584935870342546,7,0.9604822526827401
SportsTeam,"['Organizations', 'Sports', 'SportsTeam']",1390,Organizations,2,0.9838812880950816,7,0.9999115609306001
SportsTeam,"['Organizations', 'Sports', 'SportsTeam']",1391,Organizations,2,0.8819289500393146,7,0.9962588003841797
SportsTeam,"['Organizations', 'Sports', 'SportsTeam']",1392,Organizations,2,0.9634763786786391,7,0.999308614716823
SportsTeam,"['Organizations', 'Sports', 'SportsTeam']",1393,Organizations,2,0.4189136668709503,7,0.8099869892023864
SportsTeam,"['Organizations', 'Sports', 'SportsTeam']",1394,Organizations,2,0.8576362230329071,7,0.9960663408391349
SportsTeam,"['Organizations', 'Sports', 'SportsTeam']",1395,Organizations,2,0.9545320225551834,7,0.9994709140447948
SportsTeam,"['Organizations', 'Sports', 'SportsTeam']",1396,Organizations,2,0.9141899904615847,7,0.9989306691124562
SportsTeam,"['Organizations', 'Sports', 'SportsTeam']",1397,Organizations,2,0.9793832533732042,7,0.9998687400948012
SportsTeam,"['Organizations', 'Sports', 'SportsTeam']",1398,Organizations,2,0.8477879472801572,7,0.9930405038836198
SportsTeam,"['Organizations', 'Sports', 'SportsTeam']",1399,Organizations,2,0.7158059675328249,7,0.9870085040038068
SportsTeam,"['Organizations', 'Sports', 'SportsTeam']",1400,Organizations,2,0.9267010374322773,7,0.9986480137725479
SportsTeam,"['Organizations', 'Sports', 'SportsTeam']",1401,Organizations,2,0.981702506433746,7,0.9999291192561004
SportsTeam,"['Organizations', 'Sports', 'SportsTeam']",1402,Organizations,2,0.6732302778892377,7,0.9772191650267849
SportsTeam,"['Organizations', 'Sports', 'SportsTeam']",1403,Organizations,2,0.8983784115921714,7,0.9965606290228596
SportsTeam,"['Organizations', 'Sports', 'SportsTeam']",1404,Organizations,2,0.5079513618756504,7,0.8904444130282426
SportsTeam,"['Organizations', 'Sports', 'SportsTeam']",1405,Organizations,2,0.8934883568204316,7,0.9959053448943307
SportsTeam,"['Organizations', 'Sports', 'SportsTeam']",1406,Organizations,2,0.8913848270604515,7,0.9960103435366895
SportsTeam,"['Organizations', 'Sports', 'SportsTeam']",1407,Organizations,2,0.6626573145008371,7,0.9544038981500357
SportsTeam,"['Organizations', 'Sports', 'SportsTeam']",1408,Organizations,2,0.9794400917191295,7,0.9999038213820767
SportsTeam,"['Organizations', 'Sports', 'SportsTeam']",1409,Organizations,2,0.9500785740290533,7,0.9994278558770127
SportsTeam,"['Organizations', 'Sports', 'SportsTeam']",1410,Organizations,6,0.7793275027978837,0,0.9864663766034338
SportsTeam,"['Organizations', 'Sports', 'SportsTeam']",1411,Organizations,2,0.8868830914421252,7,0.9983695624900456
SportsTeam,"['Organizations', 'Sports', 'SportsTeam']",1412,Organizations,2,0.44354823833306034,7,0.8318417993118438
SportsTeam,"['Organizations', 'Sports', 'SportsTeam']",1413,Organizations,6,0.5823478883535853,0,0.9004801716733142
SportsTeam,"['Organizations', 'Sports', 'SportsTeam']",1414,Organizations,2,0.9564889588146205,7,0.9995857574666337
SportsTeam,"['Organizations', 'Sports', 'SportsTeam']",1415,Organizations,2,0.9495347426369976,7,0.9991897997457536
SportsTeam,"['Organizations', 'Sports', 'SportsTeam']",1416,Organizations,2,0.8421217455407195,7,0.9951655763401359
SportsTeam,"['Organizations', 'Sports', 'SportsTeam']",1417,Organizations,2,0.9637484430173452,7,0.9992751135062894
SportsTeam,"['Organizations', 'Sports', 'SportsTeam']",1418,Organizations,2,0.8685046672736134,7,0.9956642192929634
SportsTeam,"['Organizations', 'Sports', 'SportsTeam']",1419,Organizations,2,0.9162682807734528,7,0.9942782787564703
SportsTeam,"['Organizations', 'Sports', 'SportsTeam']",1420,Organizations,2,0.9687684851270644,7,0.9998476885901827
SportsTeam,"['Organizations', 'Sports', 'SportsTeam']",1421,Organizations,2,0.952556745477189,7,0.9996523698423996
SportsTeam,"['Organizations', 'Sports', 'SportsTeam']",1422,Organizations,2,0.7558603289377331,7,0.9719531165494302
SportsTeam,"['Organizations', 'Sports', 'SportsTeam']",1423,Organizations,2,0.8853436261858428,7,0.9897824031561833
SportsTeam,"['Organizations', 'Sports', 'SportsTeam']",1424,Organizations,2,0.5175731478916664,7,0.9139620390030662
SportsTeam,"['Organizations', 'Sports', 'SportsTeam']",1425,Organizations,2,0.9762421227636118,7,0.9998141578463845
SportsTeam,"['Organizations', 'Sports', 'SportsTeam']",1426,Organizations,2,0.956508720072174,7,0.999540399744998
SportsTeam,"['Organizations', 'Sports', 'SportsTeam']",1427,Organizations,2,0.9346470803572211,7,0.9989376770285785
SportsTeam,"['Organizations', 'Sports', 'SportsTeam']",1428,Organizations,2,0.9396071333405884,7,0.9979736714848891
SportsTeam,"['Organizations', 'Sports', 'SportsTeam']",1429,Organizations,2,0.9454308884220912,7,0.9994434538640985
SportsTeam,"['Organizations', 'Sports', 'SportsTeam']",1430,Organizations,2,0.9646390186888434,7,0.9998313179069387
SportsTeam,"['Organizations', 'Sports', 'SportsTeam']",1431,Organizations,2,0.922694821371044,7,0.9947048597796516
SportsTeam,"['Organizations', 'Sports', 'SportsTeam']",1432,Organizations,2,0.9393956861865195,7,0.9991541068682289
SportsTeam,"['Organizations', 'Sports', 'SportsTeam']",1433,Organizations,2,0.9227854802397361,7,0.9986314729273915
SportsTeam,"['Organizations', 'Sports', 'SportsTeam']",1434,Organizations,2,0.9675649445056048,7,0.9995123132060443
SportsTeam,"['Organizations', 'Sports', 'SportsTeam']",1435,Organizations,2,0.8781165571108772,7,0.9967345903804365
SportsTeam,"['Organizations', 'Sports', 'SportsTeam']",1436,Organizations,2,0.9091737242400098,7,0.991397397181626
SportsTeam,"['Organizations', 'Sports', 'SportsTeam']",1437,Organizations,2,0.894896390953461,7,0.9980143051769054
SportsTeam,"['Organizations', 'Sports', 'SportsTeam']",1438,Organizations,2,0.7880500873906932,7,0.9905767710974933
SportsTeam,"['Organizations', 'Sports', 'SportsTeam']",1439,Organizations,2,0.7566470930860134,7,0.9807609950541479
SportsTeam,"['Organizations', 'Sports', 'SportsTeam']",1440,Organizations,2,0.8578499444808049,7,0.9978744946220033
SportsTeam,"['Organizations', 'Sports', 'SportsTeam']",1441,Organizations,2,0.979511307453577,7,0.9998257436233321
SportsTeam,"['Organizations', 'Sports', 'SportsTeam']",1442,Organizations,2,0.9390715957411513,7,0.9989107598014937
SportsTeam,"['Organizations', 'Sports', 'SportsTeam']",1443,Organizations,2,0.9669163116439015,7,0.9997487033630702
SportsTeam,"['Organizations', 'Sports', 'SportsTeam']",1444,Organizations,2,0.9565647375922112,7,0.9995984315998376
SportsTeam,"['Organizations', 'Sports', 'SportsTeam']",1445,Organizations,2,0.9702525810629807,7,0.9998344463329536
SportsTeam,"['Organizations', 'Sports', 'SportsTeam']",1446,Organizations,2,0.9512998982841302,7,0.9994851333880675
SportsTeam,"['Organizations', 'Sports', 'SportsTeam']",1447,Organizations,2,0.9160771566268837,7,0.9974538858086379
SportsTeam,"['Organizations', 'Sports', 'SportsTeam']",1448,Organizations,2,0.8436173327195531,7,0.994937260145107
SportsTeam,"['Organizations', 'Sports', 'SportsTeam']",1449,Organizations,2,0.41147893846406625,7,0.6826462894338651
SportsTeam,"['Organizations', 'Sports', 'SportsTeam']",1450,Organizations,2,0.9016804336216537,7,0.9982673731030723
SportsTeam,"['Organizations', 'Sports', 'SportsTeam']",1451,Organizations,2,0.9246494002140607,7,0.9981668343089918
SportsTeam,"['Organizations', 'Sports', 'SportsTeam']",1452,Organizations,2,0.9348150944600102,7,0.99866720689942
SportsTeam,"['Organizations', 'Sports', 'SportsTeam']",1453,Organizations,2,0.9361778389948134,7,0.9994774864686213
SportsTeam,"['Organizations', 'Sports', 'SportsTeam']",1454,Organizations,2,0.3944760042166771,7,0.7728220096609439
SportsTeam,"['Organizations', 'Sports', 'SportsTeam']",1455,Organizations,2,0.8781457696544348,7,0.996062857157162
SportsTeam,"['Organizations', 'Sports', 'SportsTeam']",1456,Organizations,2,0.8304238712907283,7,0.99261699775883
SportsTeam,"['Organizations', 'Sports', 'SportsTeam']",1457,Organizations,2,0.9753064752122705,7,0.9998973848992129
SportsTeam,"['Organizations', 'Sports', 'SportsTeam']",1458,Organizations,2,0.8316543535292626,7,0.993384340001614
SportsTeam,"['Organizations', 'Sports', 'SportsTeam']",1459,Organizations,2,0.5814010268387074,7,0.9406924931508589
SportsTeam,"['Organizations', 'Sports', 'SportsTeam']",1460,Organizations,4,0.3994490027245932,2,0.4809069261664216
SportsTeam,"['Organizations', 'Sports', 'SportsTeam']",1461,Organizations,2,0.43029691102978085,7,0.8388767563691369
SportsTeam,"['Organizations', 'Sports', 'SportsTeam']",1462,Organizations,2,0.9216907801349651,7,0.9988785675355004
SportsTeam,"['Organizations', 'Sports', 'SportsTeam']",1463,Organizations,2,0.9191966398059288,7,0.9979474547180266
SportsTeam,"['Organizations', 'Sports', 'SportsTeam']",1464,Organizations,2,0.46804310257543746,7,0.8310839912784233
SportsTeam,"['Organizations', 'Sports', 'SportsTeam']",1465,Organizations,2,0.9112993349547516,7,0.9988286021591405
SportsTeam,"['Organizations', 'Sports', 'SportsTeam']",1466,Organizations,2,0.940147887508503,7,0.9991426765608739
SportsTeam,"['Organizations', 'Sports', 'SportsTeam']",1467,Organizations,2,0.9491750643519373,7,0.9999095651151458
SportsTeam,"['Organizations', 'Sports', 'SportsTeam']",1468,Organizations,2,0.5945885833498767,7,0.9435638015181237
SportsTeam,"['Organizations', 'Sports', 'SportsTeam']",1469,Organizations,2,0.9467450540162357,7,0.9987094580179033
SportsTeam,"['Organizations', 'Sports', 'SportsTeam']",1470,Organizations,2,0.8859313993555769,7,0.9945980141287384
SportsTeam,"['Organizations', 'Sports', 'SportsTeam']",1471,Organizations,6,0.5054088206625045,0,0.8581095948063062
SportsTeam,"['Organizations', 'Sports', 'SportsTeam']",1472,Organizations,2,0.9943047019086101,7,0.999984694610584
SportsTeam,"['Organizations', 'Sports', 'SportsTeam']",1473,Organizations,2,0.9781021223019675,7,0.9999010083463573
SportsTeam,"['Organizations', 'Sports', 'SportsTeam']",1474,Organizations,2,0.5257638632500858,7,0.8484400625605587
SportsTeam,"['Organizations', 'Sports', 'SportsTeam']",1475,Organizations,2,0.8452080797880367,7,0.9956514175747041
SportsTeam,"['Organizations', 'Sports', 'SportsTeam']",1476,Organizations,2,0.9848416192383552,7,0.9998975048082759
SportsTeam,"['Organizations', 'Sports', 'SportsTeam']",1477,Organizations,2,0.8841348942736592,7,0.9963597156894513
SportsTeam,"['Organizations', 'Sports', 'SportsTeam']",1478,Organizations,2,0.9721559748078503,7,0.9997926296036251
SportsTeam,"['Organizations', 'Sports', 'SportsTeam']",1479,Organizations,2,0.46951129884954,7,0.830072630936022
SportsTeam,"['Organizations', 'Sports', 'SportsTeam']",1480,Organizations,2,0.9513521912335403,7,0.9995443795709432
SportsTeam,"['Organizations', 'Sports', 'SportsTeam']",1481,Organizations,2,0.9022183919435229,7,0.9961059236645159
SportsTeam,"['Organizations', 'Sports', 'SportsTeam']",1482,Organizations,2,0.9579857845082246,7,0.9995576861616593
SportsTeam,"['Organizations', 'Sports', 'SportsTeam']",1483,Organizations,2,0.8840628297691139,7,0.9963704357489512
SportsTeam,"['Organizations', 'Sports', 'SportsTeam']",1484,Organizations,2,0.925688369408715,7,0.9976131196427375
SportsTeam,"['Organizations', 'Sports', 'SportsTeam']",1485,Organizations,2,0.9530304908623406,7,0.9993353274107214
SportsTeam,"['Organizations', 'Sports', 'SportsTeam']",1486,Organizations,2,0.9840382726208532,7,0.9999416777484735
SportsTeam,"['Organizations', 'Sports', 'SportsTeam']",1487,Organizations,2,0.8789940071845069,7,0.9974454554745326
SportsTeam,"['Organizations', 'Sports', 'SportsTeam']",1488,Organizations,2,0.7837407019421158,7,0.9828755305292243
SportsTeam,"['Organizations', 'Sports', 'SportsTeam']",1489,Organizations,2,0.9575120798988649,7,0.9995814503256977
SportsTeam,"['Organizations', 'Sports', 'SportsTeam']",1490,Organizations,2,0.9411119080397056,7,0.9992526357204305
SportsTeam,"['Organizations', 'Sports', 'SportsTeam']",1491,Organizations,2,0.982585421102339,7,0.9998555060523481
SportsTeam,"['Organizations', 'Sports', 'SportsTeam']",1492,Organizations,2,0.9314763910336787,7,0.9979318753835057
SportsTeam,"['Organizations', 'Sports', 'SportsTeam']",1493,Organizations,2,0.8759562107026598,7,0.9968463883406579
SportsTeam,"['Organizations', 'Sports', 'SportsTeam']",1494,Organizations,6,0.2958939503751905,0,0.5359945829142788
SportsTeam,"['Organizations', 'Sports', 'SportsTeam']",1495,Organizations,2,0.5007368671439241,7,0.8760416731656067
SportsTeam,"['Organizations', 'Sports', 'SportsTeam']",1496,Organizations,2,0.7492837148881009,7,0.9880520289004096
SportsTeam,"['Organizations', 'Sports', 'SportsTeam']",1497,Organizations,2,0.5719400241017195,7,0.7595319675222458
SportsTeam,"['Organizations', 'Sports', 'SportsTeam']",1498,Organizations,2,0.8589132421917383,7,0.9941168349822482
SportsTeam,"['Organizations', 'Sports', 'SportsTeam']",1499,Organizations,2,0.9629059387181468,7,0.9992305440533281
Film,"['CreativeWorks', 'FilmAndTV', 'Film']",1500,CreativeWorks,5,0.9721848465810474,4,0.9998453465878429
Film,"['CreativeWorks', 'FilmAndTV', 'Film']",1501,CreativeWorks,5,0.934391631264199,4,0.9992484585320984
Film,"['CreativeWorks', 'FilmAndTV', 'Film']",1502,CreativeWorks,5,0.9508944032059939,4,0.9994543450125274
Film,"['CreativeWorks', 'FilmAndTV', 'Film']",1503,CreativeWorks,5,0.7830766154462048,4,0.9741361393110674
Film,"['CreativeWorks', 'FilmAndTV', 'Film']",1504,CreativeWorks,5,0.9874112151170897,4,0.9999735233232516
Film,"['CreativeWorks', 'FilmAndTV', 'Film']",1505,CreativeWorks,5,0.9597322773945769,4,0.9997180097231428
Film,"['CreativeWorks', 'FilmAndTV', 'Film']",1506,CreativeWorks,5,0.8637474294202283,4,0.9956094861418431
Film,"['CreativeWorks', 'FilmAndTV', 'Film']",1507,CreativeWorks,5,0.9865110546186052,4,0.9999775061985631
Film,"['CreativeWorks', 'FilmAndTV', 'Film']",1508,CreativeWorks,5,0.9829751798315682,4,0.9999604590706203
Film,"['CreativeWorks', 'FilmAndTV', 'Film']",1509,CreativeWorks,5,0.9867021680400065,4,0.9999562963635223
Film,"['CreativeWorks', 'FilmAndTV', 'Film']",1510,CreativeWorks,5,0.9953652820957551,4,0.9999978068899644
Film,"['CreativeWorks', 'FilmAndTV', 'Film']",1511,CreativeWorks,5,0.9109979405134083,4,0.9981293385588675
Film,"['CreativeWorks', 'FilmAndTV', 'Film']",1512,CreativeWorks,5,0.8951286095406937,4,0.9969559151742431
Film,"['CreativeWorks', 'FilmAndTV', 'Film']",1513,CreativeWorks,5,0.9445184224037282,4,0.9994817676746319
Film,"['CreativeWorks', 'FilmAndTV', 'Film']",1514,CreativeWorks,5,0.9749590299542394,4,0.9997705842528382
Film,"['CreativeWorks', 'FilmAndTV', 'Film']",1515,CreativeWorks,5,0.9790911709993275,4,0.9999338446435959
Film,"['CreativeWorks', 'FilmAndTV', 'Film']",1516,CreativeWorks,5,0.9602999982264165,4,0.9994711131515638
Film,"['CreativeWorks', 'FilmAndTV', 'Film']",1517,CreativeWorks,5,0.8906453481415144,4,0.9977352769724385
Film,"['CreativeWorks', 'FilmAndTV', 'Film']",1518,CreativeWorks,5,0.9842087322578753,4,0.9999561709391843
Film,"['CreativeWorks', 'FilmAndTV', 'Film']",1519,CreativeWorks,5,0.9290975115215093,4,0.9984609492787405
Film,"['CreativeWorks', 'FilmAndTV', 'Film']",1520,CreativeWorks,5,0.9874684746701452,4,0.9999726344787236
Film,"['CreativeWorks', 'FilmAndTV', 'Film']",1521,CreativeWorks,5,0.9668647959802472,4,0.9996868120999515
Film,"['CreativeWorks', 'FilmAndTV', 'Film']",1522,CreativeWorks,5,0.9854222383057962,4,0.9999698989683059
Film,"['CreativeWorks', 'FilmAndTV', 'Film']",1523,CreativeWorks,5,0.9924244571148179,4,0.99999062141371
Film,"['CreativeWorks', 'FilmAndTV', 'Film']",1524,CreativeWorks,5,0.8884040969767859,4,0.9980033867340973
Film,"['CreativeWorks', 'FilmAndTV', 'Film']",1525,CreativeWorks,5,0.8552692161306141,4,0.9950699767304134
Film,"['CreativeWorks', 'FilmAndTV', 'Film']",1526,CreativeWorks,5,0.8707616639135987,4,0.9951401083168155
Film,"['CreativeWorks', 'FilmAndTV', 'Film']",1527,CreativeWorks,5,0.928557772960057,4,0.9989581503960846
Film,"['CreativeWorks', 'FilmAndTV', 'Film']",1528,CreativeWorks,5,0.9717350819755682,4,0.9998419176372911
Film,"['CreativeWorks', 'FilmAndTV', 'Film']",1529,CreativeWorks,5,0.9451457653835724,4,0.9989293622527295
Film,"['CreativeWorks', 'FilmAndTV', 'Film']",1530,CreativeWorks,5,0.7764619279704194,4,0.9822840985781635
Film,"['CreativeWorks', 'FilmAndTV', 'Film']",1531,CreativeWorks,5,0.9900622989192277,4,0.999983249132322
Film,"['CreativeWorks', 'FilmAndTV', 'Film']",1532,CreativeWorks,5,0.9097252653355715,4,0.9970312846582426
Film,"['CreativeWorks', 'FilmAndTV', 'Film']",1533,CreativeWorks,5,0.9647791755242774,4,0.99985243829997
Film,"['CreativeWorks', 'FilmAndTV', 'Film']",1534,CreativeWorks,5,0.9931845473580219,4,0.9999936066921447
Film,"['CreativeWorks', 'FilmAndTV', 'Film']",1535,CreativeWorks,5,0.8901409407863989,4,0.9956112713647657
Film,"['CreativeWorks', 'FilmAndTV', 'Film']",1536,CreativeWorks,5,0.9444168921596257,4,0.9991499502063838
Film,"['CreativeWorks', 'FilmAndTV', 'Film']",1537,CreativeWorks,5,0.9850148547355464,4,0.999963314927943
Film,"['CreativeWorks', 'FilmAndTV', 'Film']",1538,CreativeWorks,5,0.9706292967194998,4,0.9997976599984448
Film,"['CreativeWorks', 'FilmAndTV', 'Film']",1539,CreativeWorks,5,0.967742830208644,4,0.9998605736722093
Film,"['CreativeWorks', 'FilmAndTV', 'Film']",1540,CreativeWorks,5,0.9851945592523333,4,0.9999649673456169
Film,"['CreativeWorks', 'FilmAndTV', 'Film']",1541,CreativeWorks,5,0.6438431986181906,4,0.9073186686344357
Film,"['CreativeWorks', 'FilmAndTV', 'Film']",1542,CreativeWorks,5,0.9491721954462055,4,0.999182008923965
Film,"['CreativeWorks', 'FilmAndTV', 'Film']",1543,CreativeWorks,5,0.9818857326226066,4,0.999937719443026
Film,"['CreativeWorks', 'FilmAndTV', 'Film']",1544,CreativeWorks,5,0.9285737948632885,4,0.9991344928608602
Film,"['CreativeWorks', 'FilmAndTV', 'Film']",1545,CreativeWorks,5,0.9956011102227178,4,0.9999976160326666
Film,"['CreativeWorks', 'FilmAndTV', 'Film']",1546,CreativeWorks,5,0.9916334398060515,4,0.9999891090958295
Film,"['CreativeWorks', 'FilmAndTV', 'Film']",1547,CreativeWorks,5,0.9643074131468939,4,0.9997031901472041
Film,"['CreativeWorks', 'FilmAndTV', 'Film']",1548,CreativeWorks,5,0.9092599576727949,4,0.9966800084856695
Film,"['CreativeWorks', 'FilmAndTV', 'Film']",1549,CreativeWorks,5,0.9115850466431621,4,0.9974300898469057
Film,"['CreativeWorks', 'FilmAndTV', 'Film']",1550,CreativeWorks,5,0.9794454731406735,4,0.9999092200749621
Film,"['CreativeWorks', 'FilmAndTV', 'Film']",1551,CreativeWorks,4,0.7973139005324225,2,0.9293928106588556
Film,"['CreativeWorks', 'FilmAndTV', 'Film']",1552,CreativeWorks,5,0.9947099136947268,4,0.9999935320476304
Film,"['CreativeWorks', 'FilmAndTV', 'Film']",1553,CreativeWorks,5,0.9746591944867777,4,0.9998849459004115
Film,"['CreativeWorks', 'FilmAndTV', 'Film']",1554,CreativeWorks,5,0.9831437018616962,4,0.9999755573027527
Film,"['CreativeWorks', 'FilmAndTV', 'Film']",1555,CreativeWorks,5,0.969559450187539,4,0.9998672957156025
Film,"['CreativeWorks', 'FilmAndTV', 'Film']",1556,CreativeWorks,5,0.9011725285700045,4,0.998335258307932
Film,"['CreativeWorks', 'FilmAndTV', 'Film']",1557,CreativeWorks,5,0.98583809192102,4,0.9999149944594505
Film,"['CreativeWorks', 'FilmAndTV', 'Film']",1558,CreativeWorks,5,0.9257675734621549,4,0.9980370563494843
Film,"['CreativeWorks', 'FilmAndTV', 'Film']",1559,CreativeWorks,5,0.9857936162402241,4,0.9999758915908233
Film,"['CreativeWorks', 'FilmAndTV', 'Film']",1560,CreativeWorks,5,0.9765051954238845,4,0.9999072095751828
Film,"['CreativeWorks', 'FilmAndTV', 'Film']",1561,CreativeWorks,5,0.9942825857584644,4,0.9999968928394793
Film,"['CreativeWorks', 'FilmAndTV', 'Film']",1562,CreativeWorks,5,0.935016398390703,4,0.9987062529077604
Film,"['CreativeWorks', 'FilmAndTV', 'Film']",1563,CreativeWorks,5,0.969482482084526,4,0.9996230089002203
Film,"['CreativeWorks', 'FilmAndTV', 'Film']",1564,CreativeWorks,5,0.9906829361242951,4,0.9999848627596953
Film,"['CreativeWorks', 'FilmAndTV', 'Film']",1565,CreativeWorks,5,0.9281946247184766,4,0.9991255675734331
Film,"['CreativeWorks', 'FilmAndTV', 'Film']",1566,CreativeWorks,5,0.9887278399580626,4,0.9999757465086685
Film,"['CreativeWorks', 'FilmAndTV', 'Film']",1567,CreativeWorks,5,0.9398302679998816,4,0.9981872853845922
Film,"['CreativeWorks', 'FilmAndTV', 'Film']",1568,CreativeWorks,5,0.9911407610952886,4,0.9999900822500812
Film,"['CreativeWorks', 'FilmAndTV', 'Film']",1569,CreativeWorks,5,0.9019017515505859,4,0.9988448697948735
Film,"['CreativeWorks', 'FilmAndTV', 'Film']",1570,CreativeWorks,5,0.9652647808755797,4,0.9996700217187454
Film,"['CreativeWorks', 'FilmAndTV', 'Film']",1571,CreativeWorks,5,0.9292112243246343,4,0.9992022732575576
Film,"['CreativeWorks', 'FilmAndTV', 'Film']",1572,CreativeWorks,5,0.9797614716151816,4,0.9999430629049341
Film,"['CreativeWorks', 'FilmAndTV', 'Film']",1573,CreativeWorks,5,0.9396785996458118,4,0.9993061945681566
Film,"['CreativeWorks', 'FilmAndTV', 'Film']",1574,CreativeWorks,5,0.9720311773381958,4,0.999858780373832
Film,"['CreativeWorks', 'FilmAndTV', 'Film']",1575,CreativeWorks,5,0.9051755341320546,4,0.9979731173819264
Film,"['CreativeWorks', 'FilmAndTV', 'Film']",1576,CreativeWorks,5,0.9975525707897138,4,0.9999993851999195
Film,"['CreativeWorks', 'FilmAndTV', 'Film']",1577,CreativeWorks,5,0.9492471551709171,4,0.9994910164517867
Film,"['CreativeWorks', 'FilmAndTV', 'Film']",1578,CreativeWorks,5,0.8750049516424463,4,0.997327698548463
Film,"['CreativeWorks', 'FilmAndTV', 'Film']",1579,CreativeWorks,5,0.9596106663054561,4,0.99951005077729
Film,"['CreativeWorks', 'FilmAndTV', 'Film']",1580,CreativeWorks,5,0.9801685938271882,4,0.9999484382490418
Film,"['CreativeWorks', 'FilmAndTV', 'Film']",1581,CreativeWorks,5,0.9788677430977468,4,0.999932346639106
Film,"['CreativeWorks', 'FilmAndTV', 'Film']",1582,CreativeWorks,5,0.9775825263436774,4,0.9998782883415558
Film,"['CreativeWorks', 'FilmAndTV', 'Film']",1583,CreativeWorks,5,0.9826587217794085,4,0.9999077766373854
Film,"['CreativeWorks', 'FilmAndTV', 'Film']",1584,CreativeWorks,5,0.9577124157141824,4,0.9996478923975738
Film,"['CreativeWorks', 'FilmAndTV', 'Film']",1585,CreativeWorks,5,0.9518557711923543,4,0.9997417356923111
Film,"['CreativeWorks', 'FilmAndTV', 'Film']",1586,CreativeWorks,5,0.9862011854369018,4,0.9999684971034927
Film,"['CreativeWorks', 'FilmAndTV', 'Film']",1587,CreativeWorks,5,0.9844548694921801,4,0.9999375602161154
Film,"['CreativeWorks', 'FilmAndTV', 'Film']",1588,CreativeWorks,5,0.9884605006343928,4,0.9999685789203362
Film,"['CreativeWorks', 'FilmAndTV', 'Film']",1589,CreativeWorks,5,0.9898879676897114,4,0.9999881698392789
Film,"['CreativeWorks', 'FilmAndTV', 'Film']",1590,CreativeWorks,5,0.9856012104302471,4,0.999969422863463
Film,"['CreativeWorks', 'FilmAndTV', 'Film']",1591,CreativeWorks,5,0.997459456110641,4,0.9999988884587828
Film,"['CreativeWorks', 'FilmAndTV', 'Film']",1592,CreativeWorks,5,0.971823438699183,4,0.9997486625627295
Film,"['CreativeWorks', 'FilmAndTV', 'Film']",1593,CreativeWorks,5,0.962790180891033,4,0.9997167106483149
Film,"['CreativeWorks', 'FilmAndTV', 'Film']",1594,CreativeWorks,5,0.8289665231769981,4,0.9914204036701552
Film,"['CreativeWorks', 'FilmAndTV', 'Film']",1595,CreativeWorks,5,0.9805240044976918,4,0.9999524922205305
Film,"['CreativeWorks', 'FilmAndTV', 'Film']",1596,CreativeWorks,5,0.9852537791526359,4,0.9999471634515829
Film,"['CreativeWorks', 'FilmAndTV', 'Film']",1597,CreativeWorks,5,0.9573720046897668,4,0.9996076083970804
Film,"['CreativeWorks', 'FilmAndTV', 'Film']",1598,CreativeWorks,5,0.9628567880074019,4,0.9998052362889834
Film,"['CreativeWorks', 'FilmAndTV', 'Film']",1599,CreativeWorks,5,0.8060092399257184,4,0.9915383009956422
Film,"['CreativeWorks', 'FilmAndTV', 'Film']",1600,CreativeWorks,5,0.9833407831777081,4,0.9999355515310085
Film,"['CreativeWorks', 'FilmAndTV', 'Film']",1601,CreativeWorks,5,0.7528155429000045,4,0.9776440345861404
Film,"['CreativeWorks', 'FilmAndTV', 'Film']",1602,CreativeWorks,5,0.8965175069721598,4,0.9968387528556778
Film,"['CreativeWorks', 'FilmAndTV', 'Film']",1603,CreativeWorks,5,0.9582826133582872,4,0.9993211571251868
Film,"['CreativeWorks', 'FilmAndTV', 'Film']",1604,CreativeWorks,5,0.9922358072794596,4,0.9999878400599289
Film,"['CreativeWorks', 'FilmAndTV', 'Film']",1605,CreativeWorks,5,0.9929766497426196,4,0.999985528042893
Film,"['CreativeWorks', 'FilmAndTV', 'Film']",1606,CreativeWorks,5,0.9867644402441464,4,0.9999457927720617
Film,"['CreativeWorks', 'FilmAndTV', 'Film']",1607,CreativeWorks,5,0.9923895382831582,4,0.9999875352220626
Film,"['CreativeWorks', 'FilmAndTV', 'Film']",1608,CreativeWorks,5,0.964223085455264,4,0.9998245087420801
Film,"['CreativeWorks', 'FilmAndTV', 'Film']",1609,CreativeWorks,5,0.989791801506817,4,0.9999887671981995
Film,"['CreativeWorks', 'FilmAndTV', 'Film']",1610,CreativeWorks,5,0.9171175200617765,4,0.9979907025515273
Film,"['CreativeWorks', 'FilmAndTV', 'Film']",1611,CreativeWorks,5,0.9717978050977754,4,0.999761375100713
Film,"['CreativeWorks', 'FilmAndTV', 'Film']",1612,CreativeWorks,5,0.9322200054122998,4,0.9992062809010998
Film,"['CreativeWorks', 'FilmAndTV', 'Film']",1613,CreativeWorks,5,0.9980124017388353,4,0.999998950395821
Film,"['CreativeWorks', 'FilmAndTV', 'Film']",1614,CreativeWorks,5,0.9812289197724815,4,0.9998864199682386
Film,"['CreativeWorks', 'FilmAndTV', 'Film']",1615,CreativeWorks,5,0.9754947110828482,4,0.9998041869020039
Film,"['CreativeWorks', 'FilmAndTV', 'Film']",1616,CreativeWorks,5,0.9507736281981496,4,0.999162049013795
Film,"['CreativeWorks', 'FilmAndTV', 'Film']",1617,CreativeWorks,5,0.8618522188674854,4,0.9951769485303312
Film,"['CreativeWorks', 'FilmAndTV', 'Film']",1618,CreativeWorks,5,0.8031521438522744,4,0.9840707189594133
Film,"['CreativeWorks', 'FilmAndTV', 'Film']",1619,CreativeWorks,5,0.8383072229745427,4,0.9942332984414888
Film,"['CreativeWorks', 'FilmAndTV', 'Film']",1620,CreativeWorks,5,0.9363360061100866,4,0.9992020217948532
Film,"['CreativeWorks', 'FilmAndTV', 'Film']",1621,CreativeWorks,5,0.9614367418699022,4,0.9997128343967976
Film,"['CreativeWorks', 'FilmAndTV', 'Film']",1622,CreativeWorks,5,0.8961494836402509,4,0.9978079053052855
Film,"['CreativeWorks', 'FilmAndTV', 'Film']",1623,CreativeWorks,5,0.988442972361207,4,0.9999729887805824
Film,"['CreativeWorks', 'FilmAndTV', 'Film']",1624,CreativeWorks,5,0.9611677912990126,4,0.9997407467579974
Film,"['CreativeWorks', 'FilmAndTV', 'Film']",1625,CreativeWorks,5,0.9818872382640565,4,0.9999274855064583
Film,"['CreativeWorks', 'FilmAndTV', 'Film']",1626,CreativeWorks,5,0.972451989180418,4,0.9998682085492093
Film,"['CreativeWorks', 'FilmAndTV', 'Film']",1627,CreativeWorks,5,0.9654999117461174,4,0.9995479043702357
Film,"['CreativeWorks', 'FilmAndTV', 'Film']",1628,CreativeWorks,5,0.782041944510467,4,0.9836852284732391
Film,"['CreativeWorks', 'FilmAndTV', 'Film']",1629,CreativeWorks,5,0.876349995407192,4,0.9961116352992452
Film,"['CreativeWorks', 'FilmAndTV', 'Film']",1630,CreativeWorks,5,0.9031323854759492,4,0.9978856661697744
Film,"['CreativeWorks', 'FilmAndTV', 'Film']",1631,CreativeWorks,5,0.776689356901994,4,0.9846770859748728
Film,"['CreativeWorks', 'FilmAndTV', 'Film']",1632,CreativeWorks,5,0.9669947505588721,4,0.9997921237116462
Film,"['CreativeWorks', 'FilmAndTV', 'Film']",1633,CreativeWorks,5,0.9899031932666492,4,0.9999863134394905
Film,"['CreativeWorks', 'FilmAndTV', 'Film']",1634,CreativeWorks,5,0.9710775131915613,4,0.9997675791642187
Film,"['CreativeWorks', 'FilmAndTV', 'Film']",1635,CreativeWorks,5,0.8214735748867515,4,0.9907180537635674
Film,"['CreativeWorks', 'FilmAndTV', 'Film']",1636,CreativeWorks,5,0.8258057104621316,4,0.9821125959617938
Film,"['CreativeWorks', 'FilmAndTV', 'Film']",1637,CreativeWorks,5,0.9810717494324267,4,0.9999358479263325
Film,"['CreativeWorks', 'FilmAndTV', 'Film']",1638,CreativeWorks,5,0.8072600304007505,4,0.9879299230756593
Film,"['CreativeWorks', 'FilmAndTV', 'Film']",1639,CreativeWorks,5,0.8912830267295714,4,0.9958449039126167
Film,"['CreativeWorks', 'FilmAndTV', 'Film']",1640,CreativeWorks,5,0.9861568630055061,4,0.9999717675691704
Film,"['CreativeWorks', 'FilmAndTV', 'Film']",1641,CreativeWorks,5,0.9945984039990148,4,0.9999955296601448
Film,"['CreativeWorks', 'FilmAndTV', 'Film']",1642,CreativeWorks,5,0.8866274232971874,4,0.996192066957686
Film,"['CreativeWorks', 'FilmAndTV', 'Film']",1643,CreativeWorks,5,0.9957008001051441,4,0.9999961477742914
Film,"['CreativeWorks', 'FilmAndTV', 'Film']",1644,CreativeWorks,5,0.988119667272467,4,0.9999651588972158
Film,"['CreativeWorks', 'FilmAndTV', 'Film']",1645,CreativeWorks,5,0.990048398839194,4,0.9999863624750441
Film,"['CreativeWorks', 'FilmAndTV', 'Film']",1646,CreativeWorks,5,0.9911981860436561,4,0.9999775288815138
Film,"['CreativeWorks', 'FilmAndTV', 'Film']",1647,CreativeWorks,5,0.9917112121425614,4,0.999990093622215
Film,"['CreativeWorks', 'FilmAndTV', 'Film']",1648,CreativeWorks,5,0.9780211738665265,4,0.9998927773574431
Film,"['CreativeWorks', 'FilmAndTV', 'Film']",1649,CreativeWorks,5,0.9811533268689769,4,0.999937776194809
Film,"['CreativeWorks', 'FilmAndTV', 'Film']",1650,CreativeWorks,5,0.8740410668149936,4,0.9922004506885534
Film,"['CreativeWorks', 'FilmAndTV', 'Film']",1651,CreativeWorks,5,0.8036032817149813,4,0.9811540864168353
Film,"['CreativeWorks', 'FilmAndTV', 'Film']",1652,CreativeWorks,5,0.9492655647984418,4,0.9993957502579903
Film,"['CreativeWorks', 'FilmAndTV', 'Film']",1653,CreativeWorks,5,0.7981223358707173,4,0.9856295177623456
Film,"['CreativeWorks', 'FilmAndTV', 'Film']",1654,CreativeWorks,5,0.8232616000064765,4,0.9882176062388394
Film,"['CreativeWorks', 'FilmAndTV', 'Film']",1655,CreativeWorks,5,0.8701352122994578,4,0.9971676729815593
Film,"['CreativeWorks', 'FilmAndTV', 'Film']",1656,CreativeWorks,5,0.8824719005398272,4,0.9973770701424862
Film,"['CreativeWorks', 'FilmAndTV', 'Film']",1657,CreativeWorks,5,0.8563616062560577,4,0.9931949874501749
Film,"['CreativeWorks', 'FilmAndTV', 'Film']",1658,CreativeWorks,5,0.9968877336321833,4,0.9999988299320445
Film,"['CreativeWorks', 'FilmAndTV', 'Film']",1659,CreativeWorks,5,0.9831449371339737,4,0.9999548834868431
Film,"['CreativeWorks', 'FilmAndTV', 'Film']",1660,CreativeWorks,5,0.9370687588257055,4,0.9991400044314381
Film,"['CreativeWorks', 'FilmAndTV', 'Film']",1661,CreativeWorks,5,0.9938604369998842,4,0.9999947401789195
Film,"['CreativeWorks', 'FilmAndTV', 'Film']",1662,CreativeWorks,5,0.9698253378319514,4,0.9998672368988712
Film,"['CreativeWorks', 'FilmAndTV', 'Film']",1663,CreativeWorks,5,0.9436463472408454,4,0.998176707639009
Film,"['CreativeWorks', 'FilmAndTV', 'Film']",1664,CreativeWorks,5,0.9846117577761004,4,0.9999669662217466
Film,"['CreativeWorks', 'FilmAndTV', 'Film']",1665,CreativeWorks,5,0.9385266951214312,4,0.9992957080721219
Film,"['CreativeWorks', 'FilmAndTV', 'Film']",1666,CreativeWorks,5,0.925876433627684,4,0.9989121097193971
WrittenWork,"['CreativeWorks', 'Writing', 'WrittenWork']",1667,CreativeWorks,5,0.9192660686181581,4,0.9984374376775915
WrittenWork,"['CreativeWorks', 'Writing', 'WrittenWork']",1668,CreativeWorks,5,0.7645942333702197,4,0.975692509050778
WrittenWork,"['CreativeWorks', 'Writing', 'WrittenWork']",1669,CreativeWorks,5,0.492262672644241,4,0.8257760584709738
WrittenWork,"['CreativeWorks', 'Writing', 'WrittenWork']",1670,CreativeWorks,5,0.9768410584299435,4,0.9999408814733499
WrittenWork,"['CreativeWorks', 'Writing', 'WrittenWork']",1671,CreativeWorks,5,0.9242227411605312,4,0.9899134565516725
WrittenWork,"['CreativeWorks', 'Writing', 'WrittenWork']",1672,CreativeWorks,5,0.615676297138616,4,0.8677377372102548
WrittenWork,"['CreativeWorks', 'Writing', 'WrittenWork']",1673,CreativeWorks,5,0.9912547186468058,4,0.9999918482035751
WrittenWork,"['CreativeWorks', 'Writing', 'WrittenWork']",1674,CreativeWorks,5,0.9954901477333216,4,0.9999979100934672
WrittenWork,"['CreativeWorks', 'Writing', 'WrittenWork']",1675,CreativeWorks,2,0.723136438949606,7,0.9761111531176845
WrittenWork,"['CreativeWorks', 'Writing', 'WrittenWork']",1676,CreativeWorks,5,0.9546335253120227,4,0.999549142577696
WrittenWork,"['CreativeWorks', 'Writing', 'WrittenWork']",1677,CreativeWorks,5,0.7207538844103573,4,0.975379225065212
WrittenWork,"['CreativeWorks', 'Writing', 'WrittenWork']",1678,CreativeWorks,5,0.7852582491156354,4,0.9892008752239914
WrittenWork,"['CreativeWorks', 'Writing', 'WrittenWork']",1679,CreativeWorks,5,0.9340946673315416,4,0.9989930885433131
WrittenWork,"['CreativeWorks', 'Writing', 'WrittenWork']",1680,CreativeWorks,5,0.7554877823906181,4,0.9821553821110526
WrittenWork,"['CreativeWorks', 'Writing', 'WrittenWork']",1681,CreativeWorks,2,0.6012886265214785,7,0.879634183946759
WrittenWork,"['CreativeWorks', 'Writing', 'WrittenWork']",1682,CreativeWorks,5,0.931799560902466,4,0.9991849733725473
WrittenWork,"['CreativeWorks', 'Writing', 'WrittenWork']",1683,CreativeWorks,5,0.9861741631668617,4,0.9999761892472697
WrittenWork,"['CreativeWorks', 'Writing', 'WrittenWork']",1684,CreativeWorks,5,0.5965706656575914,4,0.9315110407112749
WrittenWork,"['CreativeWorks', 'Writing', 'WrittenWork']",1685,CreativeWorks,5,0.9676047892825153,4,0.9998437379176436
WrittenWork,"['CreativeWorks', 'Writing', 'WrittenWork']",1686,CreativeWorks,5,0.6364562462275117,4,0.9251463660603607
WrittenWork,"['CreativeWorks', 'Writing', 'WrittenWork']",1687,CreativeWorks,5,0.9886541871164838,4,0.9999713139749046
WrittenWork,"['CreativeWorks', 'Writing', 'WrittenWork']",1688,CreativeWorks,5,0.9605605616766028,4,0.9996710324267555
WrittenWork,"['CreativeWorks', 'Writing', 'WrittenWork']",1689,CreativeWorks,2,0.8645485997123884,7,0.9918932372930768
WrittenWork,"['CreativeWorks', 'Writing', 'WrittenWork']",1690,CreativeWorks,5,0.6294519348309842,4,0.9499629023606059
WrittenWork,"['CreativeWorks', 'Writing', 'WrittenWork']",1691,CreativeWorks,2,0.8307190709293065,7,0.9899665329484433
WrittenWork,"['CreativeWorks', 'Writing', 'WrittenWork']",1692,CreativeWorks,5,0.96404008079684,4,0.999788475939041
WrittenWork,"['CreativeWorks', 'Writing', 'WrittenWork']",1693,CreativeWorks,5,0.8638870064181724,4,0.9965810690060181
WrittenWork,"['CreativeWorks', 'Writing', 'WrittenWork']",1694,CreativeWorks,5,0.9309955580026279,4,0.9984007941875211
WrittenWork,"['CreativeWorks', 'Writing', 'WrittenWork']",1695,CreativeWorks,5,0.6461084423130571,4,0.9402021326374795
WrittenWork,"['CreativeWorks', 'Writing', 'WrittenWork']",1696,CreativeWorks,2,0.8391595979007165,7,0.994088241777372
WrittenWork,"['CreativeWorks', 'Writing', 'WrittenWork']",1697,CreativeWorks,5,0.8390428800408009,4,0.9875286781219377
WrittenWork,"['CreativeWorks', 'Writing', 'WrittenWork']",1698,CreativeWorks,2,0.6945940061150592,7,0.9675172285976382
WrittenWork,"['CreativeWorks', 'Writing', 'WrittenWork']",1699,CreativeWorks,5,0.9070376878180958,4,0.9984406963163889
WrittenWork,"['CreativeWorks', 'Writing', 'WrittenWork']",1700,CreativeWorks,5,0.9827424199791881,4,0.9999333738306786
WrittenWork,"['CreativeWorks', 'Writing', 'WrittenWork']",1701,CreativeWorks,0,0.6306504285192029,3,0.8913781385367564
WrittenWork,"['CreativeWorks', 'Writing', 'WrittenWork']",1702,CreativeWorks,2,0.877835097940397,7,0.9954761844964419
WrittenWork,"['CreativeWorks', 'Writing', 'WrittenWork']",1703,CreativeWorks,5,0.9316264732566569,4,0.9989376545347692
WrittenWork,"['CreativeWorks', 'Writing', 'WrittenWork']",1704,CreativeWorks,5,0.922793429450847,4,0.9988511903437894
WrittenWork,"['CreativeWorks', 'Writing', 'WrittenWork']",1705,CreativeWorks,5,0.98921134334152,4,0.9999494590930618
WrittenWork,"['CreativeWorks', 'Writing', 'WrittenWork']",1706,CreativeWorks,3,0.4508412014430665,4,0.4948456428786509
WrittenWork,"['CreativeWorks', 'Writing', 'WrittenWork']",1707,CreativeWorks,5,0.9624741206778107,4,0.9998167235225036
WrittenWork,"['CreativeWorks', 'Writing', 'WrittenWork']",1708,CreativeWorks,2,0.5265138836996096,7,0.8956007877602616
WrittenWork,"['CreativeWorks', 'Writing', 'WrittenWork']",1709,CreativeWorks,2,0.7747365986397124,7,0.9796659835833798
WrittenWork,"['CreativeWorks', 'Writing', 'WrittenWork']",1710,CreativeWorks,5,0.9839481752047552,4,0.9999570919877068
WrittenWork,"['CreativeWorks', 'Writing', 'WrittenWork']",1711,CreativeWorks,5,0.9033003933599224,4,0.9975645058749658
WrittenWork,"['CreativeWorks', 'Writing', 'WrittenWork']",1712,CreativeWorks,5,0.9222687478408059,4,0.9987690567515964
WrittenWork,"['CreativeWorks', 'Writing', 'WrittenWork']",1713,CreativeWorks,5,0.791214144685686,4,0.9876422330456979
WrittenWork,"['CreativeWorks', 'Writing', 'WrittenWork']",1714,CreativeWorks,5,0.8780092877237695,4,0.995398457783591
WrittenWork,"['CreativeWorks', 'Writing', 'WrittenWork']",1715,CreativeWorks,5,0.684171599409786,4,0.9465322474003685
WrittenWork,"['CreativeWorks', 'Writing', 'WrittenWork']",1716,CreativeWorks,2,0.8592786688730416,7,0.9951140741744302
WrittenWork,"['CreativeWorks', 'Writing', 'WrittenWork']",1717,CreativeWorks,5,0.4793720004688549,4,0.6779678865502023
WrittenWork,"['CreativeWorks', 'Writing', 'WrittenWork']",1718,CreativeWorks,5,0.8891548079915159,4,0.9977286298782538
WrittenWork,"['CreativeWorks', 'Writing', 'WrittenWork']",1719,CreativeWorks,2,0.9447845089225552,7,0.9997806868824307
WrittenWork,"['CreativeWorks', 'Writing', 'WrittenWork']",1720,CreativeWorks,5,0.8656478520625411,4,0.99640801504647
WrittenWork,"['CreativeWorks', 'Writing', 'WrittenWork']",1721,CreativeWorks,5,0.8588323510989728,4,0.9952232007275237
WrittenWork,"['CreativeWorks', 'Writing', 'WrittenWork']",1722,CreativeWorks,5,0.8338842177764954,4,0.9945566296338821
WrittenWork,"['CreativeWorks', 'Writing', 'WrittenWork']",1723,CreativeWorks,2,0.5861736629923616,7,0.8988678695893357
WrittenWork,"['CreativeWorks', 'Writing', 'WrittenWork']",1724,CreativeWorks,5,0.822493763076596,4,0.9939272287024122
WrittenWork,"['CreativeWorks', 'Writing', 'WrittenWork']",1725,CreativeWorks,5,0.9901223552543612,4,0.9999881203601184
WrittenWork,"['CreativeWorks', 'Writing', 'WrittenWork']",1726,CreativeWorks,5,0.8652839637916913,4,0.9847163284608699
WrittenWork,"['CreativeWorks', 'Writing', 'WrittenWork']",1727,CreativeWorks,5,0.8391388317602725,4,0.9905901157366853
WrittenWork,"['CreativeWorks', 'Writing', 'WrittenWork']",1728,CreativeWorks,5,0.8339082199114175,4,0.9939300696559153
WrittenWork,"['CreativeWorks', 'Writing', 'WrittenWork']",1729,CreativeWorks,5,0.9371067764883078,4,0.9993385640956162
WrittenWork,"['CreativeWorks', 'Writing', 'WrittenWork']",1730,CreativeWorks,5,0.7030064297853076,4,0.8098724953791266
WrittenWork,"['CreativeWorks', 'Writing', 'WrittenWork']",1731,CreativeWorks,2,0.509323596522036,7,0.6353797728167948
WrittenWork,"['CreativeWorks', 'Writing', 'WrittenWork']",1732,CreativeWorks,2,0.5758323812636343,7,0.8314364174205792
WrittenWork,"['CreativeWorks', 'Writing', 'WrittenWork']",1733,CreativeWorks,5,0.9874234485473119,4,0.9999771879579656
WrittenWork,"['CreativeWorks', 'Writing', 'WrittenWork']",1734,CreativeWorks,2,0.8514710153173798,7,0.9964688080494852
WrittenWork,"['CreativeWorks', 'Writing', 'WrittenWork']",1735,CreativeWorks,5,0.6578349169580273,4,0.946019042860998
WrittenWork,"['CreativeWorks', 'Writing', 'WrittenWork']",1736,CreativeWorks,5,0.8659152331257327,4,0.9969674053382489
WrittenWork,"['CreativeWorks', 'Writing', 'WrittenWork']",1737,CreativeWorks,5,0.6326845626566833,4,0.8973794993217952
WrittenWork,"['CreativeWorks', 'Writing', 'WrittenWork']",1738,CreativeWorks,5,0.8028805469741277,4,0.9875542089106055
WrittenWork,"['CreativeWorks', 'Writing', 'WrittenWork']",1739,CreativeWorks,5,0.9036731943677904,4,0.9987242301815467
WrittenWork,"['CreativeWorks', 'Writing', 'WrittenWork']",1740,CreativeWorks,5,0.9841405485699294,4,0.9999592456388707
WrittenWork,"['CreativeWorks', 'Writing', 'WrittenWork']",1741,CreativeWorks,5,0.9899058526127095,4,0.9999853448514234
WrittenWork,"['CreativeWorks', 'Writing', 'WrittenWork']",1742,CreativeWorks,2,0.8453905318380678,7,0.9876666034041415
WrittenWork,"['CreativeWorks', 'Writing', 'WrittenWork']",1743,CreativeWorks,5,0.865775442977775,4,0.9967445288723892
WrittenWork,"['CreativeWorks', 'Writing', 'WrittenWork']",1744,CreativeWorks,5,0.8991346017317943,4,0.9979589767847017
WrittenWork,"['CreativeWorks', 'Writing', 'WrittenWork']",1745,CreativeWorks,2,0.7480070371821612,7,0.967225616179621
WrittenWork,"['CreativeWorks', 'Writing', 'WrittenWork']",1746,CreativeWorks,3,0.46207793779947987,4,0.4110970455314427
WrittenWork,"['CreativeWorks', 'Writing', 'WrittenWork']",1747,CreativeWorks,5,0.9084920903127499,4,0.9984905624696494
WrittenWork,"['CreativeWorks', 'Writing', 'WrittenWork']",1748,CreativeWorks,5,0.7688163871871933,4,0.9847721910989766
WrittenWork,"['CreativeWorks', 'Writing', 'WrittenWork']",1749,CreativeWorks,2,0.579031358595202,7,0.8614118380068079
WrittenWork,"['CreativeWorks', 'Writing', 'WrittenWork']",1750,CreativeWorks,5,0.9390760476448584,4,0.9992988116639542
WrittenWork,"['CreativeWorks', 'Writing', 'WrittenWork']",1751,CreativeWorks,5,0.980461635625898,4,0.9999552654098117
WrittenWork,"['CreativeWorks', 'Writing', 'WrittenWork']",1752,CreativeWorks,2,0.7441646716674581,7,0.9763874209290696
WrittenWork,"['CreativeWorks', 'Writing', 'WrittenWork']",1753,CreativeWorks,5,0.9756998279387269,4,0.9998842521500474
WrittenWork,"['CreativeWorks', 'Writing', 'WrittenWork']",1754,CreativeWorks,2,0.7021620187496542,7,0.9596071430344649
WrittenWork,"['CreativeWorks', 'Writing', 'WrittenWork']",1755,CreativeWorks,5,0.9708736706425547,4,0.9998539456145148
WrittenWork,"['CreativeWorks', 'Writing', 'WrittenWork']",1756,CreativeWorks,5,0.7766802199408174,4,0.9860563614571872
WrittenWork,"['CreativeWorks', 'Writing', 'WrittenWork']",1757,CreativeWorks,5,0.8166360566579524,4,0.9912555780810313
WrittenWork,"['CreativeWorks', 'Writing', 'WrittenWork']",1758,CreativeWorks,5,0.5160708705313602,4,0.804837394022635
WrittenWork,"['CreativeWorks', 'Writing', 'WrittenWork']",1759,CreativeWorks,5,0.8401341869803144,4,0.9935959136274344
WrittenWork,"['CreativeWorks', 'Writing', 'WrittenWork']",1760,CreativeWorks,5,0.8978435941455085,4,0.9969986986300667
WrittenWork,"['CreativeWorks', 'Writing', 'WrittenWork']",1761,CreativeWorks,2,0.8972840728712133,7,0.9975030597311131
WrittenWork,"['CreativeWorks', 'Writing', 'WrittenWork']",1762,CreativeWorks,5,0.9292090966380673,4,0.9991068489555398
WrittenWork,"['CreativeWorks', 'Writing', 'WrittenWork']",1763,CreativeWorks,5,0.9321996567566633,4,0.9988377903955741
WrittenWork,"['CreativeWorks', 'Writing', 'WrittenWork']",1764,CreativeWorks,5,0.9898555239312359,4,0.9999846267760759
WrittenWork,"['CreativeWorks', 'Writing', 'WrittenWork']",1765,CreativeWorks,5,0.8012930445960604,4,0.9837750367781104
WrittenWork,"['CreativeWorks', 'Writing', 'WrittenWork']",1766,CreativeWorks,5,0.4722988766487674,7,0.6411846049211795
WrittenWork,"['CreativeWorks', 'Writing', 'WrittenWork']",1767,CreativeWorks,5,0.568875233105263,4,0.8995313774442042
WrittenWork,"['CreativeWorks', 'Writing', 'WrittenWork']",1768,CreativeWorks,5,0.9301083645007108,4,0.9993295651746346
WrittenWork,"['CreativeWorks', 'Writing', 'WrittenWork']",1769,CreativeWorks,5,0.6410034580019746,4,0.9482621484649062
WrittenWork,"['CreativeWorks', 'Writing', 'WrittenWork']",1770,CreativeWorks,5,0.8798337927389895,4,0.9965775885206322
WrittenWork,"['CreativeWorks', 'Writing', 'WrittenWork']",1771,CreativeWorks,5,0.666232130319144,4,0.9480302994913326
WrittenWork,"['CreativeWorks', 'Writing', 'WrittenWork']",1772,CreativeWorks,5,0.4374381901700729,4,0.6576888213745875
WrittenWork,"['CreativeWorks', 'Writing', 'WrittenWork']",1773,CreativeWorks,5,0.8129295824188731,4,0.9889764989586326
WrittenWork,"['CreativeWorks', 'Writing', 'WrittenWork']",1774,CreativeWorks,5,0.42184114556007973,4,0.768757474190227
WrittenWork,"['CreativeWorks', 'Writing', 'WrittenWork']",1775,CreativeWorks,5,0.6957170566680227,4,0.9454340395548176
WrittenWork,"['CreativeWorks', 'Writing', 'WrittenWork']",1776,CreativeWorks,5,0.7384208246461926,4,0.981875428924799
WrittenWork,"['CreativeWorks', 'Writing', 'WrittenWork']",1777,CreativeWorks,2,0.8346500895585932,7,0.9954044642633934
WrittenWork,"['CreativeWorks', 'Writing', 'WrittenWork']",1778,CreativeWorks,2,0.7155223338637817,7,0.9735197249525277
WrittenWork,"['CreativeWorks', 'Writing', 'WrittenWork']",1779,CreativeWorks,2,0.55054618534313,7,0.6741385528877621
WrittenWork,"['CreativeWorks', 'Writing', 'WrittenWork']",1780,CreativeWorks,5,0.47446711897415417,4,0.7884302916174583
WrittenWork,"['CreativeWorks', 'Writing', 'WrittenWork']",1781,CreativeWorks,5,0.9201880118629516,4,0.9985134236675492
WrittenWork,"['CreativeWorks', 'Writing', 'WrittenWork']",1782,CreativeWorks,5,0.8940113039134038,4,0.998186174712069
WrittenWork,"['CreativeWorks', 'Writing', 'WrittenWork']",1783,CreativeWorks,3,0.58575748015285,5,0.5100823701665194
WrittenWork,"['CreativeWorks', 'Writing', 'WrittenWork']",1784,CreativeWorks,5,0.7695024972942016,4,0.9868902853308658
WrittenWork,"['CreativeWorks', 'Writing', 'WrittenWork']",1785,CreativeWorks,2,0.7334432223459741,7,0.975695424538708
WrittenWork,"['CreativeWorks', 'Writing', 'WrittenWork']",1786,CreativeWorks,2,0.6287347166648388,7,0.8475198806950157
WrittenWork,"['CreativeWorks', 'Writing', 'WrittenWork']",1787,CreativeWorks,5,0.6728034340725969,4,0.9366999664532379
WrittenWork,"['CreativeWorks', 'Writing', 'WrittenWork']",1788,CreativeWorks,5,0.7906816428563387,4,0.9864547910376825
WrittenWork,"['CreativeWorks', 'Writing', 'WrittenWork']",1789,CreativeWorks,5,0.5259398283778209,4,0.8292355123679529
WrittenWork,"['CreativeWorks', 'Writing', 'WrittenWork']",1790,CreativeWorks,5,0.8658651406309108,4,0.9959513933049183
WrittenWork,"['CreativeWorks', 'Writing', 'WrittenWork']",1791,CreativeWorks,5,0.7530790111365258,4,0.9842572149106918
WrittenWork,"['CreativeWorks', 'Writing', 'WrittenWork']",1792,CreativeWorks,2,0.7701142940408382,7,0.991000865597515
WrittenWork,"['CreativeWorks', 'Writing', 'WrittenWork']",1793,CreativeWorks,5,0.8712515043193174,4,0.9961082160359105
WrittenWork,"['CreativeWorks', 'Writing', 'WrittenWork']",1794,CreativeWorks,5,0.7821420202511101,4,0.9891879648702522
WrittenWork,"['CreativeWorks', 'Writing', 'WrittenWork']",1795,CreativeWorks,5,0.6481637585143686,4,0.7935967379952376
WrittenWork,"['CreativeWorks', 'Writing', 'WrittenWork']",1796,CreativeWorks,2,0.7955525698838379,7,0.9808010421023067
WrittenWork,"['CreativeWorks', 'Writing', 'WrittenWork']",1797,CreativeWorks,5,0.8629480282823712,4,0.9954024615296753
WrittenWork,"['CreativeWorks', 'Writing', 'WrittenWork']",1798,CreativeWorks,5,0.9711374568084695,4,0.9998944878267326
WrittenWork,"['CreativeWorks', 'Writing', 'WrittenWork']",1799,CreativeWorks,5,0.9094762388955341,4,0.9987311150999353
WrittenWork,"['CreativeWorks', 'Writing', 'WrittenWork']",1800,CreativeWorks,5,0.9179635941740978,4,0.9982365510294466
WrittenWork,"['CreativeWorks', 'Writing', 'WrittenWork']",1801,CreativeWorks,4,0.9826674073165864,2,0.99982737385784
WrittenWork,"['CreativeWorks', 'Writing', 'WrittenWork']",1802,CreativeWorks,5,0.6930350991854927,4,0.9760805060733442
WrittenWork,"['CreativeWorks', 'Writing', 'WrittenWork']",1803,CreativeWorks,5,0.7034148094873975,4,0.9079466247771353
WrittenWork,"['CreativeWorks', 'Writing', 'WrittenWork']",1804,CreativeWorks,5,0.6494164113541223,4,0.866207309413901
WrittenWork,"['CreativeWorks', 'Writing', 'WrittenWork']",1805,CreativeWorks,1,0.7447097175385196,1,0.9101483971856817
WrittenWork,"['CreativeWorks', 'Writing', 'WrittenWork']",1806,CreativeWorks,5,0.924554351950969,4,0.9992073752874346
WrittenWork,"['CreativeWorks', 'Writing', 'WrittenWork']",1807,CreativeWorks,2,0.46884908990532215,7,0.806360354621832
WrittenWork,"['CreativeWorks', 'Writing', 'WrittenWork']",1808,CreativeWorks,5,0.8303988550051873,4,0.9954397161793608
WrittenWork,"['CreativeWorks', 'Writing', 'WrittenWork']",1809,CreativeWorks,5,0.9887393596027144,4,0.9999840489974278
WrittenWork,"['CreativeWorks', 'Writing', 'WrittenWork']",1810,CreativeWorks,5,0.8772299726693156,4,0.9962648345541937
WrittenWork,"['CreativeWorks', 'Writing', 'WrittenWork']",1811,CreativeWorks,2,0.8519243881259718,7,0.9931075163267887
WrittenWork,"['CreativeWorks', 'Writing', 'WrittenWork']",1812,CreativeWorks,5,0.9343030875042612,4,0.9995013459751605
WrittenWork,"['CreativeWorks', 'Writing', 'WrittenWork']",1813,CreativeWorks,5,0.7206274022474569,4,0.9650899469230686
WrittenWork,"['CreativeWorks', 'Writing', 'WrittenWork']",1814,CreativeWorks,5,0.9807612520211091,4,0.9999442639204431
WrittenWork,"['CreativeWorks', 'Writing', 'WrittenWork']",1815,CreativeWorks,5,0.9265010230263365,4,0.9990397617168996
WrittenWork,"['CreativeWorks', 'Writing', 'WrittenWork']",1816,CreativeWorks,1,0.7250938679190255,1,0.8795718305948033
WrittenWork,"['CreativeWorks', 'Writing', 'WrittenWork']",1817,CreativeWorks,3,0.7466186580287891,5,0.5650835357683406
WrittenWork,"['CreativeWorks', 'Writing', 'WrittenWork']",1818,CreativeWorks,2,0.3685488856592599,7,0.6074967699819838
WrittenWork,"['CreativeWorks', 'Writing', 'WrittenWork']",1819,CreativeWorks,5,0.8580281729906664,4,0.9919362407461747
WrittenWork,"['CreativeWorks', 'Writing', 'WrittenWork']",1820,CreativeWorks,2,0.838390791018448,7,0.9973540283852649
WrittenWork,"['CreativeWorks', 'Writing', 'WrittenWork']",1821,CreativeWorks,2,0.5799582860754162,7,0.92647505959553
WrittenWork,"['CreativeWorks', 'Writing', 'WrittenWork']",1822,CreativeWorks,5,0.993132572383151,4,0.9999909759534236
WrittenWork,"['CreativeWorks', 'Writing', 'WrittenWork']",1823,CreativeWorks,5,0.9006858969604129,4,0.9983701799543406
WrittenWork,"['CreativeWorks', 'Writing', 'WrittenWork']",1824,CreativeWorks,2,0.932465023590273,7,0.9990327536353624
WrittenWork,"['CreativeWorks', 'Writing', 'WrittenWork']",1825,CreativeWorks,5,0.945913571712257,4,0.9996315461876797
WrittenWork,"['CreativeWorks', 'Writing', 'WrittenWork']",1826,CreativeWorks,2,0.40655135506682855,7,0.7415947388434114
WrittenWork,"['CreativeWorks', 'Writing', 'WrittenWork']",1827,CreativeWorks,5,0.8748451679488958,4,0.9923566001373856
WrittenWork,"['CreativeWorks', 'Writing', 'WrittenWork']",1828,CreativeWorks,5,0.8504277738213867,4,0.9952902962713899
WrittenWork,"['CreativeWorks', 'Writing', 'WrittenWork']",1829,CreativeWorks,5,0.8471842697380523,4,0.9892214523074008
WrittenWork,"['CreativeWorks', 'Writing', 'WrittenWork']",1830,CreativeWorks,5,0.7757157048670146,4,0.9749040171775913
WrittenWork,"['CreativeWorks', 'Writing', 'WrittenWork']",1831,CreativeWorks,5,0.9496207280619627,4,0.999649813423473
WrittenWork,"['CreativeWorks', 'Writing', 'WrittenWork']",1832,CreativeWorks,2,0.8704383998552794,7,0.994895765935584
WrittenWork,"['CreativeWorks', 'Writing', 'WrittenWork']",1833,CreativeWorks,2,0.8083625823215379,7,0.9834998118573245
Album,"['CreativeWorks', 'Music', 'Album']",1834,CreativeWorks,5,0.9628489538691265,4,0.9997799480423867
Album,"['CreativeWorks', 'Music', 'Album']",1835,CreativeWorks,5,0.9784206820358613,4,0.999832686631011
Album,"['CreativeWorks', 'Music', 'Album']",1836,CreativeWorks,5,0.97138305109025,4,0.9998236262359929
Album,"['CreativeWorks', 'Music', 'Album']",1837,CreativeWorks,5,0.9981311749918845,4,0.9999995748933839
Album,"['CreativeWorks', 'Music', 'Album']",1838,CreativeWorks,5,0.9884740488993604,4,0.9999531970758008
Album,"['CreativeWorks', 'Music', 'Album']",1839,CreativeWorks,5,0.9921430870943515,4,0.9999795354221025
Album,"['CreativeWorks', 'Music', 'Album']",1840,CreativeWorks,5,0.9964627623550072,4,0.9999954677124835
Album,"['CreativeWorks', 'Music', 'Album']",1841,CreativeWorks,5,0.9727184611933404,4,0.9998188129869529
Album,"['CreativeWorks', 'Music', 'Album']",1842,CreativeWorks,5,0.9800216572953836,4,0.9999244833784018
Album,"['CreativeWorks', 'Music', 'Album']",1843,CreativeWorks,5,0.9445130524010031,4,0.998811575067742
Album,"['CreativeWorks', 'Music', 'Album']",1844,CreativeWorks,5,0.9882132390958049,4,0.9999758968767753
Album,"['CreativeWorks', 'Music', 'Album']",1845,CreativeWorks,5,0.9902819455448507,4,0.9999385520413078
Album,"['CreativeWorks', 'Music', 'Album']",1846,CreativeWorks,5,0.9951585981945118,4,0.9999936210303507
Album,"['CreativeWorks', 'Music', 'Album']",1847,CreativeWorks,3,0.5206307215199326,4,0.7309270170438378
Album,"['CreativeWorks', 'Music', 'Album']",1848,CreativeWorks,5,0.9440173607037194,4,0.9993677162093896
Album,"['CreativeWorks', 'Music', 'Album']",1849,CreativeWorks,5,0.9926539626677283,4,0.9999852556829654
Album,"['CreativeWorks', 'Music', 'Album']",1850,CreativeWorks,5,0.9961403860949248,4,0.9999975624416291
Album,"['CreativeWorks', 'Music', 'Album']",1851,CreativeWorks,5,0.9735650330751473,4,0.9997485199630314
Album,"['CreativeWorks', 'Music', 'Album']",1852,CreativeWorks,5,0.9797596429041262,4,0.9999056835392564
Album,"['CreativeWorks', 'Music', 'Album']",1853,CreativeWorks,5,0.9727290975840003,4,0.9996516789310476
Album,"['CreativeWorks', 'Music', 'Album']",1854,CreativeWorks,5,0.9745626152899158,4,0.9998885351258328
Album,"['CreativeWorks', 'Music', 'Album']",1855,CreativeWorks,5,0.8288681751525667,4,0.9763868791873928
Album,"['CreativeWorks', 'Music', 'Album']",1856,CreativeWorks,5,0.9856516618007779,4,0.9999498007964465
Album,"['CreativeWorks', 'Music', 'Album']",1857,CreativeWorks,5,0.9887768031604534,4,0.9999717326255766
Album,"['CreativeWorks', 'Music', 'Album']",1858,CreativeWorks,5,0.9922566414338088,4,0.9999904914194343
Album,"['CreativeWorks', 'Music', 'Album']",1859,CreativeWorks,5,0.9938810172949943,4,0.9999911061590819
Album,"['CreativeWorks', 'Music', 'Album']",1860,CreativeWorks,5,0.9928065089170646,4,0.9999892794816096
Album,"['CreativeWorks', 'Music', 'Album']",1861,CreativeWorks,5,0.9861561382570188,4,0.9998727518402987
Album,"['CreativeWorks', 'Music', 'Album']",1862,CreativeWorks,5,0.9963659252788345,4,0.9999960888516795
Album,"['CreativeWorks', 'Music', 'Album']",1863,CreativeWorks,5,0.9879431652171188,4,0.9999759221677714
Album,"['CreativeWorks', 'Music', 'Album']",1864,CreativeWorks,5,0.9958361824975668,4,0.9999958773060502
Album,"['CreativeWorks', 'Music', 'Album']",1865,CreativeWorks,5,0.9832375386662824,4,0.9999230451273412
Album,"['CreativeWorks', 'Music', 'Album']",1866,CreativeWorks,5,0.9484450690943292,4,0.9990422202174208
Album,"['CreativeWorks', 'Music', 'Album']",1867,CreativeWorks,5,0.9514977848335721,4,0.9996194751189981
Album,"['CreativeWorks', 'Music', 'Album']",1868,CreativeWorks,5,0.9950153504134213,4,0.9999931935635539
Album,"['CreativeWorks', 'Music', 'Album']",1869,CreativeWorks,5,0.9848898674627403,4,0.9999442116314224
Album,"['CreativeWorks', 'Music', 'Album']",1870,CreativeWorks,5,0.9833237644563466,4,0.9999618295881884
Album,"['CreativeWorks', 'Music', 'Album']",1871,CreativeWorks,5,0.9840591373029769,4,0.9999345643752343
Album,"['CreativeWorks', 'Music', 'Album']",1872,CreativeWorks,5,0.9752236607258687,4,0.9996444639669589
Album,"['CreativeWorks', 'Music', 'Album']",1873,CreativeWorks,5,0.9709415721462837,4,0.9997049408595166
Album,"['CreativeWorks', 'Music', 'Album']",1874,CreativeWorks,5,0.9969111118747264,4,0.9999967926610436
Album,"['CreativeWorks', 'Music', 'Album']",1875,CreativeWorks,5,0.9649747211463118,4,0.9996431764605754
Album,"['CreativeWorks', 'Music', 'Album']",1876,CreativeWorks,5,0.9359040379963451,4,0.9991538966887731
Album,"['CreativeWorks', 'Music', 'Album']",1877,CreativeWorks,5,0.9928178032315109,4,0.9999916568665558
Album,"['CreativeWorks', 'Music', 'Album']",1878,CreativeWorks,5,0.986959312004859,4,0.9999617221125245
Album,"['CreativeWorks', 'Music', 'Album']",1879,CreativeWorks,5,0.9727174722707654,4,0.9997562738565631
Album,"['CreativeWorks', 'Music', 'Album']",1880,CreativeWorks,5,0.9956112309878297,4,0.9999944556193754
Album,"['CreativeWorks', 'Music', 'Album']",1881,CreativeWorks,5,0.988034239957418,4,0.9999694774088543
Album,"['CreativeWorks', 'Music', 'Album']",1882,CreativeWorks,5,0.9872282202851032,4,0.9999555686123414
Album,"['CreativeWorks', 'Music', 'Album']",1883,CreativeWorks,5,0.9776023183351088,4,0.9998989969901828
Album,"['CreativeWorks', 'Music', 'Album']",1884,CreativeWorks,5,0.9975651636775731,4,0.9999971831570894
Album,"['CreativeWorks', 'Music', 'Album']",1885,CreativeWorks,5,0.9929012527741604,4,0.9999922233299073
Album,"['CreativeWorks', 'Music', 'Album']",1886,CreativeWorks,5,0.9979353367029842,4,0.9999991773325525
Album,"['CreativeWorks', 'Music', 'Album']",1887,CreativeWorks,5,0.9943736619298829,4,0.9999903680267694
Album,"['CreativeWorks', 'Music', 'Album']",1888,CreativeWorks,5,0.9599560243452825,4,0.9995090186550154
Album,"['CreativeWorks', 'Music', 'Album']",1889,CreativeWorks,5,0.9753285223081452,4,0.9998543504058912
Album,"['CreativeWorks', 'Music', 'Album']",1890,CreativeWorks,5,0.957248069730154,4,0.9995425483181847
Album,"['CreativeWorks', 'Music', 'Album']",1891,CreativeWorks,5,0.9910603768206013,4,0.9999851051927257
Album,"['CreativeWorks', 'Music', 'Album']",1892,CreativeWorks,5,0.9865174682156864,4,0.9999660690516403
Album,"['CreativeWorks', 'Music', 'Album']",1893,CreativeWorks,5,0.9871552667971264,4,0.9999666144434185
Album,"['CreativeWorks', 'Music', 'Album']",1894,CreativeWorks,5,0.9988935680068477,4,0.9999996936836183
Album,"['CreativeWorks', 'Music', 'Album']",1895,CreativeWorks,5,0.986586429983885,4,0.9999612996592426
Album,"['CreativeWorks', 'Music', 'Album']",1896,CreativeWorks,5,0.9966725826828523,4,0.9999980676594942
Album,"['CreativeWorks', 'Music', 'Album']",1897,CreativeWorks,5,0.952082354926594,4,0.9996159999239439
Album,"['CreativeWorks', 'Music', 'Album']",1898,CreativeWorks,5,0.9730651990912399,4,0.9996836141165858
Album,"['CreativeWorks', 'Music', 'Album']",1899,CreativeWorks,5,0.9913975687644337,4,0.9999882026794373
Album,"['CreativeWorks', 'Music', 'Album']",1900,CreativeWorks,5,0.9932303103749999,4,0.9999923070671305
Album,"['CreativeWorks', 'Music', 'Album']",1901,CreativeWorks,5,0.9870891933438456,4,0.9999436648059109
Album,"['CreativeWorks', 'Music', 'Album']",1902,CreativeWorks,5,0.9650419351596842,4,0.9994463996066975
Album,"['CreativeWorks', 'Music', 'Album']",1903,CreativeWorks,5,0.9493801425292343,4,0.9995736601224673
Album,"['CreativeWorks', 'Music', 'Album']",1904,CreativeWorks,5,0.868830018033858,4,0.9933640813727586
Album,"['CreativeWorks', 'Music', 'Album']",1905,CreativeWorks,5,0.9687364334369468,4,0.9997892691149755
Album,"['CreativeWorks', 'Music', 'Album']",1906,CreativeWorks,5,0.9858471169789788,4,0.9998908727834198
Album,"['CreativeWorks', 'Music', 'Album']",1907,CreativeWorks,5,0.9869605342041267,4,0.9999461810890448
Album,"['CreativeWorks', 'Music', 'Album']",1908,CreativeWorks,5,0.8969345051837976,4,0.9958864506828367
Album,"['CreativeWorks', 'Music', 'Album']",1909,CreativeWorks,5,0.9759243522399884,4,0.9998480582677751
Album,"['CreativeWorks', 'Music', 'Album']",1910,CreativeWorks,5,0.9914888822339645,4,0.9999802024538403
Album,"['CreativeWorks', 'Music', 'Album']",1911,CreativeWorks,5,0.9940391340519259,4,0.9999945442145084
Album,"['CreativeWorks', 'Music', 'Album']",1912,CreativeWorks,5,0.9668803463108977,4,0.9994884044594101
Album,"['CreativeWorks', 'Music', 'Album']",1913,CreativeWorks,5,0.9889268251966067,4,0.9999768702321377
Album,"['CreativeWorks', 'Music', 'Album']",1914,CreativeWorks,5,0.9833023948213893,4,0.9999365202300028
Album,"['CreativeWorks', 'Music', 'Album']",1915,CreativeWorks,5,0.9483103459204824,4,0.9991119497261969
Album,"['CreativeWorks', 'Music', 'Album']",1916,CreativeWorks,5,0.9958537415895203,4,0.9999959015493359
Album,"['CreativeWorks', 'Music', 'Album']",1917,CreativeWorks,5,0.991498045003328,4,0.999978155567343
Album,"['CreativeWorks', 'Music', 'Album']",1918,CreativeWorks,5,0.9788048369691634,4,0.9999036952739404
Album,"['CreativeWorks', 'Music', 'Album']",1919,CreativeWorks,5,0.9891743634293252,4,0.9999807145631104
Album,"['CreativeWorks', 'Music', 'Album']",1920,CreativeWorks,5,0.9904416002199536,4,0.9999826532590541
Album,"['CreativeWorks', 'Music', 'Album']",1921,CreativeWorks,5,0.9091031835493206,4,0.9953363667693086
Album,"['CreativeWorks', 'Music', 'Album']",1922,CreativeWorks,5,0.9986116654726575,4,0.9999997543580607
Album,"['CreativeWorks', 'Music', 'Album']",1923,CreativeWorks,5,0.9915290851926352,4,0.9999858165050719
Album,"['CreativeWorks', 'Music', 'Album']",1924,CreativeWorks,5,0.9859858831749645,4,0.9999615179143503
Album,"['CreativeWorks', 'Music', 'Album']",1925,CreativeWorks,5,0.9760605200842205,4,0.999849742926341
Album,"['CreativeWorks', 'Music', 'Album']",1926,CreativeWorks,5,0.9370483708814938,4,0.9983717840305376
Album,"['CreativeWorks', 'Music', 'Album']",1927,CreativeWorks,5,0.9958725036530113,4,0.9999966405516204
Album,"['CreativeWorks', 'Music', 'Album']",1928,CreativeWorks,5,0.9802670683632185,4,0.9997745769362485
Album,"['CreativeWorks', 'Music', 'Album']",1929,CreativeWorks,5,0.9946782602616528,4,0.9999956383424831
Album,"['CreativeWorks', 'Music', 'Album']",1930,CreativeWorks,5,0.9855580179811294,4,0.9999626220596944
Album,"['CreativeWorks', 'Music', 'Album']",1931,CreativeWorks,5,0.9843730589450901,4,0.9999549547893232
Album,"['CreativeWorks', 'Music', 'Album']",1932,CreativeWorks,5,0.9483133973761344,4,0.9995200300314341
Album,"['CreativeWorks', 'Music', 'Album']",1933,CreativeWorks,5,0.9407787052684573,4,0.9990693100374274
Album,"['CreativeWorks', 'Music', 'Album']",1934,CreativeWorks,5,0.9902997616307476,4,0.9999761961705268
Album,"['CreativeWorks', 'Music', 'Album']",1935,CreativeWorks,5,0.96985884851243,4,0.9997926969444699
Album,"['CreativeWorks', 'Music', 'Album']",1936,CreativeWorks,5,0.9625203379832062,4,0.9996418371064509
Album,"['CreativeWorks', 'Music', 'Album']",1937,CreativeWorks,5,0.9866394297007756,4,0.9999227583588131
Album,"['CreativeWorks', 'Music', 'Album']",1938,CreativeWorks,5,0.9385298081427906,4,0.9993498290099835
Album,"['CreativeWorks', 'Music', 'Album']",1939,CreativeWorks,5,0.9934671786464463,4,0.9999890711586672
Album,"['CreativeWorks', 'Music', 'Album']",1940,CreativeWorks,5,0.9917271762768443,4,0.9999817557813663
Album,"['CreativeWorks', 'Music', 'Album']",1941,CreativeWorks,5,0.9899893109604554,4,0.9999581339528744
Album,"['CreativeWorks', 'Music', 'Album']",1942,CreativeWorks,5,0.9742992507945556,4,0.9996731770881977
Album,"['CreativeWorks', 'Music', 'Album']",1943,CreativeWorks,5,0.9733070626124185,4,0.999835312980693
Album,"['CreativeWorks', 'Music', 'Album']",1944,CreativeWorks,5,0.9790862700076116,4,0.9997969456888093
Album,"['CreativeWorks', 'Music', 'Album']",1945,CreativeWorks,5,0.9938663332925605,4,0.9999894981908681
Album,"['CreativeWorks', 'Music', 'Album']",1946,CreativeWorks,5,0.9940669271617111,4,0.9999913118669015
Album,"['CreativeWorks', 'Music', 'Album']",1947,CreativeWorks,5,0.852106464659902,4,0.9941778911323289
Album,"['CreativeWorks', 'Music', 'Album']",1948,CreativeWorks,5,0.9491052343311184,4,0.9978146901513172
Album,"['CreativeWorks', 'Music', 'Album']",1949,CreativeWorks,5,0.9978879120512721,4,0.9999993597618941
Album,"['CreativeWorks', 'Music', 'Album']",1950,CreativeWorks,5,0.8210158801252898,4,0.9815815780496022
Album,"['CreativeWorks', 'Music', 'Album']",1951,CreativeWorks,5,0.9622684808516584,4,0.9996935404544732
Album,"['CreativeWorks', 'Music', 'Album']",1952,CreativeWorks,5,0.9976232170627215,4,0.9999991584552909
Album,"['CreativeWorks', 'Music', 'Album']",1953,CreativeWorks,5,0.9954008319907308,4,0.9999953426287743
Album,"['CreativeWorks', 'Music', 'Album']",1954,CreativeWorks,5,0.9947270252424917,4,0.9999942162167537
Album,"['CreativeWorks', 'Music', 'Album']",1955,CreativeWorks,5,0.9848611389870592,4,0.9999480408241429
Album,"['CreativeWorks', 'Music', 'Album']",1956,CreativeWorks,5,0.9953076498772447,4,0.9999976519233104
Album,"['CreativeWorks', 'Music', 'Album']",1957,CreativeWorks,5,0.9825787405344969,4,0.9998724306949132
Album,"['CreativeWorks', 'Music', 'Album']",1958,CreativeWorks,5,0.9886151431050488,4,0.9999547110078577
Album,"['CreativeWorks', 'Music', 'Album']",1959,CreativeWorks,5,0.8987661483272154,4,0.9905048012279924
Album,"['CreativeWorks', 'Music', 'Album']",1960,CreativeWorks,5,0.9982002813994316,4,0.9999994596487167
Album,"['CreativeWorks', 'Music', 'Album']",1961,CreativeWorks,5,0.9960960487004857,4,0.9999962298317673
Album,"['CreativeWorks', 'Music', 'Album']",1962,CreativeWorks,5,0.982881278371703,4,0.9999176425410505
Album,"['CreativeWorks', 'Music', 'Album']",1963,CreativeWorks,5,0.9884153176737439,4,0.9999807517458995
Album,"['CreativeWorks', 'Music', 'Album']",1964,CreativeWorks,5,0.993955789972309,4,0.9999917331136627
Album,"['CreativeWorks', 'Music', 'Album']",1965,CreativeWorks,5,0.9703087014592253,4,0.9997017354513483
Album,"['CreativeWorks', 'Music', 'Album']",1966,CreativeWorks,5,0.9914595279178229,4,0.9999888847350458
Album,"['CreativeWorks', 'Music', 'Album']",1967,CreativeWorks,5,0.8078183306920573,4,0.9870853143665167
Album,"['CreativeWorks', 'Music', 'Album']",1968,CreativeWorks,5,0.9673584231720217,4,0.9993823311820246
Album,"['CreativeWorks', 'Music', 'Album']",1969,CreativeWorks,5,0.9718426987416341,4,0.9998471007662144
Album,"['CreativeWorks', 'Music', 'Album']",1970,CreativeWorks,5,0.9655511035008106,4,0.9994874503735277
Album,"['CreativeWorks', 'Music', 'Album']",1971,CreativeWorks,5,0.9947883937267771,4,0.999994674284831
Album,"['CreativeWorks', 'Music', 'Album']",1972,CreativeWorks,5,0.9731053569307332,4,0.9998026871904299
Album,"['CreativeWorks', 'Music', 'Album']",1973,CreativeWorks,5,0.9710333732828567,4,0.9996946496882579
Album,"['CreativeWorks', 'Music', 'Album']",1974,CreativeWorks,5,0.985546991936802,4,0.9999225989608344
Album,"['CreativeWorks', 'Music', 'Album']",1975,CreativeWorks,5,0.9717981459401034,4,0.9998655598886745
Album,"['CreativeWorks', 'Music', 'Album']",1976,CreativeWorks,5,0.990304067447241,4,0.9999858817388991
Album,"['CreativeWorks', 'Music', 'Album']",1977,CreativeWorks,5,0.9326308059038111,4,0.998830152470791
Album,"['CreativeWorks', 'Music', 'Album']",1978,CreativeWorks,5,0.9778651286853393,4,0.9998635652213783
Album,"['CreativeWorks', 'Music', 'Album']",1979,CreativeWorks,5,0.9931936843933519,4,0.9999829155978518
Album,"['CreativeWorks', 'Music', 'Album']",1980,CreativeWorks,5,0.9980937146104039,4,0.9999990167608879
Album,"['CreativeWorks', 'Music', 'Album']",1981,CreativeWorks,5,0.9854522976170138,4,0.9999593436183474
Album,"['CreativeWorks', 'Music', 'Album']",1982,CreativeWorks,5,0.99815855654782,4,0.9999990991552106
Album,"['CreativeWorks', 'Music', 'Album']",1983,CreativeWorks,5,0.9909222975495544,4,0.9999817820657337
Album,"['CreativeWorks', 'Music', 'Album']",1984,CreativeWorks,5,0.9892426774369414,4,0.9999690216092175
Album,"['CreativeWorks', 'Music', 'Album']",1985,CreativeWorks,5,0.9927351982195276,4,0.999980105090699
Album,"['CreativeWorks', 'Music', 'Album']",1986,CreativeWorks,5,0.9819416728949782,4,0.9999368402830732
Album,"['CreativeWorks', 'Music', 'Album']",1987,CreativeWorks,5,0.8644357351153253,4,0.9778848329374449
Album,"['CreativeWorks', 'Music', 'Album']",1988,CreativeWorks,5,0.9602044601608691,4,0.9995650548311482
Album,"['CreativeWorks', 'Music', 'Album']",1989,CreativeWorks,5,0.9876311389052966,4,0.9999616306895521
Album,"['CreativeWorks', 'Music', 'Album']",1990,CreativeWorks,5,0.9783372281638005,4,0.9998742828980708
Album,"['CreativeWorks', 'Music', 'Album']",1991,CreativeWorks,5,0.9616619262546638,4,0.9993790145822522
Album,"['CreativeWorks', 'Music', 'Album']",1992,CreativeWorks,5,0.9972892228006422,4,0.9999985248462437
Album,"['CreativeWorks', 'Music', 'Album']",1993,CreativeWorks,5,0.997503401816387,4,0.9999975443522214
Album,"['CreativeWorks', 'Music', 'Album']",1994,CreativeWorks,5,0.945592441263735,4,0.9990534961434713
Album,"['CreativeWorks', 'Music', 'Album']",1995,CreativeWorks,5,0.99813721074279,4,0.9999993931749281
Album,"['CreativeWorks', 'Music', 'Album']",1996,CreativeWorks,5,0.9954223707060913,4,0.9999961858367648
Album,"['CreativeWorks', 'Music', 'Album']",1997,CreativeWorks,5,0.9835046527177244,4,0.9998909579105354
Album,"['CreativeWorks', 'Music', 'Album']",1998,CreativeWorks,5,0.9145884897171375,4,0.9867415457973926
Album,"['CreativeWorks', 'Music', 'Album']",1999,CreativeWorks,5,0.9920825803567471,4,0.9999768401274655
Animal,"['ScienceAndNature', 'Animals', 'Animal']",2000,ScienceAndNature,0,0.905114219733188,3,0.9965070562901057
Animal,"['ScienceAndNature', 'Animals', 'Animal']",2001,ScienceAndNature,0,0.9765310738643518,3,0.999896194590149
Animal,"['ScienceAndNature', 'Animals', 'Animal']",2002,ScienceAndNature,0,0.4756652257744917,3,0.7333449658465042
Animal,"['ScienceAndNature', 'Animals', 'Animal']",2003,ScienceAndNature,0,0.9415232455222692,3,0.9994306518606648
Animal,"['ScienceAndNature', 'Animals', 'Animal']",2004,ScienceAndNature,0,0.8507760955450384,3,0.9930809268878055
Animal,"['ScienceAndNature', 'Animals', 'Animal']",2005,ScienceAndNature,0,0.676522002952427,3,0.9394141993431825
Animal,"['ScienceAndNature', 'Animals', 'Animal']",2006,ScienceAndNature,0,0.9733264151628612,3,0.9998896003181432
Animal,"['ScienceAndNature', 'Animals', 'Animal']",2007,ScienceAndNature,0,0.8875994677035152,3,0.9974671616891473
Animal,"['ScienceAndNature', 'Animals', 'Animal']",2008,ScienceAndNature,0,0.9537022034380401,3,0.9989777288848445
Animal,"['ScienceAndNature', 'Animals', 'Animal']",2009,ScienceAndNature,0,0.9240660322098047,3,0.998683499301522
Animal,"['ScienceAndNature', 'Animals', 'Animal']",2010,ScienceAndNature,0,0.8592476707347183,3,0.9964729637018266
Animal,"['ScienceAndNature', 'Animals', 'Animal']",2011,ScienceAndNature,0,0.9704871586895708,3,0.9998358388886468
Animal,"['ScienceAndNature', 'Animals', 'Animal']",2012,ScienceAndNature,0,0.8290931690434532,3,0.991304095051617
Animal,"['ScienceAndNature', 'Animals', 'Animal']",2013,ScienceAndNature,0,0.9924916473890052,3,0.9999899269543329
Animal,"['ScienceAndNature', 'Animals', 'Animal']",2014,ScienceAndNature,0,0.901164228937491,3,0.9975101930688788
Animal,"['ScienceAndNature', 'Animals', 'Animal']",2015,ScienceAndNature,0,0.993906270689719,3,0.9999856557969117
Animal,"['ScienceAndNature', 'Animals', 'Animal']",2016,ScienceAndNature,0,0.8574290047740548,3,0.9931150358288878
Animal,"['ScienceAndNature', 'Animals', 'Animal']",2017,ScienceAndNature,0,0.8560838806513168,3,0.9952338469125064
Animal,"['ScienceAndNature', 'Animals', 'Animal']",2018,ScienceAndNature,0,0.972500243667703,3,0.9998407825715251
Animal,"['ScienceAndNature', 'Animals', 'Animal']",2019,ScienceAndNature,0,0.9906223613011178,3,0.9999757547310446
Animal,"['ScienceAndNature', 'Animals', 'Animal']",2020,ScienceAndNature,0,0.960634909908217,3,0.99942107280095
Animal,"['ScienceAndNature', 'Animals', 'Animal']",2021,ScienceAndNature,0,0.9491108162030437,3,0.9995859936421351
Animal,"['ScienceAndNature', 'Animals', 'Animal']",2022,ScienceAndNature,0,0.8315445611207521,3,0.992016927510184
Animal,"['ScienceAndNature', 'Animals', 'Animal']",2023,ScienceAndNature,0,0.9468085329350662,3,0.9993411913512174
Animal,"['ScienceAndNature', 'Animals', 'Animal']",2024,ScienceAndNature,0,0.8069742260102071,3,0.9905201826242375
Animal,"['ScienceAndNature', 'Animals', 'Animal']",2025,ScienceAndNature,0,0.9668491489264673,3,0.9997722680809396
Animal,"['ScienceAndNature', 'Animals', 'Animal']",2026,ScienceAndNature,7,0.7126085874429963,6,0.8857781837226772
Animal,"['ScienceAndNature', 'Animals', 'Animal']",2027,ScienceAndNature,0,0.9745505726245138,3,0.99979222735356
Animal,"['ScienceAndNature', 'Animals', 'Animal']",2028,ScienceAndNature,4,0.995720055107656,2,0.9999959431058293
Animal,"['ScienceAndNature', 'Animals', 'Animal']",2029,ScienceAndNature,0,0.9687642258615545,3,0.9997734444347914
Animal,"['ScienceAndNature', 'Animals', 'Animal']",2030,ScienceAndNature,0,0.974235524380121,3,0.9998988851174794
Animal,"['ScienceAndNature', 'Animals', 'Animal']",2031,ScienceAndNature,0,0.652834387013651,3,0.9342936642390531
Animal,"['ScienceAndNature', 'Animals', 'Animal']",2032,ScienceAndNature,0,0.791828863192868,3,0.9853045612407811
Animal,"['ScienceAndNature', 'Animals', 'Animal']",2033,ScienceAndNature,0,0.8693287978640142,3,0.9907657627422907
Animal,"['ScienceAndNature', 'Animals', 'Animal']",2034,ScienceAndNature,0,0.6388337619917829,3,0.9210045869028781
Animal,"['ScienceAndNature', 'Animals', 'Animal']",2035,ScienceAndNature,0,0.9520849660013493,3,0.9993685493037221
Animal,"['ScienceAndNature', 'Animals', 'Animal']",2036,ScienceAndNature,0,0.9378761110254181,3,0.99946674683509
Animal,"['ScienceAndNature', 'Animals', 'Animal']",2037,ScienceAndNature,0,0.9711794083285554,3,0.9995665683097342
Animal,"['ScienceAndNature', 'Animals', 'Animal']",2038,ScienceAndNature,0,0.9086996544578013,3,0.9982464931803134
Animal,"['ScienceAndNature', 'Animals', 'Animal']",2039,ScienceAndNature,0,0.9433373168377541,3,0.9990421620206635
Animal,"['ScienceAndNature', 'Animals', 'Animal']",2040,ScienceAndNature,0,0.9397722480366323,3,0.999147520595044
Animal,"['ScienceAndNature', 'Animals', 'Animal']",2041,ScienceAndNature,0,0.8400673014996367,3,0.9943981840982008
Animal,"['ScienceAndNature', 'Animals', 'Animal']",2042,ScienceAndNature,0,0.9456472235281249,3,0.9995231951917921
Animal,"['ScienceAndNature', 'Animals', 'Animal']",2043,ScienceAndNature,0,0.9668848903862318,3,0.9997842738514164
Animal,"['ScienceAndNature', 'Animals', 'Animal']",2044,ScienceAndNature,0,0.9768276972019831,3,0.9998732967852624
Animal,"['ScienceAndNature', 'Animals', 'Animal']",2045,ScienceAndNature,0,0.9691797683950844,3,0.9998841906475984
Animal,"['ScienceAndNature', 'Animals', 'Animal']",2046,ScienceAndNature,0,0.965298733189189,3,0.9998094639616785
Animal,"['ScienceAndNature', 'Animals', 'Animal']",2047,ScienceAndNature,0,0.9901303885889344,3,0.9999699945251501
Animal,"['ScienceAndNature', 'Animals', 'Animal']",2048,ScienceAndNature,0,0.9562322050399876,3,0.9995626221068746
Animal,"['ScienceAndNature', 'Animals', 'Animal']",2049,ScienceAndNature,0,0.9829150878480352,3,0.9999410664239695
Animal,"['ScienceAndNature', 'Animals', 'Animal']",2050,ScienceAndNature,0,0.9619604378945961,3,0.9994718609987895
Animal,"['ScienceAndNature', 'Animals', 'Animal']",2051,ScienceAndNature,0,0.9743381518309522,3,0.9998604409352586
Animal,"['ScienceAndNature', 'Animals', 'Animal']",2052,ScienceAndNature,0,0.9775998726323402,3,0.9998976875269561
Animal,"['ScienceAndNature', 'Animals', 'Animal']",2053,ScienceAndNature,0,0.9107459401589412,3,0.9971972275080212
Animal,"['ScienceAndNature', 'Animals', 'Animal']",2054,ScienceAndNature,0,0.9238791646822085,3,0.9990703102558243
Animal,"['ScienceAndNature', 'Animals', 'Animal']",2055,ScienceAndNature,0,0.941948182134952,3,0.9993153628708555
Animal,"['ScienceAndNature', 'Animals', 'Animal']",2056,ScienceAndNature,0,0.9758251610382881,3,0.9998642989500532
Animal,"['ScienceAndNature', 'Animals', 'Animal']",2057,ScienceAndNature,0,0.9763760595284091,3,0.9999240164930209
Animal,"['ScienceAndNature', 'Animals', 'Animal']",2058,ScienceAndNature,0,0.8864985760810071,3,0.9955393771069899
Animal,"['ScienceAndNature', 'Animals', 'Animal']",2059,ScienceAndNature,0,0.8913295780159568,3,0.9981058299018386
Animal,"['ScienceAndNature', 'Animals', 'Animal']",2060,ScienceAndNature,0,0.8969959939482555,3,0.9972302134713581
Animal,"['ScienceAndNature', 'Animals', 'Animal']",2061,ScienceAndNature,0,0.9848573905938478,3,0.9999613938160966
Animal,"['ScienceAndNature', 'Animals', 'Animal']",2062,ScienceAndNature,0,0.901846668798397,3,0.9980007617887253
Animal,"['ScienceAndNature', 'Animals', 'Animal']",2063,ScienceAndNature,0,0.6927053203908867,3,0.9670118759656907
Animal,"['ScienceAndNature', 'Animals', 'Animal']",2064,ScienceAndNature,0,0.9823864871220235,3,0.9999054861763034
Animal,"['ScienceAndNature', 'Animals', 'Animal']",2065,ScienceAndNature,0,0.7931865855022461,3,0.978716595834616
Animal,"['ScienceAndNature', 'Animals', 'Animal']",2066,ScienceAndNature,0,0.6514586022987733,3,0.8855537262012991
Animal,"['ScienceAndNature', 'Animals', 'Animal']",2067,ScienceAndNature,0,0.9288101066356959,3,0.9990252304470725
Animal,"['ScienceAndNature', 'Animals', 'Animal']",2068,ScienceAndNature,0,0.8013810430521967,3,0.9843869377370869
Animal,"['ScienceAndNature', 'Animals', 'Animal']",2069,ScienceAndNature,0,0.9721252842124604,3,0.9998346974634318
Animal,"['ScienceAndNature', 'Animals', 'Animal']",2070,ScienceAndNature,0,0.9152498099407196,3,0.9983649623339804
Animal,"['ScienceAndNature', 'Animals', 'Animal']",2071,ScienceAndNature,2,0.7950260504498519,7,0.9928658848198585
Animal,"['ScienceAndNature', 'Animals', 'Animal']",2072,ScienceAndNature,0,0.970516946241083,3,0.999762919799385
Animal,"['ScienceAndNature', 'Animals', 'Animal']",2073,ScienceAndNature,2,0.670538681829053,7,0.9761296470758388
Animal,"['ScienceAndNature', 'Animals', 'Animal']",2074,ScienceAndNature,0,0.8171395726953099,3,0.991790755675325
Animal,"['ScienceAndNature', 'Animals', 'Animal']",2075,ScienceAndNature,5,0.47488841622871947,7,0.6272492196899695
Animal,"['ScienceAndNature', 'Animals', 'Animal']",2076,ScienceAndNature,0,0.9384969909389368,3,0.9987419474126235
Animal,"['ScienceAndNature', 'Animals', 'Animal']",2077,ScienceAndNature,0,0.8088654784978065,3,0.9898899326393545
Animal,"['ScienceAndNature', 'Animals', 'Animal']",2078,ScienceAndNature,0,0.8547171809080988,3,0.9934053475320928
Animal,"['ScienceAndNature', 'Animals', 'Animal']",2079,ScienceAndNature,0,0.894831744587052,3,0.9974104635795531
Animal,"['ScienceAndNature', 'Animals', 'Animal']",2080,ScienceAndNature,0,0.9303937949175441,3,0.9976761857095724
Animal,"['ScienceAndNature', 'Animals', 'Animal']",2081,ScienceAndNature,0,0.9120678005290551,3,0.998418761245613
Animal,"['ScienceAndNature', 'Animals', 'Animal']",2082,ScienceAndNature,0,0.8407941744030754,3,0.9895185693601873
Animal,"['ScienceAndNature', 'Animals', 'Animal']",2083,ScienceAndNature,0,0.7928656931551588,3,0.9877950968628388
Animal,"['ScienceAndNature', 'Animals', 'Animal']",2084,ScienceAndNature,0,0.9203896037835041,3,0.9977588969758282
Animal,"['ScienceAndNature', 'Animals', 'Animal']",2085,ScienceAndNature,0,0.9896066537644682,3,0.9999856976372553
Animal,"['ScienceAndNature', 'Animals', 'Animal']",2086,ScienceAndNature,0,0.7885091970632926,3,0.9893322275607775
Animal,"['ScienceAndNature', 'Animals', 'Animal']",2087,ScienceAndNature,0,0.9466538940537655,3,0.9990547744969448
Animal,"['ScienceAndNature', 'Animals', 'Animal']",2088,ScienceAndNature,0,0.7562982727493018,3,0.9739612497578999
Animal,"['ScienceAndNature', 'Animals', 'Animal']",2089,ScienceAndNature,2,0.7664388912624116,7,0.9907552686376648
Animal,"['ScienceAndNature', 'Animals', 'Animal']",2090,ScienceAndNature,0,0.9916133777201077,3,0.9999872107337426
Animal,"['ScienceAndNature', 'Animals', 'Animal']",2091,ScienceAndNature,0,0.9861195303545575,3,0.9999625847650757
Animal,"['ScienceAndNature', 'Animals', 'Animal']",2092,ScienceAndNature,0,0.9678714728434177,3,0.9998003781082023
Animal,"['ScienceAndNature', 'Animals', 'Animal']",2093,ScienceAndNature,0,0.9078493627454653,3,0.9955659384086347
Animal,"['ScienceAndNature', 'Animals', 'Animal']",2094,ScienceAndNature,0,0.46578709289900294,3,0.7521933114955998
Animal,"['ScienceAndNature', 'Animals', 'Animal']",2095,ScienceAndNature,2,0.761914763852359,7,0.9894480493344241
Animal,"['ScienceAndNature', 'Animals', 'Animal']",2096,ScienceAndNature,0,0.915708688718513,3,0.9986023237106387
Animal,"['ScienceAndNature', 'Animals', 'Animal']",2097,ScienceAndNature,0,0.9837924154579577,3,0.9999630117771053
Animal,"['ScienceAndNature', 'Animals', 'Animal']",2098,ScienceAndNature,0,0.9234374294541716,3,0.9989267537627917
Animal,"['ScienceAndNature', 'Animals', 'Animal']",2099,ScienceAndNature,0,0.9766655604350225,3,0.9998974341522711
Animal,"['ScienceAndNature', 'Animals', 'Animal']",2100,ScienceAndNature,0,0.9382660993621391,3,0.999185679011354
Animal,"['ScienceAndNature', 'Animals', 'Animal']",2101,ScienceAndNature,0,0.9133989083109151,3,0.9986706533482791
Animal,"['ScienceAndNature', 'Animals', 'Animal']",2102,ScienceAndNature,0,0.9767040533076661,3,0.9998850843945983
Animal,"['ScienceAndNature', 'Animals', 'Animal']",2103,ScienceAndNature,0,0.9469084800691157,3,0.9991713436261871
Animal,"['ScienceAndNature', 'Animals', 'Animal']",2104,ScienceAndNature,0,0.9833711864127985,3,0.9999251891243243
Animal,"['ScienceAndNature', 'Animals', 'Animal']",2105,ScienceAndNature,0,0.9579219713112048,3,0.9997023715857759
Animal,"['ScienceAndNature', 'Animals', 'Animal']",2106,ScienceAndNature,0,0.9910462945429848,3,0.9999860393421179
Animal,"['ScienceAndNature', 'Animals', 'Animal']",2107,ScienceAndNature,0,0.9636452098806366,3,0.9995831670643386
Animal,"['ScienceAndNature', 'Animals', 'Animal']",2108,ScienceAndNature,0,0.9518799811377524,3,0.9996096236678308
Animal,"['ScienceAndNature', 'Animals', 'Animal']",2109,ScienceAndNature,0,0.8241453291971901,3,0.9955499349801171
Animal,"['ScienceAndNature', 'Animals', 'Animal']",2110,ScienceAndNature,0,0.9321951910460708,3,0.9991412635772835
Animal,"['ScienceAndNature', 'Animals', 'Animal']",2111,ScienceAndNature,0,0.9785380229490844,3,0.999871420067529
Animal,"['ScienceAndNature', 'Animals', 'Animal']",2112,ScienceAndNature,0,0.9495905530839815,3,0.9994306085263492
Animal,"['ScienceAndNature', 'Animals', 'Animal']",2113,ScienceAndNature,0,0.9667336030965724,3,0.9997805545144565
Animal,"['ScienceAndNature', 'Animals', 'Animal']",2114,ScienceAndNature,0,0.9516246378355221,3,0.9994700754078084
Animal,"['ScienceAndNature', 'Animals', 'Animal']",2115,ScienceAndNature,0,0.9527811796884765,3,0.9995131238274514
Animal,"['ScienceAndNature', 'Animals', 'Animal']",2116,ScienceAndNature,0,0.9815432894158976,3,0.999884162455185
Animal,"['ScienceAndNature', 'Animals', 'Animal']",2117,ScienceAndNature,0,0.9825152339569644,3,0.9999303542795254
Animal,"['ScienceAndNature', 'Animals', 'Animal']",2118,ScienceAndNature,0,0.41304661046135066,3,0.677017127044645
Animal,"['ScienceAndNature', 'Animals', 'Animal']",2119,ScienceAndNature,0,0.9400885278860832,3,0.9992595917972984
Animal,"['ScienceAndNature', 'Animals', 'Animal']",2120,ScienceAndNature,0,0.6338410428801993,3,0.9070048558128424
Animal,"['ScienceAndNature', 'Animals', 'Animal']",2121,ScienceAndNature,7,0.5120796367950035,6,0.6935963619956951
Animal,"['ScienceAndNature', 'Animals', 'Animal']",2122,ScienceAndNature,0,0.7963612522267944,3,0.9903018797934158
Animal,"['ScienceAndNature', 'Animals', 'Animal']",2123,ScienceAndNature,0,0.996048406791141,3,0.9999975222510457
Animal,"['ScienceAndNature', 'Animals', 'Animal']",2124,ScienceAndNature,0,0.3420067122391448,3,0.5047038825313699
Animal,"['ScienceAndNature', 'Animals', 'Animal']",2125,ScienceAndNature,0,0.8595998426173652,3,0.9965952038244391
Animal,"['ScienceAndNature', 'Animals', 'Animal']",2126,ScienceAndNature,0,0.9164272261625745,3,0.9977256045922119
Animal,"['ScienceAndNature', 'Animals', 'Animal']",2127,ScienceAndNature,0,0.9920902820262434,3,0.9999881699706813
Animal,"['ScienceAndNature', 'Animals', 'Animal']",2128,ScienceAndNature,0,0.9124298830064224,3,0.9986689623603683
Animal,"['ScienceAndNature', 'Animals', 'Animal']",2129,ScienceAndNature,0,0.9835341085695323,3,0.9999360999981577
Animal,"['ScienceAndNature', 'Animals', 'Animal']",2130,ScienceAndNature,0,0.9873192045761184,3,0.9999545732547673
Animal,"['ScienceAndNature', 'Animals', 'Animal']",2131,ScienceAndNature,0,0.9898436927142487,3,0.9999699550896916
Animal,"['ScienceAndNature', 'Animals', 'Animal']",2132,ScienceAndNature,0,0.6109918417168575,3,0.9507839919202463
Animal,"['ScienceAndNature', 'Animals', 'Animal']",2133,ScienceAndNature,0,0.8835289280121651,3,0.9972474888148082
Animal,"['ScienceAndNature', 'Animals', 'Animal']",2134,ScienceAndNature,5,0.8219265880710265,4,0.9846718095632256
Animal,"['ScienceAndNature', 'Animals', 'Animal']",2135,ScienceAndNature,0,0.8284586821358576,3,0.9931774262984138
Animal,"['ScienceAndNature', 'Animals', 'Animal']",2136,ScienceAndNature,0,0.990710225921346,3,0.9999878096383865
Animal,"['ScienceAndNature', 'Animals', 'Animal']",2137,ScienceAndNature,0,0.9755776476929772,3,0.9998558724033624
Animal,"['ScienceAndNature', 'Animals', 'Animal']",2138,ScienceAndNature,0,0.6047334667342056,3,0.9265837441636683
Animal,"['ScienceAndNature', 'Animals', 'Animal']",2139,ScienceAndNature,0,0.9372394820882075,3,0.9993642072432387
Animal,"['ScienceAndNature', 'Animals', 'Animal']",2140,ScienceAndNature,5,0.8807521679820307,4,0.9940998454116206
Animal,"['ScienceAndNature', 'Animals', 'Animal']",2141,ScienceAndNature,2,0.7286688329412855,7,0.9811805693993128
Animal,"['ScienceAndNature', 'Animals', 'Animal']",2142,ScienceAndNature,0,0.9468125324417477,3,0.9989475703402316
Animal,"['ScienceAndNature', 'Animals', 'Animal']",2143,ScienceAndNature,0,0.9682101352945104,3,0.9997480829822382
Animal,"['ScienceAndNature', 'Animals', 'Animal']",2144,ScienceAndNature,0,0.9323793147309184,3,0.9989338632466237
Animal,"['ScienceAndNature', 'Animals', 'Animal']",2145,ScienceAndNature,0,0.9690539672821907,3,0.9996812892098687
Animal,"['ScienceAndNature', 'Animals', 'Animal']",2146,ScienceAndNature,0,0.7602376763267364,3,0.9859730319844519
Animal,"['ScienceAndNature', 'Animals', 'Animal']",2147,ScienceAndNature,0,0.4817493436059468,3,0.8887443046472179
Animal,"['ScienceAndNature', 'Animals', 'Animal']",2148,ScienceAndNature,0,0.9747708626445937,3,0.9998183874628593
Animal,"['ScienceAndNature', 'Animals', 'Animal']",2149,ScienceAndNature,0,0.9672510453500844,3,0.9997751683959871
Animal,"['ScienceAndNature', 'Animals', 'Animal']",2150,ScienceAndNature,0,0.9727143816806119,3,0.9998845897805665
Animal,"['ScienceAndNature', 'Animals', 'Animal']",2151,ScienceAndNature,5,0.3625223171777833,7,0.42530423548226814
Animal,"['ScienceAndNature', 'Animals', 'Animal']",2152,ScienceAndNature,0,0.9453833581916047,3,0.999559547004605
Animal,"['ScienceAndNature', 'Animals', 'Animal']",2153,ScienceAndNature,0,0.9845542529696769,3,0.9999272700189585
Animal,"['ScienceAndNature', 'Animals', 'Animal']",2154,ScienceAndNature,6,0.5215578250742727,0,0.7314343527314177
Animal,"['ScienceAndNature', 'Animals', 'Animal']",2155,ScienceAndNature,0,0.44063973205481466,3,0.8309629453634806
Animal,"['ScienceAndNature', 'Animals', 'Animal']",2156,ScienceAndNature,0,0.8516357280457721,3,0.9877856554207957
Animal,"['ScienceAndNature', 'Animals', 'Animal']",2157,ScienceAndNature,0,0.9314759287122188,3,0.9988222710092995
Animal,"['ScienceAndNature', 'Animals', 'Animal']",2158,ScienceAndNature,0,0.9426895464882241,3,0.9992390028228963
Animal,"['ScienceAndNature', 'Animals', 'Animal']",2159,ScienceAndNature,0,0.8120263920785038,3,0.9899261557689396
Animal,"['ScienceAndNature', 'Animals', 'Animal']",2160,ScienceAndNature,0,0.5560135053281465,3,0.917157332276098
Animal,"['ScienceAndNature', 'Animals', 'Animal']",2161,ScienceAndNature,0,0.9330303417338258,3,0.9983199642716837
Animal,"['ScienceAndNature', 'Animals', 'Animal']",2162,ScienceAndNature,4,0.8587516902881985,2,0.9792957493886051
Animal,"['ScienceAndNature', 'Animals', 'Animal']",2163,ScienceAndNature,0,0.9723823557631439,3,0.9997928605250296
Animal,"['ScienceAndNature', 'Animals', 'Animal']",2164,ScienceAndNature,0,0.8124024581496267,3,0.9924746567831673
Animal,"['ScienceAndNature', 'Animals', 'Animal']",2165,ScienceAndNature,0,0.8635657491246697,3,0.9961046593989122
Animal,"['ScienceAndNature', 'Animals', 'Animal']",2166,ScienceAndNature,0,0.9555312298401953,3,0.9997499568946698
Plant,"['ScienceAndNature', 'Plants', 'Plant']",2167,ScienceAndNature,3,0.9745125315226286,5,0.9999022692559223
Plant,"['ScienceAndNature', 'Plants', 'Plant']",2168,ScienceAndNature,3,0.9922644241774431,5,0.9999833045024212
Plant,"['ScienceAndNature', 'Plants', 'Plant']",2169,ScienceAndNature,3,0.938953252184015,5,0.9983883247210578
Plant,"['ScienceAndNature', 'Plants', 'Plant']",2170,ScienceAndNature,3,0.9893451390730973,5,0.9999667999483894
Plant,"['ScienceAndNature', 'Plants', 'Plant']",2171,ScienceAndNature,3,0.9834586191891934,5,0.999956328855943
Plant,"['ScienceAndNature', 'Plants', 'Plant']",2172,ScienceAndNature,3,0.9892076654363295,5,0.9999881354565135
Plant,"['ScienceAndNature', 'Plants', 'Plant']",2173,ScienceAndNature,3,0.9527567757769784,5,0.9991633055494423
Plant,"['ScienceAndNature', 'Plants', 'Plant']",2174,ScienceAndNature,3,0.9532442969716819,5,0.9996330134469644
Plant,"['ScienceAndNature', 'Plants', 'Plant']",2175,ScienceAndNature,3,0.9796394666153561,5,0.9999545159880977
Plant,"['ScienceAndNature', 'Plants', 'Plant']",2176,ScienceAndNature,3,0.892323931083982,5,0.9912965978261656
Plant,"['ScienceAndNature', 'Plants', 'Plant']",2177,ScienceAndNature,3,0.9941993541820061,5,0.99999212784542
Plant,"['ScienceAndNature', 'Plants', 'Plant']",2178,ScienceAndNature,3,0.9868041753384457,5,0.99995961124307
Plant,"['ScienceAndNature', 'Plants', 'Plant']",2179,ScienceAndNature,3,0.9518094093393356,5,0.9988037370595002
Plant,"['ScienceAndNature', 'Plants', 'Plant']",2180,ScienceAndNature,3,0.9554660433921073,5,0.9983894296154628
Plant,"['ScienceAndNature', 'Plants', 'Plant']",2181,ScienceAndNature,3,0.9498979742647174,5,0.9989524406541997
Plant,"['ScienceAndNature', 'Plants', 'Plant']",2182,ScienceAndNature,3,0.9974633606207652,5,0.9999986386191659
Plant,"['ScienceAndNature', 'Plants', 'Plant']",2183,ScienceAndNature,3,0.9878113153772227,5,0.9999795146987821
Plant,"['ScienceAndNature', 'Plants', 'Plant']",2184,ScienceAndNature,3,0.984810774659059,5,0.9999635633937753
Plant,"['ScienceAndNature', 'Plants', 'Plant']",2185,ScienceAndNature,3,0.9615509128569016,5,0.9995716064955691
Plant,"['ScienceAndNature', 'Plants', 'Plant']",2186,ScienceAndNature,3,0.9803090430461188,5,0.9999264599998043
Plant,"['ScienceAndNature', 'Plants', 'Plant']",2187,ScienceAndNature,3,0.9202588652743109,5,0.9982259901926744
Plant,"['ScienceAndNature', 'Plants', 'Plant']",2188,ScienceAndNature,3,0.9307962351831642,5,0.9984545746044194
Plant,"['ScienceAndNature', 'Plants', 'Plant']",2189,ScienceAndNature,3,0.9742488258265972,5,0.9998973663110793
Plant,"['ScienceAndNature', 'Plants', 'Plant']",2190,ScienceAndNature,3,0.9815069532061881,5,0.999878483658709
Plant,"['ScienceAndNature', 'Plants', 'Plant']",2191,ScienceAndNature,3,0.962890084615719,5,0.9997248201841886
Plant,"['ScienceAndNature', 'Plants', 'Plant']",2192,ScienceAndNature,3,0.9926000222813165,5,0.9999565581870175
Plant,"['ScienceAndNature', 'Plants', 'Plant']",2193,ScienceAndNature,3,0.984151337405112,5,0.9998362269741611
Plant,"['ScienceAndNature', 'Plants', 'Plant']",2194,ScienceAndNature,3,0.5639912160622012,5,0.7496790269190581
Plant,"['ScienceAndNature', 'Plants', 'Plant']",2195,ScienceAndNature,3,0.9710037607198936,5,0.9998035229369219
Plant,"['ScienceAndNature', 'Plants', 'Plant']",2196,ScienceAndNature,3,0.5181619610480789,5,0.5256990121729369
Plant,"['ScienceAndNature', 'Plants', 'Plant']",2197,ScienceAndNature,3,0.9838847396746867,5,0.9999169685515662
Plant,"['ScienceAndNature', 'Plants', 'Plant']",2198,ScienceAndNature,3,0.944592284215458,5,0.9989866320869805
Plant,"['ScienceAndNature', 'Plants', 'Plant']",2199,ScienceAndNature,3,0.9762989022346052,5,0.9998919422422702
Plant,"['ScienceAndNature', 'Plants', 'Plant']",2200,ScienceAndNature,3,0.9896068674209519,5,0.9999864641176328
Plant,"['ScienceAndNature', 'Plants', 'Plant']",2201,ScienceAndNature,3,0.9849615207911285,5,0.999956428666855
Plant,"['ScienceAndNature', 'Plants', 'Plant']",2202,ScienceAndNature,3,0.9733204861272912,5,0.9997499555588376
Plant,"['ScienceAndNature', 'Plants', 'Plant']",2203,ScienceAndNature,3,0.9809645056647085,5,0.999955413861756
Plant,"['ScienceAndNature', 'Plants', 'Plant']",2204,ScienceAndNature,3,0.9743022721269003,5,0.9997244360017012
Plant,"['ScienceAndNature', 'Plants', 'Plant']",2205,ScienceAndNature,3,0.97811038227177,5,0.9998927964592909
Plant,"['ScienceAndNature', 'Plants', 'Plant']",2206,ScienceAndNature,3,0.9478247427318611,5,0.9992886075919335
Plant,"['ScienceAndNature', 'Plants', 'Plant']",2207,ScienceAndNature,3,0.9834752592502604,5,0.9999511308775729
Plant,"['ScienceAndNature', 'Plants', 'Plant']",2208,ScienceAndNature,3,0.9357766036285928,5,0.998862930777153
Plant,"['ScienceAndNature', 'Plants', 'Plant']",2209,ScienceAndNature,3,0.8605497088628994,5,0.9905416081439053
Plant,"['ScienceAndNature', 'Plants', 'Plant']",2210,ScienceAndNature,3,0.9883557349851692,5,0.9999202446696354
Plant,"['ScienceAndNature', 'Plants', 'Plant']",2211,ScienceAndNature,3,0.9778232660312678,5,0.9998906036420178
Plant,"['ScienceAndNature', 'Plants', 'Plant']",2212,ScienceAndNature,3,0.9595787354224004,5,0.9994696320046333
Plant,"['ScienceAndNature', 'Plants', 'Plant']",2213,ScienceAndNature,3,0.996114642215371,5,0.9999977539524273
Plant,"['ScienceAndNature', 'Plants', 'Plant']",2214,ScienceAndNature,3,0.9888473045074498,5,0.9999806900207179
Plant,"['ScienceAndNature', 'Plants', 'Plant']",2215,ScienceAndNature,3,0.9790408044232646,5,0.9999289180732819
Plant,"['ScienceAndNature', 'Plants', 'Plant']",2216,ScienceAndNature,3,0.9939745353101438,5,0.9999955537545985
Plant,"['ScienceAndNature', 'Plants', 'Plant']",2217,ScienceAndNature,3,0.9648305023100973,5,0.9997400542960502
Plant,"['ScienceAndNature', 'Plants', 'Plant']",2218,ScienceAndNature,3,0.9543730276812349,5,0.9993551719694604
Plant,"['ScienceAndNature', 'Plants', 'Plant']",2219,ScienceAndNature,3,0.9111766942337309,5,0.9962797750850882
Plant,"['ScienceAndNature', 'Plants', 'Plant']",2220,ScienceAndNature,3,0.9784908674614029,5,0.9999422781802098
Plant,"['ScienceAndNature', 'Plants', 'Plant']",2221,ScienceAndNature,3,0.9601994064218389,5,0.9996526878653483
Plant,"['ScienceAndNature', 'Plants', 'Plant']",2222,ScienceAndNature,3,0.9451184935440161,5,0.9986624075898679
Plant,"['ScienceAndNature', 'Plants', 'Plant']",2223,ScienceAndNature,3,0.9614772806572995,5,0.9990455234187948
Plant,"['ScienceAndNature', 'Plants', 'Plant']",2224,ScienceAndNature,3,0.9823750111561248,5,0.9999309153643188
Plant,"['ScienceAndNature', 'Plants', 'Plant']",2225,ScienceAndNature,3,0.8722828691795638,5,0.9900914189991745
Plant,"['ScienceAndNature', 'Plants', 'Plant']",2226,ScienceAndNature,3,0.6772565417472823,5,0.9131575371071424
Plant,"['ScienceAndNature', 'Plants', 'Plant']",2227,ScienceAndNature,3,0.997914702107749,5,0.9999989242910031
Plant,"['ScienceAndNature', 'Plants', 'Plant']",2228,ScienceAndNature,3,0.965990799324092,5,0.9997618618752934
Plant,"['ScienceAndNature', 'Plants', 'Plant']",2229,ScienceAndNature,3,0.9634421986484791,5,0.9996966186743365
Plant,"['ScienceAndNature', 'Plants', 'Plant']",2230,ScienceAndNature,3,0.7796816954049602,5,0.9629461900429133
Plant,"['ScienceAndNature', 'Plants', 'Plant']",2231,ScienceAndNature,3,0.9773770316021919,5,0.9999166857187279
Plant,"['ScienceAndNature', 'Plants', 'Plant']",2232,ScienceAndNature,3,0.9426395078438424,5,0.9982005199840859
Plant,"['ScienceAndNature', 'Plants', 'Plant']",2233,ScienceAndNature,3,0.974385426306745,5,0.9998782771703959
Plant,"['ScienceAndNature', 'Plants', 'Plant']",2234,ScienceAndNature,3,0.9133145616514315,5,0.9981384534689679
Plant,"['ScienceAndNature', 'Plants', 'Plant']",2235,ScienceAndNature,3,0.9403021877397856,5,0.9984662967333637
Plant,"['ScienceAndNature', 'Plants', 'Plant']",2236,ScienceAndNature,3,0.9538361471061116,5,0.9995802227437943
Plant,"['ScienceAndNature', 'Plants', 'Plant']",2237,ScienceAndNature,3,0.9534408634638925,5,0.9994738767966826
Plant,"['ScienceAndNature', 'Plants', 'Plant']",2238,ScienceAndNature,3,0.9803512707517327,5,0.9999561459581674
Plant,"['ScienceAndNature', 'Plants', 'Plant']",2239,ScienceAndNature,3,0.9811189970607586,5,0.9999223599141448
Plant,"['ScienceAndNature', 'Plants', 'Plant']",2240,ScienceAndNature,3,0.8732402625073985,5,0.9892946165064335
Plant,"['ScienceAndNature', 'Plants', 'Plant']",2241,ScienceAndNature,3,0.9874548765951383,5,0.9999665199315227
Plant,"['ScienceAndNature', 'Plants', 'Plant']",2242,ScienceAndNature,3,0.9811074899917531,5,0.9997062086499316
Plant,"['ScienceAndNature', 'Plants', 'Plant']",2243,ScienceAndNature,3,0.9745022186427176,5,0.9999153590672023
Plant,"['ScienceAndNature', 'Plants', 'Plant']",2244,ScienceAndNature,3,0.9224328324540326,5,0.9966207291481448
Plant,"['ScienceAndNature', 'Plants', 'Plant']",2245,ScienceAndNature,3,0.953700537900257,5,0.999228311250929
Plant,"['ScienceAndNature', 'Plants', 'Plant']",2246,ScienceAndNature,3,0.9616724814173796,5,0.9994533312885122
Plant,"['ScienceAndNature', 'Plants', 'Plant']",2247,ScienceAndNature,3,0.9852782982152863,5,0.9999478374266118
Plant,"['ScienceAndNature', 'Plants', 'Plant']",2248,ScienceAndNature,3,0.9757094868379533,5,0.9996218697378733
Plant,"['ScienceAndNature', 'Plants', 'Plant']",2249,ScienceAndNature,3,0.9919460371496645,5,0.9999776645772211
Plant,"['ScienceAndNature', 'Plants', 'Plant']",2250,ScienceAndNature,3,0.9685263059470014,5,0.9997828591983801
Plant,"['ScienceAndNature', 'Plants', 'Plant']",2251,ScienceAndNature,3,0.9365800950057024,5,0.9988786529830836
Plant,"['ScienceAndNature', 'Plants', 'Plant']",2252,ScienceAndNature,3,0.9836022474055989,5,0.9998843191817685
Plant,"['ScienceAndNature', 'Plants', 'Plant']",2253,ScienceAndNature,3,0.9328077791304015,5,0.9970572848568167
Plant,"['ScienceAndNature', 'Plants', 'Plant']",2254,ScienceAndNature,3,0.9934194246301741,5,0.9999934211812564
Plant,"['ScienceAndNature', 'Plants', 'Plant']",2255,ScienceAndNature,3,0.922938997031572,5,0.9917077728565117
Plant,"['ScienceAndNature', 'Plants', 'Plant']",2256,ScienceAndNature,3,0.503762518491342,5,0.6147902093371994
Plant,"['ScienceAndNature', 'Plants', 'Plant']",2257,ScienceAndNature,3,0.979301621444615,5,0.9999593729079017
Plant,"['ScienceAndNature', 'Plants', 'Plant']",2258,ScienceAndNature,3,0.9811683262414064,5,0.9999555777969832
Plant,"['ScienceAndNature', 'Plants', 'Plant']",2259,ScienceAndNature,3,0.9576389325950683,5,0.9996737621284509
Plant,"['ScienceAndNature', 'Plants', 'Plant']",2260,ScienceAndNature,3,0.9693835673370825,5,0.999800682074152
Plant,"['ScienceAndNature', 'Plants', 'Plant']",2261,ScienceAndNature,3,0.9949626465991523,5,0.9999962023921963
Plant,"['ScienceAndNature', 'Plants', 'Plant']",2262,ScienceAndNature,3,0.9917257738018445,5,0.9999860228595437
Plant,"['ScienceAndNature', 'Plants', 'Plant']",2263,ScienceAndNature,3,0.9108958700714875,5,0.9939350961937272
Plant,"['ScienceAndNature', 'Plants', 'Plant']",2264,ScienceAndNature,3,0.9682637458985034,5,0.9996725303311671
Plant,"['ScienceAndNature', 'Plants', 'Plant']",2265,ScienceAndNature,3,0.979557556792822,5,0.9998609184917205
Plant,"['ScienceAndNature', 'Plants', 'Plant']",2266,ScienceAndNature,3,0.8866061754926391,5,0.9865015158352017
Plant,"['ScienceAndNature', 'Plants', 'Plant']",2267,ScienceAndNature,3,0.9568092709505365,5,0.998793110902715
Plant,"['ScienceAndNature', 'Plants', 'Plant']",2268,ScienceAndNature,3,0.9866043560103239,5,0.9999773975020287
Plant,"['ScienceAndNature', 'Plants', 'Plant']",2269,ScienceAndNature,3,0.9798495518944133,5,0.9999027080669682
Plant,"['ScienceAndNature', 'Plants', 'Plant']",2270,ScienceAndNature,3,0.9773784091483614,5,0.999898865943465
Plant,"['ScienceAndNature', 'Plants', 'Plant']",2271,ScienceAndNature,3,0.9690298528891755,5,0.9994741804848698
Plant,"['ScienceAndNature', 'Plants', 'Plant']",2272,ScienceAndNature,3,0.6327971191209228,5,0.8292578192439637
Plant,"['ScienceAndNature', 'Plants', 'Plant']",2273,ScienceAndNature,3,0.9817257964666896,5,0.9999362216831358
Plant,"['ScienceAndNature', 'Plants', 'Plant']",2274,ScienceAndNature,3,0.9960232001817911,5,0.9999935261332263
Plant,"['ScienceAndNature', 'Plants', 'Plant']",2275,ScienceAndNature,3,0.9708538478110923,5,0.9997387838157774
Plant,"['ScienceAndNature', 'Plants', 'Plant']",2276,ScienceAndNature,3,0.9915653578874679,5,0.9999905893160019
Plant,"['ScienceAndNature', 'Plants', 'Plant']",2277,ScienceAndNature,3,0.9915516283181762,5,0.9999886005303471
Plant,"['ScienceAndNature', 'Plants', 'Plant']",2278,ScienceAndNature,3,0.9867112030235308,5,0.9999799635282993
Plant,"['ScienceAndNature', 'Plants', 'Plant']",2279,ScienceAndNature,3,0.9130913802406232,5,0.9984102529767668
Plant,"['ScienceAndNature', 'Plants', 'Plant']",2280,ScienceAndNature,3,0.9725641086738435,5,0.9998590229506059
Plant,"['ScienceAndNature', 'Plants', 'Plant']",2281,ScienceAndNature,3,0.9770437238718827,5,0.9996819261485236
Plant,"['ScienceAndNature', 'Plants', 'Plant']",2282,ScienceAndNature,3,0.9666653328005205,5,0.9998385215149467
Plant,"['ScienceAndNature', 'Plants', 'Plant']",2283,ScienceAndNature,3,0.9312392105666921,5,0.9979543559469296
Plant,"['ScienceAndNature', 'Plants', 'Plant']",2284,ScienceAndNature,3,0.9917667978718294,5,0.9999880493444712
Plant,"['ScienceAndNature', 'Plants', 'Plant']",2285,ScienceAndNature,3,0.9015223417359375,5,0.9969664573029533
Plant,"['ScienceAndNature', 'Plants', 'Plant']",2286,ScienceAndNature,3,0.9766747156133708,5,0.9998952466241897
Plant,"['ScienceAndNature', 'Plants', 'Plant']",2287,ScienceAndNature,3,0.9811591896739373,5,0.9999460088107739
Plant,"['ScienceAndNature', 'Plants', 'Plant']",2288,ScienceAndNature,3,0.9098545732599022,5,0.9966376221404121
Plant,"['ScienceAndNature', 'Plants', 'Plant']",2289,ScienceAndNature,3,0.9898941721205503,5,0.9999868623414168
Plant,"['ScienceAndNature', 'Plants', 'Plant']",2290,ScienceAndNature,3,0.9909368247688095,5,0.9999854816688452
Plant,"['ScienceAndNature', 'Plants', 'Plant']",2291,ScienceAndNature,3,0.9761048090374006,5,0.9998236823195792
Plant,"['ScienceAndNature', 'Plants', 'Plant']",2292,ScienceAndNature,3,0.9630572275360426,5,0.9998217134251072
Plant,"['ScienceAndNature', 'Plants', 'Plant']",2293,ScienceAndNature,3,0.9692769668753454,5,0.9997936388257035
Plant,"['ScienceAndNature', 'Plants', 'Plant']",2294,ScienceAndNature,3,0.9072710828800071,5,0.9966886260166721
Plant,"['ScienceAndNature', 'Plants', 'Plant']",2295,ScienceAndNature,3,0.9556202468998385,5,0.9995498183103985
Plant,"['ScienceAndNature', 'Plants', 'Plant']",2296,ScienceAndNature,3,0.9392764224422353,5,0.997534957901458
Plant,"['ScienceAndNature', 'Plants', 'Plant']",2297,ScienceAndNature,3,0.9520811568677092,5,0.9992811652450545
Plant,"['ScienceAndNature', 'Plants', 'Plant']",2298,ScienceAndNature,3,0.9654385699345219,5,0.9994998494753455
Plant,"['ScienceAndNature', 'Plants', 'Plant']",2299,ScienceAndNature,3,0.9679458524496661,5,0.9997609945981516
Plant,"['ScienceAndNature', 'Plants', 'Plant']",2300,ScienceAndNature,3,0.9629492689835599,5,0.9994852745007077
Plant,"['ScienceAndNature', 'Plants', 'Plant']",2301,ScienceAndNature,3,0.929984138892407,5,0.9985314184395343
Plant,"['ScienceAndNature', 'Plants', 'Plant']",2302,ScienceAndNature,3,0.9526111393248035,5,0.9994990042790501
Plant,"['ScienceAndNature', 'Plants', 'Plant']",2303,ScienceAndNature,3,0.9420524208602131,5,0.9991552954734737
Plant,"['ScienceAndNature', 'Plants', 'Plant']",2304,ScienceAndNature,3,0.9331727841789105,5,0.9989368597225868
Plant,"['ScienceAndNature', 'Plants', 'Plant']",2305,ScienceAndNature,3,0.9981338433586197,5,0.9999988811977258
Plant,"['ScienceAndNature', 'Plants', 'Plant']",2306,ScienceAndNature,3,0.8994551097852707,5,0.9960545072959264
Plant,"['ScienceAndNature', 'Plants', 'Plant']",2307,ScienceAndNature,3,0.9939949862121826,5,0.9999902559507663
Plant,"['ScienceAndNature', 'Plants', 'Plant']",2308,ScienceAndNature,3,0.9498956841519133,5,0.9992427914068525
Plant,"['ScienceAndNature', 'Plants', 'Plant']",2309,ScienceAndNature,3,0.978805141807158,5,0.9998936707231488
Plant,"['ScienceAndNature', 'Plants', 'Plant']",2310,ScienceAndNature,3,0.9871375920410859,5,0.9999855755202701
Plant,"['ScienceAndNature', 'Plants', 'Plant']",2311,ScienceAndNature,3,0.4620125820338562,5,0.4938311713580926
Plant,"['ScienceAndNature', 'Plants', 'Plant']",2312,ScienceAndNature,3,0.9792801754601163,5,0.9999454968586137
Plant,"['ScienceAndNature', 'Plants', 'Plant']",2313,ScienceAndNature,3,0.9537113137137276,5,0.9992010076301241
Plant,"['ScienceAndNature', 'Plants', 'Plant']",2314,ScienceAndNature,3,0.9582359466881921,5,0.9995488480771814
Plant,"['ScienceAndNature', 'Plants', 'Plant']",2315,ScienceAndNature,3,0.9809885252851627,5,0.9999569506736391
Plant,"['ScienceAndNature', 'Plants', 'Plant']",2316,ScienceAndNature,3,0.9182021875567016,5,0.9984129423131587
Plant,"['ScienceAndNature', 'Plants', 'Plant']",2317,ScienceAndNature,3,0.9782949559378259,5,0.9998492586680652
Plant,"['ScienceAndNature', 'Plants', 'Plant']",2318,ScienceAndNature,3,0.9699251426493921,5,0.9997809095416865
Plant,"['ScienceAndNature', 'Plants', 'Plant']",2319,ScienceAndNature,3,0.9701842305810799,5,0.9998284851136442
Plant,"['ScienceAndNature', 'Plants', 'Plant']",2320,ScienceAndNature,3,0.9608011981653027,5,0.9977726391530641
Plant,"['ScienceAndNature', 'Plants', 'Plant']",2321,ScienceAndNature,3,0.990195330723973,5,0.9999735891993936
Plant,"['ScienceAndNature', 'Plants', 'Plant']",2322,ScienceAndNature,3,0.9667811225201982,5,0.999581370393166
Plant,"['ScienceAndNature', 'Plants', 'Plant']",2323,ScienceAndNature,3,0.9946131067937325,5,0.9999953973453494
Plant,"['ScienceAndNature', 'Plants', 'Plant']",2324,ScienceAndNature,3,0.8945622617036766,5,0.9964989067677802
Plant,"['ScienceAndNature', 'Plants', 'Plant']",2325,ScienceAndNature,3,0.9769880530244371,5,0.9998827907879279
Plant,"['ScienceAndNature', 'Plants', 'Plant']",2326,ScienceAndNature,3,0.9323394813878777,5,0.996611934668227
Plant,"['ScienceAndNature', 'Plants', 'Plant']",2327,ScienceAndNature,3,0.9856913661739101,5,0.9999160224449758
Plant,"['ScienceAndNature', 'Plants', 'Plant']",2328,ScienceAndNature,3,0.9917525391491059,5,0.9999770318821931
Plant,"['ScienceAndNature', 'Plants', 'Plant']",2329,ScienceAndNature,3,0.9723916773907693,5,0.9999214099367557
Plant,"['ScienceAndNature', 'Plants', 'Plant']",2330,ScienceAndNature,3,0.9268651778925618,5,0.9964644118421827
Plant,"['ScienceAndNature', 'Plants', 'Plant']",2331,ScienceAndNature,3,0.9881433126016735,5,0.9999790557971407
Plant,"['ScienceAndNature', 'Plants', 'Plant']",2332,ScienceAndNature,3,0.9717735866546037,5,0.9998465139081648
Plant,"['ScienceAndNature', 'Plants', 'Plant']",2333,ScienceAndNature,3,0.9648968054007335,5,0.9997021906782041
Disease,"['ScienceAndNature', 'Medicine', 'Disease']",2334,ScienceAndNature,3,0.9956991543542804,5,0.9999951913005316
Disease,"['ScienceAndNature', 'Medicine', 'Disease']",2335,ScienceAndNature,3,0.9703516940105371,5,0.9998145744692122
Disease,"['ScienceAndNature', 'Medicine', 'Disease']",2336,ScienceAndNature,3,0.981950209870893,5,0.9999406513383889
Disease,"['ScienceAndNature', 'Medicine', 'Disease']",2337,ScienceAndNature,3,0.9909919154321942,5,0.9999734939312809
Disease,"['ScienceAndNature', 'Medicine', 'Disease']",2338,ScienceAndNature,3,0.9942269145396688,5,0.9999906081730556
Disease,"['ScienceAndNature', 'Medicine', 'Disease']",2339,ScienceAndNature,3,0.9785801224784318,5,0.9998248955519937
Disease,"['ScienceAndNature', 'Medicine', 'Disease']",2340,ScienceAndNature,3,0.9864281204961709,5,0.9999745453780243
Disease,"['ScienceAndNature', 'Medicine', 'Disease']",2341,ScienceAndNature,3,0.9932510166150602,5,0.9999907434212665
Disease,"['ScienceAndNature', 'Medicine', 'Disease']",2342,ScienceAndNature,3,0.9745832037073637,5,0.9997469460559109
Disease,"['ScienceAndNature', 'Medicine', 'Disease']",2343,ScienceAndNature,3,0.9900203309500101,5,0.999973764284834
Disease,"['ScienceAndNature', 'Medicine', 'Disease']",2344,ScienceAndNature,3,0.9866092710053934,5,0.9999745576034318
Disease,"['ScienceAndNature', 'Medicine', 'Disease']",2345,ScienceAndNature,3,0.9783186990249392,5,0.9999361056335286
Disease,"['ScienceAndNature', 'Medicine', 'Disease']",2346,ScienceAndNature,3,0.9897028437446026,5,0.9999608863328395
Disease,"['ScienceAndNature', 'Medicine', 'Disease']",2347,ScienceAndNature,3,0.9881173751723061,5,0.9999783743345078
Disease,"['ScienceAndNature', 'Medicine', 'Disease']",2348,ScienceAndNature,3,0.9446109578985183,5,0.9987557548514205
Disease,"['ScienceAndNature', 'Medicine', 'Disease']",2349,ScienceAndNature,3,0.9798313630113201,5,0.9998798842942103
Disease,"['ScienceAndNature', 'Medicine', 'Disease']",2350,ScienceAndNature,3,0.9572134889756283,5,0.9996405032438168
Disease,"['ScienceAndNature', 'Medicine', 'Disease']",2351,ScienceAndNature,3,0.9905195280007465,5,0.9999907460410019
Disease,"['ScienceAndNature', 'Medicine', 'Disease']",2352,ScienceAndNature,3,0.9876691447076501,5,0.9999862141419767
Disease,"['ScienceAndNature', 'Medicine', 'Disease']",2353,ScienceAndNature,3,0.989659690350694,5,0.9999709047986994
Disease,"['ScienceAndNature', 'Medicine', 'Disease']",2354,ScienceAndNature,3,0.9639147459475091,5,0.9995917940205687
Disease,"['ScienceAndNature', 'Medicine', 'Disease']",2355,ScienceAndNature,3,0.9976151298179501,5,0.9999992579124741
Disease,"['ScienceAndNature', 'Medicine', 'Disease']",2356,ScienceAndNature,3,0.9928585873241581,5,0.9999925648670221
Disease,"['ScienceAndNature', 'Medicine', 'Disease']",2357,ScienceAndNature,3,0.9889115521523951,5,0.9999773687708173
Disease,"['ScienceAndNature', 'Medicine', 'Disease']",2358,ScienceAndNature,3,0.9584074889351144,5,0.9995353495125867
Disease,"['ScienceAndNature', 'Medicine', 'Disease']",2359,ScienceAndNature,3,0.99689842318666,5,0.9999973314062511
Disease,"['ScienceAndNature', 'Medicine', 'Disease']",2360,ScienceAndNature,3,0.9920468882262972,5,0.9999851696594129
Disease,"['ScienceAndNature', 'Medicine', 'Disease']",2361,ScienceAndNature,3,0.97998638184703,5,0.9999559997104838
Disease,"['ScienceAndNature', 'Medicine', 'Disease']",2362,ScienceAndNature,3,0.8577384490647005,5,0.9908883632044522
Disease,"['ScienceAndNature', 'Medicine', 'Disease']",2363,ScienceAndNature,3,0.9152726396032966,5,0.9970378726927286
Disease,"['ScienceAndNature', 'Medicine', 'Disease']",2364,ScienceAndNature,3,0.989675452904077,5,0.9999439567644313
Disease,"['ScienceAndNature', 'Medicine', 'Disease']",2365,ScienceAndNature,3,0.9717575487929,5,0.9985957493277016
Disease,"['ScienceAndNature', 'Medicine', 'Disease']",2366,ScienceAndNature,3,0.9837751258730112,5,0.9999621355705859
Disease,"['ScienceAndNature', 'Medicine', 'Disease']",2367,ScienceAndNature,3,0.9932699826743261,5,0.9999955921784113
Disease,"['ScienceAndNature', 'Medicine', 'Disease']",2368,ScienceAndNature,3,0.9876039285590418,5,0.9999871886309394
Disease,"['ScienceAndNature', 'Medicine', 'Disease']",2369,ScienceAndNature,3,0.9878359533828973,5,0.9999721608629419
Disease,"['ScienceAndNature', 'Medicine', 'Disease']",2370,ScienceAndNature,3,0.9921661588956243,5,0.9999573457537896
Disease,"['ScienceAndNature', 'Medicine', 'Disease']",2371,ScienceAndNature,3,0.9944088311899895,5,0.999997080180093
Disease,"['ScienceAndNature', 'Medicine', 'Disease']",2372,ScienceAndNature,3,0.9900250658399549,5,0.9999257620076487
Disease,"['ScienceAndNature', 'Medicine', 'Disease']",2373,ScienceAndNature,3,0.9775515993003132,5,0.9998448305129207
Disease,"['ScienceAndNature', 'Medicine', 'Disease']",2374,ScienceAndNature,3,0.9905252901554695,5,0.9999808487460502
Disease,"['ScienceAndNature', 'Medicine', 'Disease']",2375,ScienceAndNature,3,0.9958836511336537,5,0.9999987076444878
Disease,"['ScienceAndNature', 'Medicine', 'Disease']",2376,ScienceAndNature,3,0.8320747000682747,5,0.9868049797376385
Disease,"['ScienceAndNature', 'Medicine', 'Disease']",2377,ScienceAndNature,3,0.9950921382720092,5,0.9999886315313331
Disease,"['ScienceAndNature', 'Medicine', 'Disease']",2378,ScienceAndNature,3,0.9845869396924658,5,0.9999258700805198
Disease,"['ScienceAndNature', 'Medicine', 'Disease']",2379,ScienceAndNature,3,0.9929179663757632,5,0.9999927114569289
Disease,"['ScienceAndNature', 'Medicine', 'Disease']",2380,ScienceAndNature,3,0.9924274793891051,5,0.9999729292503297
Disease,"['ScienceAndNature', 'Medicine', 'Disease']",2381,ScienceAndNature,3,0.991007200763254,5,0.9999605682625626
Disease,"['ScienceAndNature', 'Medicine', 'Disease']",2382,ScienceAndNature,3,0.8295861946618629,5,0.9869899475986538
Disease,"['ScienceAndNature', 'Medicine', 'Disease']",2383,ScienceAndNature,3,0.9884165670739091,5,0.9999706166451512
Disease,"['ScienceAndNature', 'Medicine', 'Disease']",2384,ScienceAndNature,3,0.9902282737984189,5,0.9999552331284757
Disease,"['ScienceAndNature', 'Medicine', 'Disease']",2385,ScienceAndNature,3,0.9935341517583796,5,0.9999577726813296
Disease,"['ScienceAndNature', 'Medicine', 'Disease']",2386,ScienceAndNature,3,0.996249679183056,5,0.9999986781187419
Disease,"['ScienceAndNature', 'Medicine', 'Disease']",2387,ScienceAndNature,3,0.9979315590295517,5,0.9999988649581111
Disease,"['ScienceAndNature', 'Medicine', 'Disease']",2388,ScienceAndNature,3,0.9845233151449891,5,0.9999632756224738
Disease,"['ScienceAndNature', 'Medicine', 'Disease']",2389,ScienceAndNature,3,0.9867498797599854,5,0.9998439302048711
Disease,"['ScienceAndNature', 'Medicine', 'Disease']",2390,ScienceAndNature,3,0.993103673221376,5,0.9999937276242628
Disease,"['ScienceAndNature', 'Medicine', 'Disease']",2391,ScienceAndNature,3,0.9782150449296605,5,0.9999298241866594
Disease,"['ScienceAndNature', 'Medicine', 'Disease']",2392,ScienceAndNature,3,0.9895692831931999,5,0.9999577965251416
Disease,"['ScienceAndNature', 'Medicine', 'Disease']",2393,ScienceAndNature,3,0.9962944760177225,5,0.9999977485994409
Disease,"['ScienceAndNature', 'Medicine', 'Disease']",2394,ScienceAndNature,3,0.9982546838027769,5,0.9999997301196808
Disease,"['ScienceAndNature', 'Medicine', 'Disease']",2395,ScienceAndNature,3,0.9810641794082245,5,0.9998289751495665
Disease,"['ScienceAndNature', 'Medicine', 'Disease']",2396,ScienceAndNature,3,0.9964145945192031,5,0.9999970785010592
Disease,"['ScienceAndNature', 'Medicine', 'Disease']",2397,ScienceAndNature,3,0.9926920560261998,5,0.999995611755413
Disease,"['ScienceAndNature', 'Medicine', 'Disease']",2398,ScienceAndNature,3,0.9765085458672647,5,0.9998186076822099
Disease,"['ScienceAndNature', 'Medicine', 'Disease']",2399,ScienceAndNature,3,0.9651017524242564,5,0.9997268847227697
Disease,"['ScienceAndNature', 'Medicine', 'Disease']",2400,ScienceAndNature,3,0.8856344229689224,5,0.9940985484656523
Disease,"['ScienceAndNature', 'Medicine', 'Disease']",2401,ScienceAndNature,3,0.9827689446707105,5,0.9999633062699685
Disease,"['ScienceAndNature', 'Medicine', 'Disease']",2402,ScienceAndNature,3,0.9916298366291367,5,0.9999931160539434
Disease,"['ScienceAndNature', 'Medicine', 'Disease']",2403,ScienceAndNature,3,0.9926004390633957,5,0.9999874045233459
Disease,"['ScienceAndNature', 'Medicine', 'Disease']",2404,ScienceAndNature,3,0.9767480872576111,5,0.999906529849741
Disease,"['ScienceAndNature', 'Medicine', 'Disease']",2405,ScienceAndNature,3,0.9725056678397604,5,0.9990621948177966
Disease,"['ScienceAndNature', 'Medicine', 'Disease']",2406,ScienceAndNature,3,0.991422507971965,5,0.9999883480808226
Disease,"['ScienceAndNature', 'Medicine', 'Disease']",2407,ScienceAndNature,3,0.8724621371140385,5,0.9904028740126097
Disease,"['ScienceAndNature', 'Medicine', 'Disease']",2408,ScienceAndNature,3,0.9903885689274212,5,0.9999941782912785
Disease,"['ScienceAndNature', 'Medicine', 'Disease']",2409,ScienceAndNature,3,0.9389613486150636,5,0.9992653868481605
Disease,"['ScienceAndNature', 'Medicine', 'Disease']",2410,ScienceAndNature,3,0.919814009399745,5,0.998756896787732
Disease,"['ScienceAndNature', 'Medicine', 'Disease']",2411,ScienceAndNature,3,0.9797043936068754,5,0.9999340316987954
Disease,"['ScienceAndNature', 'Medicine', 'Disease']",2412,ScienceAndNature,3,0.976827369896133,5,0.9998901431561565
Disease,"['ScienceAndNature', 'Medicine', 'Disease']",2413,ScienceAndNature,3,0.9910941131296435,5,0.9999871330320184
Disease,"['ScienceAndNature', 'Medicine', 'Disease']",2414,ScienceAndNature,3,0.9842224164527746,5,0.9999688669021154
Disease,"['ScienceAndNature', 'Medicine', 'Disease']",2415,ScienceAndNature,3,0.9963855731635335,5,0.9999985942278844
Disease,"['ScienceAndNature', 'Medicine', 'Disease']",2416,ScienceAndNature,3,0.9952316461229787,5,0.9999885576653854
Disease,"['ScienceAndNature', 'Medicine', 'Disease']",2417,ScienceAndNature,3,0.965633749453759,5,0.9998259315727788
Disease,"['ScienceAndNature', 'Medicine', 'Disease']",2418,ScienceAndNature,3,0.980807802403103,5,0.9999130237124954
Disease,"['ScienceAndNature', 'Medicine', 'Disease']",2419,ScienceAndNature,3,0.9911284795498375,5,0.9999906643510961
Disease,"['ScienceAndNature', 'Medicine', 'Disease']",2420,ScienceAndNature,3,0.996739905778745,5,0.9999973326640816
Disease,"['ScienceAndNature', 'Medicine', 'Disease']",2421,ScienceAndNature,3,0.9888099046284567,5,0.9999770878125019
Disease,"['ScienceAndNature', 'Medicine', 'Disease']",2422,ScienceAndNature,3,0.9857813042649741,5,0.9999620968515203
Disease,"['ScienceAndNature', 'Medicine', 'Disease']",2423,ScienceAndNature,3,0.9957093072049042,5,0.999986024100754
Disease,"['ScienceAndNature', 'Medicine', 'Disease']",2424,ScienceAndNature,3,0.9902728908324706,5,0.9999856367226987
Disease,"['ScienceAndNature', 'Medicine', 'Disease']",2425,ScienceAndNature,3,0.9801308006582953,5,0.999907134001845
Disease,"['ScienceAndNature', 'Medicine', 'Disease']",2426,ScienceAndNature,3,0.9514060115533813,5,0.9991859336375648
Disease,"['ScienceAndNature', 'Medicine', 'Disease']",2427,ScienceAndNature,3,0.9991469028131557,5,0.9999999511777745
Disease,"['ScienceAndNature', 'Medicine', 'Disease']",2428,ScienceAndNature,3,0.9518168945328002,5,0.9992646185529986
Disease,"['ScienceAndNature', 'Medicine', 'Disease']",2429,ScienceAndNature,3,0.9926072165092726,5,0.999982747404131
Disease,"['ScienceAndNature', 'Medicine', 'Disease']",2430,ScienceAndNature,3,0.9952573505113914,5,0.9999958345558071
Disease,"['ScienceAndNature', 'Medicine', 'Disease']",2431,ScienceAndNature,3,0.9796608357883618,5,0.9997551794897711
Disease,"['ScienceAndNature', 'Medicine', 'Disease']",2432,ScienceAndNature,3,0.9934273773133961,5,0.9999954798571612
Disease,"['ScienceAndNature', 'Medicine', 'Disease']",2433,ScienceAndNature,3,0.9706738385194897,5,0.9996976971988957
Disease,"['ScienceAndNature', 'Medicine', 'Disease']",2434,ScienceAndNature,3,0.9759828018233634,5,0.9996352113859412
Disease,"['ScienceAndNature', 'Medicine', 'Disease']",2435,ScienceAndNature,3,0.9845783226298331,5,0.999901538382986
Disease,"['ScienceAndNature', 'Medicine', 'Disease']",2436,ScienceAndNature,3,0.9906904853965556,5,0.9999783354096073
Disease,"['ScienceAndNature', 'Medicine', 'Disease']",2437,ScienceAndNature,3,0.90642757361156,5,0.9969059532646735
Disease,"['ScienceAndNature', 'Medicine', 'Disease']",2438,ScienceAndNature,3,0.9939860948424843,5,0.9999981057829843
Disease,"['ScienceAndNature', 'Medicine', 'Disease']",2439,ScienceAndNature,3,0.9814807917974724,5,0.9997845892750359
Disease,"['ScienceAndNature', 'Medicine', 'Disease']",2440,ScienceAndNature,3,0.9421387354040028,5,0.9979331296514831
Disease,"['ScienceAndNature', 'Medicine', 'Disease']",2441,ScienceAndNature,3,0.9811468728983241,5,0.9998749449164783
Disease,"['ScienceAndNature', 'Medicine', 'Disease']",2442,ScienceAndNature,3,0.9937341986235668,5,0.9999950222341166
Disease,"['ScienceAndNature', 'Medicine', 'Disease']",2443,ScienceAndNature,3,0.9922254022186403,5,0.9999817951879181
Disease,"['ScienceAndNature', 'Medicine', 'Disease']",2444,ScienceAndNature,3,0.9845612018251577,5,0.9999245941091609
Disease,"['ScienceAndNature', 'Medicine', 'Disease']",2445,ScienceAndNature,3,0.9558129949289224,5,0.9992830700889153
Disease,"['ScienceAndNature', 'Medicine', 'Disease']",2446,ScienceAndNature,3,0.9962722629589892,5,0.9999984597811675
Disease,"['ScienceAndNature', 'Medicine', 'Disease']",2447,ScienceAndNature,3,0.9337507803303219,5,0.9986178646890647
Disease,"['ScienceAndNature', 'Medicine', 'Disease']",2448,ScienceAndNature,3,0.9931036885753529,5,0.9999775658505646
Disease,"['ScienceAndNature', 'Medicine', 'Disease']",2449,ScienceAndNature,3,0.979974171541938,5,0.9999086674891577
Disease,"['ScienceAndNature', 'Medicine', 'Disease']",2450,ScienceAndNature,3,0.9894713512415109,5,0.9999602353273268
Disease,"['ScienceAndNature', 'Medicine', 'Disease']",2451,ScienceAndNature,3,0.9489349271573431,5,0.9990877924189109
Disease,"['ScienceAndNature', 'Medicine', 'Disease']",2452,ScienceAndNature,3,0.9457761914604802,5,0.9992183269182676
Disease,"['ScienceAndNature', 'Medicine', 'Disease']",2453,ScienceAndNature,3,0.9767197467900761,5,0.9998367281567804
Disease,"['ScienceAndNature', 'Medicine', 'Disease']",2454,ScienceAndNature,3,0.9991467896125646,5,0.9999999604475351
Disease,"['ScienceAndNature', 'Medicine', 'Disease']",2455,ScienceAndNature,3,0.9844485149083249,5,0.9999670485157768
Disease,"['ScienceAndNature', 'Medicine', 'Disease']",2456,ScienceAndNature,3,0.9929194196232866,5,0.9999956005437826
Disease,"['ScienceAndNature', 'Medicine', 'Disease']",2457,ScienceAndNature,3,0.9157738457577845,5,0.9979016065591605
Disease,"['ScienceAndNature', 'Medicine', 'Disease']",2458,ScienceAndNature,3,0.9801394393110189,5,0.9999189976608153
Disease,"['ScienceAndNature', 'Medicine', 'Disease']",2459,ScienceAndNature,3,0.984129672521987,5,0.9999475390392258
Disease,"['ScienceAndNature', 'Medicine', 'Disease']",2460,ScienceAndNature,3,0.9828981335769024,5,0.9999585737281634
Disease,"['ScienceAndNature', 'Medicine', 'Disease']",2461,ScienceAndNature,3,0.9973860715668172,5,0.9999994945915777
Disease,"['ScienceAndNature', 'Medicine', 'Disease']",2462,ScienceAndNature,3,0.9948239308713887,5,0.9999912024630669
Disease,"['ScienceAndNature', 'Medicine', 'Disease']",2463,ScienceAndNature,3,0.987178654197664,5,0.9999745402817086
Disease,"['ScienceAndNature', 'Medicine', 'Disease']",2464,ScienceAndNature,3,0.8734021795233142,5,0.9880142506239423
Disease,"['ScienceAndNature', 'Medicine', 'Disease']",2465,ScienceAndNature,3,0.9928682529865775,5,0.9999897549450154
Disease,"['ScienceAndNature', 'Medicine', 'Disease']",2466,ScienceAndNature,3,0.9829399553042321,5,0.999912350571547
Disease,"['ScienceAndNature', 'Medicine', 'Disease']",2467,ScienceAndNature,3,0.9860457270119914,5,0.999930881801079
Disease,"['ScienceAndNature', 'Medicine', 'Disease']",2468,ScienceAndNature,3,0.9810417058968827,5,0.9999608395554652
Disease,"['ScienceAndNature', 'Medicine', 'Disease']",2469,ScienceAndNature,3,0.9940974938408318,5,0.9999911528718876
Disease,"['ScienceAndNature', 'Medicine', 'Disease']",2470,ScienceAndNature,3,0.9809140726484923,5,0.9999594359565114
Disease,"['ScienceAndNature', 'Medicine', 'Disease']",2471,ScienceAndNature,3,0.9947012392312501,5,0.9999897981285402
Disease,"['ScienceAndNature', 'Medicine', 'Disease']",2472,ScienceAndNature,3,0.9352231905964596,5,0.9985946053838693
Disease,"['ScienceAndNature', 'Medicine', 'Disease']",2473,ScienceAndNature,3,0.9853989711194221,5,0.9999675649992602
Disease,"['ScienceAndNature', 'Medicine', 'Disease']",2474,ScienceAndNature,3,0.9661573459372051,5,0.9990987382658202
Disease,"['ScienceAndNature', 'Medicine', 'Disease']",2475,ScienceAndNature,3,0.9607721257487091,5,0.9997296285586809
Disease,"['ScienceAndNature', 'Medicine', 'Disease']",2476,ScienceAndNature,3,0.9684918689952372,5,0.9998225829166222
Disease,"['ScienceAndNature', 'Medicine', 'Disease']",2477,ScienceAndNature,3,0.9959849260620793,5,0.9999976224004985
Disease,"['ScienceAndNature', 'Medicine', 'Disease']",2478,ScienceAndNature,3,0.9684194501563695,5,0.9997996540706054
Disease,"['ScienceAndNature', 'Medicine', 'Disease']",2479,ScienceAndNature,3,0.987923052052121,5,0.9999873070442156
Disease,"['ScienceAndNature', 'Medicine', 'Disease']",2480,ScienceAndNature,3,0.9939305240244722,5,0.9999961394213697
Disease,"['ScienceAndNature', 'Medicine', 'Disease']",2481,ScienceAndNature,3,0.9956012327385,5,0.9999979273747682
Disease,"['ScienceAndNature', 'Medicine', 'Disease']",2482,ScienceAndNature,3,0.9749570137789579,5,0.9999066157613761
Disease,"['ScienceAndNature', 'Medicine', 'Disease']",2483,ScienceAndNature,3,0.9813029978976703,5,0.9999597391615483
Disease,"['ScienceAndNature', 'Medicine', 'Disease']",2484,ScienceAndNature,3,0.9856124633593658,5,0.9999279770907198
Disease,"['ScienceAndNature', 'Medicine', 'Disease']",2485,ScienceAndNature,3,0.9435009970361399,5,0.9989065375981636
Disease,"['ScienceAndNature', 'Medicine', 'Disease']",2486,ScienceAndNature,3,0.987899890444273,5,0.9999829898326582
Disease,"['ScienceAndNature', 'Medicine', 'Disease']",2487,ScienceAndNature,3,0.9742540439676006,5,0.9998364001289268
Disease,"['ScienceAndNature', 'Medicine', 'Disease']",2488,ScienceAndNature,3,0.9783089852565163,5,0.9999177116898104
Disease,"['ScienceAndNature', 'Medicine', 'Disease']",2489,ScienceAndNature,3,0.9973971938620078,5,0.999998289915908
Disease,"['ScienceAndNature', 'Medicine', 'Disease']",2490,ScienceAndNature,3,0.9799236146637722,5,0.9998832451314489
Disease,"['ScienceAndNature', 'Medicine', 'Disease']",2491,ScienceAndNature,3,0.9792664299699734,5,0.9998965947857643
Disease,"['ScienceAndNature', 'Medicine', 'Disease']",2492,ScienceAndNature,3,0.8657858231826594,5,0.9935732455122788
Disease,"['ScienceAndNature', 'Medicine', 'Disease']",2493,ScienceAndNature,3,0.9958938644315757,5,0.9999984816972014
Disease,"['ScienceAndNature', 'Medicine', 'Disease']",2494,ScienceAndNature,3,0.9737181684017846,5,0.9999066759425168
Disease,"['ScienceAndNature', 'Medicine', 'Disease']",2495,ScienceAndNature,3,0.9956366325659712,5,0.9999985067784577
Disease,"['ScienceAndNature', 'Medicine', 'Disease']",2496,ScienceAndNature,3,0.9676447596111746,5,0.9998332034410329
Disease,"['ScienceAndNature', 'Medicine', 'Disease']",2497,ScienceAndNature,3,0.9761996097093399,5,0.9997759652783336
Disease,"['ScienceAndNature', 'Medicine', 'Disease']",2498,ScienceAndNature,3,0.9858550609659976,5,0.9999586104733658
Disease,"['ScienceAndNature', 'Medicine', 'Disease']",2499,ScienceAndNature,3,0.9950881273285676,5,0.9999972489898231
MilitaryConflict,"['EventsAndTransport', 'Conflicts', 'MilitaryConflict']",2500,EventsAndTransport,4,0.9973273581634814,2,0.9999988762062134
MilitaryConflict,"['EventsAndTransport', 'Conflicts', 'MilitaryConflict']",2501,EventsAndTransport,4,0.99621819546282,2,0.9999981266835026
MilitaryConflict,"['EventsAndTransport', 'Conflicts', 'MilitaryConflict']",2502,EventsAndTransport,4,0.9946600827779051,2,0.9999956084543972
MilitaryConflict,"['EventsAndTransport', 'Conflicts', 'MilitaryConflict']",2503,EventsAndTransport,4,0.9970844206556946,2,0.9999990422233508
MilitaryConflict,"['EventsAndTransport', 'Conflicts', 'MilitaryConflict']",2504,EventsAndTransport,4,0.9994248725398291,2,0.9999998728940833
MilitaryConflict,"['EventsAndTransport', 'Conflicts', 'MilitaryConflict']",2505,EventsAndTransport,4,0.9936196863583083,2,0.9999921567402335
MilitaryConflict,"['EventsAndTransport', 'Conflicts', 'MilitaryConflict']",2506,EventsAndTransport,4,0.9995055491143072,2,0.999999955139488
MilitaryConflict,"['EventsAndTransport', 'Conflicts', 'MilitaryConflict']",2507,EventsAndTransport,4,0.9935796121923457,2,0.9999887873955617
MilitaryConflict,"['EventsAndTransport', 'Conflicts', 'MilitaryConflict']",2508,EventsAndTransport,4,0.9837491592788123,2,0.9998577366302814
MilitaryConflict,"['EventsAndTransport', 'Conflicts', 'MilitaryConflict']",2509,EventsAndTransport,4,0.998943825760087,2,0.9999998847647005
MilitaryConflict,"['EventsAndTransport', 'Conflicts', 'MilitaryConflict']",2510,EventsAndTransport,4,0.9984916733576061,2,0.9999997907893261
MilitaryConflict,"['EventsAndTransport', 'Conflicts', 'MilitaryConflict']",2511,EventsAndTransport,4,0.9974072876233576,2,0.9999989153124874
MilitaryConflict,"['EventsAndTransport', 'Conflicts', 'MilitaryConflict']",2512,EventsAndTransport,4,0.9997889482346619,2,0.9999999960126207
MilitaryConflict,"['EventsAndTransport', 'Conflicts', 'MilitaryConflict']",2513,EventsAndTransport,4,0.997680243555764,2,0.9999994598741331
MilitaryConflict,"['EventsAndTransport', 'Conflicts', 'MilitaryConflict']",2514,EventsAndTransport,4,0.9992353979159025,2,0.9999999261412224
MilitaryConflict,"['EventsAndTransport', 'Conflicts', 'MilitaryConflict']",2515,EventsAndTransport,4,0.5903027556941298,2,0.8416109396751181
MilitaryConflict,"['EventsAndTransport', 'Conflicts', 'MilitaryConflict']",2516,EventsAndTransport,4,0.9985349882840691,2,0.9999997665621462
MilitaryConflict,"['EventsAndTransport', 'Conflicts', 'MilitaryConflict']",2517,EventsAndTransport,4,0.9994570331104116,2,0.9999999775946152
MilitaryConflict,"['EventsAndTransport', 'Conflicts', 'MilitaryConflict']",2518,EventsAndTransport,4,0.9994304416152708,2,0.9999999564091032
MilitaryConflict,"['EventsAndTransport', 'Conflicts', 'MilitaryConflict']",2519,EventsAndTransport,4,0.9987324315138257,2,0.9999997733466556
MilitaryConflict,"['EventsAndTransport', 'Conflicts', 'MilitaryConflict']",2520,EventsAndTransport,4,0.9989678002760678,2,0.9999998819395457
MilitaryConflict,"['EventsAndTransport', 'Conflicts', 'MilitaryConflict']",2521,EventsAndTransport,4,0.9787234575888091,2,0.9998363326356142
MilitaryConflict,"['EventsAndTransport', 'Conflicts', 'MilitaryConflict']",2522,EventsAndTransport,4,0.9989066720402464,2,0.9999997775513971
MilitaryConflict,"['EventsAndTransport', 'Conflicts', 'MilitaryConflict']",2523,EventsAndTransport,4,0.9994269843053306,2,0.9999999612564017
MilitaryConflict,"['EventsAndTransport', 'Conflicts', 'MilitaryConflict']",2524,EventsAndTransport,4,0.99373673692273,2,0.999992535648949
MilitaryConflict,"['EventsAndTransport', 'Conflicts', 'MilitaryConflict']",2525,EventsAndTransport,4,0.9670190902879673,2,0.9997297186953928
MilitaryConflict,"['EventsAndTransport', 'Conflicts', 'MilitaryConflict']",2526,EventsAndTransport,4,0.9990548714743812,2,0.9999996188738494
MilitaryConflict,"['EventsAndTransport', 'Conflicts', 'MilitaryConflict']",2527,EventsAndTransport,4,0.9999430983230791,2,0.999999999381513
MilitaryConflict,"['EventsAndTransport', 'Conflicts', 'MilitaryConflict']",2528,EventsAndTransport,4,0.9927427523167559,2,0.9999798899164951
MilitaryConflict,"['EventsAndTransport', 'Conflicts', 'MilitaryConflict']",2529,EventsAndTransport,4,0.9891518944975226,2,0.9999857354366902
MilitaryConflict,"['EventsAndTransport', 'Conflicts', 'MilitaryConflict']",2530,EventsAndTransport,4,0.9993953658351202,2,0.999999973017644
MilitaryConflict,"['EventsAndTransport', 'Conflicts', 'MilitaryConflict']",2531,EventsAndTransport,4,0.8216592424797043,2,0.9892108630508774
MilitaryConflict,"['EventsAndTransport', 'Conflicts', 'MilitaryConflict']",2532,EventsAndTransport,4,0.9996685003262245,2,0.9999999909909597
MilitaryConflict,"['EventsAndTransport', 'Conflicts', 'MilitaryConflict']",2533,EventsAndTransport,4,0.994542557077855,2,0.9999903793533718
MilitaryConflict,"['EventsAndTransport', 'Conflicts', 'MilitaryConflict']",2534,EventsAndTransport,4,0.9664149413463519,2,0.99974299059096
MilitaryConflict,"['EventsAndTransport', 'Conflicts', 'MilitaryConflict']",2535,EventsAndTransport,4,0.9992625461473319,2,0.999999895951116
MilitaryConflict,"['EventsAndTransport', 'Conflicts', 'MilitaryConflict']",2536,EventsAndTransport,4,0.9962611848603641,2,0.9999983809544081
MilitaryConflict,"['EventsAndTransport', 'Conflicts', 'MilitaryConflict']",2537,EventsAndTransport,4,0.9999042019859943,2,0.9999999993885447
MilitaryConflict,"['EventsAndTransport', 'Conflicts', 'MilitaryConflict']",2538,EventsAndTransport,4,0.9983607646386706,2,0.9999993530573175
MilitaryConflict,"['EventsAndTransport', 'Conflicts', 'MilitaryConflict']",2539,EventsAndTransport,4,0.9998173207942933,2,0.9999999977525973
MilitaryConflict,"['EventsAndTransport', 'Conflicts', 'MilitaryConflict']",2540,EventsAndTransport,4,0.996964326699773,2,0.9999972532515389
MilitaryConflict,"['EventsAndTransport', 'Conflicts', 'MilitaryConflict']",2541,EventsAndTransport,4,0.999581988898183,2,0.9999999571255024
MilitaryConflict,"['EventsAndTransport', 'Conflicts', 'MilitaryConflict']",2542,EventsAndTransport,4,0.680925286360927,2,0.867741501377978
MilitaryConflict,"['EventsAndTransport', 'Conflicts', 'MilitaryConflict']",2543,EventsAndTransport,4,0.9989307102320075,2,0.9999998967436361
MilitaryConflict,"['EventsAndTransport', 'Conflicts', 'MilitaryConflict']",2544,EventsAndTransport,4,0.9768840994180303,2,0.9998331091841542
MilitaryConflict,"['EventsAndTransport', 'Conflicts', 'MilitaryConflict']",2545,EventsAndTransport,4,0.9923637087374769,2,0.9999908293856763
MilitaryConflict,"['EventsAndTransport', 'Conflicts', 'MilitaryConflict']",2546,EventsAndTransport,4,0.99154555438549,2,0.9999843487671392
MilitaryConflict,"['EventsAndTransport', 'Conflicts', 'MilitaryConflict']",2547,EventsAndTransport,4,0.9935378237893244,2,0.9999917526221711
MilitaryConflict,"['EventsAndTransport', 'Conflicts', 'MilitaryConflict']",2548,EventsAndTransport,4,0.9989578813901014,2,0.9999998130249607
MilitaryConflict,"['EventsAndTransport', 'Conflicts', 'MilitaryConflict']",2549,EventsAndTransport,4,0.999911338016758,2,0.9999999982111478
MilitaryConflict,"['EventsAndTransport', 'Conflicts', 'MilitaryConflict']",2550,EventsAndTransport,4,0.9941543086157594,2,0.9999903905467106
MilitaryConflict,"['EventsAndTransport', 'Conflicts', 'MilitaryConflict']",2551,EventsAndTransport,4,0.9902468533614349,2,0.999974915103802
MilitaryConflict,"['EventsAndTransport', 'Conflicts', 'MilitaryConflict']",2552,EventsAndTransport,4,0.9989429773519931,2,0.9999999341574498
MilitaryConflict,"['EventsAndTransport', 'Conflicts', 'MilitaryConflict']",2553,EventsAndTransport,4,0.9968819708149792,2,0.9999964895925164
MilitaryConflict,"['EventsAndTransport', 'Conflicts', 'MilitaryConflict']",2554,EventsAndTransport,4,0.9971539633951025,2,0.9999985593923294
MilitaryConflict,"['EventsAndTransport', 'Conflicts', 'MilitaryConflict']",2555,EventsAndTransport,4,0.9874920772976447,2,0.9999618208099164
MilitaryConflict,"['EventsAndTransport', 'Conflicts', 'MilitaryConflict']",2556,EventsAndTransport,4,0.9977824668740285,2,0.9999992130935061
MilitaryConflict,"['EventsAndTransport', 'Conflicts', 'MilitaryConflict']",2557,EventsAndTransport,4,0.9898055446525221,2,0.9999249368733746
MilitaryConflict,"['EventsAndTransport', 'Conflicts', 'MilitaryConflict']",2558,EventsAndTransport,4,0.9951650483415444,2,0.9999966527557745
MilitaryConflict,"['EventsAndTransport', 'Conflicts', 'MilitaryConflict']",2559,EventsAndTransport,4,0.9995393662302002,2,0.999999983167715
MilitaryConflict,"['EventsAndTransport', 'Conflicts', 'MilitaryConflict']",2560,EventsAndTransport,4,0.9982907433800281,2,0.9999996048822704
MilitaryConflict,"['EventsAndTransport', 'Conflicts', 'MilitaryConflict']",2561,EventsAndTransport,4,0.9993586013458933,2,0.9999998532519447
MilitaryConflict,"['EventsAndTransport', 'Conflicts', 'MilitaryConflict']",2562,EventsAndTransport,4,0.9980658128082002,2,0.999999468079106
MilitaryConflict,"['EventsAndTransport', 'Conflicts', 'MilitaryConflict']",2563,EventsAndTransport,4,0.9977954548721205,2,0.9999991640306823
MilitaryConflict,"['EventsAndTransport', 'Conflicts', 'MilitaryConflict']",2564,EventsAndTransport,4,0.9941208081237947,2,0.9999908590513155
MilitaryConflict,"['EventsAndTransport', 'Conflicts', 'MilitaryConflict']",2565,EventsAndTransport,4,0.9982185145694988,2,0.999999682813637
MilitaryConflict,"['EventsAndTransport', 'Conflicts', 'MilitaryConflict']",2566,EventsAndTransport,4,0.9999884494458793,2,0.9999999999953442
MilitaryConflict,"['EventsAndTransport', 'Conflicts', 'MilitaryConflict']",2567,EventsAndTransport,4,0.9979942282353697,2,0.9999986537907004
MilitaryConflict,"['EventsAndTransport', 'Conflicts', 'MilitaryConflict']",2568,EventsAndTransport,4,0.9979060238507909,2,0.9999994922794828
MilitaryConflict,"['EventsAndTransport', 'Conflicts', 'MilitaryConflict']",2569,EventsAndTransport,4,0.9997911803180263,2,0.9999999973709981
MilitaryConflict,"['EventsAndTransport', 'Conflicts', 'MilitaryConflict']",2570,EventsAndTransport,4,0.9983023968213297,2,0.9999996676727289
MilitaryConflict,"['EventsAndTransport', 'Conflicts', 'MilitaryConflict']",2571,EventsAndTransport,4,0.9987676249249211,2,0.9999998592781365
MilitaryConflict,"['EventsAndTransport', 'Conflicts', 'MilitaryConflict']",2572,EventsAndTransport,4,0.7275355544196724,2,0.9220571506990208
MilitaryConflict,"['EventsAndTransport', 'Conflicts', 'MilitaryConflict']",2573,EventsAndTransport,4,0.998770030959805,2,0.9999995849955113
MilitaryConflict,"['EventsAndTransport', 'Conflicts', 'MilitaryConflict']",2574,EventsAndTransport,4,0.9977155744665563,2,0.9999991220348142
MilitaryConflict,"['EventsAndTransport', 'Conflicts', 'MilitaryConflict']",2575,EventsAndTransport,4,0.9975715211799796,2,0.9999990122267675
MilitaryConflict,"['EventsAndTransport', 'Conflicts', 'MilitaryConflict']",2576,EventsAndTransport,4,0.9991755119119649,2,0.999999917361434
MilitaryConflict,"['EventsAndTransport', 'Conflicts', 'MilitaryConflict']",2577,EventsAndTransport,4,0.971345338442353,2,0.9997160115884502
MilitaryConflict,"['EventsAndTransport', 'Conflicts', 'MilitaryConflict']",2578,EventsAndTransport,4,0.9985920256459158,2,0.9999997944385065
MilitaryConflict,"['EventsAndTransport', 'Conflicts', 'MilitaryConflict']",2579,EventsAndTransport,4,0.9991973058586182,2,0.9999998614832989
MilitaryConflict,"['EventsAndTransport', 'Conflicts', 'MilitaryConflict']",2580,EventsAndTransport,4,0.9998733578109417,2,0.9999999974796201
MilitaryConflict,"['EventsAndTransport', 'Conflicts', 'MilitaryConflict']",2581,EventsAndTransport,4,0.9990834097175608,2,0.9999998185714056
MilitaryConflict,"['EventsAndTransport', 'Conflicts', 'MilitaryConflict']",2582,EventsAndTransport,4,0.9970334634975301,2,0.999997450909702
MilitaryConflict,"['EventsAndTransport', 'Conflicts', 'MilitaryConflict']",2583,EventsAndTransport,4,0.9684990890099272,2,0.999525813648101
MilitaryConflict,"['EventsAndTransport', 'Conflicts', 'MilitaryConflict']",2584,EventsAndTransport,4,0.9977165755372912,2,0.9999992722348797
MilitaryConflict,"['EventsAndTransport', 'Conflicts', 'MilitaryConflict']",2585,EventsAndTransport,4,0.9996322429268762,2,0.9999999827765361
MilitaryConflict,"['EventsAndTransport', 'Conflicts', 'MilitaryConflict']",2586,EventsAndTransport,4,0.9977409746295355,2,0.9999991804954057
MilitaryConflict,"['EventsAndTransport', 'Conflicts', 'MilitaryConflict']",2587,EventsAndTransport,4,0.9954754383832399,2,0.9999955061343904
MilitaryConflict,"['EventsAndTransport', 'Conflicts', 'MilitaryConflict']",2588,EventsAndTransport,4,0.9939856258432986,2,0.9999942067239125
MilitaryConflict,"['EventsAndTransport', 'Conflicts', 'MilitaryConflict']",2589,EventsAndTransport,4,0.9993275549745769,2,0.9999999671606656
MilitaryConflict,"['EventsAndTransport', 'Conflicts', 'MilitaryConflict']",2590,EventsAndTransport,4,0.9896305518156288,2,0.9999753152300915
MilitaryConflict,"['EventsAndTransport', 'Conflicts', 'MilitaryConflict']",2591,EventsAndTransport,4,0.9988316695920944,2,0.9999995928951145
MilitaryConflict,"['EventsAndTransport', 'Conflicts', 'MilitaryConflict']",2592,EventsAndTransport,4,0.9991142913816284,2,0.9999999292230582
MilitaryConflict,"['EventsAndTransport', 'Conflicts', 'MilitaryConflict']",2593,EventsAndTransport,4,0.9943163629929913,2,0.9999952410486003
MilitaryConflict,"['EventsAndTransport', 'Conflicts', 'MilitaryConflict']",2594,EventsAndTransport,4,0.9987490315041752,2,0.9999998513740352
MilitaryConflict,"['EventsAndTransport', 'Conflicts', 'MilitaryConflict']",2595,EventsAndTransport,4,0.9952102436591184,2,0.9999930391661757
MilitaryConflict,"['EventsAndTransport', 'Conflicts', 'MilitaryConflict']",2596,EventsAndTransport,4,0.9976094305390174,2,0.9999992145387252
MilitaryConflict,"['EventsAndTransport', 'Conflicts', 'MilitaryConflict']",2597,EventsAndTransport,4,0.9922079243151076,2,0.9999782642709668
MilitaryConflict,"['EventsAndTransport', 'Conflicts', 'MilitaryConflict']",2598,EventsAndTransport,4,0.9988981075658494,2,0.9999997734704933
MilitaryConflict,"['EventsAndTransport', 'Conflicts', 'MilitaryConflict']",2599,EventsAndTransport,4,0.9988603918790462,2,0.9999998225213331
MilitaryConflict,"['EventsAndTransport', 'Conflicts', 'MilitaryConflict']",2600,EventsAndTransport,4,0.9908919379320107,2,0.9999662898901203
MilitaryConflict,"['EventsAndTransport', 'Conflicts', 'MilitaryConflict']",2601,EventsAndTransport,4,0.9992167135117657,2,0.9999999111135812
MilitaryConflict,"['EventsAndTransport', 'Conflicts', 'MilitaryConflict']",2602,EventsAndTransport,4,0.9965514846129465,2,0.9999985109844158
MilitaryConflict,"['EventsAndTransport', 'Conflicts', 'MilitaryConflict']",2603,EventsAndTransport,4,0.9993429908327124,2,0.9999999402520492
MilitaryConflict,"['EventsAndTransport', 'Conflicts', 'MilitaryConflict']",2604,EventsAndTransport,4,0.9992708257298925,2,0.9999999607160337
MilitaryConflict,"['EventsAndTransport', 'Conflicts', 'MilitaryConflict']",2605,EventsAndTransport,4,0.9984349574461178,2,0.9999994986223069
MilitaryConflict,"['EventsAndTransport', 'Conflicts', 'MilitaryConflict']",2606,EventsAndTransport,4,0.9981240938624177,2,0.9999996427040325
MilitaryConflict,"['EventsAndTransport', 'Conflicts', 'MilitaryConflict']",2607,EventsAndTransport,4,0.9919524375575949,2,0.9999847501075295
MilitaryConflict,"['EventsAndTransport', 'Conflicts', 'MilitaryConflict']",2608,EventsAndTransport,4,0.9989116294680995,2,0.9999996949942551
MilitaryConflict,"['EventsAndTransport', 'Conflicts', 'MilitaryConflict']",2609,EventsAndTransport,4,0.998397997472913,2,0.9999989817317984
MilitaryConflict,"['EventsAndTransport', 'Conflicts', 'MilitaryConflict']",2610,EventsAndTransport,4,0.9979119287097964,2,0.9999993748622873
MilitaryConflict,"['EventsAndTransport', 'Conflicts', 'MilitaryConflict']",2611,EventsAndTransport,4,0.9990282087315726,2,0.9999998310142809
MilitaryConflict,"['EventsAndTransport', 'Conflicts', 'MilitaryConflict']",2612,EventsAndTransport,4,0.9935116886677141,2,0.9999918047891001
MilitaryConflict,"['EventsAndTransport', 'Conflicts', 'MilitaryConflict']",2613,EventsAndTransport,4,0.9957217997906314,2,0.9999914190344611
MilitaryConflict,"['EventsAndTransport', 'Conflicts', 'MilitaryConflict']",2614,EventsAndTransport,4,0.9989534995017086,2,0.9999998904800707
MilitaryConflict,"['EventsAndTransport', 'Conflicts', 'MilitaryConflict']",2615,EventsAndTransport,4,0.9897748524461076,2,0.9999865608980477
MilitaryConflict,"['EventsAndTransport', 'Conflicts', 'MilitaryConflict']",2616,EventsAndTransport,4,0.9998719431516356,2,0.9999999977296512
MilitaryConflict,"['EventsAndTransport', 'Conflicts', 'MilitaryConflict']",2617,EventsAndTransport,4,0.9873323285152802,2,0.9999754264872097
MilitaryConflict,"['EventsAndTransport', 'Conflicts', 'MilitaryConflict']",2618,EventsAndTransport,4,0.999977402119919,2,0.9999999999770177
MilitaryConflict,"['EventsAndTransport', 'Conflicts', 'MilitaryConflict']",2619,EventsAndTransport,4,0.9257483705203003,2,0.9920875931067312
MilitaryConflict,"['EventsAndTransport', 'Conflicts', 'MilitaryConflict']",2620,EventsAndTransport,4,0.9957102479803803,2,0.9999974727617523
MilitaryConflict,"['EventsAndTransport', 'Conflicts', 'MilitaryConflict']",2621,EventsAndTransport,4,0.999896962295336,2,0.9999999988587573
MilitaryConflict,"['EventsAndTransport', 'Conflicts', 'MilitaryConflict']",2622,EventsAndTransport,4,0.9973772389096188,2,0.9999963648361588
MilitaryConflict,"['EventsAndTransport', 'Conflicts', 'MilitaryConflict']",2623,EventsAndTransport,4,0.9918566783968218,2,0.9999622553225468
MilitaryConflict,"['EventsAndTransport', 'Conflicts', 'MilitaryConflict']",2624,EventsAndTransport,4,0.9916837074040405,2,0.9999843442409468
MilitaryConflict,"['EventsAndTransport', 'Conflicts', 'MilitaryConflict']",2625,EventsAndTransport,4,0.9933737779348633,2,0.9999951407921652
MilitaryConflict,"['EventsAndTransport', 'Conflicts', 'MilitaryConflict']",2626,EventsAndTransport,4,0.9963164511956862,2,0.9999974662253075
MilitaryConflict,"['EventsAndTransport', 'Conflicts', 'MilitaryConflict']",2627,EventsAndTransport,4,0.9983009997000873,2,0.9999993393832546
MilitaryConflict,"['EventsAndTransport', 'Conflicts', 'MilitaryConflict']",2628,EventsAndTransport,4,0.9977667615425654,2,0.99999935709436
MilitaryConflict,"['EventsAndTransport', 'Conflicts', 'MilitaryConflict']",2629,EventsAndTransport,4,0.9997097448910355,2,0.9999999926489911
MilitaryConflict,"['EventsAndTransport', 'Conflicts', 'MilitaryConflict']",2630,EventsAndTransport,4,0.9986059472292401,2,0.9999996893214221
MilitaryConflict,"['EventsAndTransport', 'Conflicts', 'MilitaryConflict']",2631,EventsAndTransport,4,0.9959290155886846,2,0.9999952830269121
MilitaryConflict,"['EventsAndTransport', 'Conflicts', 'MilitaryConflict']",2632,EventsAndTransport,4,0.9878262079773298,2,0.999933493316165
MilitaryConflict,"['EventsAndTransport', 'Conflicts', 'MilitaryConflict']",2633,EventsAndTransport,4,0.997907653338948,2,0.9999996325271783
MilitaryConflict,"['EventsAndTransport', 'Conflicts', 'MilitaryConflict']",2634,EventsAndTransport,4,0.9881429643279137,2,0.9999315442509901
MilitaryConflict,"['EventsAndTransport', 'Conflicts', 'MilitaryConflict']",2635,EventsAndTransport,4,0.9860757630131561,2,0.9999568789257394
MilitaryConflict,"['EventsAndTransport', 'Conflicts', 'MilitaryConflict']",2636,EventsAndTransport,4,0.9977854072136483,2,0.9999994095356182
MilitaryConflict,"['EventsAndTransport', 'Conflicts', 'MilitaryConflict']",2637,EventsAndTransport,4,0.9986404816141048,2,0.9999998643791874
MilitaryConflict,"['EventsAndTransport', 'Conflicts', 'MilitaryConflict']",2638,EventsAndTransport,4,0.9894582029072738,2,0.9999858905690818
MilitaryConflict,"['EventsAndTransport', 'Conflicts', 'MilitaryConflict']",2639,EventsAndTransport,4,0.9996453437553583,2,0.9999999890550887
MilitaryConflict,"['EventsAndTransport', 'Conflicts', 'MilitaryConflict']",2640,EventsAndTransport,4,0.9998846221621172,2,0.9999999974185343
MilitaryConflict,"['EventsAndTransport', 'Conflicts', 'MilitaryConflict']",2641,EventsAndTransport,4,0.8885450248624198,2,0.9956062335641575
MilitaryConflict,"['EventsAndTransport', 'Conflicts', 'MilitaryConflict']",2642,EventsAndTransport,4,0.9963780209824408,2,0.9999969418958685
MilitaryConflict,"['EventsAndTransport', 'Conflicts', 'MilitaryConflict']",2643,EventsAndTransport,4,0.9999023836908639,2,0.999999999433488
MilitaryConflict,"['EventsAndTransport', 'Conflicts', 'MilitaryConflict']",2644,EventsAndTransport,4,0.8694521927950879,2,0.9851816636818415
MilitaryConflict,"['EventsAndTransport', 'Conflicts', 'MilitaryConflict']",2645,EventsAndTransport,4,0.999081616235332,2,0.9999999173476997
MilitaryConflict,"['EventsAndTransport', 'Conflicts', 'MilitaryConflict']",2646,EventsAndTransport,4,0.9914000458336024,2,0.9999819181218779
MilitaryConflict,"['EventsAndTransport', 'Conflicts', 'MilitaryConflict']",2647,EventsAndTransport,4,0.9977556070814341,2,0.9999990159998041
MilitaryConflict,"['EventsAndTransport', 'Conflicts', 'MilitaryConflict']",2648,EventsAndTransport,4,0.999115422215308,2,0.9999999287558141
MilitaryConflict,"['EventsAndTransport', 'Conflicts', 'MilitaryConflict']",2649,EventsAndTransport,4,0.99977561092456,2,0.9999999875405629
MilitaryConflict,"['EventsAndTransport', 'Conflicts', 'MilitaryConflict']",2650,EventsAndTransport,4,0.9981767169718584,2,0.999999491967121
MilitaryConflict,"['EventsAndTransport', 'Conflicts', 'MilitaryConflict']",2651,EventsAndTransport,4,0.9911361552096168,2,0.999982730462152
MilitaryConflict,"['EventsAndTransport', 'Conflicts', 'MilitaryConflict']",2652,EventsAndTransport,4,0.9999636720121318,2,0.9999999998616527
MilitaryConflict,"['EventsAndTransport', 'Conflicts', 'MilitaryConflict']",2653,EventsAndTransport,4,0.9979840498150361,2,0.9999995291874767
MilitaryConflict,"['EventsAndTransport', 'Conflicts', 'MilitaryConflict']",2654,EventsAndTransport,4,0.9977216354639603,2,0.999999474403509
MilitaryConflict,"['EventsAndTransport', 'Conflicts', 'MilitaryConflict']",2655,EventsAndTransport,4,0.999854831766203,2,0.9999999977204639
MilitaryConflict,"['EventsAndTransport', 'Conflicts', 'MilitaryConflict']",2656,EventsAndTransport,4,0.9981975575365183,2,0.9999995147791593
MilitaryConflict,"['EventsAndTransport', 'Conflicts', 'MilitaryConflict']",2657,EventsAndTransport,4,0.9770281499699935,2,0.9998378239639019
MilitaryConflict,"['EventsAndTransport', 'Conflicts', 'MilitaryConflict']",2658,EventsAndTransport,4,0.9996099221235677,2,0.9999999847534715
MilitaryConflict,"['EventsAndTransport', 'Conflicts', 'MilitaryConflict']",2659,EventsAndTransport,4,0.9997417894830646,2,0.9999999900169411
MilitaryConflict,"['EventsAndTransport', 'Conflicts', 'MilitaryConflict']",2660,EventsAndTransport,4,0.9999274095804753,2,0.999999999697557
MilitaryConflict,"['EventsAndTransport', 'Conflicts', 'MilitaryConflict']",2661,EventsAndTransport,4,0.9985400826077646,2,0.9999997893299861
MilitaryConflict,"['EventsAndTransport', 'Conflicts', 'MilitaryConflict']",2662,EventsAndTransport,4,0.9968427221011343,2,0.9999990116352487
MilitaryConflict,"['EventsAndTransport', 'Conflicts', 'MilitaryConflict']",2663,EventsAndTransport,4,0.9943664225822005,2,0.9999951180909474
MilitaryConflict,"['EventsAndTransport', 'Conflicts', 'MilitaryConflict']",2664,EventsAndTransport,4,0.9995740393854449,2,0.9999999894031549
MilitaryConflict,"['EventsAndTransport', 'Conflicts', 'MilitaryConflict']",2665,EventsAndTransport,4,0.9997481203901153,2,0.9999999938019333
MilitaryConflict,"['EventsAndTransport', 'Conflicts', 'MilitaryConflict']",2666,EventsAndTransport,4,0.9988726705133254,2,0.9999998602047657
SportsEvent,"['EventsAndTransport', 'SportsEvents', 'SportsEvent']",2667,EventsAndTransport,6,0.9996226410808337,0,0.9999999725876355
SportsEvent,"['EventsAndTransport', 'SportsEvents', 'SportsEvent']",2668,EventsAndTransport,6,0.9993527130509015,0,0.9999999086552204
SportsEvent,"['EventsAndTransport', 'SportsEvents', 'SportsEvent']",2669,EventsAndTransport,6,0.9999603936696323,0,0.9999999997867846
SportsEvent,"['EventsAndTransport', 'SportsEvents', 'SportsEvent']",2670,EventsAndTransport,6,0.9998361659038358,0,0.9999999959237311
SportsEvent,"['EventsAndTransport', 'SportsEvents', 'SportsEvent']",2671,EventsAndTransport,6,0.9953175988773494,0,0.9999959915384724
SportsEvent,"['EventsAndTransport', 'SportsEvents', 'SportsEvent']",2672,EventsAndTransport,6,0.9996842064713375,0,0.9999999831122192
SportsEvent,"['EventsAndTransport', 'SportsEvents', 'SportsEvent']",2673,EventsAndTransport,6,0.9857676622032909,0,0.9999688229971249
SportsEvent,"['EventsAndTransport', 'SportsEvents', 'SportsEvent']",2674,EventsAndTransport,6,0.9999897328865325,0,0.9999999999848865
SportsEvent,"['EventsAndTransport', 'SportsEvents', 'SportsEvent']",2675,EventsAndTransport,6,0.9992155141471541,0,0.9999999186637067
SportsEvent,"['EventsAndTransport', 'SportsEvents', 'SportsEvent']",2676,EventsAndTransport,6,0.9906407244955142,0,0.9999870375341281
SportsEvent,"['EventsAndTransport', 'SportsEvents', 'SportsEvent']",2677,EventsAndTransport,6,0.9992666912953001,0,0.9999998588435391
SportsEvent,"['EventsAndTransport', 'SportsEvents', 'SportsEvent']",2678,EventsAndTransport,6,0.9989717543336974,0,0.9999997893308294
SportsEvent,"['EventsAndTransport', 'SportsEvents', 'SportsEvent']",2679,EventsAndTransport,6,0.9999786379911653,0,0.9999999999310019
SportsEvent,"['EventsAndTransport', 'SportsEvents', 'SportsEvent']",2680,EventsAndTransport,6,0.957186274831672,0,0.9995343649897018
SportsEvent,"['EventsAndTransport', 'SportsEvents', 'SportsEvent']",2681,EventsAndTransport,6,0.9958833316431701,0,0.9999972421833617
SportsEvent,"['EventsAndTransport', 'SportsEvents', 'SportsEvent']",2682,EventsAndTransport,6,0.9998350149868127,0,0.9999999957308447
SportsEvent,"['EventsAndTransport', 'SportsEvents', 'SportsEvent']",2683,EventsAndTransport,6,0.9883038688279123,0,0.9999811331415309
SportsEvent,"['EventsAndTransport', 'SportsEvents', 'SportsEvent']",2684,EventsAndTransport,6,0.9994661766288904,0,0.9999999266770552
SportsEvent,"['EventsAndTransport', 'SportsEvents', 'SportsEvent']",2685,EventsAndTransport,6,0.9994425607591276,0,0.9999999543208197
SportsEvent,"['EventsAndTransport', 'SportsEvents', 'SportsEvent']",2686,EventsAndTransport,6,0.9972424632146217,0,0.9999985675099797
SportsEvent,"['EventsAndTransport', 'SportsEvents', 'SportsEvent']",2687,EventsAndTransport,6,0.9997825920316821,0,0.9999999923342578
SportsEvent,"['EventsAndTransport', 'SportsEvents', 'SportsEvent']",2688,EventsAndTransport,6,0.9999584754185813,0,0.9999999997460547
SportsEvent,"['EventsAndTransport', 'SportsEvents', 'SportsEvent']",2689,EventsAndTransport,6,0.9997639722508582,0,0.9999999921145036
SportsEvent,"['EventsAndTransport', 'SportsEvents', 'SportsEvent']",2690,EventsAndTransport,6,0.9961993494482969,0,0.9999971930947978
SportsEvent,"['EventsAndTransport', 'SportsEvents', 'SportsEvent']",2691,EventsAndTransport,6,0.999881740222595,0,0.9999999981578505
SportsEvent,"['EventsAndTransport', 'SportsEvents', 'SportsEvent']",2692,EventsAndTransport,6,0.9999369589751254,0,0.9999999993623863
SportsEvent,"['EventsAndTransport', 'SportsEvents', 'SportsEvent']",2693,EventsAndTransport,6,0.99983834447039,0,0.999999995421003
SportsEvent,"['EventsAndTransport', 'SportsEvents', 'SportsEvent']",2694,EventsAndTransport,6,0.9997549166884487,0,0.9999999901074063
SportsEvent,"['EventsAndTransport', 'SportsEvents', 'SportsEvent']",2695,EventsAndTransport,6,0.9955268460542224,0,0.9999968853123582
SportsEvent,"['EventsAndTransport', 'SportsEvents', 'SportsEvent']",2696,EventsAndTransport,6,0.999493926270622,0,0.9999999558596298
SportsEvent,"['EventsAndTransport', 'SportsEvents', 'SportsEvent']",2697,EventsAndTransport,6,0.9997407695325975,0,0.9999999875286455
SportsEvent,"['EventsAndTransport', 'SportsEvents', 'SportsEvent']",2698,EventsAndTransport,6,0.9999087729843948,0,0.9999999986348933
SportsEvent,"['EventsAndTransport', 'SportsEvents', 'SportsEvent']",2699,EventsAndTransport,6,0.9999491009836841,0,0.9999999995854039
SportsEvent,"['EventsAndTransport', 'SportsEvents', 'SportsEvent']",2700,EventsAndTransport,6,0.9994905812205076,0,0.999999947091165
SportsEvent,"['EventsAndTransport', 'SportsEvents', 'SportsEvent']",2701,EventsAndTransport,6,0.9996775628816257,0,0.9999999853218253
SportsEvent,"['EventsAndTransport', 'SportsEvents', 'SportsEvent']",2702,EventsAndTransport,6,0.9998091161201039,0,0.9999999949213407
SportsEvent,"['EventsAndTransport', 'SportsEvents', 'SportsEvent']",2703,EventsAndTransport,6,0.9898836047949745,0,0.9999870747015913
SportsEvent,"['EventsAndTransport', 'SportsEvents', 'SportsEvent']",2704,EventsAndTransport,6,0.9998944394632903,0,0.9999999981183063
SportsEvent,"['EventsAndTransport', 'SportsEvents', 'SportsEvent']",2705,EventsAndTransport,6,0.9999268120369994,0,0.9999999991081556
SportsEvent,"['EventsAndTransport', 'SportsEvents', 'SportsEvent']",2706,EventsAndTransport,6,0.9998987554937352,0,0.999999998222425
SportsEvent,"['EventsAndTransport', 'SportsEvents', 'SportsEvent']",2707,EventsAndTransport,6,0.9999906411451304,0,0.9999999999857865
SportsEvent,"['EventsAndTransport', 'SportsEvents', 'SportsEvent']",2708,EventsAndTransport,6,0.999860311578558,0,0.9999999973874192
SportsEvent,"['EventsAndTransport', 'SportsEvents', 'SportsEvent']",2709,EventsAndTransport,6,0.9963116857959211,0,0.9999971624159335
SportsEvent,"['EventsAndTransport', 'SportsEvents', 'SportsEvent']",2710,EventsAndTransport,6,0.9992782268811573,0,0.9999998838991145
SportsEvent,"['EventsAndTransport', 'SportsEvents', 'SportsEvent']",2711,EventsAndTransport,6,0.9960492003487241,0,0.9999970212760726
SportsEvent,"['EventsAndTransport', 'SportsEvents', 'SportsEvent']",2712,EventsAndTransport,6,0.9996401386839847,0,0.9999999784360303
SportsEvent,"['EventsAndTransport', 'SportsEvents', 'SportsEvent']",2713,EventsAndTransport,6,0.9999548368379726,0,0.9999999996829934
SportsEvent,"['EventsAndTransport', 'SportsEvents', 'SportsEvent']",2714,EventsAndTransport,6,0.9946534854225009,0,0.9999962883919451
SportsEvent,"['EventsAndTransport', 'SportsEvents', 'SportsEvent']",2715,EventsAndTransport,6,0.9998472597673217,0,0.9999999965918609
SportsEvent,"['EventsAndTransport', 'SportsEvents', 'SportsEvent']",2716,EventsAndTransport,6,0.98918988075396,0,0.999978376597681
SportsEvent,"['EventsAndTransport', 'SportsEvents', 'SportsEvent']",2717,EventsAndTransport,6,0.9924496458562378,0,0.9999888914245595
SportsEvent,"['EventsAndTransport', 'SportsEvents', 'SportsEvent']",2718,EventsAndTransport,6,0.9999863849914915,0,0.9999999999720155
SportsEvent,"['EventsAndTransport', 'SportsEvents', 'SportsEvent']",2719,EventsAndTransport,6,0.9994660397804823,0,0.9999999545228867
SportsEvent,"['EventsAndTransport', 'SportsEvents', 'SportsEvent']",2720,EventsAndTransport,6,0.9993270927455906,0,0.9999999257717762
SportsEvent,"['EventsAndTransport', 'SportsEvents', 'SportsEvent']",2721,EventsAndTransport,6,0.9910426442101384,0,0.9999853603497341
SportsEvent,"['EventsAndTransport', 'SportsEvents', 'SportsEvent']",2722,EventsAndTransport,6,0.9998841668809291,0,0.9999999972891354
SportsEvent,"['EventsAndTransport', 'SportsEvents', 'SportsEvent']",2723,EventsAndTransport,6,0.9994543842570257,0,0.9999999490085064
SportsEvent,"['EventsAndTransport', 'SportsEvents', 'SportsEvent']",2724,EventsAndTransport,6,0.9946827360128009,0,0.9999953257275636
SportsEvent,"['EventsAndTransport', 'SportsEvents', 'SportsEvent']",2725,EventsAndTransport,6,0.9997539373356654,0,0.99999998954069
SportsEvent,"['EventsAndTransport', 'SportsEvents', 'SportsEvent']",2726,EventsAndTransport,6,0.999605938746488,0,0.9999999693734414
SportsEvent,"['EventsAndTransport', 'SportsEvents', 'SportsEvent']",2727,EventsAndTransport,6,0.9990914590360815,0,0.999999804194926
SportsEvent,"['EventsAndTransport', 'SportsEvents', 'SportsEvent']",2728,EventsAndTransport,6,0.9985061546386028,0,0.9999995586099873
SportsEvent,"['EventsAndTransport', 'SportsEvents', 'SportsEvent']",2729,EventsAndTransport,6,0.9835530320944464,0,0.9999621159617548
SportsEvent,"['EventsAndTransport', 'SportsEvents', 'SportsEvent']",2730,EventsAndTransport,6,0.9968949874060072,0,0.999998208006815
SportsEvent,"['EventsAndTransport', 'SportsEvents', 'SportsEvent']",2731,EventsAndTransport,6,0.9999859038557092,0,0.9999999999670401
SportsEvent,"['EventsAndTransport', 'SportsEvents', 'SportsEvent']",2732,EventsAndTransport,6,0.9906274506797145,0,0.9999890351393396
SportsEvent,"['EventsAndTransport', 'SportsEvents', 'SportsEvent']",2733,EventsAndTransport,6,0.9998398810571855,0,0.999999996213814
SportsEvent,"['EventsAndTransport', 'SportsEvents', 'SportsEvent']",2734,EventsAndTransport,6,0.9998082686811427,0,0.9999999932273387
SportsEvent,"['EventsAndTransport', 'SportsEvents', 'SportsEvent']",2735,EventsAndTransport,6,0.9995606827465001,0,0.9999999612230572
SportsEvent,"['EventsAndTransport', 'SportsEvents', 'SportsEvent']",2736,EventsAndTransport,6,0.9999611877575719,0,0.9999999997956712
SportsEvent,"['EventsAndTransport', 'SportsEvents', 'SportsEvent']",2737,EventsAndTransport,6,0.9994428965645722,0,0.9999999519298496
SportsEvent,"['EventsAndTransport', 'SportsEvents', 'SportsEvent']",2738,EventsAndTransport,6,0.9974044026668065,0,0.9999988262282051
SportsEvent,"['EventsAndTransport', 'SportsEvents', 'SportsEvent']",2739,EventsAndTransport,6,0.9999534915419397,0,0.9999999997122426
SportsEvent,"['EventsAndTransport', 'SportsEvents', 'SportsEvent']",2740,EventsAndTransport,6,0.9996227468633574,0,0.9999999763674724
SportsEvent,"['EventsAndTransport', 'SportsEvents', 'SportsEvent']",2741,EventsAndTransport,6,0.9999499358426186,0,0.9999999996518811
SportsEvent,"['EventsAndTransport', 'SportsEvents', 'SportsEvent']",2742,EventsAndTransport,2,0.38061151515153807,7,0.5281100784839308
SportsEvent,"['EventsAndTransport', 'SportsEvents', 'SportsEvent']",2743,EventsAndTransport,6,0.9995221984951426,0,0.9999999591219207
SportsEvent,"['EventsAndTransport', 'SportsEvents', 'SportsEvent']",2744,EventsAndTransport,6,0.9951164003372648,0,0.9999966122938779
SportsEvent,"['EventsAndTransport', 'SportsEvents', 'SportsEvent']",2745,EventsAndTransport,6,0.9997193716846036,0,0.9999999875239137
SportsEvent,"['EventsAndTransport', 'SportsEvents', 'SportsEvent']",2746,EventsAndTransport,6,0.9999795141619504,0,0.9999999999387152
SportsEvent,"['EventsAndTransport', 'SportsEvents', 'SportsEvent']",2747,EventsAndTransport,6,0.9998387391589322,0,0.9999999963429931
SportsEvent,"['EventsAndTransport', 'SportsEvents', 'SportsEvent']",2748,EventsAndTransport,6,0.9999601053099211,0,0.9999999997738005
SportsEvent,"['EventsAndTransport', 'SportsEvents', 'SportsEvent']",2749,EventsAndTransport,6,0.9971155814956577,0,0.9999984401053047
SportsEvent,"['EventsAndTransport', 'SportsEvents', 'SportsEvent']",2750,EventsAndTransport,6,0.9865354664282008,0,0.9999747090118901
SportsEvent,"['EventsAndTransport', 'SportsEvents', 'SportsEvent']",2751,EventsAndTransport,6,0.9981005205500542,0,0.9999994274129477
SportsEvent,"['EventsAndTransport', 'SportsEvents', 'SportsEvent']",2752,EventsAndTransport,6,0.9965099867043512,0,0.9999984372362889
SportsEvent,"['EventsAndTransport', 'SportsEvents', 'SportsEvent']",2753,EventsAndTransport,6,0.9998812195612378,0,0.9999999975988245
SportsEvent,"['EventsAndTransport', 'SportsEvents', 'SportsEvent']",2754,EventsAndTransport,6,0.9989756870508745,0,0.9999998466980782
SportsEvent,"['EventsAndTransport', 'SportsEvents', 'SportsEvent']",2755,EventsAndTransport,6,0.9929916684901455,0,0.9999934504234129
SportsEvent,"['EventsAndTransport', 'SportsEvents', 'SportsEvent']",2756,EventsAndTransport,5,0.43216835147027044,4,0.6271646873062371
SportsEvent,"['EventsAndTransport', 'SportsEvents', 'SportsEvent']",2757,EventsAndTransport,6,0.9936006336337193,0,0.9999896161745397
SportsEvent,"['EventsAndTransport', 'SportsEvents', 'SportsEvent']",2758,EventsAndTransport,6,0.9999905011136475,0,0.9999999999867752
SportsEvent,"['EventsAndTransport', 'SportsEvents', 'SportsEvent']",2759,EventsAndTransport,6,0.9999716974847901,0,0.9999999998874924
SportsEvent,"['EventsAndTransport', 'SportsEvents', 'SportsEvent']",2760,EventsAndTransport,6,0.993950149453645,0,0.9999952054721477
SportsEvent,"['EventsAndTransport', 'SportsEvents', 'SportsEvent']",2761,EventsAndTransport,6,0.9999346240303782,0,0.9999999993491091
SportsEvent,"['EventsAndTransport', 'SportsEvents', 'SportsEvent']",2762,EventsAndTransport,6,0.9956471917167156,0,0.999997060550893
SportsEvent,"['EventsAndTransport', 'SportsEvents', 'SportsEvent']",2763,EventsAndTransport,6,0.9966313691047902,0,0.9999980768664071
SportsEvent,"['EventsAndTransport', 'SportsEvents', 'SportsEvent']",2764,EventsAndTransport,6,0.9947784923240116,0,0.9999951867236878
SportsEvent,"['EventsAndTransport', 'SportsEvents', 'SportsEvent']",2765,EventsAndTransport,6,0.9997945301965462,0,0.9999999933938208
SportsEvent,"['EventsAndTransport', 'SportsEvents', 'SportsEvent']",2766,EventsAndTransport,6,0.9966341252385047,0,0.9999984129411189
SportsEvent,"['EventsAndTransport', 'SportsEvents', 'SportsEvent']",2767,EventsAndTransport,6,0.9942064660670477,0,0.9999954629021759
SportsEvent,"['EventsAndTransport', 'SportsEvents', 'SportsEvent']",2768,EventsAndTransport,6,0.9999012069765045,0,0.9999999985688159
SportsEvent,"['EventsAndTransport', 'SportsEvents', 'SportsEvent']",2769,EventsAndTransport,6,0.9999752421700384,0,0.9999999999034639
SportsEvent,"['EventsAndTransport', 'SportsEvents', 'SportsEvent']",2770,EventsAndTransport,6,0.9999323934548731,0,0.9999999994269464
SportsEvent,"['EventsAndTransport', 'SportsEvents', 'SportsEvent']",2771,EventsAndTransport,6,0.9998526191814388,0,0.9999999941506783
SportsEvent,"['EventsAndTransport', 'SportsEvents', 'SportsEvent']",2772,EventsAndTransport,6,0.9999852879731227,0,0.9999999999676825
SportsEvent,"['EventsAndTransport', 'SportsEvents', 'SportsEvent']",2773,EventsAndTransport,6,0.9984062832139734,0,0.9999993911085067
SportsEvent,"['EventsAndTransport', 'SportsEvents', 'SportsEvent']",2774,EventsAndTransport,6,0.9992325029842298,0,0.999999913016598
SportsEvent,"['EventsAndTransport', 'SportsEvents', 'SportsEvent']",2775,EventsAndTransport,6,0.9999854580576325,0,0.9999999999694242
SportsEvent,"['EventsAndTransport', 'SportsEvents', 'SportsEvent']",2776,EventsAndTransport,6,0.9999977050062608,0,0.9999999999992204
SportsEvent,"['EventsAndTransport', 'SportsEvents', 'SportsEvent']",2777,EventsAndTransport,6,0.9987096642466563,0,0.9999997176629716
SportsEvent,"['EventsAndTransport', 'SportsEvents', 'SportsEvent']",2778,EventsAndTransport,6,0.9989667248622215,0,0.9999998480528427
SportsEvent,"['EventsAndTransport', 'SportsEvents', 'SportsEvent']",2779,EventsAndTransport,6,0.9999770239003196,0,0.9999999999211473
SportsEvent,"['EventsAndTransport', 'SportsEvents', 'SportsEvent']",2780,EventsAndTransport,6,0.999678440208221,0,0.999999983085546
SportsEvent,"['EventsAndTransport', 'SportsEvents', 'SportsEvent']",2781,EventsAndTransport,6,0.993786820148206,0,0.999994290732996
SportsEvent,"['EventsAndTransport', 'SportsEvents', 'SportsEvent']",2782,EventsAndTransport,6,0.9998035285639196,0,0.9999999915389156
SportsEvent,"['EventsAndTransport', 'SportsEvents', 'SportsEvent']",2783,EventsAndTransport,6,0.999721002091447,0,0.9999999878727414
SportsEvent,"['EventsAndTransport', 'SportsEvents', 'SportsEvent']",2784,EventsAndTransport,6,0.9992768022326529,0,0.9999999154449422
SportsEvent,"['EventsAndTransport', 'SportsEvents', 'SportsEvent']",2785,EventsAndTransport,6,0.9868506063145982,0,0.9999662510442753
SportsEvent,"['EventsAndTransport', 'SportsEvents', 'SportsEvent']",2786,EventsAndTransport,6,0.9999398218767724,0,0.9999999994135735
SportsEvent,"['EventsAndTransport', 'SportsEvents', 'SportsEvent']",2787,EventsAndTransport,6,0.9993101087642682,0,0.9999999265073266
SportsEvent,"['EventsAndTransport', 'SportsEvents', 'SportsEvent']",2788,EventsAndTransport,6,0.9999588337896533,0,0.9999999997419371
SportsEvent,"['EventsAndTransport', 'SportsEvents', 'SportsEvent']",2789,EventsAndTransport,6,0.9992598800843864,0,0.9999999221134918
SportsEvent,"['EventsAndTransport', 'SportsEvents', 'SportsEvent']",2790,EventsAndTransport,6,0.9754366417163344,0,0.9999158787624856
SportsEvent,"['EventsAndTransport', 'SportsEvents', 'SportsEvent']",2791,EventsAndTransport,6,0.9934865336933429,0,0.9999937973196731
SportsEvent,"['EventsAndTransport', 'SportsEvents', 'SportsEvent']",2792,EventsAndTransport,6,0.9999775705302866,0,0.99999999991472
SportsEvent,"['EventsAndTransport', 'SportsEvents', 'SportsEvent']",2793,EventsAndTransport,6,0.999802744859106,0,0.9999999940986222
SportsEvent,"['EventsAndTransport', 'SportsEvents', 'SportsEvent']",2794,EventsAndTransport,6,0.9998426981095956,0,0.9999999965638096
SportsEvent,"['EventsAndTransport', 'SportsEvents', 'SportsEvent']",2795,EventsAndTransport,6,0.9998228163287696,0,0.999999995834018
SportsEvent,"['EventsAndTransport', 'SportsEvents', 'SportsEvent']",2796,EventsAndTransport,6,0.9943243056020734,0,0.9999956733478647
SportsEvent,"['EventsAndTransport', 'SportsEvents', 'SportsEvent']",2797,EventsAndTransport,6,0.9991431459000898,0,0.999999856686126
SportsEvent,"['EventsAndTransport', 'SportsEvents', 'SportsEvent']",2798,EventsAndTransport,6,0.9887618263496876,0,0.9999823495455121
SportsEvent,"['EventsAndTransport', 'SportsEvents', 'SportsEvent']",2799,EventsAndTransport,6,0.9999587256231365,0,0.999999999728503
SportsEvent,"['EventsAndTransport', 'SportsEvents', 'SportsEvent']",2800,EventsAndTransport,6,0.9999076444291215,0,0.9999999983437138
SportsEvent,"['EventsAndTransport', 'SportsEvents', 'SportsEvent']",2801,EventsAndTransport,6,0.9569501419294569,0,0.9995897433312262
SportsEvent,"['EventsAndTransport', 'SportsEvents', 'SportsEvent']",2802,EventsAndTransport,6,0.9997175012113982,0,0.999999986922433
SportsEvent,"['EventsAndTransport', 'SportsEvents', 'SportsEvent']",2803,EventsAndTransport,6,0.9999853029968787,0,0.9999999999653431
SportsEvent,"['EventsAndTransport', 'SportsEvents', 'SportsEvent']",2804,EventsAndTransport,6,0.9999916398456745,0,0.9999999999909288
SportsEvent,"['EventsAndTransport', 'SportsEvents', 'SportsEvent']",2805,EventsAndTransport,6,0.9999769650688924,0,0.9999999999312983
SportsEvent,"['EventsAndTransport', 'SportsEvents', 'SportsEvent']",2806,EventsAndTransport,6,0.999865283547424,0,0.9999999974147697
SportsEvent,"['EventsAndTransport', 'SportsEvents', 'SportsEvent']",2807,EventsAndTransport,6,0.9988314737099633,0,0.9999998063702311
SportsEvent,"['EventsAndTransport', 'SportsEvents', 'SportsEvent']",2808,EventsAndTransport,6,0.9997036386780579,0,0.999999987556056
SportsEvent,"['EventsAndTransport', 'SportsEvents', 'SportsEvent']",2809,EventsAndTransport,6,0.9934490950327999,0,0.9999927264944767
SportsEvent,"['EventsAndTransport', 'SportsEvents', 'SportsEvent']",2810,EventsAndTransport,3,0.5184669702165307,5,0.5306543601640433
SportsEvent,"['EventsAndTransport', 'SportsEvents', 'SportsEvent']",2811,EventsAndTransport,6,0.9999983425722828,0,0.9999999999995584
SportsEvent,"['EventsAndTransport', 'SportsEvents', 'SportsEvent']",2812,EventsAndTransport,6,0.9999968763005969,0,0.9999999999986304
SportsEvent,"['EventsAndTransport', 'SportsEvents', 'SportsEvent']",2813,EventsAndTransport,6,0.999865861293798,0,0.999999997177859
SportsEvent,"['EventsAndTransport', 'SportsEvents', 'SportsEvent']",2814,EventsAndTransport,6,0.9998767241621692,0,0.9999999976999885
SportsEvent,"['EventsAndTransport', 'SportsEvents', 'SportsEvent']",2815,EventsAndTransport,6,0.9998901509213497,0,0.9999999981864833
SportsEvent,"['EventsAndTransport', 'SportsEvents', 'SportsEvent']",2816,EventsAndTransport,6,0.999845984144878,0,0.9999999965417166
SportsEvent,"['EventsAndTransport', 'SportsEvents', 'SportsEvent']",2817,EventsAndTransport,6,0.9992458426931226,0,0.9999998884922316
SportsEvent,"['EventsAndTransport', 'SportsEvents', 'SportsEvent']",2818,EventsAndTransport,6,0.9999949013080296,0,0.9999999999965095
SportsEvent,"['EventsAndTransport', 'SportsEvents', 'SportsEvent']",2819,EventsAndTransport,6,0.9983552297085596,0,0.999999538143633
SportsEvent,"['EventsAndTransport', 'SportsEvents', 'SportsEvent']",2820,EventsAndTransport,6,0.9999166018899507,0,0.9999999990529935
SportsEvent,"['EventsAndTransport', 'SportsEvents', 'SportsEvent']",2821,EventsAndTransport,6,0.9994014270663865,0,0.9999999204295155
SportsEvent,"['EventsAndTransport', 'SportsEvents', 'SportsEvent']",2822,EventsAndTransport,6,0.9833170188017296,0,0.9999487607637657
SportsEvent,"['EventsAndTransport', 'SportsEvents', 'SportsEvent']",2823,EventsAndTransport,6,0.9977777416767308,0,0.9999992601514183
SportsEvent,"['EventsAndTransport', 'SportsEvents', 'SportsEvent']",2824,EventsAndTransport,6,0.9994315890633488,0,0.9999999565360048
SportsEvent,"['EventsAndTransport', 'SportsEvents', 'SportsEvent']",2825,EventsAndTransport,6,0.9998721679174382,0,0.9999999973658171
SportsEvent,"['EventsAndTransport', 'SportsEvents', 'SportsEvent']",2826,EventsAndTransport,6,0.999936891192377,0,0.9999999993340196
SportsEvent,"['EventsAndTransport', 'SportsEvents', 'SportsEvent']",2827,EventsAndTransport,6,0.9922544468444038,0,0.999991282720212
SportsEvent,"['EventsAndTransport', 'SportsEvents', 'SportsEvent']",2828,EventsAndTransport,6,0.999968083553115,0,0.9999999998438942
SportsEvent,"['EventsAndTransport', 'SportsEvents', 'SportsEvent']",2829,EventsAndTransport,6,0.9998585689542101,0,0.9999999965761965
SportsEvent,"['EventsAndTransport', 'SportsEvents', 'SportsEvent']",2830,EventsAndTransport,6,0.9985583588973752,0,0.9999996588792226
SportsEvent,"['EventsAndTransport', 'SportsEvents', 'SportsEvent']",2831,EventsAndTransport,6,0.9999238603765384,0,0.999999999056761
SportsEvent,"['EventsAndTransport', 'SportsEvents', 'SportsEvent']",2832,EventsAndTransport,6,0.9998930740393541,0,0.9999999981503962
SportsEvent,"['EventsAndTransport', 'SportsEvents', 'SportsEvent']",2833,EventsAndTransport,6,0.9989173767776915,0,0.9999997950432435
MeanOfTransportation,"['EventsAndTransport', 'Transport', 'MeanOfTransportation']",2834,EventsAndTransport,2,0.563346561551305,7,0.972958801117598
MeanOfTransportation,"['EventsAndTransport', 'Transport', 'MeanOfTransportation']",2835,EventsAndTransport,2,0.7282169762490049,7,0.9902727127782912
MeanOfTransportation,"['EventsAndTransport', 'Transport', 'MeanOfTransportation']",2836,EventsAndTransport,2,0.5912766296192834,7,0.987934008672458
MeanOfTransportation,"['EventsAndTransport', 'Transport', 'MeanOfTransportation']",2837,EventsAndTransport,3,0.4926882464004096,7,0.97283174369628
MeanOfTransportation,"['EventsAndTransport', 'Transport', 'MeanOfTransportation']",2838,EventsAndTransport,2,0.38647815034264443,7,0.9727323885369825
MeanOfTransportation,"['EventsAndTransport', 'Transport', 'MeanOfTransportation']",2839,EventsAndTransport,2,0.30562453756321833,7,0.9001411094910063
MeanOfTransportation,"['EventsAndTransport', 'Transport', 'MeanOfTransportation']",2840,EventsAndTransport,3,0.39935610451751496,7,0.4732696087909472
MeanOfTransportation,"['EventsAndTransport', 'Transport', 'MeanOfTransportation']",2841,EventsAndTransport,2,0.3651639470475266,7,0.9588703005837236
MeanOfTransportation,"['EventsAndTransport', 'Transport', 'MeanOfTransportation']",2842,EventsAndTransport,2,0.6368790770564277,7,0.9859419385224206
MeanOfTransportation,"['EventsAndTransport', 'Transport', 'MeanOfTransportation']",2843,EventsAndTransport,2,0.8148754887488949,7,0.9988597295949532
MeanOfTransportation,"['EventsAndTransport', 'Transport', 'MeanOfTransportation']",2844,EventsAndTransport,2,0.598442300037156,7,0.9941822235231413
MeanOfTransportation,"['EventsAndTransport', 'Transport', 'MeanOfTransportation']",2845,EventsAndTransport,5,0.4661133201129753,7,0.7142823334971918
MeanOfTransportation,"['EventsAndTransport', 'Transport', 'MeanOfTransportation']",2846,EventsAndTransport,3,0.3484974084504345,7,0.875934051344924
MeanOfTransportation,"['EventsAndTransport', 'Transport', 'MeanOfTransportation']",2847,EventsAndTransport,2,0.4223673652488191,7,0.9681444960237067
MeanOfTransportation,"['EventsAndTransport', 'Transport', 'MeanOfTransportation']",2848,EventsAndTransport,2,0.3124952131572317,7,0.8623560954775947
MeanOfTransportation,"['EventsAndTransport', 'Transport', 'MeanOfTransportation']",2849,EventsAndTransport,2,0.410994397377733,7,0.9794078814145755
MeanOfTransportation,"['EventsAndTransport', 'Transport', 'MeanOfTransportation']",2850,EventsAndTransport,2,0.42843693812517436,7,0.9550684192483475
MeanOfTransportation,"['EventsAndTransport', 'Transport', 'MeanOfTransportation']",2851,EventsAndTransport,2,0.4366761976877633,7,0.9820130209825063
MeanOfTransportation,"['EventsAndTransport', 'Transport', 'MeanOfTransportation']",2852,EventsAndTransport,2,0.3971615522121508,7,0.9620930833540503
MeanOfTransportation,"['EventsAndTransport', 'Transport', 'MeanOfTransportation']",2853,EventsAndTransport,0,0.8349401009156738,3,0.9914256738933105
MeanOfTransportation,"['EventsAndTransport', 'Transport', 'MeanOfTransportation']",2854,EventsAndTransport,3,0.35176917259330254,7,0.8941958656793599
MeanOfTransportation,"['EventsAndTransport', 'Transport', 'MeanOfTransportation']",2855,EventsAndTransport,2,0.5305268365035193,7,0.9828639135677564
MeanOfTransportation,"['EventsAndTransport', 'Transport', 'MeanOfTransportation']",2856,EventsAndTransport,2,0.38590328332384016,7,0.9755819436785321
MeanOfTransportation,"['EventsAndTransport', 'Transport', 'MeanOfTransportation']",2857,EventsAndTransport,4,0.31154353375042126,7,0.9290873259157691
MeanOfTransportation,"['EventsAndTransport', 'Transport', 'MeanOfTransportation']",2858,EventsAndTransport,3,0.5163205736250408,7,0.9097996442754953
MeanOfTransportation,"['EventsAndTransport', 'Transport', 'MeanOfTransportation']",2859,EventsAndTransport,5,0.3861042794344995,7,0.7773230930503529
MeanOfTransportation,"['EventsAndTransport', 'Transport', 'MeanOfTransportation']",2860,EventsAndTransport,2,0.31242599185539843,7,0.9270822768964941
MeanOfTransportation,"['EventsAndTransport', 'Transport', 'MeanOfTransportation']",2861,EventsAndTransport,3,0.5660830100759882,7,0.8240937378511729
MeanOfTransportation,"['EventsAndTransport', 'Transport', 'MeanOfTransportation']",2862,EventsAndTransport,2,0.520425435932756,7,0.9828604249786901
MeanOfTransportation,"['EventsAndTransport', 'Transport', 'MeanOfTransportation']",2863,EventsAndTransport,2,0.3711580978018834,7,0.9646061267805266
MeanOfTransportation,"['EventsAndTransport', 'Transport', 'MeanOfTransportation']",2864,EventsAndTransport,3,0.35371310956020324,7,0.8023417118152598
MeanOfTransportation,"['EventsAndTransport', 'Transport', 'MeanOfTransportation']",2865,EventsAndTransport,2,0.7196788106971052,7,0.9932284971294734
MeanOfTransportation,"['EventsAndTransport', 'Transport', 'MeanOfTransportation']",2866,EventsAndTransport,2,0.3289373304742994,7,0.9253142647627938
MeanOfTransportation,"['EventsAndTransport', 'Transport', 'MeanOfTransportation']",2867,EventsAndTransport,2,0.4327869353613781,7,0.9707722556342432
MeanOfTransportation,"['EventsAndTransport', 'Transport', 'MeanOfTransportation']",2868,EventsAndTransport,3,0.5641707344694513,7,0.8994227395397215
MeanOfTransportation,"['EventsAndTransport', 'Transport', 'MeanOfTransportation']",2869,EventsAndTransport,2,0.7734936570843505,7,0.99660107816676
MeanOfTransportation,"['EventsAndTransport', 'Transport', 'MeanOfTransportation']",2870,EventsAndTransport,7,0.36177674939885734,6,0.5106628564820163
MeanOfTransportation,"['EventsAndTransport', 'Transport', 'MeanOfTransportation']",2871,EventsAndTransport,2,0.380517646058157,7,0.9489031042000271
MeanOfTransportation,"['EventsAndTransport', 'Transport', 'MeanOfTransportation']",2872,EventsAndTransport,2,0.3104701633825235,7,0.914828100046623
MeanOfTransportation,"['EventsAndTransport', 'Transport', 'MeanOfTransportation']",2873,EventsAndTransport,2,0.42009479568056396,7,0.9760176035684172
MeanOfTransportation,"['EventsAndTransport', 'Transport', 'MeanOfTransportation']",2874,EventsAndTransport,4,0.4452790469140323,7,0.8650024741990303
MeanOfTransportation,"['EventsAndTransport', 'Transport', 'MeanOfTransportation']",2875,EventsAndTransport,2,0.609347209857005,7,0.9929587307451891
MeanOfTransportation,"['EventsAndTransport', 'Transport', 'MeanOfTransportation']",2876,EventsAndTransport,2,0.3266867327399655,7,0.9031519312612756
MeanOfTransportation,"['EventsAndTransport', 'Transport', 'MeanOfTransportation']",2877,EventsAndTransport,2,0.3718997922470841,7,0.9706620194333031
MeanOfTransportation,"['EventsAndTransport', 'Transport', 'MeanOfTransportation']",2878,EventsAndTransport,2,0.4147562830352604,7,0.9677946888762345
MeanOfTransportation,"['EventsAndTransport', 'Transport', 'MeanOfTransportation']",2879,EventsAndTransport,3,0.4424919972110595,7,0.9801894164211288
MeanOfTransportation,"['EventsAndTransport', 'Transport', 'MeanOfTransportation']",2880,EventsAndTransport,3,0.6858972813474125,7,0.8304623836528766
MeanOfTransportation,"['EventsAndTransport', 'Transport', 'MeanOfTransportation']",2881,EventsAndTransport,2,0.8064410757578633,7,0.999180443760763
MeanOfTransportation,"['EventsAndTransport', 'Transport', 'MeanOfTransportation']",2882,EventsAndTransport,3,0.4030108331404837,7,0.9361706700844098
MeanOfTransportation,"['EventsAndTransport', 'Transport', 'MeanOfTransportation']",2883,EventsAndTransport,3,0.47852259119302226,7,0.9529046407173829
MeanOfTransportation,"['EventsAndTransport', 'Transport', 'MeanOfTransportation']",2884,EventsAndTransport,4,0.5551266242717341,2,0.553429310094148
MeanOfTransportation,"['EventsAndTransport', 'Transport', 'MeanOfTransportation']",2885,EventsAndTransport,4,0.6717465014419993,2,0.5427340788707098
MeanOfTransportation,"['EventsAndTransport', 'Transport', 'MeanOfTransportation']",2886,EventsAndTransport,2,0.6863045334651673,7,0.9877121243005365
MeanOfTransportation,"['EventsAndTransport', 'Transport', 'MeanOfTransportation']",2887,EventsAndTransport,2,0.38661001335373185,7,0.9697580197117438
MeanOfTransportation,"['EventsAndTransport', 'Transport', 'MeanOfTransportation']",2888,EventsAndTransport,2,0.6763278131994569,7,0.9877500686160252
MeanOfTransportation,"['EventsAndTransport', 'Transport', 'MeanOfTransportation']",2889,EventsAndTransport,2,0.7846324858479986,7,0.999396869897612
MeanOfTransportation,"['EventsAndTransport', 'Transport', 'MeanOfTransportation']",2890,EventsAndTransport,3,0.41315423132145773,7,0.8753163214984796
MeanOfTransportation,"['EventsAndTransport', 'Transport', 'MeanOfTransportation']",2891,EventsAndTransport,3,0.7885573149975418,5,0.5162535649277711
MeanOfTransportation,"['EventsAndTransport', 'Transport', 'MeanOfTransportation']",2892,EventsAndTransport,2,0.451152632590221,7,0.9665712991169694
MeanOfTransportation,"['EventsAndTransport', 'Transport', 'MeanOfTransportation']",2893,EventsAndTransport,2,0.7604746662275608,7,0.9992757275229884
MeanOfTransportation,"['EventsAndTransport', 'Transport', 'MeanOfTransportation']",2894,EventsAndTransport,3,0.35997866671264767,7,0.9333980459638564
MeanOfTransportation,"['EventsAndTransport', 'Transport', 'MeanOfTransportation']",2895,EventsAndTransport,2,0.452527307684071,7,0.9922659061554908
MeanOfTransportation,"['EventsAndTransport', 'Transport', 'MeanOfTransportation']",2896,EventsAndTransport,2,0.37974642228388206,7,0.9532737636414252
MeanOfTransportation,"['EventsAndTransport', 'Transport', 'MeanOfTransportation']",2897,EventsAndTransport,4,0.45697928725426024,7,0.9334038567091261
MeanOfTransportation,"['EventsAndTransport', 'Transport', 'MeanOfTransportation']",2898,EventsAndTransport,2,0.4250943122669154,7,0.96132967013309
MeanOfTransportation,"['EventsAndTransport', 'Transport', 'MeanOfTransportation']",2899,EventsAndTransport,2,0.5626307143644963,7,0.9914840318675243
MeanOfTransportation,"['EventsAndTransport', 'Transport', 'MeanOfTransportation']",2900,EventsAndTransport,2,0.4012282292628129,7,0.9796475580542356
MeanOfTransportation,"['EventsAndTransport', 'Transport', 'MeanOfTransportation']",2901,EventsAndTransport,2,0.35430454754784674,7,0.9301494001687053
MeanOfTransportation,"['EventsAndTransport', 'Transport', 'MeanOfTransportation']",2902,EventsAndTransport,2,0.672056314622598,7,0.9967691426041599
MeanOfTransportation,"['EventsAndTransport', 'Transport', 'MeanOfTransportation']",2903,EventsAndTransport,5,0.3904455392699981,7,0.7341407696885843
MeanOfTransportation,"['EventsAndTransport', 'Transport', 'MeanOfTransportation']",2904,EventsAndTransport,5,0.46434775731991274,7,0.6141248475201911
MeanOfTransportation,"['EventsAndTransport', 'Transport', 'MeanOfTransportation']",2905,EventsAndTransport,4,0.3397164100859121,7,0.8809212354807636
MeanOfTransportation,"['EventsAndTransport', 'Transport', 'MeanOfTransportation']",2906,EventsAndTransport,4,0.3223572000479033,7,0.866114595894198
MeanOfTransportation,"['EventsAndTransport', 'Transport', 'MeanOfTransportation']",2907,EventsAndTransport,2,0.3260180876144181,7,0.9137029706629436
MeanOfTransportation,"['EventsAndTransport', 'Transport', 'MeanOfTransportation']",2908,EventsAndTransport,2,0.35676399765131667,7,0.9170384671852917
MeanOfTransportation,"['EventsAndTransport', 'Transport', 'MeanOfTransportation']",2909,EventsAndTransport,2,0.4901256178902403,7,0.9822174504381931
MeanOfTransportation,"['EventsAndTransport', 'Transport', 'MeanOfTransportation']",2910,EventsAndTransport,3,0.5737034033268261,7,0.8612022851327654
MeanOfTransportation,"['EventsAndTransport', 'Transport', 'MeanOfTransportation']",2911,EventsAndTransport,2,0.4878832478719869,7,0.974251144530595
MeanOfTransportation,"['EventsAndTransport', 'Transport', 'MeanOfTransportation']",2912,EventsAndTransport,2,0.5829131507384727,7,0.991848613206992
MeanOfTransportation,"['EventsAndTransport', 'Transport', 'MeanOfTransportation']",2913,EventsAndTransport,2,0.41788862985742337,7,0.9740676032907452
MeanOfTransportation,"['EventsAndTransport', 'Transport', 'MeanOfTransportation']",2914,EventsAndTransport,4,0.37700986413710863,7,0.8832361419135331
MeanOfTransportation,"['EventsAndTransport', 'Transport', 'MeanOfTransportation']",2915,EventsAndTransport,2,0.6906976672724386,7,0.9851077045054136
MeanOfTransportation,"['EventsAndTransport', 'Transport', 'MeanOfTransportation']",2916,EventsAndTransport,5,0.6072357741283538,4,0.650932212115875
MeanOfTransportation,"['EventsAndTransport', 'Transport', 'MeanOfTransportation']",2917,EventsAndTransport,3,0.30146404454396286,7,0.8816933006074327
MeanOfTransportation,"['EventsAndTransport', 'Transport', 'MeanOfTransportation']",2918,EventsAndTransport,2,0.7282731318371612,7,0.9952684578080344
MeanOfTransportation,"['EventsAndTransport', 'Transport', 'MeanOfTransportation']",2919,EventsAndTransport,3,0.3877881188072118,7,0.8884389594655645
MeanOfTransportation,"['EventsAndTransport', 'Transport', 'MeanOfTransportation']",2920,EventsAndTransport,2,0.3833921751381657,7,0.9615197249000222
MeanOfTransportation,"['EventsAndTransport', 'Transport', 'MeanOfTransportation']",2921,EventsAndTransport,2,0.34876491394181147,7,0.9405279446471323
MeanOfTransportation,"['EventsAndTransport', 'Transport', 'MeanOfTransportation']",2922,EventsAndTransport,4,0.32595500590457904,7,0.9006859536505935
MeanOfTransportation,"['EventsAndTransport', 'Transport', 'MeanOfTransportation']",2923,EventsAndTransport,2,0.45541767860533094,7,0.9881761816527322
MeanOfTransportation,"['EventsAndTransport', 'Transport', 'MeanOfTransportation']",2924,EventsAndTransport,2,0.7193020412768395,7,0.999006708979216
MeanOfTransportation,"['EventsAndTransport', 'Transport', 'MeanOfTransportation']",2925,EventsAndTransport,3,0.6099045549737999,7,0.8541481799741685
MeanOfTransportation,"['EventsAndTransport', 'Transport', 'MeanOfTransportation']",2926,EventsAndTransport,2,0.44818473130233843,7,0.9645161121554701
MeanOfTransportation,"['EventsAndTransport', 'Transport', 'MeanOfTransportation']",2927,EventsAndTransport,2,0.47245287759368504,7,0.9906931762612835
MeanOfTransportation,"['EventsAndTransport', 'Transport', 'MeanOfTransportation']",2928,EventsAndTransport,2,0.3941867819554037,7,0.9381532630498682
MeanOfTransportation,"['EventsAndTransport', 'Transport', 'MeanOfTransportation']",2929,EventsAndTransport,2,0.44502597029382923,7,0.9661360766420539
MeanOfTransportation,"['EventsAndTransport', 'Transport', 'MeanOfTransportation']",2930,EventsAndTransport,2,0.4509197047963981,7,0.9818748788595876
MeanOfTransportation,"['EventsAndTransport', 'Transport', 'MeanOfTransportation']",2931,EventsAndTransport,2,0.3285174166516141,7,0.906515105362596
MeanOfTransportation,"['EventsAndTransport', 'Transport', 'MeanOfTransportation']",2932,EventsAndTransport,2,0.6243173251704109,7,0.9838259335588497
MeanOfTransportation,"['EventsAndTransport', 'Transport', 'MeanOfTransportation']",2933,EventsAndTransport,2,0.6518460640007323,7,0.994271023120908
MeanOfTransportation,"['EventsAndTransport', 'Transport', 'MeanOfTransportation']",2934,EventsAndTransport,4,0.9355480617001374,2,0.9977627998043423
MeanOfTransportation,"['EventsAndTransport', 'Transport', 'MeanOfTransportation']",2935,EventsAndTransport,4,0.44637560469681503,7,0.8345778379370659
MeanOfTransportation,"['EventsAndTransport', 'Transport', 'MeanOfTransportation']",2936,EventsAndTransport,2,0.5164417688430798,7,0.9878649115487803
MeanOfTransportation,"['EventsAndTransport', 'Transport', 'MeanOfTransportation']",2937,EventsAndTransport,2,0.44234319795293636,7,0.9477865419036393
MeanOfTransportation,"['EventsAndTransport', 'Transport', 'MeanOfTransportation']",2938,EventsAndTransport,2,0.47007904635388015,7,0.9821900823895936
MeanOfTransportation,"['EventsAndTransport', 'Transport', 'MeanOfTransportation']",2939,EventsAndTransport,2,0.3764697236220162,7,0.9245804846964929
MeanOfTransportation,"['EventsAndTransport', 'Transport', 'MeanOfTransportation']",2940,EventsAndTransport,3,0.3660026168737986,7,0.7371088197405508
MeanOfTransportation,"['EventsAndTransport', 'Transport', 'MeanOfTransportation']",2941,EventsAndTransport,2,0.6053403860765053,7,0.9914004077531556
MeanOfTransportation,"['EventsAndTransport', 'Transport', 'MeanOfTransportation']",2942,EventsAndTransport,2,0.3702827262779823,7,0.9403975404013468
MeanOfTransportation,"['EventsAndTransport', 'Transport', 'MeanOfTransportation']",2943,EventsAndTransport,3,0.3388025335756254,7,0.9147561169808665
MeanOfTransportation,"['EventsAndTransport', 'Transport', 'MeanOfTransportation']",2944,EventsAndTransport,3,0.4126584512546702,7,0.9012231331321857
MeanOfTransportation,"['EventsAndTransport', 'Transport', 'MeanOfTransportation']",2945,EventsAndTransport,7,0.3510510007760886,7,0.5062158690009441
MeanOfTransportation,"['EventsAndTransport', 'Transport', 'MeanOfTransportation']",2946,EventsAndTransport,2,0.3142796897302844,7,0.8854452234541484
MeanOfTransportation,"['EventsAndTransport', 'Transport', 'MeanOfTransportation']",2947,EventsAndTransport,2,0.5069717862867225,7,0.9342779409662219
MeanOfTransportation,"['EventsAndTransport', 'Transport', 'MeanOfTransportation']",2948,EventsAndTransport,4,0.5195068009809262,7,0.6397647398660005
MeanOfTransportation,"['EventsAndTransport', 'Transport', 'MeanOfTransportation']",2949,EventsAndTransport,4,0.5281083985294001,7,0.7794964364679953
MeanOfTransportation,"['EventsAndTransport', 'Transport', 'MeanOfTransportation']",2950,EventsAndTransport,3,0.4974829073670205,7,0.9660216391723401
MeanOfTransportation,"['EventsAndTransport', 'Transport', 'MeanOfTransportation']",2951,EventsAndTransport,2,0.4489742281916141,7,0.9706610000570428
MeanOfTransportation,"['EventsAndTransport', 'Transport', 'MeanOfTransportation']",2952,EventsAndTransport,2,0.29167766047714844,7,0.9203014320475876
MeanOfTransportation,"['EventsAndTransport', 'Transport', 'MeanOfTransportation']",2953,EventsAndTransport,2,0.4571459535343704,7,0.9793689781167371
MeanOfTransportation,"['EventsAndTransport', 'Transport', 'MeanOfTransportation']",2954,EventsAndTransport,2,0.41754375096279445,7,0.972941501524889
MeanOfTransportation,"['EventsAndTransport', 'Transport', 'MeanOfTransportation']",2955,EventsAndTransport,5,0.38105576368204663,7,0.8047234732329867
MeanOfTransportation,"['EventsAndTransport', 'Transport', 'MeanOfTransportation']",2956,EventsAndTransport,2,0.4915075737504663,7,0.9868502611103525
MeanOfTransportation,"['EventsAndTransport', 'Transport', 'MeanOfTransportation']",2957,EventsAndTransport,2,0.671902024107038,7,0.9944146220170703
MeanOfTransportation,"['EventsAndTransport', 'Transport', 'MeanOfTransportation']",2958,EventsAndTransport,2,0.5744521129498898,7,0.994538907636694
MeanOfTransportation,"['EventsAndTransport', 'Transport', 'MeanOfTransportation']",2959,EventsAndTransport,2,0.38873812584574435,7,0.9620332071133062
MeanOfTransportation,"['EventsAndTransport', 'Transport', 'MeanOfTransportation']",2960,EventsAndTransport,2,0.6960808049398577,7,0.9918492276290712
MeanOfTransportation,"['EventsAndTransport', 'Transport', 'MeanOfTransportation']",2961,EventsAndTransport,3,0.46077539387062,7,0.9507645386721066
MeanOfTransportation,"['EventsAndTransport', 'Transport', 'MeanOfTransportation']",2962,EventsAndTransport,2,0.5265801747022235,7,0.989880853590963
MeanOfTransportation,"['EventsAndTransport', 'Transport', 'MeanOfTransportation']",2963,EventsAndTransport,3,0.59057407471072,7,0.8754414304729906
MeanOfTransportation,"['EventsAndTransport', 'Transport', 'MeanOfTransportation']",2964,EventsAndTransport,2,0.6337725553566561,7,0.9937300896571418
MeanOfTransportation,"['EventsAndTransport', 'Transport', 'MeanOfTransportation']",2965,EventsAndTransport,2,0.5392545520100375,7,0.9843520886971808
MeanOfTransportation,"['EventsAndTransport', 'Transport', 'MeanOfTransportation']",2966,EventsAndTransport,3,0.563882847214971,7,0.9276659453423748
MeanOfTransportation,"['EventsAndTransport', 'Transport', 'MeanOfTransportation']",2967,EventsAndTransport,2,0.35797858573688857,7,0.9288542915513257
MeanOfTransportation,"['EventsAndTransport', 'Transport', 'MeanOfTransportation']",2968,EventsAndTransport,3,0.5211471744529788,7,0.9764286808948057
MeanOfTransportation,"['EventsAndTransport', 'Transport', 'MeanOfTransportation']",2969,EventsAndTransport,2,0.5529730696604676,7,0.9917455004835937
MeanOfTransportation,"['EventsAndTransport', 'Transport', 'MeanOfTransportation']",2970,EventsAndTransport,2,0.612429289770024,7,0.9941134175595863
MeanOfTransportation,"['EventsAndTransport', 'Transport', 'MeanOfTransportation']",2971,EventsAndTransport,4,0.28390604446524814,7,0.8734303911465029
MeanOfTransportation,"['EventsAndTransport', 'Transport', 'MeanOfTransportation']",2972,EventsAndTransport,2,0.37622707128296495,7,0.9651719658702123
MeanOfTransportation,"['EventsAndTransport', 'Transport', 'MeanOfTransportation']",2973,EventsAndTransport,2,0.8131000862088393,7,0.9992325752389942
MeanOfTransportation,"['EventsAndTransport', 'Transport', 'MeanOfTransportation']",2974,EventsAndTransport,2,0.5728394614904316,7,0.9935833875973651
MeanOfTransportation,"['EventsAndTransport', 'Transport', 'MeanOfTransportation']",2975,EventsAndTransport,2,0.7680292337686684,7,0.9970175871087354
MeanOfTransportation,"['EventsAndTransport', 'Transport', 'MeanOfTransportation']",2976,EventsAndTransport,3,0.3847571962874951,7,0.6349455837697671
MeanOfTransportation,"['EventsAndTransport', 'Transport', 'MeanOfTransportation']",2977,EventsAndTransport,3,0.5072440634494737,7,0.9836675923883936
MeanOfTransportation,"['EventsAndTransport', 'Transport', 'MeanOfTransportation']",2978,EventsAndTransport,2,0.6497117446224109,7,0.9938981182062909
MeanOfTransportation,"['EventsAndTransport', 'Transport', 'MeanOfTransportation']",2979,EventsAndTransport,3,0.4790873599573629,7,0.9069254230240732
MeanOfTransportation,"['EventsAndTransport', 'Transport', 'MeanOfTransportation']",2980,EventsAndTransport,2,0.37110657884100146,7,0.9555075206381529
MeanOfTransportation,"['EventsAndTransport', 'Transport', 'MeanOfTransportation']",2981,EventsAndTransport,3,0.6445846070012079,7,0.8487919072940522
MeanOfTransportation,"['EventsAndTransport', 'Transport', 'MeanOfTransportation']",2982,EventsAndTransport,2,0.36618150429706453,7,0.9250941795496992
MeanOfTransportation,"['EventsAndTransport', 'Transport', 'MeanOfTransportation']",2983,EventsAndTransport,3,0.42749601636955875,7,0.9077501673372663
MeanOfTransportation,"['EventsAndTransport', 'Transport', 'MeanOfTransportation']",2984,EventsAndTransport,2,0.5513923372087858,7,0.975706666256738
MeanOfTransportation,"['EventsAndTransport', 'Transport', 'MeanOfTransportation']",2985,EventsAndTransport,2,0.2766154269864922,7,0.8781948090041058
MeanOfTransportation,"['EventsAndTransport', 'Transport', 'MeanOfTransportation']",2986,EventsAndTransport,3,0.4440539874008145,7,0.8785375475759963
MeanOfTransportation,"['EventsAndTransport', 'Transport', 'MeanOfTransportation']",2987,EventsAndTransport,3,0.45081541405627745,7,0.9842481378693103
MeanOfTransportation,"['EventsAndTransport', 'Transport', 'MeanOfTransportation']",2988,EventsAndTransport,2,0.3780637335059113,7,0.9690955173160615
MeanOfTransportation,"['EventsAndTransport', 'Transport', 'MeanOfTransportation']",2989,EventsAndTransport,2,0.44509795585212353,7,0.9770173795731701
MeanOfTransportation,"['EventsAndTransport', 'Transport', 'MeanOfTransportation']",2990,EventsAndTransport,2,0.41779957472600315,7,0.9752031745814616
MeanOfTransportation,"['EventsAndTransport', 'Transport', 'MeanOfTransportation']",2991,EventsAndTransport,2,0.48957141972271395,7,0.9634530382016588
MeanOfTransportation,"['EventsAndTransport', 'Transport', 'MeanOfTransportation']",2992,EventsAndTransport,2,0.3467072902233993,7,0.9161138235169715
MeanOfTransportation,"['EventsAndTransport', 'Transport', 'MeanOfTransportation']",2993,EventsAndTransport,3,0.4860501769895645,7,0.929790623662381
MeanOfTransportation,"['EventsAndTransport', 'Transport', 'MeanOfTransportation']",2994,EventsAndTransport,5,0.2879659966020048,7,0.8769258239579245
MeanOfTransportation,"['EventsAndTransport', 'Transport', 'MeanOfTransportation']",2995,EventsAndTransport,5,0.48101158996106574,7,0.613932250152604
MeanOfTransportation,"['EventsAndTransport', 'Transport', 'MeanOfTransportation']",2996,EventsAndTransport,2,0.42321298904067645,7,0.9759721087301513
MeanOfTransportation,"['EventsAndTransport', 'Transport', 'MeanOfTransportation']",2997,EventsAndTransport,2,0.7607570022612319,7,0.9982230765909963
MeanOfTransportation,"['EventsAndTransport', 'Transport', 'MeanOfTransportation']",2998,EventsAndTransport,3,0.3163008742362514,6,0.4669602091702406
MeanOfTransportation,"['EventsAndTransport', 'Transport', 'MeanOfTransportation']",2999,EventsAndTransport,2,0.6278591770795919,7,0.9952632904203748
