tag,id,cluster,membership_0,membership_1,membership_2,membership_3
World,0,2,0.24999996936589666,0.2500000526903305,0.2500001922182292,0.24999978572554357
World,1,2,0.24999996746548062,0.25000006882114917,0.2500002436045481,0.24999972010882215
World,2,2,0.24999998900282097,0.2500000229893946,0.2500000817555231,0.24999990625226134
World,3,2,0.2500000158544827,0.2500000533981551,0.25000015027539524,0.24999978047196694
World,4,2,0.24999995142365333,0.2500000142548208,0.2500000901395112,0.24999994418201463
World,5,2,0.25000000698044367,0.25000005661182084,0.2500001685527599,0.24999976785497555
World,6,2,0.24999997112061717,0.2500000276025283,0.25000011294615526,0.24999988833069922
World,7,2,0.24999995876092293,0.25000003957378836,0.2500001603610868,0.24999984130420197
World,8,2,0.24999994447064777,0.2500000595801962,0.2500002366825794,0.24999975926657653
World,9,2,0.24999997206518076,0.25000005831762434,0.25000020677635626,0.24999976284083864
World,10,2,0.2499999860143181,0.25000002737610333,0.25000009796407724,0.24999988864550135
World,11,2,0.24999996551358125,0.25000001577723757,0.25000008164712006,0.24999993706206117
World,12,2,0.24999999428733513,0.2500000027773927,0.2500000139935277,0.24999998894174447
World,13,2,0.24999996174278746,0.2500000660404041,0.25000024053440545,0.249999731682403
World,14,2,0.2499999495642302,0.25000001020226503,0.25000007898578275,0.2499999612477221
World,15,2,0.24999993484873384,0.2500000390908937,0.250000182814266,0.2499998432461065
World,16,2,0.25000003651038255,0.2500000376394213,0.25000008271209573,0.24999984313810042
World,17,3,0.24999987366924353,0.24999997882949423,0.2500000532073866,0.2500000942938756
World,18,2,0.24999997337982205,0.2500000524446281,0.2500001873943012,0.24999978678124868
World,19,2,0.24999998166267545,0.2500000238396301,0.2500000913554251,0.24999990314226928
World,20,2,0.24999997128204124,0.2500000086641927,0.2500000539569318,0.24999996609683428
World,21,2,0.24999997681920474,0.25000004207309234,0.2500001523519701,0.2499998287557328
World,22,2,0.24999997045437972,0.2500000253201061,0.2500001066237614,0.24999989760175276
World,23,2,0.25000000642251496,0.25000000800668365,0.25000001888779466,0.24999996668300667
World,24,2,0.24999999831700537,0.2500000319016262,0.2500000998702454,0.24999986991112302
World,25,2,0.24999994547150403,0.2500000409726967,0.2500001780226872,0.2499998355331121
World,26,2,0.24999997881105782,0.2500000112706405,0.2500000551781047,0.24999995474019707
World,27,0,0.25000005744305875,0.2500000242518783,0.25000002153670137,0.2499998967683616
World,28,0,0.2500000117642399,0.2500000064965146,0.25000000907830044,0.2499999726609451
World,29,2,0.24999998142603813,0.2500000340978088,0.2500001232244917,0.24999986125166146
World,30,0,0.2500000206401443,0.2499999963204313,0.24999996917186232,0.25000001386756204
World,31,2,0.24999994932597452,0.25000006189629903,0.2500002393078564,0.24999974946987005
World,32,2,0.24999997135530255,0.25000005276520787,0.2500001905741212,0.24999978530536845
World,33,2,0.24999999299850026,0.25000004174488344,0.25000013558948236,0.24999982966713394
World,34,2,0.25000000975825415,0.25000003537752424,0.2500001008125741,0.24999985405164749
World,35,2,0.2499999858612373,0.25000004678528165,0.25000015852458957,0.24999980882889142
World,36,2,0.24999998592317,0.25000005452894075,0.25000018252680595,0.24999977702108336
World,37,0,0.25000006510589895,0.25000000801610844,0.24999996380289977,0.24999996307509276
World,38,2,0.24999998685523175,0.25000004350729105,0.25000014718238617,0.24999982245509103
World,39,2,0.2500000044662755,0.2500000143808883,0.25000004068446025,0.24999994046837584
World,40,0,0.2500000416959938,0.2500000085834416,0.24999998691594252,0.24999996280462197
World,41,2,0.24999999218949812,0.2500000378463561,0.2500001248487297,0.2499998451154161
World,42,2,0.24999997502811516,0.2500000721205674,0.2500002467540631,0.24999970609725422
World,43,2,0.2499999722575136,0.2500000303341976,0.25000011998753635,0.2499998774207524
World,44,2,0.24999997044438788,0.2500000526790848,0.25000019128263884,0.24999978559388844
World,45,2,0.2500000128971097,0.2500000158209573,0.2500000372702038,0.24999993401172915
World,46,0,0.2500000178002047,0.2500000057740845,0.25000000137980044,0.24999997504591037
World,47,0,0.2500000598560227,0.249999994446147,0.2499999263127269,0.2500000193851034
World,48,2,0.24999994897069286,0.25000002741766153,0.2500001334712321,0.2499998901404136
World,49,2,0.2500000255851546,0.25000005991635443,0.25000016159652233,0.24999975290196877
World,50,2,0.2500000156557936,0.250000015099887,0.2500000320088659,0.24999993723545355
World,51,2,0.25000000685860413,0.25000001845262815,0.2500000511369643,0.2499999235518034
World,52,2,0.2499999834518262,0.25000001627032237,0.25000006582984485,0.24999993444800653
World,53,2,0.2499999601198594,0.2500000541095481,0.25000020554301666,0.24999978022757577
World,54,2,0.2499999532843453,0.25000003478257043,0.2500001518140871,0.24999986011899722
World,55,2,0.24999998359363604,0.25000003521680925,0.25000012494330615,0.2499998562462486
World,56,2,0.24999995731658628,0.25000006187194557,0.2500002315715051,0.249999749239963
World,57,2,0.24999994900358377,0.2500000220751796,0.250000115783594,0.24999991313764267
World,58,0,0.25000004051666047,0.25000002039620123,0.2500000252462178,0.24999991384092046
World,59,2,0.24999999631862713,0.24999999956230057,0.2500000024662847,0.25000000165278763
World,60,2,0.2499999819256891,0.2500000263843496,0.25000009904298687,0.24999989264697456
World,61,2,0.2499999958894511,0.2500000324426163,0.2500001048395275,0.24999986682840508
World,62,2,0.24999999029428505,0.2500000302531298,0.250000103107705,0.24999987634488025
World,63,2,0.24999996638386443,0.2500000123301848,0.25000007013426995,0.24999995115168078
World,64,2,0.24999999604958933,0.25000000897295505,0.2500000315492473,0.24999996342820827
World,65,2,0.24999994355554975,0.2500000469522495,0.2500001984584441,0.24999981103375668
World,66,0,0.2500001440551107,0.25000000290877517,0.24999987306997945,0.2499999799661347
World,67,0,0.25000013752984696,0.24999998435214557,0.24999982193682327,0.25000005618118426
World,68,2,0.24999987145867894,0.25000001300403374,0.25000016162595734,0.24999995391132995
World,69,2,0.24999999338936368,0.2500000307674244,0.2500001021152954,0.2499998737279166
World,70,2,0.24999990414471462,0.24999999799880665,0.25000008349545105,0.25000001436102776
World,71,2,0.24999991067737964,0.2500000074622864,0.25000010710449627,0.24999997475583763
World,72,0,0.2500001940099468,0.24999997314200073,0.24999973392604344,0.25000009892200903
World,73,2,0.24999995653189583,0.25000002173365826,0.2500001080489276,0.24999991368551827
World,74,0,0.2500002145986579,0.24999998478096605,0.24999975049813652,0.2500000501222395
World,75,2,0.24999999834137077,0.25000005030429284,0.25000015760937805,0.24999979374495832
World,76,2,0.2499999940681816,0.2500000229839535,0.2500000770277835,0.24999990592008142
World,77,2,0.24999992324490997,0.25000003220778527,0.2500001721585356,0.24999987238876928
World,78,2,0.2500000132301165,0.2500000160995854,0.25000003720749114,0.24999993346280702
World,79,2,0.24999993767966655,0.25000005446104084,0.2500002277294507,0.2499997801298419
World,80,2,0.2499999240672723,0.25000000543775475,0.25000008774891613,0.2499999827460568
World,81,2,0.24999997582697842,0.25000004301673767,0.25000015582245844,0.2499998253338254
World,82,2,0.2499999588618328,0.2500000260060255,0.25000011911634673,0.24999989601579492
World,83,2,0.2500000513995177,0.25000003784872543,0.25000006878946546,0.24999984196229139
World,84,2,0.24999997756538975,0.2500000115168972,0.2500000565933778,0.24999995432433528
World,85,2,0.24999998481025695,0.2500000563346887,0.25000018876459074,0.24999977009046365
World,86,2,0.2499999275228801,0.25000004592664876,0.2500002106439249,0.24999981590654619
World,87,0,0.2500000663232065,0.2500000044623815,0.24999995142202064,0.2499999777923914
World,88,0,0.2500000180888382,0.24999999814051804,0.24999997721594622,0.25000000655469756
World,89,2,0.24999998395528764,0.25000004050756885,0.2500001408994913,0.24999983463765216
World,90,2,0.25000005027826655,0.25000005577593937,0.25000012572694186,0.24999976821885223
World,91,2,0.2499999594947216,0.25000004218969724,0.2500001692223453,0.24999982909323584
World,92,2,0.24999997643987143,0.25000005880123816,0.2500002043812599,0.24999976037763047
World,93,0,0.2500000057714728,0.2500000029135921,0.25000000356117197,0.2499999877537631
World,94,2,0.25000001530019916,0.25000002173429725,0.2500000532527057,0.24999990971279798
World,95,2,0.25000000637303904,0.25000002325462806,0.2500000661781583,0.24999990419417464
World,96,0,0.25000002785766523,0.25000000746817147,0.24999999699427114,0.24999996767989216
World,97,2,0.25000005988208385,0.25000004057277814,0.25000006959562165,0.24999982994951644
World,98,2,0.25000001124934673,0.25000002065357213,0.2500000536441495,0.24999991445293154
World,99,2,0.24999999043017854,0.2500000629052992,0.2500002037936183,0.24999974287090398
World,100,2,0.24999998849935753,0.2500000492079321,0.250000163130378,0.24999979916233242
World,101,2,0.24999993034863946,0.2500000397580497,0.2500001885001666,0.2499998413931442
World,102,0,0.2500000609090808,0.25000000378667314,0.24999995461658844,0.24999998068765755
World,103,2,0.24999992748459987,0.25000005094943795,0.2500002263616942,0.24999979520426796
World,104,2,0.24999998589849212,0.25000003049074965,0.2500001073305396,0.24999987628021875
World,105,2,0.24999999494957403,0.2500000358276197,0.2500001156092202,0.24999985361358606
World,106,2,0.2499999456619671,0.2500000335129129,0.25000015522241337,0.24999986560270657
World,107,2,0.24999997205655036,0.2500000518575272,0.25000018716325395,0.24999978892266841
World,108,0,0.25000013491552525,0.24999998788569408,0.24999983550033356,0.25000004169844714
World,109,2,0.24999995594175062,0.2500000222893643,0.2500001106375661,0.24999991113131886
World,110,2,0.250000003341499,0.2500000159071465,0.2500000458833411,0.2499999348680134
World,111,2,0.2499999735522155,0.2500000380022727,0.2500001424378455,0.24999984600766625
World,112,0,0.25000003976684193,0.2500000165253802,0.2500000133698989,0.24999993033787896
World,113,2,0.24999998584503255,0.25000005959682886,0.2500001981750526,0.249999756383086
World,114,2,0.24999993921270688,0.25000003285790234,0.25000015922198,0.24999986870741076
World,115,2,0.2500000015969997,0.25000003867434034,0.2500001185353941,0.24999984119326576
World,116,2,0.24999999181124638,0.25000004923952823,0.2500001603008534,0.24999979864837205
World,117,2,0.25000002202551846,0.25000003552806127,0.2500000895773948,0.24999985286902543
World,118,2,0.2499999390898157,0.25000001978642206,0.2500001186277251,0.24999992249603714
World,119,2,0.24999993063524015,0.2500000610745226,0.25000025486095434,0.24999975342928288
World,120,2,0.25000002095103246,0.25000004675846893,0.250000125515109,0.24999980677538966
World,121,0,0.2500001944405782,0.24999997500273707,0.2499997392370439,0.2500000913196408
World,122,2,0.2500000138771519,0.2500000400026774,0.25000011143319656,0.24999983468697412
World,123,2,0.2500000072363163,0.25000000919693305,0.2500000222340052,0.24999996133274546
World,124,2,0.24999995791273985,0.25000006263316243,0.25000023398629545,0.2499997454678022
World,125,2,0.25000004520603086,0.25000003014429484,0.2500000509319246,0.24999987371774962
World,126,2,0.24999995421007137,0.2500000480711542,0.25000019210399527,0.24999980561477916
World,127,2,0.24999998751050045,0.2500000314108274,0.25000010964675295,0.2499998714319192
World,128,2,0.2500000122600696,0.2500000397319762,0.2500001118039219,0.24999983620403227
World,129,2,0.24999997333727858,0.2500000367421607,0.25000013925360165,0.249999850666959
World,130,2,0.250000005308399,0.2500000358637428,0.2500001059889236,0.24999985283893458
World,131,2,0.2500000024497386,0.2500000180140469,0.25000005356161153,0.2499999259746029
World,132,2,0.24999998664291595,0.25000002233584845,0.25000008162019555,0.24999990940104008
World,133,2,0.25000002295076507,0.25000001449503206,0.25000002389119697,0.2499999386630058
World,134,0,0.2500000685351676,0.25000003479872973,0.25000004264793274,0.2499998540181699
World,135,2,0.24999997513788327,0.2500000362859915,0.2500001362186855,0.24999985235743974
World,136,2,0.2500000042983878,0.2500000358342181,0.2500001071085559,0.24999985275883818
World,137,0,0.2500000440407737,0.25000000452176474,0.24999997266536006,0.24999997877210148
World,138,2,0.25000001821422835,0.25000003551110667,0.25000009300978077,0.2499998532648842
World,139,2,0.24999998818154384,0.2500000297177671,0.2500001036257879,0.24999987847490124
World,140,2,0.24999997132614782,0.25000005014057314,0.2500001827623578,0.2499997957709212
World,141,2,0.24999997317109912,0.25000001860029014,0.25000008316343764,0.24999992506517302
World,142,2,0.2499999584192231,0.2500000029777559,0.2500000484956979,0.24999999010732316
World,143,2,0.25000000230715497,0.250000009143777,0.25000002607582344,0.24999996247324455
World,144,2,0.24999997833825965,0.2500000390536883,0.25000014175076984,0.24999984085728227
World,145,2,0.24999997701536597,0.2500000466673999,0.25000016594708063,0.24999981037015345
World,146,2,0.2499999865884483,0.25000003798418496,0.2500001302068571,0.24999984522050975
World,147,0,0.2500000221505463,0.25000000853484217,0.2500000059076423,0.2499999634069692
World,148,2,0.2500000077621203,0.2500000219664136,0.25000006060693303,0.24999990966453312
World,149,2,0.25000003517738384,0.25000002332764537,0.250000038710803,0.24999990278416773
World,150,2,0.24999994657331767,0.25000004245432605,0.2500001818117919,0.2499998291605644
World,151,2,0.2500000332077298,0.25000002256927073,0.2500000386226875,0.24999990560031193
World,152,0,0.2500000578517203,0.2500000211756499,0.25000001141407974,0.24999990955855003
World,153,2,0.25000000811641077,0.2500000294376258,0.250000083120066,0.24999987932589748
World,154,2,0.24999999494530056,0.2500000444885654,0.25000014257060327,0.24999981799553084
World,155,2,0.2499999864046251,0.25000004811564003,0.2500001620990231,0.2499998033807118
World,156,2,0.24999998460891132,0.2500000033770497,0.2500000253646861,0.24999998664935286
World,157,2,0.24999995247919984,0.25000003412927263,0.2500001504208216,0.24999986297070592
World,158,2,0.2500000134772089,0.25000002337964927,0.25000005989536295,0.2499999032477789
World,159,2,0.24999996814379866,0.2500000697769037,0.2500002465842369,0.2499997154950607
World,160,2,0.24999996383823908,0.2500000348932089,0.2500001421345923,0.24999985913395967
World,161,2,0.25000001593691096,0.25000005589700447,0.2500001579920473,0.24999977017403724
World,162,2,0.2500000508374137,0.250000033865225,0.25000005718212137,0.24999985811523986
World,163,2,0.25000003447545255,0.25000003183926356,0.2500000659033343,0.24999986778194958
World,164,2,0.25000004587757124,0.25000006052480134,0.25000014436682694,0.24999974923080046
World,165,2,0.2500000240718522,0.25000005192529906,0.25000013834984447,0.24999978565300426
World,166,0,0.2500000674396131,0.24999998402802862,0.2499998869711997,0.2500000615611585
World,167,0,0.2500000126242467,0.25000000272015394,0.24999999628530728,0.24999998837029205
World,168,2,0.2500000142536936,0.2500000491580023,0.25000013898151957,0.2499997976067845
World,169,2,0.2499999952612417,0.25000003738448906,0.250000120414778,0.24999984693949118
World,170,2,0.2500000142944404,0.2500000558621695,0.2500001597431663,0.2499997701002238
World,171,0,0.25000003725555575,0.2500000141652921,0.25000000904307185,0.24999993953608032
World,172,2,0.24999999323846941,0.25000000813390094,0.2500000313328762,0.24999996729475343
World,173,2,0.24999997826759907,0.2500000161309379,0.25000007080474285,0.24999993479672014
World,174,2,0.24999998092531717,0.250000029321781,0.25000010905609904,0.24999988069680282
World,175,2,0.24999989459924468,0.2500000369676372,0.2500002142916954,0.24999985414142273
World,176,2,0.24999997652852343,0.25000001253028836,0.2500000602667691,0.24999995067441924
World,177,0,0.250000048206391,0.2500000096252341,0.24999998401938342,0.24999995814899156
World,178,2,0.2499999558631635,0.24999999957822933,0.2500000407619513,0.2500000037966558
World,179,0,0.25000009039983306,0.24999999741459986,0.24999990673267247,0.25000000545289464
World,180,2,0.25000001977360425,0.2500000277997999,0.2500000671596245,0.24999988526697128
World,181,2,0.24999998300548992,0.2500000500755069,0.25000017095041205,0.24999979596859115
World,182,2,0.24999995722140755,0.25000004364992845,0.2500001758899629,0.2499998232387011
World,183,2,0.24999994313685003,0.25000004268334597,0.2500001859987023,0.2499998281811017
World,184,0,0.25000006490006543,0.25000001325937854,0.2499999797122203,0.24999994212833584
World,185,2,0.24999996501396643,0.25000006133337077,0.25000022314652887,0.24999975050613396
World,186,2,0.2500000144263136,0.25000006731840546,0.25000019498718307,0.24999972326809788
World,187,2,0.24999997466078586,0.2500000219949025,0.2500000918270582,0.24999991151725354
World,188,2,0.2500000050716965,0.25000002725386367,0.2500000794028865,0.24999988827155326
World,189,2,0.24999997545359917,0.2500000292910032,0.2500001138157068,0.24999988143969076
World,190,2,0.24999998757239783,0.2500000067180933,0.25000003271014803,0.24999997299936086
World,191,2,0.2499999701506942,0.25000006021063026,0.25000021451108506,0.24999975512759048
World,192,2,0.24999998085890532,0.25000002079476424,0.25000008262079554,0.24999991572553493
World,193,0,0.25000003710611296,0.25000001379188,0.25000000755590207,0.24999994154610494
World,194,2,0.2500000000593463,0.2500000709357198,0.2500002194995783,0.24999970950535563
World,195,2,0.24999995903695094,0.25000006991393875,0.25000025566067063,0.24999971538843968
World,196,2,0.2499999099078905,0.2500000228327471,0.2500001556631002,0.24999991159626234
World,197,2,0.2499999744987384,0.2500000321284696,0.25000012382473635,0.24999986954805573
World,198,0,0.2500000519286478,0.2500000269658288,0.25000003485795186,0.2499998862475715
World,199,2,0.250000006307859,0.25000002789007214,0.250000080858823,0.24999988494324588
World,200,2,0.24999998981848,0.2500000465527149,0.25000015396438025,0.24999980966442478
World,201,2,0.2499999483056138,0.2500000045659131,0.2500000628707105,0.24999998425776265
World,202,2,0.2500000543518055,0.25000005704820377,0.25000012559449,0.2499997630055008
World,203,2,0.25000000941387424,0.25000005135889236,0.2500001500110513,0.24999978921618202
World,204,2,0.24999997497237125,0.2500000459006157,0.250000166061591,0.24999981306542207
World,205,2,0.250000005962175,0.25000003433306717,0.25000010079095086,0.24999985891380702
World,206,0,0.2500000971397196,0.2500000162386057,0.24999995929703847,0.2499999273246362
World,207,2,0.2499999917531855,0.2500000017157171,0.2500000130376327,0.2499999934934647
World,208,2,0.2500000145241687,0.25000004305866896,0.2500001197234686,0.24999982269369384
World,209,2,0.2499999918010553,0.2500000359336067,0.2500001193659415,0.24999985289939652
World,210,2,0.2499999479872861,0.2500000015019731,0.2500000534703595,0.24999999704038137
World,211,2,0.25000000434391195,0.2500000392479077,0.25000011744402667,0.2499998389641537
World,212,2,0.25000001948952394,0.2500000387956055,0.2500001025372508,0.24999983917761978
World,213,2,0.2499999265618522,0.25000002220723605,0.2500001374804351,0.2499999137504766
World,214,2,0.24999995597467814,0.2500000503029026,0.25000019797547546,0.2499997957469437
World,215,2,0.2499999495293094,0.25000000310135684,0.25000005713110945,0.24999999023822433
World,216,2,0.2500000052319234,0.25000003118408937,0.250000092341028,0.24999987124295928
World,217,2,0.2499999765664648,0.2500000479218956,0.25000017102667915,0.24999980448496037
World,218,2,0.2500000004583785,0.2500000390897706,0.2500001213320488,0.24999983911980211
World,219,0,0.2500000585338105,0.25000002904604274,0.2500000342429182,0.24999987817722855
World,220,2,0.2500000190069619,0.2500000708122072,0.2500002013791445,0.24999970880168637
World,221,2,0.2500000014607995,0.2500000224764835,0.25000006786237916,0.2499999082003378
World,222,2,0.25000001660519966,0.2500000509768295,0.2500001426754701,0.24999978974250078
World,223,2,0.24999996966594681,0.2500000524393473,0.25000019149813607,0.24999978639656975
World,224,2,0.24999997661256276,0.2500000590328842,0.2500002050888615,0.2499997592656915
World,225,2,0.2500000254692581,0.25000004364833234,0.25000011128778826,0.2499998195946213
World,226,0,0.250000072049636,0.25000000317782517,0.2499999417949506,0.24999998297758824
World,227,2,0.24999994407734608,0.25000002472916655,0.250000129390667,0.24999990180282033
World,228,0,0.25000010035703635,0.2499999932979297,0.2499998847340503,0.2500000216109837
World,229,0,0.25000001074333494,0.2500000035007656,0.2500000010207787,0.24999998473512075
World,230,2,0.24999993872713902,0.25000003260774795,0.25000015872909315,0.24999986993601991
World,231,2,0.24999995614595785,0.2500000356538984,0.2500001520067412,0.2499998561934026
World,232,2,0.24999992257645065,0.2500000501255488,0.25000022819540935,0.24999979910259112
World,233,2,0.24999999067199455,0.2500000548556668,0.25000017884313586,0.2499997756292028
World,234,2,0.25000003225200373,0.2500000593106906,0.25000015366488637,0.24999975477241934
World,235,2,0.2500000055972124,0.25000003535363496,0.250000104425733,0.24999985462341962
World,236,2,0.24999995075807288,0.250000006219028,0.2500000654743638,0.24999997754853528
World,237,2,0.24999998515560473,0.250000045781646,0.2500001559045052,0.24999981315824413
World,238,0,0.25000005024517796,0.2500000040294035,0.24999996531957439,0.24999998040584417
World,239,2,0.2500000184128273,0.25000006080170406,0.25000017118683715,0.24999974959863142
World,240,0,0.2500000431075266,0.2500000244401418,0.25000003531865306,0.2499998971336785
World,241,2,0.24999992410836058,0.25000004013842847,0.2500001960224123,0.24999983973079865
World,242,2,0.24999996514380776,0.25000003301945783,0.25000013597068316,0.24999986586605125
World,243,2,0.24999997696026174,0.2500000331237037,0.2500001247063158,0.24999986520971879
World,244,2,0.25000000542364353,0.2500000257459686,0.2500000748676379,0.24999989396275002
World,245,0,0.25000013645377356,0.24999998833822246,0.24999983507274015,0.2500000401352639
World,246,2,0.2500000059555807,0.25000005872348374,0.2500001763079561,0.2499997590129794
World,247,2,0.2499999471065659,0.2500000398975618,0.2500001736009684,0.24999983939490392
World,248,2,0.25000001164366414,0.2500000250679706,0.2500000669925822,0.24999989629578306
World,249,2,0.2499999477505959,0.250000021268435,0.25000011480053225,0.2499999161804369
World,250,0,0.25000002655648945,0.2500000032006197,0.24999998481362143,0.24999998542926946
World,251,0,0.2500000413125924,0.2500000038552057,0.24999997327622867,0.24999998155597317
World,252,2,0.24999995700959715,0.25000003045175967,0.2500001351916689,0.24999987734697426
World,253,0,0.2500001259116597,0.24999998828447967,0.2499998453942657,0.2500000404095949
World,254,2,0.24999996349508957,0.250000045170305,0.25000017452838336,0.2499998168062221
World,255,2,0.2500000330247501,0.2500000370958743,0.25000008333495094,0.2499998465444246
World,256,0,0.25000004659950914,0.25000001260759264,0.24999999491185304,0.24999994588104513
World,257,2,0.2500000196018537,0.2500000518245043,0.2500001420825863,0.24999978649105575
World,258,2,0.24999999667819583,0.25000005189502844,0.25000016375067474,0.249999787676101
World,259,2,0.2500000272891423,0.2500000223550346,0.25000004330424486,0.2499999070515783
World,260,2,0.24999998638985463,0.25000002986675013,0.2500001049686154,0.24999987877477986
World,261,0,0.2500000055216559,0.25000000117748494,0.24999999860427075,0.2499999946965884
World,262,2,0.24999995668312436,0.2500000314828188,0.25000013839898516,0.24999987343507166
World,263,2,0.24999998382600247,0.25000000878036316,0.2500000422915208,0.24999996510211359
World,264,2,0.24999995307702452,0.2500000334121589,0.2500001480558952,0.24999986545492145
World,265,2,0.25000003054020226,0.25000002403069005,0.25000004577466733,0.24999989965444028
World,266,2,0.24999999442170645,0.2500000120265605,0.250000042990473,0.24999995056126
World,267,2,0.2500000194048595,0.2500000283365169,0.25000006968834254,0.24999988257028102
World,268,2,0.25000001556254564,0.25000002624707557,0.25000006676763814,0.24999989142274068
World,269,2,0.24999994535221204,0.25000001833245594,0.2500001085013976,0.2499999278139344
World,270,2,0.24999999681829552,0.25000000140781503,0.2500000075916297,0.24999999418225974
World,271,2,0.24999994823910937,0.25000003859219466,0.25000016775265455,0.24999984541604137
World,272,2,0.24999995915322726,0.25000005921373036,0.2500002221528803,0.24999975948016215
World,273,2,0.25000004006474835,0.2500000281163783,0.25000004958653105,0.24999988223234235
World,274,2,0.24999999846610454,0.25000001370078695,0.25000004398672115,0.2499999438463873
World,275,2,0.2500000144982489,0.25000002264713467,0.25000005627806676,0.24999990657654975
World,276,2,0.24999997789759737,0.2500000626052115,0.25000021494781527,0.2499997445493758
World,277,2,0.2499999919013127,0.250000042407555,0.250000139502339,0.24999982618879324
World,278,2,0.2500000066761486,0.25000005172623463,0.2500001539091059,0.24999978768851094
World,279,2,0.25000002151286527,0.2500000382801402,0.25000009861944755,0.24999984158754704
World,280,2,0.24999993318409883,0.25000003314850844,0.2500001658604583,0.2499998678069344
World,281,2,0.2499999466845112,0.25000003557554834,0.2500001608726719,0.24999985686726856
World,282,2,0.24999996752854886,0.2500000163129534,0.2500000810815494,0.24999993507694826
World,283,2,0.24999996876843963,0.25000003822776035,0.25000014785287655,0.2499998451509235
World,284,2,0.24999999347672575,0.25000002066319965,0.2500000706609399,0.24999991519913467
World,285,2,0.24999996678435357,0.2500000584473386,0.2500002124720234,0.24999976229628448
World,286,0,0.25000002623457385,0.25000001440195485,0.25000001988702925,0.2499999394764421
World,287,0,0.2500000137976901,0.25000000348887935,0.24999999783140284,0.24999998488202782
World,288,2,0.24999998667554219,0.2500000303494191,0.25000010657721955,0.24999987639781912
World,289,2,0.2500000176844275,0.2500000714307527,0.25000020409051077,0.2499997067943091
World,290,0,0.25000003630220463,0.2500000204424138,0.2500000293239318,0.24999991393144982
World,291,2,0.24999999517315188,0.25000005484833604,0.25000017460600654,0.2499997753725055
World,292,2,0.24999996590509022,0.25000002269149935,0.25000010202425177,0.2499999093791587
World,293,0,0.2500002162651667,0.24999997548788452,0.2499997200745913,0.25000008817235747
World,294,2,0.24999999850848403,0.2500000811661857,0.2500002531344025,0.2499996671909277
World,295,2,0.25000002882680916,0.2500000688924819,0.25000018587878375,0.24999971640192517
World,296,2,0.25000001745061773,0.25000003061864795,0.25000007811584285,0.24999987381489144
World,297,2,0.25000002018427414,0.250000015276512,0.25000002790310216,0.24999993663611172
World,298,2,0.25000000417258605,0.2500000591879341,0.25000017941939723,0.2499997572200826
World,299,2,0.24999994368568776,0.25000005453216534,0.25000022205187206,0.24999977973027476
World,300,2,0.24999999416693455,0.2500000530336745,0.2500001701508529,0.24999978264853806
World,301,2,0.2500000177067073,0.2500000183468797,0.25000004037449325,0.24999992357191975
World,302,2,0.24999999149702995,0.25000002505430474,0.2500000857106869,0.24999989773797845
World,303,2,0.2500000078575693,0.25000002520157916,0.25000007074391284,0.24999989619693866
World,304,2,0.24999989423740449,0.2500000047640396,0.25000011322745685,0.24999998777109905
World,305,3,0.24999989140697607,0.24999996574804453,0.249999995853934,0.25000014699104534
World,306,2,0.250000025294545,0.2500000176362612,0.25000003086459366,0.24999992620460013
World,307,2,0.24999998044932545,0.25000005413104226,0.2500001861375511,0.2499997792820812
World,308,2,0.25000000343246676,0.2500000495984112,0.25000015027032585,0.24999979669879624
World,309,0,0.25000005875823206,0.2500000211243252,0.2500000096869434,0.2499999104304993
World,310,2,0.2500000247556445,0.2500000412447309,0.25000010481816126,0.24999982918146343
World,311,2,0.24999994222518981,0.25000005057919106,0.2500002115925849,0.24999979560303423
World,312,2,0.24999995784854978,0.2500000447808344,0.25000017815477593,0.2499998192158399
World,313,0,0.25000009187253647,0.25000000231651537,0.24999992111578048,0.24999998469516765
World,314,2,0.2499999349390144,0.25000003884706135,0.2500001818400743,0.24999984437384998
World,315,2,0.2499999724605634,0.25000003698779916,0.2500001407379569,0.24999984981368054
World,316,2,0.2499999486769759,0.25000002640711066,0.25000012987051257,0.2499998950454009
World,317,3,0.2500000023378906,0.24999998588119718,0.249999954675651,0.2500000571052612
World,318,0,0.2500000279276042,0.2500000154090837,0.25000002166147695,0.2499999350018353
World,319,2,0.2500000164275391,0.25000001242683106,0.25000002326869014,0.2499999478769397
World,320,2,0.25000002940950217,0.2500000191694848,0.250000032118491,0.24999991930252208
World,321,2,0.24999999154935643,0.25000003204123167,0.2500001071738368,0.24999986923557505
World,322,2,0.24999998781294383,0.25000002620455175,0.25000009319589306,0.2499998927866113
World,323,2,0.24999996271133768,0.25000002241004965,0.25000010443379567,0.24999991044481695
World,324,2,0.2500000090524595,0.25000004376388113,0.2500001273073588,0.24999981987630054
World,325,2,0.24999996562396615,0.25000002744968636,0.250000117691063,0.24999988923528438
World,326,2,0.24999999151809693,0.25000006072711267,0.25000019644935934,0.24999975130543103
World,327,2,0.2499999705653729,0.2500000263821371,0.2500001096921244,0.24999989336036568
World,328,2,0.24999998038756607,0.25000003360291917,0.25000012239282676,0.249999863616688
World,329,2,0.25000003747388433,0.25000003822524564,0.25000008339397506,0.24999984090689503
World,330,2,0.25000001300068464,0.25000001294797075,0.250000027719611,0.24999994633173364
World,331,2,0.24999998179686284,0.2500000343578832,0.2500001239126488,0.24999985993260512
World,332,2,0.2499999963237749,0.2500000110584013,0.25000003753107447,0.2499999550867493
World,333,0,0.25000003120170033,0.25000000595056476,0.24999998924868358,0.24999997359905135
World,334,2,0.24999995104619302,0.2500000440416787,0.25000018270913704,0.24999982220299122
World,335,2,0.2500000188504922,0.2500000601012332,0.25000016849089246,0.2499997525573821
World,336,2,0.24999996415225897,0.25000002213981537,0.25000010234379766,0.24999991136412802
World,337,2,0.2500000207063167,0.2500000148975156,0.25000002682819067,0.2499999375679769
World,338,2,0.24999998527397851,0.25000005269970416,0.25000017685704057,0.24999978516927676
World,339,2,0.25000001251748005,0.2500000434363453,0.25000012290096,0.24999982114521463
World,340,2,0.24999998844882318,0.2500000582462572,0.25000019158372866,0.24999976172119093
World,341,2,0.24999998671096488,0.25000004701857037,0.25000015800385844,0.24999980826660617
World,342,2,0.24999997437061164,0.25000002278336336,0.2500000950108025,0.24999990783522252
World,343,2,0.24999995944639544,0.2500000280537405,0.2500001251277678,0.24999988737209622
World,344,2,0.24999999066240178,0.2500000251020391,0.25000008652347083,0.2499998977120882
World,345,2,0.2499999787640769,0.2500000360815781,0.2500001322828955,0.24999985287144944
World,346,2,0.2500000227825721,0.25000004454379776,0.2500001163218317,0.24999981635179844
World,347,2,0.249999969734103,0.2500000562457886,0.25000020325242184,0.24999977076768662
World,348,2,0.25000004471108594,0.25000003782205243,0.2500000754693108,0.24999984199755076
World,349,2,0.24999995888338372,0.2500000593359731,0.25000022244815057,0.2499997593324926
World,350,2,0.2500000087993658,0.2500000514834369,0.25000015104691575,0.2499997886702815
World,351,2,0.24999992674427204,0.2500000509338897,0.25000022710701136,0.2499997952148269
World,352,2,0.24999998288098058,0.2500000332066595,0.2500001192196458,0.24999986469271412
World,353,2,0.2500000083131447,0.2500000453073305,0.25000013258340437,0.24999981379612043
World,354,2,0.24999999939335898,0.25000004833945433,0.25000015051623703,0.24999980175094977
World,355,2,0.24999997597934173,0.2500000375238055,0.25000013916149294,0.24999984733535982
World,356,2,0.24999996200179075,0.25000005739751124,0.2500002139104265,0.24999976669027155
World,357,0,0.2500000295466021,0.2500000151764487,0.25000001934358407,0.24999993593336517
World,358,2,0.25000000792688193,0.25000001797509097,0.2500000478754792,0.2499999262225479
World,359,2,0.25000003517891817,0.2500000530008008,0.25000013033492713,0.24999978148535393
World,360,0,0.25000004193541464,0.2500000153937045,0.2500000079054349,0.24999993476544594
World,361,2,0.25000001450775866,0.2500000538660582,0.25000015340458265,0.24999977822160047
World,362,2,0.25000004104753765,0.2500000276001837,0.2500000470171188,0.2499998843351598
World,363,2,0.24999994090133218,0.25000001728047183,0.25000010948864243,0.24999993232955364
World,364,2,0.2500000573786103,0.2500000499816935,0.25000010068154427,0.24999979195815197
World,365,2,0.24999998890450653,0.2500000264572505,0.2500000925625656,0.24999989207567738
World,366,2,0.249999953717954,0.2500000178147445,0.2500000988799851,0.2499999295873165
World,367,2,0.24999996715833808,0.25000001674863287,0.2500000829220469,0.24999993317098207
World,368,2,0.2500000109146864,0.2500000193815396,0.250000050017116,0.24999991968665808
World,369,2,0.24999994747250792,0.25000003887867034,0.25000017015718845,0.24999984349163323
World,370,2,0.24999999888778673,0.25000001950684014,0.2500000618230262,0.2499999197823469
World,371,2,0.25000000647459564,0.2500000423643593,0.25000012527536525,0.24999982588567984
World,372,2,0.2499999582848971,0.2500000217999282,0.2500001071094444,0.24999991280573025
World,373,2,0.24999994858978672,0.2500000414746604,0.2500001766181342,0.24999983331741876
World,374,2,0.24999998401294957,0.2500000165249663,0.2500000664750276,0.2499999329870565
World,375,0,0.2500000319865292,0.2500000033368011,0.24999998037728074,0.24999998429938897
World,376,2,0.24999995603667816,0.25000002571561336,0.2500001209512027,0.2499998972965058
World,377,2,0.24999994422552746,0.25000004090702765,0.2500001796294016,0.24999983523804348
World,378,0,0.2500001343544124,0.24999997746878408,0.24999980355122303,0.2500000846255805
World,379,2,0.25000002312471864,0.2500000219131302,0.25000004640429674,0.2499999085578545
World,380,0,0.25000003595701725,0.2500000189557786,0.2500000251992451,0.24999991988795914
World,381,2,0.2500000613122231,0.250000042277519,0.2500000731771458,0.24999982323311218
World,382,2,0.24999995303978428,0.2500000342613665,0.2500001503211143,0.24999986237773503
World,383,2,0.2500000039254588,0.2500000220790092,0.2500000645176618,0.2499999094778703
World,384,2,0.24999993075665247,0.25000003010916505,0.2500001579348099,0.24999988119937255
World,385,2,0.24999999170016263,0.2500000320758918,0.2500001075641035,0.24999986865984208
World,386,2,0.24999996931407703,0.250000035877635,0.25000013971047225,0.24999985509781575
World,387,2,0.2499999487259861,0.25000004725845404,0.2500001947759187,0.2499998092396411
World,388,0,0.25000018386288375,0.2499999851280913,0.24999978091837546,0.25000005009064946
World,389,2,0.24999997324199316,0.250000043241707,0.25000015930591934,0.2499998242103805
World,390,0,0.250000048479343,0.25000000138238837,0.2499999589564765,0.24999999118179214
World,391,2,0.2499999494363031,0.2500000335119019,0.25000015159041544,0.24999986546137956
World,392,2,0.24999993395242273,0.25000003146640987,0.2500001593683832,0.24999987521278422
World,393,2,0.24999995884362958,0.2500000328257929,0.2500001410605466,0.2499998672700309
World,394,2,0.25000001750415635,0.2500000253606774,0.2500000624760712,0.24999989465909503
World,395,2,0.24999995901606942,0.2500000516004366,0.2500001986038121,0.24999979077968182
World,396,2,0.2500000107591735,0.2500000302479717,0.25000008397422174,0.24999987501863305
World,397,2,0.25000000022059854,0.25000004767675127,0.2500001479664288,0.2499998041362214
World,398,2,0.24999999342864004,0.2500000059748296,0.250000024778621,0.24999997581790945
World,399,2,0.24999997680244923,0.25000002581047964,0.2500001020300077,0.24999989535706346
World,400,2,0.24999993085149894,0.2500000443063782,0.2500002022955068,0.249999822546616
World,401,0,0.25000003277988886,0.25000002026952844,0.25000003242674623,0.24999991452383655
World,402,2,0.2499999348763319,0.25000005381634416,0.25000022795019533,0.24999978335712858
World,403,2,0.24999999210516252,0.2500000087746703,0.2500000347524062,0.24999996436776098
World,404,0,0.2500000160206178,0.25000000801606936,0.2500000099296628,0.2499999660336501
World,405,0,0.2500000761509178,0.24999999983540488,0.24999992797921122,0.24999999603446615
World,406,2,0.24999999734084913,0.25000002761782014,0.2500000882829991,0.24999988675833162
World,407,2,0.2500000284302121,0.25000003063064585,0.2500000682880355,0.24999987265110654
World,408,2,0.24999996421067863,0.2500000562492117,0.2500002083122207,0.24999977122788894
World,409,2,0.2500000331916354,0.25000002254020576,0.250000038878939,0.24999990538921985
World,410,2,0.24999996379476033,0.25000003712270175,0.2500001494553246,0.24999984962721336
World,411,2,0.2499999467303792,0.2500000443958494,0.2500001879428516,0.2499998209309198
World,412,2,0.24999992789925132,0.25000005104151374,0.2500002262025648,0.24999979485667015
World,413,2,0.2499999107225875,0.2500000357459131,0.25000019518170485,0.24999985834979455
World,414,2,0.2500000276951557,0.25000002076089695,0.2500000383129781,0.24999991323096923
World,415,0,0.2500000388941356,0.25000000298263675,0.24999997227031343,0.2499999858529143
World,416,2,0.24999999769927975,0.25000005146761334,0.25000016211267656,0.24999978872043035
World,417,2,0.24999998425327724,0.250000059803019,0.25000019965792886,0.24999975628577498
World,418,2,0.24999998775869248,0.25000005819832294,0.2500001918399136,0.24999976220307094
World,419,2,0.25000003660671904,0.25000002672402155,0.250000048623029,0.2499998880462304
World,420,2,0.2499999892114226,0.2500000260013597,0.25000009064366047,0.24999989414355736
World,421,2,0.2500000052047849,0.25000005930106073,0.2500001787180807,0.24999975677607372
World,422,2,0.24999996854199177,0.25000003457533626,0.2500001369175543,0.2499998599651177
World,423,2,0.24999998849334967,0.25000004537953696,0.2500001518798728,0.24999981424724063
World,424,2,0.25000000424811025,0.25000000679340095,0.2500000167948628,0.24999997216362596
World,425,2,0.24999998351981498,0.25000004007954346,0.2500001400223773,0.24999983637826423
World,426,0,0.25000003405002824,0.25000001562394647,0.2500000165609958,0.24999993376502955
World,427,2,0.2499999531135831,0.2500000543717528,0.25000021251085963,0.24999978000380438
World,428,0,0.2500000269687113,0.25000000583540677,0.24999999234623327,0.24999997484964862
World,429,2,0.2499999869936786,0.250000037481055,0.25000012848993985,0.24999984703532652
World,430,2,0.24999999673950818,0.25000002616069456,0.2500000847262877,0.24999989237350947
World,431,2,0.24999999457108407,0.2500000402193885,0.25000013002159566,0.2499998351879318
World,432,2,0.24999998424700803,0.2500000474079141,0.25000016146051096,0.24999980688456694
World,433,2,0.24999999886445978,0.25000003768787304,0.25000011799836125,0.24999984544930592
World,434,2,0.24999992068156154,0.2500000022530923,0.2500000821782559,0.24999999488709024
World,435,2,0.24999997918583228,0.2500000508035422,0.2500001770081243,0.24999979300250116
World,436,2,0.24999993570999862,0.25000002086759177,0.2500001253189751,0.24999991810343455
World,437,2,0.24999988648326502,0.2500000529974957,0.2500002707716406,0.24999978974759865
World,438,2,0.250000023260187,0.25000003338282334,0.25000008195946233,0.2499998613975273
World,439,2,0.2499999424589134,0.250000042502799,0.2500001860152452,0.24999982902304232
World,440,0,0.2500000389322203,0.25000000857852683,0.24999998981331348,0.2499999626759393
World,441,2,0.249999937244327,0.2500000630690907,0.2500002546494561,0.2499997450371263
World,442,2,0.24999994960130056,0.2500000417901963,0.25000017693558346,0.2499998316729197
World,443,2,0.24999998901743373,0.2500000400911843,0.25000013468169235,0.24999983620968963
World,444,2,0.24999994227736794,0.25000004002918846,0.2500001782639655,0.24999983942947812
World,445,0,0.2500000337160509,0.2500000035551542,0.24999997931666157,0.2499999834121333
World,446,2,0.2500000355240276,0.25000003802660237,0.250000084393023,0.24999984205634704
World,447,2,0.2499999319516983,0.2500000419905144,0.2500001943332529,0.2499998317245344
World,448,2,0.24999994285392965,0.2500000360042251,0.2500001655412485,0.2499998556005967
World,449,2,0.24999997310303784,0.2500000282814823,0.250000113444912,0.24999988517056776
World,450,2,0.24999995490963003,0.25000002033636626,0.250000105458327,0.24999991929567664
World,451,0,0.2500001198316414,0.24999999190933023,0.2499998625280786,0.25000002573094976
World,452,2,0.25000002036608876,0.2500000161625856,0.25000003073451826,0.24999993273680737
World,453,2,0.2499999575428436,0.25000004009617977,0.25000016442426687,0.2499998379367098
World,454,2,0.2499999756893769,0.25000002765860513,0.25000010865150246,0.24999988800051548
World,455,2,0.24999994476262172,0.25000003640686563,0.2500001647233785,0.24999985410713418
World,456,0,0.25000006147390086,0.2500000264305442,0.25000002363376883,0.24999988846178614
World,457,2,0.24999991145939604,0.25000004270807474,0.25000021508426434,0.24999983074826482
World,458,2,0.24999997558997977,0.2500000369360388,0.25000013776715163,0.24999984970682984
World,459,2,0.24999995499121708,0.25000005796066793,0.2500002221700196,0.24999976487809542
World,460,2,0.24999999847164783,0.2500000522154827,0.2500001633795774,0.24999978593329197
World,461,0,0.2500000318154403,0.25000000422642493,0.24999998300327758,0.2499999809548571
World,462,2,0.24999999322535646,0.2500000366885118,0.2500001204605599,0.24999984962557184
World,463,0,0.2500000497584902,0.2500000067306846,0.24999997413745195,0.24999996937337307
World,464,0,0.25000013882952676,0.249999997521166,0.24999986181165862,0.25000000183764864
World,465,0,0.25000004438485046,0.25000000827485724,0.2499999840518861,0.24999996328840618
World,466,2,0.2499999865977977,0.2500000397566145,0.25000013599848525,0.2499998376471025
World,467,2,0.2500000153711957,0.2500000319503963,0.25000008446417454,0.24999986821423345
World,468,2,0.2499999689490636,0.2500000233808604,0.25000010203005346,0.24999990564002258
World,469,2,0.24999998310827157,0.2500000237405284,0.25000008966376325,0.24999990348743678
World,470,2,0.24999997824533232,0.2500000339298436,0.2500001258576464,0.2499998619671776
World,471,2,0.2499999564096173,0.2500000307850141,0.25000013634068136,0.24999987646468733
World,472,2,0.2499999302509713,0.25000003349483796,0.2500001696010044,0.24999986665318633
World,473,2,0.25000002010774763,0.2500000166975879,0.25000003253662534,0.24999993065803902
World,474,2,0.24999996186076873,0.25000002473911365,0.25000011271656086,0.24999990068355676
World,475,0,0.2500000597270216,0.25000003490189443,0.25000005187065605,0.2499998535004279
World,476,2,0.2499999765534818,0.2500000462480667,0.2500001655381434,0.24999981166030816
World,477,0,0.25000013578439073,0.24999997433768936,0.2499997924254415,0.25000009745247836
World,478,2,0.24999999468710193,0.2500000289113799,0.2500000948927146,0.24999988150880356
World,479,2,0.2500000314649265,0.25000002654392667,0.250000052894232,0.24999988909691487
World,480,2,0.24999996980375597,0.2500000798080948,0.2500002753156108,0.24999967507253837
World,481,2,0.25000000916256304,0.25000000760945484,0.25000001454471577,0.24999996868326638
World,482,2,0.25000001256508997,0.25000001097052116,0.25000002217962586,0.249999954284763
World,483,3,0.2500000254076209,0.24999998903624357,0.24999994197107647,0.25000004358505906
World,484,2,0.24999997746600752,0.25000005194984387,0.2500001822540101,0.24999978833013844
World,485,2,0.24999993417593946,0.2500000356797139,0.2500001728088441,0.24999985733550253
World,486,2,0.2499999694456915,0.25000002513066977,0.2500001067614956,0.24999989866214317
World,487,2,0.2500000075994934,0.2500000301925816,0.2500000864225891,0.24999987578533595
World,488,2,0.24999996341402062,0.2500000486416216,0.25000018525853285,0.24999980268582497
World,489,2,0.24999991210042707,0.250000006713743,0.2500001029860959,0.24999997819973402
World,490,2,0.25000004674773696,0.2500000571199527,0.25000013306976276,0.24999976306254754
World,491,2,0.24999996983232023,0.2500000468922378,0.25000017338710134,0.2499998098883406
World,492,2,0.2499999800514132,0.2500000612729329,0.2500002086571258,0.2499997500185282
World,493,2,0.24999996303273117,0.250000016624138,0.2500000864279082,0.24999993391522254
World,494,0,0.250000036311845,0.25000000793414084,0.24999999060899428,0.24999996514501996
World,495,2,0.25000001293727325,0.25000003407809845,0.2500000939842905,0.24999985900033775
World,496,2,0.2499999607504233,0.25000004290750755,0.25000016957439225,0.24999982676767699
World,497,2,0.24999994697986624,0.2500000580417366,0.25000022977089487,0.2499997652075023
World,498,2,0.249999996524225,0.250000053934106,0.25000017040121464,0.2499997791404544
World,499,2,0.2500000223948727,0.25000007445798605,0.2500002089546423,0.24999969419249893
World,500,2,0.24999999504391335,0.25000002166996893,0.25000007193347423,0.24999991135264346
World,501,2,0.2499999602030913,0.25000003013372935,0.25000013082054895,0.2499998788426304
World,502,2,0.2500000200256301,0.25000002159562623,0.2500000481869693,0.24999991019177437
World,503,2,0.24999989426251815,0.2500000346205366,0.2500002068748281,0.24999986424211718
World,504,2,0.24999994493904867,0.25000005131036307,0.2500002113098318,0.24999979244075646
World,505,2,0.24999995557251659,0.2500000416049025,0.2500001708340333,0.24999983198854753
World,506,2,0.24999998897197567,0.2500000209366198,0.2500000755033859,0.2499999145880186
World,507,2,0.2500000146026681,0.2500000262477104,0.25000006790975204,0.24999989123986957
World,508,2,0.2499999561742323,0.2500000478123826,0.25000018967580356,0.24999980633758148
World,509,3,0.24999999869647593,0.24999999967446984,0.25000000041156567,0.25000000121748855
World,510,2,0.2499999988884143,0.25000007286274056,0.2500002268552629,0.24999970139358224
World,511,2,0.2499999911071841,0.2500000396164215,0.25000013117685815,0.2499998380995363
World,512,0,0.25000010987120896,0.2499999799053529,0.2499998343754046,0.2500000758480335
World,513,2,0.2500000036320269,0.25000000464477995,0.25000001121190063,0.2499999805112926
World,514,2,0.24999999893953956,0.2500000403779543,0.25000012618174755,0.24999983450075855
World,515,2,0.24999999786423457,0.2500000472519691,0.2500001485053034,0.24999980637849292
World,516,2,0.2500000315393678,0.2500000624203611,0.25000016332460995,0.24999974271566117
World,517,2,0.24999995712812703,0.25000005530892316,0.25000021179363807,0.2499997757693117
World,518,2,0.24999997762140064,0.25000005884138676,0.25000020382264837,0.2499997597145642
World,519,2,0.2499999824546264,0.2500000319330856,0.25000011549919915,0.2499998701130888
World,520,2,0.2499999910563398,0.2500000354144049,0.2500001182603652,0.24999985526889
World,521,0,0.25000003406380206,0.2499999970816805,0.24999995899841948,0.2500000098560979
World,522,3,0.250000033534357,0.2499999873942554,0.24999992933168919,0.2500000497396984
World,523,0,0.25000006307434397,0.2500000309108601,0.25000003663568166,0.24999986937911436
World,524,0,0.250000053973507,0.2500000032686931,0.24999995931899008,0.2499999834388098
World,525,2,0.25000001306854186,0.2500000140034932,0.2500000310175366,0.24999994191042835
World,526,2,0.25000002264004373,0.25000005149299925,0.25000013804136206,0.24999978782559495
World,527,2,0.2499999516063836,0.25000004639959217,0.2500001896531208,0.24999981234090343
World,528,2,0.25000000245998333,0.25000003303185836,0.25000010050892624,0.24999986399923202
World,529,0,0.2500000754055349,0.25000002311296715,0.2500000001683177,0.24999990131318023
World,530,2,0.24999997309247818,0.250000048649636,0.25000017626034343,0.24999980199754246
World,531,2,0.24999994352352406,0.250000038211862,0.2500001723007803,0.2499998459638336
World,532,2,0.2499999600739738,0.25000000828626473,0.25000006344150827,0.24999996819825315
World,533,2,0.24999993152465055,0.24999999253739913,0.2500000419083851,0.2500000340295652
World,534,2,0.24999997085580428,0.25000003335327675,0.25000013081038414,0.24999986498053475
World,535,0,0.25000015151385735,0.24999998572524842,0.24999981298452234,0.2500000497763718
World,536,2,0.2499999749642628,0.25000003661269726,0.2500001370714349,0.24999985135160507
World,537,2,0.2499999830459219,0.2500000491988672,0.25000016864747354,0.24999979910773729
World,538,2,0.2499999833726052,0.25000001105085123,0.25000005020793764,0.2499999553686059
World,539,2,0.24999998437590573,0.25000003908867996,0.2500001360935697,0.2499998404418445
World,540,2,0.2499999746610679,0.25000000803961087,0.2500000487090226,0.24999996859029866
World,541,2,0.2500000232012639,0.2500000376887576,0.2500000952507738,0.24999984385920465
World,542,2,0.250000025776548,0.25000003806518734,0.25000009341238527,0.24999984274587939
World,543,2,0.2499999445783789,0.25000005522678515,0.2500002236603126,0.24999977653452335
World,544,0,0.2500000487756214,0.25000000340299416,0.24999996489736104,0.24999998292402342
World,545,2,0.25000001304375075,0.2500000316962801,0.25000008617058317,0.24999986908938598
World,546,2,0.2499999909246512,0.25000003083403005,0.2500001044181703,0.24999987382314853
World,547,2,0.24999994460755554,0.25000000417660423,0.2500000648495477,0.2499999863662926
World,548,2,0.25000000909465225,0.2500000235583692,0.25000006439380035,0.24999990295317812
World,549,2,0.24999998225362027,0.25000001416062106,0.2500000604915897,0.24999994309416892
World,550,2,0.2500000160421769,0.25000002562140583,0.25000006419063386,0.2499998941457833
World,551,2,0.2500000024312109,0.2500000384022106,0.2500001164237387,0.24999984274283987
World,552,2,0.25000001284448053,0.25000004843705237,0.25000013828380074,0.2499998004346663
World,553,0,0.25000014766524303,0.24999997206699293,0.24999977414733196,0.25000010612043205
World,554,2,0.2500000063535151,0.25000006492917765,0.2500001947458847,0.24999973397142258
World,555,0,0.250000010214883,0.25000000336169337,0.25000000072426265,0.24999998569916101
World,556,2,0.2500000035809457,0.2500000294470133,0.25000008769213455,0.24999987927990636
World,557,2,0.2500000173193133,0.2500000754282144,0.25000021725014426,0.24999969000232805
World,558,2,0.24999999991295963,0.25000003926712144,0.25000012193915516,0.24999983888076385
World,559,2,0.24999995974334893,0.25000005299143313,0.25000020182432137,0.24999978544089652
World,560,2,0.25000000978131365,0.2500000381724626,0.25000010946246753,0.24999984258375615
World,561,2,0.24999999125436764,0.25000004641252194,0.25000015192656344,0.2499998104065469
World,562,2,0.2499999758760399,0.25000001339009204,0.2500000642196918,0.24999994651417623
World,563,2,0.24999997870758503,0.25000003048056574,0.2500001146391298,0.2499998761727194
World,564,2,0.2500000088315084,0.25000002508063207,0.2500000695979539,0.24999989648990556
World,565,0,0.25000004263585224,0.25000001189311316,0.2499999966533641,0.24999994881767051
World,566,2,0.24999995759180868,0.25000001205223493,0.2500000777024957,0.24999995265346062
World,567,2,0.24999999885545932,0.25000004370860757,0.2500001366766173,0.24999982075931587
World,568,2,0.25000000811641077,0.2500000294376258,0.250000083120066,0.24999987932589748
World,569,2,0.2499999806920178,0.25000004455705943,0.2500001559960712,0.2499998187548516
World,570,2,0.2499999790615227,0.25000003360850803,0.2500001241846615,0.24999986314530778
World,571,0,0.2500000589419233,0.250000011905069,0.24999998143659485,0.24999994771641287
World,572,2,0.25000001887337653,0.2500000537068395,0.2500001489645448,0.2499997784552392
World,573,2,0.2499999989091295,0.25000003602157295,0.2500001130822494,0.24999985198704813
World,574,0,0.25000003165406876,0.2500000088303239,0.2499999975715436,0.24999996194406374
World,575,2,0.24999997039765143,0.25000003768645807,0.2500001448178064,0.249999847098084
World,576,2,0.24999998641397328,0.2500000167970743,0.25000006490014476,0.24999993188880762
World,577,2,0.2499999853653185,0.25000003961560574,0.2500001370684234,0.24999983795065228
World,578,2,0.2500000257859704,0.25000003942973303,0.25000009790914124,0.24999983687515528
World,579,0,0.25000015204691045,0.2499999746006704,0.24999977773428284,0.25000009561813635
World,580,2,0.24999995165563813,0.2500000506750476,0.2500002028685054,0.24999979480080892
World,581,2,0.24999998699311066,0.25000002755529943,0.2500000978721944,0.2499998875793956
World,582,2,0.2500000431629404,0.2500000279430944,0.25000004550219823,0.24999988339176699
World,583,2,0.2500000051398527,0.250000057293236,0.2500001728383733,0.24999976472853805
World,584,2,0.24999996027179475,0.2500000373302037,0.25000015328791425,0.2499998491100873
World,585,2,0.24999995496692745,0.25000000525158633,0.25000005858547486,0.24999998119601138
World,586,2,0.24999993423858982,0.2500000554942596,0.2500002342736465,0.2499997759935041
World,587,2,0.24999997507309873,0.25000001150845463,0.2500000592853055,0.24999995413314122
World,588,2,0.24999994296199404,0.2500000260494263,0.25000013450776537,0.24999989648081428
World,589,2,0.2500000290590913,0.25000006580092177,0.2500001762054837,0.2499997289345031
World,590,2,0.24999992769971827,0.25000005064910114,0.2500002249271853,0.24999979672399528
World,591,2,0.2500000089632202,0.25000005361104544,0.25000015783942786,0.2499997795863065
World,592,0,0.250000046900171,0.25000001082866397,0.2499999892793078,0.24999995299185723
World,593,2,0.24999996405952146,0.2500000574494831,0.2500002121507531,0.24999976634024235
World,594,2,0.25000002766015117,0.25000003694074807,0.25000008855119776,0.24999984684790288
World,595,0,0.25000004031122625,0.2500000225595368,0.2500000316469125,0.24999990548232445
World,596,2,0.25000000164438035,0.2500000263713696,0.250000080614821,0.2499998913694291
World,597,0,0.2500001843944807,0.24999998327457473,0.2499997746810935,0.2500000576498511
World,598,2,0.25000002776452124,0.250000051383557,0.2500001327150152,0.24999978813690668
World,599,2,0.24999995735921193,0.25000003450574004,0.2500001471233276,0.2499998610117205
World,600,2,0.24999997549889239,0.25000000795779453,0.25000004726217534,0.24999996928113777
World,601,2,0.24999998166145443,0.25000006358912585,0.2500002145530014,0.24999974019641827
World,602,2,0.24999996292918164,0.2500000330436921,0.2500001374244627,0.24999986660266352
World,603,2,0.2499999977794817,0.2500000159264036,0.2500000514594718,0.24999993483464295
World,604,2,0.250000006397827,0.2500000358679519,0.25000010552800145,0.24999985220621967
World,605,2,0.2500000433880688,0.2500000486899583,0.25000011014012813,0.24999979778184486
World,606,2,0.24999995374788386,0.25000001601463284,0.250000093313253,0.2499999369242302
World,607,2,0.2499999524297784,0.2500000541292719,0.25000021218775026,0.24999978125319944
World,608,2,0.24999994630891761,0.2500000469122569,0.25000019572133,0.24999981105749555
World,609,2,0.24999999113712432,0.2500000338818716,0.25000011332456,0.249999861656444
World,610,2,0.25000000646465437,0.2500000290514412,0.2500000843550164,0.249999880128888
World,611,2,0.24999998229970002,0.25000001475238454,0.2500000624748058,0.24999994047310978
World,612,0,0.25000001692701523,0.25000000616091295,0.2500000029870557,0.2499999739250161
World,613,2,0.2500000043630432,0.2500000493128787,0.25000014887330146,0.24999979745077663
World,614,2,0.25000002997063064,0.2500000414999539,0.25000010054955385,0.24999982797986167
World,615,2,0.24999995469986291,0.2500000231885145,0.2500001147920862,0.24999990731953642
World,616,2,0.2500000028296019,0.2500000472243971,0.25000014385409725,0.24999980609190378
World,617,0,0.2500001097371162,0.2499999958247868,0.2499998837448738,0.2500000106932233
World,618,2,0.2499999520482926,0.25000002942755584,0.25000013641097113,0.2499998821131804
World,619,0,0.25000001017201756,0.2500000005181339,0.24999999199121473,0.2499999973186338
World,620,2,0.250000016595631,0.2500000235536909,0.2500000570329073,0.24999990281777087
World,621,2,0.24999999652377747,0.2500000330765274,0.2500001060727759,0.24999986432691926
World,622,2,0.24999997868162796,0.2500000205326951,0.25000008395466106,0.24999991683101588
World,623,2,0.2499999858341543,0.2500000187405629,0.25000007141540276,0.24999992400988003
World,624,2,0.24999992603612248,0.25000004798879877,0.2500002184011072,0.2499998075739716
World,625,2,0.249999921487989,0.2499999976741629,0.2500000670186054,0.25000001381924264
World,626,0,0.2500000039060139,0.24999999959927421,0.24999999546250243,0.2500000010322095
World,627,2,0.24999996667881635,0.25000003124057535,0.2500001283372213,0.24999987374338697
World,628,2,0.25000003146502475,0.250000041825454,0.2500001000480503,0.24999982666147086
World,629,2,0.24999999052392605,0.25000003840603247,0.25000012792433035,0.24999984314571116
World,630,2,0.24999989523614968,0.24999998875617446,0.2500000637799547,0.25000005222772115
World,631,2,0.2499999479543324,0.2500000274463857,0.25000013444884767,0.24999989015043425
World,632,2,0.2500000236043522,0.2500000398785617,0.25000010140916135,0.24999983510792484
World,633,0,0.25000004877069715,0.25000000629777486,0.2499999736973435,0.24999997123418446
World,634,2,0.25000000087829755,0.2500000208736019,0.2500000637049928,0.24999991454310777
World,635,2,0.24999994333067008,0.25000004905147105,0.2500002057238858,0.24999980189397308
World,636,2,0.24999997031942803,0.2500000267309366,0.2500001109463319,0.2499998920033035
World,637,2,0.24999995458883764,0.25000005537424325,0.25000021474750284,0.24999977528941633
World,638,2,0.24999997003850635,0.2500000547061831,0.2500001976519665,0.24999977760334413
World,639,2,0.24999996906092886,0.25000004159143324,0.25000015764932515,0.2499998316983128
World,640,2,0.25000001542602296,0.25000003216750377,0.2500000853667162,0.24999986703975713
World,641,2,0.24999998594811396,0.2500000490574147,0.2500001649057319,0.24999980008873943
World,642,2,0.2500000022420279,0.2500000427726259,0.25000012994368215,0.249999825041664
World,643,3,0.2499999503994864,0.2499999933974414,0.2500000269109847,0.25000002929208753
World,644,2,0.2499999635781637,0.25000000613564366,0.25000005296405325,0.24999997732213936
World,645,0,0.2500000463153924,0.2500000014745507,0.24999996132332547,0.24999999088673147
World,646,2,0.24999995109942094,0.25000006916750195,0.2500002605815237,0.24999971915155342
World,647,2,0.2500000049763302,0.2500000366670038,0.25000010946589263,0.2499998488907734
World,648,2,0.24999998600776835,0.2500000216117912,0.25000008028802717,0.2499999120924133
World,649,2,0.24999998544944355,0.2500000532574386,0.2500001790835565,0.24999978220956143
World,650,2,0.25000003319579855,0.25000003083483824,0.2500000637983025,0.24999987217106076
World,651,0,0.25000005486487603,0.25000001703270225,0.2500000010253246,0.24999992707709717
World,652,0,0.2500000362015474,0.2500000192002225,0.2500000250732062,0.2499999195250239
World,653,2,0.24999998383071043,0.2500000544691013,0.25000018412921965,0.24999977757096864
World,654,2,0.24999999296475098,0.25000003381780955,0.25000011175946535,0.24999986145797415
World,655,2,0.2499999330589754,0.25000000291739943,0.2500000714687451,0.2499999925548801
World,656,0,0.2500000324081511,0.2500000104771625,0.2500000018767375,0.24999995523794885
World,657,2,0.2500000111880891,0.2500000074821776,0.25000001266976707,0.24999996865996627
World,658,0,0.2500000608133236,0.2499999919521997,0.2499999179274787,0.25000002930699794
World,659,2,0.25000002117577885,0.2500000295975167,0.25000007205949554,0.2499998771672089
World,660,2,0.24999996213291129,0.25000003390806996,0.2500001412581897,0.2499998627008291
World,661,0,0.25000009076010143,0.2500000158138135,0.2499999636560684,0.2499999297700167
World,662,0,0.2500001443513953,0.2499999724522395,0.24999977831561981,0.25000010488074537
World,663,2,0.2499999718467486,0.25000004189464936,0.2500001562849486,0.2499998299736534
World,664,2,0.2499999678069166,0.2500000343461141,0.25000013723844794,0.2499998606085213
World,665,2,0.24999992022295972,0.25000000898920754,0.2500001023453621,0.24999996844247058
World,666,2,0.25000000864643923,0.2500000210260022,0.2500000571823997,0.24999991314515876
World,667,0,0.2500000352430499,0.2500000176134746,0.25000002161056073,0.2499999255329147
World,668,2,0.2499999806961325,0.25000002579546676,0.2500000982775627,0.249999895230838
World,669,2,0.24999991117151807,0.2500000265491071,0.250000165859578,0.2499998964197968
World,670,2,0.2499999013067954,0.2500000194897008,0.2500001537759337,0.24999992542757007
World,671,2,0.24999996079605138,0.25000003604773835,0.2500001485419626,0.24999985461424762
World,672,2,0.25000001311393105,0.2500000272090627,0.25000007249995204,0.24999988717705413
World,673,2,0.25000000133836414,0.25000006109352674,0.2500001880662834,0.2499997495018257
World,674,2,0.25000002081865724,0.2500000215073165,0.25000004734134496,0.2499999103326813
World,675,2,0.25000002263383736,0.2500000376156863,0.25000009566418036,0.24999984408629602
World,676,2,0.24999994688729335,0.25000004465627457,0.2500001882621169,0.2499998201943152
World,677,2,0.25000000627900165,0.2500000184861285,0.2500000516459475,0.24999992358892234
World,678,2,0.2499999723592531,0.2500000429157196,0.2500001590892567,0.24999982563577067
World,679,2,0.2499999914026517,0.2500000150574151,0.2500000549852666,0.24999993855466662
World,680,2,0.249999982539038,0.25000004239730855,0.25000014787229735,0.2499998271913561
World,681,2,0.24999992871776316,0.2500000582343714,0.25000024758196543,0.2499997654659
World,682,2,0.24999997426056217,0.2500000580963283,0.250000204485901,0.24999976315720857
World,683,2,0.2500000277305948,0.2500000178265617,0.25000002923977455,0.24999992520306885
World,684,2,0.25000000438079584,0.2500000402370532,0.2500001208605244,0.24999983452162655
World,685,2,0.24999999135324388,0.2500000319664897,0.25000010740324613,0.24999986927702036
World,686,2,0.24999994134410874,0.2500000483070648,0.2500002048924844,0.2499998054563421
World,687,2,0.2499999743919776,0.2500000694908529,0.25000023883500644,0.24999971728216305
World,688,3,0.2500000382822609,0.24999998545316438,0.24999991901970656,0.25000005724486807
World,689,2,0.24999999566027695,0.25000006165181204,0.2500001952408096,0.24999974744710152
World,690,2,0.25000001908099784,0.25000001920917553,0.2500000416482597,0.24999992006156693
World,691,2,0.24999992324837542,0.2500000513563221,0.25000023158342133,0.24999979381188117
World,692,2,0.2500000101672288,0.25000002986151226,0.25000008291888043,0.24999987705237858
World,693,2,0.24999999874608558,0.2500000437994163,0.2500001373760252,0.2499998200784728
World,694,2,0.24999990823770982,0.25000003786912134,0.2500002032766374,0.2499998506165314
World,695,2,0.2500000143739887,0.25000005154111754,0.25000014622690825,0.24999978785798543
World,696,2,0.2500000071183624,0.25000006196128405,0.2500001854847213,0.24999974543563228
World,697,2,0.2499999713676508,0.2500000378036712,0.25000014430418227,0.24999984652449567
World,698,2,0.24999995986341533,0.25000005054309926,0.2500001943576507,0.24999979523583474
World,699,2,0.24999996240954114,0.2500000127768964,0.2500000751328951,0.24999994968066733
World,700,0,0.25000005822212984,0.25000001108413966,0.24999997932126145,0.24999995137246914
World,701,2,0.24999993940711454,0.25000005846950263,0.2500002381906225,0.24999976393276027
World,702,0,0.2500000611125286,0.2500000141853127,0.2499999865168528,0.24999993818530594
World,703,2,0.25000001675354455,0.2500000274426253,0.2500000692504738,0.2499998865533564
World,704,2,0.249999935878524,0.25000002384054426,0.2500001342623937,0.24999990601853797
World,705,2,0.24999999721618596,0.2500000338440934,0.25000010751514584,0.24999986142457484
World,706,2,0.24999997757709608,0.2500000329507082,0.2500001237096015,0.24999986576259423
World,707,2,0.2500000443063575,0.2500000510007163,0.2500001158412123,0.24999978885171373
World,708,2,0.2499999826290917,0.25000002686597256,0.2500000995670229,0.24999989093791286
World,709,2,0.2500000116066831,0.25000001689873885,0.25000004160356876,0.24999992989100928
World,710,2,0.249999934831466,0.25000000634551556,0.2500000808481204,0.24999997797489798
World,711,2,0.2499999336369658,0.250000058370364,0.25000024361782386,0.24999976437484642
World,712,2,0.24999995656785712,0.2500000409738763,0.2500001679477755,0.24999983451049104
World,713,0,0.25000010142603324,0.25000002394879317,0.24999997887711062,0.24999989574806297
World,714,0,0.25000008158357606,0.2499999843424124,0.24999987476723595,0.2500000593067755
World,715,2,0.25000000376727927,0.25000002871789984,0.25000008512487887,0.249999882389942
World,716,3,0.24999991488112616,0.24999998731836295,0.25000004080415417,0.25000005699635675
World,717,2,0.24999992616572314,0.25000001847470044,0.25000012675928507,0.24999992860029133
World,718,2,0.25000004277896976,0.2500000407765738,0.25000008614895297,0.24999983029550354
World,719,2,0.24999993165792758,0.2500000377770745,0.25000018141038716,0.24999984915461074
World,720,0,0.25000009288271124,0.2500000070181571,0.2499999342371206,0.249999965862011
World,721,0,0.2500000228973737,0.25000001048309606,0.25000001081886586,0.2499999558006643
World,722,2,0.2500000237065245,0.2500000532407943,0.25000014292108613,0.24999978013159505
World,723,2,0.24999998931034006,0.2500000269524975,0.25000009399615175,0.24999988974101062
World,724,2,0.25000003503586643,0.25000002945266553,0.25000005831461913,0.24999987719684888
World,725,2,0.2499999962955013,0.25000002052261855,0.25000006718007955,0.24999991600180063
World,726,2,0.24999990671381317,0.2500000227478291,0.25000015854479957,0.2499999119935581
World,727,0,0.25000006857939155,0.2500000018916863,0.2499999414482459,0.24999998808067625
World,728,2,0.2500000523299152,0.25000005537817765,0.25000012291767904,0.2499997693742281
World,729,2,0.2499999810376472,0.25000003407109445,0.25000012326567234,0.2499998616255861
World,730,2,0.2500000378212524,0.2500000524134815,0.2500001266960894,0.2499997830691767
World,731,2,0.2499999987139413,0.25000002003529176,0.2500000633151416,0.24999991793562534
World,732,2,0.24999993409710514,0.25000002617649464,0.25000014337979726,0.2499998963466029
World,733,2,0.2500000267042178,0.2500000508750206,0.250000132479779,0.24999978994098257
World,734,0,0.25000005397930747,0.25000002888841033,0.2500000390176011,0.24999987811468108
World,735,2,0.24999998113795793,0.25000005084977595,0.25000017523001977,0.24999979278224627
World,736,2,0.24999997356752127,0.25000005478068343,0.2500001947253442,0.249999776926451
World,737,2,0.2499999421149893,0.2500000267503305,0.2500001374717345,0.24999989366294578
World,738,0,0.25000002020448087,0.24999999675568724,0.24999997093812532,0.2500000121017065
World,739,2,0.24999997883141187,0.2500000202058568,0.25000008283533615,0.24999991812739514
World,740,2,0.2500000429473145,0.25000003435984924,0.2500000662051232,0.24999985648771306
World,741,2,0.24999999657720295,0.2500000506409662,0.25000016036133377,0.24999979242049702
World,742,2,0.24999998836536985,0.2500000193818276,0.2500000712250425,0.2499999210277601
World,743,2,0.24999997584300504,0.25000003927948067,0.25000014481949584,0.2499998400580186
World,744,2,0.25000002646467434,0.25000005431535444,0.2500001432164211,0.24999977600355008
World,745,3,0.24999993960644978,0.24999998876724655,0.2500000220952692,0.2500000495310344
World,746,2,0.2499999975142678,0.2500000502622796,0.2500001581331982,0.2499997940902544
World,747,2,0.24999999894011288,0.25000003800236686,0.25000011914922865,0.24999984390829158
World,748,2,0.24999995196158567,0.2500000486100864,0.25000019585847527,0.24999980356985266
World,749,0,0.2500000250035455,0.25000000600083794,0.24999999460202638,0.24999997439359012
World,750,3,0.24999989996437616,0.24999998681055216,0.25000005333002207,0.2500000598950496
World,751,2,0.2500000282593733,0.2500000467585416,0.2500001183588328,0.2499998066232524
World,752,2,0.2500000232868764,0.2500000566133615,0.2500001532315101,0.249999766868252
World,753,2,0.2500000560624338,0.2500000448398914,0.25000008573402516,0.24999981336364963
World,754,2,0.24999998727764403,0.2500000677059732,0.2500002216717491,0.24999972334463355
World,755,2,0.24999997882534805,0.2500000277727309,0.25000010652600546,0.24999988687591562
World,756,2,0.24999998870767853,0.2500000395188715,0.250000133412263,0.24999983836118697
World,757,2,0.24999995209523254,0.25000005069964476,0.2500002024439141,0.24999979476120862
World,758,2,0.24999995770748135,0.2500000561015896,0.25000021376189235,0.24999977242903676
World,759,2,0.24999996483172493,0.2500000491923818,0.2500001857540361,0.2499998002218572
World,760,2,0.2499999515472261,0.25000003213947825,0.2500001456096253,0.24999987070367033
World,761,2,0.2499999314055225,0.25000003494796247,0.2500001729137482,0.24999986073276667
World,762,0,0.250000044324731,0.2500000067967721,0.24999997943600186,0.2499999694424951
World,763,2,0.2499999984500148,0.2500000564479636,0.250000176581328,0.24999976852069367
World,764,2,0.24999997362648202,0.25000001555723667,0.25000007333981006,0.24999993747647123
World,765,0,0.25000000511800613,0.2500000011054409,0.24999999903199388,0.24999999474455908
World,766,2,0.25000001636867675,0.25000002781718433,0.25000007103389915,0.2499998847802398
World,767,0,0.25000005721402796,0.2500000133041361,0.2499999868997377,0.2499999425820982
World,768,2,0.24999999926426147,0.2500000420451932,0.2500001311950648,0.24999982749548047
World,769,2,0.24999997341717956,0.2500000478844627,0.25000017371057603,0.24999980498778165
World,770,2,0.2499999567714233,0.25000000741982775,0.2500000634706532,0.24999997233809573
World,771,2,0.2500000188405953,0.25000004656011504,0.25000012670578725,0.24999980789350243
World,772,2,0.24999997444836908,0.25000003827829365,0.2500001430262597,0.24999984424707766
World,773,2,0.24999993054818384,0.250000058279781,0.25000024582612784,0.24999976534590726
World,774,2,0.2500000195048063,0.25000005383182317,0.25000014805134907,0.2499997786120214
World,775,2,0.2499999147712985,0.250000066043157,0.2500002847604176,0.2499997344251269
World,776,2,0.24999996620541018,0.2500000628107862,0.25000022637311653,0.24999974461068714
World,777,2,0.2499999915632295,0.250000047482777,0.2500001556681563,0.2499998052858372
World,778,2,0.25000002282122297,0.25000005871857783,0.25000016001281977,0.24999975844737946
World,779,2,0.2500000033762455,0.2500000264459668,0.2500000789195466,0.24999989125824107
World,780,2,0.24999997697201692,0.2500000056726341,0.250000039290424,0.24999997806492494
World,781,2,0.24999996999465873,0.25000005530505004,0.2500001997759322,0.24999977492435901
World,782,2,0.24999997344666286,0.2500000501971931,0.2500001807500688,0.24999979560607524
World,783,2,0.2499999594343926,0.25000002969283674,0.25000013026156537,0.24999988061120526
World,784,2,0.24999999049858637,0.250000034882742,0.25000011753669416,0.24999985708197747
World,785,2,0.2500000187167229,0.2500000261319367,0.25000006351608617,0.24999989163525416
World,786,2,0.2499999694456095,0.2500000408563822,0.2500001555536117,0.24999983414439653
World,787,0,0.2500000320282553,0.25000001313958925,0.25000001044100617,0.24999994439114914
World,788,2,0.24999994679432735,0.2500000301293478,0.25000014365581785,0.24999987942050692
World,789,2,0.24999996809374928,0.25000003543583216,0.25000014008002935,0.24999985639038913
World,790,2,0.250000015250013,0.2500000561113964,0.25000015940683895,0.24999976923175168
World,791,0,0.25000003983532265,0.25000000411314455,0.2499999751936823,0.2499999808578505
World,792,2,0.24999996310421252,0.2500000311327057,0.2500001316054382,0.24999987415764352
World,793,2,0.24999996088449572,0.2500000419596616,0.2500001670314215,0.2499998301244212
World,794,2,0.24999997466179277,0.2500000205012281,0.2500000875807841,0.24999991725619494
World,795,2,0.24999996786429798,0.2500000284988105,0.25000011889083035,0.24999988474606122
World,796,2,0.2499999824261898,0.25000001820183865,0.2500000726829916,0.24999992668898005
World,797,2,0.25000002742196126,0.2500000375312471,0.2500000910214891,0.24999984402530245
World,798,0,0.25000000252997195,0.2500000013777535,0.25000000223700536,0.24999999385526914
World,799,2,0.2500000132873138,0.250000039233681,0.2500001087729738,0.2499998387060314
World,800,2,0.24999999325436464,0.2500000356182203,0.25000011640224845,0.24999985472516667
World,801,2,0.24999997632683627,0.25000004336576537,0.25000015688420635,0.24999982342319202
World,802,2,0.24999995888559046,0.25000001550890405,0.25000008687202724,0.24999993873347828
World,803,2,0.2499999705192059,0.2500000508663142,0.250000185208427,0.2499997934060529
World,804,0,0.2500001487740959,0.24999998289213698,0.2499998068232236,0.25000006151054355
World,805,2,0.2500000007971932,0.25000005606769793,0.250000172862584,0.24999977027252496
World,806,2,0.24999991571108937,0.250000010390223,0.2500001113446272,0.24999996255406043
World,807,2,0.24999996112075218,0.2500000254124223,0.25000011528877597,0.24999989817804952
World,808,2,0.2499999765726357,0.25000004244428603,0.25000015360975386,0.24999982737332446
World,809,0,0.250000043818083,0.24999999326134512,0.249999937829563,0.25000002509100894
World,810,2,0.2500000286466665,0.2500000361704696,0.25000008516077626,0.24999985002208763
World,811,2,0.24999999278511925,0.2500000196074534,0.25000006736419245,0.2499999202432349
World,812,2,0.24999998442735963,0.25000005314327906,0.2500001794028363,0.24999978302652506
World,813,2,0.24999998324028866,0.25000005130991293,0.2500001748451381,0.24999979060466035
World,814,0,0.2500000421221468,0.25000001045172904,0.24999999291556643,0.24999995451055768
World,815,2,0.24999999707085221,0.25000002748385286,0.25000008810732904,0.24999988733796588
World,816,2,0.24999994666823672,0.25000002212975797,0.25000011885560874,0.24999991234639649
World,817,2,0.2499999707991782,0.25000004997335507,0.2500001818246347,0.24999979740283204
World,818,2,0.2500000389043504,0.25000003066844256,0.2500000583648288,0.2499998720623783
World,819,2,0.24999993929482942,0.25000003898950224,0.2500001782668961,0.2499998434487723
World,820,2,0.24999995698385716,0.2500000355963912,0.2500001508042761,0.24999985661547555
World,821,2,0.24999995569661368,0.2500000575093522,0.25000022025666163,0.24999976653737252
World,822,2,0.24999997684749944,0.25000005019173865,0.25000017733556756,0.24999979562519437
World,823,2,0.2500000320246181,0.25000004139672577,0.2500000985480873,0.2499998280305688
World,824,2,0.2499999917199094,0.2500000231481901,0.25000007982682354,0.24999990530507693
World,825,2,0.24999998013046956,0.25000001383829856,0.25000006197144653,0.2499999440597853
World,826,2,0.24999995766202754,0.25000004295922645,0.2500001732662886,0.24999982611245747
World,827,2,0.2499999604257876,0.24999999870602213,0.25000003348514704,0.25000000738304323
World,828,2,0.2500000103405168,0.2500000285932311,0.2500000790305662,0.24999988203568588
World,829,2,0.24999997767560966,0.2500000121706159,0.2500000586626281,0.24999995149114637
World,830,2,0.25000001009773803,0.25000004213629096,0.25000012099659846,0.24999982676937257
World,831,2,0.24999996501699173,0.25000003829917294,0.25000015189716013,0.24999984478667525
World,832,2,0.2499999970569308,0.2500000364169058,0.2500001158271823,0.249999850698981
World,833,2,0.2499999741182379,0.25000004916647905,0.2500001770768261,0.2499997996384569
World,834,0,0.250000055272218,0.2500000187567428,0.25000000618346313,0.249999919787576
World,835,2,0.2499999806193623,0.25000004510114476,0.2500001581540096,0.24999981612548336
World,836,2,0.2499999275938276,0.2500000155174798,0.25000011659829424,0.24999994029039835
World,837,2,0.2500000076724514,0.2500000239437429,0.2500000673594226,0.24999990102438308
World,838,2,0.24999999730082298,0.2500000373794092,0.2500001188281884,0.24999984649157936
World,839,2,0.249999994971578,0.25000005210007875,0.25000016644252776,0.24999978648581556
World,840,2,0.25000003532634046,0.25000004659442115,0.2500001109196655,0.24999980715957285
World,841,2,0.25000000689691665,0.2500000063977977,0.2500000132530742,0.24999997345221142
World,842,2,0.2500000032904088,0.2500000463119039,0.25000014026877776,0.24999981012890954
World,843,2,0.250000031977324,0.2500000342543826,0.2500000762221158,0.24999985754617768
World,844,2,0.24999996964159746,0.250000044255159,0.25000016602656416,0.24999982007667934
World,845,2,0.24999993923619696,0.25000004132530723,0.250000185377624,0.24999983406087184
World,846,2,0.2499999994149339,0.2500000186904659,0.25000005861619146,0.2499999232784088
World,847,2,0.2500000208031472,0.2500000358998738,0.25000009161509257,0.24999985168188638
World,848,2,0.24999994805919837,0.2500000101723594,0.2500000805308554,0.24999996123758675
World,849,0,0.2500000465365703,0.25000001190915766,0.24999999324587616,0.24999994830839586
World,850,2,0.2499999766697361,0.2500000028441114,0.25000003122362613,0.24999998926252645
World,851,2,0.2499999891269513,0.2500000221620348,0.2500000791569241,0.24999990955408977
World,852,2,0.2500000163054486,0.2500000553569674,0.25000015639890033,0.24999977193868378
World,853,2,0.25000001144562156,0.25000002423709977,0.2500000645483578,0.2499998997689209
World,854,2,0.2499999508846587,0.249999993984147,0.25000002766063106,0.2500000274705632
World,855,2,0.2499999720303447,0.2500000348025882,0.25000013412888306,0.24999985903818406
World,856,2,0.24999996771436,0.25000004138323123,0.25000015893987043,0.2499998319625383
World,857,3,0.24999986146956876,0.24999997385880068,0.2500000494063194,0.2500001152653111
World,858,2,0.24999995873083966,0.2500000184124166,0.25000009616391766,0.24999992669282606
World,859,2,0.2499999825170489,0.2500000552155355,0.25000018743333113,0.2499997748340845
World,860,2,0.24999999736530568,0.25000006251689527,0.2500001960955205,0.2499997440222785
World,861,2,0.24999994562584643,0.25000006179081213,0.2500002422142693,0.2499997503690721
World,862,2,0.24999998311165292,0.2500000154264579,0.2500000636374536,0.2499999378244356
World,863,2,0.24999999770043016,0.25000004714693813,0.2500001482764707,0.24999980687616105
World,864,0,0.25000006205223185,0.25000000938410477,0.24999997082526534,0.24999995773839803
World,865,2,0.25000000087675944,0.25000005910287976,0.25000018263662527,0.24999975738373556
World,866,0,0.25000003313220454,0.25000001300462743,0.25000000930629296,0.24999994455687505
World,867,2,0.24999996174061914,0.2500000201509869,0.2500000986909053,0.24999991941748861
World,868,0,0.2500000778973366,0.25000000685844004,0.2499999487008253,0.24999996654339815
World,869,0,0.25000011528516963,0.2499999872623884,0.24999985191009236,0.25000004554234956
World,870,2,0.2500000683998908,0.2500000458650915,0.25000007753302006,0.24999980820199766
World,871,2,0.25000002098497887,0.2500000202704882,0.25000004318793495,0.249999915556598
World,872,2,0.24999995155533228,0.2500000265451048,0.25000012812906375,0.24999989377049914
World,873,0,0.25000004414769383,0.2500000155787659,0.2500000063565699,0.24999993391697037
World,874,2,0.24999998149860927,0.2500000630946369,0.2500002133265218,0.24999974208023198
World,875,2,0.24999996179476552,0.25000005273409187,0.25000019912462706,0.24999978634651557
World,876,2,0.24999997777238317,0.2500000393713645,0.2500001429897801,0.24999983986647228
World,877,2,0.24999998824887898,0.2500000217149933,0.2500000783108962,0.24999991172523148
World,878,2,0.2499999128283323,0.25000003896198864,0.2500002032142636,0.24999984499541547
World,879,0,0.25000005655398316,0.2500000206289999,0.2500000112691022,0.24999991154791473
World,880,2,0.2500000306932702,0.2500000194976352,0.2500000313866877,0.24999991842240696
World,881,2,0.24999994972973372,0.25000003466303927,0.25000015482927046,0.24999986077795658
World,882,2,0.2499999639087534,0.25000002646079844,0.2500001164064612,0.249999893223987
World,883,2,0.2500000283541192,0.2500000303216585,0.25000006731233854,0.24999987401188378
World,884,2,0.2500000012291567,0.25000002522925857,0.2500000772053692,0.24999989633621553
World,885,2,0.24999999302337275,0.2500000407649186,0.250000133031473,0.24999983318023564
World,886,2,0.24999996108349387,0.25000004430043155,0.25000017394492796,0.24999982067114654
World,887,2,0.24999996827689155,0.25000006651167805,0.2500002359224573,0.2499997292889732
World,888,0,0.2500000834210374,0.24999999007903162,0.24999989053877023,0.2500000359611607
World,889,0,0.2500000487056337,0.2500000215500018,0.25000002092994134,0.2499999088144232
World,890,2,0.2499999652495039,0.25000002387497244,0.25000010729260574,0.24999990358291801
World,891,2,0.24999995692758772,0.2500000079430883,0.2500000655282188,0.24999996960110513
World,892,0,0.25000007987335887,0.25000001908092,0.24999998429319542,0.24999991675252572
World,893,2,0.24999986054560694,0.24999999355886937,0.2500001112512626,0.25000003464426107
World,894,2,0.24999997536276228,0.25000007486450965,0.25000025496339506,0.24999969480933296
World,895,2,0.2499999863863225,0.2500000331917843,0.2500001159873089,0.2499998644345842
World,896,2,0.24999996879661934,0.2500000474747142,0.2500001765428962,0.24999980718577025
World,897,2,0.2499999844103494,0.2500000398872986,0.2500001384790324,0.24999983722331962
World,898,2,0.24999986736704857,0.24999998801842635,0.2500000877336956,0.25000005688082955
World,899,2,0.24999987210802907,0.24999999394521202,0.2500001011450207,0.2500000328017382
World,900,2,0.24999997126877507,0.2500000290261593,0.2500001171376042,0.24999988256746145
World,901,2,0.24999995860257138,0.25000003131660803,0.2500001361524142,0.24999987392840642
World,902,2,0.24999994206757292,0.2500000532322104,0.25000021970618963,0.24999978499402697
World,903,2,0.24999999820546315,0.250000047002304,0.2500001474156316,0.24999980737660119
World,904,0,0.25000005761818445,0.25000000555565094,0.24999996306047126,0.2499999737656933
World,905,2,0.24999992960409612,0.25000004571475354,0.2500002081728733,0.24999981650827707
World,906,2,0.2499999314039995,0.24999999543636883,0.250000049932183,0.2500000232274487
World,907,2,0.24999992497971732,0.2500000598510771,0.250000256290089,0.2499997588791165
World,908,0,0.2500000956694985,0.25000000164251435,0.24999991516554723,0.24999998752243996
World,909,2,0.2499999275518992,0.2500000299064343,0.25000016070431896,0.2499998818373475
World,910,2,0.2500000263533472,0.25000004433068446,0.25000011241699216,0.2499998168989762
World,911,0,0.25000005933414754,0.250000013057427,0.24999998464537493,0.2499999429630506
World,912,2,0.25000002765891366,0.25000002025466683,0.25000003691821254,0.24999991516820694
World,913,2,0.24999995453463203,0.2500000308312643,0.2500001386480668,0.24999987598603685
World,914,2,0.2500000206567759,0.25000005081206883,0.25000013810485655,0.24999979042629877
World,915,2,0.2499998464397004,0.2500000072313462,0.25000016547709525,0.24999998085185807
World,916,2,0.24999996222275078,0.2500000400201934,0.2500001595979714,0.24999983815908441
World,917,2,0.2500000014148031,0.2500000407300327,0.25000012497692553,0.24999983287823865
World,918,2,0.24999999840298676,0.25000004528732145,0.2500001419089495,0.24999981440074237
World,919,0,0.25000004337623116,0.2500000094001215,0.2499999881846015,0.24999995903904587
World,920,2,0.24999999085605834,0.2500000493167854,0.2500001610072535,0.24999979881990278
World,921,2,0.2499999992669299,0.250000052711289,0.2500001639465592,0.24999978407522186
World,922,2,0.2499999784842152,0.25000006151825876,0.25000021095961406,0.24999974903791197
World,923,2,0.24999994577073992,0.25000001817461454,0.25000010733267214,0.24999992872197352
World,924,2,0.2500000327754823,0.2500000413151455,0.2500000973926842,0.24999982851668795
World,925,2,0.24999999412830268,0.2500000573482188,0.2500001832973132,0.24999976522616532
World,926,2,0.24999997666904217,0.25000005739254216,0.25000019956340674,0.24999976637500904
World,927,2,0.25000001671090594,0.25000004215785143,0.2500001147630567,0.249999826368186
World,928,0,0.2500000630296965,0.25000000443712495,0.24999995409418485,0.24999997843899366
World,929,2,0.24999993897178993,0.2500000260053082,0.2500001378469468,0.2499998971759551
World,930,2,0.2499999732609551,0.2500000182703216,0.2500000817788005,0.24999992668992285
World,931,2,0.2499999441913752,0.2500000569398356,0.25000022899250907,0.2499997698762802
World,932,0,0.25000007399094415,0.2500000187172514,0.24999998822991348,0.249999919061891
World,933,2,0.2499999752660539,0.2500000292170589,0.2500001140124185,0.24999988150446872
World,934,2,0.24999996756858406,0.25000002223087114,0.25000009943003404,0.24999991077051079
World,935,2,0.24999997501221366,0.2500000512761898,0.25000018253595285,0.24999979117564367
World,936,0,0.25000005903783706,0.25000002830355983,0.2500000317615377,0.24999988089706549
World,937,2,0.24999995005171394,0.25000005839888884,0.25000022806096045,0.2499997634884368
World,938,2,0.2500000096421393,0.25000004507651075,0.25000013027155615,0.24999981500979385
World,939,2,0.2499999358894756,0.2500000446607018,0.25000019858559774,0.24999982086422487
World,940,2,0.2500000267031639,0.25000003185856723,0.2500000736671596,0.24999986777110927
World,941,2,0.25000003457698605,0.25000003309566393,0.2500000702387621,0.2499998620885879
World,942,2,0.25000004739208426,0.25000002982307057,0.25000004796051745,0.24999987482432767
World,943,2,0.24999999253632005,0.2500000649181198,0.2500002081427803,0.24999973440277984
World,944,2,0.2499999954950968,0.25000000268893174,0.25000001264347255,0.2499999891724989
World,945,2,0.24999999437220752,0.2500000326234601,0.25000010659383837,0.24999986641049404
World,946,3,0.2500000381605182,0.24999998688012073,0.24999992323404327,0.25000005172531786
World,947,3,0.24999999500863923,0.24999999795458241,0.24999999844433718,0.25000000859244115
World,948,2,0.24999999256807315,0.2500000354259463,0.2500001166930818,0.24999985531289878
World,949,2,0.2499999779829405,0.25000000675265077,0.250000041548048,0.24999997371636068
World,950,2,0.24999997815737982,0.2500000067492453,0.25000004143383564,0.2499999736595393
World,951,2,0.2500000364872644,0.2500000363610806,0.25000007860690837,0.24999984854474672
World,952,2,0.24999995115478502,0.25000004146452454,0.2500001746986066,0.24999983268208384
World,953,2,0.2500000563577155,0.2500000518639537,0.25000010814775353,0.24999978363057726
World,954,2,0.25000000992665156,0.25000002052031406,0.25000005401092085,0.2499999155421136
World,955,2,0.2499999841969765,0.2500000602533791,0.25000020177083715,0.24999975377880726
World,956,2,0.24999994434108663,0.250000057799606,0.25000023175540537,0.249999766103902
World,957,2,0.2499999776789883,0.2500000266016339,0.2500001037883626,0.24999989193101527
World,958,2,0.25000001180497433,0.25000003788668035,0.2500001065580034,0.24999984375034184
World,959,2,0.24999997963381176,0.2500000457590538,0.250000161296566,0.24999981331056845
World,960,2,0.2499999974904579,0.2500000504006401,0.250000158839837,0.249999793269065
World,961,2,0.24999995968763983,0.2500000276693625,0.2500001238647444,0.24999988877825327
World,962,2,0.24999999656872912,0.2500000357087726,0.2500001144181352,0.24999985330436306
World,963,2,0.24999999989125754,0.25000004213166,0.2500001304019907,0.2499998275750918
World,964,2,0.24999991074031408,0.2500000361650499,0.25000019600519297,0.24999985708944308
World,965,2,0.24999998658829015,0.2500000532720343,0.2500001779634446,0.24999978217623098
World,966,2,0.25000000432558034,0.2500000273880988,0.25000008080846464,0.24999988747785626
World,967,2,0.2499999471996518,0.25000003483073185,0.25000015750723337,0.24999986046238298
World,968,2,0.24999996415418826,0.2500000030913073,0.2500000428479034,0.24999998990660102
World,969,2,0.24999994057736016,0.2500000543542603,0.25000022439848363,0.24999978066989584
World,970,2,0.2499999604994372,0.25000005046920054,0.25000019387881806,0.2499997951525442
World,971,2,0.2499999916669432,0.25000001429159996,0.2500000508961197,0.24999994314533713
World,972,2,0.24999995689818233,0.2500000510928723,0.25000019903528187,0.2499997929736635
World,973,2,0.24999999997778305,0.2500000151091862,0.2500000466330896,0.24999993827994113
World,974,2,0.24999995899169414,0.2500000362550785,0.25000015122391245,0.24999985352931492
World,975,2,0.24999993211005045,0.2500000287233398,0.25000015269631637,0.24999988647029325
World,976,2,0.25000002085438167,0.25000004536434045,0.250000121357829,0.24999981242344896
World,977,2,0.2500000314890508,0.25000003937819026,0.2500000916175024,0.24999983751525653
World,978,2,0.24999990819674836,0.2499999927459043,0.25000006291792165,0.2500000361394257
World,979,2,0.2500000119897852,0.2500000623966634,0.2500001821648636,0.24999974344868778
World,980,2,0.2500000022935775,0.25000001440983094,0.2500000428467348,0.2499999404498567
World,981,2,0.24999996214578532,0.2500000250171479,0.2500001135539986,0.24999989928306815
World,982,2,0.249999919984029,0.25000000109346143,0.25000007753691394,0.2500000013855956
World,983,2,0.2499999991522709,0.25000003784245955,0.2500001183226207,0.24999984468264877
World,984,2,0.24999998837675116,0.2500000744113801,0.2500002413227575,0.24999969588911114
World,985,0,0.25000004854512936,0.25000000623452545,0.24999997339170427,0.24999997182864092
World,986,2,0.24999997883206512,0.2500000363131645,0.25000013257615344,0.249999852278617
World,987,2,0.24999993801929943,0.2500000153897598,0.2500001063209459,0.24999994026999484
World,988,2,0.24999993931696948,0.25000002492108236,0.2500001343604762,0.24999990140147185
World,989,2,0.24999995653942897,0.250000037635795,0.2500001572746181,0.249999848550158
World,990,2,0.24999997947635652,0.2500000336032714,0.25000012389486137,0.2499998630255107
World,991,2,0.25000000736748934,0.2500000296390535,0.2500000849376391,0.2499998780558181
World,992,2,0.2499999748463205,0.25000004258714925,0.2500001553480544,0.24999982721847586
World,993,2,0.25000000004264006,0.2500000387929914,0.2500001205322164,0.24999984063215208
World,994,2,0.25000003730646164,0.2500000607316634,0.2500001531126523,0.24999974884922266
World,995,2,0.2499999804995975,0.25000005361895045,0.25000018433383936,0.24999978154761263
World,996,2,0.2500000167930814,0.2500000446604405,0.25000012204739597,0.24999981649908212
World,997,2,0.2499998952648134,0.2500000231179459,0.2500001704622185,0.24999991115502224
World,998,2,0.24999994679036802,0.2500000327785174,0.2500001519100879,0.2499998685210266
World,999,2,0.24999999809588627,0.25000002345208333,0.25000007425707166,0.24999990419495874
Sports,1000,0,0.25000012816445916,0.24999998458330924,0.24999983114447458,0.250000056107757
Sports,1001,0,0.250000139903965,0.24999997868323495,0.24999980197299584,0.2500000794398042
Sports,1002,0,0.2500000645958007,0.2499999942772231,0.24999992158159512,0.2500000195453811
Sports,1003,0,0.2500001204187617,0.2499999879586806,0.24999984928873684,0.2500000423338209
Sports,1004,0,0.25000015939881,0.24999998291420145,0.24999979697506652,0.25000006071192205
Sports,1005,0,0.2500001296063473,0.2499999886330113,0.24999984242041692,0.25000003934022447
Sports,1006,0,0.25000026682109655,0.2499999678847938,0.24999964941840794,0.2500001158757017
Sports,1007,0,0.2500001856293372,0.24999997803626822,0.24999975710175912,0.25000007923263545
Sports,1008,0,0.2500001767619515,0.24999997460301734,0.24999975472674624,0.2500000939082848
Sports,1009,0,0.25000010657945126,0.24999998448856917,0.24999985169639377,0.2500000572355859
Sports,1010,0,0.2500001053701503,0.24999998916234797,0.24999986692609127,0.25000003854141045
Sports,1011,0,0.2500002132567635,0.24999997111360406,0.24999970968267834,0.2500001059469541
Sports,1012,0,0.2500001922371009,0.2499999856697584,0.24999977467750742,0.2500000474156333
Sports,1013,0,0.2500001164264914,0.24999999548662558,0.2499998766103705,0.2500000114765125
Sports,1014,3,0.2500000764567567,0.24999997204668353,0.24999984156289928,0.2500001099336605
Sports,1015,0,0.2500001491108919,0.24999997786975395,0.24999979106975137,0.25000008194960277
Sports,1016,3,0.2499999947828988,0.24999999582730473,0.24999999188381114,0.2500000175059854
Sports,1017,0,0.2500001124967099,0.24999998875637164,0.2499998587919906,0.2500000399549279
Sports,1018,0,0.25000017433785754,0.2499999773065854,0.2499997653766621,0.250000082978895
Sports,1019,0,0.25000010456062105,0.2499999844956922,0.24999985327710122,0.25000005766658556
Sports,1020,0,0.25000021023704416,0.24999998514456068,0.2499997556572705,0.2500000489611246
Sports,1021,3,0.2500000467677852,0.24999997845880315,0.24999988944716559,0.25000008532624607
Sports,1022,0,0.2500001079540593,0.24999999174423565,0.24999987293016993,0.2500000273715351
Sports,1023,3,0.2500000620965536,0.24999997210484437,0.24999985515982256,0.2500001106387795
Sports,1024,0,0.25000017532421714,0.24999997901634216,0.24999977009839072,0.25000007556105
Sports,1025,0,0.2500001424370791,0.2499999799515592,0.2499998036325998,0.25000007397876184
Sports,1026,0,0.25000012779159303,0.24999999632248776,0.24999986845664618,0.2500000074292731
Sports,1027,0,0.2500001714597366,0.24999998331815793,0.24999978672384662,0.25000005849825885
Sports,1028,3,0.2500000182141231,0.24999996241318462,0.24999986591714526,0.25000015345554705
Sports,1029,0,0.2500000407685622,0.24999999127473096,0.2499999346938356,0.2500000332628713
Sports,1030,0,0.25000007603663693,0.24999999373135195,0.24999990934019092,0.2500000208918203
Sports,1031,0,0.25000023095250623,0.24999997832848087,0.24999971548444433,0.2500000752345685
Sports,1032,0,0.25000018623301246,0.24999996632312002,0.24999971993747644,0.25000012750639106
Sports,1033,0,0.2500000888194046,0.2499999998036619,0.24999991601500268,0.24999999536193088
Sports,1034,0,0.25000007796057033,0.24999999288152705,0.24999990441499528,0.25000002474290733
Sports,1035,0,0.2500001810210277,0.2499999808620791,0.24999976988620973,0.2500000682306833
Sports,1036,0,0.25000021492104757,0.24999997790538175,0.24999972914544313,0.2500000780281275
Sports,1037,0,0.2500001623964716,0.24999997610756958,0.24999977307323915,0.2500000884227197
Sports,1038,0,0.25000006908645533,0.24999998934169304,0.2499999017223291,0.25000003984952246
Sports,1039,0,0.2500001078725978,0.24999998000048945,0.24999983646456608,0.2500000756623466
Sports,1040,0,0.25000010306269443,0.24999998418891045,0.249999854013531,0.25000005873486414
Sports,1041,0,0.25000019371105847,0.24999997556312364,0.24999974168547767,0.2500000890403402
Sports,1042,0,0.2500001268543732,0.24999999280557342,0.24999985826246737,0.2500000220775861
Sports,1043,0,0.2500001942404666,0.24999997576903502,0.2499997416029106,0.25000008838758775
Sports,1044,0,0.250000109858416,0.2499999796124731,0.24999983307235235,0.25000007745675856
Sports,1045,0,0.2500001337333728,0.24999997979406555,0.24999981146036662,0.25000007501219496
Sports,1046,0,0.2500001958241197,0.24999997796775514,0.24999974707062578,0.25000007913749944
Sports,1047,0,0.2500001466330371,0.24999998873761997,0.249999826801755,0.2500000378275879
Sports,1048,0,0.25000007259883034,0.2499999852675848,0.24999988600005071,0.2500000561335342
Sports,1049,0,0.25000008112607514,0.24999998690533695,0.24999988306069856,0.25000004890788935
Sports,1050,0,0.25000020231183756,0.24999998403062043,0.2499997596537197,0.25000005400382236
Sports,1051,0,0.25000019924141526,0.24999997640185923,0.2499997389855947,0.2500000853711308
Sports,1052,0,0.2500001247786222,0.24999998130632,0.2499998243843872,0.2500000695306705
Sports,1053,0,0.25000014383959557,0.24999998138914342,0.24999980722067255,0.25000006755058857
Sports,1054,0,0.25000008451073746,0.24999998873128576,0.24999988538578957,0.2500000413721872
Sports,1055,0,0.25000015829908595,0.24999996818774084,0.2499997518605721,0.25000012165260116
Sports,1056,0,0.25000011579509474,0.24999999312684848,0.24999986991986364,0.2500000211581931
Sports,1057,0,0.25000011157414137,0.24999998176364135,0.24999983853544275,0.2500000681267745
Sports,1058,0,0.2500001130491337,0.24999997265005403,0.24999980863691587,0.2500001056638964
Sports,1059,0,0.25000006847409956,0.24999999428202188,0.24999991799497237,0.25000001924890614
Sports,1060,0,0.25000021955176843,0.24999997039859784,0.2499997015196256,0.25000010853000804
Sports,1061,0,0.2500001325972329,0.2499999834534443,0.24999982438410231,0.2500000595652205
Sports,1062,0,0.2500001362399317,0.2499999828576625,0.24999981868815074,0.250000062214255
Sports,1063,0,0.2500000567842163,0.2499999982932521,0.24999994091746516,0.25000000400506645
Sports,1064,0,0.2500001404188685,0.24999997228354723,0.24999978192094685,0.2500001053766374
Sports,1065,0,0.2500001542697761,0.24999998683249394,0.24999981388267267,0.2500000450150573
Sports,1066,0,0.25000007681600706,0.24999999271139506,0.24999990519993606,0.2500000252726619
Sports,1067,0,0.2500001626435252,0.24999998300697568,0.24999979395287514,0.250000060396624
Sports,1068,0,0.2500001388968863,0.249999975006511,0.24999979205104056,0.25000009404556217
Sports,1069,0,0.2500000877150732,0.25000000155840163,0.24999992239845303,0.24999998832807213
Sports,1070,0,0.2500001047879604,0.2499999778524362,0.24999983262860268,0.25000008473100066
Sports,1071,0,0.25000018691496373,0.2499999690339882,0.24999972805754844,0.2500001159934996
Sports,1072,0,0.2500001585786268,0.2499999799418855,0.24999978812014317,0.25000007335934454
Sports,1073,0,0.25000015896831196,0.24999998061949502,0.2499997901933192,0.2500000702188738
Sports,1074,0,0.2500002338954064,0.24999996704167252,0.24999967722367936,0.2500001218392418
Sports,1075,0,0.2500001672117738,0.249999982217952,0.24999978775125337,0.2500000628190208
Sports,1076,0,0.25000017755555765,0.24999998344419666,0.24999978150693286,0.25000005749331283
Sports,1077,0,0.25000016124912305,0.2499999813832603,0.24999979008612744,0.2500000672814892
Sports,1078,0,0.2500001786429468,0.24999997913114644,0.24999976696481369,0.2500000752610932
Sports,1079,0,0.2500001168177774,0.24999998726595005,0.2499998503939843,0.2500000455222882
Sports,1080,0,0.2500002133015727,0.24999998148245808,0.24999974162499808,0.2500000635909711
Sports,1081,0,0.25000016218172405,0.2499999805853549,0.24999978695321481,0.2500000702797062
Sports,1082,0,0.25000008817694996,0.2499999820812725,0.24999986104217733,0.2500000686996002
Sports,1083,0,0.2500001009092206,0.2500000021661751,0.24999991173653516,0.2499999851880692
Sports,1084,0,0.25000023502352003,0.24999997270525923,0.249999693719022,0.25000009855219874
Sports,1085,0,0.2500000538398576,0.2500000014720495,0.24999995400388883,0.24999999068420406
Sports,1086,0,0.2500001865275834,0.24999997904828228,0.24999975943470215,0.25000007498943216
Sports,1087,0,0.25000012761354296,0.24999998135111368,0.24999982168612905,0.25000006934921437
Sports,1088,0,0.25000017816200093,0.24999997790246264,0.2499997636099159,0.25000008032562054
Sports,1089,0,0.250000076140737,0.24999999779233759,0.24999992147268127,0.25000000459424426
Sports,1090,0,0.250000071976469,0.24999998189911507,0.2499998761534692,0.25000006997094676
Sports,1091,0,0.2500001038789056,0.2499999875169241,0.24999986337548274,0.2500000452286875
Sports,1092,0,0.25000013207023797,0.24999999337488915,0.24999985529013752,0.2500000192647353
Sports,1093,0,0.25000008183954636,0.24999999606810025,0.24999991105584263,0.2500000110365107
Sports,1094,3,0.25000001072594813,0.2499999921418861,0.24999996584125672,0.25000003129090903
Sports,1095,0,0.25000021762172553,0.2499999756973416,0.24999971942220636,0.2500000872587266
Sports,1096,0,0.25000018737149815,0.24999998637015228,0.249999781301432,0.25000004495691763
Sports,1097,0,0.25000012627427426,0.24999999030433795,0.24999985113480544,0.2500000322865824
Sports,1098,0,0.25000018581383526,0.24999997776026775,0.2499997557920419,0.25000008063385504
Sports,1099,0,0.25000009100568055,0.2499999867793846,0.24999987356245418,0.25000004865248066
Sports,1100,0,0.2500002354939978,0.2499999786734738,0.24999971202304838,0.25000007380948014
Sports,1101,0,0.25000023557603795,0.24999996759028,0.2499996773353943,0.2500001194982877
Sports,1102,0,0.25000008129348217,0.2499999917218328,0.24999989792560778,0.25000002905907737
Sports,1103,3,0.2500001435576616,0.24999995812605438,0.2499997347693131,0.2500001635469709
Sports,1104,3,0.25000002450923653,0.24999998890533898,0.24999994251496055,0.25000004407046394
Sports,1105,0,0.250000140407523,0.24999997830485865,0.24999980010447406,0.2500000811831444
Sports,1106,0,0.2500001617353653,0.2499999747306858,0.249999769211601,0.2500000943223478
Sports,1107,0,0.2500000582617102,0.24999998952711155,0.24999991249295372,0.2500000397182246
Sports,1108,0,0.2500001414859522,0.24999998627203365,0.24999982412172478,0.2500000481202894
Sports,1109,0,0.25000010649164406,0.24999998439110196,0.2499998514041627,0.25000005771309125
Sports,1110,0,0.2500001382645648,0.24999998547856916,0.2499998245833354,0.25000005167353057
Sports,1111,3,0.25000008343701785,0.24999997513233405,0.24999984375201667,0.2500000976786314
Sports,1112,0,0.25000009357166164,0.24999998770440446,0.24999987347240657,0.2500000452515274
Sports,1113,0,0.25000023051787224,0.24999996638337504,0.2499996785681714,0.2500001245305813
Sports,1114,0,0.2500001456700644,0.24999997831329257,0.24999979573574213,0.25000008028090087
Sports,1115,0,0.2500001415590675,0.2499999848775443,0.24999981969396293,0.2500000538694252
Sports,1116,0,0.2500002008580957,0.24999997966353948,0.24999974770046712,0.25000007177789774
Sports,1117,0,0.25000009880630975,0.2499999972016763,0.24999989841058592,0.250000005581428
Sports,1118,0,0.2500001742250879,0.24999998111495733,0.24999977743437887,0.25000006722557594
Sports,1119,0,0.2500000576752835,0.2500000020518787,0.24999995206346057,0.24999998820937724
Sports,1120,0,0.2500000625995965,0.24999999380325116,0.24999992182014577,0.25000002177700653
Sports,1121,0,0.2500001474233304,0.2499999955224654,0.24999984719800553,0.2500000098561987
Sports,1122,0,0.25000015004600246,0.24999998460043504,0.2499998112209899,0.25000005413257254
Sports,1123,0,0.250000119992211,0.24999998385604094,0.24999983675437268,0.25000005939737546
Sports,1124,0,0.2500001847009081,0.2499999856975111,0.2499997818751706,0.2500000477264101
Sports,1125,0,0.25000012596173127,0.24999998003792936,0.24999981900638993,0.25000007499394944
Sports,1126,0,0.2500002748830814,0.24999996381374692,0.24999962882195506,0.25000013248121655
Sports,1127,0,0.25000015023795163,0.24999996813802766,0.2499997595812748,0.25000012204274585
Sports,1128,0,0.2500000440836014,0.24999999790092,0.24999995214713155,0.2500000058683471
Sports,1129,0,0.25000012065460603,0.24999999281556903,0.24999986437648578,0.2500000221533392
Sports,1130,0,0.25000015376442997,0.24999997894638037,0.2499997895393752,0.25000007774981436
Sports,1131,0,0.2500001780127367,0.2499999841471207,0.24999978348703888,0.2500000543531038
Sports,1132,0,0.25000017370192246,0.2499999811987956,0.249999778344443,0.25000006675483893
Sports,1133,0,0.25000006616462733,0.24999999751409455,0.24999993013071603,0.25000000619056206
Sports,1134,0,0.2500001858362977,0.24999997624458672,0.24999975105102346,0.25000008686809216
Sports,1135,0,0.25000013413249494,0.25000000468931943,0.24999988829730052,0.2499999728808851
Sports,1136,0,0.2500001113980022,0.24999999914865034,0.2499998925972733,0.24999999685607407
Sports,1137,0,0.25000015104022283,0.24999998486308453,0.24999981074645594,0.2500000533502368
Sports,1138,0,0.2500001218869199,0.24999997735692603,0.24999981512197816,0.250000085634176
Sports,1139,0,0.25000015846381485,0.24999998931944017,0.2499998177614588,0.2500000344552861
Sports,1140,0,0.25000015186912034,0.24999998365853016,0.24999980600077393,0.2500000584715755
Sports,1141,0,0.2500001328799115,0.24999998450040214,0.2499998264121193,0.2500000562075671
Sports,1142,0,0.2500001597545863,0.2499999750335749,0.24999977184873134,0.25000009336310747
Sports,1143,0,0.25000012518779396,0.24999997972471685,0.249999819414231,0.25000007567325827
Sports,1144,0,0.2500001597338225,0.24999998264446474,0.24999979558239688,0.2500000620393158
Sports,1145,0,0.2500001424708628,0.24999999059223274,0.2499998363871755,0.25000003054972897
Sports,1146,0,0.2500001829191866,0.2499999750991945,0.24999975092352347,0.2500000910580954
Sports,1147,0,0.25000010847474363,0.24999998935657447,0.24999986486065773,0.25000003730802417
Sports,1148,0,0.25000009736720313,0.24999999547585702,0.24999989438897371,0.25000001276796613
Sports,1149,0,0.25000017093955385,0.24999997208451857,0.24999975237900143,0.2500001045969261
Sports,1150,0,0.25000010862924277,0.2500000082395143,0.2499999237648709,0.24999995936637193
Sports,1151,0,0.2500001583912947,0.24999998039814117,0.24999978970249287,0.2500000715080713
Sports,1152,0,0.2500000653134682,0.249999988268296,0.24999990180884132,0.2500000446093944
Sports,1153,0,0.2500001632130968,0.24999997950378625,0.24999978273712978,0.2500000745459872
Sports,1154,0,0.2500001702150672,0.24999998292757697,0.24999978695056227,0.25000005990679364
Sports,1155,0,0.2500000804360714,0.24999998733197312,0.2499998849523568,0.2500000472795987
Sports,1156,0,0.25000021696793656,0.24999998068088747,0.2499997352226333,0.25000006712854267
Sports,1157,0,0.25000014766418965,0.2499999861091493,0.24999981773315844,0.2500000484935025
Sports,1158,0,0.2500001826908534,0.2499999775827884,0.24999975854174505,0.2500000811846131
Sports,1159,0,0.25000008909039384,0.24999999963527403,0.2499999153806433,0.24999999589368876
Sports,1160,3,0.2500000380630543,0.24999998504640497,0.24999991827519122,0.25000005861534946
Sports,1161,0,0.2500001499683093,0.2499999874001342,0.2499998197484382,0.25000004288311833
Sports,1162,0,0.25000015269182196,0.24999997737030438,0.2499997862236038,0.25000008371426985
Sports,1163,0,0.25000016678291037,0.2499999787274305,0.24999977670019857,0.25000007778946054
Sports,1164,0,0.2500001553384404,0.2499999713327254,0.24999976479869113,0.25000010853014304
Sports,1165,0,0.2500000638875195,0.24999998626968586,0.24999989699675942,0.25000005284603516
Sports,1166,0,0.2500001544829886,0.249999984572085,0.24999980673410802,0.2500000542108184
Sports,1167,0,0.2500001407514318,0.24999998330757228,0.24999981550098355,0.2500000604400124
Sports,1168,0,0.2500001331812633,0.24999998067231355,0.2499998145158709,0.2500000716305523
Sports,1169,0,0.250000136509191,0.24999997971111945,0.24999980872654762,0.2500000750531419
Sports,1170,0,0.25000017987105166,0.2499999625107727,0.2499997143484319,0.2500001432697438
Sports,1171,3,0.250000002330725,0.24999997472256008,0.24999991946730002,0.2500001034794148
Sports,1172,0,0.25000013638097035,0.2499999811705131,0.24999981306742552,0.250000069381091
Sports,1173,0,0.2500000592148536,0.24999998666829676,0.24999990286983587,0.25000005124701385
Sports,1174,0,0.25000011144349477,0.24999998509773141,0.24999984874915984,0.25000005470961395
Sports,1175,0,0.25000008925315775,0.24999999296116296,0.24999989406302495,0.25000002372265434
Sports,1176,0,0.25000015043435353,0.2499999804395662,0.24999979767221836,0.2500000714538619
Sports,1177,0,0.25000015191375763,0.24999998752340608,0.24999981848433173,0.2500000420785045
Sports,1178,0,0.25000008007900815,0.24999998504796117,0.2499998779801757,0.250000056892855
Sports,1179,0,0.25000015239015216,0.24999998244872623,0.2499998019816523,0.2500000631794693
Sports,1180,0,0.2500002418762738,0.24999997058957038,0.2499996811939588,0.2500001063401971
Sports,1181,0,0.2500000646239706,0.24999999747930615,0.249999931540091,0.2500000063566322
Sports,1182,0,0.2500001662594838,0.24999998288073683,0.24999979028361935,0.25000006057616003
Sports,1183,0,0.25000011324170923,0.24999997849334457,0.24999982673170987,0.2500000815332364
Sports,1184,0,0.25000016077628673,0.2499999924310341,0.24999982524824324,0.25000002154443596
Sports,1185,0,0.2500000348448083,0.2500000030413266,0.2499999768109388,0.24999998530292625
Sports,1186,0,0.2500001083953548,0.24999999491817576,0.24999988231174652,0.25000001437472297
Sports,1187,0,0.2500000806675193,0.24999999101655523,0.2499998962686922,0.2500000320472332
Sports,1188,0,0.2500001692503266,0.24999999032217526,0.24999981082031925,0.25000002960717893
Sports,1189,3,0.2500000522464051,0.24999998424330216,0.2499999020545932,0.2500000614556996
Sports,1190,0,0.25000012482707185,0.24999998382121758,0.24999983248987107,0.2500000588618396
Sports,1191,0,0.25000006227158034,0.2499999999318222,0.24999994091885638,0.24999999687774102
Sports,1192,0,0.2500000881176793,0.24999999985438898,0.24999991671882948,0.24999999530910225
Sports,1193,0,0.2500001330743344,0.24999998922657687,0.24999984124939395,0.2500000364496948
Sports,1194,0,0.25000016461580715,0.24999998371092397,0.24999979475502163,0.25000005691824734
Sports,1195,3,0.2499999619071859,0.24999999325536879,0.25000001482981815,0.25000003000762716
Sports,1196,0,0.2500001655087111,0.24999998480595045,0.2499997970270645,0.2500000526582739
Sports,1197,0,0.25000014073623716,0.2499999876689763,0.24999982884487593,0.25000004274991056
Sports,1198,0,0.2500000477520241,0.24999999686192956,0.24999994542282164,0.25000000996322463
Sports,1199,0,0.25000007453867207,0.24999999075234552,0.24999990148722276,0.2500000332217597
Sports,1200,0,0.2500001469095244,0.249999990800028,0.24999983323836966,0.2500000290520779
Sports,1201,0,0.2500001150323845,0.25000001187679316,0.2499999288334464,0.24999994425737598
Sports,1202,0,0.2500001136677089,0.2500000026623161,0.249999901583023,0.24999998208695196
Sports,1203,0,0.25000013176424346,0.24999998299932835,0.24999982326839995,0.25000006196802826
Sports,1204,0,0.25000011360858293,0.24999999074331647,0.24999986461187806,0.25000003103622254
Sports,1205,0,0.25000018611269964,0.24999997568778284,0.24999974923054316,0.2500000889689743
Sports,1206,0,0.25000007627979287,0.24999998049458108,0.24999986771606947,0.2500000755095566
Sports,1207,0,0.2500001327340094,0.24999998809819202,0.24999983777070275,0.2500000413970958
Sports,1208,0,0.25000009481615415,0.24999998647304628,0.2499998690604294,0.25000004965037026
Sports,1209,0,0.25000018340123836,0.24999998101030246,0.24999976822293818,0.250000067365521
Sports,1210,0,0.25000018461419043,0.24999998678469196,0.2499997848379732,0.25000004376314444
Sports,1211,0,0.2500000458581143,0.2500000081606258,0.24999998255583233,0.2499999634254275
Sports,1212,0,0.2500001111847739,0.2499999888870283,0.24999986099774205,0.2500000389304558
Sports,1213,0,0.25000014526775094,0.2499999843554999,0.24999981481440264,0.25000005556234656
Sports,1214,0,0.2500001604419743,0.24999998165851922,0.24999979188140364,0.25000006601810276
Sports,1215,0,0.2500001986346949,0.24999999042324253,0.24999978292824818,0.2500000280138144
Sports,1216,0,0.25000008228656545,0.249999990737514,0.24999989390011146,0.25000003307580904
Sports,1217,0,0.2500002223518879,0.24999996436839902,0.2499996800857685,0.2500001331939446
Sports,1218,0,0.25000001208328626,0.25000000053810956,0.24999999046157254,0.2499999969170316
Sports,1219,0,0.250000138454113,0.24999998853683927,0.24999983381183744,0.25000003919721037
Sports,1220,0,0.25000010391753774,0.24999998707122412,0.24999986196075263,0.25000004705048545
Sports,1221,0,0.25000015627900884,0.24999998865331266,0.24999981739717939,0.25000003767049916
Sports,1222,0,0.2500001533685934,0.24999998147336397,0.24999979785341245,0.2500000673046302
Sports,1223,0,0.25000005540813064,0.2500000039673374,0.24999995996586175,0.24999998065867018
Sports,1224,3,0.2500000441702304,0.24999998795472064,0.24999992094463616,0.2500000469304127
Sports,1225,0,0.25000014522355185,0.24999998958947733,0.24999983119351663,0.2500000339934542
Sports,1226,0,0.2500001173989842,0.24999998037103766,0.24999982881556812,0.25000007341441
Sports,1227,0,0.25000019903123244,0.24999996562878768,0.24999970592177703,0.2500001294182029
Sports,1228,3,0.2500000475258535,0.2499999855206929,0.24999991041446637,0.25000005653898727
Sports,1229,0,0.25000012101812563,0.24999998621494554,0.24999984333076866,0.25000004943616017
Sports,1230,0,0.250000111211987,0.24999998139806767,0.24999983771263562,0.2500000696773097
Sports,1231,0,0.2500001071643572,0.24999999121788116,0.24999987173455243,0.2500000298832091
Sports,1232,0,0.2500001962927703,0.24999998020912106,0.24999975388392232,0.25000006961418636
Sports,1233,0,0.25000020258357214,0.24999997912801383,0.24999974482116855,0.25000007346724545
Sports,1234,0,0.2500002563725934,0.24999996579976067,0.24999965227632923,0.25000012555131673
Sports,1235,0,0.2500001236745964,0.24999997565071566,0.24999980823855764,0.25000009243613036
Sports,1236,0,0.2500002284934959,0.2499999697410904,0.24999969066493005,0.25000011110048365
Sports,1237,0,0.25000024417784467,0.24999997558446557,0.2499996943231525,0.25000008591453726
Sports,1238,3,0.25000003928025555,0.24999998866800563,0.2499999280286273,0.25000004402311155
Sports,1239,0,0.2500001914291356,0.24999996966790924,0.24999972546090682,0.25000011344204837
Sports,1240,0,0.2500002134536979,0.24999997859569478,0.24999973272055045,0.25000007523005685
Sports,1241,0,0.2500002507844856,0.2499999743385566,0.24999968430889194,0.2500000905680658
Sports,1242,0,0.2500001302074156,0.24999998480311805,0.24999983040630705,0.25000005458315927
Sports,1243,0,0.25000012908566727,0.24999998903736556,0.2499998447968009,0.2500000370801662
Sports,1244,0,0.25000005800394304,0.24999998812422936,0.24999990854095758,0.25000004533087
Sports,1245,0,0.2500001958608108,0.24999997029257334,0.2499997230899703,0.2500001107566456
Sports,1246,0,0.25000018647821154,0.24999998680591937,0.2499997827816806,0.2500000439341885
Sports,1247,0,0.2500002108958868,0.24999997901401114,0.2499997363009632,0.2500000737891388
Sports,1248,0,0.25000019746196356,0.24999997666240625,0.2499997414222549,0.25000008445337524
Sports,1249,0,0.25000017134374364,0.24999998300116294,0.24999978611668242,0.2500000595384111
Sports,1250,0,0.2500001569191159,0.24999998483965016,0.24999980527264068,0.2500000529685932
Sports,1251,0,0.2500000590271854,0.24999999742362636,0.24999993670415935,0.25000000684502893
Sports,1252,0,0.25000016886894394,0.2499999760969568,0.2499997669064178,0.2500000881276815
Sports,1253,0,0.2500002630862301,0.24999996625797388,0.2499996479558754,0.25000012269992067
Sports,1254,0,0.25000018715237354,0.24999996979639508,0.24999973017220925,0.25000011287902213
Sports,1255,0,0.25000017483059156,0.24999998677444288,0.24999979455604884,0.25000004383891666
Sports,1256,0,0.2500001435973207,0.24999997756097472,0.24999979489479698,0.25000008394690765
Sports,1257,0,0.25000014570785667,0.2499999880116233,0.24999982538220344,0.2500000408983166
Sports,1258,0,0.2500001589251119,0.24999997450571548,0.2499997711137597,0.2500000954554129
Sports,1259,0,0.25000007996436957,0.2499999916828754,0.24999989899776548,0.25000002935498955
Sports,1260,0,0.25000007419815035,0.24999998088620048,0.24999987073012442,0.2500000741855248
Sports,1261,0,0.2500001160877129,0.24999999114333113,0.24999986325394072,0.25000002951501527
Sports,1262,0,0.25000011280397244,0.24999998201421267,0.2499998380979005,0.25000006708391437
Sports,1263,0,0.2500001343544124,0.24999997746878408,0.24999980355122303,0.2500000846255805
Sports,1264,3,0.2500000704489075,0.24999998166016463,0.249999876953103,0.25000007093782484
Sports,1265,2,0.2499999726419182,0.250000007385742,0.2500000490518308,0.24999997092050902
Sports,1266,0,0.2500001056063687,0.24999998284452912,0.249999847210774,0.25000006433832817
Sports,1267,0,0.25000014108285834,0.24999998554349095,0.24999982218761688,0.2500000511860339
Sports,1268,0,0.2500001471127122,0.24999998268331056,0.24999980747986608,0.25000006272411107
Sports,1269,0,0.25000006543623476,0.24999999129866338,0.2499999114432107,0.2500000318218912
Sports,1270,0,0.25000013834389306,0.24999997701583826,0.24999979829223598,0.2500000863480327
Sports,1271,0,0.25000009142175456,0.2499999871003204,0.24999987371977256,0.2500000477581525
Sports,1272,0,0.2500001851469286,0.24999998035912996,0.24999976457534212,0.25000006991859935
Sports,1273,0,0.2500001322385006,0.2499999873498002,0.24999983621127198,0.2500000442004274
Sports,1274,0,0.2500001276427529,0.24999998033423748,0.24999981873313978,0.2500000732898699
Sports,1275,0,0.2500001575078869,0.24999997281065886,0.2499997673278907,0.25000010235356357
Sports,1276,0,0.2500001237096953,0.24999997808788596,0.24999981586341663,0.2500000823390021
Sports,1277,0,0.2500001234222762,0.24999998540567345,0.24999983867036482,0.25000005250168555
Sports,1278,0,0.2500000850282077,0.25000002173274055,0.24999998782503172,0.24999990541402003
Sports,1279,0,0.2500001222913125,0.24999997612820019,0.2499998107350111,0.2500000908454762
Sports,1280,0,0.2500000468520076,0.2500000039117875,0.24999996824439633,0.24999998099180865
Sports,1281,0,0.25000017598089275,0.2499999794133653,0.24999977037050794,0.250000074235234
Sports,1282,0,0.2500001176612574,0.24999999336668888,0.24999986809683591,0.2500000208752178
Sports,1283,0,0.25000016988042845,0.24999996206487204,0.24999972195825718,0.2500001460964424
Sports,1284,0,0.2500001172999835,0.24999998267646598,0.2499998361337865,0.2500000638897641
Sports,1285,0,0.2500001443356092,0.24999999008863416,0.24999983380851565,0.250000031767241
Sports,1286,0,0.2500001101966883,0.24999999117111257,0.24999986881269998,0.2500000298194992
Sports,1287,0,0.2500001411070759,0.2500000007758314,0.24999986920225742,0.24999998891483527
Sports,1288,0,0.25000016100201256,0.24999997624447598,0.24999977474063637,0.2500000880128751
Sports,1289,3,0.2500000079114737,0.24999999181733096,0.2499999676600004,0.2500000326111949
Sports,1290,0,0.2500001716117186,0.24999999261490502,0.24999981580371444,0.250000019969662
Sports,1291,0,0.2500001073894032,0.24999998390693287,0.24999984911372178,0.25000005958994215
Sports,1292,3,0.25000003534366355,0.24999998835162018,0.24999993051629288,0.2500000457884234
Sports,1293,0,0.2500001330603516,0.24999997524480244,0.24999979738807643,0.25000009430676945
Sports,1294,0,0.25000020493229563,0.24999997296209378,0.24999972305554066,0.25000009905006987
Sports,1295,0,0.25000020404676576,0.24999997341543895,0.24999972524263533,0.25000009729515993
Sports,1296,0,0.25000018536053864,0.2499999723452604,0.24999973944852627,0.2500001028456747
Sports,1297,0,0.25000018245347294,0.2499999871067496,0.24999978822380928,0.25000004221596805
Sports,1298,0,0.25000012059586485,0.2499999899896722,0.24999985569393554,0.25000003372052737
Sports,1299,0,0.25000005787926566,0.24999999736758674,0.24999993737233547,0.25000000738081213
Sports,1300,0,0.25000014937392007,0.24999999184606886,0.24999983401202638,0.25000002476798466
Sports,1301,0,0.25000015658696895,0.24999997907873248,0.24999978764682704,0.25000007668747154
Sports,1302,0,0.2500000895545356,0.24999997946072447,0.24999985178957224,0.25000007919516765
Sports,1303,0,0.2500001020310259,0.24999998033166404,0.2499998430892187,0.2500000745480914
Sports,1304,0,0.25000007131731594,0.2499999837535068,0.24999988226366776,0.25000006266550956
Sports,1305,0,0.2500001817234663,0.24999997093993115,0.24999973862440683,0.2500001087121958
Sports,1306,0,0.2500001696646577,0.24999997668481677,0.2499997680937668,0.2500000855567586
Sports,1307,0,0.25000015296001665,0.24999999306674756,0.24999983455776656,0.25000001941546923
Sports,1308,0,0.2500001872470351,0.24999997350992495,0.24999974114489767,0.2500000980981422
Sports,1309,0,0.2500001381816916,0.24999998076041066,0.24999981035418542,0.25000007070371233
Sports,1310,0,0.25000016585546975,0.24999998331180673,0.24999979212248824,0.25000005871023523
Sports,1311,0,0.2500001177908767,0.24999999039611123,0.24999985943956013,0.25000003237345203
Sports,1312,0,0.25000018636155313,0.24999998461392176,0.24999977699129108,0.25000005203323405
Sports,1313,0,0.25000017073738384,0.24999997486038997,0.24999976155274406,0.2500000928494821
Sports,1314,0,0.2500000951796649,0.24999999350493202,0.24999989012367918,0.2500000211917239
Sports,1315,0,0.2500000530699894,0.24999999238700438,0.24999992642937646,0.25000002811362976
Sports,1316,3,0.24999999558974464,0.24999999059164038,0.2499999751888415,0.2500000386297735
Sports,1317,0,0.25000019618351405,0.24999996331801627,0.24999970129003143,0.2500001392084383
Sports,1318,0,0.2500000354349095,0.250000006761148,0.24999998792004705,0.24999996988389553
Sports,1319,0,0.25000024848352115,0.24999997549051553,0.249999690183368,0.2500000858425953
Sports,1320,0,0.250000200796712,0.24999997469933366,0.24999973221069624,0.2500000922932581
Sports,1321,0,0.25000012242128683,0.24999998829829934,0.24999984864731198,0.2500000406331017
Sports,1322,0,0.25000008780065425,0.24999999377714005,0.24999989829527905,0.2500000201269266
Sports,1323,0,0.25000016104807316,0.24999998470098767,0.24999980093668886,0.2500000533142504
Sports,1324,0,0.2500000835715324,0.24999998485251815,0.2499998741836116,0.2500000573923378
Sports,1325,0,0.2500002075780843,0.24999996976259592,0.2499997109299414,0.2500001117293784
Sports,1326,0,0.250000129550102,0.2499999855836868,0.24999983336000525,0.25000005150620597
Sports,1327,0,0.2500001596837447,0.24999997381470793,0.24999976855766254,0.2500000979438848
Sports,1328,0,0.25000004054309105,0.2500000116559724,0.24999999848831084,0.24999994931262565
Sports,1329,0,0.2500001853524479,0.24999998478530036,0.24999977811905863,0.2500000517431931
Sports,1330,0,0.2500001115796455,0.24999999073695833,0.2499998659601085,0.2500000317232876
Sports,1331,0,0.25000015922616275,0.24999998272492271,0.24999979654678242,0.25000006150213205
Sports,1332,0,0.25000018935490953,0.2499999787903702,0.24999975599239335,0.250000075862327
Sports,1333,3,0.2500000142118758,0.24999999120507785,0.24999995904065309,0.25000003554239325
Sports,1334,0,0.2500001710327393,0.24999998028775205,0.24999977768631163,0.25000007099319704
Sports,1335,0,0.2500001486584015,0.24999998126992926,0.24999980158905064,0.25000006848261863
Sports,1336,0,0.2500001335860551,0.24999997514627956,0.24999979717671997,0.25000009409094537
Sports,1337,0,0.25000017106184047,0.2499999801433402,0.24999977697365872,0.25000007182116063
Sports,1338,0,0.2500001031841572,0.2499999754832211,0.24999982701886336,0.2500000943137583
Sports,1339,0,0.25000012967306806,0.24999998628356299,0.24999983510465393,0.2500000489387151
Sports,1340,0,0.2500001364429787,0.24999998605466212,0.24999982805034673,0.2500000494520125
Sports,1341,0,0.2500001530465473,0.24999998881682156,0.24999982133111145,0.2500000368055197
Sports,1342,0,0.2500001080812454,0.24999998765316966,0.2499998597824061,0.2500000444831788
Sports,1343,0,0.25000005936609837,0.24999999347485197,0.24999992366887158,0.250000023490178
Sports,1344,0,0.2500001234430556,0.24999999043116414,0.24999985422044793,0.25000003190533227
Sports,1345,0,0.25000011819496115,0.2499999886388197,0.24999985332832464,0.25000003983789454
Sports,1346,0,0.2500001291753685,0.249999991915858,0.24999985337052613,0.25000002553824735
Sports,1347,0,0.2500001986509245,0.24999998453109673,0.24999976497175744,0.25000005184622137
Sports,1348,0,0.2500001600314904,0.24999997923871525,0.24999978493556801,0.2500000757942263
Sports,1349,0,0.2500001063811248,0.24999997799616896,0.24999983161411998,0.2500000840085863
Sports,1350,0,0.25000012220102064,0.2499999928605505,0.24999986289728152,0.25000002204114735
Sports,1351,0,0.25000014069576854,0.24999999001784584,0.24999983661729372,0.25000003266909177
Sports,1352,0,0.2500001131188366,0.24999998133662926,0.2499998359660191,0.25000006957851506
Sports,1353,0,0.2500001702160415,0.24999996784982034,0.24999974019331417,0.25000012174082403
Sports,1354,0,0.25000012460108584,0.24999998229544532,0.24999982764626824,0.2500000654572006
Sports,1355,0,0.250000083910253,0.24999999080635033,0.24999989252275304,0.2500000327606436
Sports,1356,0,0.2500001212162474,0.2499999832556849,0.2499998339188418,0.2500000616092259
Sports,1357,0,0.2500000954850258,0.24999999964459435,0.24999990943491307,0.24999999543546683
Sports,1358,0,0.250000129042647,0.24999998720991623,0.24999983868018244,0.25000004506725426
Sports,1359,0,0.25000019903123244,0.24999996562878768,0.24999970592177703,0.2500001294182029
Sports,1360,0,0.2500001337442184,0.2500000224535999,0.24999994421537158,0.24999989958681004
Sports,1361,0,0.250000073645607,0.24999999156063651,0.24999990460202803,0.25000003019172845
Sports,1362,0,0.2500001750201193,0.24999998282474004,0.2499997817185637,0.2500000604365769
Sports,1363,0,0.2500000917958751,0.2499999940630547,0.2499998953096612,0.2500000188314089
Sports,1364,0,0.25000009105041615,0.24999998158488637,0.24999985712694978,0.2500000702377477
Sports,1365,0,0.250000094305031,0.24999998989598846,0.24999987978062363,0.250000036018357
Sports,1366,0,0.25000020311970916,0.24999996357472345,0.24999969517684198,0.25000013812872546
Sports,1367,0,0.250000233037979,0.24999997229711776,0.24999969443775127,0.25000010022715197
Sports,1368,0,0.2500001413206065,0.24999998110332713,0.24999980855928156,0.25000006901678484
Sports,1369,0,0.25000014596722847,0.24999998094799547,0.24999980352528658,0.2500000695594895
Sports,1370,0,0.2500001250224455,0.24999997690321565,0.24999981054207146,0.25000008753226743
Sports,1371,0,0.2500001074962063,0.24999998454510874,0.24999985061887509,0.2500000573398099
Sports,1372,0,0.250000125101461,0.24999998222399739,0.24999982676683455,0.2500000659077071
Sports,1373,0,0.2500000939446676,0.24999999013791713,0.24999988088676597,0.2500000350306493
Sports,1374,0,0.2500000839421122,0.24999998808462298,0.24999988379025428,0.25000004418301053
Sports,1375,3,0.25000001688040513,0.249999987451938,0.2499999455658307,0.2500000501018262
Sports,1376,0,0.2500002060722551,0.24999998494346667,0.24999975927797172,0.25000004970630657
Sports,1377,0,0.25000007764577836,0.24999998588262998,0.24999988292229672,0.250000053549295
Sports,1378,0,0.25000003444768737,0.2500000000563051,0.24999996787729697,0.24999999761871058
Sports,1379,0,0.2500001527026108,0.24999997795837164,0.24999978784178864,0.250000081497229
Sports,1380,0,0.25000018290311743,0.24999997971706542,0.2499997647872977,0.2500000725925195
Sports,1381,0,0.2500001930801247,0.24999996396097826,0.24999970615603823,0.2500001368028588
Sports,1382,0,0.25000017508112665,0.24999997796107398,0.24999976658003092,0.25000008037776844
Sports,1383,0,0.2500001584234712,0.24999997905479862,0.2499997858753944,0.2500000766463358
Sports,1384,0,0.25000007610454483,0.24999999310427848,0.2499999068211022,0.2500000239700745
Sports,1385,0,0.25000020689237684,0.24999997583394895,0.24999973036152756,0.2500000869121466
Sports,1386,0,0.25000015036021117,0.2499999775242843,0.24999978885118143,0.25000008326432316
Sports,1387,0,0.2500001485874109,0.2499999847350608,0.24999981250500153,0.25000005417252674
Sports,1388,0,0.25000010692743163,0.24999999165980102,0.24999987342221344,0.25000002799055393
Sports,1389,0,0.25000017481568493,0.24999998160289552,0.24999977840682222,0.25000006517459733
Sports,1390,0,0.2500000936269678,0.2499999964212236,0.24999990029404393,0.25000000965776475
Sports,1391,0,0.2500000902869687,0.24999998713182187,0.24999987500677234,0.2500000475744371
Sports,1392,2,0.24999998194271186,0.2500000168273426,0.2500000693792684,0.24999993185067718
Sports,1393,0,0.2500001182603906,0.2499999845931285,0.24999984047665927,0.2500000566698216
Sports,1394,0,0.2500001192522111,0.24999998635785206,0.24999984567042244,0.25000004871951437
Sports,1395,3,0.2500000380606603,0.2499999865169597,0.24999992260698886,0.25000005281539117
Sports,1396,0,0.2500001021815324,0.2499999835867365,0.24999985281771941,0.25000006141401165
Sports,1397,0,0.25000009921489535,0.24999999415626575,0.24999988859824876,0.25000001803059013
Sports,1398,3,0.25000003902345863,0.24999998838393775,0.24999992752468306,0.25000004506792045
Sports,1399,0,0.2500001002264127,0.24999998704751242,0.24999986536248991,0.25000004736358494
Sports,1400,3,0.25000005500951095,0.2499999829725557,0.24999989514300117,0.2500000668749322
Sports,1401,0,0.25000008828306997,0.24999997841118418,0.24999984984483145,0.25000008346091446
Sports,1402,3,0.2500000963364172,0.24999997035315877,0.24999981740774394,0.25000011590268006
Sports,1403,3,0.2500000599228764,0.2499999728216487,0.24999985881417544,0.25000010844129944
Sports,1404,0,0.2500001480671628,0.24999997855429434,0.24999979433138536,0.25000007904715754
Sports,1405,0,0.2500001552028259,0.24999998479097327,0.24999980625068297,0.25000005375551787
Sports,1406,0,0.2500001664096217,0.24999998225039535,0.24999978816134125,0.2500000631786416
Sports,1407,2,0.25000002639180413,0.2500000187411798,0.2500000336021096,0.24999992126490647
Sports,1408,0,0.25000023130809634,0.2499999769912375,0.2499997108157051,0.2500000808849611
Sports,1409,0,0.25000014188067377,0.24999997725844333,0.24999979561701074,0.2500000852438721
Sports,1410,0,0.25000010113694704,0.2499999972709002,0.24999989662026711,0.2500000049718858
Sports,1411,0,0.25000013457361103,0.24999997482299066,0.2499997953377843,0.250000095265614
Sports,1412,0,0.25000015217393773,0.24999997877551874,0.24999979074520778,0.25000007830533577
Sports,1413,0,0.25000002780362335,0.24999999521379954,0.24999995917224582,0.25000001781033127
Sports,1414,0,0.25000012411060024,0.24999998005859284,0.24999982147566627,0.2500000743551406
Sports,1415,0,0.25000017754167136,0.24999997246457742,0.24999974735760086,0.2500001026361503
Sports,1416,0,0.2500001663270496,0.2499999850065151,0.24999979650429915,0.2500000521621362
Sports,1417,0,0.2500001442858703,0.24999998446687924,0.24999981551807807,0.2500000557291724
Sports,1418,0,0.2500001050407822,0.2500000041558313,0.24999991392243126,0.24999997688095524
Sports,1419,0,0.25000013746078353,0.24999999752175608,0.24999986295840845,0.250000002059052
Sports,1420,0,0.25000014809547283,0.24999998060725137,0.24999980045184264,0.2500000708454332
Sports,1421,0,0.2500002015264036,0.24999997303563234,0.24999972667767867,0.2500000987602854
Sports,1422,0,0.25000008231434523,0.24999998730937292,0.24999988308862148,0.25000004728766034
Sports,1423,0,0.2500001760304286,0.24999998138787893,0.24999977650356783,0.25000006607812464
Sports,1424,0,0.2500001483235349,0.249999990883139,0.24999983227080286,0.25000002852252323
Sports,1425,0,0.2500001412972684,0.24999997763822956,0.24999979781553702,0.25000008324896494
Sports,1426,0,0.250000145510192,0.24999998019309236,0.24999980134086724,0.2500000729558485
Sports,1427,0,0.2500000574678801,0.2499999996272863,0.2499999452011102,0.24999999770372341
Sports,1428,0,0.2500001249228884,0.24999999050920155,0.2499998526732024,0.2500000318947076
Sports,1429,0,0.25000012820893314,0.24999998458656592,0.2499998315258876,0.2500000556786133
Sports,1430,0,0.2500001801806262,0.24999997849774905,0.24999976371693428,0.25000007760469045
Sports,1431,0,0.25000018617583614,0.25000000344597595,0.24999983495835915,0.24999997541982874
Sports,1432,0,0.2500001768562856,0.24999998008482147,0.2499997714051642,0.2500000716537288
Sports,1433,0,0.2500001171505964,0.24999998237289547,0.24999983507150503,0.25000006540500314
Sports,1434,0,0.2500001106706122,0.2499999881725643,0.2499998588624963,0.25000004229432715
Sports,1435,0,0.25000009171734544,0.24999998414707397,0.24999986438191943,0.2500000597536612
Sports,1436,0,0.25000021475448847,0.24999998280954003,0.2499997448461299,0.2500000575898416
Sports,1437,3,0.25000003640223806,0.24999997939714222,0.2499999019056722,0.25000008229494747
Sports,1438,0,0.25000018294823745,0.24999997402974752,0.2499997470131381,0.25000009600887696
Sports,1439,0,0.2500002049567854,0.24999997547919386,0.24999973081388752,0.25000008875013324
Sports,1440,0,0.2500001490874095,0.24999999181132027,0.24999983386991678,0.25000002523135345
Sports,1441,0,0.250000156946971,0.24999998752011837,0.24999981369039548,0.2500000418425151
Sports,1442,0,0.2500001293210624,0.2499999733517283,0.24999979536780084,0.25000010195940847
Sports,1443,0,0.25000011431473346,0.24999997419550546,0.24999981240068164,0.25000009908907944
Sports,1444,0,0.250000195819067,0.2499999753576267,0.24999973909742268,0.2500000897258836
Sports,1445,0,0.2500001891929174,0.24999998154330602,0.24999976469187712,0.25000006457189944
Sports,1446,0,0.25000003359773254,0.2499999922910476,0.24999994462205938,0.2500000294891604
Sports,1447,0,0.25000019569616416,0.24999997861558182,0.24999974951412446,0.25000007617412967
Sports,1448,0,0.2500002718739638,0.249999966290346,0.24999963938132236,0.2500001224543679
Sports,1449,0,0.25000016738740694,0.24999998325874906,0.24999979028350056,0.2500000590703434
Sports,1450,0,0.2500002377142347,0.24999997342449126,0.2499996936374581,0.25000009522381594
Sports,1451,0,0.250000046351539,0.2500000260726132,0.25000003762255774,0.24999988995329006
Sports,1452,0,0.25000016319524454,0.24999997527263662,0.24999976967998397,0.25000009185213484
Sports,1453,0,0.25000018677347646,0.24999997954793968,0.24999976064609641,0.25000007303248745
Sports,1454,3,0.2500000669397623,0.24999997393164453,0.24999985567565802,0.25000010345293516
Sports,1455,0,0.25000014481843796,0.2499999773693417,0.2499997934801638,0.2500000843320565
Sports,1456,0,0.2500002048241059,0.249999978308225,0.24999973988190702,0.2500000769857621
Sports,1457,0,0.2500001858233139,0.24999997473250934,0.24999974681837484,0.2500000926258019
Sports,1458,0,0.25000013903686846,0.24999998633141593,0.24999982667706797,0.25000004795464764
Sports,1459,0,0.2500000855994452,0.24999998492721584,0.2499998728514508,0.25000005662188823
Sports,1460,0,0.25000015191597824,0.24999998712132376,0.24999981680188046,0.25000004416081745
Sports,1461,0,0.25000011181252435,0.2499999899778746,0.24999986357135862,0.25000003463824244
Sports,1462,0,0.2500001985303916,0.24999997399163956,0.24999973229837869,0.25000009517959015
Sports,1463,0,0.2500002282763156,0.24999996476726052,0.2499996760156061,0.25000013094081774
Sports,1464,0,0.25000010262375905,0.24999999937335582,0.2499999018437267,0.2499999961591584
Sports,1465,0,0.2500001332758023,0.2499999877276911,0.2499998364387104,0.25000004255779623
Sports,1466,0,0.25000007782325423,0.2499999974064905,0.2499999186261092,0.2500000061441461
Sports,1467,0,0.2500001734139814,0.24999998207941748,0.24999978139630327,0.2500000631102979
Sports,1468,0,0.25000013041965974,0.2499999748586292,0.24999979889223437,0.25000009582947663
Sports,1469,0,0.25000018789173944,0.2499999815225423,0.2499997655752294,0.2500000650104889
Sports,1470,0,0.2500000749138962,0.2499999841897657,0.2499998800736757,0.25000006082266235
Sports,1471,0,0.2500001627848601,0.24999998569624862,0.24999980257803392,0.25000004894085737
Sports,1472,0,0.25000011663124333,0.24999998703248882,0.2499998497084492,0.2500000466278186
Sports,1473,0,0.25000004471788345,0.24999999306615053,0.24999993681071966,0.2500000254052463
Sports,1474,0,0.25000013134470456,0.24999997861167955,0.24999980989041728,0.2500000801531986
Sports,1475,0,0.2500000999479933,0.24999998362547834,0.24999985502847047,0.2500000613980579
Sports,1476,0,0.2500000908202468,0.24999999031008563,0.24999988453775226,0.2500000343319153
Sports,1477,0,0.2500001760055239,0.24999997408042932,0.24999975376803563,0.2500000961460112
Sports,1478,3,0.25000009492412395,0.2499999729933425,0.2499998269322861,0.25000010515024745
Sports,1479,0,0.2500000818318931,0.24999998932948764,0.2499998900414932,0.25000003879712596
Sports,1480,0,0.25000015566134076,0.24999997320908215,0.24999977047372385,0.2500001006558532
Sports,1481,0,0.2500001938269648,0.24999997451324057,0.2499997382617363,0.25000009339805834
Sports,1482,0,0.2500001257787125,0.24999998034794146,0.24999982067484905,0.25000007319849704
Sports,1483,0,0.2500001703039663,0.24999998807228116,0.2499998026477143,0.25000003897603823
Sports,1484,0,0.25000022982481696,0.2499999703467274,0.24999969140193176,0.2500001084265239
Sports,1485,0,0.25000006087919097,0.24999999037720458,0.2499999129488526,0.2500000357947519
Sports,1486,0,0.25000019921370126,0.24999997551973785,0.2499997362657339,0.25000008900082693
Sports,1487,0,0.2500001114166489,0.24999998668626355,0.24999985372331707,0.2500000481737705
Sports,1488,0,0.25000013412163297,0.24999998564362108,0.24999982925442893,0.250000050980317
Sports,1489,0,0.25000009956748465,0.25000000124521604,0.24999991068772998,0.24999998849956936
Sports,1490,0,0.25000013046106434,0.24999997934482956,0.24999981327076373,0.2500000769233423
Sports,1491,0,0.25000009989525174,0.24999998552505237,0.24999986133477234,0.25000005324492347
Sports,1492,0,0.25000019284136277,0.24999997687076755,0.24999974627716862,0.2500000840107011
Sports,1493,0,0.2500001041584267,0.249999996290575,0.24999989037719694,0.25000000917380133
Sports,1494,0,0.25000011102273567,0.24999998533384513,0.24999984997110986,0.2500000536723093
Sports,1495,0,0.2500001540268234,0.24999998656389794,0.24999981350946482,0.2500000458998139
Sports,1496,0,0.2500001757673018,0.24999997731865586,0.24999976437529312,0.2500000825387492
Sports,1497,0,0.2500000347808018,0.24999999162022746,0.249999941322526,0.2500000322764447
Sports,1498,0,0.25000014659635095,0.24999997666544987,0.24999978941337694,0.25000008732482226
Sports,1499,0,0.2500000645395248,0.2500000009989766,0.24999994249426696,0.24999999196723163
Sports,1500,0,0.25000005258602925,0.2500000146613527,0.24999999639687592,0.2499999363557422
Sports,1501,0,0.2500000425653999,0.24999999643751275,0.24999994895457356,0.2500000120425137
Sports,1502,0,0.2500000996635162,0.2499999771908604,0.24999983549498256,0.25000008765064086
Sports,1503,0,0.25000015979009504,0.2499999789048627,0.24999978424559685,0.2500000770594454
Sports,1504,0,0.25000004089595546,0.2500000130145315,0.25000000153074364,0.24999994455876937
Sports,1505,0,0.25000012597493715,0.2499999962613345,0.24999986996048498,0.25000000780324333
Sports,1506,3,0.25000004702071293,0.24999998257127487,0.24999990165364672,0.2500000687543655
Sports,1507,0,0.250000226475477,0.24999997399969218,0.24999970584772063,0.25000009367711024
Sports,1508,0,0.25000014907623014,0.24999997677966002,0.24999978767862116,0.25000008646548866
Sports,1509,0,0.2500000424553011,0.250000000596392,0.24999996203007668,0.24999999491823016
Sports,1510,0,0.2500002518955462,0.2499999796889227,0.2499996998903714,0.2500000685251597
Sports,1511,0,0.25000015083929883,0.24999998490238004,0.24999981137792235,0.2500000528803988
Sports,1512,0,0.2500001955528486,0.2499999750449185,0.24999973834151998,0.25000009106071297
Sports,1513,0,0.2500000636208354,0.24999998371574367,0.2499998896814779,0.25000006298194305
Sports,1514,0,0.2500001161147076,0.24999997490042977,0.2499998128904766,0.250000096094386
Sports,1515,0,0.25000012601617616,0.24999999148102292,0.24999985477087833,0.2500000277319226
Sports,1516,0,0.2500001638295933,0.24999997974657143,0.24999978271216938,0.25000007371166594
Sports,1517,0,0.2500000601145115,0.24999999936028283,0.2499999420086442,0.2499999985165614
Sports,1518,0,0.25000011447898013,0.24999999391432984,0.24999987331998388,0.25000001828670615
Sports,1519,0,0.25000018294640264,0.24999997550955855,0.24999975160427895,0.25000008993975986
Sports,1520,0,0.2500001869333399,0.24999997839644864,0.24999975722551115,0.25000007744470026
Sports,1521,0,0.2500001412588303,0.2500000020229384,0.24999987369423107,0.24999998302400023
Sports,1522,0,0.2500001205170708,0.2499999766683409,0.2499998140517832,0.25000008876280505
Sports,1523,0,0.2500001678094676,0.24999997271995758,0.24999975758729545,0.2500001018832793
Sports,1524,0,0.2500001214395782,0.24999998189082426,0.24999982959492775,0.2500000670746698
Sports,1525,0,0.25000007422336107,0.24999998856413716,0.24999989480459603,0.25000004240790574
Sports,1526,0,0.25000014352459415,0.24999998252070166,0.24999981045313974,0.25000006350156456
Sports,1527,0,0.2500002308803653,0.24999998192153935,0.24999972632434087,0.2500000608737545
Sports,1528,0,0.2500001165218674,0.24999998934058015,0.24999985734305222,0.2500000367945003
Sports,1529,0,0.2500001487286251,0.24999998526986597,0.2499998145283256,0.2500000514731834
Sports,1530,3,0.25000004188850156,0.24999998550041097,0.24999991553258016,0.25000005707850725
Sports,1531,0,0.2500000693245262,0.249999995984716,0.2499999223581764,0.25000001233258146
Sports,1532,0,0.25000017616999237,0.2499999749958589,0.2499997562843611,0.2500000925497876
Sports,1533,0,0.25000017890852205,0.2499999729486673,0.2499997476853366,0.25000010045747406
Sports,1534,0,0.25000016351596394,0.2499999834430865,0.24999979484239143,0.25000005819855814
Sports,1535,0,0.25000013581963004,0.24999998548076385,0.24999982722133435,0.25000005147827176
Sports,1536,0,0.25000012943561667,0.24999998117765473,0.2499998197385674,0.25000006964816124
Sports,1537,0,0.2500000303570732,0.25000000637776504,0.2499999911986681,0.2499999720664936
Sports,1538,0,0.25000021381948456,0.2499999727847574,0.24999971407028582,0.25000009932547224
Sports,1539,0,0.2500001285894305,0.2499999821570027,0.2499998232169256,0.2500000660366412
Sports,1540,2,0.25000000683854545,0.25000000506882525,0.2500000092050658,0.24999997888756342
Sports,1541,0,0.25000009801859996,0.2499999873737023,0.24999986871470975,0.250000045892988
Sports,1542,0,0.25000014339477233,0.24999998176163546,0.24999980849229367,0.25000006635129846
Sports,1543,0,0.2500001844904112,0.24999997820287212,0.24999975847133285,0.25000007883538383
Sports,1544,0,0.2500000771450939,0.24999998999793138,0.24999989639913575,0.25000003645783897
Sports,1545,0,0.2500001255861362,0.24999998171414473,0.24999982509024635,0.2500000676094727
Sports,1546,0,0.25000018542889957,0.24999998264708376,0.24999977152649758,0.25000006039751915
Sports,1547,0,0.2500001227155474,0.24999999141316495,0.24999985774879901,0.2500000281224887
Sports,1548,0,0.2500001773926249,0.24999998330930312,0.24999978094649963,0.25000005835157235
Sports,1549,0,0.25000015161771777,0.2499999722041392,0.24999977103270463,0.25000010514543836
Sports,1550,0,0.2500001932395066,0.249999958227572,0.24999968838460768,0.25000016014831367
Sports,1551,0,0.2500000804495645,0.24999999123108782,0.24999989715297566,0.25000003116637204
Sports,1552,0,0.2500002334970746,0.24999996125591262,0.24999965989997558,0.2500001453470372
Sports,1553,3,0.24999998148389793,0.2499999960716482,0.2500000056713508,0.25000001677310313
Sports,1554,0,0.2500001034070483,0.24999999620432073,0.24999989102077902,0.25000000936785194
Sports,1555,0,0.25000006052590024,0.2499999941994168,0.249999924942239,0.25000002033244395
Sports,1556,0,0.2500001291339891,0.24999998250175892,0.24999982415368122,0.25000006421057075
Sports,1557,0,0.25000011615632217,0.24999998162767337,0.2499998337775114,0.25000006843849315
Sports,1558,0,0.2500001933369429,0.2499999823536149,0.24999976318857015,0.25000006112087203
Sports,1559,0,0.2500000884213161,0.24999999201455317,0.24999989209116308,0.2500000274729676
Sports,1560,0,0.2500001378156443,0.24999997953160896,0.24999980700094115,0.2500000756518056
Sports,1561,0,0.25000015822604904,0.24999997562029064,0.24999977525864206,0.25000009089501823
Sports,1562,0,0.25000003048385133,0.24999999867179024,0.24999996738324934,0.25000000346110907
Sports,1563,0,0.2500000689190733,0.24999999686477262,0.2499999255451479,0.25000000867100614
Sports,1564,3,0.25000000723892296,0.24999998369408521,0.24999994222540153,0.25000006684159026
Sports,1565,0,0.2500000580898624,0.24999998968898693,0.24999991335214294,0.25000003886900773
Sports,1566,2,0.24999998493784384,0.2500000091472417,0.2500000428131687,0.24999996310174577
Sports,1567,0,0.25000011657445426,0.24999999032147105,0.2499998604911389,0.25000003261293585
Sports,1568,0,0.2500001334181757,0.2499999882984253,0.24999983795801606,0.25000004032538303
Sports,1569,0,0.25000011033962377,0.24999999604417011,0.24999988388129799,0.2500000097349081
Sports,1570,0,0.2500001137714685,0.24999999169319537,0.24999986713673328,0.25000002739860283
Sports,1571,0,0.25000016812061804,0.24999997313481315,0.24999975849340655,0.25000010025116237
Sports,1572,0,0.25000017910846994,0.2499999818595999,0.24999977501113393,0.2500000640207962
Sports,1573,0,0.25000023159094725,0.24999996439838454,0.24999967130919942,0.2500001327014688
Sports,1574,0,0.25000011858080395,0.24999998535256776,0.24999984281743035,0.25000005324919794
Sports,1575,0,0.25000012502001323,0.24999999297983175,0.24999986062305501,0.2500000213771
Sports,1576,0,0.2500001201211057,0.24999998937063656,0.24999985358915935,0.2500000369190984
Sports,1577,3,0.2500001049792145,0.24999996461442742,0.24999979124192143,0.25000013916443675
Sports,1578,0,0.2500001015796253,0.2499999902709103,0.24999987392264325,0.2500000342268211
Sports,1579,0,0.25000009910809196,0.2499999908784517,0.24999987823788758,0.25000003177556873
Sports,1580,0,0.2500001866209614,0.2499999820127988,0.24999976853915865,0.2500000628270812
Sports,1581,0,0.250000135575153,0.24999996706002298,0.24999977000343035,0.25000012736139354
Sports,1582,0,0.250000085732911,0.24999997789377948,0.2499998507658059,0.25000008560750364
Sports,1583,0,0.25000019624884373,0.24999998601064077,0.2499997720811084,0.2500000456594071
Sports,1584,0,0.25000013204439364,0.2499999803147197,0.24999981453835987,0.2500000731025268
Sports,1585,0,0.2500001200967472,0.24999999756109917,0.24999987944301608,0.25000000289913754
Sports,1586,0,0.2500001467636635,0.24999996981600078,0.2499997679657647,0.250000115454571
Sports,1587,0,0.2500001817704322,0.24999998089619632,0.2499997697312848,0.25000006760208665
Sports,1588,0,0.2500000762345416,0.24999998214516939,0.24999987282518568,0.25000006879510334
Sports,1589,0,0.2500001592146182,0.2499999734811794,0.24999976782270797,0.2500000994814944
Sports,1590,0,0.2500001579847312,0.24999998658296857,0.24999980961445945,0.25000004581784074
Sports,1591,0,0.25000008892422715,0.25000000296051744,0.24999992607031962,0.24999998204493584
Sports,1592,0,0.25000020522928607,0.24999996990207232,0.24999971304956284,0.25000011181907883
Sports,1593,0,0.2500001243546524,0.2499999880029801,0.24999984579889742,0.25000004184347024
Sports,1594,0,0.2500001586785265,0.2499999785029869,0.24999978398061354,0.25000007883787306
Sports,1595,0,0.2500001773926249,0.24999998330930312,0.24999978094649963,0.25000005835157235
Sports,1596,0,0.25000016574662604,0.2499999845092988,0.24999979598190966,0.2500000537621656
Sports,1597,0,0.25000021696115354,0.24999997195022575,0.2499997084183668,0.25000010267025385
Sports,1598,0,0.2500001246019556,0.24999999941662338,0.24999988096341302,0.24999999501800807
Sports,1599,0,0.25000016977323614,0.2499999854892752,0.24999979535612768,0.2500000493813609
Sports,1600,0,0.2500001368032247,0.24999998519453215,0.24999982547570632,0.2500000525265369
Sports,1601,0,0.2500001909941908,0.24999997824923137,0.24999975302597943,0.2500000777305984
Sports,1602,0,0.25000011352194784,0.24999999372274467,0.24999987371825344,0.250000019037054
Sports,1603,2,0.24999995834366534,0.2500000262018156,0.25000012062078397,0.24999989483373514
Sports,1604,0,0.2500001334633169,0.24999998428777104,0.24999982534595155,0.25000005690296057
Sports,1605,0,0.2500000552413614,0.2500000050914716,0.24999996411795694,0.2499999755492101
Sports,1606,0,0.25000017982008077,0.2499999798296588,0.24999976797666829,0.2500000723735922
Sports,1607,0,0.25000011532425803,0.24999999069075163,0.24999986286937842,0.2500000311156119
Sports,1608,2,0.24999996093036647,0.2500000135547993,0.25000007882406283,0.2499999466907714
Sports,1609,0,0.25000014660750086,0.24999997751463934,0.2499997917642253,0.25000008411363445
Sports,1610,0,0.2500001320622361,0.24999998280085708,0.24999982229348947,0.2500000628434174
Sports,1611,0,0.250000082929984,0.24999999187540906,0.24999989659472524,0.25000002859988174
Sports,1612,0,0.2500002019358384,0.2499999766817001,0.24999973762400354,0.25000008375845795
Sports,1613,0,0.2500000813220029,0.24999999093975822,0.2499998947682916,0.2500000329699473
Sports,1614,0,0.25000016340359854,0.24999998085401212,0.2499997867920842,0.25000006895030513
Sports,1615,0,0.2500000984699517,0.24999997998463058,0.24999984518575125,0.2500000763596664
Sports,1616,0,0.2500001345137892,0.2499999778508918,0.24999980486312795,0.25000008277219105
Sports,1617,0,0.2500001496225082,0.24999997548469663,0.24999978324222347,0.25000009165057174
Sports,1618,2,0.24999999784602725,0.2500000060544421,0.2500000208872406,0.24999997521229014
Sports,1619,0,0.25000009038004256,0.2499999975042054,0.2499999072418887,0.25000000487386326
Sports,1620,0,0.25000020896435043,0.249999969142679,0.24999970736891838,0.2500001145240522
Sports,1621,0,0.25000020032656717,0.2499999641414237,0.249999699856272,0.2500001356757371
Sports,1622,0,0.2500000649852317,0.24999999448154903,0.24999992175977553,0.2500000187734437
Sports,1623,0,0.2500002746061516,0.24999996872820543,0.2499996446495496,0.2500001120160934
Sports,1624,0,0.2500001018840763,0.2499999856566248,0.24999985947003767,0.2500000529892613
Sports,1625,0,0.2500001214986629,0.250000001121173,0.24999988936018336,0.24999998801998083
Sports,1626,0,0.2500001452851096,0.2499999654557314,0.24999975567516694,0.250000133583992
Sports,1627,0,0.2500001103121864,0.24999997812988198,0.24999982784843103,0.25000008370950055
Sports,1628,2,0.2500000133768382,0.2500000088633576,0.2500000150760962,0.24999996268370808
Sports,1629,0,0.2500001527324673,0.24999997619120184,0.24999978202326187,0.250000089053069
Sports,1630,0,0.2500001070900343,0.24999998832257603,0.24999986245551592,0.2500000421318737
Sports,1631,0,0.25000021880771645,0.2499999772829848,0.24999972336066315,0.2500000805486356
Sports,1632,0,0.2500001197732866,0.24999996977482564,0.2499997935002454,0.25000011695164237
Sports,1633,0,0.25000019309736954,0.24999997971758767,0.2499997553011777,0.2500000718838651
Sports,1634,0,0.2500000636736088,0.2499999902815901,0.2499999097214264,0.2500000363233748
Sports,1635,0,0.2500001410589466,0.2499999884245048,0.24999983125665953,0.25000003925988906
Sports,1636,0,0.25000003892320677,0.25000000288055263,0.24999997253161435,0.24999998566462622
Sports,1637,0,0.2500002139204699,0.24999997175828445,0.24999971109667127,0.25000010322457433
Sports,1638,3,0.2500000965589444,0.2499999711496227,0.24999981960238127,0.25000011268905165
Sports,1639,2,0.24999999469474754,0.2500000352226284,0.2500001145116753,0.24999985557094878
Sports,1640,0,0.2500001195996076,0.24999998171083682,0.24999983055675,0.25000006813280556
Sports,1641,0,0.25000010616043516,0.24999998832229653,0.24999986349440864,0.25000004202285964
Sports,1642,0,0.2500001450317407,0.24999997422693243,0.24999978341838403,0.25000009732294287
Sports,1643,0,0.25000014688555783,0.24999998849288144,0.24999982621763073,0.25000003840393004
Sports,1644,0,0.25000014334719084,0.2499999775842971,0.2499997953652132,0.2500000837032989
Sports,1645,0,0.25000019103442916,0.24999997372406513,0.2499997382915732,0.2500000969499325
Sports,1646,0,0.25000012189959747,0.24999998562184828,0.24999984033563122,0.25000005214292303
Sports,1647,0,0.2500002202973531,0.24999997011868755,0.24999969988438686,0.2500001096995726
Sports,1648,3,0.2500000535638193,0.24999998122808972,0.24999989135100378,0.25000007385708717
Sports,1649,0,0.2500000547487429,0.24999999327654251,0.24999992725574335,0.25000002471897126
Sports,1650,0,0.2500001231987651,0.2499999761791793,0.24999980997999688,0.25000009064205875
Sports,1651,0,0.2500000728277476,0.24999999350397029,0.2499999114101011,0.250000022258181
Sports,1652,0,0.2500001398298287,0.24999998094457737,0.249999809274554,0.25000006995103985
Sports,1653,0,0.25000017941844666,0.2499999826192139,0.2499997769809198,0.25000006098141964
Sports,1654,0,0.2500002301173168,0.24999997109225114,0.24999969337386402,0.25000010541656803
Sports,1655,0,0.25000010200509476,0.24999998510547317,0.24999985749774092,0.25000005539169123
Sports,1656,0,0.25000014664916687,0.24999998093947629,0.24999980320820617,0.25000006920315065
Sports,1657,0,0.250000256212188,0.24999997341106028,0.24999967621473648,0.2500000941620153
Sports,1658,0,0.25000011373628467,0.24999999349999352,0.24999987282570588,0.25000001993801596
Sports,1659,0,0.25000018694253195,0.24999997903466428,0.2499997585111231,0.25000007551168063
Sports,1660,0,0.25000012513785025,0.24999999656723232,0.2499998714241874,0.25000000687072993
Sports,1661,0,0.2500002495682586,0.2499999676578656,0.2499996650478529,0.25000011772602293
Sports,1662,0,0.2500001558193505,0.2499999744175167,0.24999977389515982,0.250000095867973
Sports,1663,0,0.25000009150467367,0.24999999188127006,0.24999988868857936,0.2500000279254769
Sports,1664,0,0.2500001408601146,0.24999998973876533,0.24999983610712037,0.2500000332939998
Sports,1665,0,0.2500000917984028,0.24999998750067728,0.2499998747722531,0.25000004592866676
Sports,1666,3,0.25000010203930056,0.24999996823727214,0.24999980547149964,0.2500001242519277
Sports,1667,0,0.25000010679803764,0.24999997853438877,0.2499998330719021,0.25000008159567144
Sports,1668,0,0.2500001055246459,0.24999999960848746,0.2499998995955953,0.24999999527127134
Sports,1669,0,0.2500001232218953,0.2499999794025203,0.24999981991430198,0.25000007746128244
Sports,1670,0,0.250000155943112,0.24999998398084464,0.24999980353778212,0.2500000565382612
Sports,1671,0,0.2500001455858713,0.24999998591135245,0.24999981931371176,0.2500000491890645
Sports,1672,0,0.25000011902703323,0.24999998548076074,0.24999984279638732,0.2500000526958187
Sports,1673,0,0.25000009160892206,0.24999998291137993,0.24999986067732452,0.2500000648023735
Sports,1674,0,0.25000009404792334,0.2499999827739601,0.2499998580171642,0.2500000651609523
Sports,1675,0,0.250000130880366,0.2499999804044881,0.2499998160581749,0.25000007265697105
Sports,1676,0,0.25000013922078357,0.24999997795880752,0.24999980040141948,0.2500000824189894
Sports,1677,0,0.2500000843450759,0.24999998865256115,0.24999988515044727,0.2500000418519156
Sports,1678,0,0.25000014222293643,0.24999998551530872,0.24999982101011645,0.2500000512516384
Sports,1679,0,0.2500000617080228,0.24999999054549052,0.24999991262104126,0.2500000351254454
Sports,1680,0,0.2500001947872463,0.2499999665625112,0.24999971275596292,0.2500001258942796
Sports,1681,0,0.2500000556308267,0.24999998601220358,0.24999990431873867,0.250000054038231
Sports,1682,0,0.25000015696336697,0.24999998198166254,0.24999979640901673,0.25000006464595376
Sports,1683,0,0.25000019717302213,0.24999997181921957,0.24999972693999536,0.25000010406776285
Sports,1684,0,0.25000021041925036,0.2499999672949455,0.2499997007467482,0.250000121539056
Sports,1685,0,0.2500001504338061,0.24999997753520778,0.24999978842231882,0.25000008360866727
Sports,1686,3,0.2500000577721331,0.249999982662394,0.2499998917041591,0.2500000678613138
Sports,1687,0,0.25000009913172055,0.24999998542204852,0.2499998613890919,0.25000005405713915
Sports,1688,0,0.25000008297291126,0.24999998648087784,0.24999987982717534,0.2500000507190356
Sports,1689,0,0.2500001853550326,0.24999997408564537,0.249999744856079,0.2500000957032431
Sports,1690,3,0.25000002218709183,0.2499999870512028,0.24999993926729286,0.2500000514944125
Sports,1691,0,0.2500002059365467,0.24999997227031998,0.24999971992881947,0.2500001018643138
Sports,1692,0,0.25000014207069876,0.249999984879314,0.24999981917305492,0.2500000538769323
Sports,1693,0,0.25000016420221693,0.2499999776899745,0.24999977601732404,0.2500000820904846
Sports,1694,0,0.25000009518307675,0.24999999205663517,0.24999988570735907,0.250000027052929
Sports,1695,0,0.250000190450305,0.24999997562543935,0.24999974525730911,0.25000008866694656
Sports,1696,0,0.2500001381672256,0.2499999923424247,0.24999984639110545,0.2500000230992442
Sports,1697,0,0.25000007187353823,0.250000002675792,0.24999994078526847,0.2499999846654013
Sports,1698,3,0.2500000472599672,0.24999998146093944,0.2499998981412979,0.2500000731377955
Sports,1699,0,0.25000009492028724,0.24999998923266833,0.24999987729231815,0.2500000385547263
Sports,1700,0,0.2500000833687614,0.2500000058287802,0.24999994005952086,0.24999997074293748
Sports,1701,0,0.2500001702649407,0.24999998830862896,0.2499998035654283,0.25000003786100206
Sports,1702,0,0.2500001600423883,0.2499999966616518,0.2499998390282387,0.25000000426772134
Sports,1703,0,0.2500002378069957,0.24999998413923463,0.24999972714752636,0.25000005090624333
Sports,1704,0,0.25000013591039577,0.24999997277666533,0.24999978737051992,0.250000103942419
Sports,1705,0,0.2500001286871033,0.24999997173601654,0.24999979065182698,0.2500001089250532
Sports,1706,0,0.25000011378048487,0.2499999977786446,0.2499998860625173,0.25000000237835324
Sports,1707,0,0.25000016235126327,0.24999998071992036,0.24999978711267754,0.2500000698161388
Sports,1708,0,0.25000007198345986,0.2499999852361605,0.24999988616631677,0.2500000566140628
Sports,1709,0,0.2500000712413603,0.24999999066344983,0.24999990379068032,0.2500000343045095
Sports,1710,0,0.25000016008926884,0.24999997407750016,0.2499997688500339,0.2500000969831971
Sports,1711,0,0.2500001652288108,0.2499999857353077,0.2499998005073035,0.250000048528578
Sports,1712,0,0.25000007660457746,0.24999998810866775,0.24999989113766086,0.25000004414909394
Sports,1713,3,0.25000003494924256,0.2499999860441533,0.24999992393803594,0.2500000550685682
Sports,1714,0,0.25000020547406904,0.2499999766848564,0.24999973428238517,0.2500000835586893
Sports,1715,0,0.25000012074808803,0.2499999807447069,0.24999982643296037,0.25000007207424474
Sports,1716,0,0.25000012937716626,0.24999998358839867,0.2499998276534459,0.25000005938098924
Sports,1717,0,0.25000017629963245,0.24999997984678804,0.24999977141870444,0.2500000724348751
Sports,1718,0,0.25000009160892206,0.24999998291137993,0.24999986067732452,0.2500000648023735
Sports,1719,0,0.2500001660210297,0.24999997414949088,0.24999976352766476,0.25000009630181463
Sports,1720,0,0.25000012963534807,0.24999997329367948,0.24999979496658598,0.25000010210438645
Sports,1721,0,0.25000012340953487,0.2499999839302193,0.24999983409026735,0.2500000585699784
Sports,1722,3,0.2500000503896805,0.24999998493064604,0.2499999059272663,0.25000005875240716
Sports,1723,0,0.2500001325722734,0.2499999756936311,0.2499997997202126,0.25000009201388285
Sports,1724,0,0.2500001217536438,0.24999997764039605,0.24999981635545382,0.25000008425050624
Sports,1725,0,0.2500001170555332,0.2499999875659929,0.2499998511740561,0.2500000442044178
Sports,1726,0,0.25000010445075105,0.24999999376229903,0.24999988287786237,0.2500000189090875
Sports,1727,0,0.2500001127926483,0.2499999879524267,0.2499998563608445,0.2500000428940806
Sports,1728,0,0.2500000459376625,0.24999999162302916,0.24999993069531956,0.2500000317439888
Sports,1729,0,0.2500001909723649,0.24999998175601362,0.24999976346198996,0.2500000638096314
Sports,1730,0,0.2500001318099657,0.24999997385633002,0.2499997947481782,0.25000009958552605
Sports,1731,0,0.2500001243814453,0.24999998543981597,0.24999983769660056,0.2500000524821381
Sports,1732,0,0.2500001265012477,0.24999998827760872,0.24999984442727546,0.25000004079386806
Sports,1733,0,0.2500000811506561,0.2499999915407814,0.24999989743818646,0.25000002987037606
Sports,1734,0,0.2500001716385277,0.24999998561798858,0.24999979401787084,0.2500000487256129
Sports,1735,3,0.2500000528244184,0.24999997532053375,0.24999987381614383,0.25000009803890405
Sports,1736,0,0.25000009621947694,0.2499999950248325,0.2499998942242086,0.2500000145314819
Sports,1737,0,0.2500001543453256,0.24999999382127064,0.24999983576961823,0.2500000160637855
Sports,1738,0,0.2500001282363836,0.2499999827631775,0.2499998254582408,0.25000006354219806
Sports,1739,0,0.25000014897205464,0.24999998918432767,0.24999982606247972,0.25000003578113794
Sports,1740,0,0.2500001208019255,0.24999999042846174,0.24999985669305907,0.25000003207655375
Sports,1741,0,0.2500000778423354,0.2499999813696776,0.24999986911198704,0.25000007167599997
Sports,1742,0,0.25000011419005697,0.24999998356913103,0.24999984145007123,0.2500000607907408
Sports,1743,0,0.25000015554344485,0.24999997896511084,0.2499997880866383,0.25000007740480606
Sports,1744,0,0.2500002213151099,0.24999997897578452,0.24999972647766772,0.2500000732314378
Sports,1745,0,0.2500001782639675,0.2499999726911016,0.2499997471612124,0.2500001018837185
Sports,1746,0,0.25000014754537947,0.24999997738565194,0.24999979068863432,0.2500000843803343
Sports,1747,0,0.25000013351031636,0.24999999182131605,0.24999984878046866,0.250000025887899
Sports,1748,0,0.2500001945544871,0.24999998948182656,0.24999978387481647,0.2500000320888699
Sports,1749,0,0.2500002123282452,0.24999997582748834,0.24999972489633912,0.25000008694792736
Sports,1750,0,0.25000008077448055,0.24999999086004276,0.24999989538134434,0.25000003298413237
Sports,1751,0,0.2500000983004009,0.24999999119461128,0.24999988039514714,0.2500000301098407
Sports,1752,0,0.2500001630922796,0.24999997417316305,0.2499997662359507,0.2500000964986066
Sports,1753,0,0.2500000863227337,0.24999998632985285,0.24999987627580428,0.2500000510716091
Sports,1754,0,0.2500001075139768,0.2499999809035883,0.2499998392568205,0.2500000723256143
Sports,1755,0,0.25000005057490476,0.2499999881001449,0.24999991575142697,0.25000004557352334
Sports,1756,0,0.2500000884915117,0.24999999301787476,0.24999989468330902,0.2500000238073046
Sports,1757,0,0.2500000800747534,0.2500000018145302,0.24999993038766388,0.24999998772305254
Sports,1758,0,0.2500001637097858,0.24999998628241252,0.2499998034921123,0.25000004651568947
Sports,1759,0,0.2500000705436283,0.24999998483620886,0.24999988729187209,0.2500000573282908
Sports,1760,0,0.2500000734723753,0.24999999302787854,0.24999990899136876,0.2500000245083775
Sports,1761,0,0.25000013900552037,0.24999998060502293,0.24999980888655693,0.2500000715028997
Sports,1762,0,0.25000014394519693,0.2499999885151781,0.2499998284700951,0.25000003906952983
Sports,1763,0,0.25000016782068274,0.2499999704947836,0.24999975016571926,0.2500001115188143
Sports,1764,0,0.2500001242196652,0.2499999875867298,0.24999984429889144,0.2500000438947135
Sports,1765,0,0.2500001947942974,0.24999996607070857,0.2499997110832945,0.2500001280516996
Sports,1766,3,0.2500000268520644,0.2499999906182079,0.24999994565742895,0.25000003687229877
Sports,1767,0,0.2500002238885413,0.24999997582927008,0.24999971421777356,0.250000086064415
Sports,1768,0,0.25000013281387934,0.2499999900272845,0.2499998437416053,0.25000003341723087
Sports,1769,0,0.25000008012177766,0.24999998869927914,0.24999988956234365,0.25000004161659956
Sports,1770,0,0.2500002338482855,0.24999997666504542,0.24999970704316113,0.2500000824435079
Sports,1771,0,0.2500001206960718,0.2499999909473355,0.24999985802715632,0.25000003032943635
Sports,1772,0,0.2500000707915087,0.24999999745707582,0.24999992530338772,0.2500000064480277
Sports,1773,0,0.2500001707012915,0.2499999985113423,0.24999983401520334,0.2499999967721629
Sports,1774,0,0.25000010341582896,0.24999998245492033,0.24999984790773788,0.25000006622151283
Sports,1775,0,0.25000010686755214,0.2499999928261258,0.24999987706624444,0.2500000232400776
Sports,1776,0,0.25000018031910576,0.24999997332123744,0.24999974733641273,0.2500000990232441
Sports,1777,0,0.25000005322367863,0.24999999836964942,0.2499999451980621,0.2500000032086099
Sports,1778,0,0.2500001459549345,0.24999998164240014,0.24999980572728378,0.2500000666753816
Sports,1779,0,0.25000017934217555,0.24999997245889724,0.24999974544043332,0.2500001027584939
Sports,1780,3,0.2500000915029035,0.24999997341270036,0.24999983148410934,0.2500001036002868
Sports,1781,0,0.25000022821314793,0.2499999752144156,0.2499997084929962,0.2500000880794403
Sports,1782,0,0.2500001102979492,0.24999998266172777,0.2499998426050522,0.2500000644352708
Sports,1783,0,0.2500001577415076,0.24999996637044694,0.2499997469932583,0.2500001288947872
Sports,1784,0,0.25000014049536845,0.2499999832997139,0.24999981571659374,0.25000006048832385
Sports,1785,2,0.24999998483178246,0.2500000190321986,0.2500000734320731,0.24999992270394586
Sports,1786,0,0.2500001418908193,0.2499999880319028,0.2499998292027678,0.2500000408745101
Sports,1787,0,0.25000009406657975,0.24999999658739708,0.24999990106880163,0.25000000827722146
Sports,1788,3,0.25000005209892134,0.24999997264440466,0.24999986632216933,0.2500001089345047
Sports,1789,0,0.25000016659537594,0.24999996911936004,0.24999974700810845,0.2500001172771555
Sports,1790,0,0.2500001902156709,0.24999999117082547,0.24999979335399813,0.25000002525950554
Sports,1791,0,0.25000010420201013,0.2499999809747187,0.24999984280395085,0.2500000720193203
Sports,1792,0,0.25000013882578437,0.24999998374466692,0.24999981857686934,0.25000005885267945
Sports,1793,0,0.2500001326512606,0.25000000395255834,0.24999988749061197,0.2499999759055691
Sports,1794,0,0.25000014246734636,0.24999998692298156,0.2499998249658775,0.2500000456437946
Sports,1795,0,0.2500001716340389,0.2499999910580728,0.24999981011659456,0.2500000271912937
Sports,1796,0,0.2500001229018134,0.24999998424253667,0.24999983495629874,0.25000005789935126
Sports,1797,0,0.25000012528568705,0.24999998793640713,0.24999984444353338,0.2500000423343725
Sports,1798,0,0.2500000958040359,0.24999998732713366,0.24999987040215096,0.25000004646667945
Sports,1799,0,0.2500000669302916,0.24999999633335318,0.24999992566022272,0.2500000110761325
Sports,1800,0,0.2500001903932906,0.24999997983967384,0.24999975787644033,0.25000007189059525
Sports,1801,0,0.2500001373079936,0.2499999784327447,0.24999980399523933,0.25000008026402243
Sports,1802,3,0.25000003760784273,0.24999999020010627,0.24999993446172628,0.25000003773032464
Sports,1803,0,0.2500001052363271,0.2499999814606903,0.2499998428434063,0.25000007045957634
Sports,1804,0,0.25000025525037795,0.24999996626282522,0.24999965520390946,0.25000012328288734
Sports,1805,0,0.2500000499431274,0.24999998931161266,0.24999991981969233,0.25000004092556755
Sports,1806,0,0.2500001437589251,0.24999998220786196,0.24999980948723585,0.25000006454597706
Sports,1807,0,0.25000015337968623,0.2499999783755595,0.24999978853532784,0.25000007970942645
Sports,1808,0,0.25000017488408094,0.24999999282461613,0.24999981356927717,0.25000001872202576
Sports,1809,0,0.2500000833354323,0.24999998775325388,0.2499998829847063,0.2500000459266075
Sports,1810,0,0.2500000803296848,0.24999999185407912,0.2499998991458569,0.2500000286703791
Sports,1811,0,0.2500001416041128,0.24999997611568636,0.24999979245488863,0.2500000898253122
Sports,1812,0,0.2500001080331397,0.24999998727710046,0.24999985888323428,0.2500000458065255
Sports,1813,0,0.25000018265412155,0.2499999733681657,0.249999745219624,0.25000009875808876
Sports,1814,0,0.2500001336200217,0.2499999772677976,0.24999980373417438,0.2500000853780063
Sports,1815,0,0.25000019165931575,0.2499999805997803,0.24999975910028385,0.25000006864062013
Sports,1816,0,0.25000013891469464,0.24999999180860571,0.24999984385288282,0.2500000254238169
Sports,1817,0,0.2500002249993155,0.24999996798801538,0.24999968893339822,0.2500001180792709
Sports,1818,0,0.25000013969779644,0.24999997894374282,0.24999980306427258,0.25000007829418813
Sports,1819,0,0.2500001106922794,0.24999999310866325,0.2499998745722035,0.2500000216268538
Sports,1820,0,0.25000012444844943,0.24999997972722113,0.249999819886381,0.2500000759379483
Sports,1821,0,0.25000016528580815,0.2499999708953085,0.24999975403205374,0.2500001097868296
Sports,1822,0,0.2500000767585526,0.24999999562148081,0.24999991425198803,0.25000001336797856
Sports,1823,0,0.2500002213037717,0.24999997576330593,0.24999971671978313,0.25000008621313924
Sports,1824,0,0.2500001801163731,0.2499999852217665,0.24999978422685232,0.25000005043500806
Sports,1825,0,0.25000010144519574,0.2499999825597209,0.2499998500212844,0.250000065973799
Sports,1826,0,0.2500001749735396,0.2499999797067863,0.2499997719407031,0.25000007337897107
Sports,1827,0,0.25000015094680583,0.2499999824121701,0.24999980340671185,0.25000006323431223
Sports,1828,0,0.250000116029228,0.24999998186588232,0.24999983442383758,0.2500000676810521
Sports,1829,0,0.2500002027351716,0.24999997547543215,0.24999973312046667,0.2500000886689297
Sports,1830,0,0.2500001895009573,0.24999997869541649,0.24999975548646292,0.25000007631716337
Sports,1831,0,0.25000014281119837,0.2499999776927757,0.24999979632231642,0.25000008317370953
Sports,1832,0,0.25000012054527343,0.2500000016826599,0.24999989144989226,0.24999998632217432
Sports,1833,0,0.25000022601799393,0.24999996352788573,0.24999967384448454,0.2500001366096358
Sports,1834,3,0.2500000921561496,0.24999997480481403,0.24999983513926607,0.25000009789977035
Sports,1835,0,0.2500000960951051,0.24999998878892,0.2499998746953432,0.2500000404206316
Sports,1836,0,0.250000133625744,0.2499999814524237,0.24999981629040569,0.25000006863142654
Sports,1837,0,0.2500002005537071,0.24999997358528522,0.24999972906950743,0.25000009679150026
Sports,1838,0,0.25000015850613616,0.24999998299550702,0.24999979810607126,0.2500000603922856
Sports,1839,3,0.2500000035533483,0.2499999919513998,0.24999997169663937,0.2500000327986126
Sports,1840,3,0.2500000130519107,0.24999998370006787,0.24999993742982868,0.25000006581819273
Sports,1841,0,0.25000021483107016,0.24999997908566493,0.24999973277937212,0.2500000733038928
Sports,1842,0,0.25000010875959916,0.24999999971606562,0.24999989691968497,0.24999999460465017
Sports,1843,0,0.25000009500632,0.2500000037068926,0.24999992216315306,0.24999997912363434
Sports,1844,0,0.25000012116138176,0.2499999954566021,0.24999987179978514,0.25000001158223095
Sports,1845,3,0.25000003889021816,0.2499999838762267,0.24999991364351218,0.2500000635900429
Sports,1846,0,0.250000224748503,0.24999997299994683,0.24999970450503062,0.25000009774651955
Sports,1847,0,0.25000007199129815,0.24999998658593098,0.24999989063636874,0.25000005078640214
Sports,1848,0,0.25000013593915504,0.2499999842940689,0.2499998230773364,0.25000005668943975
Sports,1849,0,0.2500002081653085,0.24999997861538842,0.24999973806663056,0.25000007515267253
Sports,1850,0,0.2500001093924977,0.24999999715510204,0.24999988816743762,0.25000000528496263
Sports,1851,0,0.25000011203265227,0.24999999654910637,0.2499998840574114,0.25000000736083
Sports,1852,0,0.25000009475801505,0.24999999092098613,0.249999882746098,0.25000003157490075
Sports,1853,3,0.2500000393179861,0.2499999841087811,0.24999991362704552,0.2500000629461873
Sports,1854,0,0.25000015746946913,0.24999998092796233,0.24999979259026828,0.25000006901230026
Sports,1855,0,0.2500001727404412,0.24999998353972433,0.2499997864465362,0.2500000572732982
Sports,1856,0,0.25000009476415613,0.24999997770877158,0.2499998415230862,0.2500000860039861
Sports,1857,0,0.2500001184993569,0.2499999857247626,0.24999984399144642,0.2500000517844341
Sports,1858,0,0.25000022964102964,0.24999997619584147,0.24999971022592363,0.25000008393720524
Sports,1859,0,0.25000017259007074,0.24999996940880806,0.2499997423903032,0.250000115610818
Sports,1860,3,0.24999999805794462,0.2499999929203662,0.2499999800074043,0.2500000290142849
Sports,1861,0,0.2500001042447361,0.2499999847729967,0.24999985465376137,0.25000005632850586
Sports,1862,0,0.2500000989007734,0.2499999924076074,0.24999988335501652,0.25000002533660265
Sports,1863,0,0.2500001232177682,0.24999998004817767,0.24999982167245574,0.2500000750615984
Sports,1864,0,0.25000018939975693,0.24999997368003657,0.24999973989849744,0.25000009702170906
Sports,1865,0,0.25000008686441016,0.24999999858483235,0.2499999139521221,0.2500000005986355
Sports,1866,0,0.25000010573597714,0.24999999094955727,0.2499998723474468,0.25000003096701884
Sports,1867,0,0.2500001442696811,0.24999998081367178,0.24999980487783,0.25000007003881713
Sports,1868,0,0.2500001486554641,0.24999998039524104,0.24999979933521108,0.2500000716140837
Sports,1869,0,0.2500001202448468,0.2500000121661788,0.2499999246845209,0.24999994290445343
Sports,1870,0,0.25000014235960466,0.24999997663235538,0.24999979350861126,0.25000008749942876
Sports,1871,0,0.2500001183097214,0.24999998277504284,0.24999983498323908,0.25000006393199664
Sports,1872,0,0.25000011970450786,0.24999998696630832,0.24999984662947333,0.25000004669971054
Sports,1873,0,0.25000015961585353,0.2499999720067623,0.24999976264460125,0.2500001057327829
Sports,1874,0,0.2500001098111259,0.24999998740257437,0.24999985735674457,0.2500000454295551
Sports,1875,0,0.25000008620348024,0.2499999779803727,0.24999985053378382,0.25000008528236317
Sports,1876,0,0.2500001363714732,0.24999998679489008,0.24999983024340303,0.2500000465902336
Sports,1877,0,0.25000015581824236,0.24999999023491726,0.2499998228299808,0.25000003111685976
Sports,1878,0,0.2500001203323925,0.24999998297726622,0.2499998338748797,0.25000006281546155
Sports,1879,0,0.25000017758502685,0.2499999993537082,0.24999983094821374,0.2499999921130512
Sports,1880,0,0.25000017494677207,0.24999998692052203,0.24999979479987844,0.2500000433328274
Sports,1881,0,0.2500000964727601,0.25000000426825475,0.24999992261225248,0.24999997664673265
Sports,1882,0,0.2500002082963714,0.24999997010349248,0.24999971104216492,0.2500001105579712
Sports,1883,0,0.25000013630857193,0.24999999699718226,0.24999986236597693,0.25000000432826885
Sports,1884,0,0.2500001897239368,0.24999996966925467,0.24999972720729063,0.25000011339951794
Sports,1885,0,0.2500001077745877,0.24999998430440862,0.24999984986770257,0.2500000580533011
Sports,1886,0,0.2500001961833492,0.24999998221794312,0.24999976065846896,0.25000006094023874
Sports,1887,0,0.2500000877384552,0.24999999165120151,0.2499998915311799,0.25000002907916336
Sports,1888,3,0.2500000204031432,0.2499999909428996,0.24999995294726843,0.2500000357066887
Sports,1889,0,0.2500001234600129,0.2499999828996557,0.24999983046816715,0.2500000631721643
Sports,1890,0,0.2500002344286026,0.24999996904226007,0.24999968292336675,0.2500001136057707
Sports,1891,0,0.25000018814545827,0.24999997378236008,0.24999974157382857,0.2500000964983531
Sports,1892,0,0.25000014492803674,0.2499999835931739,0.24999981261773208,0.25000005886105725
Sports,1893,0,0.25000014779797314,0.24999999656729144,0.24999985042375028,0.25000000521098503
Sports,1894,0,0.2500000508837842,0.25000000037162573,0.2499999529490152,0.24999999579557494
Sports,1895,0,0.2500001065897159,0.24999998979508684,0.249999867880343,0.2500000357348543
Sports,1896,0,0.25000011263411437,0.249999980797555,0.24999983448594498,0.2500000720823856
Sports,1897,0,0.2500000547676852,0.2499999963767538,0.2499999373351403,0.25000001152042073
Sports,1898,0,0.2500001029694971,0.24999998599972545,0.24999985958548307,0.25000005144529436
Sports,1899,0,0.2500001405065903,0.24999998239392537,0.24999981292578743,0.25000006417369686
Sports,1900,0,0.250000109828688,0.24999998688796202,0.24999985605011105,0.250000047233239
Sports,1901,0,0.2500001615277006,0.2499999814216819,0.24999979035052672,0.2500000667000908
Sports,1902,0,0.2500001352711123,0.24999998179321448,0.24999981606171257,0.2500000668739606
Sports,1903,0,0.25000004386718644,0.2500000026718099,0.24999996701611785,0.2499999864448858
Sports,1904,0,0.2500002460908194,0.24999997342533847,0.249999686025746,0.2500000944580961
Sports,1905,0,0.2500001584881792,0.24999997024160614,0.24999975854352752,0.2500001127266871
Sports,1906,0,0.2500001628472249,0.2499999709936411,0.24999975614401898,0.250000110015115
Sports,1907,0,0.25000019085051406,0.24999997333356055,0.2499997376662081,0.2500000981497173
Sports,1908,3,0.2500000547657688,0.24999997164278798,0.24999986054986376,0.2500001130415795
Sports,1909,0,0.25000021721753396,0.24999997181151287,0.2499997076984922,0.250000103272461
Sports,1910,3,0.2499999574930441,0.24999998195661363,0.24999998429280285,0.25000007625753945
Sports,1911,0,0.2500001155482087,0.24999998602202833,0.24999984759726498,0.25000005083249793
Sports,1912,0,0.2500001618196893,0.249999997418859,0.24999983981108426,0.2500000009503674
Sports,1913,0,0.25000016734151925,0.24999998824921854,0.24999980586836437,0.2500000385408978
Sports,1914,0,0.2500001697957194,0.24999997603748955,0.24999976595460233,0.2500000882121888
Sports,1915,3,0.2500000720492986,0.24999997972997182,0.24999986932675958,0.25000007889397
Sports,1916,0,0.25000020132914025,0.2499999751236409,0.24999973276851056,0.2500000907787083
Sports,1917,2,0.24999997431928314,0.2500000133735737,0.2500000652258649,0.24999994708127826
Sports,1918,0,0.2500001073955819,0.2499999864931875,0.24999985687131115,0.25000004923991936
Sports,1919,0,0.25000014221609773,0.2499999873629842,0.2499998270765645,0.25000004334435355
Sports,1920,3,0.25000005939361153,0.24999998142679952,0.24999988656826394,0.250000072611325
Sports,1921,0,0.2500000279678965,0.24999999703409867,0.24999996421104678,0.250000010786958
Sports,1922,0,0.25000017583116857,0.24999998914221486,0.2499998010039118,0.25000003402270476
Sports,1923,0,0.2500001910487502,0.24999997485046357,0.2499997418272208,0.2500000922735655
Sports,1924,0,0.25000012016427997,0.24999998409865942,0.24999983750862967,0.25000005822843085
Sports,1925,0,0.25000011799220195,0.24999997970736795,0.24999982596041428,0.2500000763400158
Sports,1926,0,0.2500001487520123,0.2499999871285915,0.24999981988289446,0.25000004423650174
Sports,1927,0,0.25000009889320474,0.24999999942319745,0.2499999052987238,0.24999999638487408
Sports,1928,0,0.2500002749648768,0.24999997060716586,0.24999965013636627,0.250000104291591
Sports,1929,0,0.25000012926790866,0.24999997859021195,0.24999981129842158,0.25000008084345776
Sports,1930,0,0.25000019388020467,0.2499999781266576,0.2499997493500586,0.2500000786430791
Sports,1931,0,0.250000130924504,0.24999997893698178,0.24999981154120735,0.2500000785973069
Sports,1932,0,0.2500001913766175,0.24999997293952686,0.24999973601336492,0.25000009967049075
Sports,1933,0,0.25000018772740007,0.24999998041077806,0.24999976250352876,0.25000006935829316
Sports,1934,0,0.2500000401836132,0.24999999687099148,0.24999995241767492,0.25000001052772036
Sports,1935,0,0.25000012730457666,0.24999997918918287,0.24999981546133043,0.25000007804491003
Sports,1936,0,0.25000021925147575,0.2499999742191995,0.2499997134158672,0.2500000931134575
Sports,1937,0,0.2500001790323815,0.24999998025186188,0.24999977003051282,0.25000007068524394
Sports,1938,0,0.25000019903123244,0.24999996562878768,0.24999970592177703,0.2500001294182029
Sports,1939,0,0.2500001185679345,0.24999998851922314,0.24999985279725664,0.25000004011558574
Sports,1940,3,0.25000004138433324,0.24999998480431743,0.2499999137318301,0.25000006007951925
Sports,1941,0,0.2500001398801641,0.24999997666741658,0.2499997961054238,0.25000008734699547
Sports,1942,0,0.25000008047227384,0.24999999781746354,0.24999991762757418,0.25000000408268847
Sports,1943,0,0.25000007196925833,0.24999998811070429,0.24999989556035013,0.2500000443596872
Sports,1944,0,0.2500000975653319,0.24999998327822515,0.24999985618728096,0.2500000629691619
Sports,1945,0,0.25000021337593115,0.24999997397407664,0.2499997180650739,0.25000009458491834
Sports,1946,0,0.2500002005844242,0.24999997961815912,0.24999974803943983,0.2500000717579768
Sports,1947,0,0.2500001432439995,0.2499999835281345,0.24999981402792865,0.25000005919993745
Sports,1948,2,0.2500000133130916,0.25000001023722157,0.250000019381315,0.24999995706837191
Sports,1949,0,0.25000014896558165,0.2499999862780415,0.2499998170070274,0.2500000477493494
Sports,1950,0,0.25000009386110167,0.2500000020401105,0.24999991815955777,0.24999998593923006
Sports,1951,0,0.2500001964935106,0.24999998681733668,0.24999977443885785,0.2500000422502949
Sports,1952,2,0.2500000004485279,0.25000001577367886,0.2500000486529751,0.2499999351248182
Sports,1953,0,0.2500000883734514,0.24999999271155876,0.24999989420924798,0.25000002470574184
Sports,1954,0,0.25000014692441425,0.24999997682397698,0.249999789861733,0.2500000863898758
Sports,1955,0,0.25000007601032015,0.24999998328066375,0.2499998766933715,0.25000006401564456
Sports,1956,3,0.24999999765843703,0.24999998006582277,0.249999940360872,0.25000008191486817
Sports,1957,0,0.25000011200275535,0.24999999657137645,0.249999884117698,0.2500000073081702
Sports,1958,0,0.2500001910935112,0.24999997046844402,0.24999972830524103,0.2500001101328037
Sports,1959,0,0.25000018970707294,0.24999996526982043,0.24999971332745113,0.25000013169565555
Sports,1960,0,0.2500002318718734,0.24999997774816304,0.24999971253699602,0.2500000778429675
Sports,1961,0,0.25000019950135743,0.2499999753086075,0.24999973530952344,0.25000008988051164
Sports,1962,0,0.250000095882468,0.24999998177486304,0.24999985290875693,0.25000006943391195
Sports,1963,0,0.25000019903123244,0.24999996562878768,0.24999970592177703,0.2500001294182029
Sports,1964,0,0.25000017171046157,0.2499999792471489,0.24999977404102353,0.250000075001366
Sports,1965,0,0.25000019611127494,0.2499999647980187,0.2499997058949004,0.250000133195806
Sports,1966,0,0.25000018829587206,0.24999997510519886,0.24999974525903718,0.2500000913398919
Sports,1967,0,0.25000022965178975,0.24999997758176307,0.24999971431508233,0.25000007845136474
Sports,1968,0,0.2500001572075729,0.24999997994621231,0.2499997899907262,0.25000007285548864
Sports,1969,0,0.2500000673681933,0.24999999553678895,0.2499999228906106,0.2500000142044072
Sports,1970,0,0.2500002051710655,0.24999997231441295,0.24999972129513742,0.25000010121938404
Sports,1971,0,0.25000016478605674,0.24999997061712098,0.24999975351880502,0.25000011107801723
Sports,1972,0,0.2500000680376397,0.2499999930754155,0.2499999145683245,0.25000002431862034
Sports,1973,0,0.2500001217270462,0.24999999808494502,0.24999987960999318,0.2500000005780157
Sports,1974,0,0.25000016617642407,0.24999998062680245,0.2499997830760672,0.25000007012070635
Sports,1975,0,0.2500002020610813,0.24999997803677826,0.24999974147674792,0.2500000784253925
Sports,1976,0,0.25000007711652333,0.2499999827307465,0.24999987368078147,0.2500000664719487
Sports,1977,0,0.25000023051787224,0.24999996638337504,0.2499996785681714,0.2500001245305813
Sports,1978,0,0.2500001172999835,0.24999998267646598,0.2499998361337865,0.2500000638897641
Sports,1979,0,0.2500001728428264,0.24999998522615882,0.24999979165582903,0.2500000502751858
Sports,1980,0,0.2500001371168614,0.2499999719337357,0.24999978367765435,0.25000010727174854
Sports,1981,0,0.25000018528964596,0.24999997362515414,0.24999974372034808,0.2500000973648518
Sports,1982,0,0.25000018237277977,0.24999997658636033,0.24999975572706393,0.2500000853137959
Sports,1983,0,0.2500001852857572,0.2499999761887624,0.2499997520632273,0.25000008646225313
Sports,1984,0,0.2500001313370648,0.24999999070284162,0.24999984761073643,0.250000030349357
Sports,1985,0,0.2500001180000546,0.2499999968306761,0.24999987878538846,0.2500000063838808
Sports,1986,0,0.2500002749648768,0.24999997060716586,0.24999965013636627,0.250000104291591
Sports,1987,0,0.2500001172185227,0.24999998479725735,0.24999984227995584,0.25000005570426403
Sports,1988,0,0.2500002012943901,0.24999996816249204,0.249999711832855,0.2500001187102629
Sports,1989,0,0.2500001468867802,0.24999997147449285,0.24999977347932897,0.25000010815939794
Sports,1990,0,0.2500001465643973,0.24999998113366337,0.24999980388474077,0.2500000684171985
Sports,1991,0,0.2500002196146917,0.24999997670415802,0.24999972057334774,0.2500000831078025
Sports,1992,3,0.250000073543806,0.24999997827199816,0.24999986337782537,0.25000008480637054
Sports,1993,0,0.2500001389038443,0.24999998989031816,0.249999837991816,0.25000003321402153
Sports,1994,0,0.25000013183498593,0.24999998106032228,0.24999981725736123,0.25000006984733053
Sports,1995,0,0.2500002587792363,0.24999996782229314,0.2499996562866189,0.2500001171118516
Sports,1996,0,0.2500001815947075,0.24999998053590175,0.24999976849388794,0.2500000693755029
Sports,1997,0,0.2500001400383326,0.2499999862344129,0.24999982550633165,0.25000004822092287
Sports,1998,0,0.2500001086325337,0.2500000027920029,0.24999990667022612,0.24999998190523728
Sports,1999,0,0.2500002005980769,0.2499999749989445,0.24999973335686898,0.25000009104610965
Business,2000,2,0.24999988568432877,0.25000000860458316,0.2500001343386899,0.2499999713723981
Business,2001,2,0.24999989879241347,0.24999998783728403,0.25000005769580874,0.25000005567449374
Business,2002,3,0.24999993160639883,0.24999999082165048,0.2500000358221188,0.2500000417498318
Business,2003,3,0.2499998587928901,0.2499999689272586,0.250000036612359,0.2500001356674924
Business,2004,2,0.24999996045657233,0.2500000040853608,0.2500000504853071,0.2499999849727597
Business,2005,3,0.24999985057395102,0.24999996218220338,0.25000002289626216,0.2500001643475835
Business,2006,2,0.24999987564429008,0.24999999335267764,0.2500000956924482,0.25000003531058407
Business,2007,2,0.2499999378267502,0.24999999308513962,0.2500000373119549,0.25000003177615526
Business,2008,2,0.2499999514685439,0.2500000314232721,0.25000014329553144,0.24999987381265262
Business,2009,2,0.249999936622634,0.24999999712548301,0.2500000496344042,0.2500000166174788
Business,2010,3,0.2499999527847527,0.24999998679583255,0.2500000039065822,0.2500000565128326
Business,2011,2,0.24999990172075803,0.24999999727628705,0.2500000840434506,0.2500000169595044
Business,2012,3,0.24999996509268535,0.24999999468141465,0.25000001620289,0.25000002402301
Business,2013,2,0.24999986182465583,0.2500000091172777,0.2500001582393495,0.24999997081871692
Business,2014,2,0.24999992218856223,0.2500000071288187,0.25000009415685837,0.24999997652576075
Business,2015,2,0.2499998402975524,0.2499999907763339,0.2500001214848595,0.25000004744125415
Business,2016,2,0.24999990456403623,0.2500000372677352,0.25000020539465606,0.24999985277357262
Business,2017,2,0.24999991661737392,0.250000010026152,0.25000010939342177,0.24999996396305227
Business,2018,3,0.2499999702899913,0.24999998928848707,0.24999999472412016,0.2500000456974015
Business,2019,3,0.24999992532606452,0.24999997896263376,0.250000005077881,0.2500000906334207
Business,2020,2,0.24999990530987004,0.2500000298812796,0.2500001803338777,0.24999988447497254
Business,2021,2,0.2499999320136938,0.25000000638920516,0.25000008398863555,0.24999997760846548
Business,2022,2,0.24999987566834997,0.2499999876928361,0.2500000790113466,0.25000005762746735
Business,2023,3,0.24999986949768904,0.2499999779790122,0.25000005424310645,0.25000009828019226
Business,2024,2,0.24999990793807428,0.2499999998291202,0.25000008534625556,0.25000000688654994
Business,2025,2,0.24999990692159987,0.24999999346581536,0.25000006771788985,0.25000003189469483
Business,2026,3,0.24999989756650953,0.24999998620844946,0.25000005429882893,0.25000006192621205
Business,2027,2,0.24999991988807688,0.25000001684644096,0.25000012637056174,0.2499999368949204
Business,2028,3,0.25000004535978726,0.24999998331414341,0.24999990554630241,0.2500000657797669
Business,2029,2,0.24999994416386953,0.2500000048910939,0.25000006680306675,0.24999998414196983
Business,2030,2,0.24999991793502832,0.24999999930676842,0.25000007496139287,0.25000000779681036
Business,2031,2,0.24999992714768285,0.2499999968087054,0.25000005913846485,0.25000001690514684
Business,2032,3,0.24999996038449873,0.24999997305575852,0.24999995338253392,0.2500001131772088
Business,2033,3,0.2499999851602795,0.24999998564336728,0.24999997007794136,0.2500000591184119
Business,2034,3,0.2499998564677526,0.24999997345680097,0.2500000525939118,0.25000011748153456
Business,2035,3,0.24999993474419024,0.24999998900056922,0.25000002788865533,0.2500000483665852
Business,2036,3,0.2499999903642315,0.24999999419483335,0.24999999049046348,0.25000002495047163
Business,2037,3,0.249999981963526,0.2499999928994253,0.2499999946046691,0.2500000305323797
Business,2038,3,0.24999992519036293,0.24999999044134583,0.2500000409844219,0.2500000433838694
Business,2039,2,0.24999996781604386,0.2500000018490068,0.2500000352329107,0.2499999951020386
Business,2040,2,0.2499999514241643,0.2499999945811655,0.2500000292612228,0.2500000247334474
Business,2041,3,0.24999999161891384,0.2499999782954238,0.2499999405779673,0.25000008950769503
Business,2042,2,0.24999996620573786,0.25000001058995425,0.25000006428228744,0.2499999589220204
Business,2043,3,0.24999989033716066,0.2499999838063523,0.2500000532768427,0.25000007257964435
Business,2044,3,0.2499999494035773,0.24999998856121583,0.25000001201296457,0.2500000500222423
Business,2045,2,0.24999991147484849,0.24999999855585503,0.25000007861150275,0.25000001135779376
Business,2046,3,0.24999990109884868,0.2499999768804074,0.2500000207434908,0.2500001012772531
Business,2047,2,0.24999990654335322,0.2500000009146745,0.25000009067006324,0.25000000187190907
Business,2048,3,0.24999994429767644,0.24999998719520466,0.25000001300315333,0.25000005550396553
Business,2049,2,0.24999997808802846,0.250000005288819,0.2500000366582316,0.2499999799649209
Business,2050,3,0.24999991342842698,0.2499999793834173,0.2500000175570906,0.25000008963106507
Business,2051,2,0.24999986425918438,0.24999998470529766,0.2500000805729859,0.25000007046253203
Business,2052,3,0.24999997441848204,0.24999998970227347,0.2499999924691697,0.2500000434100748
Business,2053,3,0.24999994200521827,0.24999997546902006,0.2499999780843767,0.25000010444138493
Business,2054,3,0.24999996766300134,0.24999999438404039,0.25000001264495664,0.2500000253080017
Business,2055,3,0.2499998875437843,0.2499999799886708,0.25000004395504644,0.25000008851249844
Business,2056,3,0.24999986740977703,0.249999967029412,0.25000002217343764,0.2500001433873733
Business,2057,2,0.2499999377804572,0.2500000010301629,0.2500000616909075,0.24999999949847235
Business,2058,3,0.24999990522863885,0.24999998478462546,0.2500000427242038,0.25000006726253193
Business,2059,2,0.2499998872363228,0.2499999906531258,0.25000007674498453,0.2500000453655669
Business,2060,3,0.24999992261256207,0.24999997834581966,0.2500000051784672,0.25000009386315103
Business,2061,3,0.24999986015779635,0.24999996638627234,0.25000002744486904,0.2500001460110623
Business,2062,3,0.2499999296507661,0.24999998356967637,0.2500000156111553,0.25000007116840234
Business,2063,2,0.24999988060907408,0.24999998889625802,0.2500000779661546,0.2500000525285134
Business,2064,2,0.24999989741378328,0.25000000924386107,0.2500001254386244,0.24999996790373125
Business,2065,0,0.2500000553983695,0.24999999213702176,0.24999992344416413,0.2500000290204446
Business,2066,2,0.249999884115677,0.2500000328974986,0.25000021014691165,0.2499998728399127
Business,2067,2,0.2499999166262168,0.24999999260624717,0.2500000547060477,0.2500000360614884
Business,2068,2,0.2499999653376899,0.25000000657361554,0.2500000527755996,0.24999997531309504
Business,2069,2,0.24999987741363638,0.24999999568077216,0.25000010198164324,0.25000002492394824
Business,2070,3,0.24999986929663037,0.24999997460836101,0.2500000436062048,0.2500001124888038
Business,2071,3,0.24999990951062084,0.24999998867004714,0.2500000495830446,0.2500000522362874
Business,2072,2,0.24999987159855214,0.2500000044923368,0.2500001348382833,0.24999998907082774
Business,2073,2,0.2499999372906669,0.24999999292929856,0.250000037164754,0.2500000326152806
Business,2074,2,0.24999986616167016,0.2500000002135375,0.2500001261530907,0.25000000747170154
Business,2075,2,0.249999974744679,0.25000001874174477,0.25000008115071465,0.24999992536286167
Business,2076,2,0.24999989691913568,0.25000001251526227,0.25000013506496205,0.24999995550063994
Business,2077,0,0.25000002240390384,0.2500000028698542,0.2499999880378195,0.24999998668842255
Business,2078,3,0.24999988021794844,0.24999997853389655,0.2500000460813793,0.2500000951667757
Business,2079,3,0.24999995896704094,0.2499999781317598,0.2499999712420777,0.2500000916591215
Business,2080,2,0.24999989302167316,0.24999999579818086,0.25000008857789063,0.25000002260225535
Business,2081,2,0.24999994270001716,0.25000001002559624,0.250000085274987,0.24999996199939956
Business,2082,3,0.2499999202905498,0.2499999900793965,0.2500000439810374,0.2500000456490163
Business,2083,3,0.249999990899201,0.24999998375215643,0.2499999579205823,0.2500000674280603
Business,2084,2,0.2499999276963453,0.2500000105484302,0.2500001003157007,0.24999996143952385
Business,2085,2,0.24999990949216913,0.25000000125305516,0.2500000894549904,0.24999999979978538
Business,2086,2,0.24999997215630676,0.25000002731985277,0.2500001109907295,0.249999889533111
Business,2087,3,0.24999999928749422,0.2499999905831,0.2499999717525979,0.2500000383768079
Business,2088,3,0.24999993801675746,0.24999998649226812,0.25000001647675313,0.2500000590142213
Business,2089,2,0.24999992109017619,0.2499999914018756,0.25000004785280694,0.25000003965514134
Business,2090,3,0.24999996680159328,0.24999999405014503,0.25000001295686675,0.25000002619139494
Business,2091,2,0.24999994668900793,0.24999999515370044,0.2500000335567294,0.2500000246005622
Business,2092,2,0.2499998765253125,0.2499999892756221,0.25000008284412656,0.25000005135493886
Business,2093,3,0.2499999362744624,0.24999998496375955,0.2500000136023346,0.25000006515944356
Business,2094,3,0.24999986300261803,0.2499999704433109,0.25000003783226116,0.2500001287218099
Business,2095,2,0.24999997173165175,0.24999999868055095,0.250000022708335,0.2500000068794623
Business,2096,2,0.2499998556516467,0.24999998321315822,0.25000008394406165,0.25000007719113343
Business,2097,3,0.24999999135135656,0.24999999741963772,0.25000000069246237,0.2500000105365434
Business,2098,3,0.24999992725845052,0.2499999842757617,0.25000001885502626,0.2500000696107616
Business,2099,0,0.2500000298779765,0.24999999759213212,0.2499999644606578,0.2500000080692336
Business,2100,0,0.25000007438133837,0.2499999936163913,0.24999991077958347,0.25000002122268683
Business,2101,2,0.24999994089223218,0.2499999986776914,0.25000005215361626,0.2500000082764602
Business,2102,3,0.24999989406924147,0.24999997926695677,0.2500000354090963,0.2500000912547055
Business,2103,3,0.2499998754477334,0.2499999834698399,0.25000006492314103,0.2500000761592857
Business,2104,2,0.24999990978563366,0.25000001623015167,0.25000013504156743,0.2499999389426473
Business,2105,3,0.2499999332809712,0.24999998302426146,0.250000010611633,0.25000007308313443
Business,2106,2,0.24999996891836226,0.25000000256156196,0.2500000365880688,0.24999999193200698
Business,2107,2,0.2499998846228088,0.2500000047879621,0.25000012306319136,0.2499999875260377
Business,2108,3,0.2499999818287325,0.24999998796798742,0.24999997858998285,0.2500000516132972
Business,2109,3,0.24999990153507903,0.24999997869195037,0.25000002710841096,0.2500000926645596
Business,2110,3,0.24999994252861635,0.2499999813865374,0.24999999603497636,0.2500000800498699
Business,2111,3,0.2499999181737589,0.24999998658252315,0.2500000354940359,0.25000005974968215
Business,2112,3,0.24999988282536542,0.24999998369164983,0.2500000594285109,0.2500000740544738
Business,2113,2,0.24999991560466034,0.24999999504127968,0.25000006292392096,0.2500000264301391
Business,2114,2,0.2499998801945942,0.24999999796438246,0.25000010581621135,0.2500000160248121
Business,2115,2,0.24999994393795047,0.2499999964035946,0.250000041917021,0.250000017741434
Business,2116,2,0.24999998688984157,0.25000002211051936,0.2500000810704389,0.24999990992920015
Business,2117,3,0.24999992993876427,0.24999998990166358,0.2500000349785386,0.2500000451810335
Business,2118,3,0.24999988975266213,0.24999997442920402,0.25000002430847346,0.25000011150966034
Business,2119,3,0.24999984320873955,0.24999996553232975,0.2500000403428983,0.2500001509160324
Business,2120,3,0.24999995353070695,0.24999999086620284,0.2500000143268955,0.2500000412761947
Business,2121,3,0.24999992233100296,0.2499999816849368,0.25000001526626797,0.2500000807177923
Business,2122,2,0.2499999590468568,0.24999999559538819,0.25000002485862705,0.250000020499128
Business,2123,2,0.24999985376452766,0.24999998792209846,0.25000009954652985,0.25000005876684406
Business,2124,2,0.24999993097900677,0.2500000012285055,0.2500000691964797,0.24999999859600797
Business,2125,3,0.2499998733844947,0.249999982116056,0.25000006376334377,0.2500000807361055
Business,2126,3,0.249999992584706,0.24999999266022865,0.24999998399879111,0.25000003075627425
Business,2127,2,0.24999985998704835,0.24999998634775758,0.25000008840519006,0.25000006526000407
Business,2128,3,0.2499999182360804,0.24999997719808723,0.2500000060927052,0.2500000984731272
Business,2129,2,0.24999993345057264,0.2500000128539398,0.25000010143172796,0.2499999522637596
Business,2130,2,0.24999997896884552,0.25000001017280876,0.2500000515007456,0.2499999593576
Business,2131,2,0.24999990851291848,0.2499999898525169,0.25000005500126105,0.2500000466333036
Business,2132,2,0.24999986452483933,0.24999998980738034,0.2500000955410725,0.25000005012670784
Business,2133,2,0.24999988899576953,0.24999998868333367,0.2500000699297922,0.25000005239110457
Business,2134,2,0.2499999122037824,0.24999999559602068,0.2500000686330154,0.2500000235671815
Business,2135,2,0.24999990157709145,0.2500000155895728,0.2500001397289757,0.24999994310436
Business,2136,2,0.24999995014504828,0.2500000154217131,0.2500000946572225,0.24999993977601617
Business,2137,2,0.24999988715237928,0.25000000711038245,0.2500001268001052,0.2499999789371331
Business,2138,3,0.24999989663839894,0.2499999715595134,0.250000008334379,0.2500001234677086
Business,2139,0,0.25000015693586336,0.24999997113077704,0.24999976271764063,0.25000010921571897
Business,2140,2,0.24999993108206583,0.2500000016832621,0.2500000689431693,0.24999999829150277
Business,2141,3,0.24999992144312852,0.24999998350267025,0.25000002267102467,0.2500000723831765
Business,2142,2,0.2499998977944329,0.24999999581700874,0.2500000832489119,0.2500000231396465
Business,2143,2,0.2499998566789493,0.2499999972873513,0.25000012631632074,0.2500000197173786
Business,2144,2,0.24999989824409607,0.24999999330907996,0.250000075542654,0.2500000329041699
Business,2145,2,0.2499998927699351,0.2500000080963607,0.2500001253674047,0.24999997376629948
Business,2146,2,0.24999987473000995,0.24999998637220147,0.2500000752120566,0.2500000636857321
Business,2147,3,0.25000000022262536,0.24999998169938187,0.24999994335102077,0.25000007472697194
Business,2148,2,0.24999985258107726,0.25000000469189504,0.25000015248209556,0.2499999902449322
Business,2149,3,0.24999993111946073,0.24999998629650697,0.250000022604734,0.2500000599792983
Business,2150,3,0.2499999223483048,0.2499999824206541,0.2500000182849906,0.2500000769460506
Business,2151,2,0.24999990686856588,0.24999999281464766,0.2500000651023596,0.25000003521442693
Business,2152,2,0.2499999795420334,0.2500000035268785,0.250000029841394,0.249999987089694
Business,2153,2,0.2499999844159124,0.2500000020851841,0.2500000213331559,0.24999999216574761
Business,2154,2,0.24999996799327284,0.25000000738685063,0.25000005230284456,0.24999997231703208
Business,2155,2,0.24999993372478788,0.2500000066342425,0.2500000827097154,0.24999997693125423
Business,2156,2,0.24999986013123673,0.24999999082514424,0.2500001039961556,0.2500000450474634
Business,2157,2,0.2499999740644341,0.25000000164577685,0.2500000295202228,0.2499999947695663
Business,2158,2,0.2499998609060986,0.24999999788997954,0.2500001238021218,0.25000001740180006
Business,2159,3,0.2499999593317198,0.24999999192766312,0.2500000133762097,0.2500000353644074
Business,2160,2,0.24999989917450857,0.25000001399570476,0.25000013741831056,0.24999994941147616
Business,2161,3,0.2499999372077144,0.24999998226848777,0.2500000040554293,0.25000007646836847
Business,2162,2,0.2499999103164849,0.250000009700009,0.25000011371618497,0.24999996626732113
Business,2163,3,0.24999995592210528,0.24999998592347053,0.24999999826984376,0.25000005988458046
Business,2164,2,0.24999987100004578,0.2500000037039798,0.2500001323650496,0.2499999929309248
Business,2165,2,0.24999989100258402,0.24999998987180058,0.25000007098230037,0.25000004814331506
Business,2166,2,0.2499999552760535,0.2500000195689432,0.250000102874552,0.2499999222804513
Business,2167,3,0.24999990025554636,0.24999997820088787,0.25000002620431727,0.25000009533924844
Business,2168,3,0.24999994126527567,0.24999997955869158,0.24999999174687515,0.2500000874291576
Business,2169,2,0.24999988387832764,0.24999999693185318,0.2500000993586707,0.2500000198311485
Business,2170,3,0.24999991263486532,0.24999997930131074,0.25000001753718726,0.25000009052663674
Business,2171,2,0.24999986553797843,0.25000001580583386,0.2500001752121595,0.24999994344402823
Business,2172,0,0.2500000463740136,0.25000000346449064,0.24999996652151302,0.24999998363998285
Business,2173,2,0.24999990800071892,0.25000000027673974,0.2500000877849906,0.25000000393755073
Business,2174,2,0.24999996668182,0.2499999985916474,0.25000002711112174,0.25000000761541086
Business,2175,2,0.24999992673040156,0.25000000429779956,0.2500000817461317,0.24999998722566724
Business,2176,2,0.24999990968058727,0.25000001274256345,0.25000012355937823,0.24999995401747113
Business,2177,3,0.24999988745397747,0.24999996651717876,0.25000000196272115,0.25000014406612264
Business,2178,3,0.24999983841957577,0.2499999686279783,0.25000005511374235,0.2500001378387037
Business,2179,3,0.2499999537401899,0.24999998267487808,0.2499999897877044,0.2500000737972276
Business,2180,2,0.249999870256152,0.2500000232875001,0.2500001944357506,0.2499999120205973
Business,2181,2,0.24999986291355447,0.249999983392308,0.25000007817027564,0.2500000755238618
Business,2182,2,0.24999992705633092,0.2499999994374661,0.25000006573818645,0.2500000077680165
Business,2183,3,0.2499998593048667,0.24999998088456724,0.25000007243818945,0.2500000873723767
Business,2184,3,0.2499999029433594,0.24999997871078464,0.25000002471659766,0.25000009362925835
Business,2185,3,0.24999985487280033,0.24999998008971516,0.2500000744481894,0.25000009058929507
Business,2186,3,0.2499999523649369,0.24999999172192927,0.2500000194070974,0.25000003650603647
Business,2187,3,0.24999994318943478,0.24999998848937624,0.25000001777587677,0.2500000505453122
Business,2188,3,0.24999994108606394,0.24999997643897431,0.24999998267441362,0.25000009980054816
Business,2189,3,0.2499999133509478,0.24999998134901041,0.25000002406056926,0.25000008123947254
Business,2190,3,0.2499999209782437,0.24999998796794917,0.25000003641960183,0.2500000546342053
Business,2191,2,0.24999990657165844,0.2499999896728475,0.25000005525800273,0.2500000484974913
Business,2192,2,0.24999998216566305,0.24999999835280873,0.25000001170848185,0.2500000077730463
Business,2193,2,0.24999996912045633,0.25000000639872183,0.2500000478655766,0.24999997661524528
Business,2194,2,0.2499999195281604,0.24999999769609602,0.25000006904406363,0.25000001373168007
Business,2195,3,0.2499998630088253,0.24999997421796671,0.2500000495496076,0.2500001132236005
Business,2196,2,0.24999992473643606,0.24999999980661047,0.2500000696524262,0.25000000580452725
Business,2197,2,0.24999989381067203,0.2500000020552227,0.2500001070055935,0.24999999712851181
Business,2198,2,0.24999994328316888,0.2499999962818476,0.2500000420820073,0.25000001835297625
Business,2199,2,0.24999985488962015,0.24999998977624335,0.25000010519706467,0.25000005013707177
Business,2200,3,0.24999993750345564,0.24999997599327842,0.24999998434894874,0.2500001021543172
Business,2201,2,0.24999993467228052,0.2500000200880262,0.2500001228448293,0.24999992239486402
Business,2202,2,0.249999911580386,0.2499999937980209,0.2500000633244471,0.250000031297146
Business,2203,2,0.24999987279616898,0.25000002185422154,0.25000018753927433,0.24999991781033515
Business,2204,3,0.2499999383092893,0.24999999211069293,0.2500000337850625,0.2500000357949553
Business,2205,2,0.24999989691315147,0.2500000184926144,0.25000015377539847,0.2499999308188357
Business,2206,2,0.24999991416404682,0.24999999618096802,0.250000068507238,0.25000002114774716
Business,2207,2,0.24999991824411052,0.25000000438020936,0.250000089582532,0.24999998779314805
Business,2208,2,0.2499998357720508,0.24999999668410233,0.2500001445016938,0.25000002304215313
Business,2209,2,0.24999986450221306,0.2500000056671447,0.2500001438267207,0.24999998600392148
Business,2210,2,0.2499999091035813,0.2500000055371971,0.2500001014193568,0.24999998393986486
Business,2211,2,0.24999998400071807,0.24999999991717448,0.25000001529629157,0.2500000007858159
Business,2212,2,0.2499999536299924,0.25000000867618016,0.2500000701720232,0.24999996752180415
Business,2213,3,0.24999996122622228,0.24999999328416617,0.2500000160375067,0.25000002945210487
Business,2214,2,0.2499999049782546,0.24999999365948095,0.25000006980383793,0.25000003155842654
Business,2215,2,0.24999987954595512,0.2500000186067371,0.2500001706111204,0.24999993123618738
Business,2216,2,0.24999995322988536,0.25000000731896105,0.2500000659018059,0.2499999735493477
Business,2217,3,0.2499998588530907,0.24999998220702524,0.250000078090387,0.25000008084949704
Business,2218,3,0.24999989847977652,0.24999996741911942,0.24999999497812508,0.250000139122979
Business,2219,2,0.24999998098896442,0.25000002941953803,0.25000010837407904,0.24999988121741848
Business,2220,2,0.24999994332035277,0.24999999342240808,0.25000003278242405,0.25000003047481506
Business,2221,2,0.2499999332465857,0.24999999186089833,0.2500000378394871,0.25000003705302887
Business,2222,0,0.25000006065791563,0.25000001873738825,0.2500000011881446,0.24999991941655153
Business,2223,2,0.24999989966285643,0.250000023466165,0.2500001665421557,0.24999991032882288
Business,2224,2,0.2499998726506619,0.249999993457183,0.2500000999167662,0.2500000339753889
Business,2225,3,0.24999997081124767,0.24999998162373435,0.24999997082048728,0.25000007674453073
Business,2226,2,0.2500000112741566,0.25000001478897366,0.25000003530170206,0.2499999386351677
Business,2227,2,0.24999994952016955,0.24999999942158135,0.2500000453992128,0.2500000056590363
Business,2228,3,0.24999983936211642,0.249999979253689,0.2500000864960527,0.25000009488814195
Business,2229,3,0.24999990853364212,0.2499999886523034,0.25000004996858927,0.2500000528454653
Business,2230,2,0.24999993662410466,0.24999999440562368,0.25000004228031597,0.2500000266899557
Business,2231,2,0.24999988601101145,0.24999998986620117,0.2500000759705784,0.25000004815220894
Business,2232,2,0.24999983837328763,0.249999981075548,0.2500000931139213,0.2500000874372431
Business,2233,2,0.2499998752637137,0.24999998720169336,0.250000078051471,0.25000005948312193
Business,2234,2,0.24999993197512835,0.250000002472745,0.2500000707757789,0.24999999477634766
Business,2235,3,0.24999989489367697,0.24999996708418531,0.24999999674732826,0.25000014127480946
Business,2236,2,0.2499999059444242,0.24999998884320185,0.250000053434282,0.250000051778092
Business,2237,3,0.2499998862659824,0.2499999713919967,0.2500000188655787,0.2500001234764421
Business,2238,2,0.2499999557272502,0.2500000101251412,0.2500000729399684,0.24999996120764015
Business,2239,2,0.24999995597919564,0.24999999694672184,0.2500000319167139,0.25000001515736864
Business,2240,2,0.24999993756936356,0.24999999477906876,0.2500000428363609,0.2500000248152067
Business,2241,3,0.24999993706167542,0.24999998726890985,0.25000001977632874,0.25000005589308605
Business,2242,2,0.2499999550453524,0.24999999912539872,0.2500000395756677,0.2500000062535811
Business,2243,3,0.24999993182762847,0.2499999772878087,0.2499999933542142,0.2500000975303486
Business,2244,3,0.24999992952084193,0.24999998404661086,0.25000001714383324,0.2500000692887139
Business,2245,2,0.24999994506956044,0.24999999633749798,0.25000004064676423,0.2500000179461773
Business,2246,2,0.2499998908309991,0.24999999794624336,0.25000009606930734,0.2500000151534503
Business,2247,3,0.249999885926695,0.24999998416324226,0.2500000579836266,0.2500000719264361
Business,2248,2,0.24999999793085895,0.2500000082545872,0.2500000277609652,0.24999996605358865
Business,2249,2,0.24999986627731238,0.24999999908262766,0.25000012227225155,0.2500000123678084
Business,2250,3,0.24999995757212126,0.24999998805777138,0.2500000026799834,0.250000051690124
Business,2251,2,0.24999991452472722,0.25000000739425593,0.25000010288730334,0.24999997519371345
Business,2252,2,0.2499999067784746,0.24999998997782608,0.2500000571365872,0.25000004610711213
Business,2253,2,0.24999987864517959,0.2499999873464703,0.2500000751878715,0.2500000588204786
Business,2254,2,0.24999995957114285,0.24999999575744467,0.25000002530210697,0.25000001936930555
Business,2255,2,0.24999988817683227,0.25000002323863413,0.25000017712488876,0.24999991145964484
Business,2256,3,0.2499999648878231,0.24999999496630415,0.250000017644513,0.25000002250135966
Business,2257,2,0.24999988648732105,0.24999999367234577,0.2500000870255348,0.2500000328147984
Business,2258,2,0.24999995496457544,0.25000000651028476,0.2500000617916878,0.24999997673345192
Business,2259,2,0.24999994749806811,0.2499999966288719,0.2500000393132824,0.2500000165597776
Business,2260,2,0.2499998194964602,0.24999999417553545,0.2500001524062112,0.2500000339217931
Business,2261,2,0.24999991591823947,0.2500000152555842,0.2500001259632447,0.24999994286293165
Business,2262,2,0.24999990615235543,0.2499999941706095,0.2500000701413622,0.2500000295356729
Business,2263,2,0.24999992407141983,0.24999999966331887,0.2500000695196166,0.2500000067456447
Business,2264,3,0.2499999077845399,0.24999997837669116,0.2500000196306686,0.25000009420810043
Business,2265,2,0.24999993014383617,0.25000000124002164,0.2500000689631538,0.2499999996529884
Business,2266,3,0.24999990515330656,0.2499999837649058,0.2500000394251274,0.25000007165666016
Business,2267,2,0.24999987097761336,0.2499999943913487,0.250000104430544,0.250000030200494
Business,2268,2,0.24999984810715078,0.2499999920468546,0.2500001191288128,0.25000004071718174
Business,2269,2,0.24999998688665295,0.25000001463292315,0.2500000570781759,0.249999941402248
Business,2270,3,0.2500000053043626,0.2499999823333344,0.2499999403213329,0.25000007204097013
Business,2271,0,0.25000009870042017,0.24999998622453776,0.24999986438297242,0.2500000506920697
Business,2272,3,0.24999996395112364,0.2499999944890824,0.25000001693146645,0.2500000246283276
Business,2273,2,0.24999994134913284,0.24999999823304098,0.25000005007591325,0.2500000103419129
Business,2274,2,0.249999875233017,0.2500000028325056,0.2500001268997019,0.2499999950347755
Business,2275,3,0.2500000020631794,0.2499999977695632,0.2499999906647393,0.25000000950251816
Business,2276,3,0.2500000283806589,0.24999998898387352,0.2499999392132304,0.2500000434222373
Business,2277,2,0.24999993641359727,0.24999999429643613,0.2500000423366913,0.2500000269532753
Business,2278,2,0.249999922269825,0.25000000355336144,0.25000008408566277,0.24999999009115076
Business,2279,3,0.2499999380412398,0.2499999883305421,0.25000002205151256,0.2500000515767055
Business,2280,3,0.24999992066422808,0.24999998924624942,0.2500000416951244,0.2500000483943981
Business,2281,3,0.24999989889160715,0.24999998637854845,0.250000053136126,0.2500000615937183
Business,2282,3,0.24999992867617135,0.24999997846746033,0.25000000044051296,0.25000009241585536
Business,2283,2,0.24999991775056765,0.2499999909456999,0.2500000497510367,0.2500000415526958
Business,2284,3,0.24999994370515174,0.24999998776048565,0.25000001556831875,0.25000005296604383
Business,2285,3,0.24999999114305868,0.249999994219439,0.24999999043032264,0.2500000242071797
Business,2286,2,0.24999989314709656,0.2499999934694585,0.2500000802027041,0.2500000331807408
Business,2287,2,0.249999967290139,0.2500000013606963,0.250000034345434,0.24999999700373068
Business,2288,3,0.24999992220595857,0.2499999847916146,0.2500000259001083,0.2500000671023185
Business,2289,2,0.24999994181616103,0.25000000832460967,0.25000008029737025,0.24999996956185905
Business,2290,2,0.24999986420580947,0.24999999883780322,0.25000012450576525,0.25000001245062203
Business,2291,3,0.2499999587093596,0.2499999887385838,0.2500000037651878,0.2500000487868689
Business,2292,3,0.24999993370402615,0.24999998090454115,0.2500000028687268,0.2500000825227059
Business,2293,2,0.25000000090958807,0.2500000043531924,0.2500000124039839,0.24999998233323564
Business,2294,2,0.2499999130284275,0.25000002025304396,0.2500001437622049,0.2499999229563236
Business,2295,3,0.249999911109997,0.2499999774314373,0.2500000138167668,0.250000097641799
Business,2296,2,0.24999991255743326,0.24999999277851248,0.2500000596929059,0.2500000349711484
Business,2297,2,0.24999988458842792,0.25000002348876643,0.25000017981405287,0.24999991210875286
Business,2298,2,0.24999992210978877,0.2500000068647166,0.2500000935862975,0.2499999774391972
Business,2299,2,0.2500000002211119,0.25000001328744903,0.25000004114858665,0.2499999453428525
Business,2300,2,0.24999994167928696,0.24999999826183295,0.2500000490095082,0.2500000110493719
Business,2301,2,0.2499999596041572,0.25000000441307313,0.2500000509601188,0.24999998502265097
Business,2302,2,0.24999990843607917,0.24999999940030004,0.25000008463417506,0.2500000075294457
Business,2303,3,0.24999997351915074,0.24999999342079154,0.250000005004193,0.2500000280558647
Business,2304,3,0.24999988893179842,0.24999998631062922,0.2500000617211795,0.2500000630363929
Business,2305,3,0.2499999932760578,0.2499999925257117,0.249999983116144,0.25000003108208646
Business,2306,2,0.24999993060131798,0.2500000264903953,0.2500001472472839,0.24999989566100275
Business,2307,2,0.24999987537969282,0.24999999897460012,0.25000011311701825,0.2500000125286888
Business,2308,2,0.24999992366005824,0.24999999626013264,0.2500000594309327,0.25000002064887644
Business,2309,3,0.24999993330365325,0.24999999081706303,0.2500000345837299,0.2500000412955538
Business,2310,2,0.2499999185559839,0.25000000818705176,0.25000010186081273,0.24999997139615165
Business,2311,3,0.2499999802666079,0.2499999827883498,0.2499999651420334,0.25000007180300887
Business,2312,2,0.24999988829526554,0.2500000145056737,0.25000015049513935,0.24999994670392148
Business,2313,2,0.24999987832846446,0.2499999922493197,0.25000009112680455,0.2500000382954113
Business,2314,2,0.24999994704871448,0.25000000895695224,0.2500000772001339,0.24999996679419936
Business,2315,2,0.24999988900803508,0.25000000171025255,0.25000010866467837,0.250000000617034
Business,2316,3,0.24999995578671685,0.2499999888162367,0.25000000574412895,0.25000004965291756
Business,2317,2,0.24999999522638602,0.2500000004103567,0.2500000055141541,0.24999999884910318
Business,2318,3,0.249999909096674,0.24999997925067885,0.2500000210448792,0.25000009060776796
Business,2319,2,0.24999989385962912,0.24999998973561763,0.25000006868066976,0.2500000477240834
Business,2320,3,0.24999989530330402,0.24999998298210446,0.2500000454202774,0.25000007629431414
Business,2321,3,0.24999991907499192,0.24999996846000952,0.24999997882686245,0.25000013363813617
Business,2322,2,0.2499998534332104,0.2500000072950162,0.25000016017671206,0.24999997909506141
Business,2323,2,0.24999999054095937,0.2500000098989161,0.2500000392333921,0.24999996032673252
Business,2324,0,0.25000001240364367,0.2500000047004451,0.25000000269659417,0.2499999801993171
Business,2325,3,0.24999990518758924,0.24999998644041121,0.25000004716276514,0.25000006120923435
Business,2326,2,0.2499998541445051,0.25000000286420015,0.2500001460268686,0.24999999696442624
Business,2327,2,0.2499998803079215,0.24999998591953418,0.2500000693672022,0.25000006440534217
Business,2328,2,0.24999987188149558,0.24999999216816474,0.2500000968194638,0.2500000391308758
Business,2329,2,0.24999990336155142,0.2500000237104095,0.25000016477235126,0.24999990815568773
Business,2330,2,0.2499998818922129,0.2500000046162041,0.25000012604106714,0.24999998745051585
Business,2331,2,0.24999994837803224,0.24999999932448475,0.25000004546920995,0.250000006828273
Business,2332,2,0.24999990947321496,0.2500000019769949,0.2500000903603279,0.24999999818946217
Business,2333,2,0.2499999443108619,0.25000000198533523,0.25000005793847013,0.2499999957653328
Business,2334,2,0.24999991519747733,0.25000000287041685,0.2500000883166868,0.24999999361541902
Business,2335,2,0.24999994023468555,0.2499999988118139,0.2500000527251473,0.2500000082283533
Business,2336,2,0.2499999006051088,0.2500000006209195,0.2500000942083075,0.2500000045656643
Business,2337,3,0.24999992979308971,0.24999996096373805,0.24999994479367624,0.25000016444949597
Business,2338,2,0.24999998359903228,0.25000000334792877,0.250000026111418,0.24999998694162104
Business,2339,2,0.24999981354957151,0.24999998408686708,0.2500001263408473,0.2500000760227141
Business,2340,2,0.24999990268743114,0.24999999711337204,0.25000008191544293,0.2500000182837539
Business,2341,2,0.24999988320901284,0.2499999997362642,0.2500001099647798,0.25000000708994324
Business,2342,2,0.24999993081012656,0.2500000060196424,0.2500000832768966,0.24999997989333445
Business,2343,2,0.24999989116505458,0.24999998997070882,0.250000070831023,0.2500000480332135
Business,2344,3,0.24999993467297807,0.2499999799711407,0.24999999967884357,0.2500000856770377
Business,2345,3,0.2499998659144467,0.24999997682970468,0.2500000543697373,0.25000010288611124
Business,2346,3,0.24999999214286248,0.2499999922243806,0.2499999831984502,0.2500000324343068
Business,2347,3,0.2499999234273839,0.24999997362674647,0.24999999021937885,0.2500001127264908
Business,2348,2,0.24999989235280912,0.2499999886032522,0.25000006623613824,0.25000005280780047
Business,2349,3,0.2500000397772858,0.24999997494816223,0.24999988505000836,0.2500001002245436
Business,2350,3,0.2499999778404877,0.2499999937071649,0.25000000147934565,0.2500000269730017
Business,2351,2,0.24999990873045908,0.2499999927263189,0.25000006379380796,0.25000003474941407
Business,2352,3,0.2499999023027234,0.24999997982217395,0.25000002936446786,0.25000008851063477
Business,2353,3,0.24999991407602018,0.24999998057782186,0.2500000204837395,0.2500000848624184
Business,2354,3,0.24999999100169334,0.24999998642701401,0.24999996633528085,0.2500000562360118
Business,2355,2,0.2499999323734057,0.2499999938781555,0.2500000443369598,0.250000029411479
Business,2356,2,0.2499999364444242,0.2499999924210542,0.2500000358811429,0.25000003525337877
Business,2357,3,0.24999989587261587,0.24999998261803869,0.2500000440956502,0.25000007741369534
Business,2358,2,0.24999988995129632,0.25000001185973525,0.2500001389767265,0.24999995921224194
Business,2359,3,0.24999993248972077,0.24999998648675198,0.25000002187605125,0.250000059147476
Business,2360,2,0.24999993884778424,0.25000000171123266,0.25000006294314675,0.24999999649783633
Business,2361,3,0.24999992121754028,0.24999996966692187,0.2499999800421611,0.2500001290733767
Business,2362,2,0.24999987871953222,0.24999999013594115,0.2500000824279935,0.25000004871653314
Business,2363,3,0.24999999024557495,0.24999999678625404,0.24999999939541362,0.25000001357275736
Business,2364,3,0.24999987968216553,0.24999997965827941,0.25000004982100416,0.2500000908385509
Business,2365,2,0.24999984196401878,0.24999999157640068,0.2500001228819659,0.2500000435776147
Business,2366,3,0.25000001519588994,0.24999997970713514,0.24999992293263823,0.2500000821643367
Business,2367,2,0.249999885087652,0.25000001678752803,0.2500001602299022,0.24999993789491776
Business,2368,2,0.24999995055407664,0.25000001334595234,0.25000008674733715,0.2499999493526338
Business,2369,2,0.24999992149325123,0.25000000408858175,0.2500000855150426,0.24999998890312441
Business,2370,2,0.24999993872170503,0.24999999440563211,0.2500000404386604,0.25000002643400243
Business,2371,3,0.2499999542231069,0.24999999351542473,0.2500000227265778,0.2500000295348905
Business,2372,3,0.2499999703712998,0.24999997345717,0.24999994595278882,0.2500001102187414
Business,2373,2,0.2499998575492811,0.2500000091670808,0.25000016092303196,0.24999997236060617
Business,2374,2,0.2499999499045053,0.24999999461281286,0.25000003110524416,0.2500000243774377
Business,2375,3,0.2500000509364957,0.24999998572095763,0.24999990785967202,0.25000005548287463
Business,2376,2,0.2499998650097171,0.24999998619590755,0.2500000847425983,0.250000064051777
Business,2377,2,0.24999993705648152,0.2500000003078265,0.25000005938503433,0.2500000032506577
Business,2378,2,0.24999994884752733,0.2500000167653758,0.2500000991252424,0.24999993526185438
Business,2379,2,0.2499998602352678,0.2499999997820963,0.2500001315387364,0.2500000084438995
Business,2380,3,0.24999987496540718,0.24999997181669792,0.25000002984465974,0.25000012337323513
Business,2381,3,0.24999990211517778,0.24999998763817494,0.25000005441266976,0.2500000558339775
Business,2382,3,0.24999987561451564,0.2499999763913719,0.25000004343071347,0.250000104563399
Business,2383,3,0.24999994859356797,0.24999997550705388,0.24999997188812056,0.25000010401125755
Business,2384,3,0.24999990619886175,0.24999998319452968,0.25000003612080607,0.2500000744858024
Business,2385,2,0.24999988562012201,0.2500000010101247,0.2500001106606096,0.25000000270914363
Business,2386,3,0.24999995826784013,0.24999999398790643,0.2500000207085541,0.25000002703569946
Business,2387,2,0.24999990890898582,0.25000001336939737,0.2500001266029416,0.2499999511186753
Business,2388,2,0.24999994904400702,0.2500000017920325,0.2500000538374662,0.24999999532649417
Business,2389,2,0.24999993843505486,0.24999999676458107,0.2500000478307663,0.2500000169695978
Business,2390,2,0.24999987385715697,0.2500000123852513,0.2500001571002875,0.2499999566573042
Business,2391,2,0.24999994757567062,0.2500000002092744,0.2500000492510867,0.25000000296396835
Business,2392,2,0.2499999386185731,0.25000000535994255,0.2500000733106042,0.24999998271088017
Business,2393,3,0.24999992293325335,0.24999998103911403,0.250000012869318,0.25000008315831473
Business,2394,2,0.24999994484064325,0.2500000122220141,0.25000008993923917,0.24999995299810335
Business,2395,2,0.2499998873265843,0.25000003672520726,0.2500002198554015,0.24999985609280698
Business,2396,3,0.24999983823915747,0.24999997616766784,0.250000077921016,0.2500001076721587
Business,2397,3,0.24999988682891544,0.24999998499263854,0.25000005971526545,0.25000006846318057
Business,2398,2,0.24999995704448036,0.25000001055136295,0.2500000721650188,0.24999996023913795
Business,2399,3,0.250000008403334,0.24999999594165018,0.249999979659969,0.2500000159950468
Business,2400,2,0.2499999066434634,0.2500000041515012,0.2500000990928272,0.24999999011220814
Business,2401,3,0.2500000300853463,0.24999998174308313,0.24999991522232706,0.2500000729492434
Business,2402,2,0.24999988881048157,0.2499999990515656,0.2500001003941719,0.2500000117437809
Business,2403,2,0.24999984945022186,0.24999999117902658,0.2500001141385748,0.2500000452321767
Business,2404,3,0.2499999432389276,0.24999999097590625,0.2500000253961337,0.2500000403890325
Business,2405,3,0.24999988835324238,0.2499999805117977,0.25000004495411365,0.25000008618084624
Business,2406,2,0.24999997610065383,0.25000000095017305,0.25000002543713046,0.2499999975120427
Business,2407,3,0.24999989015502996,0.24999998485669003,0.2500000569919571,0.2500000679963229
Business,2408,2,0.24999988364429596,0.25000002233964147,0.25000017790003554,0.24999991611602695
Business,2409,3,0.24999992363614493,0.24999998996066677,0.2500000403776763,0.25000004602551196
Business,2410,2,0.24999985473751676,0.24999998234278745,0.2500000824130347,0.2500000805066611
Business,2411,2,0.2499999012017615,0.2500000026228173,0.2500001012085105,0.2499999949669106
Business,2412,3,0.24999994224545388,0.2499999905075401,0.25000002467308835,0.2500000425739177
Business,2413,0,0.25000003538180315,0.250000006970722,0.24999998806963444,0.2499999695778404
Business,2414,3,0.24999988431405987,0.24999998324513456,0.2500000570726425,0.25000007536816304
Business,2415,2,0.24999990489812593,0.24999999388158858,0.2500000704292163,0.25000003079106914
Business,2416,2,0.24999984615754453,0.2499999968444315,0.2500001350518353,0.2500000219461887
Business,2417,2,0.2499998886834381,0.25000000528846883,0.250000120687276,0.24999998534081705
Business,2418,2,0.2499998964850973,0.25000001853302173,0.2500001543386056,0.2499999306432754
Business,2419,2,0.24999994416785656,0.2499999934766996,0.2500000323194039,0.25000003003603993
Business,2420,2,0.24999996690367782,0.2500000137256643,0.2500000735524491,0.2499999458182088
Business,2421,3,0.24999996420090267,0.2499999742458584,0.2499999540866492,0.25000010746658974
Business,2422,2,0.2499998986437775,0.24999998786163133,0.2500000576029905,0.25000005589160074
Business,2423,2,0.24999991693122803,0.25000000057766913,0.2500000790840626,0.2500000034070403
Business,2424,2,0.2499998544891838,0.24999999472386703,0.2500001204856465,0.25000003030130263
Business,2425,2,0.24999988197608522,0.2500000359984766,0.25000022198158794,0.24999986004385025
Business,2426,3,0.2499999054188254,0.2499999875005596,0.2500000505192204,0.25000005656139457
Business,2427,3,0.24999989426668454,0.249999980067331,0.25000003728318765,0.25000008838279675
Business,2428,3,0.24999990193430488,0.2499999816511891,0.2500000346678742,0.25000008174663185
Business,2429,2,0.24999991524746976,0.25000003579663005,0.25000018997989126,0.24999985897600902
Business,2430,2,0.24999980818564443,0.24999998444358038,0.25000013284225364,0.2500000745285215
Business,2431,2,0.24999990363322477,0.2500000107510569,0.250000122711156,0.24999996290456222
Business,2432,3,0.24999994793453637,0.2499999771062799,0.24999997790536282,0.2500000970538209
Business,2433,2,0.24999989836299633,0.25000003383397407,0.2500002003622889,0.2499998674407407
Business,2434,3,0.2499999903093007,0.24999998699775533,0.2499999689968573,0.2500000536960867
Business,2435,3,0.2499999147895849,0.24999998424427972,0.25000003156107425,0.25000006940506114
Business,2436,3,0.24999994829651964,0.24999998650623495,0.2500000070364493,0.25000005816079607
Business,2437,2,0.24999994515642202,0.2500000053109466,0.2500000675186999,0.24999998201393145
Business,2438,2,0.24999996539699573,0.25000000023849556,0.25000003355706024,0.2500000008074485
Business,2439,0,0.2500000562535944,0.24999998873937718,0.24999991181389855,0.25000004319312985
Business,2440,2,0.24999998047805713,0.2500000050914299,0.25000003429105877,0.24999998013945426
Business,2441,2,0.24999990727229807,0.24999999471257744,0.2500000706817646,0.2500000273333599
Business,2442,2,0.2499999157735155,0.2499999911316871,0.25000005142693627,0.25000004166786116
Business,2443,0,0.2500000213084937,0.2500000123120906,0.2500000180981678,0.24999994828124786
Business,2444,3,0.24999987267349694,0.24999998137021712,0.2500000620601641,0.2500000838961218
Business,2445,2,0.24999990862768998,0.24999999016429814,0.25000005543079207,0.25000004577721985
Business,2446,2,0.24999996131669955,0.24999999972936593,0.2500000352123863,0.25000000374154824
Business,2447,3,0.25000001385699555,0.249999992663909,0.24999996407737501,0.25000002940172045
Business,2448,2,0.24999981614116357,0.2499999866518654,0.25000013238628316,0.25000006482068793
Business,2449,2,0.24999995504118158,0.24999999577764007,0.25000002952496453,0.25000001965621377
Business,2450,3,0.24999995129089253,0.24999998260474754,0.24999999196598402,0.2500000741383759
Business,2451,0,0.25000001755877066,0.2500000004711099,0.24999998467466106,0.24999999729545844
Business,2452,3,0.24999999598845646,0.249999972074484,0.24999991686207346,0.2500001150749861
Business,2453,2,0.24999998458477846,0.2500000221452736,0.25000008287363995,0.249999910396308
Business,2454,2,0.2499998809755748,0.2500000034904765,0.2500001223327275,0.2499999932012212
Business,2455,2,0.24999996829053042,0.25000001526149246,0.2500000770878578,0.24999993936011927
Business,2456,3,0.2499998434051965,0.2499999769845629,0.25000007620099574,0.2500001034092449
Business,2457,2,0.24999988668418963,0.2500000049531228,0.25000012180331044,0.24999998655937716
Business,2458,2,0.24999990730612975,0.24999999706562306,0.25000007853768613,0.25000001709056097
Business,2459,2,0.24999996430298266,0.2500000120276152,0.25000007042645794,0.24999995324294425
Business,2460,3,0.24999992975406135,0.24999997831411797,0.24999999837614495,0.25000009355567576
Business,2461,3,0.24999993403080936,0.2499999790867086,0.24999999704199846,0.2500000898404836
Business,2462,3,0.24999995247803822,0.24999999243608012,0.25000002079087597,0.2500000342950056
Business,2463,3,0.24999987461794987,0.2499999775954736,0.25000004828828615,0.25000009949829044
Business,2464,2,0.24999996956035947,0.24999999842257897,0.25000002396251936,0.25000000805454214
Business,2465,3,0.24999992658843742,0.24999998362818107,0.25000001795309446,0.250000071830287
Business,2466,2,0.2499999475432119,0.2500000121774225,0.2500000865097533,0.24999995376961232
Business,2467,2,0.24999992727628462,0.2500000095222946,0.2500000973284361,0.24999996587298468
Business,2468,3,0.24999994488463506,0.24999998646748228,0.2500000099625627,0.2500000586853199
Business,2469,2,0.24999992529300286,0.24999999358156294,0.25000005040480394,0.25000003072063026
Business,2470,3,0.24999993571649526,0.24999998105693194,0.2500000019226164,0.2500000813039564
Business,2471,2,0.24999987611215435,0.25000001960601126,0.250000176555072,0.2499999277267624
Business,2472,3,0.24999986302136612,0.24999997977565194,0.25000006612656406,0.2500000910764179
Business,2473,2,0.24999991078719538,0.24999999006038692,0.2500000531859644,0.2500000459664533
Business,2474,3,0.2499999406060457,0.24999998652770355,0.25000001363790014,0.2500000592283506
Business,2475,3,0.24999989879829143,0.24999998245466243,0.2500000411401315,0.2500000776069147
Business,2476,3,0.24999990688667964,0.24999998439179552,0.2500000386207257,0.25000007010079917
Business,2477,2,0.24999995153942317,0.25000000368900904,0.2500000573262116,0.24999998744535615
Business,2478,2,0.24999988246304636,0.24999999473032342,0.25000009456487077,0.2500000282417594
Business,2479,2,0.2499998615787807,0.24999998481628324,0.25000008297193765,0.2500000706329984
Business,2480,2,0.24999988108258753,0.24999999022745495,0.2500000807184622,0.25000004797149533
Business,2481,3,0.24999994172096426,0.24999998740597232,0.2500000155445641,0.2500000553284993
Business,2482,3,0.24999987684748276,0.2499999818453312,0.250000059925014,0.25000008138217206
Business,2483,2,0.24999996757318138,0.24999999857547478,0.25000002640431196,0.2500000074470319
Business,2484,3,0.25000001706804964,0.24999995963186375,0.24999985867200877,0.2500001646280779
Business,2485,3,0.24999990701010177,0.2499999826719926,0.2500000335377483,0.25000007678015734
Business,2486,3,0.24999994559079272,0.24999998984648028,0.25000002019495643,0.25000004436777057
Business,2487,3,0.24999992929370352,0.24999999055221941,0.25000003678745847,0.2500000433666186
Business,2488,2,0.24999991551769404,0.25000000742025624,0.25000010297175185,0.24999997409029792
Business,2489,3,0.24999991138321326,0.24999998755561964,0.25000004418837923,0.25000005687278787
Business,2490,2,0.24999991601894456,0.2500000174081622,0.25000013163594564,0.2499999349369476
Business,2491,3,0.24999988429191491,0.24999997810879152,0.25000004067461745,0.2500000969246762
Business,2492,2,0.24999990699008925,0.2499999890616926,0.25000005388656216,0.250000050061656
Business,2493,2,0.24999993586915972,0.24999999756376926,0.2500000533368389,0.25000001323023213
Business,2494,2,0.24999996118480136,0.2499999974296266,0.25000002861651494,0.2500000127690571
Business,2495,3,0.2499999631611362,0.24999999460522754,0.2500000178781763,0.25000002435546
Business,2496,3,0.25000001590490384,0.2499999957160247,0.24999997176622454,0.25000001661284704
Business,2497,3,0.24999997526128348,0.24999999193473163,0.24999999801515496,0.25000003478883
Business,2498,2,0.24999991842592215,0.25000001685169737,0.25000012827429086,0.24999993644808965
Business,2499,3,0.2499999283729387,0.24999998907921703,0.250000033249797,0.2500000492980473
Business,2500,2,0.2499998922546535,0.2499999924005789,0.25000007809241,0.25000003725235753
Business,2501,3,0.24999993386518105,0.24999999053197644,0.25000003265848997,0.2500000429443525
Business,2502,2,0.24999997429726287,0.2500000073652206,0.2500000470577532,0.2499999712797634
Business,2503,0,0.2500000270712579,0.24999999667951683,0.24999996402188782,0.25000001222733753
Business,2504,3,0.24999995259956342,0.24999998116689578,0.24999998631175088,0.25000007992179
Business,2505,2,0.24999994753562707,0.2500000108890334,0.2500000825907448,0.24999995898459476
Business,2506,3,0.2499998856251169,0.24999998377692056,0.2500000571831572,0.2500000734148054
Business,2507,3,0.24999991293451962,0.24999998195407433,0.2500000259440795,0.25000007916732664
Business,2508,2,0.24999991749358721,0.2499999912238344,0.25000005096351174,0.25000004031906653
Business,2509,2,0.2499999853102863,0.24999999870645934,0.2500000097849312,0.2500000061983232
Business,2510,2,0.24999995153312873,0.2500000004455576,0.25000004653809105,0.25000000148322266
Business,2511,2,0.2499999235510984,0.25000000257820865,0.25000008052113987,0.24999999334955303
Business,2512,2,0.24999989383408627,0.24999999398674014,0.25000008011873043,0.25000003206044313
Business,2513,2,0.24999993482281346,0.25000001968896013,0.25000012176459757,0.24999992372362884
Business,2514,2,0.24999990650526477,0.24999999352840485,0.25000006831816124,0.2500000316481692
Business,2515,2,0.24999994470307355,0.24999999857677502,0.2500000478217002,0.25000000889845136
Business,2516,3,0.24999989485657018,0.2499999763602649,0.2500000253513756,0.25000010343178924
Business,2517,2,0.24999987430719742,0.24999998573834378,0.2500000739517032,0.2500000660027556
Business,2518,2,0.249999898753523,0.2499999936849971,0.2500000760572306,0.2500000315042493
Business,2519,2,0.24999991956320217,0.2500000181429886,0.25000013141156213,0.2499999308822471
Business,2520,3,0.24999998326427214,0.24999998725264752,0.24999997615403147,0.2500000533290489
Business,2521,3,0.250000014304699,0.24999998562076253,0.24999994219284577,0.2500000578816927
Business,2522,2,0.2499999047568703,0.25000001709777203,0.2500001416669045,0.24999993647845314
Business,2523,2,0.24999990907987332,0.250000009471024,0.2500001152041631,0.24999996624493953
Business,2524,3,0.24999998800743714,0.24999999655394806,0.2500000005307736,0.2500000149078413
Business,2525,2,0.24999989729373995,0.2500000074907231,0.2500001196688442,0.2499999755466928
Business,2526,3,0.24999988429258815,0.2499999648408633,0.2500000002890932,0.2500001505774554
Business,2527,2,0.24999992338721988,0.25000000052261634,0.2500000726953116,0.2500000033948522
Business,2528,2,0.24999992701842222,0.25000000341280243,0.25000007927069806,0.24999999029807723
Business,2529,0,0.2500000446590751,0.25000000884150886,0.24999998565894616,0.24999996084046996
Business,2530,2,0.2499999560518747,0.25000001397053473,0.25000008476261726,0.2499999452149733
Business,2531,2,0.24999992327545872,0.2500000067976527,0.2500000923897205,0.24999997753716804
Business,2532,3,0.24999989891146532,0.24999997147422084,0.25000000618025886,0.250000123434055
Business,2533,2,0.24999990119140644,0.2500000031638141,0.2500001024938675,0.24999999315091184
Business,2534,3,0.24999991603028454,0.24999996959187462,0.249999984217254,0.25000013016058686
Business,2535,3,0.24999999957486774,0.24999999333821332,0.24999997967074067,0.2500000274161783
Business,2536,3,0.249999835487501,0.24999997026521634,0.2500000627208927,0.25000013152638995
Business,2537,2,0.24999995911271064,0.24999999804039472,0.2500000323109186,0.25000001053597604
Business,2538,3,0.24999995161322955,0.24999997240275007,0.24999995939078662,0.25000011659323385
Business,2539,3,0.24999993392904094,0.24999998963120293,0.25000002953397066,0.2500000469057855
Business,2540,2,0.2499999591801788,0.24999999605824913,0.2500000263078792,0.2500000184536928
Business,2541,2,0.24999992019974254,0.24999999913566007,0.25000007273083896,0.2500000079337585
Business,2542,2,0.24999996998968332,0.24999999711800772,0.25000001986303266,0.25000001302927627
Business,2543,3,0.24999998148917044,0.2499999961079044,0.2500000051340644,0.2500000172688608
Business,2544,2,0.24999989344352047,0.25000000920608784,0.2500001278218416,0.24999996952855008
Business,2545,2,0.24999994174071652,0.2500000025327326,0.2500000630046874,0.24999999272186346
Business,2546,2,0.24999993220868283,0.2499999941097282,0.25000004580905516,0.2500000278725337
Business,2547,3,0.24999991871773614,0.2499999895414039,0.2500000444393092,0.2500000473015508
Business,2548,2,0.24999986280327305,0.24999998724443004,0.25000008977251403,0.25000006017978277
Business,2549,3,0.24999985741784164,0.249999978176512,0.2500000662615664,0.25000009814408
Business,2550,2,0.24999994868825695,0.24999999830708963,0.25000004246650354,0.25000001053814996
Business,2551,2,0.249999940201704,0.2499999950291968,0.25000004063044845,0.25000002413865074
Business,2552,2,0.2499998789322529,0.24999998807044957,0.25000007746891967,0.25000005552837784
Business,2553,2,0.2499998671877839,0.25000003506642304,0.2500002327973489,0.2499998649484442
Business,2554,3,0.24999992459265682,0.24999999053521296,0.25000004172455825,0.25000004314757196
Business,2555,2,0.24999990355232313,0.24999999158762126,0.2500000642419918,0.25000004061806386
Business,2556,3,0.24999992919903657,0.24999998255036504,0.2500000125745971,0.2500000756760013
Business,2557,3,0.24999995825094648,0.24999997924455258,0.24999997511432662,0.25000008739017426
Business,2558,2,0.24999989859538235,0.24999999483808727,0.25000007914679623,0.25000002741973415
Business,2559,3,0.24999991160901996,0.24999998402330517,0.25000003282819794,0.2500000715394769
Business,2560,2,0.24999987545153746,0.2499999850204493,0.25000007116136524,0.25000006836664806
Business,2561,2,0.24999984264878417,0.24999998446176006,0.25000009982070215,0.2500000730687537
Business,2562,2,0.24999978521541133,0.24999998899936712,0.2500001672500346,0.25000005853518703
Business,2563,3,0.24999985975796396,0.24999997732288393,0.25000006262668373,0.25000010029246844
Business,2564,3,0.24999991185583792,0.24999998519568328,0.25000003777124324,0.25000006517723555
Business,2565,3,0.24999995262092778,0.2499999765891703,0.24999997228777318,0.2500000985021288
Business,2566,3,0.24999989880514817,0.24999997020272124,0.25000000332888755,0.2500001276632431
Business,2567,3,0.24999996086679513,0.2499999908295505,0.25000000824767304,0.25000004005598137
Business,2568,2,0.24999987374947372,0.24999999259330002,0.25000009644205134,0.2500000372151749
Business,2569,3,0.24999991648073996,0.24999998865702747,0.250000043259549,0.25000005160268346
Business,2570,2,0.2499998413255089,0.24999999192224745,0.2500001247133695,0.25000004203887405
Business,2571,2,0.2499999112448937,0.25000001000809585,0.2500001139652166,0.2499999647817938
Business,2572,2,0.2499998539632851,0.2499999924806518,0.25000011450763504,0.2500000390484281
Business,2573,2,0.25000000191086086,0.2500000021935925,0.2500000052233813,0.24999999067216552
Business,2574,2,0.24999991191046583,0.2500000113836401,0.2500001177645043,0.24999995894138968
Business,2575,3,0.2500000436172201,0.2499999693358146,0.24999986348888176,0.25000012355808365
Business,2576,3,0.2499999688118817,0.24999999325391328,0.25000000849978476,0.25000002943442023
Business,2577,2,0.24999990596178479,0.25000000106971215,0.2500000917359853,0.2500000012325177
Business,2578,2,0.24999992776294955,0.2500000125024993,0.2500001058066754,0.24999995392787572
Business,2579,3,0.24999990064799624,0.24999997932915446,0.25000002964255674,0.2500000903802925
Business,2580,2,0.24999990912826647,0.2500000018749656,0.25000009149822044,0.24999999749854743
Business,2581,3,0.249999914603012,0.2499999765606161,0.25000000709980746,0.2500001017365644
Business,2582,3,0.24999996189782284,0.24999999259642736,0.2500000129983136,0.2500000325074362
Business,2583,2,0.25000000169263087,0.25000000989265464,0.25000002895779166,0.2499999594569228
Business,2584,2,0.24999986652205786,0.2500000227801255,0.2500001952973338,0.2499999154004828
Business,2585,2,0.24999987398820867,0.25000000186125515,0.25000012374260566,0.2500000004079304
Business,2586,2,0.24999986773661917,0.2500000223044593,0.25000019274647634,0.2499999172124453
Business,2587,3,0.24999998072800828,0.24999998947822688,0.24999998590706254,0.2500000438867024
Business,2588,3,0.2499999016313826,0.24999997280248984,0.25000000876897327,0.25000011679715434
Business,2589,2,0.24999990470398462,0.24999999501563874,0.25000007439918087,0.2500000258811958
Business,2590,3,0.24999993087970293,0.24999997786628833,0.2499999958898711,0.25000009536413764
Business,2591,2,0.24999988898903003,0.25000001471913247,0.2500001487643524,0.24999994752748503
Business,2592,3,0.249999999337994,0.24999998567877357,0.24999995658998525,0.25000005839324724
Business,2593,2,0.2499998780422007,0.25000000947571793,0.25000014300559187,0.24999996947648956
Business,2594,3,0.2499998865592589,0.24999997632498436,0.2500000333474584,0.2500001037682984
Business,2595,3,0.24999992306662658,0.24999998357762662,0.25000002116087316,0.2500000721948737
Business,2596,2,0.2499999063364659,0.2500000066491114,0.2500001081217448,0.2499999788926779
Business,2597,3,0.24999991587256676,0.2499999852149567,0.2500000329229014,0.2500000659895751
Business,2598,2,0.24999996720387982,0.25000000809692874,0.2500000556753794,0.249999969023812
Business,2599,3,0.24999984898007885,0.2499999741988964,0.25000006240529626,0.25000011441572856
Business,2600,3,0.24999995027712346,0.24999998796386072,0.2500000094742038,0.250000052284812
Business,2601,2,0.2499999044030631,0.24999999071283951,0.25000006135654707,0.2500000435275503
Business,2602,2,0.24999991438035296,0.24999999299873568,0.2500000582324812,0.25000003438843016
Business,2603,3,0.24999988229043338,0.24999998192631154,0.25000005506540973,0.2500000807178453
Business,2604,3,0.2499999684580879,0.24999999404807552,0.25000001124877874,0.25000002624505785
Business,2605,2,0.24999994392182442,0.2500000117093584,0.250000087949097,0.24999995641972012
Business,2606,2,0.2499998572392134,0.24999999443713217,0.2500001173769281,0.2500000309467263
Business,2607,2,0.24999991188824497,0.24999999843953657,0.25000007839340566,0.2500000112788128
Business,2608,2,0.24999987124036951,0.250000014202625,0.2500001643778137,0.2499999501791918
Business,2609,3,0.24999995253237037,0.24999999054328817,0.2500000145814961,0.25000004234284534
Business,2610,2,0.24999987269674967,0.2500000207172606,0.2500001829390925,0.24999992364689727
Business,2611,2,0.24999989660103453,0.24999998929285097,0.25000006450297957,0.25000004960313493
Business,2612,3,0.2499999433389883,0.24999999116309166,0.25000002577735164,0.25000003972056833
Business,2613,2,0.249999947671915,0.24999999725138847,0.25000004106583446,0.25000001401086214
Business,2614,2,0.24999994567506453,0.2500000109742225,0.2500000849736714,0.24999995837704164
Business,2615,2,0.2499998611802504,0.25000001436642894,0.2500001751547357,0.24999994929858488
Business,2616,3,0.24999994438623357,0.2499999787151194,0.24999998651287586,0.25000009038577115
Business,2617,3,0.24999991935351287,0.24999998626120343,0.25000003347998256,0.25000006090530114
Business,2618,2,0.24999988748670243,0.2499999948240979,0.2500000892261932,0.2500000284630064
Business,2619,2,0.24999995223675328,0.2499999962587669,0.2500000324749934,0.25000001902948643
Business,2620,3,0.24999993399935455,0.2499999874770968,0.25000002368220847,0.25000005484134014
Business,2621,3,0.24999998139056717,0.2499999940886826,0.2499999991565045,0.25000002536424576
Business,2622,3,0.24999996128545177,0.2499999870439269,0.24999999652049082,0.2500000551501305
Business,2623,3,0.24999983603288964,0.24999996352129333,0.25000004037083756,0.2500001600749795
Business,2624,3,0.24999993972018963,0.24999999173872017,0.25000003087137607,0.2500000376697142
Business,2625,2,0.24999990864611768,0.24999999705347917,0.25000007738949814,0.2500000169109051
Business,2626,2,0.24999997725418902,0.2500000155752126,0.2500000698205474,0.24999993735005094
Business,2627,2,0.2499999237952519,0.24999999406133835,0.2500000527664008,0.25000002937700894
Business,2628,2,0.24999987162557522,0.2500000225110693,0.2500001896382341,0.24999991622512138
Business,2629,2,0.24999989280320684,0.2500000006930736,0.250000103013662,0.25000000349005763
Business,2630,2,0.2499999186352962,0.24999999118434155,0.25000004869676423,0.25000004148359795
Business,2631,3,0.25000008775216875,0.24999997039127725,0.2499998258490587,0.25000011600749533
Business,2632,2,0.24999989739695264,0.2500000147779428,0.2500001410782746,0.24999994674682993
Business,2633,2,0.24999991208405914,0.24999999657851152,0.2500000710858722,0.2500000202515572
Business,2634,2,0.2499999486605764,0.2500000032938867,0.25000005841748485,0.24999998962805203
Business,2635,3,0.24999993486610347,0.24999998804511883,0.2500000243783454,0.2500000527104324
Business,2636,2,0.24999989538120074,0.25000001167466596,0.2500001337547371,0.24999995918939616
Business,2637,2,0.24999990703963712,0.2500000125563812,0.25000012633729046,0.24999995406669123
Business,2638,2,0.24999990459787164,0.24999999299459166,0.25000006783953377,0.250000034568003
Business,2639,3,0.24999990836630076,0.24999998425729703,0.2500000379814823,0.2500000693949199
Business,2640,2,0.2499999179740997,0.2500000072333049,0.25000009947387775,0.24999997531871765
Business,2641,3,0.24999994270979967,0.24999999190114228,0.25000002861630677,0.25000003677275123
Business,2642,2,0.2499999238066555,0.24999999628362424,0.25000006066320146,0.2500000192465189
Business,2643,3,0.24999997180837072,0.2499999820095146,0.24999997128044807,0.2500000749016667
Business,2644,3,0.24999995006803902,0.24999999217210164,0.2500000231878116,0.2500000345720477
Business,2645,2,0.24999989188791893,0.249999988407499,0.2500000656667719,0.2500000540378101
Business,2646,2,0.24999984924029434,0.24999999370235454,0.2500001223146649,0.25000003474268623
Business,2647,0,0.25000007881096664,0.25000002097825014,0.24999999033708023,0.249999909873703
Business,2648,0,0.25000005864205166,0.24999999712278978,0.24999993639388815,0.2500000078412704
Business,2649,3,0.24999993032529566,0.2499999745225127,0.2499999864499149,0.2500001087022768
Business,2650,2,0.2499998614104575,0.24999998797367232,0.2500000936092988,0.2500000570065714
Business,2651,2,0.2499999639224375,0.25000000276380024,0.25000004191075414,0.24999999140300813
Business,2652,3,0.24999993561956055,0.24999997410987937,0.24999998067233875,0.25000010959822144
Business,2653,2,0.24999998046221492,0.2500000050499959,0.2500000340105476,0.2499999804772415
Business,2654,2,0.24999989673346204,0.25000000454217663,0.2500001103110711,0.24999998841329021
Business,2655,2,0.24999987210802907,0.24999999394521202,0.2500001011450207,0.2500000328017382
Business,2656,2,0.24999992029516016,0.24999999254051303,0.25000005174913614,0.25000003541519067
Business,2657,2,0.24999991403334118,0.2500000047077355,0.2500000946546223,0.24999998660430106
Business,2658,3,0.24999988548776225,0.24999998123341857,0.2500000494056081,0.2500000838732111
Business,2659,2,0.2499999188028243,0.2500000086914363,0.2500001032000611,0.2499999693056783
Business,2660,2,0.2499999098910451,0.2500000007825264,0.25000008582696326,0.2500000034994653
Business,2661,2,0.24999988975272214,0.25000001287816254,0.25000014255332714,0.24999995481578818
Business,2662,2,0.2499999540706055,0.2500000127682601,0.2500000821143738,0.2499999510467605
Business,2663,2,0.25000000623151064,0.25000000581881593,0.250000011943278,0.24999997600639554
Business,2664,2,0.2499999146185182,0.25000000643611375,0.2500000995370538,0.24999997940831434
Business,2665,3,0.24999999080244806,0.2499999740264193,0.24999992844128716,0.2500001067298455
Business,2666,3,0.24999992805614762,0.2499999792325293,0.2500000027438755,0.2500000899674476
Business,2667,2,0.2499999775532927,0.2500000090310728,0.250000049002971,0.24999996441266345
Business,2668,3,0.24999994573741047,0.24999998199905885,0.24999999522860936,0.25000007703492133
Business,2669,2,0.24999986822174666,0.25000000348627144,0.2500001346740028,0.2499999936179791
Business,2670,3,0.24999998921906993,0.24999998996323466,0.24999997935660132,0.2500000414610941
Business,2671,2,0.24999990729980637,0.25000002675495414,0.25000016968765676,0.24999989625758282
Business,2672,3,0.24999986010045758,0.24999998143471225,0.25000007375028904,0.25000008471454105
Business,2673,3,0.24999992250916234,0.24999998854193559,0.2500000376520844,0.2500000512968177
Business,2674,2,0.24999992745969418,0.2499999924304267,0.25000004457903136,0.2500000355308478
Business,2675,2,0.2499999079870222,0.249999993031196,0.25000006538257413,0.2500000335992077
Business,2676,3,0.24999984852205395,0.24999997818361666,0.2500000748953343,0.2500000983989952
Business,2677,3,0.24999993615991048,0.2499999893581748,0.25000002752366907,0.2500000469582457
Business,2678,3,0.24999994807529505,0.24999998550899993,0.25000000432253633,0.2500000620931687
Business,2679,2,0.24999989079853654,0.24999999094873693,0.2500000749970656,0.250000043255661
Business,2680,2,0.2499998424729752,0.25000001165145125,0.25000018292934545,0.24999996294622812
Business,2681,2,0.24999988263061387,0.24999999030761555,0.2500000803139783,0.25000004674779225
Business,2682,3,0.2499999052616312,0.2499999775426945,0.2500000192950765,0.25000009790059774
Business,2683,3,0.24999993856605257,0.2499999787948938,0.24999999241244425,0.2500000902266094
Business,2684,2,0.24999995719896623,0.25000000080693263,0.25000004250610325,0.24999999948799795
Business,2685,3,0.24999993227644748,0.24999998679920096,0.2500000223997889,0.25000005852456264
Business,2686,3,0.25000001068514927,0.24999997831452236,0.24999992278122132,0.2500000882191071
Business,2687,2,0.2499999618268975,0.2500000025023112,0.25000004363689254,0.24999999203389875
Business,2688,3,0.2499999939464113,0.24999997464244264,0.24999992685194036,0.25000010455920557
Business,2689,3,0.2499998406531286,0.2499999731295493,0.25000006681888476,0.25000011939843736
Business,2690,2,0.2499999122037824,0.24999999559602068,0.2500000686330154,0.2500000235671815
Business,2691,3,0.2499999539282926,0.24999997725260123,0.24999997336602559,0.2500000954530806
Business,2692,3,0.24999994400809028,0.24999998696981107,0.2500000127553117,0.25000005626678695
Business,2693,2,0.24999994084151905,0.24999999289265415,0.25000003360781614,0.25000003265801063
Business,2694,2,0.2499998760020336,0.25000002150337197,0.2500001821767184,0.24999992031787607
Business,2695,3,0.24999992498120235,0.24999998701454595,0.2500000300440585,0.25000005796019314
Business,2696,2,0.24999992254985415,0.25000000613113194,0.2500000910353843,0.24999998028362957
Business,2697,3,0.24999989426668454,0.249999980067331,0.25000003728318765,0.25000008838279675
Business,2698,2,0.24999989135774017,0.25000001349612266,0.25000014314662267,0.2499999519995144
Business,2699,2,0.24999990982207554,0.25000001350937434,0.2500001262879645,0.24999995038058562
Business,2700,3,0.24999992396133333,0.2499999900224789,0.2500000414172892,0.2500000445988985
Business,2701,3,0.24999994653473967,0.24999997523370315,0.24999997294149923,0.2500001052900579
Business,2702,3,0.24999989937389314,0.24999998320839598,0.25000004265216325,0.25000007476554764
Business,2703,3,0.24999986851437028,0.24999997595666182,0.25000004958263844,0.2500001059463295
Business,2704,2,0.25000001841585207,0.250000013420866,0.2500000243408965,0.24999994382238547
Business,2705,2,0.24999993788942532,0.24999999401095188,0.25000004011566673,0.250000027983956
Business,2706,3,0.24999994238681394,0.24999998718403826,0.25000001380941894,0.25000005661972885
Business,2707,3,0.24999988751770505,0.24999998578219548,0.25000006168681976,0.2500000650132798
Business,2708,2,0.24999994355148777,0.2499999953212946,0.25000003883359867,0.2500000222936189
Business,2709,2,0.24999988909717932,0.24999999422359734,0.2500000867762803,0.25000002990294307
Business,2710,2,0.2499998778484585,0.24999998750655789,0.25000007615402603,0.2500000584909575
Business,2711,3,0.2499999798816286,0.2499999904731439,0.24999998954086344,0.25000004010436405
Business,2712,2,0.24999984854544938,0.2500000171201581,0.25000019433792686,0.24999993999646566
Business,2713,3,0.24999996679765765,0.2499999887235776,0.2499999967962889,0.25000004768247575
Business,2714,3,0.24999996204422947,0.24999999351129903,0.25000001488234197,0.2500000295621295
Business,2715,2,0.2499998717735591,0.24999999916220084,0.2500001186901586,0.2500000103740815
Business,2716,3,0.24999989745164347,0.24999998182859473,0.25000004069726034,0.2500000800225015
Business,2717,2,0.2499999542715858,0.24999999560583339,0.2500000291124212,0.2500000210101596
Business,2718,2,0.24999999963333458,0.2500000149708769,0.2500000468642376,0.24999993853155092
Business,2719,3,0.24999982727730333,0.24999997229739948,0.2500000768349565,0.2500001235903407
Business,2720,3,0.2499999459524251,0.24999999132165016,0.25000002469053745,0.25000003803538734
Business,2721,2,0.24999995346511328,0.2500000047446422,0.2500000582243761,0.24999998356586847
Business,2722,2,0.2499999270101111,0.24999999632410003,0.2500000571917048,0.25000001947408407
Business,2723,2,0.24999993110560575,0.2500000185972393,0.25000012203431043,0.2499999282628445
Business,2724,2,0.24999996964872798,0.2500000063276734,0.25000004785489977,0.24999997616869885
Business,2725,3,0.24999999723425828,0.2499999981827019,0.249999996352271,0.2500000082307688
Business,2726,0,0.25000005269027104,0.24999999903887304,0.24999994757221922,0.25000000069863665
Business,2727,3,0.2499999264606114,0.24999998710168758,0.2500000285929823,0.2500000578447187
Business,2728,2,0.24999982003041532,0.2499999858703947,0.2500001257799174,0.25000006831927246
Business,2729,3,0.24999989629420333,0.2499999762734151,0.2500000241296762,0.2500001033027053
Business,2730,3,0.2499998794275,0.24999997762251164,0.2500000445750672,0.25000009837492104
Business,2731,3,0.24999991084627024,0.24999996704221075,0.24999998171483967,0.2500001403966794
Business,2732,2,0.24999993621655797,0.2500000139070231,0.2500001032628479,0.24999994661357114
Business,2733,3,0.24999999398368652,0.2499999934493929,0.24999998558079134,0.2500000269861293
Business,2734,2,0.24999989999073916,0.25000000702255476,0.2500001155179816,0.2499999774687244
Business,2735,2,0.24999986491137804,0.24999999118446495,0.2500000995985161,0.250000044305641
Business,2736,3,0.24999995334877556,0.24999998402156373,0.24999999421162586,0.25000006841803485
Business,2737,2,0.2499999067130788,0.2500000105576406,0.2500001193986454,0.24999996333063518
Business,2738,2,0.24999993912015722,0.2500000178466135,0.2500001115942129,0.24999993143901642
Business,2739,3,0.2499999221806357,0.2499999885804529,0.25000003768650386,0.2500000515524075
Business,2740,3,0.2500000715309273,0.24999996925553813,0.24999983729446582,0.25000012191906873
Business,2741,2,0.24999992705958904,0.25000002236400876,0.2500001368700749,0.24999991370632732
Business,2742,3,0.24999992654848707,0.24999998769357862,0.25000003060554604,0.25000005515238827
Business,2743,3,0.24999990631680172,0.24999997382467623,0.25000000676297945,0.2500001130955426
Business,2744,3,0.24999993433535725,0.24999998299337206,0.2500000084572908,0.2500000742139799
Business,2745,2,0.24999990103973987,0.24999999787224694,0.2500000865153041,0.2500000145727091
Business,2746,2,0.24999993033118992,0.2500000071993175,0.2500000870669908,0.24999997540250182
Business,2747,2,0.24999987234106116,0.24999998522007552,0.25000007466845,0.25000006777041334
Business,2748,2,0.24999986629339188,0.24999998366452186,0.2500000759152242,0.250000074126862
Business,2749,3,0.24999994399320635,0.24999998739728288,0.2500000138547843,0.2500000547547264
Business,2750,2,0.249999914517079,0.25000001070486827,0.2500001126312658,0.24999996214678682
Business,2751,2,0.24999986473480337,0.24999998812953972,0.2500000908658781,0.2500000562697789
Business,2752,2,0.24999991106099395,0.2499999967852489,0.2500000736353443,0.2500000185184128
Business,2753,2,0.24999993145662922,0.25000001100133756,0.2500000985328751,0.24999995900915817
Business,2754,2,0.24999983451442495,0.24999998118139158,0.25000009723412314,0.25000008707006033
Business,2755,2,0.2499998881726891,0.24999999162951608,0.25000007913814065,0.2500000410596541
Business,2756,2,0.24999996836045701,0.2500000066778448,0.25000005051058116,0.24999997445111705
Business,2757,3,0.24999991568657148,0.24999998245688682,0.250000025162692,0.2500000766938497
Business,2758,2,0.24999993264835907,0.25000000361760677,0.2500000736743967,0.24999999005963747
Business,2759,2,0.24999987002944024,0.24999999317591784,0.2500001006509082,0.2500000361437337
Business,2760,2,0.24999988715429525,0.24999999720783192,0.25000009634788534,0.2500000192899875
Business,2761,3,0.24999989691633992,0.24999998154796046,0.2500000400338181,0.25000008150188147
Business,2762,2,0.24999981372327543,0.24999998962685244,0.2500001436085742,0.250000053041298
Business,2763,2,0.24999981672459207,0.24999997992791329,0.25000010960144076,0.25000009374605386
Business,2764,2,0.24999987056589645,0.2499999849071797,0.25000007528341417,0.25000006924350965
Business,2765,2,0.2499999179758668,0.250000026831387,0.250000158978018,0.24999989621472823
Business,2766,3,0.24999988429258815,0.2499999648408633,0.2500000002890932,0.2500001505774554
Business,2767,3,0.2499998927183886,0.24999998179576288,0.2500000447918067,0.2500000806940419
Business,2768,3,0.24999993413716196,0.24999998550758706,0.250000017075901,0.25000006327935004
Business,2769,2,0.24999992036039825,0.250000003117347,0.25000008481741665,0.24999999170483805
Business,2770,2,0.24999985154297133,0.2499999831564451,0.25000008766741477,0.25000007763316884
Business,2771,2,0.24999985396738147,0.24999998730300335,0.2500000979563041,0.25000006077331105
Business,2772,3,0.24999995927810512,0.24999998939750756,0.25000000586110804,0.25000004546327925
Business,2773,2,0.24999990542264358,0.24999999921792898,0.2500000864438087,0.2500000089156187
Business,2774,2,0.2499999581827551,0.25000000014820084,0.25000004014200505,0.25000000152703905
Business,2775,0,0.2500000244280418,0.25000000551817353,0.24999999365681974,0.24999997639696486
Business,2776,3,0.24999987855070005,0.24999998364773598,0.2500000640148436,0.2500000737867204
Business,2777,3,0.2499998797751494,0.2499999833372183,0.25000006135420383,0.2500000755334285
Business,2778,2,0.24999986267518098,0.24999998916543667,0.25000009577999394,0.2500000523793885
Business,2779,2,0.24999986795137133,0.24999998762826087,0.25000008689001485,0.2500000575303529
Business,2780,2,0.2499999810789294,0.25000000423295354,0.25000003132583154,0.24999998336228552
Business,2781,3,0.24999982109535937,0.24999997374705837,0.2500000876947922,0.2500001174627901
Business,2782,2,0.24999992749016403,0.249999998277607,0.25000006185795115,0.2500000123742779
Business,2783,3,0.24999992834867713,0.24999998998097456,0.2500000360058444,0.2500000456645039
Business,2784,2,0.249999921155442,0.24999999975208093,0.2500000723419156,0.2500000067505614
Business,2785,0,0.2500000455908133,0.25000000509429626,0.2499999724926433,0.24999997682224714
Business,2786,3,0.24999993435964565,0.24999998803147574,0.25000002493574525,0.25000005267313335
Business,2787,2,0.24999996723329918,0.25000004784816715,0.2500001795948022,0.24999980532373156
Business,2788,3,0.25000000146760304,0.2499999981763691,0.24999999328298386,0.25000000707304404
Business,2789,3,0.24999986220650805,0.24999997100073126,0.25000003984378727,0.2500001269489734
Business,2790,3,0.2499998995963125,0.24999998301255566,0.2500000423551656,0.25000007503596633
Business,2791,2,0.24999986134944568,0.2500000133183102,0.25000017039592454,0.24999995493631952
Business,2792,2,0.2499999128448279,0.24999999009665586,0.25000005090096744,0.25000004615754884
Business,2793,3,0.24999995484924326,0.24999998173590748,0.24999998606331952,0.25000007735152974
Business,2794,3,0.24999993705998821,0.2499999829674927,0.25000000676070566,0.25000007321181344
Business,2795,3,0.24999994557634378,0.24999998050456532,0.24999999053350677,0.25000008338558416
Business,2796,2,0.24999990309114759,0.24999999515624202,0.25000007581569517,0.2500000259369152
Business,2797,2,0.24999987283562208,0.24999998557108943,0.25000007457023526,0.2500000670230531
Business,2798,2,0.24999987503035417,0.25000000901472297,0.2500001452888798,0.24999997066604307
Business,2799,3,0.24999983204428952,0.24999996575478242,0.25000005229740563,0.2500001499035224
Business,2800,2,0.24999991844177996,0.25000000918359244,0.25000010404109324,0.24999996833353447
Business,2801,3,0.24999988333739606,0.24999997423847908,0.2500000300198967,0.25000011240422815
Business,2802,2,0.24999993316872593,0.2500000112157883,0.25000009674047574,0.24999995887501003
Business,2803,2,0.24999988829926129,0.24999998940867452,0.2500000723510329,0.25000004994103137
Business,2804,2,0.2499999712097933,0.2500000041654151,0.25000003923026387,0.2499999853945277
Business,2805,3,0.2500000110623904,0.24999998792260605,0.24999995199329672,0.2500000490217068
Business,2806,3,0.2499998737276724,0.24999998284427577,0.25000006500982236,0.25000007841822947
Business,2807,3,0.24999993412672375,0.24999998546024055,0.25000001659122467,0.25000006382181106
Business,2808,3,0.24999987410080993,0.24999996573811298,0.2500000129454336,0.2500001472156435
Business,2809,2,0.24999997986359496,0.2500000023212236,0.2500000262957382,0.2499999915194432
Business,2810,3,0.24999999095426173,0.24999999203830633,0.24999998406625876,0.25000003294117323
Business,2811,2,0.24999986902224808,0.25000002337053195,0.25000019529950823,0.24999991230771174
Business,2812,2,0.24999991708365601,0.24999999469662415,0.2500000619114752,0.2500000263082446
Business,2813,2,0.24999994279284976,0.250000000311092,0.25000005406386416,0.2500000028321941
Business,2814,2,0.24999995057884167,0.25000000486243457,0.250000061822309,0.2499999827364148
Business,2815,2,0.2499998775618858,0.25000001145631856,0.250000149775636,0.24999996120615955
Business,2816,2,0.24999989009697718,0.24999999281011923,0.25000008078800917,0.25000003630489437
Business,2817,2,0.24999993016142066,0.25000001067942773,0.2500000983233694,0.24999996083578216
Business,2818,3,0.2499998955781467,0.24999998189455466,0.25000004234254836,0.2500000801847503
Business,2819,2,0.24999987728507617,0.2500000428211255,0.25000024755410777,0.24999983233969056
Business,2820,3,0.24999993182283736,0.24999998708206883,0.25000002412934624,0.25000005696574756
Business,2821,3,0.24999994205961462,0.24999998389141884,0.25000000424061225,0.25000006980835426
Business,2822,2,0.24999989045887253,0.24999999014702717,0.2500000726247156,0.25000004676938464
Business,2823,2,0.2499998910787607,0.24999998761058811,0.25000006410022785,0.25000005721042334
Business,2824,3,0.24999985997813934,0.24999997961973186,0.25000006848788453,0.25000009191424427
Business,2825,2,0.24999986219659262,0.24999998960421177,0.25000009731319156,0.250000050886004
Business,2826,2,0.24999988208725615,0.25000001474619804,0.25000015582789453,0.24999994733865133
Business,2827,3,0.24999990334981198,0.24999998716022076,0.2500000503487217,0.2500000591412455
Business,2828,2,0.24999990745024048,0.25000001735869165,0.25000014038946183,0.249999934801606
Business,2829,3,0.24999995861522803,0.24999998141096486,0.24999998125246217,0.2500000787213449
Business,2830,0,0.25000000901252406,0.24999999807941256,0.24999998550813823,0.2500000073999252
Business,2831,2,0.24999992020217465,0.24999999267106754,0.2500000522340748,0.250000034892683
Business,2832,2,0.24999993763935824,0.2500000057663675,0.25000007684773834,0.24999997974653596
Business,2833,2,0.24999995821414295,0.24999999698552913,0.2500000299120484,0.2500000148882795
Business,2834,2,0.24999985086101192,0.25000000047785886,0.25000014217248845,0.25000000648864074
Business,2835,2,0.2499999592358065,0.24999999591387778,0.2500000260262971,0.2500000188240186
Business,2836,2,0.2499998606871809,0.2500000056262494,0.25000014858672887,0.24999998509984084
Business,2837,3,0.24999998523276104,0.24999997830430049,0.24999994659562866,0.2500000898673098
Business,2838,2,0.24999990239250605,0.24999999865791045,0.2500000880444443,0.25000001090513924
Business,2839,2,0.24999995233694652,0.24999999992941724,0.2500000440697518,0.2500000036638844
Business,2840,3,0.2499998560865823,0.24999998072272245,0.25000007521258577,0.2500000879781095
Business,2841,3,0.24999981784076014,0.24999997027740242,0.2500000798775305,0.25000013200430704
Business,2842,0,0.2500000334946756,0.25000000909384673,0.2499999967546534,0.24999996065682425
Business,2843,2,0.24999988567381715,0.2499999908687442,0.2500000790258023,0.25000004443163637
Business,2844,3,0.24999997596322573,0.24999999159164288,0.24999999656259203,0.25000003588253933
Business,2845,2,0.24999989571716527,0.25000000043600445,0.25000009911560517,0.2500000047312251
Business,2846,2,0.24999996580763406,0.25000000264901495,0.25000003921131586,0.24999999233203507
Business,2847,2,0.24999981931150608,0.2499999902512942,0.2500001391042265,0.25000005133297315
Business,2848,3,0.2499999080824103,0.24999998397826148,0.25000003661524106,0.25000007132408714
Business,2849,3,0.2499998659444816,0.24999996667885654,0.25000002297963403,0.2500001443970278
Business,2850,2,0.2499999776266415,0.24999999939530904,0.2500000194021868,0.2500000035758628
Business,2851,2,0.24999990253535884,0.25000000936493255,0.25000012106391406,0.24999996703579455
Business,2852,2,0.2499999113677927,0.24999999748230747,0.25000007487234654,0.25000001627755325
Business,2853,3,0.24999990727186358,0.24999998560628345,0.2500000423811869,0.25000006474066605
Business,2854,3,0.24999985913893408,0.24999997420675513,0.2500000525329465,0.2500001141213644
Business,2855,3,0.24999998154921263,0.2499999794694505,0.24999995426833063,0.2500000847130062
Business,2856,3,0.2499999750412235,0.24999999611164941,0.25000001105428377,0.2500000177928433
Business,2857,2,0.24999995383585136,0.25000000598791994,0.25000006150898757,0.24999997866724116
Business,2858,2,0.24999988489767175,0.24999998894859016,0.25000007456808254,0.25000005158565564
Business,2859,3,0.24999990427069843,0.2499999666299167,0.24999998623737804,0.2500001428620069
Business,2860,2,0.24999996043762995,0.25000000888205576,0.2500000639904779,0.24999996668983643
Business,2861,2,0.24999991229854074,0.25000001868728133,0.2500001401746441,0.2499999288395338
Business,2862,2,0.24999986641896843,0.2499999887876891,0.2500000915018544,0.25000005329148806
Business,2863,3,0.24999990194368316,0.24999998175339555,0.25000003514201236,0.2500000811609089
Business,2864,3,0.24999989554260454,0.24999998218749836,0.250000043119635,0.2500000791502621
Business,2865,2,0.24999994367581216,0.2499999938172926,0.2500000339830954,0.2500000285237999
Business,2866,2,0.24999995915057244,0.2500000022750846,0.25000004559295474,0.24999999298138817
Business,2867,2,0.24999987774218518,0.25000000991763127,0.25000014588671027,0.24999996645347333
Business,2868,2,0.249999894150132,0.25000001965848706,0.25000016033034267,0.24999992586103836
Business,2869,2,0.24999996390262624,0.2499999977972571,0.2500000267109454,0.2500000115891713
Business,2870,2,0.24999983714028667,0.25000000357550906,0.2500001636009646,0.24999999568323958
Business,2871,3,0.2499999247392798,0.24999998341726132,0.25000001947050343,0.25000007237295546
Business,2872,3,0.24999989572942696,0.24999998491482858,0.2500000517216874,0.25000006763405713
Business,2873,2,0.2499998638548739,0.24999998796722847,0.250000091400312,0.25000005677758563
Business,2874,3,0.2500000421790561,0.2499999883814262,0.24999992454795406,0.25000004489156363
Business,2875,2,0.24999995714958426,0.25000001219580165,0.2500000774691746,0.24999995318543944
Business,2876,2,0.2499998862043949,0.2500000000964416,0.2500001065932466,0.2500000071059169
Business,2877,3,0.24999992785617026,0.2499999755725597,0.24999999263692324,0.25000010393434674
Business,2878,3,0.24999987951042274,0.24999996958609053,0.2500000183996415,0.25000013250384523
Business,2879,0,0.2500000856820067,0.24999998102325682,0.24999986042676284,0.25000007286797366
Business,2880,2,0.24999989067086534,0.24999999298909156,0.25000008084660846,0.2500000354934347
Business,2881,3,0.25000002427350504,0.24999999042069224,0.2499999476044133,0.2500000377013894
Business,2882,2,0.24999993748639446,0.25000001357554863,0.2500001005694966,0.2499999483685602
Business,2883,3,0.24999992834568285,0.24999998604009244,0.25000002364417817,0.2500000619700466
Business,2884,3,0.249999938445159,0.24999999203498183,0.25000003361349443,0.2500000359063647
Business,2885,2,0.25000001527279875,0.25000002246643693,0.2500000551458114,0.24999990711495293
Business,2886,2,0.249999909998011,0.24999999410710547,0.25000006596899094,0.2500000299258926
Business,2887,2,0.24999992304391402,0.2500000073322778,0.2500000952242046,0.2499999743996036
Business,2888,2,0.2499999160741658,0.25000000053763616,0.2500000808135781,0.2500000025746199
Business,2889,2,0.2499999660588641,0.25000001246291864,0.2500000707364791,0.24999995074173814
Business,2890,2,0.2499999478481078,0.2499999954467876,0.2500000355600165,0.2500000211450881
Business,2891,3,0.24999990547686068,0.24999997915624592,0.2500000237072915,0.25000009165960185
Business,2892,2,0.24999983789200733,0.24999998693523348,0.2500001126263644,0.2500000625463948
Business,2893,2,0.24999994166148365,0.2500000059172423,0.25000007223790605,0.24999998018336808
Business,2894,3,0.24999991334857213,0.24999997952999353,0.2500000177567482,0.2500000893646861
Business,2895,3,0.24999985332947489,0.24999998199237913,0.2500000821720697,0.2500000825060763
Business,2896,3,0.24999985754766046,0.24999997652884484,0.2500000616282771,0.2500001042952175
Business,2897,2,0.24999986624267484,0.25000000205378836,0.2500001311023238,0.250000000601213
Business,2898,2,0.24999989472193276,0.24999999144280102,0.25000007305945565,0.25000004077581056
Business,2899,2,0.24999997639587557,0.2500000024636181,0.25000003024305306,0.24999999089745323
Business,2900,2,0.24999991695980972,0.250000018117265,0.2500001341959759,0.24999993072694943
Business,2901,3,0.2499999558727554,0.24999998844277546,0.2500000061380308,0.25000004954643834
Business,2902,3,0.24999994412506704,0.24999997611285535,0.24999997755948236,0.2500001022025952
Business,2903,3,0.24999991144446582,0.2499999688330966,0.24999998650506605,0.2500001332173715
Business,2904,2,0.2499999137120371,0.2500000000938698,0.25000008088533243,0.2500000053087607
Business,2905,3,0.24999993217935143,0.249999989774937,0.2500000322540664,0.2500000457916451
Business,2906,2,0.2499999155120662,0.2500000003988419,0.25000008096709847,0.25000000312199344
Business,2907,3,0.24999987020909642,0.24999997815455868,0.2500000538687766,0.25000009776756826
Business,2908,3,0.24999986745753583,0.24999997281804565,0.2500000409951071,0.2500001187293114
Business,2909,2,0.24999988261498046,0.24999998960792214,0.2500000785728339,0.2500000492042635
Business,2910,3,0.2499999518385279,0.24999999348379548,0.2500000250492177,0.25000002962845896
Business,2911,0,0.2500000442542436,0.25000000697483354,0.24999998015553762,0.24999996861538526
Business,2912,2,0.24999993369797463,0.24999999753615462,0.25000005386783447,0.2500000148980363
Business,2913,3,0.24999993725319183,0.2499999913531402,0.25000003195093007,0.25000003944273796
Business,2914,2,0.24999990147566706,0.2500000241563325,0.25000016673813785,0.24999990762986263
Business,2915,2,0.24999989564269418,0.2500000229695624,0.25000016919799956,0.24999991218974385
Business,2916,2,0.2499999629889326,0.2500000110948684,0.2500000677274135,0.24999995818878545
Business,2917,3,0.24999986604889407,0.24999997875516747,0.25000005984761364,0.25000009534832474
Business,2918,2,0.2499998839975265,0.24999998738495485,0.25000007064550134,0.25000005797201724
Business,2919,2,0.2499999445393515,0.2500000049721578,0.2500000674273257,0.24999998306116492
Business,2920,2,0.24999994975919798,0.24999999657564514,0.2500000368745656,0.2500000167905913
Business,2921,2,0.24999993022639816,0.2500000070769151,0.25000008675617486,0.24999997594051196
Business,2922,2,0.2499999229202411,0.2500000142750431,0.25000011725917903,0.24999994554553676
Business,2923,3,0.24999993142165883,0.2499999738431499,0.24999998319870123,0.2500001115364901
Business,2924,2,0.2499999489906087,0.24999999883806817,0.25000004476467336,0.25000000740664974
Business,2925,2,0.24999993126966255,0.2499999975053472,0.25000005692543725,0.25000001429955304
Business,2926,2,0.24999992435606547,0.24999999974436943,0.2500000699303905,0.2500000059691746
Business,2927,3,0.2499998447623966,0.24999997500345195,0.2500000689604138,0.25000011127373767
Business,2928,2,0.24999993597844364,0.24999999963950736,0.2500000591942958,0.2500000051877532
Business,2929,2,0.24999982759339662,0.2499999974537022,0.2500001528983681,0.2500000220545331
Business,2930,3,0.24999991545865358,0.2499999800321485,0.25000001793128346,0.25000008657791445
Business,2931,3,0.25000004135163784,0.24999998343115032,0.24999990980096373,0.25000006541624814
Business,2932,2,0.24999990694354218,0.24999999357192176,0.2500000676932883,0.25000003179124775
Business,2933,3,0.24999988927550784,0.24999998051850034,0.2500000431572416,0.25000008704875015
Business,2934,2,0.24999988307914084,0.24999998736698617,0.25000007064284435,0.25000005891102867
Business,2935,2,0.24999990427903135,0.24999999761669936,0.2500000827556952,0.2500000153485741
Business,2936,2,0.2499999149733203,0.249999992826499,0.2500000581654056,0.25000003403477505
Business,2937,3,0.24999989366526215,0.24999997902262064,0.2500000355176557,0.2500000917944616
Business,2938,3,0.24999991635551594,0.24999997405859578,0.24999999876789608,0.25000011081799217
Business,2939,2,0.24999990177783354,0.25000002659273735,0.2500001743275289,0.2499998973019002
Business,2940,2,0.24999986954943937,0.24999998763161246,0.25000008425684084,0.25000005856210733
Business,2941,2,0.24999989121205646,0.24999999539290577,0.25000008740768453,0.25000002598735327
Business,2942,2,0.24999989111170853,0.2500000395214835,0.2500002238863715,0.24999984548043644
Business,2943,2,0.24999992646558486,0.24999999478887358,0.2500000531133975,0.250000025632144
Business,2944,2,0.24999995701668937,0.25000000216971513,0.25000004731686204,0.2499999934967334
Business,2945,3,0.2499998930389621,0.24999998607399043,0.2500000559621238,0.2500000649249237
Business,2946,2,0.24999988615705604,0.24999999606485446,0.2500000950472244,0.250000022730865
Business,2947,2,0.24999989285579283,0.2500000202470883,0.25000016295743416,0.24999992393968473
Business,2948,3,0.24999991286077977,0.2499999875782134,0.2500000429776996,0.25000005658330715
Business,2949,2,0.2500000212096769,0.2500000143207442,0.25000002376293495,0.24999994070664397
Business,2950,2,0.24999996002949765,0.25000000330779687,0.25000004822923355,0.2499999884334719
Business,2951,2,0.2499999087369934,0.24999999416045585,0.25000006797333885,0.2500000291292119
Business,2952,2,0.24999990424696847,0.2500000114811423,0.25000012579653264,0.24999995847535655
Business,2953,2,0.2499999365337201,0.25000001461329974,0.2500001051103189,0.24999994374266127
Business,2954,3,0.24999994400799114,0.24999998456615619,0.2500000046675525,0.25000006675830017
Business,2955,3,0.24999988429258815,0.2499999648408633,0.2500000002890932,0.2500001505774554
Business,2956,3,0.24999994231490058,0.2499999778360005,0.24999998605230223,0.2500000937967968
Business,2957,3,0.24999997766522858,0.2499999623145194,0.24999990367857636,0.2500001563416756
Business,2958,2,0.24999984705824682,0.2500000257864715,0.2500002230089705,0.24999990414631112
Business,2959,3,0.24999986669857902,0.2499999735060344,0.25000004347552607,0.2500001163198606
Business,2960,2,0.24999992853658587,0.25000002266681454,0.25000013765545254,0.2499999111411471
Business,2961,2,0.24999992448532365,0.24999999453103156,0.2500000537772922,0.25000002720635267
Business,2962,2,0.249999918986952,0.2499999935581465,0.2500000563657034,0.25000003108919805
Business,2963,3,0.2499999015330653,0.24999997634354995,0.2500000195435273,0.2500001025798575
Business,2964,2,0.24999993831787348,0.2500000051522943,0.2500000729949571,0.24999998353487504
Business,2965,3,0.24999991970232568,0.24999998296028714,0.25000002304008184,0.2500000742973053
Business,2966,2,0.24999985152925955,0.24999998848198632,0.2500001035997133,0.2500000563890408
Business,2967,3,0.2499999694706444,0.24999999185559557,0.2500000036701458,0.2500000350036142
Business,2968,3,0.2499999271117625,0.24999998470975288,0.25000002105783214,0.25000006712065254
Business,2969,2,0.2499999411231444,0.2500000149212779,0.2500001018508419,0.24999994210473583
Business,2970,2,0.24999991069070762,0.250000004630789,0.2500000969065027,0.24999998777200072
Business,2971,3,0.24999990249144977,0.24999998395018622,0.25000004213810795,0.25000007142025615
Business,2972,2,0.24999995687308263,0.24999999519512625,0.25000002540568256,0.2500000225261086
Business,2973,3,0.24999995373847855,0.24999998686381794,0.2500000023577677,0.2500000570399357
Business,2974,3,0.25000002029041174,0.24999998332559437,0.2499999295072166,0.2500000668767772
Business,2975,2,0.24999997081717476,0.25000001125931187,0.2500000628300778,0.24999995509343556
Business,2976,2,0.24999984491128863,0.2500000112022674,0.250000180793391,0.24999996309305295
Business,2977,2,0.2499999139285829,0.24999998963511158,0.2500000487374916,0.25000004769881395
Business,2978,2,0.24999986550126038,0.24999998928245012,0.2500000941564158,0.2500000510598737
Business,2979,3,0.2499999643743744,0.24999998497606155,0.24999998725858727,0.2500000633909768
Business,2980,2,0.24999988834149292,0.24999998979482815,0.2500000729926323,0.2500000488710466
Business,2981,2,0.24999993163051254,0.24999999483868124,0.25000004852786184,0.2500000250029445
Business,2982,3,0.24999993772884185,0.24999998415987645,0.2500000098352503,0.2500000682760314
Business,2983,3,0.2499999982095461,0.24999998538305565,0.2499999563563627,0.2500000600510356
Business,2984,2,0.24999991521537468,0.24999999426194955,0.2500000609683361,0.2500000295543397
Business,2985,2,0.24999992617485603,0.25000000106674947,0.2500000717241744,0.25000000103422015
Business,2986,3,0.2499999778404877,0.2499999937071649,0.25000000147934565,0.2500000269730017
Business,2987,2,0.249999838850078,0.24999998522858805,0.25000010577326925,0.2500000701480647
Business,2988,3,0.2499999399285966,0.24999998839994422,0.25000002030624874,0.2500000513652105
Business,2989,3,0.24999988327939413,0.24999997968372992,0.2500000460509516,0.25000009098592435
Business,2990,2,0.249999916372309,0.2500000058809285,0.25000009566859155,0.24999998207817092
Business,2991,2,0.2499999380233373,0.2500000062360056,0.25000007640859745,0.2499999793320597
Business,2992,0,0.25000002596579946,0.2499999939973712,0.24999995689911092,0.25000002313771846
Business,2993,3,0.2500000157610077,0.24999999124187752,0.24999995845633052,0.2500000345407841
Business,2994,2,0.2499999182787388,0.24999999475886536,0.25000006016958387,0.25000002679281197
Business,2995,0,0.2500000317697161,0.24999999633796116,0.24999995854029344,0.25000001335202937
Business,2996,3,0.24999984833364694,0.24999998079133415,0.25000008323529727,0.2500000876397217
Business,2997,2,0.24999992221769157,0.2500000215281184,0.2500001389088957,0.24999991734529434
Business,2998,2,0.24999992424302017,0.24999999541413057,0.25000005742054576,0.2500000229223035
Business,2999,2,0.24999995400857686,0.2500000058544577,0.2500000613311419,0.2499999788058236
Sci/Tech,3000,2,0.2499998936145362,0.24999999281115284,0.25000007800626284,0.2500000355680481
Sci/Tech,3001,2,0.2500000067012288,0.25000000754415613,0.25000001670449323,0.24999996905012178
Sci/Tech,3002,2,0.24999993118090433,0.25000000175200665,0.25000007079071185,0.2499999962763772
Sci/Tech,3003,2,0.24999995644711523,0.25000000287139107,0.25000004979519,0.24999999088630365
Sci/Tech,3004,3,0.24999999066721948,0.24999999306039292,0.24999998732787945,0.2500000289445082
Sci/Tech,3005,3,0.24999998753948083,0.2499999865734876,0.24999997036903684,0.25000005551799476
Sci/Tech,3006,2,0.24999995709325404,0.24999999699854195,0.25000003104371,0.2500000148644939
Sci/Tech,3007,2,0.24999994854083452,0.2500000016924654,0.2500000536262524,0.2499999961404477
Sci/Tech,3008,3,0.24999996124615587,0.249999990039164,0.2500000058280657,0.2500000428866143
Sci/Tech,3009,3,0.249999977419069,0.24999999446837773,0.2500000043249427,0.25000002378761044
Sci/Tech,3010,3,0.24999992897468007,0.24999998877111784,0.25000003245194824,0.2500000498022539
Sci/Tech,3011,2,0.24999997323287385,0.2499999995301334,0.25000002379795383,0.25000000343903883
Sci/Tech,3012,3,0.24999992221046274,0.24999997805394467,0.2500000056469097,0.2500000940886828
Sci/Tech,3013,2,0.24999984459644792,0.2499999834210639,0.25000009503923537,0.2500000769432529
Sci/Tech,3014,3,0.24999992293800266,0.2499999851083855,0.250000026649046,0.2500000653045658
Sci/Tech,3015,2,0.24999989199318803,0.24999999033132272,0.25000007202709196,0.25000004564839734
Sci/Tech,3016,3,0.24999996395315435,0.24999999137398307,0.2500000074405036,0.250000037232359
Sci/Tech,3017,3,0.24999998127940717,0.24999999040955181,0.24999998789277825,0.2500000404182628
Sci/Tech,3018,0,0.2500000607193475,0.24999999257445144,0.24999991963248722,0.25000002707371394
Sci/Tech,3019,2,0.24999989231708517,0.24999999213615046,0.250000077676407,0.25000003787035735
Sci/Tech,3020,3,0.24999996310198214,0.24999998254437805,0.2499999808072065,0.2500000735464332
Sci/Tech,3021,0,0.25000001426931134,0.25000000464392425,0.25000000095503744,0.249999980131727
Sci/Tech,3022,2,0.2499999565403918,0.2499999994084557,0.2500000391484791,0.2500000049026734
Sci/Tech,3023,0,0.25000003060801906,0.25000001485170753,0.2500000170289988,0.24999993751127456
Sci/Tech,3024,3,0.24999996035719424,0.24999998113400854,0.2499999790009501,0.2500000795078472
Sci/Tech,3025,3,0.2499999737141323,0.24999999010084406,0.24999999396565373,0.2500000422193699
Sci/Tech,3026,2,0.24999992386686834,0.25000001654772336,0.2500001233022145,0.24999993628319386
Sci/Tech,3027,3,0.2499999092115635,0.24999997871343252,0.2500000190678609,0.250000093007143
Sci/Tech,3028,3,0.24999992689882927,0.24999999046018875,0.25000003969362633,0.2500000429473556
Sci/Tech,3029,2,0.24999994787168667,0.2500000153230631,0.2500000966160753,0.24999994018917493
Sci/Tech,3030,2,0.24999984078057744,0.24999998609646773,0.2500001071587194,0.2500000659642354
Sci/Tech,3031,3,0.24999995327265787,0.2499999763175175,0.24999997076241118,0.25000009964741343
Sci/Tech,3032,3,0.24999995538566946,0.2499999907087626,0.2500000131943201,0.2500000407112479
Sci/Tech,3033,2,0.24999995348271087,0.2500000083945143,0.2500000702654843,0.24999996785729053
Sci/Tech,3034,2,0.249999945698175,0.250000000575612,0.25000005320932145,0.25000000051689164
Sci/Tech,3035,3,0.24999999037159834,0.24999999700799683,0.24999999986746646,0.2500000127529383
Sci/Tech,3036,2,0.24999998612530805,0.24999999835658926,0.25000000797231836,0.25000000754578433
Sci/Tech,3037,3,0.2499998752673761,0.24999998426199382,0.25000006897016736,0.25000007150046266
Sci/Tech,3038,3,0.2499998703188835,0.2499999714129289,0.2500000336138469,0.25000012465434074
Sci/Tech,3039,3,0.24999997363031895,0.24999999036590073,0.24999999518653845,0.2500000408172418
Sci/Tech,3040,3,0.24999998185600328,0.24999999608582207,0.25000000496655345,0.2500000170916212
Sci/Tech,3041,2,0.2499999328728724,0.249999992830751,0.25000004138038195,0.2500000329159947
Sci/Tech,3042,2,0.24999993579473612,0.24999999378606846,0.2500000412751882,0.2500000291440072
Sci/Tech,3043,3,0.2499999095282367,0.24999998741182347,0.2500000464780424,0.25000005658189745
Sci/Tech,3044,3,0.24999999176715054,0.24999998366514858,0.24999995695826474,0.25000006760943616
Sci/Tech,3045,2,0.24999995340035022,0.24999999576461504,0.2500000307220021,0.25000002011303263
Sci/Tech,3046,3,0.24999992068872692,0.2499999834578233,0.2500000237847564,0.25000007206869335
Sci/Tech,3047,3,0.24999997866223533,0.2499999810860516,0.24999996179710648,0.2500000784546066
Sci/Tech,3048,3,0.24999987868190846,0.249999977899391,0.25000004625444866,0.25000009716425187
Sci/Tech,3049,3,0.2499999680134479,0.24999999458144917,0.2500000132202036,0.25000002418489925
Sci/Tech,3050,3,0.24999996868961236,0.249999988255304,0.24999999324791453,0.25000004980716917
Sci/Tech,3051,2,0.24999993038779572,0.25000002111068576,0.25000013124084475,0.24999991726067386
Sci/Tech,3052,0,0.2500000400840484,0.24999999302119288,0.2499999407099426,0.2500000261848161
Sci/Tech,3053,2,0.2499999056181471,0.250000009169563,0.25000011745848566,0.24999996775380423
Sci/Tech,3054,3,0.24999995174523304,0.24999999001119672,0.2500000148056607,0.2500000434379095
Sci/Tech,3055,2,0.2499999666009585,0.24999999983909837,0.2500000313267307,0.2500000022332124
Sci/Tech,3056,3,0.2499999105410141,0.24999998844960045,0.25000004884846133,0.25000005216092414
Sci/Tech,3057,3,0.24999996059592594,0.24999998237844037,0.24999998276317734,0.2500000742624564
Sci/Tech,3058,2,0.24999991801353802,0.24999999242944443,0.250000054031712,0.2500000355253056
Sci/Tech,3059,3,0.2499998528341418,0.24999997697844073,0.2500000673971291,0.25000010279028834
Sci/Tech,3060,3,0.24999990453774104,0.24999998687000982,0.25000004929144576,0.2500000593008034
Sci/Tech,3061,3,0.2499998776572985,0.24999998306905044,0.2500000626758985,0.2500000765977525
Sci/Tech,3062,3,0.24999995787711404,0.2499999911078297,0.2500000121157365,0.2500000388993198
Sci/Tech,3063,3,0.24999987794237058,0.24999998122942732,0.2500000571285019,0.2500000836997002
Sci/Tech,3064,3,0.24999995372166198,0.2499999912669106,0.2500000168740914,0.250000038137336
Sci/Tech,3065,3,0.2499999185870654,0.24999997994567952,0.25000001472451017,0.25000008674274493
Sci/Tech,3066,3,0.2499999536701801,0.24999998714174093,0.25000000413194556,0.2500000550561334
Sci/Tech,3067,3,0.24999993905517262,0.24999998557378228,0.2500000127589382,0.2500000626121069
Sci/Tech,3068,3,0.2499999460931763,0.24999999184293226,0.25000002589403314,0.2500000361698583
Sci/Tech,3069,0,0.2500000066264728,0.2500000016049108,0.2499999988611893,0.2499999929074271
Sci/Tech,3070,2,0.24999995790852034,0.2500000299104657,0.2500001318770191,0.24999988030399492
Sci/Tech,3071,2,0.24999989416283946,0.2499999930952799,0.25000007842680766,0.250000034315073
Sci/Tech,3072,3,0.24999996133954935,0.24999999150829222,0.2500000104034498,0.2500000367487085
Sci/Tech,3073,3,0.249999934620855,0.24999998905543266,0.2500000280976014,0.2500000482261108
Sci/Tech,3074,3,0.24999994016868,0.24999998818812635,0.2500000196848182,0.2500000519583755
Sci/Tech,3075,0,0.2500000094845241,0.2500000058599507,0.25000000910433157,0.24999997555119358
Sci/Tech,3076,2,0.249999871599274,0.2499999978086104,0.25000011440171316,0.25000001619040246
Sci/Tech,3077,3,0.2499999640219285,0.2499999852768103,0.249999988252544,0.25000006244871725
Sci/Tech,3078,3,0.24999990049552986,0.2499999847490601,0.2500000469142947,0.25000006784111534
Sci/Tech,3079,3,0.24999998967409334,0.24999999809959025,0.2500000040939196,0.25000000813239676
Sci/Tech,3080,3,0.25000000176061843,0.2499999891482765,0.24999996468964725,0.25000004440145784
Sci/Tech,3081,3,0.24999995795751825,0.2499999930574162,0.25000001826136875,0.2500000307236968
Sci/Tech,3082,0,0.25000005650563845,0.24999999053117747,0.24999991752671685,0.2500000354364672
Sci/Tech,3083,2,0.24999996812711045,0.2500000087503158,0.25000005726397356,0.24999996585860024
Sci/Tech,3084,3,0.24999988274964993,0.24999997171219931,0.2500000230237714,0.2500001225143793
Sci/Tech,3085,3,0.2499998796811364,0.24999998135754603,0.2500000560418467,0.25000008291947073
Sci/Tech,3086,0,0.25000000977541276,0.2500000001737103,0.24999999130167763,0.24999999874919931
Sci/Tech,3087,2,0.24999993844461676,0.25000000554536345,0.2500000750405168,0.249999980969503
Sci/Tech,3088,3,0.24999997891430303,0.24999998761810516,0.24999998169007576,0.2500000517775161
Sci/Tech,3089,2,0.24999985285528614,0.24999998201053167,0.25000008290132425,0.250000082232858
Sci/Tech,3090,3,0.24999998014094507,0.24999999135425852,0.24999999211366034,0.2500000363911361
Sci/Tech,3091,0,0.25000001313794895,0.25000000552228824,0.2500000044285006,0.2499999769112621
Sci/Tech,3092,3,0.24999992132407733,0.2499999797689547,0.2500000115974728,0.25000008730949513
Sci/Tech,3093,2,0.2499999953052476,0.25000000293000996,0.25000001378001063,0.24999998798473186
Sci/Tech,3094,2,0.2499999717133433,0.24999999745339838,0.2500000186969535,0.2500000121363048
Sci/Tech,3095,2,0.24999993546628313,0.2499999978264165,0.250000054423921,0.2500000122833793
Sci/Tech,3096,2,0.24999991083011286,0.24999998989895503,0.2500000531521145,0.25000004611881765
Sci/Tech,3097,3,0.2499999085152309,0.2499999861346342,0.25000004361006345,0.2500000617400714
Sci/Tech,3098,3,0.2499999562485462,0.2499999926650543,0.25000001871266336,0.2500000323737362
Sci/Tech,3099,2,0.24999994646872184,0.2500000553638834,0.25000022210177975,0.24999977606561494
Sci/Tech,3100,3,0.2499999221196526,0.2499999870613927,0.2500000335940519,0.25000005722490276
Sci/Tech,3101,2,0.24999996330160684,0.2499999987564212,0.25000003095719925,0.2500000069847728
Sci/Tech,3102,0,0.25000003044909874,0.24999999648467602,0.24999996113462702,0.2500000119315982
Sci/Tech,3103,2,0.249999952656437,0.24999999893025604,0.25000004191036007,0.2500000065029469
Sci/Tech,3104,3,0.24999990971748662,0.24999997693467216,0.25000001351285867,0.2500000998349826
Sci/Tech,3105,3,0.24999993779763202,0.24999998775123528,0.25000002082515954,0.2500000536259732
Sci/Tech,3106,2,0.24999998972041035,0.25000000181033605,0.25000001553639556,0.249999992932858
Sci/Tech,3107,3,0.2499999035341828,0.24999998603797613,0.250000048036448,0.25000006239139305
Sci/Tech,3108,3,0.2499999304822444,0.24999998903303458,0.2500000317445165,0.2500000487402045
Sci/Tech,3109,3,0.2499999776573965,0.24999999331670786,0.25000000050226673,0.25000002852362896
Sci/Tech,3110,2,0.24999996824008822,0.24999999927053285,0.25000002759907314,0.2500000048903058
Sci/Tech,3111,3,0.24999997854378475,0.24999999418149568,0.2500000024886333,0.25000002478608624
Sci/Tech,3112,2,0.24999994854654956,0.2500000010414486,0.2500000521267571,0.24999999828524488
Sci/Tech,3113,3,0.24999989605269204,0.24999998567655152,0.25000005379892815,0.2500000644718283
Sci/Tech,3114,0,0.2500000216204586,0.2500000128842254,0.2500000196232065,0.24999994587210944
Sci/Tech,3115,3,0.24999989886249313,0.24999997646159783,0.25000002266870447,0.25000010200720457
Sci/Tech,3116,2,0.24999990187971574,0.24999999005865103,0.2500000619376949,0.2500000461239383
Sci/Tech,3117,2,0.24999998108239596,0.2500000048298433,0.25000003347977307,0.24999998060798773
Sci/Tech,3118,2,0.24999990150881707,0.2500000043192645,0.25000010653415305,0.24999998763776543
Sci/Tech,3119,2,0.2499999813468583,0.24999999816721408,0.25000001197296845,0.25000000851295906
Sci/Tech,3120,3,0.24999995493195884,0.24999997914438513,0.2499999781222116,0.2500000878014444
Sci/Tech,3121,2,0.24999994343786638,0.2499999967502597,0.25000004314265306,0.25000001666922084
Sci/Tech,3122,3,0.2499999196508862,0.24999998587817449,0.2500000320409386,0.25000006243000067
Sci/Tech,3123,2,0.24999999030160197,0.24999999921137284,0.25000000657137145,0.25000000391565375
Sci/Tech,3124,2,0.2499999154342242,0.2499999961925775,0.250000067685598,0.2500000206876002
Sci/Tech,3125,3,0.2500000199002169,0.2499999946206054,0.24999996461475066,0.25000002086442696
Sci/Tech,3126,3,0.24999994105332893,0.24999998555203756,0.2500000110667329,0.2500000623279006
Sci/Tech,3127,2,0.24999994388476066,0.25000000079171486,0.25000005546832255,0.249999999855202
Sci/Tech,3128,2,0.24999996832950702,0.2499999966308573,0.25000001926287924,0.2500000157767565
Sci/Tech,3129,2,0.24999999055928393,0.2500000014858305,0.25000001367604224,0.2499999942788433
Sci/Tech,3130,3,0.24999998537606824,0.24999998985967228,0.24999998248000255,0.25000004228425693
Sci/Tech,3131,3,0.24999990679772266,0.2499999744527744,0.2500000085320216,0.2500001102174813
Sci/Tech,3132,2,0.24999998887823371,0.25000000914082277,0.2500000385380727,0.24999996344287082
Sci/Tech,3133,2,0.24999999803643733,0.2500000081974821,0.25000002737256055,0.2499999663935201
Sci/Tech,3134,0,0.25000006412998277,0.24999999198687964,0.24999991480003708,0.2500000290831005
Sci/Tech,3135,2,0.24999999959989172,0.25000000022329516,0.2500000011298452,0.2499999990469679
Sci/Tech,3136,2,0.24999997345880787,0.2500000002187988,0.25000002566254736,0.250000000659846
Sci/Tech,3137,2,0.24999999675104329,0.2500000076764284,0.2500000269663181,0.24999996860621027
Sci/Tech,3138,2,0.24999986984597802,0.2499999977080168,0.25000011597489225,0.250000016471113
Sci/Tech,3139,2,0.2499999848673821,0.2500000050271798,0.2500000298256237,0.2499999802798144
Sci/Tech,3140,3,0.24999997444832983,0.24999997472536079,0.2499999460682227,0.25000010475808665
Sci/Tech,3141,0,0.25000003574385954,0.24999999104009707,0.24999993841995866,0.2500000347960847
Sci/Tech,3142,3,0.24999999080244806,0.2499999740264193,0.24999992844128716,0.2500001067298455
Sci/Tech,3143,0,0.2500000169107387,0.2500000026311,0.24999999237368975,0.2499999880844716
Sci/Tech,3144,2,0.24999993603056037,0.25000002284157186,0.2500001311587128,0.24999990996915505
Sci/Tech,3145,2,0.24999999844148724,0.2500000070984922,0.2500000233927382,0.24999997106728247
Sci/Tech,3146,2,0.24999993761803105,0.2500000020662075,0.25000006548317094,0.2499999948325905
Sci/Tech,3147,2,0.24999993446000604,0.2499999926293197,0.25000003906320534,0.2500000338474689
Sci/Tech,3148,0,0.25000003304531787,0.24999999680307713,0.2499999590798326,0.2500000110717724
Sci/Tech,3149,2,0.24999997067876756,0.2500000024254099,0.2500000349419176,0.24999999195390496
Sci/Tech,3150,2,0.24999989185721708,0.24999998692142153,0.25000006156384763,0.25000005965751376
Sci/Tech,3151,3,0.24999996322512827,0.24999996230942625,0.24999991810545133,0.2500001563599941
Sci/Tech,3152,3,0.24999996660000615,0.24999998805959747,0.24999999453032473,0.25000005081007165
Sci/Tech,3153,2,0.24999991895884235,0.2499999899139332,0.2500000456538844,0.25000004547334015
Sci/Tech,3154,3,0.2499999004308612,0.24999998067956303,0.2500000343499329,0.25000008453964284
Sci/Tech,3155,3,0.24999983694325106,0.24999997002690574,0.25000006100863537,0.2500001320212078
Sci/Tech,3156,2,0.24999988813530274,0.24999998840731477,0.25000006979663686,0.2500000536607456
Sci/Tech,3157,3,0.24999997808985783,0.24999999292581063,0.2499999987950829,0.25000003018924866
Sci/Tech,3158,2,0.24999993471811183,0.2500000026118702,0.2500000698609018,0.24999999280911614
Sci/Tech,3159,3,0.2500000108892414,0.24999997467366397,0.2499999113072056,0.25000010312988896
Sci/Tech,3160,3,0.2499999518656783,0.24999997724298675,0.2499999749220607,0.2500000959692743
Sci/Tech,3161,3,0.249999947477971,0.24999998559008785,0.2500000050735332,0.25000006185840795
Sci/Tech,3162,3,0.24999992564294413,0.24999995966271116,0.24999994491431224,0.2500001697800324
Sci/Tech,3163,0,0.2500000133911709,0.24999999945222084,0.24999998570616314,0.25000000145044515
Sci/Tech,3164,3,0.24999996297376254,0.24999999204728027,0.2500000102582583,0.250000034720699
Sci/Tech,3165,0,0.2500000564852245,0.24999999587157956,0.24999993374346588,0.2500000138997301
Sci/Tech,3166,3,0.2499999741598285,0.24999998456313954,0.24999997669373597,0.25000006458329604
Sci/Tech,3167,2,0.24999995182178134,0.2500000012206104,0.2500000493675626,0.24999999759004568
Sci/Tech,3168,3,0.2499999728057957,0.2499999928445926,0.250000003541845,0.2500000308077667
Sci/Tech,3169,3,0.2499999570506472,0.24999998648896182,0.2499999986672678,0.25000005779312323
Sci/Tech,3170,2,0.24999995794862442,0.25000000164059044,0.25000004501089157,0.24999999539989357
Sci/Tech,3171,3,0.24999995463468946,0.2499999910325008,0.2500000151819937,0.250000039150816
Sci/Tech,3172,0,0.250000038943853,0.24999999141145499,0.2499999367262781,0.25000003291841394
Sci/Tech,3173,3,0.250000004055855,0.2499999967827455,0.24999998613228763,0.2500000130291118
Sci/Tech,3174,2,0.24999997268501983,0.24999999920942173,0.25000002354948875,0.2500000045560697
Sci/Tech,3175,3,0.24999991014815046,0.24999998478985444,0.25000003786122565,0.2500000672007694
Sci/Tech,3176,3,0.2499999663613411,0.24999999334890366,0.250000011206876,0.25000002908287927
Sci/Tech,3177,0,0.2500000038276841,0.2500000005950168,0.2499999981086203,0.24999999746867876
Sci/Tech,3178,0,0.2500000587895799,0.24999999917172488,0.2499999417713946,0.2500000002673006
Sci/Tech,3179,3,0.24999996478907585,0.24999999219717786,0.25000000925752275,0.25000003375622354
Sci/Tech,3180,3,0.24999997088119963,0.2499999934094307,0.2500000074323314,0.25000002827703827
Sci/Tech,3181,0,0.25000002317810394,0.25000000690641616,0.2499999996033903,0.24999997031208956
Sci/Tech,3182,2,0.2499999088384856,0.25000000521885035,0.25000010242276133,0.24999998351990269
Sci/Tech,3183,2,0.24999991313048087,0.2500000022157592,0.2500000889416775,0.2499999957120824
Sci/Tech,3184,3,0.24999992568045976,0.24999996829708962,0.24999997210593644,0.25000013391651416
Sci/Tech,3185,2,0.2499999676783802,0.2499999981323742,0.2500000250216412,0.25000000916760445
Sci/Tech,3186,3,0.24999995429766833,0.2499999929287325,0.2500000211569235,0.25000003161667567
Sci/Tech,3187,3,0.24999993961521236,0.24999998408542093,0.25000000787554116,0.2500000684238255
Sci/Tech,3188,2,0.24999996050933773,0.25000000277006657,0.25000004554095423,0.24999999117964153
Sci/Tech,3189,0,0.25000001868676236,0.25000000642816617,0.25000000242974973,0.2499999724553217
Sci/Tech,3190,2,0.2499999281069931,0.2500000057724521,0.2500000857036412,0.2499999804169136
Sci/Tech,3191,2,0.24999994156666605,0.2500000130465973,0.2500000959779843,0.24999994940875234
Sci/Tech,3192,2,0.25000000524962884,0.2500000053105756,0.25000001152536794,0.24999997791442757
Sci/Tech,3193,3,0.24999993154573044,0.24999998166663157,0.25000000759647856,0.2500000791911594
Sci/Tech,3194,3,0.2499999550587236,0.24999999121125835,0.25000001506152186,0.2500000386684962
Sci/Tech,3195,3,0.24999985744363792,0.24999997352651612,0.25000005231078704,0.2500001167190589
Sci/Tech,3196,3,0.2499999795085557,0.24999999194978387,0.24999999445641474,0.2500000340852456
Sci/Tech,3197,3,0.24999990599115557,0.24999997465532484,0.25000001031212304,0.25000010904139663
Sci/Tech,3198,3,0.24999999760303013,0.24999999550587768,0.24999998839776896,0.25000001849332315
Sci/Tech,3199,2,0.2499998858843813,0.24999999824387364,0.25000010247351984,0.2500000133982252
Sci/Tech,3200,3,0.24999993683489738,0.2499999868003361,0.25000001853936304,0.2500000578254034
Sci/Tech,3201,3,0.24999996427674587,0.24999998343142454,0.24999998261217304,0.2500000696796566
Sci/Tech,3202,2,0.2499999061210169,0.24999998887666197,0.250000054014892,0.2500000509874291
Sci/Tech,3203,0,0.25000002346892736,0.24999999706813766,0.24999996880478892,0.250000010658146
Sci/Tech,3204,3,0.24999996823259105,0.24999997902119322,0.24999996500161273,0.25000008774460303
Sci/Tech,3205,2,0.2499999555064589,0.24999999849541954,0.25000003738817234,0.25000000860994914
Sci/Tech,3206,3,0.24999995600247274,0.24999998360874728,0.249999991072381,0.25000006931639895
Sci/Tech,3207,2,0.24999997389410633,0.2500000046167525,0.2500000392252087,0.24999998226393252
Sci/Tech,3208,2,0.24999993468833023,0.24999999719211977,0.250000053053521,0.2500000150660289
Sci/Tech,3209,0,0.2500000121401826,0.2500000070475469,0.2500000102528335,0.24999997055943704
Sci/Tech,3210,3,0.2499999315617654,0.2499999822653878,0.25000001020543144,0.25000007596741547
Sci/Tech,3211,2,0.24999996437654412,0.2500000057647551,0.2500000511888798,0.249999978669821
Sci/Tech,3212,2,0.2499998548189502,0.24999998713014626,0.2500000973215431,0.2500000607293605
Sci/Tech,3213,3,0.24999993390581066,0.2499999709081036,0.24999997228242796,0.25000012290365775
Sci/Tech,3214,2,0.2500000064173497,0.2500000225018704,0.2500000640111828,0.2499999070695971
Sci/Tech,3215,2,0.24999991425076595,0.24999998987494246,0.25000004965874606,0.2500000462155456
Sci/Tech,3216,2,0.2499999565848503,0.25000001062255667,0.2500000737545485,0.24999995903804445
Sci/Tech,3217,2,0.24999986987997724,0.2499999971181354,0.2500001142792935,0.25000001872259386
Sci/Tech,3218,2,0.24999990466786598,0.24999999320611924,0.2500000691548334,0.25000003297118134
Sci/Tech,3219,2,0.2499998925504754,0.24999999248159044,0.250000077908637,0.25000003705929713
Sci/Tech,3220,2,0.2499999947868355,0.25000000426066477,0.2500000183055369,0.24999998264696285
Sci/Tech,3221,2,0.24999998154335337,0.25000001861162063,0.25000007409055186,0.24999992575447422
Sci/Tech,3222,3,0.2499999263855878,0.24999998374238053,0.2500000188972241,0.2500000709748076
Sci/Tech,3223,2,0.24999992994300171,0.25000000117628757,0.25000006982723744,0.24999999905347325
Sci/Tech,3224,0,0.25000000479200235,0.25000000138315276,0.24999999984600035,0.24999999397884462
Sci/Tech,3225,3,0.24999989537980918,0.24999997405426863,0.2500000184857992,0.2500001120801229
Sci/Tech,3226,3,0.24999994479009022,0.24999999166443815,0.2500000264163545,0.2500000371291171
Sci/Tech,3227,3,0.2499999744617039,0.24999999376926235,0.2500000049301686,0.2500000268388652
Sci/Tech,3228,2,0.24999994595869482,0.24999999663761874,0.2500000407708978,0.2500000166327886
Sci/Tech,3229,3,0.24999988876866905,0.24999998430327053,0.25000005651577967,0.2500000704122809
Sci/Tech,3230,2,0.2499999652337765,0.24999999862720357,0.2500000286590412,0.2500000074799788
Sci/Tech,3231,0,0.2500000239659444,0.24999999892190616,0.24999997407400323,0.2500000030381462
Sci/Tech,3232,3,0.2499999710798251,0.24999998041556568,0.2499999667729654,0.25000008173164384
Sci/Tech,3233,3,0.24999988502682988,0.24999997970369345,0.25000004529310377,0.2500000899763728
Sci/Tech,3234,2,0.2499999346099444,0.2500000059884691,0.25000008040949917,0.2499999789920873
Sci/Tech,3235,2,0.24999991777892888,0.2499999899445234,0.2500000467862564,0.2500000454902913
Sci/Tech,3236,3,0.24999996522149315,0.2499999818877792,0.24999997582478017,0.25000007706594746
Sci/Tech,3237,3,0.2500000022720396,0.24999996866690835,0.24999990091286037,0.2500001281481916
Sci/Tech,3238,2,0.2499999641923293,0.2500000078067827,0.2500000579025981,0.24999997009828992
Sci/Tech,3239,3,0.24999982083962818,0.24999996521819406,0.2500000614329443,0.25000015250923346
Sci/Tech,3240,3,0.2499999785046275,0.24999999734453207,0.25000001204689287,0.2500000121039475
Sci/Tech,3241,2,0.249999947168206,0.24999999550924604,0.25000003573488444,0.25000002158766343
Sci/Tech,3242,3,0.24999996863159107,0.24999997306428542,0.24999994634488373,0.2500001119592397
Sci/Tech,3243,3,0.24999999019790536,0.24999998387607084,0.2499999593302774,0.25000006659574636
Sci/Tech,3244,3,0.24999992367106294,0.24999998537763565,0.25000002591830167,0.25000006503299976
Sci/Tech,3245,2,0.249999939001737,0.24999999422223565,0.25000003960128603,0.25000002717474135
Sci/Tech,3246,3,0.24999994964514424,0.24999998768128479,0.25000000948048456,0.2500000531930863
Sci/Tech,3247,3,0.2499999532036688,0.2499999868758593,0.25000000333675443,0.2500000565837175
Sci/Tech,3248,3,0.2500000002809858,0.2499999963893355,0.24999998854676556,0.25000001478291317
Sci/Tech,3249,0,0.25000005755881416,0.24999998882647256,0.24999991131882396,0.2500000422958893
Sci/Tech,3250,3,0.24999992253655848,0.24999998910809654,0.2500000392167955,0.2500000491385494
Sci/Tech,3251,3,0.24999999980413878,0.2499999845627099,0.2499999524367657,0.2500000631963856
Sci/Tech,3252,2,0.24999986702069804,0.2499999932918176,0.25000010398284234,0.25000003570464197
Sci/Tech,3253,2,0.2499998691950841,0.24999998745556526,0.2500000845235616,0.2500000588257891
Sci/Tech,3254,3,0.2500000015782747,0.24999999019848174,0.24999996817028425,0.2500000400529594
Sci/Tech,3255,3,0.24999986834133064,0.2499999701189791,0.2500000318877896,0.25000012965190066
Sci/Tech,3256,3,0.24999999777908846,0.2499999909782556,0.2499999740197906,0.25000003722286535
Sci/Tech,3257,3,0.2499999221196526,0.2499999870613927,0.2500000335940519,0.25000005722490276
Sci/Tech,3258,2,0.2499999378215826,0.2499999927689857,0.2500000363509747,0.250000033058457
Sci/Tech,3259,3,0.24999993705662768,0.24999999201150194,0.2500000345890788,0.25000003634279155
Sci/Tech,3260,3,0.24999996342220857,0.24999998916902336,0.2500000008539597,0.2500000465548084
Sci/Tech,3261,3,0.24999985909951525,0.24999997660658765,0.2500000607251963,0.25000010356870084
Sci/Tech,3262,3,0.2499999252766887,0.24999998898012737,0.25000003664520676,0.2500000490979772
Sci/Tech,3263,2,0.24999996611306682,0.2500000022016204,0.2500000390369832,0.24999999264832962
Sci/Tech,3264,3,0.24999998466256407,0.2499999888085731,0.24999997972909424,0.2500000467997686
Sci/Tech,3265,2,0.25000001351253537,0.2500000108598392,0.2500000209453945,0.24999995468223102
Sci/Tech,3266,3,0.24999990585181078,0.249999988031568,0.25000005129624436,0.2500000548203769
Sci/Tech,3267,2,0.2499999902355442,0.250000009333794,0.25000003835737605,0.2499999620732857
Sci/Tech,3268,3,0.24999992100391752,0.24999999012825785,0.25000004414576377,0.2500000447220609
Sci/Tech,3269,3,0.2499999924013968,0.2499999844644005,0.24999995910672193,0.2500000640274807
Sci/Tech,3270,3,0.24999986736173932,0.24999998007349397,0.25000006316650975,0.2500000893982569
Sci/Tech,3271,2,0.24999993915291302,0.24999999731978842,0.25000004931487724,0.25000001421242135
Sci/Tech,3272,3,0.24999989411878737,0.2499999691902636,0.25000000438201875,0.2500001323089302
Sci/Tech,3273,2,0.249999953870473,0.2500000160086121,0.2500000930786221,0.24999993704229276
Sci/Tech,3274,2,0.2499999608610672,0.24999999518746654,0.2500000221519755,0.2500000217994908
Sci/Tech,3275,3,0.24999997551341457,0.24999999652143245,0.2500000123871467,0.2500000155780062
Sci/Tech,3276,2,0.249999936547956,0.2500000218071414,0.2500001276545469,0.2499999139903557
Sci/Tech,3277,0,0.25000006873238256,0.24999998961298958,0.2499999030815679,0.2500000385730599
Sci/Tech,3278,3,0.249999991851575,0.24999999666723854,0.24999999774958706,0.2500000137315994
Sci/Tech,3279,2,0.24999996822427817,0.24999999764999967,0.2500000225809486,0.2500000115447736
Sci/Tech,3280,2,0.24999994782962898,0.24999999684199462,0.2500000395224021,0.25000001580597436
Sci/Tech,3281,3,0.24999987380857233,0.2499999752974678,0.2500000417110601,0.2500001091828998
Sci/Tech,3282,3,0.24999994879726245,0.24999999122449987,0.2500000213624308,0.2500000386158069
Sci/Tech,3283,3,0.24999990637509775,0.2499999819109233,0.2500000323683754,0.2500000793456035
Sci/Tech,3284,2,0.2499999512792686,0.24999999818510787,0.2500000404700678,0.2500000100655557
Sci/Tech,3285,2,0.24999990250803572,0.25000002313525804,0.2500001640051036,0.24999991035160263
Sci/Tech,3286,2,0.25000000918348536,0.2500000149307129,0.2500000376574088,0.249999938228393
Sci/Tech,3287,2,0.24999998292555514,0.25000000466478545,0.2500000300603298,0.2499999823493296
Sci/Tech,3288,3,0.24999999010181695,0.24999999317295932,0.249999988024779,0.2500000287004447
Sci/Tech,3289,3,0.2499999041904368,0.24999998372911508,0.2500000399962691,0.25000007208417896
Sci/Tech,3290,2,0.24999991418459674,0.2499999912348526,0.25000005370486433,0.2500000408756862
Sci/Tech,3291,2,0.2499999286409298,0.25000000117054494,0.2500000713055727,0.24999999888295255
Sci/Tech,3292,3,0.24999993282470806,0.24999996898070218,0.2499999674516927,0.2500001307428971
Sci/Tech,3293,3,0.24999986743069272,0.2499999798965158,0.25000006267440844,0.250000089998383
Sci/Tech,3294,2,0.24999992031534105,0.2499999986010465,0.2500000709466815,0.2500000101369311
Sci/Tech,3295,3,0.24999995279624485,0.2499999836522949,0.24999999350661567,0.25000007004484454
Sci/Tech,3296,2,0.24999995034468567,0.24999999481360485,0.2500000307911674,0.2500000240505421
Sci/Tech,3297,0,0.2500000395669785,0.25000000121962174,0.24999996657615461,0.24999999263724515
Sci/Tech,3298,3,0.24999992827143405,0.24999998748992294,0.25000002904477325,0.2500000551938698
Sci/Tech,3299,3,0.2499999011738102,0.24999997777276137,0.25000002449787195,0.2500000965555565
Sci/Tech,3300,3,0.2499999839843842,0.24999999251315652,0.24999999189927138,0.25000003160318796
Sci/Tech,3301,3,0.2500000016303686,0.24999999749824867,0.24999999073286083,0.25000001013852174
Sci/Tech,3302,3,0.24999986588966677,0.24999997637098398,0.2500000531759529,0.2500001045633963
Sci/Tech,3303,2,0.2499999922821282,0.25000000459780447,0.25000002170512536,0.24999998141494195
Sci/Tech,3304,2,0.24999994011719226,0.24999999815403767,0.25000005112587953,0.25000001060289045
Sci/Tech,3305,3,0.24999995182528173,0.2499999860664588,0.2500000024104711,0.2500000596977884
Sci/Tech,3306,0,0.25000007332690255,0.24999999427334343,0.24999991318466652,0.25000001921508747
Sci/Tech,3307,3,0.24999985950632977,0.24999997483840794,0.2500000544032729,0.25000011125198945
Sci/Tech,3308,3,0.2499998839462099,0.24999997836766882,0.25000004210020854,0.25000009558591274
Sci/Tech,3309,2,0.25000000001065853,0.2500000003061165,0.2500000009125262,0.24999999877069873
Sci/Tech,3310,2,0.24999991449987086,0.2500000151271833,0.2500001277321954,0.24999994264075048
Sci/Tech,3311,3,0.24999987497589257,0.24999997732577273,0.2500000471441277,0.250000100554207
Sci/Tech,3312,3,0.2500000205319235,0.24999996160044866,0.24999986125072582,0.250000156616902
Sci/Tech,3313,2,0.24999994878975335,0.24999999654567928,0.2500000377742964,0.250000016890271
Sci/Tech,3314,0,0.25000007554609116,0.24999999330343198,0.24999990818566695,0.2500000229648099
Sci/Tech,3315,2,0.24999991051025372,0.25000000065864336,0.2500000865754124,0.2500000022556905
Sci/Tech,3316,3,0.24999986661436102,0.24999997921575495,0.25000006158110244,0.2500000925887815
Sci/Tech,3317,3,0.24999997609977603,0.2499999969953343,0.2500000133212674,0.2500000135836222
Sci/Tech,3318,3,0.2499999272205037,0.2499999766083504,0.24999999639625736,0.2500000997748886
Sci/Tech,3319,3,0.24999991721483877,0.24999998579382657,0.2500000339681668,0.25000006302316796
Sci/Tech,3320,0,0.2500000429923111,0.25000000311476245,0.24999996924891638,0.24999998464401013
Sci/Tech,3321,2,0.24999999833383657,0.25000000282722606,0.2500000103824372,0.2499999884565002
Sci/Tech,3322,2,0.24999992507529126,0.24999999616626062,0.2500000588611106,0.25000001989733756
Sci/Tech,3323,2,0.249999934199912,0.2499999930024043,0.2500000404434545,0.25000003235422924
Sci/Tech,3324,2,0.249999935085759,0.24999999325303215,0.2500000404086395,0.2500000312525693
Sci/Tech,3325,3,0.25000001017701523,0.24999999437629514,0.24999997309592448,0.2500000223507652
Sci/Tech,3326,2,0.24999994857832594,0.2500000006815462,0.2500000510105189,0.2499999997296089
Sci/Tech,3327,2,0.24999996682884637,0.2500000255502552,0.2500001105988314,0.24999989702206704
Sci/Tech,3328,2,0.25000000215099105,0.2500000105730235,0.2500000303226533,0.24999995695333213
Sci/Tech,3329,3,0.24999992974089932,0.2499999846593957,0.25000001878470757,0.2500000668149973
Sci/Tech,3330,0,0.2500000276329155,0.2500000092271873,0.2500000024059969,0.2499999607339004
Sci/Tech,3331,2,0.24999981324633974,0.24999999963412672,0.2500001748431462,0.2500000122763873
Sci/Tech,3332,3,0.24999998776606996,0.24999998771404142,0.24999997368598553,0.2500000508339031
Sci/Tech,3333,2,0.24999989980900325,0.250000013241472,0.25000013536420074,0.249999951585324
Sci/Tech,3334,3,0.24999997593941528,0.24999997916186315,0.24999995760614366,0.250000087292578
Sci/Tech,3335,3,0.24999996767523627,0.24999999064040082,0.25000000173882675,0.25000003994553616
Sci/Tech,3336,3,0.25000006660660257,0.24999996887606507,0.24999984093420585,0.2500001235831265
Sci/Tech,3337,2,0.24999994135058617,0.25000000263161243,0.25000006350950077,0.24999999250830063
Sci/Tech,3338,2,0.24999996040490713,0.2500000169725751,0.250000089899652,0.2499999327228657
Sci/Tech,3339,3,0.24999988919977204,0.249999984768041,0.25000005673092385,0.2500000693012632
Sci/Tech,3340,3,0.24999994287428973,0.24999998158591677,0.24999999685226063,0.2500000786875329
Sci/Tech,3341,3,0.24999987742976001,0.24999997911161445,0.2500000509729277,0.25000009248569777
Sci/Tech,3342,3,0.2499998911878375,0.24999997830267123,0.2500000354104558,0.2500000950990355
Sci/Tech,3343,3,0.24999993215187685,0.2499999767176208,0.2499999920817836,0.2500000990487187
Sci/Tech,3344,0,0.2500000905241732,0.2499999849998154,0.24999986819531167,0.25000005628069966
Sci/Tech,3345,2,0.24999990789182588,0.24999999929518552,0.2500000850096665,0.25000000780332204
Sci/Tech,3346,3,0.24999993124646483,0.24999999137377912,0.2500000384336347,0.2500000389461213
Sci/Tech,3347,3,0.24999982963368692,0.24999997652915532,0.2500000878430419,0.25000010599411593
Sci/Tech,3348,2,0.2499999553813966,0.2500000014130075,0.2500000465120618,0.24999999669353412
Sci/Tech,3349,3,0.2499999015943053,0.24999998438409096,0.2500000447147129,0.2500000693068907
Sci/Tech,3350,2,0.2499999635940405,0.24999999820766294,0.2500000291619748,0.25000000903632175
Sci/Tech,3351,2,0.24999995186593577,0.24999999545378312,0.25000003156473355,0.25000002111554753
Sci/Tech,3352,2,0.24999995911774733,0.2499999972165056,0.2500000301469281,0.25000001351881884
Sci/Tech,3353,2,0.24999990362563054,0.24999999821433605,0.25000008553079855,0.2500000126292348
Sci/Tech,3354,2,0.24999997007638128,0.2500000024391803,0.2500000358575198,0.2499999916269186
Sci/Tech,3355,2,0.24999988155219433,0.2499999932999391,0.25000009144312507,0.2500000337047415
Sci/Tech,3356,2,0.2499999631287878,0.25000001366481567,0.2500000772648758,0.24999994594152078
Sci/Tech,3357,3,0.249999968464822,0.2499999893886522,0.2499999969632363,0.25000004518328944
Sci/Tech,3358,2,0.24999984109634873,0.249999981587097,0.2500000928180462,0.2500000844985081
Sci/Tech,3359,2,0.24999985002735367,0.24999999899620723,0.25000013850511865,0.2500000124713205
Sci/Tech,3360,2,0.24999993970453588,0.24999999301777018,0.2500000353758667,0.2500000319018273
Sci/Tech,3361,2,0.249999980178207,0.24999999948059948,0.2500000174096187,0.2500000029315748
Sci/Tech,3362,3,0.24999999080244806,0.2499999740264193,0.24999992844128716,0.2500001067298455
Sci/Tech,3363,2,0.24999991355604148,0.24999999210258542,0.2500000574900142,0.250000036851359
Sci/Tech,3364,0,0.2500001490130637,0.24999997982281438,0.2499997970941453,0.2500000740699766
Sci/Tech,3365,3,0.24999992909075333,0.24999998953833408,0.25000003496151746,0.2500000464093951
Sci/Tech,3366,2,0.24999996742876726,0.25000000465581673,0.2500000455364223,0.2499999823789937
Sci/Tech,3367,3,0.2499999212795421,0.24999998003781856,0.2500000127472231,0.25000008593541617
Sci/Tech,3368,2,0.24999986424469445,0.24999999036058648,0.2500000987088315,0.2500000466858875
Sci/Tech,3369,3,0.24999992713607713,0.2499999840988706,0.2500000195597185,0.25000006920533374
Sci/Tech,3370,2,0.2499999588895887,0.2500000066519782,0.2500000591497693,0.2499999753086639
Sci/Tech,3371,3,0.24999999667889866,0.2499999843612216,0.24999995462713734,0.2500000643327424
Sci/Tech,3372,3,0.2499999646331893,0.24999999034385614,0.2500000034459204,0.2500000415770342
Sci/Tech,3373,3,0.24999993171747903,0.24999998635257079,0.25000002209882816,0.250000059831122
Sci/Tech,3374,3,0.24999992956120057,0.24999998322897046,0.25000001467682764,0.2500000725330014
Sci/Tech,3375,3,0.24999995614994344,0.24999999178917826,0.2500000160035235,0.25000003605735477
Sci/Tech,3376,3,0.24999994660635108,0.24999998097372816,0.24999999197671594,0.2500000804432048
Sci/Tech,3377,0,0.2500000224500834,0.2500000072089186,0.25000000119131083,0.24999996914968717
Sci/Tech,3378,2,0.24999993780250518,0.2499999935070224,0.2500000388000742,0.25000002989039816
Sci/Tech,3379,3,0.24999991586329795,0.24999997430973783,0.2499999996989538,0.2500001101280103
Sci/Tech,3380,3,0.24999983992112437,0.2499999779606079,0.25000008292075504,0.2500000991975126
Sci/Tech,3381,3,0.24999992615812178,0.24999997367740984,0.24999998841838447,0.2500001117460839
Sci/Tech,3382,2,0.2499999763353367,0.24999999847546667,0.25000001782258774,0.25000000736660893
Sci/Tech,3383,3,0.24999997584720857,0.24999998793828906,0.24999998540941118,0.2500000508050912
Sci/Tech,3384,2,0.24999986427733387,0.2500000024035831,0.25000013575440966,0.24999999756467342
Sci/Tech,3385,2,0.24999990985729872,0.24999999831621134,0.25000008008007735,0.25000001174641256
Sci/Tech,3386,3,0.2499999838895178,0.24999999484709146,0.24999999926225747,0.25000002200113325
Sci/Tech,3387,2,0.24999999761919298,0.25000000150688884,0.2500000070858482,0.24999999378806997
Sci/Tech,3388,3,0.24999994705529904,0.24999998881742314,0.25000001537443634,0.2500000487528415
Sci/Tech,3389,2,0.2499999581091287,0.2500000200547151,0.2500001016865735,0.2499999201495827
Sci/Tech,3390,2,0.249999875233017,0.2500000028325056,0.2500001268997019,0.2499999950347755
Sci/Tech,3391,3,0.24999989295062872,0.2499999667226983,0.249999998008505,0.250000142318168
Sci/Tech,3392,3,0.24999992762924048,0.2499999845284172,0.2500000203748295,0.2500000674675128
Sci/Tech,3393,3,0.24999996331463237,0.2499999876526548,0.24999999661679367,0.2500000524159191
Sci/Tech,3394,2,0.24999987645061594,0.24999999829955222,0.25000011134699784,0.2500000139028341
Sci/Tech,3395,3,0.24999993651063548,0.24999998721178318,0.25000002044367753,0.2500000558339039
Sci/Tech,3396,3,0.249999955563004,0.24999999422240185,0.2500000241821202,0.25000002603247395
Sci/Tech,3397,3,0.2499999425488909,0.24999999110417168,0.25000002674891947,0.250000039598018
Sci/Tech,3398,0,0.250000018128815,0.25000000140119855,0.24999998722099853,0.24999999324898795
Sci/Tech,3399,2,0.24999993910427104,0.24999999640661835,0.25000004661554764,0.250000017873563
Sci/Tech,3400,2,0.24999995451688634,0.25000000121636146,0.25000004675799453,0.2499999975087577
Sci/Tech,3401,2,0.2499999773138038,0.25000000612558954,0.2500000405579114,0.24999997600269527
Sci/Tech,3402,2,0.24999999013809193,0.2500000074513075,0.2500000324617659,0.24999996994883472
Sci/Tech,3403,0,0.25000001477805367,0.25000000066233896,0.24999998815651647,0.24999999640309095
Sci/Tech,3404,0,0.2500000465279844,0.24999999992009725,0.2499999560683402,0.24999999748357818
Sci/Tech,3405,2,0.24999995398709954,0.25000000511068626,0.2500000594868354,0.24999998141537877
Sci/Tech,3406,0,0.2500000127582063,0.25000000199864153,0.24999999413557092,0.24999999110758117
Sci/Tech,3407,3,0.249999888848916,0.24999998477163723,0.2500000579525657,0.25000006842688105
Sci/Tech,3408,0,0.2500000362992352,0.2500000013620298,0.24999997006799926,0.2499999922707357
Sci/Tech,3409,2,0.24999990980274556,0.24999999056931757,0.2500000562588261,0.25000004336911086
Sci/Tech,3410,2,0.24999992433953475,0.24999999089363867,0.2500000432347328,0.2500000415320937
Sci/Tech,3411,3,0.24999990118645468,0.24999998466258655,0.2500000452182643,0.25000006893269444
Sci/Tech,3412,2,0.24999985982804995,0.24999998799117304,0.250000094812678,0.250000057368099
Sci/Tech,3413,2,0.24999999431871014,0.2500000013137218,0.25000000950847856,0.24999999485908958
Sci/Tech,3414,3,0.2500000016278154,0.24999997883172395,0.2499999328934868,0.25000008664697393
Sci/Tech,3415,0,0.250000021087612,0.25000000182301146,0.24999998582699026,0.24999999126238634
Sci/Tech,3416,3,0.2500000010713497,0.2499999984019311,0.2499999941274412,0.25000000639927805
Sci/Tech,3417,3,0.24999992414089703,0.24999997486527006,0.24999999348835206,0.2500001075054809
Sci/Tech,3418,0,0.2500000362261193,0.250000006638684,0.24999998648289729,0.2499999706522994
Sci/Tech,3419,3,0.2499999248895752,0.24999998362881606,0.2500000203436918,0.25000007113791695
Sci/Tech,3420,2,0.2499998631009583,0.24999998646288996,0.25000008740707386,0.25000006302907785
Sci/Tech,3421,3,0.24999991598013152,0.24999998818847202,0.25000004290138683,0.25000005293000965
Sci/Tech,3422,2,0.2499998723100399,0.24999999130039977,0.25000009392498707,0.25000004246457325
Sci/Tech,3423,3,0.24999996312038691,0.2499999771553482,0.24999996352003884,0.2500000962042259
Sci/Tech,3424,2,0.24999992503710128,0.2500000022909403,0.25000007793542933,0.24999999473652906
Sci/Tech,3425,0,0.25000003126986214,0.2500000019031486,0.24999997638777216,0.24999999043921697
Sci/Tech,3426,2,0.2499999015665565,0.24999999019109465,0.2500000625550977,0.2500000456872511
Sci/Tech,3427,3,0.24999994253098629,0.24999998716346727,0.2500000146734995,0.2500000556320469
Sci/Tech,3428,3,0.24999987835958537,0.24999998390263592,0.2500000649287972,0.25000007280898146
Sci/Tech,3429,3,0.2499999373917832,0.2499999839004349,0.2500000093277108,0.25000006938007097
Sci/Tech,3430,3,0.24999979407598974,0.24999997458226506,0.25000011537086514,0.2500001159708801
Sci/Tech,3431,2,0.2499999639177617,0.25000000859266724,0.2500000602034649,0.24999996728610618
Sci/Tech,3432,2,0.24999993741861432,0.24999999400667103,0.2500000406725085,0.25000002790220616
Sci/Tech,3433,2,0.24999990467849312,0.24999999530455166,0.2500000755863916,0.2500000244305637
Sci/Tech,3434,2,0.24999998012324623,0.2500000015320475,0.2500000234911836,0.2499999948535227
Sci/Tech,3435,3,0.249999874984769,0.24999997994077494,0.25000005584248114,0.2500000892319749
Sci/Tech,3436,2,0.2499999818675626,0.2500000100608589,0.2500000478029323,0.2499999602686462
Sci/Tech,3437,3,0.24999999977884968,0.24999999931108563,0.24999999782816465,0.2500000030819002
Sci/Tech,3438,3,0.249999935980962,0.24999997698306686,0.24999998912327795,0.2500000979126932
Sci/Tech,3439,2,0.24999999177983973,0.25000000900284103,0.2500000356473594,0.24999996356995988
Sci/Tech,3440,2,0.24999998083929,0.25000002664761195,0.2500001003287334,0.24999989218436466
Sci/Tech,3441,2,0.24999994592551159,0.25000000142347345,0.2500000550861541,0.24999999756486094
Sci/Tech,3442,3,0.24999993379236268,0.24999998492440048,0.25000001558437607,0.25000006569886085
Sci/Tech,3443,0,0.2500000432481474,0.2499999970132941,0.24999995044246198,0.2500000092960965
Sci/Tech,3444,3,0.24999988994000566,0.24999997410224498,0.2500000235987261,0.25000011235902325
Sci/Tech,3445,2,0.24999999851976296,0.2500000218241616,0.250000068891289,0.24999991076478645
Sci/Tech,3446,2,0.2499998946338321,0.24999999807088427,0.2500000934000566,0.250000013895227
Sci/Tech,3447,3,0.2499999747393361,0.24999999272748513,0.25000000135365075,0.25000003117952807
Sci/Tech,3448,3,0.2499999517773496,0.24999998628100398,0.25000000286399715,0.25000005907764933
Sci/Tech,3449,2,0.24999989993419872,0.24999998888461405,0.2500000597649298,0.2500000514162574
Sci/Tech,3450,2,0.24999999738235626,0.2500000022877136,0.2500000096758875,0.24999999065404263
Sci/Tech,3451,3,0.2500000008550844,0.24999998817447905,0.2499999626876849,0.2500000482827516
Sci/Tech,3452,2,0.24999995248410525,0.2500000025557758,0.25000005282805493,0.24999999213206406
Sci/Tech,3453,3,0.24999995226393273,0.24999999229152073,0.2500000211597429,0.2500000342848036
Sci/Tech,3454,2,0.24999994370682602,0.24999999404310988,0.25000003468978327,0.2500000275602808
Sci/Tech,3455,3,0.24999993675642906,0.249999987361998,0.2500000196818433,0.2500000561997296
Sci/Tech,3456,2,0.24999984545000103,0.24999999521848618,0.2500001307710584,0.2500000285604543
Sci/Tech,3457,3,0.24999999079864105,0.24999999822778263,0.2500000031901637,0.2500000077834126
Sci/Tech,3458,3,0.24999993664452402,0.2499999890307403,0.25000002583189906,0.2500000484928365
Sci/Tech,3459,3,0.24999992788466543,0.24999999000096668,0.25000003739247684,0.2500000447218911
Sci/Tech,3460,3,0.24999998843408658,0.24999998980759155,0.24999997980407926,0.2500000419542426
Sci/Tech,3461,2,0.24999993828503467,0.2500000122376004,0.2500000959374772,0.24999995353988777
Sci/Tech,3462,3,0.24999993194837652,0.24999999152610136,0.25000003811413285,0.25000003841138924
Sci/Tech,3463,0,0.25000001893331747,0.2500000004978749,0.24999998375249,0.2499999968163176
Sci/Tech,3464,2,0.24999986814324038,0.2500000089673789,0.2500001521863132,0.24999997070306756
Sci/Tech,3465,2,0.24999988295686454,0.24999999046635737,0.2500000807533062,0.25000004582347185
Sci/Tech,3466,2,0.2499999596680763,0.2499999971492636,0.2500000292568454,0.25000001392581467
Sci/Tech,3467,3,0.24999992428507256,0.24999998374692195,0.2500000211710969,0.25000007079690867
Sci/Tech,3468,2,0.2499999951069283,0.25000001452579484,0.25000004894065964,0.24999994142661724
Sci/Tech,3469,2,0.24999999632730052,0.2500000075258153,0.2500000269027264,0.2499999692441578
Sci/Tech,3470,2,0.24999995181823884,0.2500000149816164,0.2500000916274481,0.24999994157269662
Sci/Tech,3471,3,0.24999994974367967,0.2499999912639583,0.2500000204963817,0.2500000384959804
Sci/Tech,3472,3,0.24999996064164146,0.24999999130468423,0.2500000102650077,0.2500000377886666
Sci/Tech,3473,0,0.25000008336520335,0.2499999910600853,0.24999989393448366,0.2500000316402277
Sci/Tech,3474,3,0.24999993889291522,0.2499999887959753,0.2500000229210897,0.2500000493900198
Sci/Tech,3475,2,0.24999995602288558,0.2500000052871684,0.2500000578415255,0.24999998084842037
Sci/Tech,3476,3,0.24999988570691337,0.2499999847354304,0.25000006058712965,0.25000006897052657
Sci/Tech,3477,2,0.24999985367538613,0.24999999724921732,0.2500001293254563,0.2500000197499403
Sci/Tech,3478,3,0.2499999701964294,0.24999998951403152,0.2499999957114666,0.25000004457807257
Sci/Tech,3479,0,0.2500000037675597,0.2499999992316978,0.24999999410132237,0.25000000289942015
Sci/Tech,3480,3,0.24999999639730902,0.24999998860560493,0.24999996829709117,0.2500000466999949
Sci/Tech,3481,2,0.2500000147435902,0.25000001188250875,0.250000022583696,0.24999995079020507
Sci/Tech,3482,2,0.2499998951129628,0.24999999578395735,0.25000008602402696,0.25000002307905284
Sci/Tech,3483,3,0.24999997054108328,0.24999999380288912,0.25000000859183424,0.25000002706419333
Sci/Tech,3484,3,0.24999996126261165,0.24999999351429797,0.2500000165739599,0.25000002864913046
Sci/Tech,3485,3,0.2499999875359306,0.24999997928843737,0.24999994750100332,0.2500000856746287
Sci/Tech,3486,3,0.25000003086136097,0.24999998845421448,0.24999993516848795,0.25000004551593663
Sci/Tech,3487,2,0.24999987784615946,0.24999998876168666,0.25000008079770325,0.25000005259445074
Sci/Tech,3488,3,0.24999994597668493,0.24999997781046543,0.24999998217706149,0.2500000940357882
Sci/Tech,3489,2,0.24999988842691573,0.24999999321784447,0.2500000843418466,0.2500000340133932
Sci/Tech,3490,2,0.24999998757395164,0.25000000156759933,0.2500000166255548,0.24999999423289418
Sci/Tech,3491,2,0.249999884169826,0.24999999381197707,0.2500000900766715,0.25000003194152537
Sci/Tech,3492,2,0.24999989560960767,0.24999998850077584,0.25000006274573555,0.25000005314388096
Sci/Tech,3493,3,0.25000000569514885,0.24999999337511658,0.24999997430146417,0.25000002662827037
Sci/Tech,3494,3,0.25000000388953453,0.24999998905970391,0.24999996259327817,0.25000004445748336
Sci/Tech,3495,2,0.24999981624182605,0.24999999177294596,0.2500001469546481,0.2500000450305798
Sci/Tech,3496,3,0.24999990604467554,0.24999998037749463,0.25000002812370625,0.25000008545412356
Sci/Tech,3497,2,0.2499998738593002,0.24999999328326697,0.25000009864435296,0.25000003421307987
Sci/Tech,3498,2,0.24999993530030937,0.25000000025290986,0.25000006226097976,0.25000000218580104
Sci/Tech,3499,3,0.24999998457118655,0.24999999596066863,0.2500000020625224,0.25000001740562244
Sci/Tech,3500,3,0.24999996393382332,0.24999999397167558,0.25000001528297744,0.2500000268115237
Sci/Tech,3501,3,0.2499999809059333,0.2499999853121311,0.2499999724578951,0.2500000613240405
Sci/Tech,3502,3,0.24999987611510127,0.24999996342689343,0.2500000035137197,0.2500001569442857
Sci/Tech,3503,2,0.2499999687781177,0.2500000003089466,0.25000003042733426,0.25000000048560145
Sci/Tech,3504,3,0.24999991862998533,0.24999997512632147,0.24999999980056375,0.2500001064431295
Sci/Tech,3505,2,0.24999995948422124,0.25000000190963156,0.25000004425629774,0.24999999434984946
Sci/Tech,3506,3,0.2499999441032003,0.24999998010439226,0.249999991250516,0.2500000845418914
Sci/Tech,3507,3,0.2500000257611256,0.24999998671818105,0.249999934531128,0.2500000529895653
Sci/Tech,3508,3,0.24999992296838677,0.2499999787873465,0.2500000067351957,0.25000009150907093
Sci/Tech,3509,2,0.24999988511508253,0.2500000195777078,0.25000016889455046,0.24999992641265917
Sci/Tech,3510,3,0.24999993569082074,0.24999999037758944,0.25000003065428855,0.25000004327730124
Sci/Tech,3511,3,0.24999992238495738,0.2499999740854886,0.2499999925328925,0.25000011099666153
Sci/Tech,3512,3,0.24999989651490886,0.24999998548479024,0.250000052125613,0.2500000658746879
Sci/Tech,3513,3,0.2499999735263679,0.2499999947836939,0.25000000884574447,0.2500000228441937
Sci/Tech,3514,2,0.24999988656935235,0.24999999294964723,0.25000008501949705,0.25000003546150346
Sci/Tech,3515,2,0.24999991021174284,0.24999998945594554,0.2500000521830827,0.25000004814922894
Sci/Tech,3516,3,0.24999995419965115,0.24999998732380405,0.2500000040845955,0.2500000543919492
Sci/Tech,3517,3,0.24999996899281376,0.2499999954873802,0.25000001523625504,0.25000002028355106
Sci/Tech,3518,2,0.24999993894368946,0.24999999561054273,0.2500000440349585,0.2500000214108093
Sci/Tech,3519,2,0.24999993843111812,0.24999999381268495,0.2500000388146862,0.2500000289415108
Sci/Tech,3520,2,0.24999996973972144,0.2500000099838074,0.25000005936398556,0.24999996091248566
Sci/Tech,3521,3,0.24999992524026685,0.2499999904853277,0.25000004127434977,0.2500000430000556
Sci/Tech,3522,0,0.25000001707022046,0.2499999987912398,0.2499999803362657,0.25000000380227416
Sci/Tech,3523,0,0.2500000399906244,0.24999999075594959,0.24999993362824166,0.2500000356251843
Sci/Tech,3524,3,0.24999988261856415,0.2499999781503354,0.25000004224302913,0.2500000969880714
Sci/Tech,3525,2,0.24999986854302858,0.2499999931310581,0.25000010299189124,0.25000003533402204
Sci/Tech,3526,3,0.24999993242634794,0.24999998369149806,0.2500000131549338,0.2500000707272202
Sci/Tech,3527,2,0.24999979164436342,0.24999999024719788,0.25000016671824965,0.25000005139018905
Sci/Tech,3528,0,0.25000000702922626,0.25000000030702313,0.24999999440544798,0.24999999825830266
Sci/Tech,3529,3,0.24999986808820118,0.24999996704721578,0.25000002221786227,0.2500001426467207
Sci/Tech,3530,3,0.2499998409649102,0.24999997912549762,0.25000008568327714,0.25000009422631503
Sci/Tech,3531,3,0.24999988166208081,0.24999998096015752,0.2500000528040146,0.25000008457374695
Sci/Tech,3532,2,0.24999996707048144,0.2499999966320849,0.25000002069295363,0.25000001560448004
Sci/Tech,3533,3,0.24999991615442832,0.24999997880582273,0.25000001305252256,0.25000009198722645
Sci/Tech,3534,2,0.24999996802096944,0.24999999639351783,0.25000001920312037,0.2500000163823923
Sci/Tech,3535,3,0.24999985429029836,0.2499999698502434,0.2500000440947685,0.25000013176468977
Sci/Tech,3536,2,0.24999991382219822,0.24999999919249516,0.25000007877018204,0.25000000821512464
Sci/Tech,3537,2,0.24999996776318645,0.25000002119067277,0.25000009642368354,0.24999991462245733
Sci/Tech,3538,3,0.2499999363375513,0.2499999920402944,0.2500000355146615,0.25000003610749283
Sci/Tech,3539,3,0.24999992622172118,0.24999997615215747,0.2499999957406652,0.2500001018854561
Sci/Tech,3540,3,0.24999999262270522,0.2499999844391053,0.24999995878178913,0.2500000641564003
Sci/Tech,3541,2,0.24999994627243838,0.24999999631302317,0.250000039532851,0.25000001788168746
Sci/Tech,3542,3,0.24999986286455284,0.24999997764355475,0.2500000599806784,0.25000009951121394
Sci/Tech,3543,3,0.24999982298488388,0.24999996666540159,0.2500000629096389,0.2500001474400756
Sci/Tech,3544,0,0.2500000518910813,0.24999998845414315,0.2499999153366209,0.25000004431815465
Sci/Tech,3545,3,0.24999986111226224,0.24999997007997518,0.25000003837355045,0.25000013043421215
Sci/Tech,3546,2,0.24999991044825176,0.2500000074194641,0.25000010767151787,0.24999997446076622
Sci/Tech,3547,3,0.24999987659725595,0.24999998391162007,0.25000006624867116,0.2500000732424528
Sci/Tech,3548,2,0.24999996373441774,0.24999999675775103,0.25000002433170465,0.25000001517612663
Sci/Tech,3549,3,0.25000001127585775,0.24999999284357924,0.24999996740646677,0.25000002847409625
Sci/Tech,3550,2,0.24999993363099685,0.2499999936676079,0.25000004300344963,0.2500000296979457
Sci/Tech,3551,2,0.2499999912091677,0.25000001354253404,0.2500000503640364,0.24999994488426197
Sci/Tech,3552,3,0.24999991261486426,0.24999998259441092,0.25000002874947297,0.25000007604125185
Sci/Tech,3553,3,0.24999992206505925,0.24999998897188674,0.25000003951519467,0.25000004944785925
Sci/Tech,3554,3,0.24999993700295353,0.24999999011763763,0.2500000288561481,0.25000004402326087
Sci/Tech,3555,2,0.24999998932306883,0.25000001951936923,0.2500000703605362,0.2499999207970257
Sci/Tech,3556,2,0.24999995408669362,0.250000001143411,0.25000004702684075,0.24999999774305462
Sci/Tech,3557,2,0.2499999533554888,0.2500000012301079,0.25000004798164804,0.24999999743275528
Sci/Tech,3558,3,0.2499999235087754,0.24999998262273304,0.2500000183112587,0.2500000755572328
Sci/Tech,3559,2,0.2500000023589889,0.2500000017971826,0.2500000033307446,0.24999999251308386
Sci/Tech,3560,2,0.24999992016628156,0.24999999751696908,0.2500000678479762,0.2500000144687732
Sci/Tech,3561,3,0.2499999546653846,0.24999998987534958,0.25000001149550966,0.2500000439637562
Sci/Tech,3562,2,0.2499998932334073,0.24999999637249154,0.2500000897219295,0.2500000206721717
Sci/Tech,3563,2,0.24999995153396923,0.24999999718201607,0.25000003728642795,0.25000001399758676
Sci/Tech,3564,2,0.249999930508018,0.24999999882124807,0.25000006224255533,0.25000000842817865
Sci/Tech,3565,3,0.2499999610211737,0.24999999486644098,0.25000002068266297,0.25000002342972244
Sci/Tech,3566,0,0.25000003642555263,0.24999999741499637,0.24999995768731503,0.25000000847213594
Sci/Tech,3567,3,0.24999990853235693,0.24999997324311748,0.25000000345299905,0.25000011477152656
Sci/Tech,3568,2,0.25000000239511166,0.25000000165201475,0.2500000029200211,0.24999999303285245
Sci/Tech,3569,2,0.24999999185900718,0.2500000003108706,0.25000000862969685,0.24999999920042543
Sci/Tech,3570,2,0.24999994034329096,0.2500000091134774,0.25000008462258116,0.2499999659206504
Sci/Tech,3571,3,0.2499998950141884,0.24999997757907705,0.2500000297193872,0.2500000976873474
Sci/Tech,3572,3,0.24999990311956308,0.24999998794341174,0.25000005371943074,0.25000005521759444
Sci/Tech,3573,3,0.24999992318388564,0.2499999844339645,0.2500000240785423,0.2500000683036075
Sci/Tech,3574,3,0.24999991416050227,0.24999998063293233,0.2500000211328971,0.2500000840736683
Sci/Tech,3575,2,0.24999980044506973,0.2500000094341064,0.2500002175465244,0.2499999725742994
Sci/Tech,3576,2,0.24999983586029204,0.24999999804892017,0.25000014906224843,0.25000001702853947
Sci/Tech,3577,3,0.2500000190785851,0.24999997977720603,0.24999991958410417,0.2500000815601047
Sci/Tech,3578,2,0.24999995270601866,0.2500000114487617,0.2500000800627734,0.24999995578244627
Sci/Tech,3579,3,0.24999989997047628,0.24999998678386623,0.2500000534869457,0.2500000597587118
Sci/Tech,3580,3,0.24999993210338334,0.24999998498300907,0.25000001795537824,0.25000006495822935
Sci/Tech,3581,3,0.2499999952968002,0.24999999595650374,0.2499999920568066,0.2500000166898895
Sci/Tech,3582,2,0.24999991483394426,0.2499999997594537,0.2500000797229659,0.2500000056836361
Sci/Tech,3583,3,0.24999995547704051,0.2499999903045384,0.25000001181135695,0.2500000424070642
Sci/Tech,3584,3,0.24999987517621694,0.24999998149638417,0.25000006050767376,0.2500000828197252
Sci/Tech,3585,3,0.2500000066895612,0.2499999940370107,0.24999997574292135,0.2500000235305067
Sci/Tech,3586,2,0.24999988542641927,0.24999999758891292,0.2500001009871954,0.25000001599747246
Sci/Tech,3587,3,0.24999996560377077,0.24999998659605083,0.24999999096940695,0.2500000568307715
Sci/Tech,3588,2,0.24999990843530107,0.2499999982358333,0.25000008111041816,0.2500000122184475
Sci/Tech,3589,3,0.24999988412752813,0.24999996625383525,0.25000000460408006,0.2500001450145566
Sci/Tech,3590,3,0.24999992313773697,0.2499999891569297,0.2500000388873482,0.2500000488179852
Sci/Tech,3591,2,0.2499999905188148,0.25000000354341007,0.2500000201840017,0.24999998575377338
Sci/Tech,3592,3,0.24999990629066543,0.24999996564274718,0.2499999824809111,0.2500001455856763
Sci/Tech,3593,3,0.24999994790483063,0.24999998412623042,0.2500000003030356,0.2500000676659034
Sci/Tech,3594,3,0.24999992426216364,0.24999997641668337,0.24999999844073406,0.25000010088041885
Sci/Tech,3595,2,0.2499999638785857,0.25000000887336016,0.2500000611420497,0.2499999661060045
Sci/Tech,3596,2,0.24999992241603383,0.25000000551029855,0.2500000905709298,0.2499999815027378
Sci/Tech,3597,2,0.24999996687842013,0.24999999674966383,0.2500000213641977,0.25000001500771835
Sci/Tech,3598,2,0.24999992839978638,0.2499999966095987,0.2500000574868974,0.25000001750371753
Sci/Tech,3599,0,0.25000004011626265,0.2499999933107087,0.24999994149785668,0.25000002507517194
Sci/Tech,3600,2,0.24999992427927614,0.2499999977683884,0.2500000649445983,0.25000001300773717
Sci/Tech,3601,3,0.2499998298017818,0.2499999718782525,0.25000007328386575,0.2500001250361
Sci/Tech,3602,2,0.24999986014180017,0.24999998552344055,0.25000008608415886,0.2500000682506004
Sci/Tech,3603,2,0.24999990149410506,0.2499999882110377,0.25000005682986576,0.2500000534649915
Sci/Tech,3604,3,0.2499999328577907,0.2499999870905809,0.2500000234923868,0.25000005655924157
Sci/Tech,3605,3,0.24999994505765807,0.24999998264884857,0.2499999977979739,0.2500000744955195
Sci/Tech,3606,3,0.2499999546565287,0.2499999772775039,0.24999997265268747,0.25000009541327994
Sci/Tech,3607,3,0.24999992862320614,0.24999997573315044,0.24999999223154049,0.250000103412103
Sci/Tech,3608,2,0.24999983355295266,0.24999998613651964,0.2500001141802974,0.25000006613023024
Sci/Tech,3609,3,0.2499998738565313,0.2499999802053361,0.2500000582831667,0.2500000876549659
Sci/Tech,3610,2,0.24999993273127835,0.2500000015908271,0.25000006877818676,0.24999999689970784
Sci/Tech,3611,2,0.24999990298874564,0.24999999447347943,0.250000074485318,0.2500000280524569
Sci/Tech,3612,2,0.24999992062568382,0.2499999922168565,0.25000005083852495,0.25000003631893464
Sci/Tech,3613,2,0.24999996508867744,0.2500000272405992,0.2500001171804296,0.2499998904902937
Sci/Tech,3614,2,0.24999991508443883,0.2500000104714377,0.25000011238749775,0.24999996205662575
Sci/Tech,3615,3,0.24999996294320292,0.24999999137158094,0.2500000083210733,0.2500000373641429
Sci/Tech,3616,2,0.24999997723171638,0.2500000001410337,0.2500000220726321,0.2500000005546179
Sci/Tech,3617,2,0.2499999392477043,0.24999999460910544,0.25000004078450166,0.2500000253586886
Sci/Tech,3618,2,0.24999998056806377,0.2500000022816615,0.25000002546561023,0.24999999168466447
Sci/Tech,3619,2,0.24999982222285214,0.24999999487336189,0.25000015221714195,0.25000003068664406
Sci/Tech,3620,2,0.24999985775148392,0.24999998939654478,0.25000010140348217,0.25000005144848925
Sci/Tech,3621,3,0.2499999650772291,0.2499999942498036,0.25000001529067084,0.2500000253822965
Sci/Tech,3622,2,0.24999989228043784,0.24999999063986464,0.25000007244681777,0.2500000446328798
Sci/Tech,3623,3,0.25000000026254854,0.24999999773310203,0.2499999926978116,0.2500000093065379
Sci/Tech,3624,3,0.2499999394091675,0.24999999096378045,0.25000002934455423,0.25000004028249784
Sci/Tech,3625,3,0.2499999634024113,0.24999998696866238,0.2499999943455756,0.25000005528335073
Sci/Tech,3626,2,0.2499999288085093,0.2500000410338232,0.2500001943768244,0.24999983578084312
Sci/Tech,3627,2,0.24999983339374499,0.2499999808470841,0.25000009815262986,0.250000087606541
Sci/Tech,3628,3,0.24999996676769828,0.24999998715014904,0.24999999170107173,0.25000005438108086
Sci/Tech,3629,2,0.24999998042231905,0.25000000891792273,0.2500000458955096,0.24999996476424866
Sci/Tech,3630,2,0.24999993267207685,0.2499999976294117,0.2500000558215424,0.2500000138769691
Sci/Tech,3631,3,0.24999993032889622,0.24999998878439034,0.2500000309226799,0.2500000499640335
Sci/Tech,3632,2,0.24999992373900398,0.2500000267715237,0.2500001546503702,0.24999989483910207
Sci/Tech,3633,2,0.24999995061955474,0.2499999963264526,0.25000003523776404,0.25000001781622866
Sci/Tech,3634,3,0.24999996923529633,0.24999999198874648,0.25000000437051434,0.2500000344054428
Sci/Tech,3635,3,0.2499998527638877,0.24999997646544048,0.2500000651745668,0.25000010559610486
Sci/Tech,3636,2,0.24999999698743833,0.25000000397562433,0.25000001498174507,0.24999998405519228
Sci/Tech,3637,3,0.24999990173851264,0.24999998740328264,0.25000005387619617,0.2500000569820085
Sci/Tech,3638,2,0.24999987698794343,0.2500000111558362,0.25000015030964684,0.24999996154657353
Sci/Tech,3639,2,0.2499999470862741,0.24999999967823539,0.25000004904713663,0.25000000418835383
Sci/Tech,3640,3,0.2499999515562103,0.2499999848521011,0.24999999897334924,0.2500000646183393
Sci/Tech,3641,3,0.24999999450362692,0.24999999898129527,0.2500000020317336,0.2500000044833442
Sci/Tech,3642,3,0.2499998525272577,0.24999996686016207,0.25000003638622953,0.25000014422635064
Sci/Tech,3643,3,0.24999998384539496,0.24999998269544024,0.24999996174169567,0.2500000717174691
Sci/Tech,3644,2,0.24999993579547897,0.24999999221796884,0.2500000365697275,0.25000003541682464
Sci/Tech,3645,2,0.24999999471068218,0.2500000032090164,0.25000001486172446,0.24999998721857697
Sci/Tech,3646,2,0.2499999362372562,0.24999999730704356,0.25000005178738127,0.2500000146683189
Sci/Tech,3647,3,0.24999987036785398,0.24999997220731682,0.2500000356115775,0.25000012181325165
Sci/Tech,3648,2,0.24999986965760468,0.24999999618598495,0.2500001100527487,0.2500000241036617
Sci/Tech,3649,2,0.24999999048197066,0.24999999879267099,0.2500000053872967,0.25000000533806155
Sci/Tech,3650,3,0.2499998473896189,0.24999996467530028,0.25000003466940973,0.2500001532656711
Sci/Tech,3651,2,0.24999989942088402,0.2500000098986635,0.25000012486659473,0.2499999658138577
Sci/Tech,3652,2,0.2499998952429378,0.2499999929932347,0.25000007710435873,0.25000003465946874
Sci/Tech,3653,3,0.24999996166315236,0.24999998494488931,0.24999998975865753,0.25000006363330074
Sci/Tech,3654,3,0.24999992521084946,0.24999998910825186,0.2500000369291845,0.250000048751714
Sci/Tech,3655,3,0.24999991093349386,0.24999998396474135,0.2500000341920349,0.25000007090972987
Sci/Tech,3656,2,0.2499998937743187,0.24999999632262543,0.25000008783904737,0.2500000220640085
Sci/Tech,3657,3,0.24999990433821836,0.2499999766974555,0.2500000180629034,0.2500001009014227
Sci/Tech,3658,3,0.249999961183256,0.24999999037663936,0.250000007077129,0.2500000413629757
Sci/Tech,3659,0,0.25000000357421426,0.2500000006054795,0.24999999861018218,0.24999999721012403
Sci/Tech,3660,2,0.24999999032231887,0.24999999916186888,0.25000000655844273,0.25000000395736954
Sci/Tech,3661,3,0.2499998960915385,0.24999998636391638,0.2500000558649108,0.2500000616796343
Sci/Tech,3662,3,0.24999995790653148,0.24999999300597578,0.25000001820406814,0.2500000308834246
Sci/Tech,3663,2,0.2499999692090568,0.24999999632519299,0.25000001776352704,0.25000001670222316
Sci/Tech,3664,0,0.2500000213810508,0.24999999667324618,0.24999996966404928,0.25000001228165375
Sci/Tech,3665,2,0.24999994661954442,0.24999999364358022,0.2500000310742567,0.25000002866261867
Sci/Tech,3666,2,0.24999999717780733,0.250000010987983,0.250000037212332,0.2499999546218776
Sci/Tech,3667,2,0.2499999594916324,0.25000000669429695,0.2500000588407532,0.24999997497331744
Sci/Tech,3668,2,0.24999992784391228,0.2500000030988905,0.25000007786803197,0.24999999118916524
Sci/Tech,3669,3,0.2499999574755782,0.24999998733526493,0.25000000094703184,0.25000005424212507
Sci/Tech,3670,3,0.24999991259106372,0.24999998462565381,0.2500000346043091,0.2500000681789733
Sci/Tech,3671,3,0.24999989543906664,0.24999998306033813,0.25000004631626005,0.2500000751843352
Sci/Tech,3672,3,0.249999910525686,0.2499999781250832,0.25000001701123903,0.25000009433799175
Sci/Tech,3673,2,0.24999990707839614,0.24999999086702163,0.25000005933337127,0.25000004272121096
Sci/Tech,3674,3,0.2499998730075913,0.2499999735445775,0.2500000378652744,0.25000011558255675
Sci/Tech,3675,3,0.2499999349953935,0.24999999088855718,0.25000003317113206,0.25000004094491723
Sci/Tech,3676,2,0.24999994219529303,0.24999999470537249,0.25000003821806144,0.2500000248812731
Sci/Tech,3677,3,0.24999994959271316,0.24999999193363728,0.2500000227507792,0.25000003572287033
Sci/Tech,3678,0,0.25000011872571204,0.24999998703962129,0.24999984804379766,0.250000046190869
Sci/Tech,3679,2,0.24999998387491926,0.2500000019343472,0.25000002108016506,0.24999999311056845
Sci/Tech,3680,2,0.24999996309181038,0.2499999960177699,0.25000002232131163,0.2500000185691081
Sci/Tech,3681,2,0.2499999731834635,0.24999999901323167,0.25000002237703733,0.25000000542626744
Sci/Tech,3682,3,0.24999995630850638,0.24999999172388082,0.25000001558891743,0.2500000363786954
Sci/Tech,3683,2,0.25000000506289927,0.2500000077082151,0.2500000190882853,0.24999996814060021
Sci/Tech,3684,2,0.24999998932896267,0.2500000062623175,0.25000002945014227,0.24999997495857756
Sci/Tech,3685,2,0.24999992551015976,0.2499999912179061,0.2500000434122585,0.25000003985967567
Sci/Tech,3686,3,0.24999994803776168,0.24999997576929586,0.24999997417868025,0.25000010201426226
Sci/Tech,3687,3,0.24999992753190667,0.24999998584089558,0.2500000247886919,0.250000061838506
Sci/Tech,3688,2,0.24999996230390667,0.24999999683467414,0.25000002600638604,0.2500000148550332
Sci/Tech,3689,2,0.24999995220931107,0.2500000062896706,0.2500000646607108,0.24999997684030753
Sci/Tech,3690,2,0.2499999770888488,0.2500000001698991,0.25000002214634176,0.25000000059491045
Sci/Tech,3691,3,0.25000001390539867,0.24999999580480572,0.24999997397915147,0.2500000163106441
Sci/Tech,3692,0,0.2500000339382695,0.2499999956962287,0.24999995469712977,0.2500000156683721
Sci/Tech,3693,2,0.24999990573408457,0.24999999908020876,0.25000008668497775,0.2500000085007289
Sci/Tech,3694,2,0.24999987501071794,0.24999999675758028,0.25000010786325355,0.2500000203684482
Sci/Tech,3695,3,0.24999997395414042,0.24999999309753737,0.25000000297845093,0.2500000299698713
Sci/Tech,3696,2,0.24999986276448483,0.24999998875249113,0.2500000947874898,0.2500000536955342
Sci/Tech,3697,3,0.24999993165896353,0.2499999776122897,0.24999999502020098,0.25000009570854576
Sci/Tech,3698,3,0.24999989215752727,0.24999998105381283,0.2500000429353523,0.25000008385330763
Sci/Tech,3699,2,0.2499998706196821,0.250000002542882,0.25000013012265737,0.24999999671477846
Sci/Tech,3700,3,0.2499999397409818,0.2499999917810683,0.25000003159776213,0.25000003688018774
Sci/Tech,3701,3,0.24999998670285759,0.24999999803440845,0.2500000064230212,0.2500000088397127
Sci/Tech,3702,2,0.24999995042339668,0.25000003125004006,0.2500001432907178,0.24999987503584545
Sci/Tech,3703,3,0.2499999839300112,0.24999999797881392,0.25000000890382584,0.2500000091873491
Sci/Tech,3704,3,0.24999996324555976,0.24999998281887845,0.24999998159291983,0.25000007234264204
Sci/Tech,3705,2,0.24999995578651163,0.2500000142729279,0.25000008595111683,0.24999994398944364
Sci/Tech,3706,2,0.2499999084665744,0.2499999927434871,0.2500000637571892,0.25000003503274915
Sci/Tech,3707,3,0.24999994696625663,0.24999998521771563,0.25000000424594165,0.25000006357008603
Sci/Tech,3708,3,0.24999999570710377,0.2499999880678684,0.24999996715634606,0.2500000490686818
Sci/Tech,3709,3,0.24999991033030525,0.2499999802904005,0.25000002320025955,0.25000008617903474
Sci/Tech,3710,3,0.24999996283683826,0.24999998431427525,0.2499999864094257,0.2500000664394608
Sci/Tech,3711,3,0.24999981438878202,0.2499999707692527,0.2500000848892731,0.2500001299526922
Sci/Tech,3712,3,0.249999993815249,0.24999999136748188,0.2499999791585957,0.25000003565867346
Sci/Tech,3713,3,0.24999995963960428,0.24999998178526295,0.24999998170190219,0.2500000768732306
Sci/Tech,3714,2,0.24999989319337612,0.2500000038161412,0.25000011274753453,0.24999999024294822
Sci/Tech,3715,3,0.2500000080567009,0.24999999721096652,0.2499999837187371,0.2500000110135955
Sci/Tech,3716,2,0.24999992749244132,0.2500000199046467,0.25000012967949803,0.2499999229234139
Sci/Tech,3717,2,0.24999987089915382,0.24999999820468105,0.25000011633792224,0.2500000145582428
Sci/Tech,3718,0,0.2500000593034232,0.24999999479412083,0.2499999280399493,0.25000001786250653
Sci/Tech,3719,3,0.24999986261933477,0.2499999749669431,0.25000005255393887,0.25000010985978327
Sci/Tech,3720,2,0.24999998221400793,0.2500000152985411,0.2500000642527501,0.2499999382347008
Sci/Tech,3721,2,0.24999986255471482,0.24999998350242883,0.25000007880368796,0.2500000751391684
Sci/Tech,3722,3,0.24999994944268866,0.24999999276207924,0.25000002549218475,0.2500000323030473
Sci/Tech,3723,3,0.24999991832226678,0.24999998889320507,0.2500000427127599,0.25000005007176823
Sci/Tech,3724,2,0.24999987162228213,0.2500000107212014,0.2500001544386954,0.24999996321782106
Sci/Tech,3725,2,0.2499999377466143,0.25000000022464663,0.250000059561447,0.2500000024672921
Sci/Tech,3726,2,0.2499999410883187,0.24999999988232474,0.25000005490988453,0.2500000041194721
Sci/Tech,3727,0,0.25000002141868843,0.2500000120645409,0.2500000174556125,0.24999994906115802
Sci/Tech,3728,2,0.24999988695832132,0.24999999122456726,0.2500000795322539,0.25000004228485756
Sci/Tech,3729,2,0.24999998878955948,0.2500000027992285,0.25000001926428217,0.24999998914692992
Sci/Tech,3730,0,0.2500000223953192,0.2499999965592526,0.24999996816884823,0.25000001287657997
Sci/Tech,3731,2,0.24999996072045338,0.2500000194074779,0.25000009760747055,0.2499999222645982
Sci/Tech,3732,2,0.2499998965182578,0.2500000131237849,0.25000013867913434,0.249999951678823
Sci/Tech,3733,2,0.24999995285997084,0.2500000005475835,0.25000004624025723,0.2500000003521885
Sci/Tech,3734,3,0.2499999163058282,0.24999997410086064,0.24999999875152723,0.25000011084178386
Sci/Tech,3735,2,0.24999995684343307,0.25000000110964066,0.2500000442130293,0.24999999783389706
Sci/Tech,3736,2,0.24999991955935855,0.2499999940538409,0.2500000575167188,0.2500000288700818
Sci/Tech,3737,2,0.24999995006953143,0.2499999953730966,0.25000003282310684,0.2500000217342651
Sci/Tech,3738,2,0.2499998855210213,0.24999999106098253,0.2500000803511635,0.2500000430668327
Sci/Tech,3739,3,0.24999993506495122,0.2499999685135423,0.2499999639504906,0.2500001324710159
Sci/Tech,3740,2,0.24999998390525704,0.24999999914247173,0.2500000124754698,0.2500000044768013
Sci/Tech,3741,2,0.24999992985721628,0.24999999233985815,0.2500000426038998,0.25000003519902575
Sci/Tech,3742,3,0.24999998730015702,0.24999999270246587,0.24999998955137653,0.25000003044600055
Sci/Tech,3743,2,0.24999994758762356,0.24999999707655843,0.25000004081757765,0.25000001451824033
Sci/Tech,3744,2,0.24999998522855224,0.24999999846337578,0.2500000094720308,0.2500000068360411
Sci/Tech,3745,3,0.24999993392326395,0.24999998797086134,0.25000002512605873,0.25000005297981603
Sci/Tech,3746,3,0.2499999197704144,0.24999998536185206,0.2500000305825692,0.25000006428516436
Sci/Tech,3747,3,0.2499998877033335,0.24999997998239948,0.25000004315519236,0.2500000891590747
Sci/Tech,3748,0,0.2500000479775883,0.2500000058842035,0.24999997316114614,0.24999997297706203
Sci/Tech,3749,2,0.24999994440442577,0.25000000743934736,0.2500000756412969,0.24999997251492992
Sci/Tech,3750,2,0.25000000519647764,0.2500000099926292,0.2500000262328006,0.2499999585780925
Sci/Tech,3751,2,0.24999988194443565,0.24999998867015366,0.25000007626795306,0.2500000531174576
Sci/Tech,3752,3,0.25000000111122705,0.24999999693689526,0.24999998931264894,0.2500000126392288
Sci/Tech,3753,2,0.24999990003860867,0.24999999563673933,0.25000008126952333,0.2500000230551287
Sci/Tech,3754,3,0.24999994803915768,0.2499999881771554,0.25000001264613,0.25000005113755697
Sci/Tech,3755,3,0.24999995279679246,0.24999998749682487,0.2500000058577686,0.250000053848614
Sci/Tech,3756,3,0.24999996080202383,0.24999999377617083,0.2500000179746208,0.25000002744718447
Sci/Tech,3757,2,0.24999994734868114,0.2499999996748526,0.2500000491916089,0.25000000378485737
Sci/Tech,3758,2,0.24999993076375873,0.2499999923175981,0.25000004183860597,0.2500000350800372
Sci/Tech,3759,3,0.24999996135191796,0.2499999856035232,0.24999999198521752,0.2500000610593413
Sci/Tech,3760,3,0.249999978711019,0.24999999585407745,0.2500000069659054,0.2500000184689981
Sci/Tech,3761,3,0.24999992844759328,0.2499999721436288,0.24999998055900402,0.2500001188497739
Sci/Tech,3762,2,0.24999994468200207,0.2499999941326845,0.25000003401808046,0.25000002716723296
Sci/Tech,3763,2,0.24999999863466138,0.25000000442420817,0.25000001496043023,0.24999998198070025
Sci/Tech,3764,2,0.24999989618765509,0.24999998763816889,0.2500000598443191,0.250000056329857
Sci/Tech,3765,2,0.24999992162555426,0.2500000016276221,0.2500000793044985,0.24999999744232512
Sci/Tech,3766,0,0.2500000274726893,0.2499999976923706,0.24999996703176527,0.25000000780317483
Sci/Tech,3767,3,0.2499999818719317,0.24999999351991903,0.24999999713131857,0.2500000274768307
Sci/Tech,3768,3,0.24999989819132812,0.24999998428429515,0.25000004632032335,0.25000007120405343
Sci/Tech,3769,3,0.24999986905415703,0.24999998157126538,0.2500000664578171,0.2500000829167604
Sci/Tech,3770,2,0.2499998557354641,0.25000001378518605,0.2500001782155144,0.24999995226383542
Sci/Tech,3771,2,0.2499999483426585,0.24999999565850525,0.25000003570064777,0.2500000202981885
Sci/Tech,3772,2,0.2499999804088517,0.250000026846782,0.25000010169773534,0.24999989104663092
Sci/Tech,3773,0,0.25000000708100023,0.25000000145306484,0.2499999979910584,0.2499999934748765
Sci/Tech,3774,3,0.250000011121074,0.2499999948541406,0.24999997358321005,0.2500000204415753
Sci/Tech,3775,3,0.24999993974443066,0.24999998160432654,0.2500000000359097,0.250000078615333
Sci/Tech,3776,2,0.24999995051304538,0.2500000047173477,0.2500000616756037,0.24999998309400326
Sci/Tech,3777,3,0.24999985602383126,0.24999998033884785,0.2500000754144223,0.25000008822289854
Sci/Tech,3778,3,0.25000005286703925,0.24999995458895355,0.24999980892807258,0.2500001836159345
Sci/Tech,3779,3,0.24999997364374527,0.2499999921810622,0.2500000008021336,0.2500000333730589
Sci/Tech,3780,3,0.24999996646145223,0.24999998131511908,0.24999997357372108,0.2500000786497076
Sci/Tech,3781,2,0.24999997938119953,0.25000001113612746,0.2500000541777163,0.24999995530495678
Sci/Tech,3782,3,0.24999998833316683,0.24999997992197948,0.24999994865744357,0.25000008308741006
Sci/Tech,3783,3,0.2499999880172518,0.2499999954225721,0.24999999718026325,0.25000001937991284
Sci/Tech,3784,2,0.24999995886912502,0.25000000468272193,0.2500000537269618,0.24999998272119126
Sci/Tech,3785,2,0.24999992835199758,0.2500000020621998,0.25000007415435566,0.249999995431447
Sci/Tech,3786,3,0.24999995022233493,0.2499999834415086,0.24999999557462552,0.25000007076153097
Sci/Tech,3787,3,0.24999990772025302,0.24999997633425167,0.2500000137115586,0.25000010223393676
Sci/Tech,3788,3,0.24999998317746455,0.24999999487814611,0.24999999989561106,0.25000002204877825
Sci/Tech,3789,2,0.24999995262613914,0.24999999946335522,0.25000004319102964,0.250000004719476
Sci/Tech,3790,3,0.24999995415941215,0.24999998456195943,0.24999999550686622,0.2500000657717622
Sci/Tech,3791,2,0.24999994977798376,0.24999999907439574,0.25000004447508645,0.2500000066725341
Sci/Tech,3792,3,0.24999992514590633,0.24999998981668223,0.2500000392582436,0.25000004577916785
Sci/Tech,3793,3,0.24999995929513494,0.24999999161890152,0.25000001252670606,0.25000003655925745
Sci/Tech,3794,3,0.24999993069493337,0.2499999894966501,0.2500000329046008,0.2500000469038157
Sci/Tech,3795,0,0.2500000018980952,0.2499999995019072,0.2499999968192185,0.2500000017807791
Sci/Tech,3796,0,0.25000005961714544,0.24999999775897794,0.24999993701285406,0.25000000561102254
Sci/Tech,3797,2,0.24999991378025946,0.24999999219005867,0.2500000565702827,0.2500000374593992
Sci/Tech,3798,2,0.24999993041080504,0.25000000418949236,0.25000007881173053,0.24999998658797207
Sci/Tech,3799,3,0.24999988913036683,0.24999997990923134,0.2500000424427862,0.2500000885176157
Sci/Tech,3800,2,0.24999993290061892,0.2499999963841033,0.2500000518580073,0.2500000188572705
Sci/Tech,3801,2,0.24999991315220552,0.2499999933760878,0.2500000617394694,0.2500000317322373
Sci/Tech,3802,0,0.2500000286484996,0.25000000847550957,0.24999999934370254,0.24999996353228843
Sci/Tech,3803,3,0.24999988469921897,0.24999998214553137,0.2500000533781327,0.250000079777117
Sci/Tech,3804,0,0.2500000321897411,0.25000000021048824,0.24999997054112863,0.24999999705864204
Sci/Tech,3805,2,0.24999994430833247,0.24999999444429583,0.2500000354972636,0.2500000257501081
Sci/Tech,3806,2,0.24999995352897617,0.24999999704443862,0.25000003491597705,0.2500000145106082
Sci/Tech,3807,3,0.24999991650735406,0.24999998788735275,0.2500000414439264,0.2500000541613667
Sci/Tech,3808,3,0.24999989630350006,0.24999997862403484,0.2500000310077498,0.2500000940647153
Sci/Tech,3809,2,0.24999990272792627,0.24999999147831092,0.2500000654930237,0.2500000403007391
Sci/Tech,3810,2,0.24999995639470562,0.25000000400376027,0.25000005376197637,0.2499999858395577
Sci/Tech,3811,2,0.24999992068887875,0.24999999726640196,0.25000006669107716,0.25000001535364214
Sci/Tech,3812,3,0.24999988076193905,0.2499999827243151,0.2500000585625151,0.2500000779512308
Sci/Tech,3813,3,0.2499999699237877,0.2499999844777996,0.24999998033908744,0.2500000652593252
Sci/Tech,3814,3,0.24999993965247128,0.2499999865026094,0.2500000152196787,0.25000005862524066
Sci/Tech,3815,0,0.25000001998854876,0.24999999674043832,0.24999997151409956,0.2500000117569133
Sci/Tech,3816,3,0.24999995810315936,0.24999999282195814,0.25000001730490956,0.25000003176997304
Sci/Tech,3817,0,0.25000001540111416,0.24999999869045214,0.2499999814610232,0.2500000044474105
Sci/Tech,3818,2,0.2499999363919065,0.2500000252012303,0.2500001375604096,0.2499999008464535
Sci/Tech,3819,2,0.24999990181187828,0.25000000214838547,0.25000009943038237,0.24999999660935385
Sci/Tech,3820,3,0.2499999423878318,0.24999999127263864,0.2500000271933099,0.2500000391462196
Sci/Tech,3821,3,0.24999992072419214,0.24999998212068514,0.25000001947563233,0.2500000776794904
Sci/Tech,3822,2,0.24999994320061278,0.24999999825499525,0.2500000485763759,0.25000000996801597
Sci/Tech,3823,2,0.24999996393353838,0.2500000270109832,0.25000011755315105,0.24999989150232732
Sci/Tech,3824,0,0.2500000563452759,0.24999999304594503,0.249999925474021,0.25000002513475805
Sci/Tech,3825,3,0.24999998728350434,0.24999999491109604,0.24999999637902692,0.25000002142637273
Sci/Tech,3826,3,0.2499999385777033,0.24999998947453922,0.2500000255075402,0.2500000464402173
Sci/Tech,3827,2,0.249999845210603,0.24999999665554895,0.250000136221533,0.25000002191231513
Sci/Tech,3828,3,0.24999998741265325,0.24999997360613946,0.24999993011957844,0.2500001088616288
Sci/Tech,3829,0,0.2500000362327976,0.2500000021762761,0.24999997230871182,0.24999998928221454
Sci/Tech,3830,3,0.24999981940825533,0.24999996849891123,0.2500000727007046,0.2500001393921289
Sci/Tech,3831,3,0.24999992038749216,0.2499999868978919,0.2500000346087034,0.25000005810591247
Sci/Tech,3832,2,0.24999998583169178,0.2500000140531142,0.2500000568977042,0.24999994321748978
Sci/Tech,3833,0,0.2500000161643555,0.2500000004170461,0.2499999862607812,0.2499999971578172
Sci/Tech,3834,3,0.24999993458931466,0.2499999885579786,0.25000002632693236,0.2500000505257744
Sci/Tech,3835,3,0.2499999835718689,0.2499999939893213,0.24999999710710472,0.25000002533170507
Sci/Tech,3836,2,0.2499999266495205,0.25000000959195523,0.2500000988747347,0.24999996488378962
Sci/Tech,3837,0,0.25000000402104233,0.250000000507906,0.24999999793120045,0.24999999753985128
Sci/Tech,3838,2,0.24999986962465492,0.25000003779458735,0.2500002396711201,0.2499998529096376
Sci/Tech,3839,0,0.25000001304909614,0.2500000044701706,0.25000000124853317,0.24999998123220005
Sci/Tech,3840,2,0.24999994456952382,0.25000000051354726,0.250000054072977,0.25000000084395196
Sci/Tech,3841,3,0.24999989186275315,0.24999997861274809,0.2500000354137537,0.25000009411074503
Sci/Tech,3842,3,0.24999991634154808,0.24999998269172283,0.25000002515286335,0.2500000758138657
Sci/Tech,3843,2,0.25000001030331254,0.2500000461278557,0.2500001323965838,0.24999981117224804
Sci/Tech,3844,2,0.24999998691121264,0.2499999988640374,0.25000000879824447,0.2500000054265056
Sci/Tech,3845,2,0.24999996297808197,0.2500000019363314,0.25000004104694806,0.2499999940386385
Sci/Tech,3846,2,0.24999995322233923,0.25000000963347857,0.2500000743181302,0.24999996282605205
Sci/Tech,3847,3,0.2499998801254363,0.24999997056052078,0.25000002143550276,0.25000012787854015
Sci/Tech,3848,2,0.24999996706069405,0.2500000113982653,0.25000006637651945,0.24999995516452128
Sci/Tech,3849,2,0.24999992743998076,0.2500000231362516,0.2500001396479888,0.24999990977577893
Sci/Tech,3850,3,0.24999988656467448,0.2499999803709509,0.2500000461246332,0.2500000869397414
Sci/Tech,3851,3,0.2499998836451681,0.2499999753926073,0.25000003355345046,0.2500001074087742
Sci/Tech,3852,3,0.24999998544302024,0.2499999948082427,0.24999999769149675,0.25000002205724037
Sci/Tech,3853,3,0.24999999300098982,0.2499999950088253,0.24999999117927693,0.25000002081090794
Sci/Tech,3854,3,0.2499998994496518,0.24999997794368484,0.2500000269521166,0.2500000956545467
Sci/Tech,3855,2,0.24999995384225168,0.2499999946744117,0.2500000271113774,0.2500000243719592
Sci/Tech,3856,0,0.2500000638169129,0.24999998472260093,0.2499998924216283,0.25000005903885786
Sci/Tech,3857,3,0.2499999188110516,0.24999998727520342,0.2500000373300326,0.2500000565837123
Sci/Tech,3858,2,0.24999988146908178,0.24999999088930502,0.250000084200163,0.25000004344145016
Sci/Tech,3859,2,0.2499999464292198,0.24999999720110025,0.250000042000035,0.250000014369645
Sci/Tech,3860,2,0.24999994138776302,0.2500000029782693,0.25000006455938834,0.2499999910745793
Sci/Tech,3861,2,0.24999991142264863,0.2500000199779638,0.25000014553485056,0.24999992306453708
Sci/Tech,3862,2,0.24999992338047827,0.25000003782313795,0.2500001893042205,0.24999984949216328
Sci/Tech,3863,3,0.24999990373993483,0.24999998104148047,0.2500000323955823,0.2500000828230024
Sci/Tech,3864,3,0.24999987509112384,0.2499999820725921,0.25000006178764084,0.25000008104864324
Sci/Tech,3865,3,0.2499998877687243,0.24999997909494862,0.25000004118260644,0.2500000919537207
Sci/Tech,3866,3,0.24999998552414604,0.24999999715740598,0.25000000490178786,0.2500000124166601
Sci/Tech,3867,2,0.24999999317303842,0.25000002944790684,0.250000097807596,0.2499998795714587
Sci/Tech,3868,3,0.24999992333150708,0.2499999855863677,0.25000002780115416,0.2500000632809711
Sci/Tech,3869,3,0.24999993750671543,0.24999999200022574,0.25000003414204014,0.25000003635101875
Sci/Tech,3870,3,0.2499998642604507,0.2499999757325654,0.25000005256633906,0.2500001074406448
Sci/Tech,3871,0,0.25000000578049986,0.25000000060698757,0.24999999629404818,0.24999999731846437
Sci/Tech,3872,2,0.24999990933222996,0.24999999096059444,0.2500000575770075,0.2500000421301681
Sci/Tech,3873,2,0.25000000727184396,0.2500000075027079,0.2500000161172018,0.24999996910824634
Sci/Tech,3874,2,0.2499999586204393,0.25000001364592717,0.2500000816190455,0.24999994611458798
Sci/Tech,3875,2,0.24999989193392516,0.24999999214479876,0.25000007770180144,0.25000003821947464
Sci/Tech,3876,3,0.24999999307474655,0.24999998653259514,0.24999996497214164,0.2500000554205167
Sci/Tech,3877,2,0.24999988843163823,0.2499999904210725,0.25000007614223346,0.25000004500505585
Sci/Tech,3878,3,0.2499999608785118,0.2499999820761576,0.24999998154745753,0.25000007549787306
Sci/Tech,3879,3,0.2499999492097874,0.24999999068675535,0.25000001896002966,0.2500000411434276
Sci/Tech,3880,3,0.24999992756992384,0.2499999838893963,0.25000001849507414,0.2500000700456057
Sci/Tech,3881,2,0.24999994577832818,0.2499999946607579,0.2500000346321852,0.2500000249287287
Sci/Tech,3882,2,0.2499999905043541,0.24999999991201677,0.2500000087361851,0.25000000084744406
Sci/Tech,3883,2,0.24999997441963434,0.2500000039269177,0.25000003635603474,0.24999998529741316
Sci/Tech,3884,2,0.24999988083763058,0.24999998780768537,0.25000007442909306,0.250000056925591
Sci/Tech,3885,0,0.25000007504508126,0.24999999726276448,0.24999992096347845,0.2500000067286758
Sci/Tech,3886,3,0.24999993930195794,0.24999997500594712,0.2499999799066745,0.25000010578542037
Sci/Tech,3887,2,0.24999993229585568,0.24999999383548513,0.250000044789886,0.2500000290787732
Sci/Tech,3888,0,0.2500000120433308,0.25000000626872765,0.2500000082745864,0.24999997341335511
Sci/Tech,3889,3,0.24999996423197246,0.24999998188714304,0.2499999776189873,0.25000007626189724
Sci/Tech,3890,2,0.24999995759949353,0.24999999612759588,0.2500000280216843,0.2500000182512263
Sci/Tech,3891,3,0.25000000760052105,0.24999999299895379,0.24999997091535126,0.2500000284851739
Sci/Tech,3892,3,0.2499999520400956,0.2499999867262341,0.2500000040708258,0.2500000571628444
Sci/Tech,3893,3,0.2499999231105997,0.24999996841757882,0.2499999745981442,0.2500001338736772
Sci/Tech,3894,2,0.24999991568925162,0.2499999909079889,0.2500000515469325,0.2500000418558269
Sci/Tech,3895,2,0.2499999283165519,0.24999999866995404,0.25000006335167235,0.2500000096618217
Sci/Tech,3896,3,0.2499999332473129,0.24999998047685543,0.25000000252540344,0.25000008375042815
Sci/Tech,3897,3,0.2500000387222502,0.24999998695560524,0.24999992341859464,0.2500000509035499
Sci/Tech,3898,2,0.2499998173492904,0.24999999156999841,0.2500001463838062,0.250000044696905
Sci/Tech,3899,2,0.249999904710725,0.2499999974591869,0.25000008222686215,0.250000015603226
Sci/Tech,3900,3,0.24999991224445794,0.2499999859200461,0.2500000389302063,0.2500000629052897
Sci/Tech,3901,2,0.24999995904876482,0.2499999980329549,0.2500000327766819,0.25000001014159834
Sci/Tech,3902,3,0.24999994943355097,0.24999999170161907,0.25000002204147587,0.25000003682335414
Sci/Tech,3903,3,0.24999988210260918,0.24999998035012105,0.2500000502394965,0.2500000873077732
Sci/Tech,3904,3,0.2499998545130011,0.24999997484186634,0.2500000593941939,0.25000011125093863
Sci/Tech,3905,3,0.249999818901143,0.2499999585434668,0.2500000417544342,0.25000018080095604
Sci/Tech,3906,2,0.24999992540874882,0.24999999437902162,0.25000005308855183,0.25000002712367775
Sci/Tech,3907,2,0.2499999985426533,0.25000000945657425,0.25000003077516125,0.24999996122561122
Sci/Tech,3908,2,0.24999993911099994,0.25000000172821235,0.2500000628458217,0.24999999631496606
Sci/Tech,3909,3,0.24999998285304592,0.2499999941073681,0.24999999787830493,0.2500000251612811
Sci/Tech,3910,3,0.24999992659071898,0.24999998638072093,0.2500000271350196,0.25000005989354046
Sci/Tech,3911,2,0.24999998088551953,0.25000000965590025,0.25000004799663084,0.24999996146194942
Sci/Tech,3912,3,0.24999994867619613,0.2499999933486134,0.25000002797998805,0.25000002999520243
Sci/Tech,3913,2,0.24999993456641437,0.24999999296239536,0.25000004037038903,0.25000003210080124
Sci/Tech,3914,0,0.2500000206068545,0.24999999919083238,0.24999997811083965,0.2500000020914735
Sci/Tech,3915,2,0.2499999283225799,0.2499999913772399,0.2500000408667396,0.2500000394334406
Sci/Tech,3916,3,0.2499998668018997,0.24999997678129543,0.250000053781737,0.2500001026350679
Sci/Tech,3917,3,0.24999993243293261,0.24999998698893233,0.25000002370110014,0.2500000568770349
Sci/Tech,3918,0,0.25000002519389625,0.25000000283224405,0.24999998504840887,0.24999998692545086
Sci/Tech,3919,0,0.25000002429820434,0.2499999953028579,0.24999996259706403,0.25000001780187375
Sci/Tech,3920,3,0.24999994563884975,0.24999998690471134,0.25000001102486924,0.2500000564315697
Sci/Tech,3921,2,0.24999995688257265,0.25000004078356164,0.2500001668375255,0.24999983549634014
Sci/Tech,3922,2,0.24999984308618162,0.24999998551761066,0.2500001033130212,0.25000006808318653
Sci/Tech,3923,2,0.24999997163034027,0.25000000376882187,0.2500000385177067,0.24999998608313118
Sci/Tech,3924,3,0.24999996696384455,0.2499999953084032,0.2500000170574289,0.2500000206703233
Sci/Tech,3925,3,0.24999996597430837,0.24999998271964038,0.2499999784750693,0.2500000728309819
Sci/Tech,3926,3,0.24999995661787358,0.24999999096805525,0.2500000130401446,0.25000003937392656
Sci/Tech,3927,0,0.25000002784074454,0.2499999931962402,0.24999995274415887,0.2500000262188564
Sci/Tech,3928,3,0.2500000073462535,0.24999998932658157,0.2499999602807644,0.25000004304640044
Sci/Tech,3929,2,0.24999987439808613,0.24999999121139935,0.25000009166184833,0.2500000427286662
Sci/Tech,3930,2,0.24999991001287278,0.24999999797953967,0.25000007881006586,0.25000001319752174
Sci/Tech,3931,3,0.2500000146830125,0.24999999444867177,0.24999996896652063,0.25000002190179516
Sci/Tech,3932,3,0.24999996247265552,0.24999999127540026,0.25000000847374265,0.2500000377782015
Sci/Tech,3933,3,0.24999999995887012,0.24999999798042902,0.24999999376600163,0.2500000082946992
Sci/Tech,3934,2,0.2500000001671924,0.2500000085518692,0.2500000263535486,0.24999996492738982
Sci/Tech,3935,2,0.24999998771839516,0.25000000622817076,0.2500000303297197,0.2499999757237145
Sci/Tech,3936,0,0.25000001401562477,0.25000000708527564,0.2500000090365617,0.2499999698625379
Sci/Tech,3937,0,0.2500000996716953,0.24999997742121657,0.24999983626846226,0.2500000866386259
Sci/Tech,3938,0,0.250000023775679,0.25000000250488036,0.2499999852436667,0.24999998847577395
Sci/Tech,3939,2,0.24999991722958756,0.2499999937951285,0.250000059123144,0.2500000298521399
Sci/Tech,3940,2,0.2499999913004101,0.2500000064279678,0.2500000281026117,0.24999997416901037
Sci/Tech,3941,2,0.2499999756711511,0.25000001495489665,0.25000006954875126,0.24999993982520102
Sci/Tech,3942,3,0.24999986118899167,0.24999998100754012,0.2500000718675847,0.2500000859358835
Sci/Tech,3943,2,0.2499999773206053,0.25000001168814373,0.25000005759065397,0.24999995340059702
Sci/Tech,3944,2,0.24999999943204365,0.25000001258328,0.2500000390688617,0.24999994891581467
Sci/Tech,3945,2,0.24999989548911689,0.24999999234386128,0.2500000748902814,0.25000003727674047
Sci/Tech,3946,3,0.249999847191315,0.24999996931662405,0.25000004923172103,0.25000013426033996
Sci/Tech,3947,2,0.2499998844366473,0.24999999066506665,0.2500000802709943,0.25000004462729175
Sci/Tech,3948,2,0.24999992184034403,0.250000013026993,0.25000011428437385,0.24999995084828913
Sci/Tech,3949,2,0.24999992717139058,0.25000004220688316,0.25000019941307433,0.249999831208652
Sci/Tech,3950,3,0.24999989750512658,0.24999998625193262,0.25000005432764816,0.25000006191529267
Sci/Tech,3951,2,0.24999997671115992,0.25000000463306365,0.250000036537349,0.24999998211842744
Sci/Tech,3952,2,0.24999992894654738,0.25000000591071364,0.25000008566524345,0.2499999794774956
Sci/Tech,3953,2,0.250000002973574,0.2500000108128426,0.2500000308659623,0.24999995534762107
Sci/Tech,3954,2,0.2499999404205422,0.2500000022388108,0.2500000631483265,0.24999999419232047
Sci/Tech,3955,0,0.2500000197341605,0.25000000795761623,0.2500000057493293,0.24999996655889403
Sci/Tech,3956,3,0.24999992131068643,0.24999997140064167,0.2499999853979887,0.2500001218906831
Sci/Tech,3957,2,0.2499999230155922,0.25000000263200267,0.2500000809420035,0.24999999341040163
Sci/Tech,3958,3,0.24999994412188403,0.24999999179282056,0.2500000273453178,0.25000003673997767
Sci/Tech,3959,2,0.24999995301179506,0.24999999898751435,0.25000004133194514,0.2500000066687454
Sci/Tech,3960,2,0.24999994870216133,0.2500000008981966,0.25000005124926405,0.24999999915037802
Sci/Tech,3961,2,0.24999992452905198,0.2500000085981223,0.25000009813059887,0.24999996874222688
Sci/Tech,3962,2,0.24999986057296497,0.25000000707589604,0.25000015354774247,0.24999997880339656
Sci/Tech,3963,2,0.24999999905496917,0.2500000029987889,0.2500000101738861,0.24999998777235583
Sci/Tech,3964,3,0.24999990167842187,0.24999998316040503,0.25000004020608174,0.2500000749550913
Sci/Tech,3965,3,0.2499999149256454,0.24999998095392872,0.2500000216200045,0.2500000825004214
Sci/Tech,3966,0,0.25000000708100023,0.25000000145306484,0.2499999979910584,0.2499999934748765
Sci/Tech,3967,3,0.24999987164117782,0.24999998306734275,0.25000006810127645,0.25000007719020295
Sci/Tech,3968,3,0.2499999249598523,0.2499999843150835,0.25000002249606007,0.25000006822900417
Sci/Tech,3969,2,0.24999999144475157,0.2500000180514028,0.25000006426225135,0.24999992624159428
Sci/Tech,3970,3,0.2499999153569247,0.2499999834923237,0.2500000290770334,0.2500000720737183
Sci/Tech,3971,3,0.2499998242872994,0.24999997029313045,0.2500000740708465,0.2500001313487236
Sci/Tech,3972,3,0.24999994024305747,0.24999999098880699,0.2500000284619971,0.25000004030613854
Sci/Tech,3973,2,0.24999982293384743,0.2499999905556359,0.2500001369589411,0.25000004955157556
Sci/Tech,3974,0,0.25000003243223895,0.24999999637388315,0.24999995824097862,0.25000001295289925
Sci/Tech,3975,3,0.2499999272006902,0.24999998517737576,0.2500000233029171,0.25000006431901695
Sci/Tech,3976,3,0.2500000000503097,0.24999999883395763,0.2499999963214476,0.25000000479428514
Sci/Tech,3977,2,0.24999997144274577,0.2500000153369629,0.2500000745579435,0.24999993866234782
Sci/Tech,3978,3,0.25000000232965885,0.24999998972008133,0.2499999660617348,0.250000041888525
Sci/Tech,3979,3,0.24999995831564714,0.24999999338207074,0.2500000189529009,0.25000002934938115
Sci/Tech,3980,3,0.24999998978810992,0.24999998910367985,0.24999997639817567,0.25000004471003456
Sci/Tech,3981,0,0.25000001930743776,0.2500000024329094,0.24999998939627327,0.24999998886337965
Sci/Tech,3982,3,0.25000002429820783,0.24999998955220848,0.24999994495573982,0.2500000411938439
Sci/Tech,3983,2,0.24999996604949498,0.2500000048616654,0.2500000471215758,0.24999998196726378
Sci/Tech,3984,2,0.2499999497097239,0.2500000114893594,0.25000008296986553,0.24999995583105114
Sci/Tech,3985,2,0.25000000449016385,0.2500000070336651,0.2500000179183545,0.24999997055781656
Sci/Tech,3986,3,0.2499999204983646,0.24999998394651093,0.250000025481897,0.2500000700732275
Sci/Tech,3987,3,0.24999991887189169,0.24999998124061415,0.2500000182006673,0.25000008168682686
Sci/Tech,3988,3,0.24999996914548975,0.2499999934363732,0.25000000892193097,0.2500000284962062
Sci/Tech,3989,2,0.24999991159338025,0.2500000016937625,0.2500000887337483,0.2499999979791089
Sci/Tech,3990,2,0.24999991075287242,0.24999999410062626,0.25000006626946153,0.2500000288770398
Sci/Tech,3991,2,0.24999992555439673,0.24999999423576605,0.2500000527292548,0.25000002748058237
Sci/Tech,3992,3,0.2500000160957928,0.24999998379154798,0.24999993464223202,0.2500000654704272
Sci/Tech,3993,3,0.2499999786787402,0.24999999472057205,0.25000000379140247,0.2500000228092853
Sci/Tech,3994,2,0.24999996653902765,0.2500000149276772,0.2500000779265879,0.24999994060670722
Sci/Tech,3995,3,0.24999993114653904,0.24999999054848446,0.2500000357116055,0.250000042593371
Sci/Tech,3996,2,0.24999998832372478,0.24999999884346702,0.2500000074458767,0.2500000053869315
Sci/Tech,3997,3,0.24999990599128363,0.2499999870861236,0.2500000491433974,0.2500000577791954
Sci/Tech,3998,0,0.25000007121285855,0.2500000039407493,0.24999994506144027,0.24999997978495195
Sci/Tech,3999,2,0.2499999205213858,0.24999999815080126,0.2500000695774665,0.25000001175034636
