accepted_fraction,cluster_id,dataset,dataset_rows,mean_consensus_agreement,mean_guard_score,mean_pca_local_support,mean_probability,persistence,points_after_gate,points_before_gate,route
1.0,0,main_720,720,,0.0,0.5333333333333333,0.8836827556849953,0.0649846935520281,9,9,umap_hdbscan_native
1.0,1,main_720,720,,0.0,0.3333333333333333,0.95936475340129,0.3145310294168241,6,6,umap_hdbscan_native
1.0,2,main_720,720,,0.0,0.45833333333333337,0.9305694368135864,0.28094533474230465,8,8,umap_hdbscan_native
1.0,3,main_720,720,,0.0,0.6488888888888888,0.8331994722531755,0.08905093839103319,15,15,umap_hdbscan_native
1.0,4,main_720,720,,0.0,0.769230769230769,0.7091245564501063,0.44111216122455876,13,13,umap_hdbscan_native
1.0,5,main_720,720,,0.0,0.5266666666666666,0.8439913970003425,0.19943258405268335,10,10,umap_hdbscan_native
1.0,6,main_720,720,,0.0,0.42500000000000004,0.9069453282875782,0.08560971186915606,8,8,umap_hdbscan_native
1.0,7,main_720,720,,0.0,0.4666666666666667,0.9431162189510538,0.08873155974084737,8,8,umap_hdbscan_native
1.0,8,main_720,720,,0.0,0.26666666666666666,1.0,0.0,5,5,umap_hdbscan_native
1.0,9,main_720,720,,0.0,0.813888888888889,0.7167211088440008,0.14749179944081298,24,24,umap_hdbscan_native
1.0,10,main_720,720,,0.0,0.31111111111111106,0.9778072678119619,0.034567223692353356,6,6,umap_hdbscan_native
1.0,11,main_720,720,,0.0,0.3523809523809524,0.974160795756988,0.026093503185244445,7,7,umap_hdbscan_native
1.0,12,main_720,720,,0.0,0.3904761904761905,0.9543293228687472,0.05978707082289215,7,7,umap_hdbscan_native
1.0,13,main_720,720,,0.0,0.21333333333333332,1.0,0.0,5,5,umap_hdbscan_native
1.0,14,main_720,720,,0.0,0.47333333333333333,0.8557340535504856,0.11360040962190154,10,10,umap_hdbscan_native
1.0,15,main_720,720,,0.0,0.4962962962962963,0.8604158096708896,0.17648347042679496,9,9,umap_hdbscan_native
1.0,16,main_720,720,,0.0,0.6787878787878787,0.825792495715807,0.0619773615021875,22,22,umap_hdbscan_native
1.0,17,main_720,720,,0.0,0.5066666666666666,0.7806864872583611,0.15086861188768402,10,10,umap_hdbscan_native
1.0,18,main_720,720,,0.0,0.3333333333333333,0.8776042755746261,0.25728791145447133,7,7,umap_hdbscan_native
1.0,19,main_720,720,,0.0,0.30476190476190473,0.8546063966698245,0.20906008138698173,7,7,umap_hdbscan_native
1.0,20,main_720,720,,0.0,0.3,0.9276907842085286,0.18640826359532564,6,6,umap_hdbscan_native
1.0,21,main_720,720,,0.0,0.7407407407407408,0.56271920619508,0.12983921251292838,36,36,umap_hdbscan_native
1.0,22,main_720,720,,0.0,0.4666666666666666,0.9211737480569916,0.08317923010006067,12,12,umap_hdbscan_native
1.0,23,main_720,720,,0.0,0.39999999999999997,0.8057459217032046,0.6775226502370191,7,7,umap_hdbscan_native
1.0,24,main_720,720,,0.0,0.30833333333333335,0.9691084310999748,0.0363911627968259,8,8,umap_hdbscan_native
1.0,25,main_720,720,,0.0,0.5794871794871795,0.7570162311640417,0.10232239475311845,13,13,umap_hdbscan_native
1.0,26,main_720,720,,0.0,0.9122807017543859,0.767901004216737,0.12460660784581737,19,19,umap_hdbscan_native
1.0,27,main_720,720,,0.0,0.5017543859649123,0.7663220650097293,0.04662309900302969,19,19,umap_hdbscan_native
1.0,28,main_720,720,,0.0,0.3238095238095239,0.9811360486308371,0.015152817034008273,7,7,umap_hdbscan_native
1.0,29,main_720,720,,0.0,0.5866666666666666,0.8960525260896258,0.12671065957752944,10,10,umap_hdbscan_native
1.0,30,main_720,720,,0.0,0.5696969696969696,0.9321932776141949,0.0876553653443867,11,11,umap_hdbscan_native
1.0,31,main_720,720,,0.0,0.4,0.925184263005329,0.06337350199436297,8,8,umap_hdbscan_native
1.0,32,main_720,720,,0.0,0.42666666666666664,0.8480994728599225,0.15760481558827538,10,10,umap_hdbscan_native
1.0,33,main_720,720,,0.0,0.3238095238095238,0.8900677393549794,0.06833591101790527,7,7,umap_hdbscan_native
1.0,34,main_720,720,,0.0,0.7333333333333334,0.8120220239265101,0.11579493517323573,19,19,umap_hdbscan_native
1.0,35,main_720,720,,0.0,0.24444444444444446,0.8718543459455792,0.03679045368517725,9,9,umap_hdbscan_native
1.0,36,main_720,720,,0.0,0.28888888888888886,0.9922668793946432,0.011418413952099669,6,6,umap_hdbscan_native
1.0,37,main_720,720,,0.0,0.26666666666666666,1.0,0.0,5,5,umap_hdbscan_native
1.0,38,main_720,720,,0.0,0.45714285714285724,0.814417406504041,0.07795151981227115,14,14,umap_hdbscan_native
1.0,39,main_720,720,,0.0,0.21333333333333332,1.0,0.004616818552530325,5,5,umap_hdbscan_native
1.0,40,main_720,720,,0.0,0.7052631578947369,0.8285540427279783,0.09438265037799336,19,19,umap_hdbscan_native
1.0,41,main_720,720,,0.0,0.21333333333333332,1.0,0.01507342203042546,5,5,umap_hdbscan_native
1.0,42,main_720,720,,0.0,0.26666666666666666,1.0,0.10686953478390601,5,5,umap_hdbscan_native
1.0,43,main_720,720,,0.0,0.6717948717948717,0.8778080934954813,0.05740959866635883,13,13,umap_hdbscan_native
1.0,44,main_720,720,,0.0,0.15555555555555556,0.9878446762694436,0.01026423304658027,6,6,umap_hdbscan_native
1.0,45,main_720,720,,0.0,0.5380952380952381,0.9062249886727599,0.033789199134168564,14,14,umap_hdbscan_native
1.0,46,main_720,720,,0.0,0.35,0.9848107523420855,0.007670467910023799,8,8,umap_hdbscan_native
1.0,47,main_720,720,,0.0,0.3333333333333333,0.9559915299040633,0.04222596700686583,11,11,umap_hdbscan_native
1.0,48,main_720,720,,0.0,0.2916666666666667,0.976676815648198,0.021364793957490216,8,8,umap_hdbscan_native
1.0,49,main_720,720,,0.0,0.24,1.0,0.011884309392489361,5,5,umap_hdbscan_native
1.0,50,main_720,720,,0.0,0.26666666666666666,1.0,0.11071442002535263,5,5,umap_hdbscan_native
1.0,51,main_720,720,,0.0,0.21333333333333332,1.0,0.007977980024544236,5,5,umap_hdbscan_native
1.0,52,main_720,720,,0.0,0.24444444444444444,0.9880292206043593,0.01172772828626693,6,6,umap_hdbscan_native
1.0,53,main_720,720,,0.0,0.3523809523809524,0.9819165867245389,0.014645386361005583,7,7,umap_hdbscan_native
1.0,0,main_720,720,,0.6323557876704864,0.5333333333333333,0.8836827556849953,0.0649846935520281,9,9,guarded_pca_hybrid
1.0,1,main_720,720,,0.6738901535874078,0.3333333333333333,0.95936475340129,0.3145310294168241,6,6,guarded_pca_hybrid
1.0,2,main_720,720,,0.6825855905292668,0.45833333333333337,0.9305694368135864,0.28094533474230465,8,8,guarded_pca_hybrid
0.9333333333333333,3,main_720,720,,0.6382921196396754,0.6488888888888888,0.8331994722531755,0.08905093839103319,14,15,guarded_pca_hybrid
0.8461538461538461,4,main_720,720,,0.6705486306001625,0.769230769230769,0.7091245564501063,0.44111216122455876,11,13,guarded_pca_hybrid
0.9,5,main_720,720,,0.6357484518273918,0.5266666666666666,0.8439913970003425,0.19943258405268335,9,10,guarded_pca_hybrid
0.875,6,main_720,720,,0.6221918729319993,0.42500000000000004,0.9069453282875782,0.08560971186915606,7,8,guarded_pca_hybrid
1.0,7,main_720,720,,0.6531268990379158,0.4666666666666667,0.9431162189510538,0.08873155974084737,8,8,guarded_pca_hybrid
1.0,8,main_720,720,,0.6166666666666667,0.26666666666666666,1.0,0.0,5,5,guarded_pca_hybrid
0.7916666666666666,9,main_720,720,,0.6271671919745853,0.813888888888889,0.7167211088440008,0.14749179944081298,19,24,guarded_pca_hybrid
1.0,10,main_720,720,,0.6224852198128276,0.31111111111111106,0.9778072678119619,0.034567223692353356,6,6,guarded_pca_hybrid
1.0,11,main_720,720,,0.6291023763986304,0.3523809523809524,0.974160795756988,0.026093503185244445,7,7,guarded_pca_hybrid
1.0,12,main_720,720,,0.6344575893614369,0.3904761904761905,0.9543293228687472,0.05978707082289215,7,7,guarded_pca_hybrid
1.0,13,main_720,720,,0.6033333333333334,0.21333333333333332,1.0,0.0,5,5,guarded_pca_hybrid
0.8,14,main_720,720,,0.6117071447104807,0.47333333333333333,0.8557340535504856,0.11360040962190154,8,10,guarded_pca_hybrid
1.0,15,main_720,720,,0.6325994634784224,0.4962962962962963,0.8604158096708896,0.17648347042679496,9,9,guarded_pca_hybrid
1.0,16,main_720,720,,0.6362783146411011,0.6787878787878787,0.825792495715807,0.0619773615021875,22,22,guarded_pca_hybrid
0.7,17,main_720,720,,0.5862179570363021,0.5066666666666666,0.7806864872583611,0.15086861188768402,7,10,guarded_pca_hybrid
0.8571428571428571,18,main_720,720,,0.617473267190272,0.3333333333333333,0.8776042755746261,0.25728791145447133,6,7,guarded_pca_hybrid
0.8571428571428571,19,main_720,720,,0.588036010636276,0.30476190476190473,0.8546063966698245,0.20906008138698173,6,7,guarded_pca_hybrid
0.8333333333333334,20,main_720,720,,0.6225115840337558,0.3,0.9276907842085286,0.18640826359532564,5,6,guarded_pca_hybrid
0.6666666666666666,21,main_720,720,,0.5206485910950648,0.7407407407407408,0.56271920619508,0.12983921251292838,24,36,guarded_pca_hybrid
1.0,22,main_720,720,,0.6399480741180241,0.4666666666666666,0.9211737480569916,0.08317923010006067,12,12,guarded_pca_hybrid
0.7142857142857143,23,main_720,720,,0.6786647869841663,0.39999999999999997,0.8057459217032046,0.6775226502370191,5,7,guarded_pca_hybrid
1.0,24,main_720,720,,0.6173712029976847,0.30833333333333335,0.9691084310999748,0.0363911627968259,8,8,guarded_pca_hybrid
0.8461538461538461,25,main_720,720,,0.5816952009626415,0.5794871794871795,0.7570162311640417,0.10232239475311845,11,13,guarded_pca_hybrid
0.9473684210526315,26,main_720,720,,0.6753370493269655,0.9122807017543859,0.767901004216737,0.12460660784581737,18,19,guarded_pca_hybrid
0.7894736842105263,27,main_720,720,,0.5562403520471852,0.5017543859649123,0.7663220650097293,0.04662309900302969,15,19,guarded_pca_hybrid
1.0,28,main_720,720,,0.6236077711061431,0.3238095238095239,0.9811360486308371,0.015152817034008273,7,7,guarded_pca_hybrid
1.0,29,main_720,720,,0.6648376879314669,0.5866666666666666,0.8960525260896258,0.12671065957752944,10,10,guarded_pca_hybrid
1.0,30,main_720,720,,0.672661618180927,0.5696969696969696,0.9321932776141949,0.0876553653443867,11,11,guarded_pca_hybrid
1.0,31,main_720,720,,0.6215260450518035,0.4,0.925184263005329,0.06337350199436297,8,8,guarded_pca_hybrid
0.9,32,main_720,720,,0.604642339857279,0.42666666666666664,0.8480994728599225,0.15760481558827538,9,10,guarded_pca_hybrid
0.8571428571428571,33,main_720,720,,0.5841568198012009,0.3238095238095238,0.8900677393549794,0.06833591101790527,6,7,guarded_pca_hybrid
0.8421052631578947,34,main_720,720,,0.653104433527561,0.7333333333333334,0.8120220239265101,0.11579493517323573,16,19,guarded_pca_hybrid
0.7777777777777778,35,main_720,720,,0.5479890921182151,0.24444444444444446,0.8718543459455792,0.03679045368517725,7,9,guarded_pca_hybrid
1.0,36,main_720,720,,0.6202526886796961,0.28888888888888886,0.9922668793946432,0.011418413952099669,6,6,guarded_pca_hybrid
1.0,37,main_720,720,,0.6166666666666667,0.26666666666666666,1.0,0.0,5,5,guarded_pca_hybrid
0.8571428571428571,38,main_720,720,,0.5778055918253912,0.45714285714285724,0.814417406504041,0.07795151981227115,12,14,guarded_pca_hybrid
1.0,39,main_720,720,,0.6042566970438393,0.21333333333333332,1.0,0.004616818552530325,5,5,guarded_pca_hybrid
0.9473684210526315,40,main_720,720,,0.650897043049671,0.7052631578947369,0.8285540427279783,0.09438265037799336,18,19,guarded_pca_hybrid
1.0,41,main_720,720,,0.6063480177394184,0.21333333333333332,1.0,0.01507342203042546,5,5,guarded_pca_hybrid
1.0,42,main_720,720,,0.6380405736234479,0.26666666666666666,1.0,0.10686953478390601,5,5,guarded_pca_hybrid
1.0,43,main_720,720,,0.6622250891045044,0.6717948717948717,0.8778080934954813,0.05740959866635883,13,13,guarded_pca_hybrid
1.0,44,main_720,720,,0.584256307446399,0.15555555555555556,0.9878446762694436,0.01026423304658027,6,6,guarded_pca_hybrid
1.0,45,main_720,720,,0.6397053931206612,0.5380952380952381,0.9062249886727599,0.033789199134168564,14,14,guarded_pca_hybrid
1.0,46,main_720,720,,0.6306800073701517,0.35,0.9848107523420855,0.007670467910023799,8,8,guarded_pca_hybrid
1.0,47,main_720,720,,0.6175738681819415,0.3333333333333333,0.9559915299040633,0.04222596700686583,11,11,guarded_pca_hybrid
1.0,48,main_720,720,,0.6143618740646736,0.2916666666666667,0.976676815648198,0.021364793957490216,8,8,guarded_pca_hybrid
1.0,49,main_720,720,,0.6123768618784979,0.24,1.0,0.011884309392489361,5,5,guarded_pca_hybrid
1.0,50,main_720,720,,0.6388095506717373,0.26666666666666666,1.0,0.11071442002535263,5,5,guarded_pca_hybrid
1.0,51,main_720,720,,0.6049289293382423,0.21333333333333332,1.0,0.007977980024544236,5,5,guarded_pca_hybrid
1.0,52,main_720,720,,0.6068727281007622,0.24444444444444444,0.9880292206043593,0.01172772828626693,6,6,guarded_pca_hybrid
1.0,53,main_720,720,,0.6310784380659357,0.3523809523809524,0.9819165867245389,0.014645386361005583,7,7,guarded_pca_hybrid
1.0,0,main_720,720,1.0,0.0,0.3333333333333333,0.9321017470063694,0.8498063331113273,6,6,five_seed_stable
1.0,1,main_720,720,1.0,0.0,0.5266666666666666,0.8208514722357052,0.2736908849755184,10,10,five_seed_stable
1.0,2,main_720,720,1.0,0.0,0.769230769230769,0.7457247766580253,0.5079359461697059,13,13,five_seed_stable
1.0,3,main_720,720,0.975,0.0,0.4666666666666667,0.9187829644536598,0.14453597620212502,8,8,five_seed_stable
1.0,4,main_720,720,0.76,0.0,0.8433333333333335,0.8866875341771442,0.1287331157393921,20,20,five_seed_stable
0.9444444444444444,5,main_720,720,0.8444444444444444,0.0,0.8407407407407408,0.7869891791499387,0.17855089416343728,17,18,five_seed_stable
1.0,6,main_720,720,1.0,0.0,0.6,0.8912399022149301,0.15401051466247698,12,12,five_seed_stable
1.0,7,main_720,720,0.975,0.0,0.45833333333333337,0.9091835465425964,0.15623121926791614,8,8,five_seed_stable
0.0,8,main_720,720,0.4,0.0,0.18666666666666668,1.0,0.06409520035166898,0,5,five_seed_stable
1.0,9,main_720,720,0.925,0.0,0.4666666666666667,0.9207582046775065,0.126893316886955,8,8,five_seed_stable
1.0,10,main_720,720,1.0,0.0,0.3333333333333333,0.8811850583098841,0.2507270924484673,7,7,five_seed_stable
0.75,11,main_720,720,0.7333333333333334,0.0,0.4666666666666666,0.9888672651068074,0.026110453910873105,9,12,five_seed_stable
0.6428571428571429,12,main_720,720,0.642857142857143,0.0,0.5285714285714286,0.9059514070587543,0.056729124065433637,9,14,five_seed_stable
1.0,13,main_720,720,1.0,0.0,0.4666666666666667,0.8796127393606121,0.41667231995777504,8,8,five_seed_stable
0.9090909090909091,14,main_720,720,0.9363636363636364,0.0,0.8636363636363636,0.8186107644528486,0.16556508293765293,20,22,five_seed_stable
0.782608695652174,15,main_720,720,0.7391304347826089,0.0,0.8608695652173913,0.8461305672832825,0.08912450190905896,18,23,five_seed_stable
0.7142857142857143,16,main_720,720,0.5714285714285714,0.0,0.6952380952380953,0.9405858681888272,0.0573822765317082,15,21,five_seed_stable
0.875,17,main_720,720,0.9,0.0,0.39166666666666666,0.8699817744048135,0.13051370338767188,7,8,five_seed_stable
0.8888888888888888,18,main_720,720,0.6555555555555554,0.0,0.6074074074074073,0.8863650218220182,0.051252253884452065,16,18,five_seed_stable
0.6666666666666666,19,main_720,720,0.7407407407407407,0.0,0.7209876543209878,0.7239009092763754,0.17265201244372308,18,27,five_seed_stable
1.0,20,main_720,720,0.8,0.0,0.26666666666666666,1.0,0.10584366426521206,5,5,five_seed_stable
0.6666666666666666,21,main_720,720,0.7000000000000001,0.0,0.26666666666666666,0.9802829957905298,0.040018677085293844,4,6,five_seed_stable
0.5555555555555556,22,main_720,720,0.6555555555555556,0.0,0.6407407407407407,0.7103541273961442,0.26821927143393165,10,18,five_seed_stable
0.8888888888888888,23,main_720,720,0.7333333333333334,0.0,0.4,0.822719134448757,0.18316435842897388,8,9,five_seed_stable
1.0,24,main_720,720,0.9400000000000001,0.0,0.5266666666666666,0.8639330048935792,0.10728676026927089,10,10,five_seed_stable
1.0,25,main_720,720,1.0,0.0,0.3,0.9939413413298047,0.18624218924617988,6,6,five_seed_stable
1.0,26,main_720,720,1.0,0.0,0.3619047619047619,0.979152748674436,0.024230946092779468,7,7,five_seed_stable
1.0,27,main_720,720,0.9200000000000002,0.0,0.4333333333333334,0.8963566505157647,0.07580836176265689,10,10,five_seed_stable
1.0,28,main_720,720,1.0,0.0,0.39999999999999997,0.913679211794949,0.4493409325270989,7,7,five_seed_stable
1.0,29,main_720,720,1.0,0.0,0.3333333333333333,0.9887337715022569,0.12306104975493534,6,6,five_seed_stable
1.0,30,main_720,720,0.9857142857142858,0.0,0.45714285714285724,0.7716936444681533,0.09037073152287264,14,14,five_seed_stable
1.0,31,main_720,720,0.8636363636363638,0.0,0.9090909090909093,0.7603073156262622,0.13644998781889112,22,22,five_seed_stable
0.8181818181818182,32,main_720,720,0.6909090909090908,0.0,0.393939393939394,0.9118896633503817,0.0959480695648835,9,11,five_seed_stable
0.0,33,main_720,720,0.30000000000000004,0.0,0.275,0.9763366510196126,0.0344236401821377,0,8,five_seed_stable
0.8333333333333334,34,main_720,720,0.8833333333333333,0.0,0.39444444444444443,0.8202716880787072,0.17085054670849137,10,12,five_seed_stable
0.8888888888888888,35,main_720,720,0.7444444444444445,0.0,0.5,0.8231423019495321,0.07288501064482265,16,18,five_seed_stable
0.4,36,main_720,720,0.36,0.0,0.24,1.0,0.008091720478709886,2,5,five_seed_stable
1.0,37,main_720,720,0.9000000000000001,0.0,0.75,0.7686315166789787,0.11042708807717691,20,20,five_seed_stable
0.6,38,main_720,720,0.52,0.0,0.26666666666666666,1.0,0.035254969905387235,3,5,five_seed_stable
1.0,39,main_720,720,0.890909090909091,0.0,0.5515151515151516,0.7762188427329377,0.128640172306443,11,11,five_seed_stable
1.0,40,main_720,720,0.9714285714285714,0.0,0.2857142857142857,0.9611313173650677,0.05579172775920197,7,7,five_seed_stable
0.9473684210526315,41,main_720,720,0.6947368421052631,0.0,0.6526315789473685,0.5306941744060047,0.151357529401347,18,19,five_seed_stable
1.0,42,main_720,720,0.8727272727272729,0.0,0.3333333333333333,0.9460334734811707,0.03145768692363372,11,11,five_seed_stable
0.8571428571428571,43,main_720,720,0.6857142857142858,0.0,0.30476190476190473,0.9693794404739602,0.039298984175049075,6,7,five_seed_stable
1.0,44,main_720,720,0.8666666666666666,0.0,0.28888888888888886,0.9791085576710069,0.03320420352101511,6,6,five_seed_stable
0.625,45,main_720,720,0.6499999999999999,0.0,0.32500000000000007,0.9912963343359293,0.010741974856303764,5,8,five_seed_stable
0.75,46,main_720,720,0.75,0.0,0.26666666666666666,0.9910792153671587,0.01233541105861808,6,8,five_seed_stable
0.9375,47,main_720,720,0.8625,0.0,0.525,0.7952567471748174,0.055571188237916735,15,16,five_seed_stable
1.0,0,scale_1500,1500,,0.0,0.7333333333333333,0.8526450140817682,0.8409141379045486,12,12,umap_hdbscan_native
1.0,1,scale_1500,1500,,0.0,0.807843137254902,0.7297636764759167,0.17198314240927343,17,17,umap_hdbscan_native
1.0,2,scale_1500,1500,,0.0,0.7962962962962963,0.841768886262119,0.20868001672803346,18,18,umap_hdbscan_native
1.0,3,scale_1500,1500,,0.0,0.65,0.8296624000030718,0.2236975625860672,12,12,umap_hdbscan_native
1.0,4,scale_1500,1500,,0.0,0.2740740740740741,0.6869673241625627,0.09824795994702665,9,9,umap_hdbscan_native
1.0,5,scale_1500,1500,,0.0,0.24,1.0,0.04687760832780917,5,5,umap_hdbscan_native
1.0,6,scale_1500,1500,,0.0,0.75,0.7433610320347959,0.07645087886943754,24,24,umap_hdbscan_native
1.0,7,scale_1500,1500,,0.0,0.5878787878787878,0.8226625442488136,0.32823163188648236,11,11,umap_hdbscan_native
1.0,8,scale_1500,1500,,0.0,0.40740740740740744,0.8835565482607309,0.10014037373364332,9,9,umap_hdbscan_native
1.0,9,scale_1500,1500,,0.0,0.41904761904761906,0.8901194499188451,0.06659044051955906,14,14,umap_hdbscan_native
1.0,10,scale_1500,1500,,0.0,0.7666666666666668,0.7655736540191005,0.11354321339088047,22,22,umap_hdbscan_native
1.0,11,scale_1500,1500,,0.0,0.875,0.7150009311329093,0.37598931289221293,16,16,umap_hdbscan_native
1.0,12,scale_1500,1500,,0.0,0.5533333333333333,0.8305824509924772,0.3778665651562955,10,10,umap_hdbscan_native
1.0,13,scale_1500,1500,,0.0,0.2,1.0,0.05493677820298325,5,5,umap_hdbscan_native
1.0,14,scale_1500,1500,,0.0,0.6545454545454545,0.8286421627698572,0.19738570333489489,11,11,umap_hdbscan_native
1.0,15,scale_1500,1500,,0.0,0.3523809523809524,0.9874887747191189,0.02384150804261364,7,7,umap_hdbscan_native
1.0,16,scale_1500,1500,,0.0,0.17333333333333334,1.0,0.052206489301542626,5,5,umap_hdbscan_native
1.0,17,scale_1500,1500,,0.0,0.3333333333333333,0.863224338857179,0.24242293935140002,6,6,umap_hdbscan_native
1.0,18,scale_1500,1500,,0.0,0.7952380952380953,0.6250752707091953,0.3745986938128011,14,14,umap_hdbscan_native
1.0,19,scale_1500,1500,,0.0,0.27777777777777773,0.9749796442651641,0.04327936964159628,6,6,umap_hdbscan_native
1.0,20,scale_1500,1500,,0.0,0.32592592592592595,0.978320315994332,0.023793946407676462,9,9,umap_hdbscan_native
1.0,21,scale_1500,1500,,0.0,0.33333333333333337,0.9737029938668191,0.01908008499405323,8,8,umap_hdbscan_native
1.0,22,scale_1500,1500,,0.0,0.3916666666666667,0.9365558998857686,0.15251422691954408,8,8,umap_hdbscan_native
1.0,23,scale_1500,1500,,0.0,0.8866666666666667,0.8065466917255115,0.09953280120466373,20,20,umap_hdbscan_native
1.0,24,scale_1500,1500,,0.0,0.26666666666666666,1.0,0.012961162918196217,5,5,umap_hdbscan_native
1.0,25,scale_1500,1500,,0.0,0.27619047619047615,0.9603375006882678,0.022076629955933364,7,7,umap_hdbscan_native
1.0,26,scale_1500,1500,,0.0,0.3333333333333333,0.9347797664858383,0.2180703423911579,6,6,umap_hdbscan_native
1.0,27,scale_1500,1500,,0.0,0.5,0.8713112593319094,0.10413789963017042,10,10,umap_hdbscan_native
1.0,28,scale_1500,1500,,0.0,0.08,1.0,0.0,5,5,umap_hdbscan_native
1.0,29,scale_1500,1500,,0.0,0.8482758620689655,0.6802900248619345,0.1341806341289201,29,29,umap_hdbscan_native
1.0,30,scale_1500,1500,,0.0,0.3416666666666667,0.9760722054983794,0.03268271894668747,8,8,umap_hdbscan_native
1.0,31,scale_1500,1500,,0.0,0.7363636363636364,0.7794675588841873,0.10078096239021558,22,22,umap_hdbscan_native
1.0,32,scale_1500,1500,,0.0,0.8666666666666667,0.7659273329420466,0.09451137697177081,32,32,umap_hdbscan_native
1.0,33,scale_1500,1500,,0.0,0.8428571428571431,0.7066206236303916,0.41332993883075814,14,14,umap_hdbscan_native
1.0,34,scale_1500,1500,,0.0,0.3416666666666667,0.9489425569028972,0.028486932072384792,8,8,umap_hdbscan_native
1.0,35,scale_1500,1500,,0.0,0.5155555555555557,0.9528125029197743,0.052173226720158436,15,15,umap_hdbscan_native
1.0,36,scale_1500,1500,,0.0,0.3843137254901961,0.8313786625871643,0.05627580046279289,17,17,umap_hdbscan_native
1.0,37,scale_1500,1500,,0.0,0.5974358974358974,0.8279390351408853,0.05784390109682564,26,26,umap_hdbscan_native
1.0,38,scale_1500,1500,,0.0,0.7041666666666666,0.6142979092548203,0.1791225196298647,16,16,umap_hdbscan_native
1.0,39,scale_1500,1500,,0.0,0.5422222222222222,0.9742287592438721,0.01636664808329986,15,15,umap_hdbscan_native
1.0,40,scale_1500,1500,,0.0,0.7411764705882353,0.9374524117232156,0.05894369364351597,17,17,umap_hdbscan_native
1.0,41,scale_1500,1500,,0.0,0.26666666666666666,1.0,0.1078943050890273,5,5,umap_hdbscan_native
1.0,42,scale_1500,1500,,0.0,0.36666666666666664,0.8756579401433149,0.13582247142323334,10,10,umap_hdbscan_native
1.0,43,scale_1500,1500,,0.0,0.6916666666666667,0.7767702525314519,0.15651052476041147,16,16,umap_hdbscan_native
1.0,44,scale_1500,1500,,0.0,0.4166666666666667,0.9623477247357575,0.0240639865243816,12,12,umap_hdbscan_native
1.0,45,scale_1500,1500,,0.0,0.37333333333333335,0.7580575333105972,0.21023609357418732,10,10,umap_hdbscan_native
1.0,46,scale_1500,1500,,0.0,0.7288888888888889,0.616750151656142,0.39158913558528785,15,15,umap_hdbscan_native
1.0,47,scale_1500,1500,,0.0,0.21333333333333332,1.0,0.019344900524778653,5,5,umap_hdbscan_native
1.0,48,scale_1500,1500,,0.0,0.3333333333333333,0.951853575423813,0.29785400118301464,6,6,umap_hdbscan_native
1.0,49,scale_1500,1500,,0.0,0.39999999999999997,0.9945018332324059,0.04743326774143982,7,7,umap_hdbscan_native
1.0,50,scale_1500,1500,,0.0,0.19259259259259257,0.7187040718387122,0.08324985595332272,9,9,umap_hdbscan_native
1.0,51,scale_1500,1500,,0.0,0.21666666666666667,0.8367078641811083,0.05805609391745856,8,8,umap_hdbscan_native
1.0,52,scale_1500,1500,,0.0,0.26666666666666666,0.9991707439829928,0.09741242459750313,6,6,umap_hdbscan_native
1.0,53,scale_1500,1500,,0.0,0.49444444444444446,0.7263009164378254,0.041391272407839214,24,24,umap_hdbscan_native
1.0,54,scale_1500,1500,,0.0,0.26666666666666666,1.0,0.0,5,5,umap_hdbscan_native
1.0,55,scale_1500,1500,,0.0,0.3222222222222222,1.0,0.004102497663754752,6,6,umap_hdbscan_native
1.0,56,scale_1500,1500,,0.0,0.6869565217391304,0.48237571373381233,0.1931916892499728,23,23,umap_hdbscan_native
1.0,57,scale_1500,1500,,0.0,0.5666666666666667,0.9428468903522544,0.02701369205971809,14,14,umap_hdbscan_native
1.0,58,scale_1500,1500,,0.0,0.28888888888888886,0.9987822707433783,0.0011400823037609885,6,6,umap_hdbscan_native
1.0,59,scale_1500,1500,,0.0,0.6888888888888888,0.6523144344056573,0.11999386769047342,18,18,umap_hdbscan_native
1.0,60,scale_1500,1500,,0.0,0.24666666666666667,0.9038599814752276,0.045408032196163045,10,10,umap_hdbscan_native
1.0,61,scale_1500,1500,,0.0,0.2533333333333333,1.0,0.002392712053699432,5,5,umap_hdbscan_native
1.0,62,scale_1500,1500,,0.0,0.26666666666666666,0.9871483898604488,0.05894944643723006,6,6,umap_hdbscan_native
1.0,63,scale_1500,1500,,0.0,0.43636363636363645,0.993270708181689,0.04033447235867783,11,11,umap_hdbscan_native
1.0,64,scale_1500,1500,,0.0,0.7508771929824561,0.7964172173781218,0.12445220832486831,19,19,umap_hdbscan_native
1.0,65,scale_1500,1500,,0.0,0.4,0.9247457706869204,0.17857994429778765,8,8,umap_hdbscan_native
1.0,66,scale_1500,1500,,0.0,0.4555555555555555,0.8847892649242611,0.06394565528828215,12,12,umap_hdbscan_native
1.0,67,scale_1500,1500,,0.0,0.4133333333333333,0.9216488016994703,0.07866919038005586,10,10,umap_hdbscan_native
1.0,68,scale_1500,1500,,0.0,0.31428571428571433,1.0,0.006241932092984315,7,7,umap_hdbscan_native
1.0,69,scale_1500,1500,,0.0,0.6666666666666666,0.7428436300471675,0.15552288696970387,16,16,umap_hdbscan_native
1.0,70,scale_1500,1500,,0.0,0.48888888888888893,0.8231600552179255,0.11274503713402469,9,9,umap_hdbscan_native
1.0,71,scale_1500,1500,,0.0,0.3090909090909091,0.7975820684301094,0.0526663536532243,11,11,umap_hdbscan_native
1.0,72,scale_1500,1500,,0.0,0.10666666666666666,1.0,0.003518457205962705,5,5,umap_hdbscan_native
1.0,73,scale_1500,1500,,0.0,0.3037037037037037,0.9749018950133639,0.011971639762818264,9,9,umap_hdbscan_native
1.0,74,scale_1500,1500,,0.0,0.28148148148148144,0.9555081374832858,0.044080980684932276,9,9,umap_hdbscan_native
1.0,75,scale_1500,1500,,0.0,0.24,1.0,0.08248767004997427,5,5,umap_hdbscan_native
1.0,76,scale_1500,1500,,0.0,0.31111111111111106,0.9913415795695725,0.08436705632589682,6,6,umap_hdbscan_native
1.0,77,scale_1500,1500,,0.0,0.5333333333333333,0.802947090408581,0.21464015966423278,10,10,umap_hdbscan_native
1.0,78,scale_1500,1500,,0.0,0.4666666666666667,0.9209726422183255,0.09582069823208435,9,9,umap_hdbscan_native
1.0,79,scale_1500,1500,,0.0,0.30476190476190473,0.9390112371009529,0.03868195641088425,7,7,umap_hdbscan_native
1.0,80,scale_1500,1500,,0.0,0.35000000000000003,0.9153290492143469,0.07233016627426786,8,8,umap_hdbscan_native
1.0,81,scale_1500,1500,,0.0,0.23333333333333334,0.9754593808657694,0.01546400997705385,8,8,umap_hdbscan_native
1.0,82,scale_1500,1500,,0.0,0.3743589743589743,0.9774111375965668,0.02775909619795118,13,13,umap_hdbscan_native
1.0,83,scale_1500,1500,,0.0,0.358974358974359,0.9447978197739768,0.025065606093663224,13,13,umap_hdbscan_native
1.0,84,scale_1500,1500,,0.0,0.18666666666666668,1.0,0.025725190047370228,5,5,umap_hdbscan_native
1.0,85,scale_1500,1500,,0.0,0.3939393939393939,0.8568794119593867,0.05414297972702852,11,11,umap_hdbscan_native
1.0,86,scale_1500,1500,,0.0,0.3393939393939394,0.9836921646205145,0.011651216617911806,11,11,umap_hdbscan_native
1.0,87,scale_1500,1500,,0.0,0.16,1.0,0.0012013406682180332,5,5,umap_hdbscan_native
1.0,88,scale_1500,1500,,0.0,0.375,0.9496928825753239,0.03215670965684,8,8,umap_hdbscan_native
1.0,89,scale_1500,1500,,0.0,0.6151515151515151,0.8580052001534372,0.08561502949841793,22,22,umap_hdbscan_native
1.0,90,scale_1500,1500,,0.0,0.48148148148148145,0.9130755069041072,0.15161121349579335,9,9,umap_hdbscan_native
1.0,91,scale_1500,1500,,0.0,0.3333333333333333,0.9663849132320662,0.2888797550406958,6,6,umap_hdbscan_native
1.0,92,scale_1500,1500,,0.0,0.5266666666666666,0.8915499729953323,0.06416353075574019,10,10,umap_hdbscan_native
1.0,93,scale_1500,1500,,0.0,0.22666666666666666,1.0,0.0,5,5,umap_hdbscan_native
1.0,94,scale_1500,1500,,0.0,0.21333333333333332,1.0,0.004139081354664624,5,5,umap_hdbscan_native
1.0,0,scale_1500,1500,,0.8204709186592155,0.7333333333333333,0.8526450140817682,0.8409141379045486,12,12,guarded_pca_hybrid
0.8823529411764706,1,scale_1500,1500,,0.6377274348573344,0.807843137254902,0.7297636764759167,0.17198314240927343,15,17,guarded_pca_hybrid
0.9444444444444444,2,scale_1500,1500,,0.7037829648638463,0.7962962962962963,0.841768886262119,0.20868001672803346,17,18,guarded_pca_hybrid
0.9166666666666666,3,scale_1500,1500,,0.663553832518903,0.65,0.8296624000030718,0.2236975625860672,11,12,guarded_pca_hybrid
0.5555555555555556,4,scale_1500,1500,,0.4660001387973333,0.2740740740740741,0.6869673241625627,0.09824795994702665,5,9,guarded_pca_hybrid
1.0,5,scale_1500,1500,,0.6193755216655619,0.24,1.0,0.04687760832780917,5,5,guarded_pca_hybrid
0.9583333333333334,6,scale_1500,1500,,0.6116387433930252,0.75,0.7433610320347959,0.07645087886943754,23,24,guarded_pca_hybrid
0.9090909090909091,7,scale_1500,1500,,0.665080422683841,0.5878787878787878,0.8226625442488136,0.32823163188648236,10,11,guarded_pca_hybrid
0.8888888888888888,8,scale_1500,1500,,0.6078360281419826,0.40740740740740744,0.8835565482607309,0.10014037373364332,8,9,guarded_pca_hybrid
0.9285714285714286,9,scale_1500,1500,,0.6076456903211814,0.41904761904761906,0.8901194499188451,0.06659044051955906,13,14,guarded_pca_hybrid
1.0,10,scale_1500,1500,,0.6354408190553481,0.7666666666666668,0.7655736540191005,0.11354321339088047,22,22,guarded_pca_hybrid
0.9375,11,scale_1500,1500,,0.6871983747015427,0.875,0.7150009311329093,0.37598931289221293,15,16,guarded_pca_hybrid
0.9,12,scale_1500,1500,,0.6707269944104549,0.5533333333333333,0.8305824509924772,0.3778665651562955,9,10,guarded_pca_hybrid
1.0,13,scale_1500,1500,,0.6109873556405967,0.2,1.0,0.05493677820298325,5,5,guarded_pca_hybrid
1.0,14,scale_1500,1500,,0.6588666938267642,0.6545454545454545,0.8286421627698572,0.19738570333489489,11,11,guarded_pca_hybrid
1.0,15,scale_1500,1500,,0.6359823657992763,0.3523809523809524,0.9874887747191189,0.02384150804261364,7,7,guarded_pca_hybrid
1.0,16,scale_1500,1500,,0.603774631193642,0.17333333333333334,1.0,0.052206489301542626,5,5,guarded_pca_hybrid
0.8333333333333334,17,scale_1500,1500,,0.6065913075750619,0.3333333333333333,0.863224338857179,0.24242293935140002,5,6,guarded_pca_hybrid
0.6428571428571429,18,scale_1500,1500,,0.6175206614621415,0.7952380952380953,0.6250752707091953,0.3745986938128011,9,14,guarded_pca_hybrid
1.0,19,scale_1500,1500,,0.614339122718604,0.27777777777777773,0.9749796442651641,0.04327936964159628,6,6,guarded_pca_hybrid
1.0,20,scale_1500,1500,,0.6243164445598994,0.32592592592592595,0.978320315994332,0.023793946407676462,9,9,guarded_pca_hybrid
1.0,21,scale_1500,1500,,0.6226859969588945,0.33333333333333337,0.9737029938668191,0.01908008499405323,8,8,guarded_pca_hybrid
1.0,22,scale_1500,1500,,0.6435252569877482,0.3916666666666667,0.9365558998857686,0.15251422691954408,8,8,guarded_pca_hybrid
1.0,23,scale_1500,1500,,0.6851739073566308,0.8866666666666667,0.8065466917255115,0.09953280120466373,20,20,guarded_pca_hybrid
1.0,24,scale_1500,1500,,0.619258899250306,0.26666666666666666,1.0,0.012961162918196217,5,5,guarded_pca_hybrid
1.0,25,scale_1500,1500,,0.6016485704173531,0.27619047619047615,0.9603375006882678,0.022076629955933364,7,7,guarded_pca_hybrid
1.0,26,scale_1500,1500,,0.641076273378776,0.3333333333333333,0.9347797664858383,0.2180703423911579,6,6,guarded_pca_hybrid
0.9,27,scale_1500,1500,,0.6250487725585843,0.5,0.8713112593319094,0.10413789963017042,9,10,guarded_pca_hybrid
1.0,28,scale_1500,1500,,0.5700000000000001,0.08,1.0,0.0,5,5,guarded_pca_hybrid
0.9310344827586207,29,scale_1500,1500,,0.6130646060170895,0.8482758620689655,0.6802900248619345,0.1341806341289201,27,29,guarded_pca_hybrid
1.0,30,scale_1500,1500,,0.6287929234801128,0.3416666666666667,0.9760722054983794,0.03268271894668747,8,8,guarded_pca_hybrid
1.0,31,scale_1500,1500,,0.632954258955255,0.7363636363636364,0.7794675588841873,0.10078096239021558,22,22,guarded_pca_hybrid
0.84375,32,scale_1500,1500,,0.6568289751791465,0.8666666666666667,0.7659273329420466,0.09451137697177081,27,32,guarded_pca_hybrid
0.8571428571428571,33,scale_1500,1500,,0.6820216164771526,0.8428571428571431,0.7066206236303916,0.41332993883075814,12,14,guarded_pca_hybrid
1.0,34,scale_1500,1500,,0.613032459377737,0.3416666666666667,0.9489425569028972,0.028486932072384792,8,8,guarded_pca_hybrid
1.0,35,scale_1500,1500,,0.6633704108387964,0.5155555555555557,0.9528125029197743,0.052173226720158436,15,15,guarded_pca_hybrid
0.7647058823529411,36,scale_1500,1500,,0.5645918558880479,0.3843137254901961,0.8313786625871643,0.05627580046279289,13,17,guarded_pca_hybrid
0.9230769230769231,37,scale_1500,1500,,0.6162942239058264,0.5974358974358974,0.8279390351408853,0.05784390109682564,24,26,guarded_pca_hybrid
0.625,38,scale_1500,1500,,0.5497300206827908,0.7041666666666666,0.6142979092548203,0.1791225196298647,10,16,guarded_pca_hybrid
1.0,39,scale_1500,1500,,0.6746547027563453,0.5422222222222222,0.9742287592438721,0.01636664808329986,15,15,guarded_pca_hybrid
1.0,40,scale_1500,1500,,0.7126816828235306,0.7411764705882353,0.9374524117232156,0.05894369364351597,17,17,guarded_pca_hybrid
1.0,41,scale_1500,1500,,0.6382455276844722,0.26666666666666666,1.0,0.1078943050890273,5,5,guarded_pca_hybrid
0.8,42,scale_1500,1500,,0.6004430280301365,0.36666666666666664,0.8756579401433149,0.13582247142323334,8,10,guarded_pca_hybrid
0.875,43,scale_1500,1500,,0.6314424105110475,0.6916666666666667,0.7767702525314519,0.15651052476041147,14,16,guarded_pca_hybrid
1.0,44,scale_1500,1500,,0.6382707125762096,0.4166666666666667,0.9623477247357575,0.0240639865243816,12,12,guarded_pca_hybrid
0.6,45,scale_1500,1500,,0.5523121953689993,0.37333333333333335,0.7580575333105972,0.21023609357418732,6,10,guarded_pca_hybrid
0.8,46,scale_1500,1500,,0.599752632750158,0.7288888888888889,0.616750151656142,0.39158913558528785,12,15,guarded_pca_hybrid
1.0,47,scale_1500,1500,,0.6072023134382891,0.21333333333333332,1.0,0.019344900524778653,5,5,guarded_pca_hybrid
1.0,48,scale_1500,1500,,0.6664236000530336,0.3333333333333333,0.951853575423813,0.29785400118301464,6,6,guarded_pca_hybrid
1.0,49,scale_1500,1500,,0.656462661826111,0.39999999999999997,0.9945018332324059,0.04743326774143982,7,7,guarded_pca_hybrid
0.5555555555555556,50,scale_1500,1500,,0.4600853588501045,0.19259259259259257,0.7187040718387122,0.08324985595332272,5,9,guarded_pca_hybrid
0.625,51,scale_1500,1500,,0.5259672107497679,0.21666666666666667,0.8367078641811083,0.05805609391745856,5,8,guarded_pca_hybrid
1.0,52,scale_1500,1500,,0.6356930607768133,0.26666666666666666,0.9991707439829928,0.09741242459750313,6,6,guarded_pca_hybrid
0.8333333333333334,53,scale_1500,1500,,0.5313548696334829,0.49444444444444446,0.7263009164378254,0.041391272407839214,20,24,guarded_pca_hybrid
1.0,54,scale_1500,1500,,0.6166666666666667,0.26666666666666666,1.0,0.0,5,5,guarded_pca_hybrid
1.0,55,scale_1500,1500,,0.6313760550883066,0.3222222222222222,1.0,0.004102497663754752,6,6,guarded_pca_hybrid
0.30434782608695654,56,scale_1500,1500,,0.4756841108383739,0.6869565217391304,0.48237571373381233,0.1931916892499728,7,23,guarded_pca_hybrid
1.0,57,scale_1500,1500,,0.6656351947723503,0.5666666666666667,0.9428468903522544,0.02701369205971809,14,14,guarded_pca_hybrid
1.0,58,scale_1500,1500,,0.6217804875918326,0.28888888888888886,0.9987822707433783,0.0011400823037609885,6,6,guarded_pca_hybrid
0.8333333333333334,59,scale_1500,1500,,0.5549939346834285,0.6888888888888888,0.6523144344056573,0.11999386769047342,15,18,guarded_pca_hybrid
0.9,60,scale_1500,1500,,0.5678712629172745,0.24666666666666667,0.9038599814752276,0.045408032196163045,9,10,guarded_pca_hybrid
1.0,61,scale_1500,1500,,0.6138118757440733,0.2533333333333333,1.0,0.002392712053699432,5,5,guarded_pca_hybrid
1.0,62,scale_1500,1500,,0.6213881703773597,0.26666666666666666,0.9871483898604488,0.05894944643723006,6,6,guarded_pca_hybrid
1.0,63,scale_1500,1500,,0.6634566930625737,0.43636363636363645,0.993270708181689,0.04033447235867783,11,11,guarded_pca_hybrid
0.9473684210526315,64,scale_1500,1500,,0.6506392094685548,0.7508771929824561,0.7964172173781218,0.12445220832486831,18,19,guarded_pca_hybrid
1.0,65,scale_1500,1500,,0.6443261627373638,0.4,0.9247457706869204,0.17857994429778765,8,8,guarded_pca_hybrid
1.0,66,scale_1500,1500,,0.613312115654889,0.4555555555555555,0.8847892649242611,0.06394565528828215,12,12,guarded_pca_hybrid
1.0,67,scale_1500,1500,,0.6259740123440533,0.4133333333333333,0.9216488016994703,0.07866919038005586,10,10,guarded_pca_hybrid
1.0,68,scale_1500,1500,,0.6298198149900255,0.31428571428571433,1.0,0.006241932092984315,7,7,guarded_pca_hybrid
0.875,69,scale_1500,1500,,0.6063352405865495,0.6666666666666666,0.7428436300471675,0.15552288696970387,14,16,guarded_pca_hybrid
0.7777777777777778,70,scale_1500,1500,,0.5975092600188862,0.48888888888888893,0.8231600552179255,0.11274503713402469,7,9,guarded_pca_hybrid
0.5454545454545454,71,scale_1500,1500,,0.5264761356399325,0.3090909090909091,0.7975820684301094,0.0526663536532243,6,11,guarded_pca_hybrid
1.0,72,scale_1500,1500,,0.5773703581078593,0.10666666666666666,1.0,0.003518457205962705,5,5,guarded_pca_hybrid
1.0,73,scale_1500,1500,,0.6145162961358398,0.3037037037037037,0.9749018950133639,0.011971639762818264,9,9,guarded_pca_hybrid
1.0,74,scale_1500,1500,,0.6047160421231641,0.28148148148148144,0.9555081374832858,0.044080980684932276,9,9,guarded_pca_hybrid
1.0,75,scale_1500,1500,,0.626497534009995,0.24,1.0,0.08248767004997427,5,5,guarded_pca_hybrid
1.0,76,scale_1500,1500,,0.6398890578062221,0.31111111111111106,0.9913415795695725,0.08436705632589682,6,6,guarded_pca_hybrid
0.8,77,scale_1500,1500,,0.6178822649908995,0.5333333333333333,0.802947090408581,0.21464015966423278,8,10,guarded_pca_hybrid
1.0,78,scale_1500,1500,,0.6423657595331626,0.4666666666666667,0.9209726422183255,0.09582069823208435,9,9,guarded_pca_hybrid
1.0,79,scale_1500,1500,,0.6003830478781771,0.30476190476190473,0.9390112371009529,0.03868195641088425,7,7,guarded_pca_hybrid
1.0,80,scale_1500,1500,,0.6053970103227444,0.35000000000000003,0.9153290492143469,0.07233016627426786,8,8,guarded_pca_hybrid
1.0,81,scale_1500,1500,,0.5979287948049173,0.23333333333333334,0.9754593808657694,0.01546400997705385,8,8,guarded_pca_hybrid
1.0,82,scale_1500,1500,,0.6367176885074455,0.3743589743589743,0.9774111375965668,0.02775909619795118,13,13,guarded_pca_hybrid
1.0,83,scale_1500,1500,,0.6143955118380098,0.358974358974359,0.9447978197739768,0.025065606093663224,13,13,guarded_pca_hybrid
1.0,84,scale_1500,1500,,0.6018117046761408,0.18666666666666668,1.0,0.025725190047370228,5,5,guarded_pca_hybrid
0.8181818181818182,85,scale_1500,1500,,0.5805971210079168,0.3939393939393939,0.8568794119593867,0.05414297972702852,9,11,guarded_pca_hybrid
1.0,86,scale_1500,1500,,0.6282094187133501,0.3393939393939394,0.9836921646205145,0.011651216617911806,11,11,guarded_pca_hybrid
1.0,87,scale_1500,1500,,0.5902402681336436,0.16,1.0,0.0012013406682180332,5,5,guarded_pca_hybrid
1.0,88,scale_1500,1500,,0.6225124273477962,0.375,0.9496928825753239,0.03215670965684,8,8,guarded_pca_hybrid
0.9545454545454546,89,scale_1500,1500,,0.6428137447719527,0.6151515151515151,0.8580052001534372,0.08561502949841793,21,22,guarded_pca_hybrid
1.0,90,scale_1500,1500,,0.652884141866788,0.48148148148148145,0.9130755069041072,0.15161121349579335,9,9,guarded_pca_hybrid
1.0,91,scale_1500,1500,,0.672620986619109,0.3333333333333333,0.9663849132320662,0.2888797550406958,6,6,guarded_pca_hybrid
1.0,92,scale_1500,1500,,0.6348518579652476,0.5266666666666666,0.8915499729953323,0.06416353075574019,10,10,guarded_pca_hybrid
1.0,93,scale_1500,1500,,0.6066666666666667,0.22666666666666666,1.0,0.0,5,5,guarded_pca_hybrid
1.0,94,scale_1500,1500,,0.6041611496042665,0.21333333333333332,1.0,0.004139081354664624,5,5,guarded_pca_hybrid
1.0,0,scale_1500,1500,1.0,0.0,0.7333333333333333,0.7563526299767375,0.6868357106381471,12,12,five_seed_stable
1.0,1,scale_1500,1500,0.875,0.0,0.4666666666666667,0.8973265095945019,0.2531480315136211,8,8,five_seed_stable
1.0,2,scale_1500,1500,0.8222222222222223,0.0,0.7962962962962963,0.7541671505438745,0.44573680560962875,18,18,five_seed_stable
0.8571428571428571,3,scale_1500,1500,0.6571428571428573,0.0,0.39999999999999997,0.9134437832162606,0.12747742195796374,6,7,five_seed_stable
1.0,4,scale_1500,1500,0.9199999999999999,0.0,0.24,1.0,0.11190234907186125,5,5,five_seed_stable
1.0,5,scale_1500,1500,0.9555555555555555,0.0,0.2740740740740741,0.8959826318176576,0.13306135682212478,9,9,five_seed_stable
1.0,6,scale_1500,1500,0.9777777777777779,0.0,0.8037037037037037,0.596126165421706,0.4493107739820109,18,18,five_seed_stable
1.0,7,scale_1500,1500,0.9800000000000001,0.0,0.5999999999999999,0.7917099633687217,0.36774136074561076,10,10,five_seed_stable
0.6470588235294118,8,scale_1500,1500,0.776470588235294,0.0,0.611764705882353,0.6015846502537066,0.28170103415830544,11,17,five_seed_stable
1.0,9,scale_1500,1500,0.8933333333333334,0.0,0.7288888888888889,0.7033110462908156,0.5691978380994934,15,15,five_seed_stable
0.9565217391304348,10,scale_1500,1500,0.9043478260869565,0.0,0.7391304347826086,0.7564261898981757,0.12229161335536017,22,23,five_seed_stable
0.9230769230769231,11,scale_1500,1500,0.8615384615384615,0.0,0.5897435897435898,0.8802285874957531,0.19835970396479674,12,13,five_seed_stable
1.0,12,scale_1500,1500,0.9692307692307693,0.0,0.6769230769230768,0.8073067768283864,0.2720680723945578,13,13,five_seed_stable
1.0,13,scale_1500,1500,1.0,0.0,0.7952380952380953,0.6784829443459611,0.5473803214285938,14,14,five_seed_stable
1.0,14,scale_1500,1500,0.8600000000000001,0.0,0.5266666666666666,0.9215582154539627,0.14091422590705205,10,10,five_seed_stable
0.3333333333333333,15,scale_1500,1500,0.39999999999999997,0.0,0.14444444444444446,0.9866757008676758,0.08746527319237993,2,6,five_seed_stable
0.8888888888888888,16,scale_1500,1500,0.7777777777777778,0.0,0.3851851851851852,0.9349654059994061,0.13401107953199082,8,9,five_seed_stable
1.0,17,scale_1500,1500,0.9200000000000002,0.0,0.5333333333333334,0.9152542427913462,0.35744738376094,10,10,five_seed_stable
1.0,18,scale_1500,1500,1.0,0.0,0.3333333333333333,0.8848580403200971,0.19964483407025047,6,6,five_seed_stable
0.0,19,scale_1500,1500,0.31428571428571433,0.0,0.3619047619047619,0.9679888059922767,0.04979409292794775,0,7,five_seed_stable
0.6956521739130435,20,scale_1500,1500,0.6521739130434783,0.0,0.6608695652173913,0.7719328669627169,0.16878672132587438,16,23,five_seed_stable
0.5833333333333334,21,scale_1500,1500,0.5499999999999999,0.0,0.4000000000000001,0.891976648625592,0.10585478190021243,7,12,five_seed_stable
0.6944444444444444,22,scale_1500,1500,0.5833333333333334,0.0,0.7592592592592593,0.7534416369847314,0.11480010161642651,25,36,five_seed_stable
1.0,23,scale_1500,1500,0.9866666666666667,0.0,0.7288888888888889,0.7690410536723183,0.37321931184908147,15,15,five_seed_stable
1.0,24,scale_1500,1500,1.0,0.0,0.40740740740740744,0.9253295084093186,0.10068981511247031,9,9,five_seed_stable
0.0,25,scale_1500,1500,0.2,0.0,0.16,1.0,5.803389813015526e-05,0,5,five_seed_stable
0.8571428571428571,26,scale_1500,1500,0.6285714285714287,0.0,0.33333333333333337,0.8694300073990056,0.16488266854785474,6,7,five_seed_stable
0.76,27,scale_1500,1500,0.7120000000000001,0.0,0.7440000000000001,0.8408276449457466,0.11593733205201676,19,25,five_seed_stable
1.0,28,scale_1500,1500,1.0,0.0,0.875,0.7089628738849334,0.630263541043769,16,16,five_seed_stable
0.9,29,scale_1500,1500,0.8400000000000001,0.0,0.36000000000000004,0.884938895480421,0.13336986411370494,9,10,five_seed_stable
0.0,30,scale_1500,1500,0.2,0.0,0.35000000000000003,0.9928491165354372,0.004827795411440157,0,8,five_seed_stable
1.0,31,scale_1500,1500,0.9111111111111112,0.0,0.4222222222222223,0.9319989378387705,0.16616306168254838,9,9,five_seed_stable
1.0,32,scale_1500,1500,0.875,0.0,0.3916666666666667,0.8754223918630625,0.3350089948877214,8,8,five_seed_stable
1.0,33,scale_1500,1500,0.8200000000000001,0.0,0.8566666666666668,0.7661986034737353,0.19152550199451263,20,20,five_seed_stable
1.0,34,scale_1500,1500,1.0,0.0,0.26666666666666666,1.0,0.10749247635910465,5,5,five_seed_stable
1.0,35,scale_1500,1500,0.95,0.0,0.42500000000000004,0.9192980347431405,0.06815627298990519,8,8,five_seed_stable
0.8,36,scale_1500,1500,0.8800000000000001,0.0,0.17333333333333334,1.0,0.0,4,5,five_seed_stable
0.8333333333333334,37,scale_1500,1500,0.8333333333333334,0.0,0.19999999999999998,0.9991245879001908,0.0025361919008971196,5,6,five_seed_stable
1.0,38,scale_1500,1500,0.9857142857142858,0.0,0.8428571428571431,0.8107086415044247,0.2630574774598941,14,14,five_seed_stable
1.0,39,scale_1500,1500,0.8400000000000001,0.0,0.857777777777778,0.7672015600419263,0.1472223225094865,30,30,five_seed_stable
0.9333333333333333,40,scale_1500,1500,0.9600000000000001,0.0,0.671111111111111,0.6981469930601563,0.22492673492346932,14,15,five_seed_stable
1.0,41,scale_1500,1500,0.775,0.0,0.29166666666666663,0.9304534863742158,0.07764567251799635,8,8,five_seed_stable
0.0,42,scale_1500,1500,0.4,0.0,0.30833333333333335,0.9745237216018194,0.057399516915777604,0,8,five_seed_stable
1.0,43,scale_1500,1500,0.9,0.0,0.36666666666666664,0.8945219017000692,0.13668926845680326,10,10,five_seed_stable
1.0,44,scale_1500,1500,0.8823529411764706,0.0,0.9803921568627452,0.7669113814661378,0.29172070936723155,17,17,five_seed_stable
1.0,45,scale_1500,1500,0.975,0.0,0.6916666666666667,0.9286720141396141,0.1393471014374235,16,16,five_seed_stable
0.5,46,scale_1500,1500,0.43333333333333335,0.0,0.19999999999999998,0.9962527958742234,0.003754884865877629,3,6,five_seed_stable
1.0,47,scale_1500,1500,0.8333333333333334,0.0,0.3,0.968884318983206,0.17208993459103666,6,6,five_seed_stable
0.75,48,scale_1500,1500,0.62,0.0,0.6233333333333333,0.8168698618637403,0.06939374502040671,15,20,five_seed_stable
0.2,49,scale_1500,1500,0.4,0.0,0.24,1.0,0.0,1,5,five_seed_stable
0.6666666666666666,50,scale_1500,1500,0.5333333333333333,0.0,0.3333333333333333,0.9552699832679399,0.08480787789441735,4,6,five_seed_stable
1.0,51,scale_1500,1500,0.8727272727272729,0.0,0.4606060606060607,0.9825446348111831,0.054705523155972435,11,11,five_seed_stable
1.0,52,scale_1500,1500,1.0,0.0,0.26666666666666666,0.9792916583594103,0.07185047598290031,6,6,five_seed_stable
0.9090909090909091,53,scale_1500,1500,0.8,0.0,0.4181818181818182,0.8763236773190953,0.10416752579429686,10,11,five_seed_stable
0.75,54,scale_1500,1500,0.725,0.0,0.30000000000000004,0.9529708534395789,0.03677401925317416,6,8,five_seed_stable
0.0,55,scale_1500,1500,0.2571428571428572,0.0,0.2095238095238095,0.9947798712439673,0.008961216459628796,0,7,five_seed_stable
1.0,56,scale_1500,1500,0.9857142857142858,0.0,0.7619047619047618,0.9471362593479651,0.2691688978769232,14,14,five_seed_stable
1.0,57,scale_1500,1500,0.8714285714285716,0.0,0.5380952380952381,0.9057346418835858,0.08983274720395083,14,14,five_seed_stable
1.0,58,scale_1500,1500,0.6,0.0,0.15555555555555556,1.0,0.0,6,6,five_seed_stable
0.0,59,scale_1500,1500,0.24,0.0,0.08,1.0,0.0,0,5,five_seed_stable
0.38095238095238093,60,scale_1500,1500,0.41904761904761906,0.0,0.473015873015873,0.9051768930580955,0.049632109127017196,8,21,five_seed_stable
0.6521739130434783,61,scale_1500,1500,0.6,0.0,0.5333333333333333,0.8040367820398788,0.062003521324296984,15,23,five_seed_stable
0.8888888888888888,62,scale_1500,1500,0.9111111111111112,0.0,0.4148148148148148,0.907903199301535,0.07399442678224613,8,9,five_seed_stable
0.875,63,scale_1500,1500,0.775,0.0,0.24166666666666667,0.9903271892623697,0.006758211973918435,7,8,five_seed_stable
1.0,64,scale_1500,1500,0.9777777777777779,0.0,0.4222222222222223,0.8556442869533234,0.1401275374273235,9,9,five_seed_stable
0.6666666666666666,65,scale_1500,1500,0.5,0.0,0.2222222222222222,1.0,0.0,4,6,five_seed_stable
0.8333333333333334,66,scale_1500,1500,0.5333333333333333,0.0,0.25555555555555554,0.9935351585304466,0.021929615151229154,5,6,five_seed_stable
1.0,67,scale_1500,1500,0.9714285714285714,0.0,0.34285714285714286,0.9477591876466201,0.09967048159550311,7,7,five_seed_stable
0.5,68,scale_1500,1500,0.6399999999999999,0.0,0.36,0.8949668855477257,0.06117256633783063,5,10,five_seed_stable
0.9166666666666666,69,scale_1500,1500,0.9,0.0,0.4888888888888889,0.7896133252995226,0.16927317153582316,11,12,five_seed_stable
1.0,70,scale_1500,1500,0.9714285714285714,0.0,0.19047619047619047,0.9069230396844391,0.05785738165121666,7,7,five_seed_stable
0.9411764705882353,71,scale_1500,1500,0.9529411764705882,0.0,0.6313725490196079,0.6986331833895434,0.24810002158765357,16,17,five_seed_stable
0.5,72,scale_1500,1500,0.6199999999999999,0.0,0.28,0.9409737268318862,0.03513076244332354,5,10,five_seed_stable
0.0,73,scale_1500,1500,0.37142857142857144,0.0,0.18095238095238095,0.981854835371338,0.021735806923562712,0,7,five_seed_stable
0.7692307692307693,74,scale_1500,1500,0.8153846153846155,0.0,0.4461538461538461,0.948148527504335,0.03637307272782902,10,13,five_seed_stable
0.0,75,scale_1500,1500,0.4,0.0,0.26666666666666666,1.0,0.050341844820638255,0,5,five_seed_stable
1.0,76,scale_1500,1500,0.9076923076923078,0.0,0.7179487179487178,0.8468970764267052,0.15833666931230495,13,13,five_seed_stable
0.0,77,scale_1500,1500,0.36,0.0,0.18666666666666668,1.0,0.014499231953125587,0,5,five_seed_stable
0.0,78,scale_1500,1500,0.4,0.0,0.16,1.0,0.0,0,5,five_seed_stable
0.7142857142857143,79,scale_1500,1500,0.6571428571428571,0.0,0.2952380952380952,0.9745669990080181,0.02389738728338825,5,7,five_seed_stable
0.75,80,scale_1500,1500,0.775,0.0,0.225,0.9020352986174738,0.060073641224351375,6,8,five_seed_stable
1.0,81,scale_1500,1500,0.9555555555555555,0.0,0.4666666666666667,0.8655277583488963,0.24530256124267602,9,9,five_seed_stable
1.0,82,scale_1500,1500,0.8444444444444444,0.0,0.35555555555555557,0.9211876087174837,0.08767070268405606,9,9,five_seed_stable
0.6111111111111112,83,scale_1500,1500,0.6111111111111112,0.0,0.7074074074074076,0.7945111644238131,0.0847719164859458,22,36,five_seed_stable
1.0,84,scale_1500,1500,0.9,0.0,0.35000000000000003,0.9277079703703479,0.0559223839628251,8,8,five_seed_stable
1.0,85,scale_1500,1500,0.9714285714285714,0.0,0.30476190476190473,0.9689219177502807,0.01974551212393798,7,7,five_seed_stable
1.0,86,scale_1500,1500,1.0,0.0,0.24,1.0,0.07131469995903582,5,5,five_seed_stable
0.5882352941176471,87,scale_1500,1500,0.6470588235294118,0.0,0.615686274509804,0.8928814954637004,0.06360311910764585,10,17,five_seed_stable
1.0,88,scale_1500,1500,0.9777777777777779,0.0,0.4666666666666667,0.8425834458389584,0.3276699126047979,9,9,five_seed_stable
1.0,89,scale_1500,1500,0.96,0.0,0.18666666666666668,1.0,0.004026050799466528,5,5,five_seed_stable
0.75,90,scale_1500,1500,0.775,0.0,0.275,0.8307458191138032,0.13517045331086644,6,8,five_seed_stable
0.8333333333333334,91,scale_1500,1500,0.8666666666666667,0.0,0.2333333333333333,0.920255672630641,0.15416504783540166,5,6,five_seed_stable
0.0,92,scale_1500,1500,0.2,0.0,0.07999999999999999,1.0,0.023143369927175143,0,5,five_seed_stable
0.625,93,scale_1500,1500,0.575,0.0,0.2416666666666667,0.9787266412115136,0.01653083033603969,5,8,five_seed_stable
1.0,94,scale_1500,1500,0.975,0.0,0.43333333333333335,0.8558848004656028,0.2667951430010094,8,8,five_seed_stable
0.8,95,scale_1500,1500,0.7999999999999999,0.0,0.2533333333333333,1.0,0.0,4,5,five_seed_stable
1.0,96,scale_1500,1500,0.9142857142857143,0.0,0.3238095238095238,0.9963737189956277,0.19657674442903508,7,7,five_seed_stable
1.0,97,scale_1500,1500,0.8999999999999999,0.0,0.2111111111111111,0.996188055731742,0.004530060127601108,6,6,five_seed_stable
0.8333333333333334,98,scale_1500,1500,0.8333333333333334,0.0,0.2333333333333333,0.9999764172708779,2.7388266743835535e-05,5,6,five_seed_stable
1.0,0,scale_3000,3000,,0.0,0.9333333333333335,0.47020761374108094,0.4699829667393313,15,15,umap_hdbscan_native
1.0,1,scale_3000,3000,,0.0,0.6333333333333332,0.6576882799528169,0.09412439336941983,14,14,umap_hdbscan_native
1.0,2,scale_3000,3000,,0.0,0.7761904761904763,0.7757585485760873,0.047459844311422666,14,14,umap_hdbscan_native
1.0,3,scale_3000,3000,,0.0,0.8523809523809526,0.7670062402553797,0.02773794231157772,28,28,umap_hdbscan_native
1.0,4,scale_3000,3000,,0.0,0.9244444444444446,0.5919715967695905,0.08234838001884909,15,15,umap_hdbscan_native
1.0,5,scale_3000,3000,,0.0,0.3333333333333333,0.9992814634122856,0.037715277967444415,6,6,umap_hdbscan_native
1.0,6,scale_3000,3000,,0.0,0.3333333333333333,0.973993465592588,0.012760646851563279,6,6,umap_hdbscan_native
1.0,7,scale_3000,3000,,0.0,0.8380952380952381,0.6595848882030462,0.04776719350549549,14,14,umap_hdbscan_native
1.0,8,scale_3000,3000,,0.0,0.9942028985507246,0.7590410829780869,0.06684592454078502,23,23,umap_hdbscan_native
1.0,9,scale_3000,3000,,0.0,0.9878787878787879,0.5940051249071673,0.08826701808529493,22,22,umap_hdbscan_native
1.0,10,scale_3000,3000,,0.0,0.30476190476190473,0.8342564691983452,0.022379766438457467,7,7,umap_hdbscan_native
1.0,11,scale_3000,3000,,0.0,0.820289855072464,0.7391433556799945,0.028106948472326844,23,23,umap_hdbscan_native
1.0,12,scale_3000,3000,,0.0,0.5999999999999999,0.9243556835813397,0.04894635322583206,11,11,umap_hdbscan_native
1.0,13,scale_3000,3000,,0.0,0.31111111111111106,0.955251276285961,0.03066881318977237,6,6,umap_hdbscan_native
1.0,14,scale_3000,3000,,0.0,0.3888888888888889,0.6203768743711598,0.021565492446218228,18,18,umap_hdbscan_native
1.0,15,scale_3000,3000,,0.0,0.31111111111111106,0.8996136056662382,0.0257086680262534,6,6,umap_hdbscan_native
1.0,16,scale_3000,3000,,0.0,0.33333333333333337,0.8838353698103087,0.013058094724510999,8,8,umap_hdbscan_native
1.0,17,scale_3000,3000,,0.0,0.8492753623188406,0.6671337680659623,0.0667962417254081,23,23,umap_hdbscan_native
1.0,18,scale_3000,3000,,0.0,0.9641025641025641,0.5933510434450818,0.04728890538438214,26,26,umap_hdbscan_native
1.0,19,scale_3000,3000,,0.0,0.8947368421052632,0.7848301645178686,0.053986524048580516,19,19,umap_hdbscan_native
1.0,20,scale_3000,3000,,0.0,0.26666666666666666,1.0,0.003387296113654755,5,5,umap_hdbscan_native
1.0,21,scale_3000,3000,,0.0,0.26666666666666666,1.0,0.0009785037322790993,5,5,umap_hdbscan_native
1.0,22,scale_3000,3000,,0.0,0.13333333333333336,1.0,0.0010661380097794532,5,5,umap_hdbscan_native
1.0,23,scale_3000,3000,,0.0,0.32222222222222224,0.9052552719754118,0.009593491508341954,12,12,umap_hdbscan_native
1.0,24,scale_3000,3000,,0.0,0.7222222222222222,0.585945598600475,0.13029024906773262,12,12,umap_hdbscan_native
1.0,25,scale_3000,3000,,0.0,0.7449275362318842,0.8021533409351376,0.024757276045595335,23,23,umap_hdbscan_native
1.0,26,scale_3000,3000,,0.0,0.19999999999999998,0.9840422668856813,0.0009412710340243651,7,7,umap_hdbscan_native
1.0,27,scale_3000,3000,,0.0,0.7185185185185186,0.7217416019177386,0.02079473993277743,18,18,umap_hdbscan_native
1.0,28,scale_3000,3000,,0.0,0.8696969696969696,0.5084823588076134,0.05159553449841125,22,22,umap_hdbscan_native
1.0,29,scale_3000,3000,,0.0,0.48888888888888893,0.9340115366339334,0.02752402499326897,9,9,umap_hdbscan_native
1.0,30,scale_3000,3000,,0.0,0.7055555555555554,0.6144687571119789,0.1102762798729132,12,12,umap_hdbscan_native
1.0,31,scale_3000,3000,,0.0,0.3333333333333333,0.9716960425526157,0.0200200205840255,6,6,umap_hdbscan_native
1.0,32,scale_3000,3000,,0.0,0.6791666666666667,0.8030839016639312,0.01843810983094106,16,16,umap_hdbscan_native
1.0,33,scale_3000,3000,,0.0,0.2533333333333333,1.0,0.03447913926693098,5,5,umap_hdbscan_native
1.0,34,scale_3000,3000,,0.0,0.16,1.0,0.0018141324965700429,5,5,umap_hdbscan_native
1.0,35,scale_3000,3000,,0.0,0.48148148148148145,0.9032789345749644,0.016648469807124987,9,9,umap_hdbscan_native
1.0,36,scale_3000,3000,,0.0,0.44583333333333336,0.928424278606384,0.012183033998285655,16,16,umap_hdbscan_native
1.0,37,scale_3000,3000,,0.0,0.8160000000000001,0.5783432105077041,0.037647090813988184,25,25,umap_hdbscan_native
1.0,38,scale_3000,3000,,0.0,0.5128205128205129,0.6297984946117121,0.054512985498526165,13,13,umap_hdbscan_native
1.0,39,scale_3000,3000,,0.0,0.6375,0.6051504449664877,0.04194917281844025,16,16,umap_hdbscan_native
1.0,40,scale_3000,3000,,0.0,0.3666666666666667,0.9221387070819086,0.009887441945361862,8,8,umap_hdbscan_native
1.0,41,scale_3000,3000,,0.0,0.43333333333333335,0.8650537375728026,0.007225576067789274,22,22,umap_hdbscan_native
1.0,42,scale_3000,3000,,0.0,0.6205128205128205,0.8298931427901641,0.019678001844123348,13,13,umap_hdbscan_native
1.0,43,scale_3000,3000,,0.0,0.7794871794871795,0.5416898426429868,0.01722602988434138,39,39,umap_hdbscan_native
1.0,44,scale_3000,3000,,0.0,0.6526315789473682,0.7151017941315246,0.021459226423625126,19,19,umap_hdbscan_native
1.0,45,scale_3000,3000,,0.0,0.33333333333333337,0.9429525604024275,0.004334635880388597,17,17,umap_hdbscan_native
1.0,46,scale_3000,3000,,0.0,0.31111111111111106,0.999752923935412,0.00831764611822535,6,6,umap_hdbscan_native
1.0,47,scale_3000,3000,,0.0,0.59,0.5457197680727176,0.028248225594230812,20,20,umap_hdbscan_native
1.0,48,scale_3000,3000,,0.0,0.5822222222222223,0.8304808151847978,0.015647301818215078,15,15,umap_hdbscan_native
1.0,49,scale_3000,3000,,0.0,0.4533333333333333,0.9725322841273751,0.00850033737637695,10,10,umap_hdbscan_native
1.0,50,scale_3000,3000,,0.0,0.3142857142857142,0.9819544423654064,0.002644583518678072,7,7,umap_hdbscan_native
1.0,51,scale_3000,3000,,0.0,0.795959595959596,0.5711932936197589,0.012959882874691802,33,33,umap_hdbscan_native
1.0,52,scale_3000,3000,,0.0,0.21333333333333332,1.0,0.005830985588659539,5,5,umap_hdbscan_native
1.0,53,scale_3000,3000,,0.0,0.15757575757575756,0.9635124980030806,0.002154522785503469,11,11,umap_hdbscan_native
1.0,54,scale_3000,3000,,0.0,1.0,0.6514476719426533,0.046912070522029996,30,30,umap_hdbscan_native
1.0,55,scale_3000,3000,,0.0,0.2533333333333333,1.0,0.010192530127094606,5,5,umap_hdbscan_native
1.0,56,scale_3000,3000,,0.0,0.24,1.0,0.003658727125206846,5,5,umap_hdbscan_native
1.0,57,scale_3000,3000,,0.0,0.3333333333333333,0.9947191809895163,0.002894939535171096,6,6,umap_hdbscan_native
1.0,58,scale_3000,3000,,0.0,0.21333333333333332,1.0,0.005739635151377072,5,5,umap_hdbscan_native
1.0,59,scale_3000,3000,,0.0,0.24,1.0,0.002413108186443778,5,5,umap_hdbscan_native
1.0,60,scale_3000,3000,,0.0,0.43809523809523804,0.8068459744380279,0.016630042355670473,21,21,umap_hdbscan_native
1.0,61,scale_3000,3000,,0.0,0.18095238095238095,0.9981095253061917,0.0007083563192881204,7,7,umap_hdbscan_native
1.0,62,scale_3000,3000,,0.0,0.5128205128205129,0.9304330587137435,0.011483534858414385,13,13,umap_hdbscan_native
1.0,63,scale_3000,3000,,0.0,0.45185185185185184,0.8896252950074444,0.015743546244078293,9,9,umap_hdbscan_native
1.0,64,scale_3000,3000,,0.0,0.26666666666666666,1.0,0.04490838199498792,5,5,umap_hdbscan_native
1.0,65,scale_3000,3000,,0.0,0.7095238095238096,0.7096835863791464,0.04469112165115261,14,14,umap_hdbscan_native
1.0,66,scale_3000,3000,,0.0,0.21333333333333332,1.0,0.005986651120175571,5,5,umap_hdbscan_native
1.0,67,scale_3000,3000,,0.0,0.4,0.9051723736147373,0.007551023131718148,8,8,umap_hdbscan_native
1.0,68,scale_3000,3000,,0.0,0.33333333333333337,0.9190113407809654,0.005472668266975298,8,8,umap_hdbscan_native
1.0,69,scale_3000,3000,,0.0,0.5444444444444444,0.6884422402258314,0.025044890657663844,12,12,umap_hdbscan_native
1.0,70,scale_3000,3000,,0.0,0.12,1.0,0.001219692576872832,5,5,umap_hdbscan_native
1.0,71,scale_3000,3000,,0.0,0.27619047619047615,0.925901964057186,0.006660284280568636,7,7,umap_hdbscan_native
1.0,72,scale_3000,3000,,0.0,0.551111111111111,0.7910001896306352,0.029400651647156665,15,15,umap_hdbscan_native
1.0,73,scale_3000,3000,,0.0,0.33333333333333337,0.8549900397449104,0.005884364623416007,13,13,umap_hdbscan_native
1.0,74,scale_3000,3000,,0.0,0.33333333333333337,0.938773254903432,0.006145771628784758,8,8,umap_hdbscan_native
1.0,75,scale_3000,3000,,0.0,0.17777777777777778,0.9825908475752391,0.0028643113717960805,6,6,umap_hdbscan_native
1.0,76,scale_3000,3000,,0.0,0.2952380952380952,0.9690587428727905,0.004926067588576105,7,7,umap_hdbscan_native
1.0,77,scale_3000,3000,,0.0,0.6799999999999999,0.7854172222295802,0.03154244374686752,15,15,umap_hdbscan_native
1.0,78,scale_3000,3000,,0.0,0.2222222222222222,0.9910191131073122,0.003337621036242106,6,6,umap_hdbscan_native
1.0,79,scale_3000,3000,,0.0,0.38333333333333336,0.9398569574615253,0.0065260909818897995,8,8,umap_hdbscan_native
1.0,80,scale_3000,3000,,0.0,0.18888888888888888,0.9570272264596635,0.006460079283231537,6,6,umap_hdbscan_native
1.0,81,scale_3000,3000,,0.0,0.16,1.0,0.0,5,5,umap_hdbscan_native
1.0,82,scale_3000,3000,,0.0,0.3714285714285714,0.9762439833516163,0.01242075257801483,7,7,umap_hdbscan_native
1.0,83,scale_3000,3000,,0.0,0.38333333333333336,0.8202590591890517,0.030977635573554617,8,8,umap_hdbscan_native
1.0,84,scale_3000,3000,,0.0,0.5259259259259258,0.878718260794558,0.005091689041624813,18,18,umap_hdbscan_native
1.0,85,scale_3000,3000,,0.0,0.09333333333333334,1.0,0.0009897349679364202,5,5,umap_hdbscan_native
1.0,86,scale_3000,3000,,0.0,0.24,1.0,0.005092388289292176,5,5,umap_hdbscan_native
1.0,87,scale_3000,3000,,0.0,0.6703703703703704,0.8460224512282696,0.020459436671779973,18,18,umap_hdbscan_native
1.0,88,scale_3000,3000,,0.0,0.4317460317460317,0.8256296944193116,0.013180425936269733,21,21,umap_hdbscan_native
1.0,89,scale_3000,3000,,0.0,0.9215686274509804,0.6890387055174633,0.06177057921316987,17,17,umap_hdbscan_native
1.0,90,scale_3000,3000,,0.0,0.12000000000000002,1.0,0.0003879237267136611,5,5,umap_hdbscan_native
1.0,91,scale_3000,3000,,0.0,0.5199999999999999,0.8298681010660361,0.007421766281404962,15,15,umap_hdbscan_native
1.0,92,scale_3000,3000,,0.0,0.10476190476190475,0.9896374863236879,0.001635641764246049,7,7,umap_hdbscan_native
1.0,93,scale_3000,3000,,0.0,0.8208333333333333,0.7098916395126513,0.030868327454846693,16,16,umap_hdbscan_native
1.0,94,scale_3000,3000,,0.0,0.6266666666666667,0.8268231592315134,0.007248113015951134,25,25,umap_hdbscan_native
1.0,95,scale_3000,3000,,0.0,0.45185185185185184,0.9702023197849733,0.014617283343094431,9,9,umap_hdbscan_native
1.0,96,scale_3000,3000,,0.0,0.4277777777777778,0.8945851567485468,0.00949273472039356,12,12,umap_hdbscan_native
1.0,97,scale_3000,3000,,0.0,0.788235294117647,0.5148284766769289,0.04591531171049003,17,17,umap_hdbscan_native
1.0,98,scale_3000,3000,,0.0,0.21333333333333332,1.0,0.0029597426951827183,5,5,umap_hdbscan_native
1.0,99,scale_3000,3000,,0.0,0.18666666666666668,1.0,0.0,5,5,umap_hdbscan_native
1.0,100,scale_3000,3000,,0.0,0.3692307692307693,0.9196661634938805,0.008444697980713248,13,13,umap_hdbscan_native
1.0,101,scale_3000,3000,,0.0,0.07777777777777778,0.9956108593874314,0.0008240320771274006,6,6,umap_hdbscan_native
1.0,102,scale_3000,3000,,0.0,0.25555555555555554,0.9976952349882479,0.0032012159741534895,6,6,umap_hdbscan_native
1.0,103,scale_3000,3000,,0.0,0.18888888888888888,0.9960021319390039,0.0004896517707892686,6,6,umap_hdbscan_native
1.0,104,scale_3000,3000,,0.0,0.36190476190476195,0.9910576261851011,0.001860323488104585,7,7,umap_hdbscan_native
1.0,105,scale_3000,3000,,0.0,0.3904761904761904,0.9486052788526679,0.010986192611240307,7,7,umap_hdbscan_native
1.0,106,scale_3000,3000,,0.0,0.16,1.0,0.003955758324971507,5,5,umap_hdbscan_native
1.0,107,scale_3000,3000,,0.0,0.5185185185185185,0.8028736632127245,0.06583228741355426,9,9,umap_hdbscan_native
1.0,108,scale_3000,3000,,0.0,0.5269841269841269,0.8956546314269767,0.008703791341691153,21,21,umap_hdbscan_native
1.0,109,scale_3000,3000,,0.0,0.32307692307692315,0.695195313848417,0.014829958330280984,13,13,umap_hdbscan_native
1.0,110,scale_3000,3000,,0.0,0.15999999999999998,1.0,0.0,5,5,umap_hdbscan_native
1.0,111,scale_3000,3000,,0.0,0.45,0.9923404692927025,0.00662446798084068,8,8,umap_hdbscan_native
1.0,112,scale_3000,3000,,0.0,0.2916666666666667,0.8436446674180201,0.023667416580546937,8,8,umap_hdbscan_native
1.0,113,scale_3000,3000,,0.0,0.34285714285714286,0.947340777188853,0.024086248027718537,7,7,umap_hdbscan_native
1.0,114,scale_3000,3000,,0.0,0.3,0.9809444745959609,0.004821295511153283,6,6,umap_hdbscan_native
1.0,115,scale_3000,3000,,0.0,0.38095238095238093,0.936581317313915,0.007585195601253929,7,7,umap_hdbscan_native
1.0,116,scale_3000,3000,,0.0,0.39999999999999997,0.9686020704634327,0.00424973944733331,12,12,umap_hdbscan_native
1.0,117,scale_3000,3000,,0.0,0.26666666666666666,0.9545817153407096,0.005807383752264469,8,8,umap_hdbscan_native
1.0,118,scale_3000,3000,,0.0,0.5303030303030303,0.7530144355582689,0.009634739327180532,22,22,umap_hdbscan_native
1.0,119,scale_3000,3000,,0.0,0.4666666666666667,0.8537417021698839,0.006197847573522927,16,16,umap_hdbscan_native
1.0,120,scale_3000,3000,,0.0,0.20833333333333334,0.9790583584998551,0.0031260701553092476,8,8,umap_hdbscan_native
1.0,121,scale_3000,3000,,0.0,0.3,0.9939065765179991,0.0004713201719646866,6,6,umap_hdbscan_native
1.0,122,scale_3000,3000,,0.0,0.48333333333333334,0.6605882942492649,0.013103392910315233,16,16,umap_hdbscan_native
1.0,123,scale_3000,3000,,0.0,0.23809523809523808,0.9938286267217457,0.0008195136009940718,7,7,umap_hdbscan_native
1.0,124,scale_3000,3000,,0.0,0.46222222222222226,0.9232577574489381,0.009427781301921139,15,15,umap_hdbscan_native
1.0,125,scale_3000,3000,,0.0,0.21333333333333332,1.0,0.0,5,5,umap_hdbscan_native
1.0,126,scale_3000,3000,,0.0,0.43333333333333335,0.9384477962143607,0.015584573510820121,8,8,umap_hdbscan_native
1.0,127,scale_3000,3000,,0.0,0.4666666666666667,0.8743260276180262,0.023556558945844523,9,9,umap_hdbscan_native
1.0,128,scale_3000,3000,,0.0,0.22857142857142856,0.9259186020770673,0.00868606867191616,7,7,umap_hdbscan_native
1.0,129,scale_3000,3000,,0.0,0.375,0.9667540990759322,0.004982961155382627,8,8,umap_hdbscan_native
1.0,130,scale_3000,3000,,0.0,0.3185185185185186,0.9063091241434404,0.005232556828266874,9,9,umap_hdbscan_native
1.0,131,scale_3000,3000,,0.0,0.905263157894737,0.7700972462492699,0.02337798748046727,19,19,umap_hdbscan_native
1.0,132,scale_3000,3000,,0.0,0.53015873015873,0.8514389013395712,0.009110202289642974,21,21,umap_hdbscan_native
1.0,133,scale_3000,3000,,0.0,0.26666666666666666,0.8367430518722936,0.006157248895246463,14,14,umap_hdbscan_native
1.0,134,scale_3000,3000,,0.0,0.3333333333333333,0.9941451286488796,0.01318139074076159,6,6,umap_hdbscan_native
1.0,135,scale_3000,3000,,0.0,0.6541666666666666,0.7076976820716003,0.01821592246154917,16,16,umap_hdbscan_native
1.0,136,scale_3000,3000,,0.0,0.3142857142857142,0.9578722482419695,0.006813208861869878,7,7,umap_hdbscan_native
1.0,137,scale_3000,3000,,0.0,0.3333333333333333,0.9996413743425913,0.015183573414755059,6,6,umap_hdbscan_native
1.0,138,scale_3000,3000,,0.0,0.43333333333333335,0.7113505053700647,0.012924266205833815,24,24,umap_hdbscan_native
1.0,139,scale_3000,3000,,0.0,0.3533333333333334,0.9758096473359199,0.002388648244744557,10,10,umap_hdbscan_native
1.0,140,scale_3000,3000,,0.0,0.26666666666666666,0.9269138715486445,0.003450698162093725,11,11,umap_hdbscan_native
1.0,141,scale_3000,3000,,0.0,0.2,1.0,0.0,5,5,umap_hdbscan_native
1.0,142,scale_3000,3000,,0.0,0.31111111111111106,0.9801940317305412,0.0038500128688635804,6,6,umap_hdbscan_native
1.0,143,scale_3000,3000,,0.0,0.38,0.9642501968914285,0.0033562014610977017,10,10,umap_hdbscan_native
1.0,144,scale_3000,3000,,0.0,0.2777777777777778,0.9649131145754087,0.0024231634911919047,12,12,umap_hdbscan_native
1.0,145,scale_3000,3000,,0.0,0.7876543209876545,0.5509584441611673,0.019387985435339254,27,27,umap_hdbscan_native
1.0,146,scale_3000,3000,,0.0,0.24,1.0,0.0006920017191690466,5,5,umap_hdbscan_native
1.0,147,scale_3000,3000,,0.0,0.24,1.0,8.55837539074446e-05,5,5,umap_hdbscan_native
1.0,148,scale_3000,3000,,0.0,0.6,0.8725057698061381,0.013627797565598386,15,15,umap_hdbscan_native
1.0,149,scale_3000,3000,,0.0,0.16666666666666666,0.9928431442867781,0.012286660349432248,6,6,umap_hdbscan_native
1.0,150,scale_3000,3000,,0.0,0.2769230769230769,0.9307621664295882,0.004754202180444373,13,13,umap_hdbscan_native
1.0,151,scale_3000,3000,,0.0,0.2333333333333333,0.9924708303633428,0.0025610893279533684,6,6,umap_hdbscan_native
1.0,152,scale_3000,3000,,0.0,0.44166666666666665,0.9718212340405634,0.0032236587779050853,8,8,umap_hdbscan_native
1.0,153,scale_3000,3000,,0.0,0.26666666666666666,0.87983018197838,0.025424882078888742,7,7,umap_hdbscan_native
1.0,154,scale_3000,3000,,0.0,0.19999999999999998,0.9996224453747428,0.0006529839360515226,6,6,umap_hdbscan_native
1.0,155,scale_3000,3000,,0.0,0.14666666666666667,1.0,0.0004442382219880614,5,5,umap_hdbscan_native
1.0,156,scale_3000,3000,,0.0,0.3846153846153847,0.918212451621877,0.005430679056036055,13,13,umap_hdbscan_native
1.0,157,scale_3000,3000,,0.0,0.5185185185185185,0.7848368518776166,0.037213215956628326,9,9,umap_hdbscan_native
1.0,158,scale_3000,3000,,0.0,0.25555555555555554,1.0,0.0017728423727399727,6,6,umap_hdbscan_native
1.0,159,scale_3000,3000,,0.0,0.2333333333333333,0.9987114754274719,0.00016100358904729936,6,6,umap_hdbscan_native
1.0,160,scale_3000,3000,,0.0,0.3636363636363637,0.8866627099428552,0.007336748963932248,11,11,umap_hdbscan_native
1.0,161,scale_3000,3000,,0.0,0.30769230769230765,0.9439794160479142,0.0024862320011925666,13,13,umap_hdbscan_native
1.0,162,scale_3000,3000,,0.0,0.3647058823529412,0.9185316153773044,0.005244283784763156,17,17,umap_hdbscan_native
1.0,163,scale_3000,3000,,0.0,0.10666666666666666,1.0,0.0005468540873580283,5,5,umap_hdbscan_native
1.0,164,scale_3000,3000,,0.0,0.17333333333333334,1.0,0.0,5,5,umap_hdbscan_native
1.0,165,scale_3000,3000,,0.0,0.26,0.9613709798442654,0.0018158043464821297,10,10,umap_hdbscan_native
1.0,166,scale_3000,3000,,0.0,0.2205128205128206,0.9461326331546945,0.003644437945667002,13,13,umap_hdbscan_native
1.0,167,scale_3000,3000,,0.0,0.19047619047619047,0.9900250166538386,0.002242493110832012,7,7,umap_hdbscan_native
1.0,168,scale_3000,3000,,0.0,0.19999999999999998,0.9990535930402006,0.0008791689386919103,6,6,umap_hdbscan_native
1.0,169,scale_3000,3000,,0.0,0.13333333333333333,1.0,0.0009238956722974342,5,5,umap_hdbscan_native
1.0,170,scale_3000,3000,,0.0,0.31666666666666665,0.9751192470826127,0.004365356550413787,8,8,umap_hdbscan_native
1.0,171,scale_3000,3000,,0.0,0.3696969696969697,0.9393588032680925,0.0054769379369753,11,11,umap_hdbscan_native
1.0,172,scale_3000,3000,,0.0,0.13333333333333333,1.0,0.0,5,5,umap_hdbscan_native
1.0,173,scale_3000,3000,,0.0,0.43508771929824563,0.9891337506700001,0.0009727868521420674,19,19,umap_hdbscan_native
1.0,174,scale_3000,3000,,0.0,0.26666666666666666,0.9886865474153846,0.0007681257767076013,7,7,umap_hdbscan_native
1.0,175,scale_3000,3000,,0.0,0.2,1.0,0.0008279501412288846,5,5,umap_hdbscan_native
1.0,176,scale_3000,3000,,0.0,0.18888888888888888,0.9977582553708765,0.0007752264125423684,6,6,umap_hdbscan_native
0.4666666666666667,0,scale_3000,3000,,0.5859441142387942,0.9333333333333335,0.47020761374108094,0.4699829667393313,7,15,guarded_pca_hybrid
0.7142857142857143,1,scale_3000,3000,,0.5388867659812667,0.6333333333333332,0.6576882799528169,0.09412439336941983,10,14,guarded_pca_hybrid
0.8571428571428571,2,scale_3000,3000,,0.6302067896267516,0.7761904761904763,0.7757585485760873,0.047459844311422666,12,14,guarded_pca_hybrid
0.8928571428571429,3,scale_3000,3000,,0.6404962586980124,0.8523809523809526,0.7670062402553797,0.02773794231157772,25,28,guarded_pca_hybrid
0.6666666666666666,4,scale_3000,3000,,0.5731651653381556,0.9244444444444446,0.5919715967695905,0.08234838001884909,10,15,guarded_pca_hybrid
1.0,5,scale_3000,3000,,0.6404811938035794,0.3333333333333333,0.9992814634122856,0.037715277967444415,6,6,guarded_pca_hybrid
1.0,6,scale_3000,3000,,0.6215818687795694,0.3333333333333333,0.973993465592588,0.012760646851563279,6,6,guarded_pca_hybrid
0.7857142857142857,7,scale_3000,3000,,0.5818489367365841,0.8380952380952381,0.6595848882030462,0.04776719350549549,11,14,guarded_pca_hybrid
0.9565217391304348,8,scale_3000,3000,,0.679392505183786,0.9942028985507246,0.7590410829780869,0.06684592454078502,22,23,guarded_pca_hybrid
0.7272727272727273,9,scale_3000,3000,,0.5913259192856979,0.9878787878787879,0.5940051249071673,0.08826701808529493,16,22,guarded_pca_hybrid
0.7142857142857143,10,scale_3000,3000,,0.5395074875372576,0.30476190476190473,0.8342564691983452,0.022379766438457467,5,7,guarded_pca_hybrid
0.8695652173913043,11,scale_3000,3000,,0.6172226990865783,0.820289855072464,0.7391433556799945,0.028106948472326844,20,23,guarded_pca_hybrid
0.9090909090909091,12,scale_3000,3000,,0.6681848966149032,0.5999999999999999,0.9243556835813397,0.04894635322583206,10,11,guarded_pca_hybrid
1.0,13,scale_3000,3000,,0.6092997423730109,0.31111111111111106,0.955251276285961,0.03066881318977237,6,6,guarded_pca_hybrid
0.5555555555555556,14,scale_3000,3000,,0.44274260161560375,0.3888888888888889,0.6203768743711598,0.021565492446218228,10,18,guarded_pca_hybrid
0.8333333333333334,15,scale_3000,3000,,0.5777069944994596,0.31111111111111106,0.8996136056662382,0.0257086680262534,5,6,guarded_pca_hybrid
0.875,16,scale_3000,3000,,0.5720544056739054,0.33333333333333337,0.8838353698103087,0.013058094724510999,7,8,guarded_pca_hybrid
0.7391304347826086,17,scale_3000,3000,,0.592601661361071,0.8492753623188406,0.6671337680659623,0.0667962417254081,17,23,guarded_pca_hybrid
0.6923076923076923,18,scale_3000,3000,,0.5768264959973124,0.9641025641025641,0.5933510434450818,0.04728890538438214,18,26,guarded_pca_hybrid
0.9473684210526315,19,scale_3000,3000,,0.6661381058208594,0.8947368421052632,0.7848301645178686,0.053986524048580516,18,19,guarded_pca_hybrid
1.0,20,scale_3000,3000,,0.6173441258893977,0.26666666666666666,1.0,0.003387296113654755,5,5,guarded_pca_hybrid
1.0,21,scale_3000,3000,,0.6168623674131225,0.26666666666666666,1.0,0.0009785037322790993,5,5,guarded_pca_hybrid
1.0,22,scale_3000,3000,,0.5835465609352892,0.13333333333333336,1.0,0.0010661380097794532,5,5,guarded_pca_hybrid
0.9166666666666666,23,scale_3000,3000,,0.5803646534437004,0.32222222222222224,0.9052552719754118,0.009593491508341954,11,12,guarded_pca_hybrid
0.5833333333333334,24,scale_3000,3000,,0.5288836845993635,0.7222222222222222,0.585945598600475,0.13029024906773262,7,12,guarded_pca_hybrid
0.9130434782608695,25,scale_3000,3000,,0.6323676767814157,0.7449275362318842,0.8021533409351376,0.024757276045595335,21,23,guarded_pca_hybrid
1.0,26,scale_3000,3000,,0.5914115009939298,0.19999999999999998,0.9840422668856813,0.0009412710340243651,7,7,guarded_pca_hybrid
0.7777777777777778,27,scale_3000,3000,,0.5807464586709413,0.7185185185185186,0.7217416019177386,0.02079473993277743,14,18,guarded_pca_hybrid
0.6818181818181818,28,scale_3000,3000,,0.507408646668112,0.8696969696969696,0.5084823588076134,0.05159553449841125,15,22,guarded_pca_hybrid
1.0,29,scale_3000,3000,,0.6414333723695395,0.48888888888888893,0.9340115366339334,0.02752402499326897,9,9,guarded_pca_hybrid
0.5,30,scale_3000,3000,,0.53640196127506,0.7055555555555554,0.6144687571119789,0.1102762798729132,6,12,guarded_pca_hybrid
1.0,31,scale_3000,3000,,0.6217701608540771,0.3333333333333333,0.9716960425526157,0.0200200205840255,6,6,guarded_pca_hybrid
0.8125,32,scale_3000,3000,,0.6151754345480169,0.6791666666666667,0.8030839016639312,0.01843810983094106,13,16,guarded_pca_hybrid
1.0,33,scale_3000,3000,,0.6202291611867196,0.2533333333333333,1.0,0.03447913926693098,5,5,guarded_pca_hybrid
1.0,34,scale_3000,3000,,0.5903628264993139,0.16,1.0,0.0018141324965700429,5,5,guarded_pca_hybrid
0.8888888888888888,35,scale_3000,3000,,0.6205034783480259,0.48148148148148145,0.9032789345749644,0.016648469807124987,8,9,guarded_pca_hybrid
0.9375,36,scale_3000,3000,,0.6245282933665017,0.44583333333333336,0.928424278606384,0.012183033998285655,15,16,guarded_pca_hybrid
0.68,37,scale_3000,3000,,0.5296181839420349,0.8160000000000001,0.5783432105077041,0.037647090813988184,17,25,guarded_pca_hybrid
0.6153846153846154,38,scale_3000,3000,,0.48549689734127516,0.5128205128205129,0.6297984946117121,0.054512985498526165,8,13,guarded_pca_hybrid
0.5,39,scale_3000,3000,,0.5005975792952563,0.6375,0.6051504449664877,0.04194917281844025,8,16,guarded_pca_hybrid
1.0,40,scale_3000,3000,,0.6008204439507888,0.3666666666666667,0.9221387070819086,0.009887441945361862,8,8,guarded_pca_hybrid
1.0,41,scale_3000,3000,,0.5855580042119327,0.43333333333333335,0.8650537375728026,0.007225576067789274,22,22,guarded_pca_hybrid
0.8461538461538461,42,scale_3000,3000,,0.6155050340316202,0.6205128205128205,0.8298931427901641,0.019678001844123348,11,13,guarded_pca_hybrid
0.5641025641025641,43,scale_3000,3000,,0.4962464143023059,0.7794871794871795,0.5416898426429868,0.01722602988434138,22,39,guarded_pca_hybrid
0.631578947368421,44,scale_3000,3000,,0.5607557267939057,0.6526315789473682,0.7151017941315246,0.021459226423625126,12,19,guarded_pca_hybrid
1.0,45,scale_3000,3000,,0.6028241687307462,0.33333333333333337,0.9429525604024275,0.004334635880388597,17,17,guarded_pca_hybrid
1.0,46,scale_3000,3000,,0.6293054151658996,0.31111111111111106,0.999752923935412,0.00831764611822535,6,6,guarded_pca_hybrid
0.4,47,scale_3000,3000,,0.4532955175588408,0.59,0.5457197680727176,0.028248225594230812,8,20,guarded_pca_hybrid
0.9333333333333333,48,scale_3000,3000,,0.6054494642708373,0.5822222222222223,0.8304808151847978,0.015647301818215078,14,15,guarded_pca_hybrid
1.0,49,scale_3000,3000,,0.6499261570786651,0.4533333333333333,0.9725322841273751,0.00850033737637695,10,10,guarded_pca_hybrid
1.0,50,scale_3000,3000,,0.6191752885761377,0.3142857142857142,0.9819544423654064,0.002644583518678072,7,7,guarded_pca_hybrid
0.6363636363636364,51,scale_3000,3000,,0.5157381870557047,0.795959595959596,0.5711932936197589,0.012959882874691802,21,33,guarded_pca_hybrid
1.0,52,scale_3000,3000,,0.6044995304510653,0.21333333333333332,1.0,0.005830985588659539,5,5,guarded_pca_hybrid
1.0,53,scale_3000,3000,,0.5697567178527344,0.15757575757575756,0.9635124980030806,0.002154522785503469,11,11,guarded_pca_hybrid
0.8,54,scale_3000,3000,,0.6176786336728651,1.0,0.6514476719426533,0.046912070522029996,24,30,guarded_pca_hybrid
1.0,55,scale_3000,3000,,0.6153718393587523,0.2533333333333333,1.0,0.010192530127094606,5,5,guarded_pca_hybrid
1.0,56,scale_3000,3000,,0.6107317454250414,0.24,1.0,0.003658727125206846,5,5,guarded_pca_hybrid
1.0,57,scale_3000,3000,,0.6310078707846016,0.3333333333333333,0.9947191809895163,0.002894939535171096,6,6,guarded_pca_hybrid
1.0,58,scale_3000,3000,,0.6044812603636089,0.21333333333333332,1.0,0.005739635151377072,5,5,guarded_pca_hybrid
1.0,59,scale_3000,3000,,0.6104826216372887,0.24,1.0,0.002413108186443778,5,5,guarded_pca_hybrid
0.8571428571428571,60,scale_3000,3000,,0.5566151039358589,0.43809523809523804,0.8068459744380279,0.016630042355670473,18,21,guarded_pca_hybrid
1.0,61,scale_3000,3000,,0.5943400054203584,0.18095238095238095,0.9981095253061917,0.0007083563192881204,7,7,guarded_pca_hybrid
1.0,62,scale_3000,3000,,0.6422400174693699,0.5128205128205129,0.9304330587137435,0.011483534858414385,13,13,guarded_pca_hybrid
1.0,63,scale_3000,3000,,0.605405584465873,0.45185185185185184,0.8896252950074444,0.015743546244078293,9,9,guarded_pca_hybrid
1.0,64,scale_3000,3000,,0.6256483430656643,0.26666666666666666,1.0,0.04490838199498792,5,5,guarded_pca_hybrid
0.7142857142857143,65,scale_3000,3000,,0.5766451492197133,0.7095238095238096,0.7096835863791464,0.04469112165115261,10,14,guarded_pca_hybrid
1.0,66,scale_3000,3000,,0.6045306635573685,0.21333333333333332,1.0,0.005986651120175571,5,5,guarded_pca_hybrid
0.875,67,scale_3000,3000,,0.5993550101144492,0.4,0.9051723736147373,0.007551023131718148,7,8,guarded_pca_hybrid
1.0,68,scale_3000,3000,,0.5898841044162594,0.33333333333333337,0.9190113407809654,0.005472668266975298,8,8,guarded_pca_hybrid
0.5,69,scale_3000,3000,,0.5197633213668512,0.5444444444444444,0.6884422402258314,0.025044890657663844,6,12,guarded_pca_hybrid
1.0,70,scale_3000,3000,,0.5802439385153746,0.12,1.0,0.001219692576872832,5,5,guarded_pca_hybrid
0.8571428571428571,71,scale_3000,3000,,0.5796257561351851,0.27619047619047615,0.925901964057186,0.006660284280568636,6,7,guarded_pca_hybrid
0.9333333333333333,72,scale_3000,3000,,0.5787080124040586,0.551111111111111,0.7910001896306352,0.029400651647156665,14,15,guarded_pca_hybrid
0.8461538461538461,73,scale_3000,3000,,0.5547547281177173,0.33333333333333337,0.8549900397449104,0.005884364623416007,11,13,guarded_pca_hybrid
0.875,74,scale_3000,3000,,0.6008877778559779,0.33333333333333337,0.938773254903432,0.006145771628784758,7,8,guarded_pca_hybrid
1.0,75,scale_3000,3000,,0.5854422728851852,0.17777777777777778,0.9825908475752391,0.0028643113717960805,6,6,guarded_pca_hybrid
1.0,76,scale_3000,3000,,0.6077770459072738,0.2952380952380952,0.9690587428727905,0.004926067588576105,7,7,guarded_pca_hybrid
0.8,77,scale_3000,3000,,0.6082879609756426,0.6799999999999999,0.7854172222295802,0.03154244374686752,12,15,guarded_pca_hybrid
1.0,78,scale_3000,3000,,0.6012835919718258,0.2222222222222222,0.9910191131073122,0.003337621036242106,6,6,guarded_pca_hybrid
1.0,79,scale_3000,3000,,0.6140598781335502,0.38333333333333336,0.9398569574615253,0.0065260909818897995,8,8,guarded_pca_hybrid
1.0,80,scale_3000,3000,,0.5748792126316836,0.18888888888888888,0.9570272264596635,0.006460079283231537,6,6,guarded_pca_hybrid
1.0,81,scale_3000,3000,,0.5900000000000001,0.16,1.0,0.0,5,5,guarded_pca_hybrid
1.0,82,scale_3000,3000,,0.6322754842161348,0.3714285714285714,0.9762439833516163,0.01242075257801483,7,7,guarded_pca_hybrid
0.75,83,scale_3000,3000,,0.5531713430020229,0.38333333333333336,0.8202590591890517,0.030977635573554617,6,8,guarded_pca_hybrid
1.0,84,scale_3000,3000,,0.6157948627268133,0.5259259259259258,0.878718260794558,0.005091689041624813,18,18,guarded_pca_hybrid
1.0,85,scale_3000,3000,,0.5735312803269207,0.09333333333333334,1.0,0.0009897349679364202,5,5,guarded_pca_hybrid
1.0,86,scale_3000,3000,,0.6110184776578584,0.24,1.0,0.005092388289292176,5,5,guarded_pca_hybrid
0.9444444444444444,87,scale_3000,3000,,0.6369968281024968,0.6703703703703704,0.8460224512282696,0.020459436671779973,17,18,guarded_pca_hybrid
0.8095238095238095,88,scale_3000,3000,,0.5646689250543832,0.4317460317460317,0.8256296944193116,0.013180425936269733,17,21,guarded_pca_hybrid
0.8235294117647058,89,scale_3000,3000,,0.6217175607399837,0.9215686274509804,0.6890387055174633,0.06177057921316987,14,17,guarded_pca_hybrid
1.0,90,scale_3000,3000,,0.5800775847453428,0.12000000000000002,1.0,0.0003879237267136611,5,5,guarded_pca_hybrid
0.9333333333333333,91,scale_3000,3000,,0.5879118088426009,0.5199999999999999,0.8298681010660361,0.007421766281404962,14,15,guarded_pca_hybrid
1.0,92,scale_3000,3000,,0.5708182220213538,0.10476190476190475,0.9896374863236879,0.001635641764246049,7,7,guarded_pca_hybrid
0.75,93,scale_3000,3000,,0.6018224005562609,0.8208333333333333,0.7098916395126513,0.030868327454846693,12,16,guarded_pca_hybrid
1.0,94,scale_3000,3000,,0.6128690268471891,0.6266666666666667,0.8268231592315134,0.007248113015951134,25,25,guarded_pca_hybrid
1.0,95,scale_3000,3000,,0.6494976955133173,0.45185185185185184,0.9702023197849733,0.014617283343094431,9,9,guarded_pca_hybrid
1.0,96,scale_3000,3000,,0.6008648276002239,0.4277777777777778,0.8945851567485468,0.00949273472039356,12,12,guarded_pca_hybrid
0.35294117647058826,97,scale_3000,3000,,0.48939754804382063,0.788235294117647,0.5148284766769289,0.04591531171049003,6,17,guarded_pca_hybrid
1.0,98,scale_3000,3000,,0.6039252818723699,0.21333333333333332,1.0,0.0029597426951827183,5,5,guarded_pca_hybrid
1.0,99,scale_3000,3000,,0.5966666666666668,0.18666666666666668,1.0,0.0,5,5,guarded_pca_hybrid
1.0,100,scale_3000,3000,,0.5998130218254694,0.3692307692307693,0.9196661634938805,0.008444697980713248,13,13,guarded_pca_hybrid
1.0,101,scale_3000,3000,,0.5671952235229573,0.07777777777777778,0.9956108593874314,0.0008240320771274006,6,6,guarded_pca_hybrid
1.0,102,scale_3000,3000,,0.6132615113272559,0.25555555555555554,0.9976952349882479,0.0032012159741534895,6,6,guarded_pca_hybrid
1.0,103,scale_3000,3000,,0.5951213251428323,0.18888888888888888,0.9960021319390039,0.0004896517707892686,6,6,guarded_pca_hybrid
1.0,104,scale_3000,3000,,0.6359299495756171,0.36190476190476195,0.9910576261851011,0.001860323488104585,7,7,guarded_pca_hybrid
1.0,105,scale_3000,3000,,0.6215491895102631,0.3904761904761904,0.9486052788526679,0.010986192611240307,7,7,guarded_pca_hybrid
1.0,106,scale_3000,3000,,0.5907911516649944,0.16,1.0,0.003955758324971507,5,5,guarded_pca_hybrid
0.7777777777777778,107,scale_3000,3000,,0.5843766018793388,0.5185185185185185,0.8028736632127245,0.06583228741355426,7,9,guarded_pca_hybrid
1.0,108,scale_3000,3000,,0.6260968372992072,0.5269841269841269,0.8956546314269767,0.008703791341691153,21,21,guarded_pca_hybrid
0.5384615384615384,109,scale_3000,3000,,0.4660926450519163,0.32307692307692315,0.695195313848417,0.014829958330280984,7,13,guarded_pca_hybrid
1.0,110,scale_3000,3000,,0.5900000000000001,0.15999999999999998,1.0,0.0,5,5,guarded_pca_hybrid
1.0,111,scale_3000,3000,,0.6596121517071545,0.45,0.9923404692927025,0.00662446798084068,8,8,guarded_pca_hybrid
0.625,112,scale_3000,3000,,0.5416547170626872,0.2916666666666667,0.8436446674180201,0.023667416580546937,5,8,guarded_pca_hybrid
0.8571428571428571,113,scale_3000,3000,,0.6115689627736985,0.34285714285714286,0.947340777188853,0.024086248027718537,6,7,guarded_pca_hybrid
1.0,114,scale_3000,3000,,0.6154837201300092,0.3,0.9809444745959609,0.004821295511153283,6,6,guarded_pca_hybrid
1.0,115,scale_3000,3000,,0.6118748588809994,0.38095238095238093,0.936581317313915,0.007585195601253929,7,7,guarded_pca_hybrid
1.0,116,scale_3000,3000,,0.6335810866443548,0.39999999999999997,0.9686020704634327,0.00424973944733331,12,12,guarded_pca_hybrid
1.0,117,scale_3000,3000,,0.5928480868545098,0.26666666666666666,0.9545817153407096,0.005807383752264469,8,8,guarded_pca_hybrid
0.6818181818181818,118,scale_3000,3000,,0.5486606449982415,0.5303030303030303,0.7530144355582689,0.009634739327180532,15,22,guarded_pca_hybrid
1.0,119,scale_3000,3000,,0.5874641723748074,0.4666666666666667,0.8537417021698839,0.006197847573522927,16,16,guarded_pca_hybrid
1.0,120,scale_3000,3000,,0.5911906445393156,0.20833333333333334,0.9790583584998551,0.0031260701553092476,8,8,guarded_pca_hybrid
1.0,121,scale_3000,3000,,0.6217428811192924,0.3,0.9939065765179991,0.0004713201719646866,6,6,guarded_pca_hybrid
0.4375,122,scale_3000,3000,,0.486777573752492,0.48333333333333334,0.6605882942492649,0.013103392910315233,7,16,guarded_pca_hybrid
1.0,123,scale_3000,3000,,0.6062934569409685,0.23809523809523808,0.9938286267217457,0.0008195136009940718,7,7,guarded_pca_hybrid
1.0,124,scale_3000,3000,,0.6252328784128558,0.46222222222222226,0.9232577574489381,0.009427781301921139,15,15,guarded_pca_hybrid
1.0,125,scale_3000,3000,,0.6033333333333334,0.21333333333333332,1.0,0.0,5,5,guarded_pca_hybrid
0.875,126,scale_3000,3000,,0.6275965359533957,0.43333333333333335,0.9384477962143607,0.015584573510820121,7,8,guarded_pca_hybrid
1.0,127,scale_3000,3000,,0.60225729364575,0.4666666666666667,0.8743260276180262,0.023556558945844523,9,9,guarded_pca_hybrid
0.8571428571428571,128,scale_3000,3000,,0.5681353020196274,0.22857142857142856,0.9259186020770673,0.00868606867191616,6,7,guarded_pca_hybrid
1.0,129,scale_3000,3000,,0.6264613467228393,0.375,0.9667540990759322,0.004982961155382627,8,8,guarded_pca_hybrid
0.8888888888888888,130,scale_3000,3000,,0.5791461592741753,0.3185185185185186,0.9063091241434404,0.005232556828266874,8,9,guarded_pca_hybrid
0.9473684210526315,131,scale_3000,3000,,0.6545448724068762,0.905263157894737,0.7700972462492699,0.02337798748046727,18,19,guarded_pca_hybrid
0.9523809523809523,132,scale_3000,3000,,0.6026531187343753,0.53015873015873,0.8514389013395712,0.009110202289642974,20,21,guarded_pca_hybrid
0.7857142857142857,133,scale_3000,3000,,0.5281067949754775,0.26666666666666666,0.8367430518722936,0.006157248895246463,11,14,guarded_pca_hybrid
1.0,134,scale_3000,3000,,0.6327494322383694,0.3333333333333333,0.9941451286488796,0.01318139074076159,6,6,guarded_pca_hybrid
0.6875,135,scale_3000,3000,,0.5564185762983568,0.6541666666666666,0.7076976820716003,0.01821592246154917,11,16,guarded_pca_hybrid
1.0,136,scale_3000,3000,,0.6067638068768858,0.3142857142857142,0.9578722482419695,0.006813208861869878,7,7,guarded_pca_hybrid
1.0,137,scale_3000,3000,,0.6361728039047096,0.3333333333333333,0.9996413743425913,0.015183573414755059,6,6,guarded_pca_hybrid
0.625,138,scale_3000,3000,,0.5021609645280357,0.43333333333333335,0.7113505053700647,0.012924266205833815,15,24,guarded_pca_hybrid
1.0,139,scale_3000,3000,,0.6255063690170382,0.3533333333333334,0.9758096473359199,0.002388648244744557,10,10,guarded_pca_hybrid
1.0,140,scale_3000,3000,,0.5771594356508398,0.26666666666666666,0.9269138715486445,0.003450698162093725,11,11,guarded_pca_hybrid
1.0,141,scale_3000,3000,,0.6000000000000001,0.2,1.0,0.0,5,5,guarded_pca_hybrid
1.0,142,scale_3000,3000,,0.6176544978033482,0.31111111111111106,0.9801940317305412,0.0038500128688635804,6,6,guarded_pca_hybrid
1.0,143,scale_3000,3000,,0.6260088485825053,0.38,0.9642501968914285,0.0033562014610977017,10,10,guarded_pca_hybrid
1.0,144,scale_3000,3000,,0.6006312901591577,0.2777777777777778,0.9649131145754087,0.0024231634911919047,12,12,guarded_pca_hybrid
0.4074074074074074,145,scale_3000,3000,,0.5038183216226235,0.7876543209876545,0.5509584441611673,0.019387985435339254,11,27,guarded_pca_hybrid
1.0,146,scale_3000,3000,,0.6101384003438339,0.24,1.0,0.0006920017191690466,5,5,guarded_pca_hybrid
1.0,147,scale_3000,3000,,0.6100171167507816,0.24,1.0,8.55837539074446e-05,5,5,guarded_pca_hybrid
1.0,148,scale_3000,3000,,0.6326037329064957,0.6,0.8725057698061381,0.013627797565598386,15,15,guarded_pca_hybrid
1.0,149,scale_3000,3000,,0.5901877280942811,0.16666666666666666,0.9928431442867781,0.012286660349432248,6,6,guarded_pca_hybrid
1.0,150,scale_3000,3000,,0.5821008012031317,0.2769230769230769,0.9307621664295882,0.004754202180444373,13,13,guarded_pca_hybrid
1.0,151,scale_3000,3000,,0.6047045078987625,0.2333333333333333,0.9924708303633428,0.0025610893279533684,6,6,guarded_pca_hybrid
1.0,152,scale_3000,3000,,0.6455630771445575,0.44166666666666665,0.9718212340405634,0.0032236587779050853,8,8,guarded_pca_hybrid
0.7142857142857143,153,scale_3000,3000,,0.5556582431705535,0.26666666666666666,0.87983018197838,0.025424882078888742,5,7,guarded_pca_hybrid
1.0,154,scale_3000,3000,,0.5999229417433188,0.19999999999999998,0.9996224453747428,0.0006529839360515226,6,6,guarded_pca_hybrid
1.0,155,scale_3000,3000,,0.5867555143110644,0.14666666666666667,1.0,0.0004442382219880614,5,5,guarded_pca_hybrid
1.0,156,scale_3000,3000,,0.6022568303570857,0.3846153846153847,0.918212451621877,0.005430679056036055,13,13,guarded_pca_hybrid
0.6666666666666666,157,scale_3000,3000,,0.5687325413536445,0.5185185185185185,0.7848368518776166,0.037213215956628326,6,9,guarded_pca_hybrid
1.0,158,scale_3000,3000,,0.614243457363437,0.25555555555555554,1.0,0.0017728423727399727,6,6,guarded_pca_hybrid
1.0,159,scale_3000,3000,,0.6076568455362524,0.2333333333333333,0.9987114754274719,0.00016100358904729936,6,6,guarded_pca_hybrid
0.8181818181818182,160,scale_3000,3000,,0.5800409311704479,0.3636363636363637,0.8866627099428552,0.007336748963932248,9,11,guarded_pca_hybrid
1.0,161,scale_3000,3000,,0.5966090021496684,0.30769230769230765,0.9439794160479142,0.0024862320011925666,13,13,guarded_pca_hybrid
1.0,162,scale_3000,3000,,0.5974177158027053,0.3647058823529412,0.9185316153773044,0.005244283784763156,17,17,guarded_pca_hybrid
1.0,163,scale_3000,3000,,0.5767760374841384,0.10666666666666666,1.0,0.0005468540873580283,5,5,guarded_pca_hybrid
1.0,164,scale_3000,3000,,0.5933333333333335,0.17333333333333334,1.0,0.0,5,5,guarded_pca_hybrid
1.0,165,scale_3000,3000,,0.5941171997836425,0.26,0.9613709798442654,0.0018158043464821297,10,10,guarded_pca_hybrid
1.0,166,scale_3000,3000,,0.5762300409524206,0.2205128205128206,0.9461326331546945,0.003644437945667002,13,13,guarded_pca_hybrid
1.0,167,scale_3000,3000,,0.5925813054008253,0.19047619047619047,0.9900250166538386,0.002242493110832012,7,7,guarded_pca_hybrid
1.0,168,scale_3000,3000,,0.5996553099598487,0.19999999999999998,0.9990535930402006,0.0008791689386919103,6,6,guarded_pca_hybrid
1.0,169,scale_3000,3000,,0.5835181124677928,0.13333333333333333,1.0,0.0009238956722974342,5,5,guarded_pca_hybrid
1.0,170,scale_3000,3000,,0.6163553238721864,0.31666666666666665,0.9751192470826127,0.004365356550413787,8,8,guarded_pca_hybrid
1.0,171,scale_3000,3000,,0.6101669718090885,0.3696969696969697,0.9393588032680925,0.0054769379369753,11,11,guarded_pca_hybrid
1.0,172,scale_3000,3000,,0.5833333333333334,0.13333333333333333,1.0,0.0,5,5,guarded_pca_hybrid
1.0,173,scale_3000,3000,,0.6529900500634899,0.43508771929824563,0.9891337506700001,0.0009727868521420674,19,19,guarded_pca_hybrid
1.0,174,scale_3000,3000,,0.6105978929004697,0.26666666666666666,0.9886865474153846,0.0007681257767076013,7,7,guarded_pca_hybrid
1.0,175,scale_3000,3000,,0.6001655900282459,0.2,1.0,0.0008279501412288846,5,5,guarded_pca_hybrid
1.0,176,scale_3000,3000,,0.5961443079587128,0.18888888888888888,0.9977582553708765,0.0007752264125423684,6,6,guarded_pca_hybrid
1.0,0,scale_3000,3000,1.0,0.0,0.9333333333333335,0.5365017388756651,0.5360471829663295,15,15,five_seed_stable
0.3,1,scale_3000,3000,0.42000000000000004,0.0,0.48,0.8942954814351285,0.04859972286655993,3,10,five_seed_stable
1.0,2,scale_3000,3000,0.9090909090909091,0.0,0.6606060606060606,0.8898660192695048,0.05203621469883715,11,11,five_seed_stable
0.5333333333333333,3,scale_3000,3000,0.6800000000000002,0.0,0.7022222222222221,0.689577496852048,0.07479670306554559,8,15,five_seed_stable
1.0,4,scale_3000,3000,1.0,0.0,0.3333333333333333,0.9348727714006086,0.1098301864398272,6,6,five_seed_stable
0.0,5,scale_3000,3000,0.2,0.0,0.21333333333333332,1.0,0.036459786740513735,0,5,five_seed_stable
1.0,6,scale_3000,3000,1.0,0.0,0.3333333333333333,0.9116295964969381,0.22803629134545234,6,6,five_seed_stable
1.0,7,scale_3000,3000,1.0,0.0,0.3333333333333333,0.9670958660210381,0.08265174872426884,6,6,five_seed_stable
1.0,8,scale_3000,3000,1.0,0.0,0.26666666666666666,1.0,0.0369562606656925,5,5,five_seed_stable
0.6666666666666666,9,scale_3000,3000,0.7000000000000001,0.0,0.8083333333333335,0.5521180081069862,0.06289191440519734,16,24,five_seed_stable
1.0,10,scale_3000,3000,0.9818181818181819,0.0,0.6666666666666667,0.7150307914650885,0.18558423120875475,11,11,five_seed_stable
1.0,11,scale_3000,3000,0.975,0.0,0.33333333333333337,0.86191449231967,0.028220079484967412,8,8,five_seed_stable
1.0,12,scale_3000,3000,1.0,0.0,0.8947368421052632,0.5124800210786078,0.19241671016567766,19,19,five_seed_stable
0.8571428571428571,13,scale_3000,3000,0.8857142857142858,0.0,0.3619047619047619,0.8298042205384301,0.1007517058425748,6,7,five_seed_stable
1.0,14,scale_3000,3000,0.8956521739130435,0.0,0.8492753623188406,0.5665635119446301,0.12055937619730928,23,23,five_seed_stable
1.0,15,scale_3000,3000,0.8333333333333334,0.0,0.3888888888888889,0.5945778929953928,0.0517544045480038,18,18,five_seed_stable
0.9230769230769231,16,scale_3000,3000,0.9538461538461539,0.0,0.7128205128205127,0.6451299265660992,0.15931071208369765,12,13,five_seed_stable
0.9,17,scale_3000,3000,0.9199999999999999,0.0,0.5333333333333333,0.8088962113287804,0.08372541822201578,9,10,five_seed_stable
0.8666666666666667,18,scale_3000,3000,0.84,0.0,0.76,0.712554034925892,0.08244009407071574,13,15,five_seed_stable
0.9047619047619048,19,scale_3000,3000,0.7238095238095239,0.0,0.4507936507936508,0.6741785159992775,0.039160110445854455,19,21,five_seed_stable
1.0,20,scale_3000,3000,0.9846153846153847,0.0,0.7333333333333333,0.7595575293611178,0.0857476503487801,13,13,five_seed_stable
1.0,21,scale_3000,3000,0.9,0.0,0.31111111111111106,0.9876329297848323,0.02185636505829571,6,6,five_seed_stable
0.875,22,scale_3000,3000,0.8500000000000001,0.0,0.4666666666666667,0.9073200179789831,0.07982563850079372,7,8,five_seed_stable
1.0,23,scale_3000,3000,1.0,0.0,0.9878787878787879,0.5744591190479647,0.11805130115803622,22,22,five_seed_stable
1.0,24,scale_3000,3000,1.0,0.0,0.7897435897435899,0.8049912252198598,0.058410944814791976,13,13,five_seed_stable
0.0,25,scale_3000,3000,0.4,0.0,0.2533333333333333,1.0,0.0003398956726355712,0,5,five_seed_stable
1.0,26,scale_3000,3000,0.8923076923076925,0.0,0.5076923076923077,0.86462317379811,0.02877839321558958,13,13,five_seed_stable
0.7058823529411765,27,scale_3000,3000,0.7411764705882353,0.0,0.43921568627450974,0.465569335316285,0.10124656600914993,12,17,five_seed_stable
1.0,28,scale_3000,3000,0.8933333333333333,0.0,1.0,0.750890648956039,0.09497896115664306,30,30,five_seed_stable
1.0,29,scale_3000,3000,0.8636363636363638,0.0,0.8696969696969696,0.6361202416868911,0.06307115029768652,22,22,five_seed_stable
0.6666666666666666,30,scale_3000,3000,0.6,0.0,0.3222222222222222,0.9812723640043318,0.012833134909002092,4,6,five_seed_stable
0.875,31,scale_3000,3000,0.825,0.0,0.3916666666666667,0.9786592488130816,0.019793374668548268,7,8,five_seed_stable
1.0,32,scale_3000,3000,0.9272727272727272,0.0,0.6424242424242423,0.8225094029655707,0.10205067949653901,11,11,five_seed_stable
0.5,33,scale_3000,3000,0.5,0.0,0.3222222222222222,0.9238078067261065,0.06012180133610181,3,6,five_seed_stable
1.0,34,scale_3000,3000,0.925,0.0,0.6791666666666667,0.7618770389494347,0.06231041838996165,16,16,five_seed_stable
1.0,35,scale_3000,3000,1.0,0.0,0.3916666666666667,0.9268612366706945,0.07130570311918097,8,8,five_seed_stable
0.0,36,scale_3000,3000,0.4,0.0,0.2533333333333333,1.0,0.0054492292521471485,0,5,five_seed_stable
0.5625,37,scale_3000,3000,0.65,0.0,0.6166666666666667,0.8306711228551703,0.02760558814433085,9,16,five_seed_stable
1.0,38,scale_3000,3000,0.8545454545454547,0.0,0.9878787878787879,0.5974779584971105,0.14612770041939796,22,22,five_seed_stable
1.0,39,scale_3000,3000,1.0,0.0,0.6375,0.5259888971606526,0.16199416309348497,16,16,five_seed_stable
0.8,40,scale_3000,3000,0.5599999999999999,0.0,0.2,1.0,0.0,4,5,five_seed_stable
0.9285714285714286,41,scale_3000,3000,0.8428571428571431,0.0,0.5809523809523809,0.8195288691377607,0.04657591882758487,13,14,five_seed_stable
0.85,42,scale_3000,3000,0.7900000000000001,0.0,0.7666666666666667,0.7303027713228409,0.05401412973030118,17,20,five_seed_stable
0.8,43,scale_3000,3000,0.6799999999999999,0.0,0.12,0.9165322168851382,0.013515479344940646,8,10,five_seed_stable
1.0,44,scale_3000,3000,0.9857142857142858,0.0,0.7095238095238096,0.691589683483655,0.07865971611652266,14,14,five_seed_stable
0.8571428571428571,45,scale_3000,3000,0.6285714285714287,0.0,0.21904761904761902,0.9890414189091133,0.002982775473821317,6,7,five_seed_stable
0.9333333333333333,46,scale_3000,3000,0.8933333333333333,0.0,0.5866666666666666,0.7405879894493741,0.03158250873880487,14,15,five_seed_stable
0.625,47,scale_3000,3000,0.75,0.0,0.2833333333333333,0.9793049465444876,0.007073864070147885,5,8,five_seed_stable
0.5714285714285714,48,scale_3000,3000,0.5142857142857143,0.0,0.17142857142857143,0.990044224475937,0.001817131077455586,4,7,five_seed_stable
0.0,49,scale_3000,3000,0.3666666666666667,0.0,0.2111111111111111,0.9993162496705476,0.00017312971588670907,0,6,five_seed_stable
0.4444444444444444,50,scale_3000,3000,0.5111111111111112,0.0,0.22222222222222227,0.940743581490807,0.008441172564838869,4,9,five_seed_stable
0.6666666666666666,51,scale_3000,3000,0.5333333333333333,0.0,0.26666666666666666,0.9854175206575899,0.003948484951340215,4,6,five_seed_stable
0.16666666666666666,52,scale_3000,3000,0.43333333333333335,0.0,0.19999999999999998,0.9874835393719147,0.006261109477600675,1,6,five_seed_stable
1.0,53,scale_3000,3000,0.9444444444444444,0.0,0.9518518518518518,0.7908663892417278,0.10422402741602192,18,18,five_seed_stable
0.8181818181818182,54,scale_3000,3000,0.8181818181818182,0.0,0.3151515151515152,0.8918894954100676,0.037788624646280716,9,11,five_seed_stable
0.0,55,scale_3000,3000,0.2,0.0,0.06666666666666667,1.0,0.0008474487172057648,0,5,five_seed_stable
0.8181818181818182,56,scale_3000,3000,0.709090909090909,0.0,0.38787878787878793,0.9634628574107709,0.014473490839632685,9,11,five_seed_stable
1.0,57,scale_3000,3000,0.8500000000000001,0.0,0.3916666666666667,0.9239507372585279,0.08031397627119793,8,8,five_seed_stable
0.7142857142857143,58,scale_3000,3000,0.7714285714285715,0.0,0.23809523809523808,0.7793334280879493,0.1879307356995471,5,7,five_seed_stable
1.0,59,scale_3000,3000,1.0,0.0,0.21333333333333332,1.0,0.00821299100929158,5,5,five_seed_stable
0.875,60,scale_3000,3000,0.675,0.0,0.4083333333333333,0.9497227065953264,0.028264529909354474,7,8,five_seed_stable
0.6666666666666666,61,scale_3000,3000,0.5714285714285715,0.0,0.7238095238095238,0.5428139470300187,0.10074063818975101,14,21,five_seed_stable
1.0,62,scale_3000,3000,1.0,0.0,0.8166666666666668,0.6335795795512628,0.07472929240085041,24,24,five_seed_stable
0.8571428571428571,63,scale_3000,3000,0.7142857142857142,0.0,0.6571428571428571,0.7667754125975773,0.05630827430649085,12,14,five_seed_stable
0.23076923076923078,64,scale_3000,3000,0.4307692307692309,0.0,0.48717948717948717,0.8187203181446706,0.03248668547124795,3,13,five_seed_stable
0.7,65,scale_3000,3000,0.76,0.0,0.3466666666666667,0.7636926673305088,0.033256417049339786,7,10,five_seed_stable
0.875,66,scale_3000,3000,0.925,0.0,0.3666666666666667,0.9636714614639814,0.012688537679887217,7,8,five_seed_stable
1.0,67,scale_3000,3000,0.9100000000000001,0.0,0.7733333333333333,0.773006626855143,0.02642987531388763,20,20,five_seed_stable
0.0,68,scale_3000,3000,0.35000000000000003,0.0,0.20833333333333334,0.977778878301744,0.006100800997390533,0,8,five_seed_stable
1.0,69,scale_3000,3000,0.9333333333333332,0.0,0.3222222222222222,0.9552285890174975,0.020341171615665187,6,6,five_seed_stable
0.9285714285714286,70,scale_3000,3000,0.8285714285714288,0.0,0.49523809523809526,0.8427459289472466,0.025223708531681013,13,14,five_seed_stable
1.0,71,scale_3000,3000,0.7333333333333334,0.0,0.25555555555555554,0.9883957053969171,0.002784698444213315,6,6,five_seed_stable
1.0,72,scale_3000,3000,0.9733333333333333,0.0,0.5955555555555556,0.8778339670757578,0.04172539728574467,15,15,five_seed_stable
1.0,73,scale_3000,3000,0.7666666666666667,0.0,0.26666666666666666,0.9197491949989521,0.04437661583054769,6,6,five_seed_stable
1.0,74,scale_3000,3000,0.8,0.0,0.3555555555555555,0.9474612164852716,0.013329147382187302,9,9,five_seed_stable
0.8571428571428571,75,scale_3000,3000,0.8857142857142858,0.0,0.27619047619047615,0.9271976221523011,0.02844237174361092,6,7,five_seed_stable
0.8,76,scale_3000,3000,0.84,0.0,0.5333333333333333,0.6341772027784717,0.03754891847463935,12,15,five_seed_stable
1.0,77,scale_3000,3000,0.7999999999999999,0.0,0.3333333333333333,0.9067216454809751,0.04250905714540472,6,6,five_seed_stable
1.0,78,scale_3000,3000,0.975,0.0,0.22500000000000003,0.9538016262595885,0.009535043348027916,8,8,five_seed_stable
0.9230769230769231,79,scale_3000,3000,0.8615384615384616,0.0,0.35384615384615387,0.9297923152152989,0.01990019002640078,12,13,five_seed_stable
1.0,80,scale_3000,3000,0.9400000000000001,0.0,0.44666666666666666,0.875529294373476,0.015701469095494476,10,10,five_seed_stable
1.0,81,scale_3000,3000,0.9666666666666667,0.0,0.3333333333333333,0.947883916944139,0.049044945749656926,6,6,five_seed_stable
1.0,82,scale_3000,3000,0.8333333333333334,0.0,0.28888888888888886,0.9938505106389021,0.0015129396920015468,6,6,five_seed_stable
1.0,83,scale_3000,3000,0.9111111111111112,0.0,0.3185185185185186,0.9708169030362058,0.0052985089382315016,9,9,five_seed_stable
0.8888888888888888,84,scale_3000,3000,0.8222222222222222,0.0,0.4592592592592593,0.9903306888337249,0.003021936939021749,8,9,five_seed_stable
0.8,85,scale_3000,3000,0.64,0.0,0.13333333333333333,1.0,0.0010409489094818597,4,5,five_seed_stable
1.0,86,scale_3000,3000,0.9428571428571431,0.0,0.7142857142857142,0.8123263627995588,0.08169934564490945,14,14,five_seed_stable
1.0,87,scale_3000,3000,0.76,0.0,0.2533333333333333,1.0,0.006407597387982455,5,5,five_seed_stable
0.6666666666666666,88,scale_3000,3000,0.7333333333333334,0.0,0.26666666666666666,0.9984163494283123,0.0005615186610039225,4,6,five_seed_stable
0.9090909090909091,89,scale_3000,3000,0.9181818181818181,0.0,0.9090909090909093,0.6386557516465463,0.07569773625616569,20,22,five_seed_stable
0.9473684210526315,90,scale_3000,3000,0.8631578947368422,0.0,0.5052631578947369,0.7913914203687302,0.021216107219905335,18,19,five_seed_stable
1.0,91,scale_3000,3000,0.9666666666666667,0.0,0.3333333333333333,0.9398888798088215,0.054436407365052335,6,6,five_seed_stable
1.0,92,scale_3000,3000,0.9166666666666666,0.0,0.5944444444444444,0.8054831868483312,0.06867851050915029,12,12,five_seed_stable
0.4,93,scale_3000,3000,0.54,0.0,0.28666666666666674,0.9843816547773698,0.004025826473990964,4,10,five_seed_stable
0.7142857142857143,94,scale_3000,3000,0.6285714285714287,0.0,0.2571428571428571,0.9718257499081682,0.01671232649995385,5,7,five_seed_stable
0.6666666666666666,95,scale_3000,3000,0.6666666666666667,0.0,0.6984126984126985,0.7046803794504303,0.05138431348803981,14,21,five_seed_stable
1.0,96,scale_3000,3000,1.0,0.0,0.48148148148148145,0.9025710166140435,0.05875747748006176,9,9,five_seed_stable
0.0,97,scale_3000,3000,0.2,0.0,0.26666666666666666,1.0,0.008421422187452156,0,5,five_seed_stable
0.9090909090909091,98,scale_3000,3000,0.618181818181818,0.0,0.3757575757575758,0.8297850593044204,0.054651086964283696,10,11,five_seed_stable
0.6666666666666666,99,scale_3000,3000,0.6333333333333334,0.0,0.2333333333333333,0.98923524272776,0.011526832952634857,4,6,five_seed_stable
0.5,100,scale_3000,3000,0.5,0.0,0.7470588235294118,0.6418941502808967,0.02328416159436945,17,34,five_seed_stable
0.375,101,scale_3000,3000,0.4,0.0,0.3,0.8965527503324796,0.027972187298377922,3,8,five_seed_stable
0.631578947368421,102,scale_3000,3000,0.6947368421052632,0.0,0.6035087719298246,0.71879550261179,0.035839651813777816,12,19,five_seed_stable
0.9375,103,scale_3000,3000,0.8125,0.0,0.4458333333333333,0.7573551531196295,0.01868549385002598,15,16,five_seed_stable
0.9411764705882353,104,scale_3000,3000,0.9294117647058824,0.0,0.6627450980392157,0.6148299260357409,0.05107588168046927,16,17,five_seed_stable
0.75,105,scale_3000,3000,0.7666666666666666,0.0,0.4666666666666666,0.8309868331819104,0.023495747626175352,9,12,five_seed_stable
0.0,106,scale_3000,3000,0.32,0.0,0.24,1.0,0.0,0,5,five_seed_stable
1.0,107,scale_3000,3000,0.9600000000000002,0.0,0.5955555555555556,0.6819159994685478,0.05938779760286166,15,15,five_seed_stable
0.9166666666666666,108,scale_3000,3000,0.8333333333333334,0.0,0.688888888888889,0.7732559635546852,0.027357409081387788,22,24,five_seed_stable
0.7,109,scale_3000,3000,0.6399999999999999,0.0,0.36,0.9897308539653011,0.0044507356897003966,7,10,five_seed_stable
0.14285714285714285,110,scale_3000,3000,0.37142857142857144,0.0,0.21904761904761902,1.0,0.0009180171321336413,1,7,five_seed_stable
0.0,111,scale_3000,3000,0.19999999999999998,0.0,0.14444444444444446,1.0,0.0,0,6,five_seed_stable
0.9,112,scale_3000,3000,0.8,0.0,0.3866666666666667,0.9694031511241812,0.010015558842938437,9,10,five_seed_stable
1.0,113,scale_3000,3000,0.8,0.0,0.26666666666666666,1.0,0.0027814960998548016,5,5,five_seed_stable
1.0,114,scale_3000,3000,0.9333333333333332,0.0,0.3222222222222222,0.9766363050206208,0.008904596543849523,6,6,five_seed_stable
0.0,115,scale_3000,3000,0.2,0.0,0.2,1.0,0.01863698228640566,0,5,five_seed_stable
0.8888888888888888,116,scale_3000,3000,0.8666666666666667,0.0,0.4222222222222223,0.8544231792036053,0.050253540452339394,8,9,five_seed_stable
1.0,117,scale_3000,3000,0.9777777777777779,0.0,0.4666666666666667,0.9146980861660394,0.02109104834415223,9,9,five_seed_stable
0.38461538461538464,118,scale_3000,3000,0.4153846153846154,0.0,0.2923076923076924,0.9858440437046246,0.0015223783117292858,5,13,five_seed_stable
0.5294117647058824,119,scale_3000,3000,0.47058823529411764,0.0,0.39999999999999997,0.8997683788933287,0.010529033022344063,9,17,five_seed_stable
1.0,120,scale_3000,3000,0.6,0.0,0.3333333333333333,0.964200496477276,0.011354849984288045,6,6,five_seed_stable
0.7777777777777778,121,scale_3000,3000,0.6444444444444444,0.0,0.4222222222222223,0.9651795041179978,0.008480024052384032,7,9,five_seed_stable
1.0,122,scale_3000,3000,0.8833333333333333,0.0,0.5444444444444444,0.9170529865586712,0.011868788268992446,12,12,five_seed_stable
1.0,123,scale_3000,3000,0.8999999999999999,0.0,0.3333333333333333,0.9734732031463708,0.03682631770047739,6,6,five_seed_stable
0.7222222222222222,124,scale_3000,3000,0.6333333333333333,0.0,0.5259259259259259,0.7108376241807255,0.019631567946865245,13,18,five_seed_stable
0.8666666666666667,125,scale_3000,3000,0.6933333333333334,0.0,0.5333333333333333,0.9278942624701045,0.017185987488071264,13,15,five_seed_stable
0.5555555555555556,126,scale_3000,3000,0.5111111111111111,0.0,0.2074074074074074,0.9835617637551499,0.0018721203752843378,5,9,five_seed_stable
0.75,127,scale_3000,3000,0.75,0.0,0.5777777777777777,0.8887808653309989,0.03647124360089733,9,12,five_seed_stable
0.0,128,scale_3000,3000,0.32,0.0,0.26666666666666666,1.0,0.0029456903876457687,0,5,five_seed_stable
0.8888888888888888,129,scale_3000,3000,0.8222222222222223,0.0,0.4592592592592593,0.8830983863692945,0.03656590481143954,8,9,five_seed_stable
1.0,130,scale_3000,3000,0.6571428571428573,0.0,0.35238095238095235,0.9801037818359795,0.017902004759545165,7,7,five_seed_stable
0.8695652173913043,131,scale_3000,3000,0.8086956521739131,0.0,0.4144927536231884,0.8256070143534933,0.017010031761303578,20,23,five_seed_stable
0.7,132,scale_3000,3000,0.74,0.0,0.2733333333333334,0.7977519130198168,0.03224739003559692,7,10,five_seed_stable
0.9545454545454546,133,scale_3000,3000,0.9090909090909091,0.0,0.8363636363636363,0.7255184239439569,0.025461903247230497,21,22,five_seed_stable
0.6190476190476191,134,scale_3000,3000,0.7238095238095239,0.0,0.4317460317460317,0.7757211174659336,0.04171817390940362,13,21,five_seed_stable
0.29411764705882354,135,scale_3000,3000,0.4,0.0,0.3490196078431373,0.8795822855436952,0.009420101331198806,5,17,five_seed_stable
0.875,136,scale_3000,3000,0.575,0.0,0.43333333333333335,0.9721089226762879,0.009106591115275365,7,8,five_seed_stable
0.9230769230769231,137,scale_3000,3000,0.8923076923076922,0.0,0.33333333333333337,0.7887693783520332,0.024281543761128746,12,13,five_seed_stable
1.0,138,scale_3000,3000,0.9833333333333334,0.0,0.6,0.7849827922015913,0.03304616736855809,12,12,five_seed_stable
0.0,139,scale_3000,3000,0.19999999999999998,0.0,0.13333333333333333,0.9950365332825737,0.001303062131915874,0,7,five_seed_stable
0.75,140,scale_3000,3000,0.7875000000000001,0.0,0.4125,0.8128594099687658,0.012014654075539486,12,16,five_seed_stable
0.0,141,scale_3000,3000,0.32,0.0,0.08,1.0,0.0,0,5,five_seed_stable
0.39473684210526316,142,scale_3000,3000,0.43684210526315786,0.0,0.7894736842105263,0.6293898051205011,0.03265170707591046,15,38,five_seed_stable
1.0,143,scale_3000,3000,0.8333333333333334,0.0,0.26666666666666666,0.9945789561399078,0.007248422509148363,6,6,five_seed_stable
1.0,144,scale_3000,3000,0.76,0.0,0.3666666666666667,0.8771971985546809,0.02329417792031093,10,10,five_seed_stable
0.9230769230769231,145,scale_3000,3000,0.8615384615384616,0.0,0.3128205128205129,0.9526439697920902,0.007756868715764336,12,13,five_seed_stable
0.5,146,scale_3000,3000,0.55,0.0,0.3666666666666667,0.8670713825317026,0.023954056558200747,4,8,five_seed_stable
1.0,147,scale_3000,3000,0.8571428571428571,0.0,0.27619047619047615,0.9704713582206639,0.02114172883210555,7,7,five_seed_stable
0.4,148,scale_3000,3000,0.44000000000000006,0.0,0.07999999999999999,1.0,0.0,2,5,five_seed_stable
0.6666666666666666,149,scale_3000,3000,0.6333333333333333,0.0,0.3777777777777778,0.9531654749261578,0.004079995122637574,8,12,five_seed_stable
0.9090909090909091,150,scale_3000,3000,0.890909090909091,0.0,0.6121212121212122,0.7411944788817415,0.10621607443059977,10,11,five_seed_stable
0.9,151,scale_3000,3000,0.8,0.0,0.24000000000000005,0.9347128909090298,0.005786783024226708,9,10,five_seed_stable
0.375,152,scale_3000,3000,0.42500000000000004,0.0,0.25,0.944238655550543,0.009770788950352787,3,8,five_seed_stable
1.0,153,scale_3000,3000,0.6,0.0,0.21333333333333332,1.0,0.0,5,5,five_seed_stable
0.8,154,scale_3000,3000,0.72,0.0,0.26,0.9951966891509576,0.007861089926776319,8,10,five_seed_stable
1.0,155,scale_3000,3000,0.9333333333333333,0.0,0.3481481481481482,0.9935615703955415,0.004014949942921069,9,9,five_seed_stable
0.0,156,scale_3000,3000,0.3,0.0,0.13333333333333333,0.9966892345771328,0.0014353162253093494,0,6,five_seed_stable
0.875,157,scale_3000,3000,0.8,0.0,0.2,0.9826895266373672,0.009437601923435486,7,8,five_seed_stable
0.6666666666666666,158,scale_3000,3000,0.6666666666666666,0.0,0.15555555555555556,0.9983674201252694,0.0004251007381497883,4,6,five_seed_stable
0.5384615384615384,159,scale_3000,3000,0.5538461538461539,0.0,0.3025641025641026,0.9116819791941222,0.006370135908301139,7,13,five_seed_stable
0.0,160,scale_3000,3000,0.30000000000000004,0.0,0.31666666666666665,0.973954134604457,0.007114448778288503,0,8,five_seed_stable
0.8888888888888888,161,scale_3000,3000,0.7555555555555556,0.0,0.40740740740740744,0.9702993572602817,0.02288409787438683,8,9,five_seed_stable
0.8333333333333334,162,scale_3000,3000,0.6000000000000001,0.0,0.14444444444444446,0.996112094594921,0.00756562242526932,5,6,five_seed_stable
0.0,163,scale_3000,3000,0.19999999999999998,0.0,0.09999999999999999,0.9981496793731116,0.015400991997819719,0,6,five_seed_stable
0.0,164,scale_3000,3000,0.24,0.0,0.21333333333333332,1.0,0.0,0,5,five_seed_stable
0.8333333333333334,165,scale_3000,3000,0.6666666666666666,0.0,0.4740740740740741,0.9054384827822692,0.008724426270679268,15,18,five_seed_stable
0.5789473684210527,166,scale_3000,3000,0.5894736842105264,0.0,0.5192982456140351,0.764034230308934,0.015085101639036546,11,19,five_seed_stable
1.0,167,scale_3000,3000,1.0,0.0,0.26666666666666666,1.0,0.01106917925675919,5,5,five_seed_stable
1.0,168,scale_3000,3000,0.6799999999999999,0.0,0.21333333333333332,1.0,0.0028355720010535203,5,5,five_seed_stable
0.375,169,scale_3000,3000,0.45,0.0,0.225,1.0,0.002083713084205157,3,8,five_seed_stable
1.0,170,scale_3000,3000,0.76,0.0,0.24,1.0,0.0030311943819049127,5,5,five_seed_stable
0.5454545454545454,171,scale_3000,3000,0.5454545454545454,0.0,0.19393939393939394,0.9769585022360634,0.005091073144277809,6,11,five_seed_stable
0.75,172,scale_3000,3000,0.675,0.0,0.25,0.9629483847121239,0.011261004154118837,6,8,five_seed_stable
0.3333333333333333,173,scale_3000,3000,0.4666666666666666,0.0,0.18888888888888888,0.9917348794467687,0.002646764814952904,2,6,five_seed_stable
0.8888888888888888,174,scale_3000,3000,0.8444444444444444,0.0,0.2962962962962963,0.9339267532892028,0.01783714936226617,8,9,five_seed_stable
0.75,175,scale_3000,3000,0.6833333333333335,0.0,0.33888888888888896,0.8798093963002422,0.00992252098191399,9,12,five_seed_stable
0.6666666666666666,176,scale_3000,3000,0.5666666666666667,0.0,0.28888888888888886,0.9994486038790633,0.01004149460185927,4,6,five_seed_stable
0.8571428571428571,177,scale_3000,3000,0.6,0.0,0.2857142857142857,0.9779212569533879,0.004257219786752614,6,7,five_seed_stable
0.7272727272727273,178,scale_3000,3000,0.6181818181818182,0.0,0.23030303030303034,0.9537174735189743,0.006158450734443187,8,11,five_seed_stable
