dataset_size,sample_ratio,sample_size,sample_seed,selection_seed,sample_min_child_size,full_k,selected_k,k_match,status,selection_reason,strategy,selection_sec,full_fit_sec,assignment_sec,quality_sec,algorithm_sec,end_to_end_sec,clusters,silhouette,xie_beni,agreement_ari_vs_full_selection,tag_nmi,tag_ari,class_nmi,class_ari
300,1.0,300,-1,62,20,8,8,True,ok,selected_multi_metric_xb_worsening_patience,full_selection,4.398403803999827,0.0,0.0,0.06469319699999687,4.398403803999827,4.463097000999824,8,0.07268954231076385,0.16255016341705988,,0.4375590057040433,0.3393230624208325,0.5365411322840229,0.2858805979386821
300,1.0,300,-1,63,20,7,7,True,ok,selected_multi_metric_xb_worsening_patience,full_selection,3.8404206039999735,0.0,0.0,0.04231754700003876,3.8404206039999735,3.8827381510000123,7,0.06543865436145019,0.15561000025144917,,0.4157951267449586,0.32704100375844236,0.51353311128286,0.2651947050853566
300,1.0,300,-1,64,20,8,8,True,ok,selected_multi_metric_xb_worsening_patience,full_selection,3.7046030430001338,0.0,0.0,0.03954154399980325,3.7046030430001338,3.744144586999937,8,0.07097624679072909,0.1622552220519931,,0.4427519726523049,0.32753030524317217,0.5524912992204957,0.2832306646564824
300,0.05,15,62,62,2,8,6,False,ok,selected_multi_metric_max_k,sample_select_full_fit,1.5957600140000068,0.35881559600011315,0.0,0.042642231000172615,1.95457561000012,1.9972178410002925,6,0.06357185108678481,0.1796989721810017,0.6010577149082308,0.39617182790464667,0.33290152015862523,0.46286980596080857,0.220371405058309
300,0.05,15,62,62,2,8,6,False,ok,selected_multi_metric_max_k,sample_select_project,1.5957600140000068,0.0,0.0036788349998460035,0.03577112900029533,1.5994388489998528,1.6352099780001481,6,0.027968583172078402,0.19679826681442286,0.19559766977613763,0.20818988915353,0.148122595197028,0.37358217862224474,0.16778842237275024
300,0.05,15,62,63,2,7,6,False,ok,selected_multi_metric_max_k,sample_select_full_fit,1.381348904999868,0.48030753700004425,0.0,0.03822422900020683,1.8616564419999122,1.899880671000119,6,0.06357185108678481,0.17969953853858991,0.6788963176678112,0.3961718279046466,0.33290152015862523,0.46286980596080857,0.220371405058309
300,0.05,15,62,63,2,7,6,False,ok,selected_multi_metric_max_k,sample_select_project,1.381348904999868,0.0,0.003703229999700852,0.03905353500022102,1.3850521349995688,1.4241056699997898,6,0.023402178924759803,0.24004736949143377,0.14975287816322413,0.18707450652159338,0.12869034554749606,0.3321924321223549,0.14429378883477137
300,0.05,15,62,64,2,8,6,False,ok,selected_multi_metric_xb_worsening_patience,sample_select_full_fit,1.2571705840000504,0.30597318999980416,0.0,0.016526892999991105,1.5631437739998546,1.5796706669998457,6,0.06357185108678481,0.1796989793968013,0.5398801823216204,0.39617182790464667,0.33290152015862523,0.46286980596080857,0.220371405058309
300,0.05,15,62,64,2,8,6,False,ok,selected_multi_metric_xb_worsening_patience,sample_select_project,1.2571705840000504,0.0,0.0016016540002965485,0.01462846599997647,1.258772238000347,1.2734007040003235,6,0.025212260338625652,0.18868029945740994,0.1525900583287415,0.19074905232568742,0.11389515593895155,0.3171377266028128,0.13203352193812912
300,0.05,15,63,62,2,8,6,False,ok,selected_multi_metric_max_k,sample_select_full_fit,1.2896773200000098,0.3709913620000407,0.0,0.03957554699991306,1.6606686820000505,1.7002442289999635,6,0.06357185108678481,0.1796989721810017,0.6010577149082308,0.39617182790464667,0.33290152015862523,0.46286980596080857,0.220371405058309
300,0.05,15,63,62,2,8,6,False,ok,selected_multi_metric_max_k,sample_select_project,1.2896773200000098,0.0,0.0036538079998535977,0.03357024800016006,1.2933311279998634,1.3269013760000234,6,0.0238584785556933,0.175118482400332,0.16459297110806062,0.25303645233740923,0.19194406927782634,0.35263505762456726,0.15768380480865402
300,0.05,15,63,63,2,7,6,False,ok,selected_multi_metric_max_k,sample_select_full_fit,1.067185691999839,0.31356099699996776,0.0,0.05253680900023028,1.3807466889998068,1.433283498000037,6,0.06357185108678481,0.17969953853858991,0.6788963176678112,0.3961718279046466,0.33290152015862523,0.46286980596080857,0.220371405058309
300,0.05,15,63,63,2,7,6,False,ok,selected_multi_metric_max_k,sample_select_project,1.067185691999839,0.0,0.012634820999664953,0.058940688999882695,1.079820512999504,1.1387612019993867,6,0.0238584785556933,0.17511848240033198,0.17547203429427088,0.25303645233740923,0.19194406927782634,0.35263505762456737,0.15768380480865402
300,0.05,15,63,64,2,8,6,False,ok,selected_multi_metric_max_k,sample_select_full_fit,1.0549412290001783,0.3942905910002992,0.0,0.018669113999749243,1.4492318200004775,1.4679009340002267,6,0.06357185108678481,0.1796989793968013,0.5398801823216204,0.39617182790464667,0.33290152015862523,0.46286980596080857,0.220371405058309
300,0.05,15,63,64,2,8,6,False,ok,selected_multi_metric_max_k,sample_select_project,1.0549412290001783,0.0,0.004297085999951378,0.02854854199995316,1.0592383150001297,1.0877868570000828,6,0.021146181690547508,0.17553876124467338,0.14850941455196692,0.24972854352483714,0.1836006194388304,0.346564763304594,0.14790723007662146
300,0.05,15,64,62,2,8,6,False,ok,selected_multi_metric_max_k,sample_select_full_fit,1.5247822380001708,0.3676540740002565,0.0,0.03767875299990919,1.8924363120004273,1.9301150650003365,6,0.06357185108678481,0.1796989721810017,0.6010577149082308,0.39617182790464667,0.33290152015862523,0.46286980596080857,0.220371405058309
300,0.05,15,64,62,2,8,6,False,ok,selected_multi_metric_max_k,sample_select_project,1.5247822380001708,0.0,0.004687803999786411,0.033719535999807704,1.5294700419999572,1.5631895779997649,6,0.035190235854951575,0.19092616785461183,0.2145869371433118,0.2237592038414691,0.17081613633337772,0.32035710983060306,0.13242905476809622
300,0.05,15,64,63,2,7,6,False,ok,selected_multi_metric_max_k,sample_select_full_fit,1.3905629500000032,0.37176810899973134,0.0,0.037658565000128874,1.7623310589997345,1.7999896239998634,6,0.06357185108678481,0.17969953853858991,0.6788963176678112,0.3961718279046466,0.33290152015862523,0.46286980596080857,0.220371405058309
300,0.05,15,64,63,2,7,6,False,ok,selected_multi_metric_max_k,sample_select_project,1.3905629500000032,0.0,0.0014038760000403272,0.06261300100004519,1.3919668260000435,1.4545798270000887,6,0.034573045398355935,0.18214044420789038,0.186007302472214,0.19256772730749716,0.11359448850436593,0.31285498670726614,0.11123073140691966
300,0.05,15,64,64,2,8,6,False,ok,selected_multi_metric_max_k,sample_select_full_fit,1.355502948999856,0.329195597999842,0.0,0.01651307700012694,1.684698546999698,1.701211623999825,6,0.06357185108678481,0.1796989793968013,0.5398801823216204,0.39617182790464667,0.33290152015862523,0.46286980596080857,0.220371405058309
300,0.05,15,64,64,2,8,6,False,ok,selected_multi_metric_max_k,sample_select_project,1.355502948999856,0.0,0.0016406869999627816,0.014608327999667381,1.3571436359998188,1.3717519639994862,6,0.03782673195003238,0.2202392321276484,0.23079296529588117,0.209013053092143,0.1531646579934552,0.33435566517677096,0.14028546124110125
300,0.05,15,65,62,2,8,7,False,ok,selected_multi_metric_max_k,sample_select_full_fit,1.601071458000206,0.5393676110002161,0.0,0.021708086999751686,2.140439069000422,2.1621471560001737,7,0.06210874439100335,0.1840690543497185,0.7137455556298467,0.3492424173807391,0.293912465742048,0.4547740464914548,0.22087932671548738
300,0.05,15,65,62,2,8,7,False,ok,selected_multi_metric_max_k,sample_select_project,1.601071458000206,0.0,0.006442834999688785,0.03938619500013374,1.6075142929998947,1.6469004880000284,7,0.026857033783663428,0.2065218869433019,0.14359922450205231,0.19097454318090049,0.11153685964181591,0.3326088985127245,0.1332847646921646
300,0.05,15,65,63,2,7,6,False,ok,selected_multi_metric_max_k,sample_select_full_fit,1.5261650150000605,0.3262586549999469,0.0,0.015242219999890949,1.8524236700000074,1.8676658899998984,6,0.06357185108678481,0.17969953853858991,0.6788963176678112,0.3961718279046466,0.33290152015862523,0.46286980596080857,0.220371405058309
300,0.05,15,65,63,2,7,6,False,ok,selected_multi_metric_max_k,sample_select_project,1.5261650150000605,0.0,0.0014295840001068427,0.01492280499996923,1.5275945990001674,1.5425174040001366,6,0.018369362860287897,0.24021517504044565,0.13176835316316965,0.16844144923764842,0.1083384706103085,0.28923868084752663,0.10865693260433783
300,0.05,15,65,64,2,8,7,False,ok,selected_multi_metric_xb_worsening_patience,sample_select_full_fit,1.6295095079999555,0.5117684580000059,0.0,0.01678670699993745,2.1412779659999615,2.158064672999899,7,0.06210874439100335,0.18406913361860522,0.6111595334361534,0.349242417380739,0.293912465742048,0.4547740464914547,0.22087932671548738
300,0.05,15,65,64,2,8,7,False,ok,selected_multi_metric_xb_worsening_patience,sample_select_project,1.6295095079999555,0.0,0.001636048999898776,0.014561470999979065,1.6311455569998543,1.6457070279998334,7,0.028488827747968806,0.20035433482211296,0.17081459924853737,0.1922133547615667,0.11303047919608006,0.3418786731701174,0.13675111964217468
300,0.05,15,66,62,2,8,4,False,ok,selected_multi_metric_xb_worsening_patience,sample_select_full_fit,1.7515270870003405,0.41525507400001516,0.0,0.0367353059996276,2.1667821610003557,2.2035174669999833,4,0.0492782641928258,0.2135979149145687,0.3558437863987218,0.3415769827640143,0.26707625587278644,0.41647190053699534,0.16287715800189131
300,0.05,15,66,62,2,8,4,False,ok,selected_multi_metric_xb_worsening_patience,sample_select_project,1.7515270870003405,0.0,0.00363579499980915,0.03549919199986107,1.7551628820001497,1.7906620740000108,4,0.02914196889009937,0.26721007710683436,0.1647673069816893,0.26579555237298436,0.2309501098072273,0.29800030786141957,0.11757210653870219
300,0.05,15,66,63,2,7,4,False,ok,selected_multi_metric_xb_worsening_patience,sample_select_full_fit,1.529294076000042,0.4393753149997792,0.0,0.015944206999847665,1.9686693909998212,1.9846135979996689,4,0.0492782641928258,0.2135979140571065,0.4517824965369916,0.3415769827640143,0.26707625587278644,0.41647190053699545,0.16287715800189131
300,0.05,15,66,63,2,7,4,False,ok,selected_multi_metric_xb_worsening_patience,sample_select_project,1.529294076000042,0.0,0.0015815769997971074,0.014541845000167086,1.530875652999839,1.5454174980000062,4,0.028666902428508625,0.28319529576608726,0.16702656663055165,0.26416475791075356,0.23063671900881202,0.28487441067291885,0.10970115466567885
300,0.05,15,66,64,2,8,4,False,ok,selected_multi_metric_xb_worsening_patience,sample_select_full_fit,1.5619248919997517,0.5270337199999631,0.0,0.01577805700026147,2.0889586119997148,2.1047366689999762,4,0.0492782641928258,0.2135979079134207,0.3498223944082181,0.34157698276401427,0.26707625587278644,0.41647190053699545,0.16287715800189131
300,0.05,15,66,64,2,8,4,False,ok,selected_multi_metric_xb_worsening_patience,sample_select_project,1.5619248919997517,0.0,0.001327813999978389,0.014758337999865034,1.56325270599973,1.5780110439995951,4,0.02914196889009937,0.26720992740881366,0.1487330767961042,0.26579555237298436,0.2309501098072273,0.2980003078614196,0.11757210653870219
300,0.1,30,62,62,2,8,2,False,ok,selected_multi_metric_xb_worsening_patience,sample_select_full_fit,1.1281065210000634,0.21578177599985793,0.0,0.01513054099996225,1.3438882969999213,1.3590188379998835,2,0.05036496888569289,0.23511635135852557,0.1857028664343307,0.23027653549882887,0.1370602602373845,0.26515920438289936,0.07277865073052069
300,0.1,30,62,62,2,8,2,False,ok,selected_multi_metric_xb_worsening_patience,sample_select_project,1.1281065210000634,0.0,0.001542624000194337,0.014518770999984554,1.1296491450002577,1.1441679160002423,2,0.04193692183270836,0.634032051019605,0.17534622561017627,0.15434814409136238,0.10659793509888779,0.21854805132434918,0.06692374152765651
300,0.1,30,62,63,2,7,2,False,ok,selected_multi_metric_xb_worsening_patience,sample_select_full_fit,1.1715552720002052,0.22451475600018966,0.0,0.04018995200021891,1.3960700280003948,1.4362599800006137,2,0.05036496888569289,0.2351163629974898,0.1990460289585734,0.23027653549882887,0.1370602602373845,0.26515920438289936,0.07277865073052069
300,0.1,30,62,63,2,7,2,False,ok,selected_multi_metric_xb_worsening_patience,sample_select_project,1.1715552720002052,0.0,0.0025256160001845274,0.03934754300007626,1.1740808880003897,1.213428431000466,2,0.04193692183270836,0.6340320956170094,0.18023319639757512,0.15434814409136238,0.10659793509888779,0.21854805132434918,0.06692374152765651
300,0.1,30,62,64,2,8,2,False,ok,selected_multi_metric_xb_worsening_patience,sample_select_full_fit,1.1056731849998869,0.2273385280000184,0.0,0.016776267999830452,1.3330117129999053,1.3497879809997357,2,0.05036496888569289,0.23511637209009445,0.19743143677045008,0.23027653549882887,0.1370602602373845,0.26515920438289936,0.07277865073052069
300,0.1,30,62,64,2,8,2,False,ok,selected_multi_metric_xb_worsening_patience,sample_select_project,1.1056731849998869,0.0,0.004383708000204933,0.015279197999916505,1.1100568930000918,1.1253360910000083,2,0.04193692183270836,0.6340322323728967,0.18698643558598343,0.15434814409136238,0.10659793509888779,0.21854805132434918,0.06692374152765651
300,0.1,30,63,62,2,8,7,False,ok,selected_multi_metric_xb_worsening_patience,sample_select_full_fit,1.8921383340002649,0.6178855359999034,0.0,0.03908631600006629,2.5100238700001682,2.5491101860002345,7,0.06210874439100335,0.1840690543497185,0.7137455556298467,0.3492424173807391,0.293912465742048,0.4547740464914548,0.22087932671548738
300,0.1,30,63,62,2,8,7,False,ok,selected_multi_metric_xb_worsening_patience,sample_select_project,1.8921383340002649,0.0,0.002687025999875914,0.03775541599998178,1.8948253600001408,1.9325807760001226,7,0.03779137128496919,0.15295519709010383,0.25348036642774385,0.26983779171984995,0.17721271666620148,0.383790316315965,0.16882334748427538
300,0.1,30,63,63,2,7,7,True,ok,selected_multi_metric_xb_worsening_patience,sample_select_full_fit,1.422342684999876,0.5258771359999628,0.0,0.019890209999630315,1.9482198209998387,1.968110030999469,7,0.06543865436145019,0.15561000025144917,1.0,0.4157951267449586,0.32704100375844236,0.51353311128286,0.2651947050853566
300,0.1,30,63,63,2,7,7,True,ok,selected_multi_metric_xb_worsening_patience,sample_select_project,1.422342684999876,0.0,0.003731051999693591,0.03718456200022047,1.4260737369995695,1.46325829899979,7,0.03572257635151099,0.16200444890081345,0.2614204012745059,0.2349715700584216,0.16188145576643997,0.3572609167804768,0.16401347781631898
300,0.1,30,63,64,2,8,8,True,ok,selected_multi_metric_max_k,sample_select_full_fit,1.7552738780000254,0.6353950790003182,0.0,0.038105528999949456,2.3906689570003437,2.428774486000293,8,0.07097624679072909,0.1622552220519932,1.0,0.4427519726523049,0.32753030524317217,0.5524912992204957,0.2832306646564824
300,0.1,30,63,64,2,8,8,True,ok,selected_multi_metric_max_k,sample_select_project,1.7552738780000254,0.0,0.0036896050000905234,0.03558399099983944,1.758963483000116,1.7945474739999554,8,0.041418453195398906,0.13385242351502916,0.2686624926236445,0.2697984272074514,0.1783541561563344,0.40779171086051275,0.19542529043657958
300,0.1,30,64,62,2,8,8,True,ok,selected_multi_metric_xb_worsening_patience,sample_select_full_fit,1.5855876000000535,0.4874541350000072,0.0,0.041093275000093854,2.0730417350000607,2.1141350100001546,8,0.07268954231076385,0.16255016341705988,1.0,0.4375590057040433,0.3393230624208325,0.5365411322840229,0.2858805979386821
300,0.1,30,64,62,2,8,8,True,ok,selected_multi_metric_xb_worsening_patience,sample_select_project,1.5855876000000535,0.0,0.001698986000064906,0.03908352100006596,1.5872865860001184,1.6263701070001844,8,0.04573485516928264,0.20925341954993584,0.2670520756488637,0.30040908690846035,0.20074897531919914,0.39331362343566856,0.188475514832436
300,0.1,30,64,63,2,7,8,False,ok,selected_multi_metric_max_k,sample_select_full_fit,1.6284992740002053,0.5108446469998853,0.0,0.015534753999872919,2.1393439210000906,2.1548786749999636,8,0.06858244679397332,0.16167647610399802,0.770139873983625,0.38308542537349616,0.2965975684422286,0.511300015182507,0.2644374774834892
300,0.1,30,64,63,2,7,8,False,ok,selected_multi_metric_max_k,sample_select_project,1.6284992740002053,0.0,0.001258754999980738,0.022008226000252762,1.629758029000186,1.6517662550004388,8,0.05294989859980689,0.1384546936989468,0.35439106360778594,0.35009587150480026,0.2528833455612619,0.4564508370987022,0.23156832303343472
300,0.1,30,64,64,2,8,8,True,ok,selected_multi_metric_xb_worsening_patience,sample_select_full_fit,1.6926938009996775,0.5466923980002321,0.0,0.01527527200005352,2.2393861989999095,2.254661470999963,8,0.07097624679072909,0.1622552220519932,1.0,0.4427519726523049,0.32753030524317217,0.5524912992204957,0.2832306646564824
300,0.1,30,64,64,2,8,8,True,ok,selected_multi_metric_xb_worsening_patience,sample_select_project,1.6926938009996775,0.0,0.005044188999818289,0.017056008000054135,1.6977379899994958,1.71479399799955,8,0.04895716904090141,0.2341160998294681,0.27424348106866914,0.28964325105973987,0.19830384559146075,0.40222950028574594,0.18547136222961763
300,0.1,30,65,62,2,8,7,False,ok,selected_multi_metric_max_k,sample_select_full_fit,1.5406464359998608,0.6236170369998035,0.0,0.04076332000022376,2.1642634729996644,2.205026792999888,7,0.06210874439100335,0.1840690543497185,0.7137455556298467,0.3492424173807391,0.293912465742048,0.4547740464914548,0.22087932671548738
300,0.1,30,65,62,2,8,7,False,ok,selected_multi_metric_max_k,sample_select_project,1.5406464359998608,0.0,0.0037513590000344266,0.03405915899975298,1.5443977949998953,1.5784569539996482,7,0.028376589284418604,0.16382514121549013,0.19221124750045004,0.24390426286658143,0.19687844600899143,0.3524936864610494,0.16807036859759417
300,0.1,30,65,63,2,7,8,False,ok,selected_multi_metric_max_k,sample_select_full_fit,1.8295652319998226,0.540709502000027,0.0,0.03738086799967277,2.3702747339998496,2.4076556019995223,8,0.06858244679397332,0.16167647610399802,0.770139873983625,0.38308542537349616,0.2965975684422286,0.511300015182507,0.2644374774834892
300,0.1,30,65,63,2,7,8,False,ok,selected_multi_metric_max_k,sample_select_project,1.8295652319998226,0.0,0.0036753879999196215,0.03578917000004367,1.8332406199997422,1.8690297899997859,8,0.033818287758330456,0.15473091168101308,0.22241036640177614,0.30861836022796874,0.2166907663705846,0.4223715904185706,0.19900140805857566
300,0.1,30,65,64,2,8,8,True,ok,selected_multi_metric_xb_worsening_patience,sample_select_full_fit,1.4873483709998254,0.5325037819998215,0.0,0.021200600999691233,2.019852152999647,2.041052753999338,8,0.07097624679072909,0.1622552220519932,1.0,0.4427519726523049,0.32753030524317217,0.5524912992204957,0.2832306646564824
300,0.1,30,65,64,2,8,8,True,ok,selected_multi_metric_xb_worsening_patience,sample_select_project,1.4873483709998254,0.0,0.00539914899991345,0.03381198900024174,1.4927475199997389,1.5265595089999806,8,0.028478343000762418,0.16197480499460937,0.1709434389708479,0.2575083209269041,0.18797866317012843,0.39904219863590906,0.19513680644767364
300,0.1,30,66,62,2,8,8,True,ok,selected_multi_metric_max_k,sample_select_full_fit,1.7795447620001141,0.4914575650000188,0.0,0.015355530999840994,2.271002327000133,2.286357857999974,8,0.07268954231076385,0.16255016341705988,1.0,0.4375590057040433,0.3393230624208325,0.5365411322840229,0.2858805979386821
300,0.1,30,66,62,2,8,8,True,ok,selected_multi_metric_max_k,sample_select_project,1.7795447620001141,0.0,0.001328546000422648,0.017629758000111906,1.7808733080005368,1.7985030660006487,8,0.023953244421556996,0.16328058710012802,0.14137092400017914,0.20044582588993234,0.1094175126532284,0.3006259155772228,0.10565828874161026
300,0.1,30,66,63,2,7,8,False,ok,selected_multi_metric_max_k,sample_select_full_fit,1.6267797919999794,0.6310028169996258,0.0,0.052487244999610994,2.257782608999605,2.310269853999216,8,0.06858244679397332,0.16167647610399802,0.770139873983625,0.38308542537349616,0.2965975684422286,0.511300015182507,0.2644374774834892
300,0.1,30,66,63,2,7,8,False,ok,selected_multi_metric_max_k,sample_select_project,1.6267797919999794,0.0,0.00541082199970333,0.04859960100020544,1.6321906139996827,1.6807902149998881,8,0.024387840678205795,0.1644765266957191,0.24511793783329702,0.2661134937238266,0.19611872816417603,0.34954546636245176,0.15044958056910943
300,0.1,30,66,64,2,8,7,False,ok,selected_multi_metric_xb_worsening_patience,sample_select_full_fit,1.7119994320000842,0.5907709349999095,0.0,0.04279511499998989,2.3027703669999937,2.3455654819999836,7,0.06210874439100335,0.18406913361860522,0.6111595334361534,0.349242417380739,0.293912465742048,0.4547740464914547,0.22087932671548738
300,0.1,30,66,64,2,8,7,False,ok,selected_multi_metric_xb_worsening_patience,sample_select_project,1.7119994320000842,0.0,0.003670458999749826,0.0479336799999146,1.715669890999834,1.7636035709997486,7,0.028087115823949727,0.17471615492779402,0.18187884789027717,0.24153606132810657,0.15397289849720178,0.33306816209997364,0.13119335610785096
300,0.15,45,62,62,3,8,8,True,ok,selected_multi_metric_xb_worsening_patience,sample_select_full_fit,1.728153612999904,0.5506888449999678,0.0,0.04059757199956948,2.278842457999872,2.3194400299994413,8,0.07268954231076385,0.16255016341705988,1.0,0.4375590057040433,0.3393230624208325,0.5365411322840229,0.2858805979386821
300,0.15,45,62,62,3,8,8,True,ok,selected_multi_metric_xb_worsening_patience,sample_select_project,1.728153612999904,0.0,0.001567711000006966,0.04043968499991024,1.729721323999911,1.7701610089998212,8,0.04280995771136079,0.13802199444231353,0.26312146438681927,0.3037850207783097,0.1997559596440582,0.44123384277806094,0.24298182902591622
300,0.15,45,62,63,3,7,8,False,ok,selected_multi_metric_xb_worsening_patience,sample_select_full_fit,2.0677919380000276,0.6603202199999032,0.0,0.03408330399997794,2.728112157999931,2.7621954619999087,8,0.06858244679397332,0.16167647610399802,0.770139873983625,0.38308542537349616,0.2965975684422286,0.511300015182507,0.2644374774834892
300,0.15,45,62,63,3,7,8,False,ok,selected_multi_metric_xb_worsening_patience,sample_select_project,2.0677919380000276,0.0,0.0036558109995894483,0.03372954499991465,2.071447748999617,2.1051772939995317,8,0.035988571460302585,0.1518116057978982,0.1829155257702135,0.24383634423217498,0.16715283302395476,0.3849984542228842,0.19248173912408634
300,0.15,45,62,64,3,8,8,True,ok,selected_multi_metric_max_k,sample_select_full_fit,2.1861885089997486,0.5196190149999893,0.0,0.037077352999858704,2.705807523999738,2.7428848769995966,8,0.07097624679072909,0.1622552220519932,1.0,0.4427519726523049,0.32753030524317217,0.5524912992204957,0.2832306646564824
300,0.15,45,62,64,3,8,8,True,ok,selected_multi_metric_max_k,sample_select_project,2.1861885089997486,0.0,0.005546364000110771,0.042012548000002425,2.1917348729998594,2.233747420999862,8,0.03504757876516281,0.1497840635823626,0.19640640682286745,0.3063216746943872,0.21928455763285734,0.4233715028684766,0.2180610124280576
300,0.15,45,63,62,3,8,8,True,ok,selected_multi_metric_max_k,sample_select_full_fit,1.7316735089998474,0.4934642640000675,0.0,0.0410252980000223,2.225137772999915,2.266163070999937,8,0.07268954231076385,0.16255016341705988,1.0,0.4375590057040433,0.3393230624208325,0.5365411322840229,0.2858805979386821
300,0.15,45,63,62,3,8,8,True,ok,selected_multi_metric_max_k,sample_select_project,1.7316735089998474,0.0,0.0037036599997009034,0.03535146700005498,1.7353771689995483,1.7707286359996033,8,0.046477943098412154,0.14803425863660377,0.245302393509589,0.24569189569016675,0.13677946531663557,0.364924178980532,0.15478847753207203
300,0.15,45,63,63,3,7,8,False,ok,selected_multi_metric_xb_worsening_patience,sample_select_full_fit,1.7281069730001946,0.6024749729999712,0.0,0.02742366599977686,2.3305819460001658,2.3580056119999426,8,0.06858244679397332,0.16167647610399802,0.770139873983625,0.38308542537349616,0.2965975684422286,0.511300015182507,0.2644374774834892
300,0.15,45,63,63,3,7,8,False,ok,selected_multi_metric_xb_worsening_patience,sample_select_project,1.7281069730001946,0.0,0.004311923999921419,0.017009581999900547,1.732418897000116,1.7494284790000165,8,0.04084473105971476,0.18925253627689975,0.2799572265059062,0.2713828210789404,0.17762512266928362,0.39341627582180033,0.17393170744605913
300,0.15,45,63,64,3,8,8,True,ok,selected_multi_metric_max_k,sample_select_full_fit,2.046991700000035,0.5312390660001256,0.0,0.03655480899988106,2.5782307660001607,2.6147855750000417,8,0.07097624679072909,0.1622552220519932,1.0,0.4427519726523049,0.32753030524317217,0.5524912992204957,0.2832306646564824
300,0.15,45,63,64,3,8,8,True,ok,selected_multi_metric_max_k,sample_select_project,2.046991700000035,0.0,0.0036446510002861032,0.03923770699975648,2.050636351000321,2.0898740580000776,8,0.04201408145206819,0.1472140199152678,0.1984815179499601,0.27712755540517664,0.1636830885144409,0.3995945613988612,0.18306294478558574
300,0.15,45,64,62,3,8,8,True,ok,selected_multi_metric_xb_worsening_patience,sample_select_full_fit,1.5795919900001536,0.5193670460002977,0.0,0.02446094600009019,2.0989590360004513,2.1234199820005415,8,0.07268954231076385,0.16255016341705988,1.0,0.4375590057040433,0.3393230624208325,0.5365411322840229,0.2858805979386821
300,0.15,45,64,62,3,8,8,True,ok,selected_multi_metric_xb_worsening_patience,sample_select_project,1.5795919900001536,0.0,0.001810574000046472,0.023431177000020398,1.5814025640002,1.6048337410002205,8,0.049439310385542626,0.13057831461750513,0.2712397797466392,0.28688875999796637,0.18995665379058177,0.4045540833888697,0.19349225965696298
300,0.15,45,64,63,3,7,8,False,ok,selected_multi_metric_xb_worsening_patience,sample_select_full_fit,1.7390158510002038,0.5903311160000158,0.0,0.041786957000113034,2.3293469670002196,2.3711339240003326,8,0.06858244679397332,0.16167647610399802,0.770139873983625,0.38308542537349616,0.2965975684422286,0.511300015182507,0.2644374774834892
300,0.15,45,64,63,3,7,8,False,ok,selected_multi_metric_xb_worsening_patience,sample_select_project,1.7390158510002038,0.0,0.0037454180001077475,0.04305886799966174,1.7427612690003116,1.7858201369999733,8,0.05004080288710246,0.1458261855906602,0.337937202257395,0.314726524654311,0.21170278820850952,0.4454718065252495,0.21857588873706169
300,0.15,45,64,64,3,8,8,True,ok,selected_multi_metric_xb_worsening_patience,sample_select_full_fit,1.5935674990000734,0.6244689320001271,0.0,0.02106592100017224,2.2180364310002005,2.2391023520003728,8,0.07097624679072909,0.1622552220519932,1.0,0.4427519726523049,0.32753030524317217,0.5524912992204957,0.2832306646564824
300,0.15,45,64,64,3,8,8,True,ok,selected_multi_metric_xb_worsening_patience,sample_select_project,1.5935674990000734,0.0,0.001373870000406896,0.01654528700009905,1.5949413690004803,1.6114866560005794,8,0.05465509925360244,0.1346051121543183,0.3153569128448072,0.32627595288812283,0.22211756394784093,0.4761113026620344,0.24736959351434235
300,0.15,45,65,62,3,8,2,False,ok,selected_multi_metric_xb_worsening_patience,sample_select_full_fit,1.0565220070002397,0.38301392999983364,0.0,0.06000207799979762,1.4395359370000733,1.499538014999871,2,0.05036496888569289,0.23511635135852557,0.1857028664343307,0.23027653549882887,0.1370602602373845,0.26515920438289936,0.07277865073052069
300,0.15,45,65,62,3,8,2,False,ok,selected_multi_metric_xb_worsening_patience,sample_select_project,1.0565220070002397,0.0,0.0037055739999232173,0.08044264099999054,1.060227581000163,1.1406702220001534,2,0.041620191068543665,0.4562430039312801,0.1546706781565888,0.13618350086665343,0.09563436928702011,0.2011023465434916,0.06033876001347252
300,0.15,45,65,63,3,7,2,False,ok,selected_multi_metric_xb_worsening_patience,sample_select_full_fit,1.1121098959997653,0.31140570199977446,0.0,0.04050247399982254,1.4235155979995398,1.4640180719993623,2,0.05036496888569289,0.2351163629974898,0.1990460289585734,0.23027653549882887,0.1370602602373845,0.26515920438289936,0.07277865073052069
300,0.15,45,65,63,3,7,2,False,ok,selected_multi_metric_xb_worsening_patience,sample_select_project,1.1121098959997653,0.0,0.0036414040000636305,0.04909730800000034,1.115751299999829,1.1648486079998293,2,0.041620191068543665,0.4562431124634201,0.1567338071502321,0.13618350086665343,0.09563436928702011,0.2011023465434916,0.06033876001347252
300,0.15,45,65,64,3,8,2,False,ok,selected_multi_metric_xb_worsening_patience,sample_select_full_fit,1.0162747029999082,0.2458192910003163,0.0,0.016966841999874305,1.2620939940002245,1.2790608360000988,2,0.05036496888569289,0.23511637209009445,0.19743143677045008,0.23027653549882887,0.1370602602373845,0.26515920438289936,0.07277865073052069
300,0.15,45,65,64,3,8,2,False,ok,selected_multi_metric_xb_worsening_patience,sample_select_project,1.0162747029999082,0.0,0.0013971829998808971,0.020982754999749886,1.017671885999789,1.038654640999539,2,0.041620191068543665,0.45624311334486833,0.16251181412460236,0.13618350086665343,0.09563436928702011,0.2011023465434916,0.06033876001347252
300,0.15,45,66,62,3,8,8,True,ok,selected_multi_metric_max_k,sample_select_full_fit,2.0843903929999215,0.6698785989997305,0.0,0.03650831200002358,2.754268991999652,2.7907773039996755,8,0.07268954231076385,0.16255016341705988,1.0,0.4375590057040433,0.3393230624208325,0.5365411322840229,0.2858805979386821
300,0.15,45,66,62,3,8,8,True,ok,selected_multi_metric_max_k,sample_select_project,2.0843903929999215,0.0,0.0012957939998159418,0.017749541000284808,2.0856861869997374,2.103435728000022,8,0.032421112210194614,0.145713652878506,0.20005948543407298,0.24462161503909144,0.1425253818441659,0.3639816050127631,0.15176227669989562
300,0.15,45,66,63,3,7,8,False,ok,selected_multi_metric_xb_worsening_patience,sample_select_full_fit,1.998399864000021,0.5916933849998713,0.0,0.021819283999775507,2.5900932489998922,2.6119125329996677,8,0.06858244679397332,0.16167647610399802,0.770139873983625,0.38308542537349616,0.2965975684422286,0.511300015182507,0.2644374774834892
300,0.15,45,66,63,3,7,8,False,ok,selected_multi_metric_xb_worsening_patience,sample_select_project,1.998399864000021,0.0,0.0016019750000850763,0.014712712000346073,2.000001839000106,2.014714551000452,8,0.03485819699307313,0.21150310011782683,0.23405203225951965,0.23917827132327887,0.12692778092652807,0.36330118253364907,0.15471257164800423
300,0.15,45,66,64,3,8,8,True,ok,selected_multi_metric_max_k,sample_select_full_fit,2.1951388659999793,0.6087075360001108,0.0,0.023646708000342187,2.80384640200009,2.8274931100004324,8,0.07097624679072909,0.1622552220519932,1.0,0.4427519726523049,0.32753030524317217,0.5524912992204957,0.2832306646564824
300,0.15,45,66,64,3,8,8,True,ok,selected_multi_metric_max_k,sample_select_project,2.1951388659999793,0.0,0.001249256999926729,0.01824102699993091,2.196388122999906,2.214629149999837,8,0.030803779540195877,0.14771047589914116,0.1859723558254904,0.21210647083956674,0.11658023410875686,0.3525631755457415,0.14198298632930156
300,0.2,60,62,62,4,8,6,False,ok,selected_multi_metric_max_k,sample_select_full_fit,2.260362926000198,0.6293809740000142,0.0,0.054357248000087566,2.8897439000002123,2.9441011480003,6,0.06357185108678481,0.1796989721810017,0.6010577149082308,0.39617182790464667,0.33290152015862523,0.46286980596080857,0.220371405058309
300,0.2,60,62,62,4,8,6,False,ok,selected_multi_metric_max_k,sample_select_project,2.260362926000198,0.0,0.0037363510000432143,0.038001383999926475,2.2640992770002413,2.3021006610001677,6,0.03795132571274565,0.20310342898161782,0.3016856467224276,0.2720532293136965,0.19878675985757616,0.4025000675629222,0.18640756796517483
300,0.2,60,62,63,4,7,4,False,ok,selected_multi_metric_xb_worsening_patience,sample_select_full_fit,2.2334051480002017,0.4337918730002457,0.0,0.037539533999733976,2.6671970210004474,2.7047365550001814,4,0.0492782641928258,0.2135979140571065,0.4517824965369916,0.3415769827640143,0.26707625587278644,0.41647190053699545,0.16287715800189131
300,0.2,60,62,63,4,7,4,False,ok,selected_multi_metric_xb_worsening_patience,sample_select_project,2.2334051480002017,0.0,0.003655851000075927,0.033655256000201916,2.2370609990002777,2.2707162550004796,4,0.039145353451679646,0.3183624842430139,0.3071450919803258,0.2591200994721898,0.21343286888332633,0.36562418471389974,0.15297525827168043
300,0.2,60,62,64,4,8,8,True,ok,selected_multi_metric_xb_worsening_patience,sample_select_full_fit,1.889583195999876,0.5462425300001996,0.0,0.014810515000135638,2.4358257260000755,2.450636241000211,8,0.07097624679072909,0.1622552220519932,1.0,0.4427519726523049,0.32753030524317217,0.5524912992204957,0.2832306646564824
300,0.2,60,62,64,4,8,8,True,ok,selected_multi_metric_xb_worsening_patience,sample_select_project,1.889583195999876,0.0,0.0016387030000259983,0.014407654000024195,1.891221898999902,1.905629552999926,8,0.03655231133443631,0.16706867688919935,0.2590428066845147,0.3224280308314072,0.22300720965920606,0.4224982482448103,0.198842933129121
300,0.2,60,63,62,4,8,8,True,ok,selected_multi_metric_max_k,sample_select_full_fit,1.8785097439999845,0.5586978570004248,0.0,0.016903193999951327,2.4372076010004093,2.4541107950003607,8,0.07268954231076385,0.16255016341705988,1.0,0.4375590057040433,0.3393230624208325,0.5365411322840229,0.2858805979386821
300,0.2,60,63,62,4,8,8,True,ok,selected_multi_metric_max_k,sample_select_project,1.8785097439999845,0.0,0.0016316609999194043,0.014588171000013972,1.880141404999904,1.8947295759999179,8,0.054028719305640065,0.1366537815412504,0.32445959358232673,0.3174441397096179,0.2178600065334244,0.4281409291242586,0.20471914504209318
300,0.2,60,63,63,4,7,8,False,ok,selected_multi_metric_max_k,sample_select_full_fit,1.7637119700002586,0.5435827139999674,0.0,0.04812814199976856,2.307294684000226,2.3554228259999945,8,0.06858244679397332,0.16167647610399802,0.770139873983625,0.38308542537349616,0.2965975684422286,0.511300015182507,0.2644374774834892
300,0.2,60,63,63,4,7,8,False,ok,selected_multi_metric_max_k,sample_select_project,1.7637119700002586,0.0,0.004678836999573832,0.04526768300002004,1.7683908069998324,1.8136584899998525,8,0.05211179203474935,0.1360354351432175,0.32503209649710896,0.32812459589710175,0.23085795404134504,0.4219910539916078,0.1974895486393311
300,0.2,60,63,64,4,8,3,False,ok,selected_multi_metric_max_k,sample_select_full_fit,1.7098995790001936,0.3276347299997724,0.0,0.042431730999851425,2.037534308999966,2.0799660399998174,3,0.04716280724989819,0.23056719625355473,0.239328446337385,0.30403641315480084,0.19551602547234356,0.3335438531697089,0.10310199274091542
300,0.2,60,63,64,4,8,3,False,ok,selected_multi_metric_max_k,sample_select_project,1.7098995790001936,0.0,0.0033806279998316313,0.03213309099965045,1.7132802070000253,1.7454132979996757,3,0.04100185927677804,0.2851041740423918,0.20037298760028444,0.25188967126051265,0.17762101502877659,0.29201581246876757,0.09067168398591034
300,0.2,60,64,62,4,8,8,True,ok,selected_multi_metric_xb_worsening_patience,sample_select_full_fit,1.6288946810000198,0.497387794000133,0.0,0.017143881999800215,2.1262824750001528,2.143426356999953,8,0.07268954231076385,0.16255016341705988,1.0,0.4375590057040433,0.3393230624208325,0.5365411322840229,0.2858805979386821
300,0.2,60,64,62,4,8,8,True,ok,selected_multi_metric_xb_worsening_patience,sample_select_project,1.6288946810000198,0.0,0.0014651400001639558,0.015079947000231186,1.6303598210001837,1.645439768000415,8,0.05632963280272665,0.12345795920294854,0.3276745510170415,0.3944866883077477,0.2975596801321963,0.4862514970712116,0.2563409077688485
300,0.2,60,64,63,4,7,7,True,ok,selected_multi_metric_xb_worsening_patience,sample_select_full_fit,1.5147876659998474,0.6292944199999511,0.0,0.04010606500014546,2.1440820859997984,2.184188150999944,7,0.06543865436145019,0.15561000025144917,1.0,0.4157951267449586,0.32704100375844236,0.51353311128286,0.2651947050853566
300,0.2,60,64,63,4,7,7,True,ok,selected_multi_metric_xb_worsening_patience,sample_select_project,1.5147876659998474,0.0,0.0038788070000919106,0.03556612700003825,1.5186664729999393,1.5542325999999775,7,0.04701566123121735,0.15168358858213637,0.3724560858352462,0.3076628891922295,0.22963981920777068,0.4171566400737896,0.20635032945759565
300,0.2,60,64,64,4,8,8,True,ok,selected_multi_metric_max_k,sample_select_full_fit,1.7039732650000587,0.6794033259998287,0.0,0.03823376799982725,2.3833765909998874,2.4216103589997147,8,0.07097624679072909,0.1622552220519932,1.0,0.4427519726523049,0.32753030524317217,0.5524912992204957,0.2832306646564824
300,0.2,60,64,64,4,8,8,True,ok,selected_multi_metric_max_k,sample_select_project,1.7039732650000587,0.0,0.0036716210001941363,0.040150799000002735,1.7076448860002529,1.7477956850002556,8,0.04722773905634986,0.15074407453365177,0.3495811678850714,0.2870347383708,0.19666280003569198,0.4114086308864848,0.19902269588962737
300,0.2,60,65,62,4,8,2,False,ok,selected_multi_metric_xb_worsening_patience,sample_select_full_fit,1.0010303289996045,0.2860325169999669,0.0,0.02578700599997319,1.2870628459995714,1.3128498519995446,2,0.05036496888569289,0.23511635135852557,0.1857028664343307,0.23027653549882887,0.1370602602373845,0.26515920438289936,0.07277865073052069
300,0.2,60,65,62,4,8,2,False,ok,selected_multi_metric_xb_worsening_patience,sample_select_project,1.0010303289996045,0.0,0.0013753120001638308,0.014833948999694258,1.0024056409997684,1.0172395899994626,2,0.04415594415651886,0.4464341413293472,0.15978156834866375,0.15552700998363614,0.10550598476605005,0.22468931843721043,0.06444284276570798
300,0.2,60,65,63,4,7,2,False,ok,selected_multi_metric_xb_worsening_patience,sample_select_full_fit,1.0783593819996895,0.22397481000007247,0.0,0.061609259999841015,1.302334191999762,1.363943451999603,2,0.05036496888569289,0.2351163629974898,0.1990460289585734,0.23027653549882887,0.1370602602373845,0.26515920438289936,0.07277865073052069
300,0.2,60,65,63,4,7,2,False,ok,selected_multi_metric_xb_worsening_patience,sample_select_project,1.0783593819996895,0.0,0.0028116090002185956,0.04994267299980493,1.081170990999908,1.131113663999713,2,0.04415594415651886,0.4464342359067604,0.16863555178513526,0.15552700998363614,0.10550598476605005,0.22468931843721043,0.06444284276570798
300,0.2,60,65,64,4,8,2,False,ok,selected_multi_metric_xb_worsening_patience,sample_select_full_fit,1.0497720369999115,0.3299828549997983,0.0,0.015846856999814918,1.3797548919997098,1.3956017489995247,2,0.05036496888569289,0.23511637209009445,0.19743143677045008,0.23027653549882887,0.1370602602373845,0.26515920438289936,0.07277865073052069
300,0.2,60,65,64,4,8,2,False,ok,selected_multi_metric_xb_worsening_patience,sample_select_project,1.0497720369999115,0.0,0.0015318139999180858,0.014678618999823811,1.0513038509998296,1.0659824699996534,2,0.04415594415651886,0.44643406025454524,0.1734815687122965,0.15552700998363614,0.10550598476605005,0.22468931843721043,0.06444284276570798
300,0.2,60,66,62,4,8,5,False,ok,selected_multi_metric_xb_worsening_patience,sample_select_full_fit,1.1472601979999126,0.48965016700003616,0.0,0.02397766500007492,1.6369103649999488,1.6608880300000237,5,0.056111272174951606,0.19185008178081747,0.4275468347635923,0.3655129393833235,0.24749784582753365,0.43110394932236057,0.15562773901754945
300,0.2,60,66,62,4,8,5,False,ok,selected_multi_metric_xb_worsening_patience,sample_select_project,1.1472601979999126,0.0,0.0015979669997250312,0.023209294000025693,1.1488581649996377,1.1720674589996634,5,0.034793190611524194,0.2509285421469288,0.19691008424138498,0.22228085652430615,0.13975726369988967,0.3078996363908253,0.11986151239689749
300,0.2,60,66,63,4,7,5,False,ok,selected_multi_metric_xb_worsening_patience,sample_select_full_fit,1.0859477509998214,0.6625853909999933,0.0,0.01608967800029859,1.7485331419998147,1.7646228200001133,5,0.05614060170707579,0.19184803976862094,0.47187123341829373,0.36260048979778836,0.24334617501375894,0.4272997453830154,0.15307949981726732
300,0.2,60,66,63,4,7,5,False,ok,selected_multi_metric_xb_worsening_patience,sample_select_project,1.0859477509998214,0.0,0.0012336479999248695,0.04176569799983554,1.0871813989997463,1.1289470969995818,5,0.034793190611524194,0.25092860944471895,0.25714421322187175,0.2222808565243061,0.13975726369988967,0.3078996363908253,0.11986151239689749
300,0.2,60,66,64,4,8,5,False,ok,selected_multi_metric_xb_worsening_patience,sample_select_full_fit,1.0651144030002797,0.49221283199995014,0.0,0.0183035629997903,1.5573272350002298,1.5756307980000201,5,0.05614060170707579,0.1918476592050567,0.4342967210337171,0.36260048979778836,0.24334617501375894,0.4272997453830154,0.15307949981726732
300,0.2,60,66,64,4,8,5,False,ok,selected_multi_metric_xb_worsening_patience,sample_select_project,1.0651144030002797,0.0,0.0013392650002970186,0.015317659000174899,1.0664536680005767,1.0817713270007516,5,0.034793190611524194,0.2509285660500527,0.19898654651454745,0.22228085652430615,0.13975726369988967,0.3078996363908253,0.11986151239689749
300,0.3,90,62,62,6,8,2,False,ok,selected_multi_metric_xb_worsening_patience,sample_select_full_fit,1.3448138579997249,0.23881355799994708,0.0,0.03778245600005903,1.583627415999672,1.621409871999731,2,0.05036496888569289,0.23511635135852557,0.1857028664343307,0.23027653549882887,0.1370602602373845,0.26515920438289936,0.07277865073052069
300,0.3,90,62,62,6,8,2,False,ok,selected_multi_metric_xb_worsening_patience,sample_select_project,1.3448138579997249,0.0,0.0036496200000328827,0.036530552999920474,1.3484634779997577,1.3849940309996782,2,0.04830849970077848,0.3900788608680025,0.19840704282335006,0.20321444220809026,0.12651329079890128,0.2480983375967497,0.07144765454600091
300,0.3,90,62,63,6,7,2,False,ok,selected_multi_metric_xb_worsening_patience,sample_select_full_fit,1.2218588700002329,0.2140829700001632,0.0,0.03139488400029222,1.435941840000396,1.4673367240006883,2,0.05036496888569289,0.2351163629974898,0.1990460289585734,0.23027653549882887,0.1370602602373845,0.26515920438289936,0.07277865073052069
300,0.3,90,62,63,6,7,2,False,ok,selected_multi_metric_xb_worsening_patience,sample_select_project,1.2218588700002329,0.0,0.0036394009998730326,0.03519190899987734,1.2254982710001059,1.2606901799999832,2,0.04830849970077848,0.3900787840258097,0.2051239862793981,0.20321444220809026,0.12651329079890128,0.2480983375967497,0.07144765454600091
300,0.3,90,62,64,6,8,2,False,ok,selected_multi_metric_xb_worsening_patience,sample_select_full_fit,1.209035600000334,0.20519306599999254,0.0,0.020176311999875907,1.4142286660003265,1.4344049780002024,2,0.05036496888569289,0.23511637209009445,0.19743143677045008,0.23027653549882887,0.1370602602373845,0.26515920438289936,0.07277865073052069
300,0.3,90,62,64,6,8,2,False,ok,selected_multi_metric_xb_worsening_patience,sample_select_project,1.209035600000334,0.0,0.003647255000032601,0.02873039099995367,1.2126828550003665,1.2414132460003202,2,0.04830849970077848,0.3900788173663528,0.2039773365896661,0.2032144422080903,0.12651329079890128,0.24809833759674968,0.07144765454600091
300,0.3,90,63,62,6,8,5,False,ok,selected_multi_metric_xb_worsening_patience,sample_select_full_fit,1.1653604899997845,0.6279023490001236,0.0,0.05817888799992943,1.7932628389999081,1.8514417269998376,5,0.056111272174951606,0.19185008178081747,0.4275468347635923,0.3655129393833235,0.24749784582753365,0.43110394932236057,0.15562773901754945
300,0.3,90,63,62,6,8,5,False,ok,selected_multi_metric_xb_worsening_patience,sample_select_project,1.1653604899997845,0.0,0.004692612999861012,0.03829936900001485,1.1700531029996455,1.2083524719996603,5,0.04595517953840795,0.20958101185802408,0.2937959424729561,0.27867867993561585,0.18168063594226566,0.3570379605531462,0.12690505274040678
300,0.3,90,63,63,6,7,5,False,ok,selected_multi_metric_xb_worsening_patience,sample_select_full_fit,1.2023945040000399,0.6873709740002596,0.0,0.0510418710000522,1.8897654780002995,1.9408073490003517,5,0.05614060170707579,0.19184803976862094,0.47187123341829373,0.36260048979778836,0.24334617501375894,0.4272997453830154,0.15307949981726732
300,0.3,90,63,63,6,7,5,False,ok,selected_multi_metric_xb_worsening_patience,sample_select_project,1.2023945040000399,0.0,0.0035779859999820474,0.037225638999643706,1.205972490000022,1.2431981289996656,5,0.04595517953840795,0.20958106165622584,0.316230431383281,0.27867867993561585,0.18168063594226566,0.3570379605531462,0.12690505274040678
300,0.3,90,63,64,6,8,5,False,ok,selected_multi_metric_xb_worsening_patience,sample_select_full_fit,1.1769096610000815,0.4205945819999215,0.0,0.043198928000037995,1.597504243000003,1.640703171000041,5,0.05614060170707579,0.1918476592050567,0.4342967210337171,0.36260048979778836,0.24334617501375894,0.4272997453830154,0.15307949981726732
300,0.3,90,63,64,6,8,5,False,ok,selected_multi_metric_xb_worsening_patience,sample_select_project,1.1769096610000815,0.0,0.003714151000167476,0.03577421499994671,1.180623812000249,1.2163980270001957,5,0.04595517953840795,0.20958106080035477,0.2965787659908803,0.2786786799356159,0.18168063594226566,0.3570379605531461,0.12690505274040678
300,0.3,90,64,62,6,8,7,False,ok,selected_multi_metric_xb_worsening_patience,sample_select_full_fit,1.9251056819998666,0.5330980089997865,0.0,0.023790796999946906,2.458203690999653,2.4819944879996,7,0.06210874439100335,0.1840690543497185,0.7137455556298467,0.3492424173807391,0.293912465742048,0.4547740464914548,0.22087932671548738
300,0.3,90,64,62,6,8,7,False,ok,selected_multi_metric_xb_worsening_patience,sample_select_project,1.9251056819998666,0.0,0.003686429000026692,0.03506299900027443,1.9287921109998933,1.9638551100001678,7,0.05991985742161418,0.15039762606675952,0.41137185415263766,0.3577878278324636,0.25825621869428644,0.4906566123912579,0.2413956872448469
300,0.3,90,64,63,6,7,8,False,ok,selected_multi_metric_max_k,sample_select_full_fit,2.111376369000027,0.6004224889998113,0.0,0.0308847340002103,2.711798857999838,2.7426835920000485,8,0.06858244679397332,0.16167647610399802,0.770139873983625,0.38308542537349616,0.2965975684422286,0.511300015182507,0.2644374774834892
300,0.3,90,64,63,6,7,8,False,ok,selected_multi_metric_max_k,sample_select_project,2.111376369000027,0.0,0.0014175820001582906,0.0269000700000106,2.112793951000185,2.139694021000196,8,0.06096220479982643,0.14410217998619626,0.42854054211686654,0.3385737960318886,0.24296923212553997,0.47113433236127084,0.2451091107375036
300,0.3,90,64,64,6,8,7,False,ok,selected_multi_metric_xb_worsening_patience,sample_select_full_fit,2.1021522450000703,0.7785365139998248,0.0,0.04272738000008758,2.880688758999895,2.9234161389999826,7,0.06210874439100335,0.18406913361860522,0.6111595334361534,0.349242417380739,0.293912465742048,0.4547740464914547,0.22087932671548738
300,0.3,90,64,64,6,8,7,False,ok,selected_multi_metric_xb_worsening_patience,sample_select_project,2.1021522450000703,0.0,0.004607133999797952,0.043175996000172745,2.106759378999868,2.149935375000041,7,0.05883035053706803,0.18940059354460184,0.4455037558863475,0.3458220834487117,0.26341753848770944,0.4883040962399519,0.2549317906428115
300,0.3,90,65,62,6,8,6,False,ok,selected_multi_metric_max_k,sample_select_full_fit,2.268699295999795,0.4268616889999066,0.0,0.03179865699985385,2.6955609849997018,2.7273596419995556,6,0.06357185108678481,0.1796989721810017,0.6010577149082308,0.39617182790464667,0.33290152015862523,0.46286980596080857,0.220371405058309
300,0.3,90,65,62,6,8,6,False,ok,selected_multi_metric_max_k,sample_select_project,2.268699295999795,0.0,0.0013555850000557257,0.03217530899974008,2.270054880999851,2.302230189999591,6,0.050532071906705736,0.1981506559877436,0.3042658132165323,0.31783632997032907,0.22471643990631332,0.41604247363789815,0.17261290519469644
300,0.3,90,65,63,6,7,7,True,ok,selected_multi_metric_xb_worsening_patience,sample_select_full_fit,2.2510081959999297,0.536125439999978,0.0,0.046226087999912124,2.7871336359999077,2.83335972399982,7,0.06543865436145019,0.15561000025144917,1.0,0.4157951267449586,0.32704100375844236,0.51353311128286,0.2651947050853566
300,0.3,90,65,63,6,7,7,True,ok,selected_multi_metric_xb_worsening_patience,sample_select_project,2.2510081959999297,0.0,0.0033606609999878856,0.029371695000008913,2.2543688569999176,2.2837405519999265,7,0.05820983733530324,0.15222248010118636,0.36531483937000137,0.3944965055423464,0.28053763137873705,0.49525575613890294,0.23720615457370206
300,0.3,90,65,64,6,8,6,False,ok,selected_multi_metric_xb_worsening_patience,sample_select_full_fit,1.8259396449998349,0.3611560270001064,0.0,0.0393450669998856,2.1870956719999413,2.226440738999827,6,0.06357185108678481,0.1796989793968013,0.5398801823216204,0.39617182790464667,0.33290152015862523,0.46286980596080857,0.220371405058309
300,0.3,90,65,64,6,8,6,False,ok,selected_multi_metric_xb_worsening_patience,sample_select_project,1.8259396449998349,0.0,0.010643972000252688,0.05003751000003831,1.8365836170000875,1.8866211270001259,6,0.05111720691831157,0.198591936603155,0.33941261054985933,0.3224740646890979,0.22797764307643864,0.43954255412760296,0.1916242203327254
300,0.3,90,66,62,6,8,4,False,ok,selected_multi_metric_xb_worsening_patience,sample_select_full_fit,1.1540371850001065,0.6498702399999274,0.0,0.04060451400027887,1.803907425000034,1.8445119390003129,4,0.0492782641928258,0.2135979149145687,0.3558437863987218,0.3415769827640143,0.26707625587278644,0.41647190053699534,0.16287715800189131
300,0.3,90,66,62,6,8,4,False,ok,selected_multi_metric_xb_worsening_patience,sample_select_project,1.1540371850001065,0.0,0.003587173999676452,0.036163710999971954,1.157624358999783,1.193788069999755,4,0.0391498898741777,0.3341387231681165,0.25519037560921926,0.2931377897203975,0.22844456226390086,0.33562728861901553,0.12817066779458913
300,0.3,90,66,63,6,7,4,False,ok,selected_multi_metric_xb_worsening_patience,sample_select_full_fit,0.9856562469999517,0.41757922500028144,0.0,0.020347401999970316,1.4032354720002331,1.4235828740002034,4,0.0492782641928258,0.2135979140571065,0.4517824965369916,0.3415769827640143,0.26707625587278644,0.41647190053699545,0.16287715800189131
300,0.3,90,66,63,6,7,4,False,ok,selected_multi_metric_xb_worsening_patience,sample_select_project,0.9856562469999517,0.0,0.002922785999999178,0.03271408299997347,0.9885790329999509,1.0212931159999243,4,0.0391498898741777,0.33413650569043435,0.35046620811096446,0.29313778972039733,0.22844456226390086,0.3356272886190156,0.12817066779458913
300,0.3,90,66,64,6,8,4,False,ok,selected_multi_metric_xb_worsening_patience,sample_select_full_fit,1.1190040030001,0.48524491899979694,0.0,0.02931853600011891,1.604248921999897,1.633567458000016,4,0.0492782641928258,0.2135979079134207,0.3498223944082181,0.34157698276401427,0.26707625587278644,0.41647190053699545,0.16287715800189131
300,0.3,90,66,64,6,8,4,False,ok,selected_multi_metric_xb_worsening_patience,sample_select_project,1.1190040030001,0.0,0.002295487000083085,0.032393074999617966,1.1212994900001831,1.153692564999801,4,0.0391498898741777,0.33413870374423515,0.26766569640726845,0.29313778972039733,0.22844456226390086,0.3356272886190156,0.12817066779458913
300,0.4,120,62,62,8,8,2,False,ok,selected_multi_metric_xb_worsening_patience,sample_select_full_fit,1.7446595219998926,0.33769512400021995,0.0,0.051403083999957744,2.0823546460001126,2.1337577300000703,2,0.05036496888569289,0.23511635135852557,0.1857028664343307,0.23027653549882887,0.1370602602373845,0.26515920438289936,0.07277865073052069
300,0.4,120,62,62,8,8,2,False,ok,selected_multi_metric_xb_worsening_patience,sample_select_project,1.7446595219998926,0.0,0.005689320000328735,0.025174314999730996,1.7503488420002213,1.7755231569999523,2,0.04871898769433977,0.33031441496160857,0.1957220994953965,0.2213804431918014,0.13423286180631122,0.25751379698466953,0.07342405330268739
300,0.4,120,62,63,8,7,2,False,ok,selected_multi_metric_xb_worsening_patience,sample_select_full_fit,1.3811087230001249,0.33291407599972445,0.0,0.01929493099987667,1.7140227989998493,1.733317729999726,2,0.05036496888569289,0.2351163629974898,0.1990460289585734,0.23027653549882887,0.1370602602373845,0.26515920438289936,0.07277865073052069
300,0.4,120,62,63,8,7,2,False,ok,selected_multi_metric_xb_worsening_patience,sample_select_project,1.3811087230001249,0.0,0.001463787000375305,0.017370735999975295,1.3825725100005002,1.3999432460004755,2,0.04871898769433977,0.3303144220317174,0.20192315658010607,0.22138044319180145,0.13423286180631122,0.25751379698466953,0.07342405330268739
300,0.4,120,62,64,8,8,2,False,ok,selected_multi_metric_xb_worsening_patience,sample_select_full_fit,1.4905149810001603,0.2632714080000369,0.0,0.037298515000202315,1.7537863890001972,1.7910849040003995,2,0.05036496888569289,0.23511637209009445,0.19743143677045008,0.23027653549882887,0.1370602602373845,0.26515920438289936,0.07277865073052069
300,0.4,120,62,64,8,8,2,False,ok,selected_multi_metric_xb_worsening_patience,sample_select_project,1.4905149810001603,0.0,0.004642679999960819,0.0363823169996067,1.4951576610001212,1.5315399779997279,2,0.04871898769433977,0.33031451264127926,0.2032652344087489,0.2213804431918014,0.13423286180631122,0.25751379698466953,0.07342405330268739
300,0.4,120,63,62,8,8,7,False,ok,selected_multi_metric_xb_worsening_patience,sample_select_full_fit,2.662673582000025,0.6085067479998543,0.0,0.021979392000048392,3.271180329999879,3.2931597219999276,7,0.06210874439100335,0.1840690543497185,0.7137455556298467,0.3492424173807391,0.293912465742048,0.4547740464914548,0.22087932671548738
300,0.4,120,63,62,8,8,7,False,ok,selected_multi_metric_xb_worsening_patience,sample_select_project,2.662673582000025,0.0,0.0012419640002008236,0.027413226000135182,2.6639155460002257,2.691328772000361,7,0.05422616556790172,0.24658419673313303,0.3535536032125391,0.37295158980865967,0.27503179313268333,0.44293045934359304,0.21152986964917628
300,0.4,120,63,63,8,7,4,False,ok,selected_multi_metric_xb_worsening_patience,sample_select_full_fit,2.638495441000032,0.5569779120000931,0.0,0.015888984999946842,3.195473353000125,3.2113623380000718,4,0.0492782641928258,0.2135979140571065,0.4517824965369916,0.3415769827640143,0.26707625587278644,0.41647190053699545,0.16287715800189131
300,0.4,120,63,63,8,7,4,False,ok,selected_multi_metric_xb_worsening_patience,sample_select_project,2.638495441000032,0.0,0.0012927889997627062,0.017091935999815178,2.6397882299997946,2.6568801659996097,4,0.04626917702592866,0.2500383772694734,0.27525364076900827,0.24021022356034727,0.1526350644079383,0.31628977059683416,0.10467912691050812
300,0.4,120,63,64,8,8,7,False,ok,selected_multi_metric_xb_worsening_patience,sample_select_full_fit,2.6494793289998597,0.5595252560001427,0.0,0.01493493700036197,3.2090045850000024,3.2239395220003644,7,0.06210874439100335,0.18406913361860522,0.6111595334361534,0.349242417380739,0.293912465742048,0.4547740464914547,0.22087932671548738
300,0.4,120,63,64,8,8,7,False,ok,selected_multi_metric_xb_worsening_patience,sample_select_project,2.6494793289998597,0.0,0.0016043690002334188,0.014510596000036458,2.651083698000093,2.6655942940001296,7,0.05511456708086612,0.2108612379096503,0.3179286923146839,0.35686345760887256,0.2561842962795047,0.43589821862326655,0.2066457572345537
300,0.4,120,64,62,8,8,8,True,ok,selected_multi_metric_max_k,sample_select_full_fit,2.424041019000015,0.5921102709999104,0.0,0.02851460900001257,3.016151289999925,3.044665898999938,8,0.07268954231076385,0.16255016341705988,1.0,0.4375590057040433,0.3393230624208325,0.5365411322840229,0.2858805979386821
300,0.4,120,64,62,8,8,8,True,ok,selected_multi_metric_max_k,sample_select_project,2.424041019000015,0.0,0.003394023000055313,0.02934056700041765,2.42743504200007,2.4567756090004877,8,0.06606082177040569,0.1386332901185476,0.41563666720283365,0.38660939713641773,0.2659168269942282,0.50674110162623,0.25708230129002285
300,0.4,120,64,63,8,7,7,True,ok,selected_multi_metric_xb_worsening_patience,sample_select_full_fit,2.2086163220001254,0.5145897350002997,0.0,0.01682806399958281,2.723206057000425,2.740034121000008,7,0.06543865436145019,0.15561000025144917,1.0,0.4157951267449586,0.32704100375844236,0.51353311128286,0.2651947050853566
300,0.4,120,64,63,8,7,7,True,ok,selected_multi_metric_xb_worsening_patience,sample_select_project,2.2086163220001254,0.0,0.001339075000032608,0.015167238999765686,2.209955397000158,2.2251226359999237,7,0.06624781198551605,0.14335093987167935,0.5107420423667898,0.4307379578562778,0.3385456720499017,0.5033713757996767,0.25632226180811507
300,0.4,120,64,64,8,8,8,True,ok,selected_multi_metric_max_k,sample_select_full_fit,2.6281709449999653,0.5827081010002075,0.0,0.04002514500007237,3.210879046000173,3.250904191000245,8,0.07097624679072909,0.1622552220519932,1.0,0.4427519726523049,0.32753030524317217,0.5524912992204957,0.2832306646564824
300,0.4,120,64,64,8,8,8,True,ok,selected_multi_metric_max_k,sample_select_project,2.6281709449999653,0.0,0.003566273999695113,0.04153936700004124,2.6317372189996604,2.6732765859997016,8,0.06631855761616225,0.12592109777694538,0.44751302195102033,0.38473919632444054,0.2758651471419645,0.5192457106482758,0.2794172131591709
300,0.4,120,65,62,8,8,5,False,ok,selected_multi_metric_xb_worsening_patience,sample_select_full_fit,1.3090739819999726,0.5502705349999815,0.0,0.04102625099994839,1.859344516999954,1.9003707679999025,5,0.056111272174951606,0.19185008178081747,0.4275468347635923,0.3655129393833235,0.24749784582753365,0.43110394932236057,0.15562773901754945
300,0.4,120,65,62,8,8,5,False,ok,selected_multi_metric_xb_worsening_patience,sample_select_project,1.3090739819999726,0.0,0.0016672359997755848,0.031984093000119174,1.3107412179997482,1.3427253109998674,5,0.05337653687759116,0.28000082122531966,0.38635909256089307,0.3165268987004683,0.22559054212572163,0.3826152481164365,0.14206067019687774
300,0.4,120,65,63,8,7,5,False,ok,selected_multi_metric_xb_worsening_patience,sample_select_full_fit,1.4899736430002122,0.7167357640000773,0.0,0.03948674199955349,2.2067094070002895,2.246196148999843,5,0.05614060170707579,0.19184803976862094,0.47187123341829373,0.36260048979778836,0.24334617501375894,0.4272997453830154,0.15307949981726732
300,0.4,120,65,63,8,7,5,False,ok,selected_multi_metric_xb_worsening_patience,sample_select_project,1.4899736430002122,0.0,0.003670208000130515,0.02803513499975452,1.4936438510003427,1.5216789860000972,5,0.05337653687759116,0.27999794014669904,0.3354053780222016,0.31652689870046835,0.22559054212572163,0.38261524811643643,0.14206067019687774
300,0.4,120,65,64,8,8,5,False,ok,selected_multi_metric_xb_worsening_patience,sample_select_full_fit,1.2737651689999439,0.538669069000207,0.0,0.04226202299969373,1.8124342380001508,1.8546962609998445,5,0.05614060170707579,0.1918476592050567,0.4342967210337171,0.36260048979778836,0.24334617501375894,0.4272997453830154,0.15307949981726732
300,0.4,120,65,64,8,8,5,False,ok,selected_multi_metric_xb_worsening_patience,sample_select_project,1.2737651689999439,0.0,0.005717622999782179,0.04493020399968373,1.279482791999726,1.3244129959994098,5,0.05337653687759116,0.2799978862683852,0.3479154042234031,0.31652689870046835,0.22559054212572163,0.38261524811643643,0.14206067019687774
300,0.4,120,66,62,8,8,7,False,ok,selected_multi_metric_xb_worsening_patience,sample_select_full_fit,2.354228836999937,0.5663766239999859,0.0,0.038942858999689633,2.920605460999923,2.9595483199996124,7,0.06210874439100335,0.1840690543497185,0.7137455556298467,0.3492424173807391,0.293912465742048,0.4547740464914548,0.22087932671548738
300,0.4,120,66,62,8,8,7,False,ok,selected_multi_metric_xb_worsening_patience,sample_select_project,2.354228836999937,0.0,0.003668254999865894,0.036116261999723065,2.357897091999803,2.394013353999526,7,0.05135576592916972,0.13911837627364218,0.33019731605470193,0.3320677300790375,0.2532410676458127,0.43170545751236605,0.2012151436704161
300,0.4,120,66,63,8,7,8,False,ok,selected_multi_metric_max_k,sample_select_full_fit,2.878308640999876,0.6657502869998098,0.0,0.021682618999875558,3.5440589279996857,3.5657415469995613,8,0.06858244679397332,0.16167647610399802,0.770139873983625,0.38308542537349616,0.2965975684422286,0.511300015182507,0.2644374774834892
300,0.4,120,66,63,8,7,8,False,ok,selected_multi_metric_max_k,sample_select_project,2.878308640999876,0.0,0.0013355189998947026,0.015138276000016049,2.8796441599997706,2.8947824359997867,8,0.05171617158431251,0.13603082847961756,0.3651554102814888,0.35779596670099106,0.26233310535549675,0.4667901357210935,0.23028552283933473
300,0.4,120,66,64,8,8,8,True,ok,selected_multi_metric_max_k,sample_select_full_fit,2.5992216360000384,0.5469731610000963,0.0,0.02452133800034062,3.1461947970001347,3.1707161350004753,8,0.07097624679072909,0.1622552220519932,1.0,0.4427519726523049,0.32753030524317217,0.5524912992204957,0.2832306646564824
300,0.4,120,66,64,8,8,8,True,ok,selected_multi_metric_max_k,sample_select_project,2.5992216360000384,0.0,0.0016643609997117892,0.013874681000288547,2.60088599699975,2.6147606780000388,8,0.05790205539427668,0.14762087765956874,0.4083382008868539,0.376571375490047,0.2640784610459533,0.46683667818341634,0.2260147797425729
300,0.5,150,62,62,10,8,5,False,ok,selected_multi_metric_xb_worsening_patience,sample_select_full_fit,1.4150003220001963,0.41715114700036793,0.0,0.0399954389999948,1.8321514690005642,1.872146908000559,5,0.056111272174951606,0.19185008178081747,0.4275468347635923,0.3655129393833235,0.24749784582753365,0.43110394932236057,0.15562773901754945
300,0.5,150,62,62,10,8,5,False,ok,selected_multi_metric_xb_worsening_patience,sample_select_project,1.4150003220001963,0.0,0.0036703490000036254,0.03394412400029978,1.4186706710002,1.4526147950004997,5,0.049479054831794,0.21680624496910736,0.4576666669678607,0.3192916830417743,0.26361807297747086,0.40229094234914475,0.1838003532939866
300,0.5,150,62,63,10,7,5,False,ok,selected_multi_metric_xb_worsening_patience,sample_select_full_fit,1.3252614200000608,0.6268918569999187,0.0,0.039539921000141476,1.9521532769999794,1.991693198000121,5,0.05614060170707579,0.19184803976862094,0.47187123341829373,0.36260048979778836,0.24334617501375894,0.4272997453830154,0.15307949981726732
300,0.5,150,62,63,10,7,5,False,ok,selected_multi_metric_xb_worsening_patience,sample_select_project,1.3252614200000608,0.0,0.0016013539998311899,0.03970266399983302,1.326862773999892,1.366565437999725,5,0.049479054831794,0.2168062203692787,0.363852075722146,0.31929168304177435,0.26361807297747086,0.4022909423491447,0.1838003532939866
300,0.5,150,62,64,10,8,2,False,ok,selected_multi_metric_xb_worsening_patience,sample_select_full_fit,1.3931004659998507,0.2536295830000199,0.0,0.028198568999869167,1.6467300489998706,1.6749286179997398,2,0.05036496888569289,0.23511637209009445,0.19743143677045008,0.23027653549882887,0.1370602602373845,0.26515920438289936,0.07277865073052069
300,0.5,150,62,64,10,8,2,False,ok,selected_multi_metric_xb_worsening_patience,sample_select_project,1.3931004659998507,0.0,0.0012061569996149046,0.03876008799988995,1.3943066229994656,1.4330667109993556,2,0.04878143923554677,0.30256273131934364,0.2018267522994809,0.2136605272958016,0.1304184106478196,0.25512286247995,0.07313621982852528
300,0.5,150,63,62,10,8,4,False,ok,selected_multi_metric_xb_worsening_patience,sample_select_full_fit,1.2229158720001578,0.38405723599998964,0.0,0.03568079100023169,1.6069731080001475,1.6426538990003792,4,0.0492782641928258,0.2135979149145687,0.3558437863987218,0.3415769827640143,0.26707625587278644,0.41647190053699534,0.16287715800189131
300,0.5,150,63,62,10,8,4,False,ok,selected_multi_metric_xb_worsening_patience,sample_select_project,1.2229158720001578,0.0,0.0033422970000174246,0.03581091300020489,1.2262581690001753,1.2620690820003801,4,0.047836463624804156,0.23134457838754383,0.28977767040908714,0.31169236477926743,0.2383599871203177,0.3890238385768514,0.14803279649109055
300,0.5,150,63,63,10,7,4,False,ok,selected_multi_metric_xb_worsening_patience,sample_select_full_fit,1.2187251210002614,0.4977866469998844,0.0,0.03822269700003744,1.7165117680001458,1.7547344650001833,4,0.0492782641928258,0.2135979140571065,0.4517824965369916,0.3415769827640143,0.26707625587278644,0.41647190053699545,0.16287715800189131
300,0.5,150,63,63,10,7,4,False,ok,selected_multi_metric_xb_worsening_patience,sample_select_project,1.2187251210002614,0.0,0.001588940999681654,0.036306547000094724,1.220314061999943,1.2566206090000378,4,0.047836463624804156,0.2313443442214934,0.367011570650519,0.31169236477926743,0.2383599871203177,0.3890238385768514,0.14803279649109055
300,0.5,150,63,64,10,8,4,False,ok,selected_multi_metric_xb_worsening_patience,sample_select_full_fit,1.2433264280002732,0.47537462900027094,0.0,0.03627349399994273,1.718701057000544,1.7549745510004868,4,0.0492782641928258,0.2135979079134207,0.3498223944082181,0.34157698276401427,0.26707625587278644,0.41647190053699545,0.16287715800189131
300,0.5,150,63,64,10,8,4,False,ok,selected_multi_metric_xb_worsening_patience,sample_select_project,1.2433264280002732,0.0,0.0034950519998346863,0.03901667600030123,1.2468214800001078,1.285838156000409,4,0.047836463624804156,0.23134430836751488,0.2979632357221406,0.3116923647792674,0.2383599871203177,0.3890238385768514,0.14803279649109055
300,0.5,150,64,62,10,8,8,True,ok,selected_multi_metric_xb_worsening_patience,sample_select_full_fit,2.3709510189996763,0.5773621449998245,0.0,0.01491787499981001,2.948313163999501,2.963231038999311,8,0.07268954231076385,0.16255016341705988,1.0,0.4375590057040433,0.3393230624208325,0.5365411322840229,0.2858805979386821
300,0.5,150,64,62,10,8,8,True,ok,selected_multi_metric_xb_worsening_patience,sample_select_project,2.3709510189996763,0.0,0.0016385129997615877,0.014481872999567713,2.372589531999438,2.3870714049990056,8,0.060275544984897,0.17243146732866962,0.46071407112191004,0.38991234600740204,0.30822538670721367,0.4700621904913644,0.24486552904223524
300,0.5,150,64,63,10,7,8,False,ok,selected_multi_metric_xb_worsening_patience,sample_select_full_fit,2.9152882799999134,0.44642658500015386,0.0,0.03667409099989527,3.361714865000067,3.3983889559999625,8,0.06858244679397332,0.16167647610399802,0.770139873983625,0.38308542537349616,0.2965975684422286,0.511300015182507,0.2644374774834892
300,0.5,150,64,63,10,7,8,False,ok,selected_multi_metric_xb_worsening_patience,sample_select_project,2.9152882799999134,0.0,0.003647625999747106,0.03551947999994809,2.9189359059996605,2.9544553859996086,8,0.06122275898077043,0.16233884367193613,0.4374956912945937,0.3657002265285794,0.2807063100493378,0.4660264809697059,0.22799635907547913
300,0.5,150,64,64,10,8,8,True,ok,selected_multi_metric_max_k,sample_select_full_fit,2.2997823400000925,0.4798311230001673,0.0,0.015992668000308186,2.77961346300026,2.795606131000568,8,0.07097624679072909,0.1622552220519932,1.0,0.4427519726523049,0.32753030524317217,0.5524912992204957,0.2832306646564824
300,0.5,150,64,64,10,8,8,True,ok,selected_multi_metric_max_k,sample_select_project,2.2997823400000925,0.0,0.0016296160001729731,0.014643795000210957,2.3014119560002655,2.3160557510004764,8,0.06873437641719225,0.12678649071176668,0.5779458421476605,0.4484860595195648,0.3499422684074962,0.5183874157469686,0.2796205367471431
300,0.5,150,65,62,10,8,6,False,ok,selected_multi_metric_xb_worsening_patience,sample_select_full_fit,1.9901780310001413,0.3966249529999004,0.0,0.014992585000072722,2.3868029840000418,2.4017955690001145,6,0.06357185108678481,0.1796989721810017,0.6010577149082308,0.39617182790464667,0.33290152015862523,0.46286980596080857,0.220371405058309
300,0.5,150,65,62,10,8,6,False,ok,selected_multi_metric_xb_worsening_patience,sample_select_project,1.9901780310001413,0.0,0.0015828489999876183,0.014058664999993198,1.991760880000129,2.005819545000122,6,0.06157374941761,0.22769067377568264,0.439439406904729,0.39895908070485075,0.2849930229608017,0.4647193340382277,0.18972264273439382
300,0.5,150,65,63,10,7,6,False,ok,selected_multi_metric_xb_worsening_patience,sample_select_full_fit,1.875817329000256,0.3956416299997727,0.0,0.0437359990000914,2.2714589590000287,2.31519495800012,6,0.06357185108678481,0.17969953853858991,0.6788963176678112,0.3961718279046466,0.33290152015862523,0.46286980596080857,0.220371405058309
300,0.5,150,65,63,10,7,6,False,ok,selected_multi_metric_xb_worsening_patience,sample_select_project,1.875817329000256,0.0,0.00367426599996179,0.039493565000157105,1.8794915950002178,1.918985160000375,6,0.06157374941761,0.22769069370724648,0.3952501116485194,0.3989590807048507,0.2849930229608017,0.4647193340382277,0.18972264273439382
300,0.5,150,65,64,10,8,6,False,ok,selected_multi_metric_xb_worsening_patience,sample_select_full_fit,1.9576937189999626,0.36658856800022477,0.0,0.040450478000366275,2.3242822870001874,2.3647327650005536,6,0.06357185108678481,0.1796989793968013,0.5398801823216204,0.39617182790464667,0.33290152015862523,0.46286980596080857,0.220371405058309
300,0.5,150,65,64,10,8,6,False,ok,selected_multi_metric_xb_worsening_patience,sample_select_project,1.9576937189999626,0.0,0.0036732540002049063,0.036778506000246125,1.9613669730001675,1.9981454790004136,6,0.06157374941761,0.22769070608768707,0.4387933729662875,0.39895908070485075,0.2849930229608017,0.4647193340382277,0.18972264273439382
300,0.5,150,66,62,10,8,5,False,ok,selected_multi_metric_xb_worsening_patience,sample_select_full_fit,1.4196364179997545,0.5454605540003286,0.0,0.039436046999981045,1.965096972000083,2.004533019000064,5,0.056111272174951606,0.19185008178081747,0.4275468347635923,0.3655129393833235,0.24749784582753365,0.43110394932236057,0.15562773901754945
300,0.5,150,66,62,10,8,5,False,ok,selected_multi_metric_xb_worsening_patience,sample_select_project,1.4196364179997545,0.0,0.001367047000258026,0.03046190699978979,1.4210034650000125,1.4514653719998023,5,0.05163002796452772,0.20949402173694004,0.3372500160048852,0.36376060244979297,0.25489562910852265,0.4083114348157385,0.14990688485987444
300,0.5,150,66,63,10,7,5,False,ok,selected_multi_metric_xb_worsening_patience,sample_select_full_fit,1.397749761000341,0.6409849950000535,0.0,0.06045455999992555,2.0387347560003946,2.09918931600032,5,0.05614060170707579,0.19184803976862094,0.47187123341829373,0.36260048979778836,0.24334617501375894,0.4272997453830154,0.15307949981726732
300,0.5,150,66,63,10,7,5,False,ok,selected_multi_metric_xb_worsening_patience,sample_select_project,1.397749761000341,0.0,0.011017098000138503,0.03986414400014837,1.4087668590004796,1.448631003000628,5,0.049786875263429856,0.20610827753879774,0.311465962033501,0.3935013917472912,0.3015198873804013,0.4324348497976734,0.17968656089371807
300,0.5,150,66,64,10,8,5,False,ok,selected_multi_metric_xb_worsening_patience,sample_select_full_fit,1.5737072449996958,0.4796822949997477,0.0,0.037428356999953394,2.0533895399994435,2.090817896999397,5,0.05614060170707579,0.1918476592050567,0.4342967210337171,0.36260048979778836,0.24334617501375894,0.4272997453830154,0.15307949981726732
300,0.5,150,66,64,10,8,5,False,ok,selected_multi_metric_xb_worsening_patience,sample_select_project,1.5737072449996958,0.0,0.003627248000157124,0.033347463000154676,1.577334492999853,1.6106819560000076,5,0.05163002796452772,0.20949340561532834,0.35068432779178804,0.36376060244979286,0.25489562910852265,0.40831143481573856,0.14990688485987444
300,0.7,210,62,62,14,8,2,False,ok,selected_multi_metric_xb_worsening_patience,sample_select_full_fit,1.6039059210002051,0.30656383999985337,0.0,0.03438390400015123,1.9104697610000585,1.9448536650002097,2,0.05036496888569289,0.23511635135852557,0.1857028664343307,0.23027653549882887,0.1370602602373845,0.26515920438289936,0.07277865073052069
300,0.7,210,62,62,14,8,2,False,ok,selected_multi_metric_xb_worsening_patience,sample_select_project,1.6039059210002051,0.0,0.001448279000214825,0.021094843999890145,1.60535420000042,1.62644904400031,2,0.04782748257226952,0.270794816398554,0.18937368746057975,0.21863921149750234,0.13398120121076948,0.2588575380829789,0.07382546599336742
300,0.7,210,62,63,14,7,2,False,ok,selected_multi_metric_xb_worsening_patience,sample_select_full_fit,2.016538037999908,0.31594489899998734,0.0,0.040817250999680255,2.332482936999895,2.3733001879995754,2,0.05036496888569289,0.2351163629974898,0.1990460289585734,0.23027653549882887,0.1370602602373845,0.26515920438289936,0.07277865073052069
300,0.7,210,62,63,14,7,2,False,ok,selected_multi_metric_xb_worsening_patience,sample_select_project,2.016538037999908,0.0,0.0036149150000710506,0.02890905300000668,2.020152952999979,2.0490620059999856,2,0.04782748257226952,0.27079481815192197,0.1919302006986911,0.21863921149750234,0.13398120121076948,0.2588575380829789,0.07382546599336742
300,0.7,210,62,64,14,8,2,False,ok,selected_multi_metric_xb_worsening_patience,sample_select_full_fit,1.6304196799997044,0.3333332799998061,0.0,0.016753465000419965,1.9637529599995105,1.9805064249999305,2,0.05036496888569289,0.23511637209009445,0.19743143677045008,0.23027653549882887,0.1370602602373845,0.26515920438289936,0.07277865073052069
300,0.7,210,62,64,14,8,2,False,ok,selected_multi_metric_xb_worsening_patience,sample_select_project,1.6304196799997044,0.0,0.0016000410000742704,0.01988532999985182,1.6320197209997787,1.6519050509996305,2,0.04782748257226952,0.270794909634197,0.19082045452988633,0.21863921149750243,0.13398120121076948,0.2588575380829789,0.07382546599336742
300,0.7,210,63,62,14,8,8,True,ok,selected_multi_metric_xb_worsening_patience,sample_select_full_fit,2.7673919919998298,0.5192833999999493,0.0,0.01670018600043477,3.286675391999779,3.303375578000214,8,0.07268954231076385,0.16255016341705988,1.0,0.4375590057040433,0.3393230624208325,0.5365411322840229,0.2858805979386821
300,0.7,210,63,62,14,8,8,True,ok,selected_multi_metric_xb_worsening_patience,sample_select_project,2.7673919919998298,0.0,0.0012903140000162239,0.015436110999871744,2.768682305999846,2.7841184169997177,8,0.06481002880239291,0.13549542735393127,0.4990246926174725,0.45491428948625007,0.34861040476261707,0.5314658495744569,0.28950985476997687
300,0.7,210,63,63,14,7,8,False,ok,selected_multi_metric_xb_worsening_patience,sample_select_full_fit,2.3178364179998425,0.7242961300003117,0.0,0.015320113999678142,3.042132548000154,3.0574526619998323,8,0.06858244679397332,0.16167647610399802,0.770139873983625,0.38308542537349616,0.2965975684422286,0.511300015182507,0.2644374774834892
300,0.7,210,63,63,14,7,8,False,ok,selected_multi_metric_xb_worsening_patience,sample_select_project,2.3178364179998425,0.0,0.0015946909998092451,0.014578221999727248,2.3194311089996518,2.334009330999379,8,0.06481002880239291,0.13549510271222615,0.5463891684934897,0.45491428948625,0.34861040476261707,0.5314658495744569,0.28950985476997687
300,0.7,210,63,64,14,8,7,False,ok,selected_multi_metric_xb_worsening_patience,sample_select_full_fit,2.947800539000127,0.5768361519999416,0.0,0.024267424999834475,3.524636691000069,3.5489041159999033,7,0.06210874439100335,0.18406913361860522,0.6111595334361534,0.349242417380739,0.293912465742048,0.4547740464914547,0.22087932671548738
300,0.7,210,63,64,14,8,7,False,ok,selected_multi_metric_xb_worsening_patience,sample_select_project,2.947800539000127,0.0,0.003280262000316725,0.030410731000301894,2.951080801000444,2.981491532000746,7,0.06406397485018768,0.2111063722987117,0.5698482722966022,0.43170356716574104,0.3068014552725859,0.5348610794347786,0.2652877124275521
300,0.7,210,64,62,14,8,7,False,ok,selected_multi_metric_xb_worsening_patience,sample_select_full_fit,2.495280762999755,0.5903201680002894,0.0,0.035091632999865396,3.0856009310000445,3.12069256399991,7,0.06210874439100335,0.1840690543497185,0.7137455556298467,0.3492424173807391,0.293912465742048,0.4547740464914548,0.22087932671548738
300,0.7,210,64,62,14,8,7,False,ok,selected_multi_metric_xb_worsening_patience,sample_select_project,2.495280762999755,0.0,0.0036140739998700155,0.032099398000354995,2.498894836999625,2.53099423499998,7,0.06446195297846027,0.14399450659884463,0.659576468993158,0.45297892290597297,0.3548782224754308,0.5385291165687311,0.28873047397721885
300,0.7,210,64,63,14,7,6,False,ok,selected_multi_metric_xb_worsening_patience,sample_select_full_fit,2.6680685489995994,0.5139689600000565,0.0,0.05178751099992951,3.182037508999656,3.2338250199995855,6,0.06357185108678481,0.17969953853858991,0.6788963176678112,0.3961718279046466,0.33290152015862523,0.46286980596080857,0.220371405058309
300,0.7,210,64,63,14,7,6,False,ok,selected_multi_metric_xb_worsening_patience,sample_select_project,2.6680685489995994,0.0,0.0037048629997116223,0.04120704799970554,2.671773411999311,2.7129804599990166,6,0.05948729604769421,0.1622318035965695,0.7129438049386179,0.4171465529202199,0.34067250605681426,0.5010214246300654,0.2495483357917529
300,0.7,210,64,64,14,8,7,False,ok,selected_multi_metric_xb_worsening_patience,sample_select_full_fit,2.5092080219997115,0.5693248669999775,0.0,0.015373433999684494,3.078532888999689,3.0939063229993735,7,0.06210874439100335,0.18406913361860522,0.6111595334361534,0.349242417380739,0.293912465742048,0.4547740464914547,0.22087932671548738
300,0.7,210,64,64,14,8,7,False,ok,selected_multi_metric_xb_worsening_patience,sample_select_project,2.5092080219997115,0.0,0.0016259399999398738,0.014829421000285947,2.5108339619996514,2.5256633829999373,7,0.06446195297846027,0.1439944871363646,0.7220944994427201,0.45297892290597297,0.3548782224754308,0.5385291165687311,0.28873047397721885
300,0.7,210,65,62,14,8,7,False,ok,selected_multi_metric_xb_worsening_patience,sample_select_full_fit,2.8412016440001935,0.6149992880000354,0.0,0.03647399800001949,3.456200932000229,3.4926749300002484,7,0.06210874439100335,0.1840690543497185,0.7137455556298467,0.3492424173807391,0.293912465742048,0.4547740464914548,0.22087932671548738
300,0.7,210,65,62,14,8,7,False,ok,selected_multi_metric_xb_worsening_patience,sample_select_project,2.8412016440001935,0.0,0.003658665999864752,0.039038336999965395,2.8448603100000582,2.8838986470000236,7,0.07323486679554102,0.17708790535712268,0.5112510076089659,0.48729462493865994,0.39267582188930505,0.5300872834077346,0.26052772648758116
300,0.7,210,65,63,14,7,7,True,ok,selected_multi_metric_xb_worsening_patience,sample_select_full_fit,3.4039061630001015,0.6401152739999816,0.0,0.04104714899995088,4.044021437000083,4.085068586000034,7,0.06543865436145019,0.15561000025144917,1.0,0.4157951267449586,0.32704100375844236,0.51353311128286,0.2651947050853566
300,0.7,210,65,63,14,7,7,True,ok,selected_multi_metric_xb_worsening_patience,sample_select_project,3.4039061630001015,0.0,0.003686299000037252,0.03463157499982117,3.4075924620001388,3.44222403699996,7,0.07323486679554102,0.17708784954327256,0.43309360159469074,0.48729462493866005,0.39267582188930505,0.5300872834077347,0.26052772648758116
300,0.7,210,65,64,14,8,7,False,ok,selected_multi_metric_xb_worsening_patience,sample_select_full_fit,2.5809420169998702,0.7293784089997644,0.0,0.029299941999852308,3.3103204259996346,3.339620367999487,7,0.06210874439100335,0.18406913361860522,0.6111595334361534,0.349242417380739,0.293912465742048,0.4547740464914547,0.22087932671548738
300,0.7,210,65,64,14,8,7,False,ok,selected_multi_metric_xb_worsening_patience,sample_select_project,2.5809420169998702,0.0,0.002349237000089488,0.026656506000108493,2.5832912539999597,2.6099477600000682,7,0.07323486679554102,0.17708035754088985,0.47728281170047504,0.48729462493865994,0.39267582188930505,0.5300872834077347,0.26052772648758116
300,0.7,210,66,62,14,8,5,False,ok,selected_multi_metric_xb_worsening_patience,sample_select_full_fit,1.5824311989999842,0.5443790479998825,0.0,0.04351829400002316,2.1268102469998666,2.17032854099989,5,0.056111272174951606,0.19185008178081747,0.4275468347635923,0.3655129393833235,0.24749784582753365,0.43110394932236057,0.15562773901754945
300,0.7,210,66,62,14,8,5,False,ok,selected_multi_metric_xb_worsening_patience,sample_select_project,1.5824311989999842,0.0,0.004660182999941753,0.042265658999895095,1.587091381999926,1.629357040999821,5,0.05538907990441269,0.2548692378489683,0.36736672935275005,0.4294380623298411,0.3251351026780353,0.47900627960325376,0.202681664565601
300,0.7,210,66,63,14,7,5,False,ok,selected_multi_metric_xb_worsening_patience,sample_select_full_fit,1.5308823339996707,0.5566335119997348,0.0,0.0353962109998065,2.0875158459994054,2.122912056999212,5,0.05614060170707579,0.19184803976862094,0.47187123341829373,0.36260048979778836,0.24334617501375894,0.4272997453830154,0.15307949981726732
300,0.7,210,66,63,14,7,5,False,ok,selected_multi_metric_xb_worsening_patience,sample_select_project,1.5308823339996707,0.0,0.001505925999936153,0.02022143700014567,1.5323882599996068,1.5526096969997525,5,0.05538907990441269,0.2548747194210227,0.3822726856297159,0.42943806232984105,0.3251351026780353,0.47900627960325387,0.202681664565601
300,0.7,210,66,64,14,8,2,False,ok,selected_multi_metric_xb_worsening_patience,sample_select_full_fit,1.7532719779997024,0.2098180930001945,0.0,0.03310562300021047,1.9630900709998969,1.9961956940001073,2,0.05036496888569289,0.23511637209009445,0.19743143677045008,0.23027653549882887,0.1370602602373845,0.26515920438289936,0.07277865073052069
300,0.7,210,66,64,14,8,2,False,ok,selected_multi_metric_xb_worsening_patience,sample_select_project,1.7532719779997024,0.0,0.0036054870001862582,0.03588636399990719,1.7568774649998886,1.7927638289997958,2,0.05053751349361995,0.2714426695033153,0.16323119374446868,0.26784666283084835,0.14683477069734285,0.27941544598151524,0.07189397912111417
300,1.0,300,62,62,20,8,8,True,ok,selected_multi_metric_xb_worsening_patience,sample_select_full_fit,2.907795232999888,0.5539209469998241,0.0,0.05513708199987377,3.461716179999712,3.516853261999586,8,0.07268954231076385,0.16255016341705988,1.0,0.4375590057040433,0.3393230624208325,0.5365411322840229,0.2858805979386821
300,1.0,300,62,62,20,8,8,True,ok,selected_multi_metric_xb_worsening_patience,sample_select_project,2.907795232999888,0.0,0.004651787000057084,0.0393012159997852,2.912447019999945,2.9517482359997302,8,0.07268954231076385,0.16255016341705983,1.0,0.4375590057040433,0.3393230624208325,0.5365411322840229,0.2858805979386821
300,1.0,300,62,63,20,7,7,True,ok,selected_multi_metric_xb_worsening_patience,sample_select_full_fit,3.3305179990002216,0.5293707749997338,0.0,0.016215621999890573,3.8598887739999554,3.876104395999846,7,0.06543865436145019,0.15561000025144917,1.0,0.4157951267449586,0.32704100375844236,0.51353311128286,0.2651947050853566
300,1.0,300,62,63,20,7,7,True,ok,selected_multi_metric_xb_worsening_patience,sample_select_project,3.3305179990002216,0.0,0.0015981569999894418,0.014266011000017897,3.332116156000211,3.346382167000229,7,0.06543865436145019,0.15561000025144917,1.0,0.4157951267449586,0.32704100375844236,0.51353311128286,0.2651947050853566
300,1.0,300,62,64,20,8,8,True,ok,selected_multi_metric_xb_worsening_patience,sample_select_full_fit,3.5738271310001437,0.593396598000254,0.0,0.03899852200038367,4.167223729000398,4.206222251000781,8,0.07097624679072909,0.1622552220519932,1.0,0.4427519726523049,0.32753030524317217,0.5524912992204957,0.2832306646564824
300,1.0,300,62,64,20,8,8,True,ok,selected_multi_metric_xb_worsening_patience,sample_select_project,3.5738271310001437,0.0,0.0016144579999490816,0.035276600000088365,3.575441589000093,3.610718189000181,8,0.07097624679072909,0.1622552220519931,1.0,0.4427519726523049,0.32753030524317217,0.5524912992204957,0.2832306646564824
300,1.0,300,63,62,20,8,8,True,ok,selected_multi_metric_xb_worsening_patience,sample_select_full_fit,3.2907828739998877,0.5435843579998618,0.0,0.03271054600008938,3.8343672319997495,3.867077777999839,8,0.07268954231076385,0.16255016341705988,1.0,0.4375590057040433,0.3393230624208325,0.5365411322840229,0.2858805979386821
300,1.0,300,63,62,20,8,8,True,ok,selected_multi_metric_xb_worsening_patience,sample_select_project,3.2907828739998877,0.0,0.0012409120004122087,0.033236006000151974,3.2920237860003,3.325259792000452,8,0.07268954231076385,0.16255016341705983,1.0,0.4375590057040433,0.3393230624208325,0.5365411322840229,0.2858805979386821
300,1.0,300,63,63,20,7,7,True,ok,selected_multi_metric_xb_worsening_patience,sample_select_full_fit,3.4135727850002695,0.8864032589999624,0.0,0.028565944000092713,4.299976044000232,4.328541988000325,7,0.06543865436145019,0.15561000025144917,1.0,0.4157951267449586,0.32704100375844236,0.51353311128286,0.2651947050853566
300,1.0,300,63,63,20,7,7,True,ok,selected_multi_metric_xb_worsening_patience,sample_select_project,3.4135727850002695,0.0,0.0013084669999443577,0.01744435299997349,3.414881252000214,3.4323256050001874,7,0.06543865436145019,0.15561000025144917,1.0,0.4157951267449586,0.32704100375844236,0.51353311128286,0.2651947050853566
300,1.0,300,63,64,20,8,8,True,ok,selected_multi_metric_xb_worsening_patience,sample_select_full_fit,3.3409991379999155,0.6166510550001476,0.0,0.04000526699974216,3.957650193000063,3.9976554599998053,8,0.07097624679072909,0.1622552220519932,1.0,0.4427519726523049,0.32753030524317217,0.5524912992204957,0.2832306646564824
300,1.0,300,63,64,20,8,8,True,ok,selected_multi_metric_xb_worsening_patience,sample_select_project,3.3409991379999155,0.0,0.005691263999779039,0.034109512999748404,3.3466904019996946,3.380799914999443,8,0.07097624679072909,0.1622552220519931,1.0,0.4427519726523049,0.32753030524317217,0.5524912992204957,0.2832306646564824
300,1.0,300,64,62,20,8,8,True,ok,selected_multi_metric_xb_worsening_patience,sample_select_full_fit,3.521681185000034,0.5521983270000419,0.0,0.03723709999985658,4.073879512000076,4.1111166119999325,8,0.07268954231076385,0.16255016341705988,1.0,0.4375590057040433,0.3393230624208325,0.5365411322840229,0.2858805979386821
300,1.0,300,64,62,20,8,8,True,ok,selected_multi_metric_xb_worsening_patience,sample_select_project,3.521681185000034,0.0,0.003665349000129936,0.03464701399980186,3.525346534000164,3.559993547999966,8,0.07268954231076385,0.16255016341705983,1.0,0.4375590057040433,0.3393230624208325,0.5365411322840229,0.2858805979386821
300,1.0,300,64,63,20,7,7,True,ok,selected_multi_metric_xb_worsening_patience,sample_select_full_fit,3.790189964000092,0.8297110600001361,0.0,0.04481130300018776,4.619901024000228,4.664712327000416,7,0.06543865436145019,0.15561000025144917,1.0,0.4157951267449586,0.32704100375844236,0.51353311128286,0.2651947050853566
300,1.0,300,64,63,20,7,7,True,ok,selected_multi_metric_xb_worsening_patience,sample_select_project,3.790189964000092,0.0,0.006303965999904904,0.04756143599979623,3.796493929999997,3.844055365999793,7,0.06543865436145019,0.15561000025144917,1.0,0.4157951267449586,0.32704100375844236,0.51353311128286,0.2651947050853566
300,1.0,300,64,64,20,8,8,True,ok,selected_multi_metric_xb_worsening_patience,sample_select_full_fit,3.1202059549996193,0.8144860020001943,0.0,0.04827056800013452,3.9346919569998136,3.982962524999948,8,0.07097624679072909,0.1622552220519932,1.0,0.4427519726523049,0.32753030524317217,0.5524912992204957,0.2832306646564824
300,1.0,300,64,64,20,8,8,True,ok,selected_multi_metric_xb_worsening_patience,sample_select_project,3.1202059549996193,0.0,0.0066785829999389534,0.019148577000123623,3.1268845379995582,3.146033114999682,8,0.07097624679072909,0.1622552220519931,1.0,0.4427519726523049,0.32753030524317217,0.5524912992204957,0.2832306646564824
300,1.0,300,65,62,20,8,8,True,ok,selected_multi_metric_xb_worsening_patience,sample_select_full_fit,3.9474950939998052,0.6472359210001741,0.0,0.04186370099978376,4.594731014999979,4.636594715999763,8,0.07268954231076385,0.16255016341705988,1.0,0.4375590057040433,0.3393230624208325,0.5365411322840229,0.2858805979386821
300,1.0,300,65,62,20,8,8,True,ok,selected_multi_metric_xb_worsening_patience,sample_select_project,3.9474950939998052,0.0,0.0036100770003031357,0.036691111999971326,3.9511051710001084,3.9877962830000797,8,0.07268954231076385,0.16255016341705983,1.0,0.4375590057040433,0.3393230624208325,0.5365411322840229,0.2858805979386821
300,1.0,300,65,63,20,7,7,True,ok,selected_multi_metric_xb_worsening_patience,sample_select_full_fit,4.078220817999863,0.6547298550003688,0.0,0.07529922999992777,4.732950673000232,4.80824990300016,7,0.06543865436145019,0.15561000025144917,1.0,0.4157951267449586,0.32704100375844236,0.51353311128286,0.2651947050853566
300,1.0,300,65,63,20,7,7,True,ok,selected_multi_metric_xb_worsening_patience,sample_select_project,4.078220817999863,0.0,0.0025763909998204326,0.029769336999834195,4.080797208999684,4.110566545999518,7,0.06543865436145019,0.15561000025144917,1.0,0.4157951267449586,0.32704100375844236,0.51353311128286,0.2651947050853566
300,1.0,300,65,64,20,8,8,True,ok,selected_multi_metric_xb_worsening_patience,sample_select_full_fit,4.073232509000263,0.6811050740002429,0.0,0.05213004899997031,4.754337583000506,4.806467632000476,8,0.07097624679072909,0.1622552220519932,1.0,0.4427519726523049,0.32753030524317217,0.5524912992204957,0.2832306646564824
300,1.0,300,65,64,20,8,8,True,ok,selected_multi_metric_xb_worsening_patience,sample_select_project,4.073232509000263,0.0,0.0037143510003261326,0.046390707999762526,4.076946860000589,4.123337568000352,8,0.07097624679072909,0.1622552220519931,1.0,0.4427519726523049,0.32753030524317217,0.5524912992204957,0.2832306646564824
300,1.0,300,66,62,20,8,8,True,ok,selected_multi_metric_xb_worsening_patience,sample_select_full_fit,3.7686217450000186,0.9745506049998767,0.0,0.01914921899970068,4.743172349999895,4.762321568999596,8,0.07268954231076385,0.16255016341705988,1.0,0.4375590057040433,0.3393230624208325,0.5365411322840229,0.2858805979386821
300,1.0,300,66,62,20,8,8,True,ok,selected_multi_metric_xb_worsening_patience,sample_select_project,3.7686217450000186,0.0,0.0013744509997195564,0.019475235999834695,3.769996195999738,3.789471431999573,8,0.07268954231076385,0.16255016341705983,1.0,0.4375590057040433,0.3393230624208325,0.5365411322840229,0.2858805979386821
300,1.0,300,66,63,20,7,7,True,ok,selected_multi_metric_xb_worsening_patience,sample_select_full_fit,3.623807996999858,0.7825383749996035,0.0,0.03819830100019317,4.4063463719994616,4.444544672999655,7,0.06543865436145019,0.15561000025144917,1.0,0.4157951267449586,0.32704100375844236,0.51353311128286,0.2651947050853566
300,1.0,300,66,63,20,7,7,True,ok,selected_multi_metric_xb_worsening_patience,sample_select_project,3.623807996999858,0.0,0.003627277999839862,0.036687476000224706,3.627435274999698,3.6641227509999226,7,0.06543865436145019,0.15561000025144917,1.0,0.4157951267449586,0.32704100375844236,0.51353311128286,0.2651947050853566
300,1.0,300,66,64,20,8,8,True,ok,selected_multi_metric_xb_worsening_patience,sample_select_full_fit,3.8108700920001866,0.7634563540000272,0.0,0.05967545700013943,4.574326446000214,4.634001903000353,8,0.07097624679072909,0.1622552220519932,1.0,0.4427519726523049,0.32753030524317217,0.5524912992204957,0.2832306646564824
300,1.0,300,66,64,20,8,8,True,ok,selected_multi_metric_xb_worsening_patience,sample_select_project,3.8108700920001866,0.0,0.005874013999800809,0.04619849000027898,3.8167441059999874,3.8629425960002663,8,0.07097624679072909,0.1622552220519931,1.0,0.4427519726523049,0.32753030524317217,0.5524912992204957,0.2832306646564824
1000,1.0,1000,-1,62,20,5,5,True,ok,selected_multi_metric_xb_worsening_patience,full_selection,2.5854982670002755,0.0,0.0,0.07757151200030421,2.5854982670002755,2.6630697790005797,5,0.06554963836701952,0.18459739591559887,,0.3993581546438306,0.35991548777863264,0.4521426313635874,0.23454528195747223
1000,1.0,1000,-1,63,20,5,5,True,ok,selected_multi_metric_xb_worsening_patience,full_selection,2.7142335539997475,0.0,0.0,0.03462478299979921,2.7142335539997475,2.7488583369995467,5,0.06554963836701952,0.18459725858509976,,0.3993581546438306,0.35991548777863264,0.4521426313635875,0.23454528195747223
1000,1.0,1000,-1,64,20,5,5,True,ok,selected_multi_metric_xb_worsening_patience,full_selection,2.512032411999826,0.0,0.0,0.06808071900013601,2.512032411999826,2.580113130999962,5,0.06554963836701952,0.18459744333185354,,0.3993581546438306,0.35991548777863264,0.4521426313635875,0.23454528195747223
1000,0.05,50,62,62,2,5,6,False,ok,selected_multi_metric_max_k,sample_select_full_fit,2.1340262749999965,0.8820606770000268,0.0,0.03685856500032969,3.0160869520000233,3.052945517000353,6,0.07259544760996252,0.16863557843167937,0.7372642221951683,0.4582105159417148,0.4061797602809555,0.507991778125651,0.2846771295023317
1000,0.05,50,62,62,2,5,6,False,ok,selected_multi_metric_max_k,sample_select_project,2.1340262749999965,0.0,0.0020196730001771357,0.033939777000341564,2.1360459480001737,2.1699857250005152,6,0.04282676045829329,0.2103809157446717,0.3598498841218818,0.3013322296757003,0.25098516546240407,0.37489916359102177,0.19092749090751382
1000,0.05,50,62,63,2,5,8,False,ok,selected_multi_metric_max_k,sample_select_full_fit,2.507991028000106,0.6530482699999993,0.0,0.10881254900004933,3.161039298000105,3.2698518470001545,8,0.08243892033551826,0.1826265109017561,0.5136952199287123,0.4341187942003911,0.35333032388164914,0.5223106707602498,0.30015788895011897
1000,0.05,50,62,63,2,5,8,False,ok,selected_multi_metric_max_k,sample_select_project,2.507991028000106,0.0,0.005485010000029433,0.07939238200015097,2.5134760380001353,2.5928684200002863,8,0.044710654048350625,0.14771667252439688,0.20158335980652206,0.25456200333602247,0.1870347476281135,0.38371233605455846,0.21720792518740042
1000,0.05,50,62,64,2,5,8,False,ok,selected_multi_metric_max_k,sample_select_full_fit,1.789221692999945,0.6615867820000858,0.0,0.07357589699995515,2.4508084750000307,2.524384371999986,8,0.07874019560378218,0.2695304181428517,0.49125939422776316,0.4476221660267518,0.34630829555325027,0.5454119323526887,0.32908790357428025
1000,0.05,50,62,64,2,5,8,False,ok,selected_multi_metric_max_k,sample_select_project,1.789221692999945,0.0,0.0034872179999183572,0.05918320800037691,1.7927089109998633,1.8518921190002402,8,0.050327346994829165,0.14788169979692942,0.2899871131319573,0.3415778977541848,0.24584252994655928,0.4392553934899322,0.24277658021944873
1000,0.05,50,63,62,2,5,7,False,ok,selected_multi_metric_xb_worsening_patience,sample_select_full_fit,1.5035321139998814,0.7479014119999192,0.0,0.05781906900028844,2.2514335259998006,2.309252595000089,7,0.0768988122359717,0.2047241563516383,0.5914186185542794,0.45866752461682,0.3952227061695236,0.5161439407593209,0.290197761375296
1000,0.05,50,63,62,2,5,7,False,ok,selected_multi_metric_xb_worsening_patience,sample_select_project,1.5035321139998814,0.0,0.004061125999669457,0.06502248999959193,1.5075932399995509,1.5726157299991428,7,0.052071804152273096,0.1777162907728836,0.310335423177944,0.3057964524003619,0.2517849618993086,0.4038155008409535,0.23431347107700834
1000,0.05,50,63,63,2,5,4,False,ok,selected_multi_metric_xb_worsening_patience,sample_select_full_fit,1.5993686300002992,0.514660425999864,0.0,0.03196099000024333,2.114029056000163,2.1459900460004064,4,0.05921405293707511,0.22225555226140825,0.6605306967511347,0.3464891239616637,0.2929245980247778,0.40869076236128427,0.18835506941200938
1000,0.05,50,63,63,2,5,4,False,ok,selected_multi_metric_xb_worsening_patience,sample_select_project,1.5993686300002992,0.0,0.0021325030002117273,0.032594661000075575,1.601501133000511,1.6340957940005865,4,0.04918646178291296,0.255837673334737,0.44753380877238336,0.3044451050237933,0.26717615489326235,0.34810690470398814,0.16507546192744108
1000,0.05,50,63,64,2,5,6,False,ok,selected_multi_metric_xb_worsening_patience,sample_select_full_fit,1.5026715710000644,0.792611386000317,0.0,0.032935005000126694,2.2952829570003814,2.328217962000508,6,0.07259544760996252,0.16863546760813317,0.7372642221951683,0.4582105159417148,0.4061797602809555,0.5079917781256509,0.2846771295023317
1000,0.05,50,63,64,2,5,6,False,ok,selected_multi_metric_xb_worsening_patience,sample_select_project,1.5026715710000644,0.0,0.001994577000004938,0.03189367499999207,1.5046661480000694,1.5365598230000614,6,0.03973921210851375,0.31170761719902734,0.3267600837218423,0.28661579840639595,0.23772432574914787,0.3767026451409794,0.1917273308682586
1000,0.05,50,64,62,2,5,8,False,ok,selected_multi_metric_xb_worsening_patience,sample_select_full_fit,2.0192134710000573,0.5466614900001332,0.0,0.05855758500001684,2.5658749610001905,2.6244325460002074,8,0.08243892033551826,0.1826264861659134,0.5136952199287123,0.4341187942003912,0.35333032388164914,0.5223106707602498,0.30015788895011897
1000,0.05,50,64,62,2,5,8,False,ok,selected_multi_metric_xb_worsening_patience,sample_select_project,2.0192134710000573,0.0,0.0016261999999187537,0.03149215599978561,2.020839670999976,2.0523318269997617,8,0.048053536149126996,0.14680568251321882,0.26155032430558284,0.3077083334851095,0.2129313549505344,0.4097959702258768,0.23076473596756344
1000,0.05,50,64,63,2,5,8,False,ok,selected_multi_metric_xb_worsening_patience,sample_select_full_fit,1.8130960570001662,0.5773999630000617,0.0,0.03343649899989032,2.390496020000228,2.423932519000118,8,0.08243892033551826,0.1826265109017561,0.5136952199287123,0.4341187942003911,0.35333032388164914,0.5223106707602498,0.30015788895011897
1000,0.05,50,64,63,2,5,8,False,ok,selected_multi_metric_xb_worsening_patience,sample_select_project,1.8130960570001662,0.0,0.0016175840000869357,0.038038622999920335,1.8147136410002531,1.8527522640001735,8,0.04790402434986369,0.1661585592455052,0.25120799163958024,0.319338304250026,0.2505483075139302,0.429052124767975,0.24349550026265807
1000,0.05,50,64,64,2,5,8,False,ok,selected_multi_metric_xb_worsening_patience,sample_select_full_fit,1.9846566100000018,0.6055358630001137,0.0,0.07361603199979072,2.5901924730001156,2.6638085049999063,8,0.07874019560378218,0.2695304181428517,0.49125939422776316,0.4476221660267518,0.34630829555325027,0.5454119323526887,0.32908790357428025
1000,0.05,50,64,64,2,5,8,False,ok,selected_multi_metric_xb_worsening_patience,sample_select_project,1.9846566100000018,0.0,0.002022828999997728,0.0312607650002974,1.9866794389999995,2.017940204000297,8,0.0508054682427345,0.19246781841027757,0.27361486922510064,0.3183497408901668,0.23757400916432264,0.4537083897102731,0.2794863596704355
1000,0.05,50,65,62,2,5,6,False,ok,selected_multi_metric_max_k,sample_select_full_fit,1.7813176579998071,0.8797912160002852,0.0,0.07673518399997192,2.6611088740000923,2.7378440580000643,6,0.07259544760996252,0.16863557843167937,0.7372642221951683,0.4582105159417148,0.4061797602809555,0.507991778125651,0.2846771295023317
1000,0.05,50,65,62,2,5,6,False,ok,selected_multi_metric_max_k,sample_select_project,1.7813176579998071,0.0,0.0063514540001960995,0.06132645500019862,1.7876691120000032,1.8489955670002018,6,0.05175224082333492,0.21968489602543384,0.3007750896068138,0.3831819155164772,0.3152840411712515,0.44585935468344606,0.24365520423763445
1000,0.05,50,65,63,2,5,8,False,ok,selected_multi_metric_xb_worsening_patience,sample_select_full_fit,1.7427396969997062,0.49113528400039286,0.0,0.03933821500004342,2.233874981000099,2.2732131960001425,8,0.08243892033551826,0.1826265109017561,0.5136952199287123,0.4341187942003911,0.35333032388164914,0.5223106707602498,0.30015788895011897
1000,0.05,50,65,63,2,5,8,False,ok,selected_multi_metric_xb_worsening_patience,sample_select_project,1.7427396969997062,0.0,0.002023569999892061,0.03473729200004527,1.7447632669995983,1.7795005589996435,8,0.03968064838635685,0.2096677978378921,0.19768206617576886,0.2784347566563052,0.18038801261076737,0.3751552849352074,0.19385531276509657
1000,0.05,50,65,64,2,5,6,False,ok,selected_multi_metric_max_k,sample_select_full_fit,1.7204036600001018,0.7632600079996337,0.0,0.03327065000030416,2.4836636679997355,2.5169343180000396,6,0.07259544760996252,0.16863546760813317,0.7372642221951683,0.4582105159417148,0.4061797602809555,0.5079917781256509,0.2846771295023317
1000,0.05,50,65,64,2,5,6,False,ok,selected_multi_metric_max_k,sample_select_project,1.7204036600001018,0.0,0.0019942260000789247,0.0542840520001846,1.7223978860001807,1.7766819380003653,6,0.050362054407840244,0.22132478412552997,0.2893300287245642,0.3691901983049642,0.2947851048921562,0.4308640478398494,0.2308535109028144
1000,0.05,50,66,62,2,5,8,False,ok,selected_multi_metric_max_k,sample_select_full_fit,1.9178501730002608,0.6922902669998621,0.0,0.051413473000138765,2.610140440000123,2.6615539130002617,8,0.08243892033551826,0.1826264861659134,0.5136952199287123,0.4341187942003912,0.35333032388164914,0.5223106707602498,0.30015788895011897
1000,0.05,50,66,62,2,5,8,False,ok,selected_multi_metric_max_k,sample_select_project,1.9178501730002608,0.0,0.002209235999998782,0.030579856999793265,1.9200594090002596,1.9506392660000529,8,0.04892548468709933,0.14844254216492847,0.23151973946836427,0.3313913898751229,0.2613167357944883,0.4397317465393394,0.25858877265456715
1000,0.05,50,66,63,2,5,8,False,ok,selected_multi_metric_max_k,sample_select_full_fit,2.218287537999913,0.4480386269997325,0.0,0.03245877699964694,2.6663261649996457,2.6987849419992926,8,0.08243892033551826,0.1826265109017561,0.5136952199287123,0.4341187942003911,0.35333032388164914,0.5223106707602498,0.30015788895011897
1000,0.05,50,66,63,2,5,8,False,ok,selected_multi_metric_max_k,sample_select_project,2.218287537999913,0.0,0.002073412999834545,0.07297125000013693,2.2203609509997477,2.2933322009998847,8,0.05364684041702015,0.13980091666684732,0.343474546030282,0.367602808580353,0.30468685313956106,0.46504723192191233,0.28725868637492047
1000,0.05,50,66,64,2,5,8,False,ok,selected_multi_metric_xb_worsening_patience,sample_select_full_fit,2.0358527649996176,0.7411159820003377,0.0,0.04135574400015685,2.7769687469999553,2.818324491000112,8,0.07874019560378218,0.2695304181428517,0.49125939422776316,0.4476221660267518,0.34630829555325027,0.5454119323526887,0.32908790357428025
1000,0.05,50,66,64,2,5,8,False,ok,selected_multi_metric_xb_worsening_patience,sample_select_project,2.0358527649996176,0.0,0.004280615999959991,0.06554888099981326,2.0401333809995776,2.105682261999391,8,0.04211362039364426,0.15234310831693765,0.22084023093182242,0.29291924471469233,0.23463332970917422,0.42783989944337997,0.23992118124298276
1000,0.1,100,62,62,2,5,2,False,ok,selected_multi_metric_xb_worsening_patience,sample_select_full_fit,1.3323384970003644,0.4216402920001201,0.0,0.033083421000355884,1.7539787890004845,1.7870622100008404,2,0.04974453193275528,0.2360967389794127,0.26277626359554745,0.1681836712015525,0.10890393975907772,0.21873588891564558,0.06715067367416784
1000,0.1,100,62,62,2,5,2,False,ok,selected_multi_metric_xb_worsening_patience,sample_select_project,1.3323384970003644,0.0,0.0021465400000124646,0.03309027400018749,1.334485037000377,1.3675753110005644,2,0.04325106960289133,0.3939524861187393,0.15406125989072403,0.09957678655089684,0.07121401260801513,0.18513556653558333,0.056762392133051315
1000,0.1,100,62,63,2,5,2,False,ok,selected_multi_metric_xb_worsening_patience,sample_select_full_fit,1.2204193160000614,0.3087615049998931,0.0,0.04146143099978872,1.5291808209999544,1.5706422519997432,2,0.04974453193275528,0.23609675255767226,0.26277626359554745,0.1681836712015525,0.10890393975907772,0.21873588891564558,0.06715067367416784
1000,0.1,100,62,63,2,5,2,False,ok,selected_multi_metric_xb_worsening_patience,sample_select_project,1.2204193160000614,0.0,0.003827642000032938,0.08100331600007848,1.2242469580000943,1.3052502740001728,2,0.04325106960289133,0.39395247993636334,0.15406125989072403,0.09957678655089684,0.07121401260801513,0.18513556653558333,0.056762392133051315
1000,0.1,100,62,64,2,5,2,False,ok,selected_multi_metric_xb_worsening_patience,sample_select_full_fit,1.3607079060002434,0.31014621500025896,0.0,0.06317623099994307,1.6708541210005023,1.7340303520004454,2,0.04974453193275528,0.2360967310443021,0.26277626359554745,0.1681836712015525,0.10890393975907772,0.21873588891564558,0.06715067367416784
1000,0.1,100,62,64,2,5,2,False,ok,selected_multi_metric_xb_worsening_patience,sample_select_project,1.3607079060002434,0.0,0.005744253000102617,0.07408059499994124,1.366452159000346,1.4405327540002872,2,0.04325106960289133,0.39395246811270873,0.15406125989072403,0.09957678655089686,0.07121401260801513,0.18513556653558336,0.056762392133051315
1000,0.1,100,63,62,2,5,8,False,ok,selected_multi_metric_xb_worsening_patience,sample_select_full_fit,2.616058229000373,0.5967858620001607,0.0,0.03484934199968848,3.212844091000534,3.2476934330002223,8,0.08243892033551826,0.1826264861659134,0.5136952199287123,0.4341187942003912,0.35333032388164914,0.5223106707602498,0.30015788895011897
1000,0.1,100,63,62,2,5,8,False,ok,selected_multi_metric_xb_worsening_patience,sample_select_project,2.616058229000373,0.0,0.0023009970000202884,0.03096132700011367,2.6183592260003934,2.649320553000507,8,0.05918654616519767,0.1638580767752783,0.2962067467036032,0.3620863533287053,0.293727583568211,0.4608588115268502,0.2666085922012857
1000,0.1,100,63,63,2,5,5,True,ok,selected_multi_metric_xb_worsening_patience,sample_select_full_fit,2.6311439840001185,0.5822477020001315,0.0,0.06944196399990687,3.21339168600025,3.282833650000157,5,0.06554963836701952,0.18459725858509973,1.0,0.3993581546438306,0.35991548777863264,0.4521426313635875,0.23454528195747223
1000,0.1,100,63,63,2,5,5,True,ok,selected_multi_metric_xb_worsening_patience,sample_select_project,2.6311439840001185,0.0,0.004297406999739906,0.03469069599987051,2.6354413909998584,2.670132086999729,5,0.04154309702282977,0.20824532297560908,0.2766209089518451,0.214044780827094,0.1572990720178185,0.31462702387552494,0.15210755889194014
1000,0.1,100,63,64,2,5,7,False,ok,selected_multi_metric_xb_worsening_patience,sample_select_full_fit,2.43768406900017,0.8097396779999144,0.0,0.11957549299995662,3.2474237470000844,3.366999240000041,7,0.07465329026823007,0.17151919439197535,0.5941536475949106,0.46601585715402266,0.3971839281055506,0.5292974104021102,0.3115229715973154
1000,0.1,100,63,64,2,5,7,False,ok,selected_multi_metric_xb_worsening_patience,sample_select_project,2.43768406900017,0.0,0.01186771199991199,0.08475811099970088,2.449551781000082,2.534309891999783,7,0.04976582605014336,0.18827711151731033,0.33562317391597046,0.2644299151511999,0.2176484808089172,0.3892299944162191,0.2117195583950874
1000,0.1,100,64,62,2,5,6,False,ok,selected_multi_metric_max_k,sample_select_full_fit,2.2962281879999864,0.7877974969997013,0.0,0.03220741899986024,3.0840256849996877,3.116233103999548,6,0.07259544760996252,0.16863557843167937,0.7372642221951683,0.4582105159417148,0.4061797602809555,0.507991778125651,0.2846771295023317
1000,0.1,100,64,62,2,5,6,False,ok,selected_multi_metric_max_k,sample_select_project,2.2962281879999864,0.0,0.0022189539999999397,0.03742338699976244,2.2984471419999863,2.335870528999749,6,0.06406796036886621,0.188401451895479,0.40231851454147605,0.3906686825403467,0.3312166658149393,0.46379287796295826,0.24787725107934436
1000,0.1,100,64,63,2,5,6,False,ok,selected_multi_metric_xb_worsening_patience,sample_select_full_fit,2.438147098999707,0.6920219169996926,0.0,0.07221916900016367,3.1301690159993996,3.2023881849995632,6,0.07259544760996252,0.1686357516056114,0.7372642221951683,0.4582105159417147,0.4061797602809555,0.507991778125651,0.2846771295023317
1000,0.1,100,64,63,2,5,6,False,ok,selected_multi_metric_xb_worsening_patience,sample_select_project,2.438147098999707,0.0,0.006658015000084561,0.12836929800005237,2.4448051139997915,2.573174411999844,6,0.0686524360717678,0.1901336938905003,0.5036788109420294,0.432844061192439,0.4054250978278065,0.48208973653491194,0.27024845645689627
1000,0.1,100,64,64,2,5,6,False,ok,selected_multi_metric_xb_worsening_patience,sample_select_full_fit,2.3011937299997953,0.8177781129998039,0.0,0.05929702200000975,3.118971842999599,3.178268864999609,6,0.07259544760996252,0.16863546760813317,0.7372642221951683,0.4582105159417148,0.4061797602809555,0.5079917781256509,0.2846771295023317
1000,0.1,100,64,64,2,5,6,False,ok,selected_multi_metric_xb_worsening_patience,sample_select_project,2.3011937299997953,0.0,0.002097327000228688,0.032824378999976034,2.303291057000024,2.336115436,6,0.06759016781319302,0.1756849594389591,0.49355689892305166,0.44346821258654034,0.4159064340629782,0.48636390802371665,0.27540084965173983
1000,0.1,100,65,62,2,5,5,True,ok,selected_multi_metric_xb_worsening_patience,sample_select_full_fit,1.6677714379998179,0.6142442490004214,0.0,0.07551707299990085,2.2820156870002393,2.35753276000014,5,0.06554963836701952,0.1845973959155989,1.0,0.3993581546438306,0.35991548777863264,0.4521426313635874,0.23454528195747223
1000,0.1,100,65,62,2,5,5,True,ok,selected_multi_metric_xb_worsening_patience,sample_select_project,1.6677714379998179,0.0,0.004267751000043063,0.06683437600031539,1.672039188999861,1.7388735650001763,5,0.04586901464918967,0.3659131724510997,0.3067131589990423,0.22979846153989456,0.15748500154295733,0.3906195529900493,0.19059346411358483
1000,0.1,100,65,63,2,5,4,False,ok,selected_multi_metric_xb_worsening_patience,sample_select_full_fit,1.2844027119999737,0.4694138820000262,0.0,0.03318436900008237,1.753816594,1.7870009630000823,4,0.05921405293707511,0.22225555226140825,0.6605306967511347,0.3464891239616637,0.2929245980247778,0.40869076236128427,0.18835506941200938
1000,0.1,100,65,63,2,5,4,False,ok,selected_multi_metric_xb_worsening_patience,sample_select_project,1.2844027119999737,0.0,0.0019399749999138294,0.03089375099989411,1.2863426869998875,1.3172364379997816,4,0.0490049624946692,0.4202096098759637,0.35311282836381114,0.24300623181312678,0.17607069595997948,0.36754327969202,0.16348134140171466
1000,0.1,100,65,64,2,5,4,False,ok,selected_multi_metric_xb_worsening_patience,sample_select_full_fit,1.5475671540002622,0.6760806849997607,0.0,0.07359312900007353,2.223647839000023,2.2972409680000965,4,0.05921405293707511,0.22225554518943708,0.6605306967511347,0.3464891239616637,0.2929245980247778,0.4086907623612842,0.18835506941200938
1000,0.1,100,65,64,2,5,4,False,ok,selected_multi_metric_xb_worsening_patience,sample_select_project,1.5475671540002622,0.0,0.0019681170001604187,0.031194891999803076,1.5495352710004227,1.5807301630002257,4,0.0490049624946692,0.42020718122362705,0.35311282836381114,0.24300623181312678,0.17607069595997948,0.36754327969202005,0.16348134140171466
1000,0.1,100,66,62,2,5,7,False,ok,selected_multi_metric_xb_worsening_patience,sample_select_full_fit,2.5142124539997894,0.6597742120002295,0.0,0.03154351200009842,3.173986666000019,3.2055301780001173,7,0.0768988122359717,0.2047241563516383,0.5914186185542794,0.45866752461682,0.3952227061695236,0.5161439407593209,0.290197761375296
1000,0.1,100,66,62,2,5,7,False,ok,selected_multi_metric_xb_worsening_patience,sample_select_project,2.5142124539997894,0.0,0.002086928999688098,0.032126839000284235,2.5162993829994775,2.5484262219997618,7,0.06182778337176747,0.17507368314213637,0.350325936691574,0.41254484575436123,0.35630615808460575,0.48099464210359866,0.2767195628807911
1000,0.1,100,66,63,2,5,7,False,ok,selected_multi_metric_xb_worsening_patience,sample_select_full_fit,2.700110642999789,0.5653924600001119,0.0,0.06142111000008299,3.265503102999901,3.326924212999984,7,0.0768988122359717,0.2047241523200663,0.5914186185542794,0.45866752461682,0.3952227061695236,0.5161439407593209,0.290197761375296
1000,0.1,100,66,63,2,5,7,False,ok,selected_multi_metric_xb_worsening_patience,sample_select_project,2.700110642999789,0.0,0.004077656999925239,0.06304387299996961,2.704188299999714,2.767232172999684,7,0.057245948408292134,0.22476257857620605,0.38844258795206665,0.3508142100903343,0.30693008526254184,0.43801391560023,0.2583188979567342
1000,0.1,100,66,64,2,5,8,False,ok,selected_multi_metric_max_k,sample_select_full_fit,2.490390149000177,0.6026325580000957,0.0,0.07719515100006902,3.093022707000273,3.170217858000342,8,0.07874019560378218,0.2695304181428517,0.49125939422776316,0.4476221660267518,0.34630829555325027,0.5454119323526887,0.32908790357428025
1000,0.1,100,66,64,2,5,8,False,ok,selected_multi_metric_max_k,sample_select_project,2.490390149000177,0.0,0.005327887000021292,0.07383664999997563,2.4957180360001985,2.569554686000174,8,0.05911313899157574,0.21000244048384648,0.2920947056890185,0.38162319433957775,0.2866913163428869,0.4946692707740311,0.2909372896059719
1000,0.15,150,62,62,3,5,3,False,ok,selected_multi_metric_xb_worsening_patience,sample_select_full_fit,1.4757339709999542,0.5762860570002886,0.0,0.033839480000096955,2.0520200280002427,2.0858595080003397,3,0.05288213088082739,0.27573669315078847,0.44057014165507336,0.24085527473522167,0.19512480070988406,0.33243418521729406,0.1349793416788467
1000,0.15,150,62,62,3,5,3,False,ok,selected_multi_metric_xb_worsening_patience,sample_select_project,1.4757339709999542,0.0,0.001857310000104917,0.031133567999859224,1.477591281000059,1.5087248489999183,3,0.04497654563905445,0.37398815780057165,0.2553032417900727,0.280226446389781,0.22082696459597348,0.33532425816895184,0.1282536174601173
1000,0.15,150,62,63,3,5,3,False,ok,selected_multi_metric_xb_worsening_patience,sample_select_full_fit,1.4160157910000635,0.698022648999995,0.0,0.13355016099967543,2.1140384400000585,2.247588600999734,3,0.05288213088082739,0.2757366400967887,0.44057014165507336,0.24085527473522167,0.19512480070988406,0.332434185217294,0.1349793416788467
1000,0.15,150,62,63,3,5,3,False,ok,selected_multi_metric_xb_worsening_patience,sample_select_project,1.4160157910000635,0.0,0.002555620999828534,0.09155148699983329,1.418571411999892,1.5101228989997253,3,0.04497654563905445,0.37398815781884487,0.2553032417900727,0.280226446389781,0.22082696459597348,0.33532425816895184,0.1282536174601173
1000,0.15,150,62,64,3,5,3,False,ok,selected_multi_metric_xb_worsening_patience,sample_select_full_fit,1.2818269859999418,0.5920244619996993,0.0,0.03344938300006106,1.873851447999641,1.9073008309997022,3,0.05288213088082739,0.2757366939469077,0.44057014165507336,0.24085527473522172,0.19512480070988406,0.3324341852172941,0.1349793416788467
1000,0.15,150,62,64,3,5,3,False,ok,selected_multi_metric_xb_worsening_patience,sample_select_project,1.2818269859999418,0.0,0.0020690349997494195,0.03274526099994546,1.2838960209996912,1.3166412819996367,3,0.04497654563905445,0.3739881591489439,0.2553032417900727,0.280226446389781,0.22082696459597348,0.33532425816895184,0.1282536174601173
1000,0.15,150,63,62,3,5,7,False,ok,selected_multi_metric_xb_worsening_patience,sample_select_full_fit,2.0531628950002414,0.7476595140001336,0.0,0.033067720999952144,2.800822409000375,2.833890130000327,7,0.0768988122359717,0.2047241563516383,0.5914186185542794,0.45866752461682,0.3952227061695236,0.5161439407593209,0.290197761375296
1000,0.15,150,63,62,3,5,7,False,ok,selected_multi_metric_xb_worsening_patience,sample_select_project,2.0531628950002414,0.0,0.0021151309997549106,0.058064946000286,2.0552780259999963,2.1133429720002823,7,0.0586409939007457,0.17492256623256655,0.48806737301965974,0.33281391853793035,0.2724030963431511,0.42259082719392876,0.23714850860153955
1000,0.15,150,63,63,3,5,8,False,ok,selected_multi_metric_max_k,sample_select_full_fit,2.277535047999663,0.4375962099998105,0.0,0.031604464999873016,2.7151312579994737,2.7467357229993468,8,0.08243892033551826,0.1826265109017561,0.5136952199287123,0.4341187942003911,0.35333032388164914,0.5223106707602498,0.30015788895011897
1000,0.15,150,63,63,3,5,8,False,ok,selected_multi_metric_max_k,sample_select_project,2.277535047999663,0.0,0.0020110870000280556,0.032000763999803894,2.2795461349996913,2.311546898999495,8,0.06274509722315544,0.1604856770925308,0.34933928969470845,0.2763445829387532,0.20469166384591106,0.4189821650721887,0.23644705589057785
1000,0.15,150,63,64,3,5,8,False,ok,selected_multi_metric_max_k,sample_select_full_fit,2.3894395490001443,0.6663006420003512,0.0,0.07833994300017366,3.0557401910004955,3.134080134000669,8,0.07874019560378218,0.2695304181428517,0.49125939422776316,0.4476221660267518,0.34630829555325027,0.5454119323526887,0.32908790357428025
1000,0.15,150,63,64,3,5,8,False,ok,selected_multi_metric_max_k,sample_select_project,2.3894395490001443,0.0,0.0038026449997232703,0.06023242499986736,2.3932421939998676,2.453474618999735,8,0.06792805192085763,0.149534075862832,0.42508759303205956,0.3782153842657314,0.29630015868399223,0.48102627118355884,0.2862036269431214
1000,0.15,150,64,62,3,5,5,True,ok,selected_multi_metric_xb_worsening_patience,sample_select_full_fit,1.1896685410001737,0.7158452749999924,0.0,0.05973629099980826,1.9055138160001661,1.9652501069999744,5,0.06554963836701952,0.1845973959155989,1.0,0.3993581546438306,0.35991548777863264,0.4521426313635874,0.23454528195747223
1000,0.15,150,64,62,3,5,5,True,ok,selected_multi_metric_xb_worsening_patience,sample_select_project,1.1896685410001737,0.0,0.0039078310001059435,0.056219357999907515,1.1935763720002797,1.2497957300001872,5,0.059445398089913996,0.19978950050607522,0.40700770787106566,0.33923584317702,0.2827631626969343,0.42128333915498223,0.2148957490004423
1000,0.15,150,64,63,3,5,5,True,ok,selected_multi_metric_xb_worsening_patience,sample_select_full_fit,1.333256806999998,0.5983997029998136,0.0,0.03546288400002595,1.9316565099998115,1.9671193939998375,5,0.06554963836701952,0.18459725858509973,1.0,0.3993581546438306,0.35991548777863264,0.4521426313635875,0.23454528195747223
1000,0.15,150,64,63,3,5,5,True,ok,selected_multi_metric_xb_worsening_patience,sample_select_project,1.333256806999998,0.0,0.002213464999840653,0.03774206099978983,1.3354702719998386,1.3732123329996284,5,0.059445398089913996,0.19978948928659368,0.40700770787106566,0.33923584317701994,0.2827631626969343,0.42128333915498223,0.2148957490004423
1000,0.15,150,64,64,3,5,5,True,ok,selected_multi_metric_xb_worsening_patience,sample_select_full_fit,1.1568847280000227,0.6565515080001205,0.0,0.08177432200000112,1.8134362360001433,1.8952105580001444,5,0.06554963836701952,0.18459744333185354,1.0,0.3993581546438306,0.35991548777863264,0.4521426313635875,0.23454528195747223
1000,0.15,150,64,64,3,5,5,True,ok,selected_multi_metric_xb_worsening_patience,sample_select_project,1.1568847280000227,0.0,0.0022362869999597024,0.030697584999870742,1.1591210149999824,1.1898185999998532,5,0.059445398089913996,0.19978948908201236,0.40700770787106566,0.33923584317701994,0.2827631626969343,0.42128333915498223,0.2148957490004423
1000,0.15,150,65,62,3,5,4,False,ok,selected_multi_metric_xb_worsening_patience,sample_select_full_fit,1.3950541579997662,0.6131873020003695,0.0,0.03432780000002822,2.0082414600001357,2.042569260000164,4,0.05921405293707511,0.22225553345042773,0.6605306967511347,0.3464891239616636,0.2929245980247778,0.40869076236128415,0.18835506941200938
1000,0.15,150,65,62,3,5,4,False,ok,selected_multi_metric_xb_worsening_patience,sample_select_project,1.3950541579997662,0.0,0.0021989270003359707,0.03174372500006939,1.3972530850001021,1.4289968100001715,4,0.046186729113616584,0.29789798917985383,0.34859985677692024,0.24001597946752468,0.18883134099087132,0.35714213576817466,0.16181099176780883
1000,0.15,150,65,63,3,5,3,False,ok,selected_multi_metric_xb_worsening_patience,sample_select_full_fit,1.2878913899999134,0.6854035149999618,0.0,0.03185562399994524,1.9732949049998751,2.0051505289998204,3,0.05288213088082739,0.2757366400967887,0.44057014165507336,0.24085527473522167,0.19512480070988406,0.332434185217294,0.1349793416788467
1000,0.15,150,65,63,3,5,3,False,ok,selected_multi_metric_xb_worsening_patience,sample_select_project,1.2878913899999134,0.0,0.00200683899993237,0.03146481599969775,1.2898982289998457,1.3213630449995435,3,0.048846306030028715,0.40373480725673033,0.38281787437781795,0.22513150256913558,0.18053829574854532,0.30165971804855646,0.12184311473701834
1000,0.15,150,65,64,3,5,3,False,ok,selected_multi_metric_xb_worsening_patience,sample_select_full_fit,1.2171625400001176,0.7099519059997874,0.0,0.03406061200030308,1.927114445999905,1.961175058000208,3,0.05288213088082739,0.2757366939469077,0.44057014165507336,0.24085527473522172,0.19512480070988406,0.3324341852172941,0.1349793416788467
1000,0.15,150,65,64,3,5,3,False,ok,selected_multi_metric_xb_worsening_patience,sample_select_project,1.2171625400001176,0.0,0.0021322530001270934,0.03420695400018303,1.2192947930002447,1.2535017470004277,3,0.048846306030028715,0.40373478993284095,0.38281787437781795,0.22513150256913558,0.18053829574854532,0.30165971804855646,0.12184311473701834
1000,0.15,150,66,62,3,5,5,True,ok,selected_multi_metric_xb_worsening_patience,sample_select_full_fit,2.950771030999931,0.6874818180003786,0.0,0.08729007100009767,3.6382528490003097,3.7255429200004073,5,0.06554963836701952,0.1845973959155989,1.0,0.3993581546438306,0.35991548777863264,0.4521426313635874,0.23454528195747223
1000,0.15,150,66,62,3,5,5,True,ok,selected_multi_metric_xb_worsening_patience,sample_select_project,2.950771030999931,0.0,0.004657266999856802,0.056566634999853704,2.955428297999788,3.0119949329996416,5,0.06443049901624391,0.2116085072151555,0.46268772219909504,0.4065322690553043,0.36871965725031886,0.4459566577064082,0.2286228349939035
1000,0.15,150,66,63,3,5,5,True,ok,selected_multi_metric_xb_worsening_patience,sample_select_full_fit,3.2160583179997957,0.5102489680002691,0.0,0.0741099420001774,3.7263072860000648,3.800417228000242,5,0.06554963836701952,0.18459725858509973,1.0,0.3993581546438306,0.35991548777863264,0.4521426313635875,0.23454528195747223
1000,0.15,150,66,63,3,5,5,True,ok,selected_multi_metric_xb_worsening_patience,sample_select_project,3.2160583179997957,0.0,0.00826128200014864,0.06931112300026143,3.2243195999999443,3.2936307230002058,5,0.06443049901624391,0.21160850648003848,0.46268772219909504,0.4065322690553043,0.36871965725031886,0.44595665770640824,0.2286228349939035
1000,0.15,150,66,64,3,5,7,False,ok,selected_multi_metric_xb_worsening_patience,sample_select_full_fit,2.863899764999587,0.762579647000166,0.0,0.03351499500013233,3.626479411999753,3.6599944069998855,7,0.07465329026823007,0.17151919439197535,0.5941536475949106,0.46601585715402266,0.3971839281055506,0.5292974104021102,0.3115229715973154
1000,0.15,150,66,64,3,5,7,False,ok,selected_multi_metric_xb_worsening_patience,sample_select_project,2.863899764999587,0.0,0.0020081819998267747,0.032388346000061574,2.865907946999414,2.8982962929994756,7,0.06368338682474901,0.17604830561378748,0.3660091881578026,0.43341815731008543,0.3535444810310634,0.5128396430665598,0.2955512834149845
1000,0.2,200,62,62,4,5,3,False,ok,selected_multi_metric_xb_worsening_patience,sample_select_full_fit,1.5665145329999177,0.607435295000414,0.0,0.07441455700018196,2.1739498280003318,2.2483643850005137,3,0.05288213088082739,0.27573669315078847,0.44057014165507336,0.24085527473522167,0.19512480070988406,0.33243418521729406,0.1349793416788467
1000,0.2,200,62,62,4,5,3,False,ok,selected_multi_metric_xb_worsening_patience,sample_select_project,1.5665145329999177,0.0,0.0018828879997272452,0.059897640999679425,1.568397420999645,1.6282950619993244,3,0.046435290030160885,0.3156831117285258,0.2572359716885919,0.2855127178309445,0.21807516345990735,0.3227058761178116,0.12002709912184485
1000,0.2,200,62,63,4,5,3,False,ok,selected_multi_metric_xb_worsening_patience,sample_select_full_fit,1.569688495000264,0.778235069999937,0.0,0.03228337000018655,2.347923565000201,2.3802069350003876,3,0.05288213088082739,0.2757366400967887,0.44057014165507336,0.24085527473522167,0.19512480070988406,0.332434185217294,0.1349793416788467
1000,0.2,200,62,63,4,5,3,False,ok,selected_multi_metric_xb_worsening_patience,sample_select_project,1.569688495000264,0.0,0.0021090400000502996,0.058627715000056924,1.5717975350003144,1.6304252500003713,3,0.046435290030160885,0.3156831135534467,0.2572359716885919,0.2855127178309445,0.21807516345990735,0.32270587611781154,0.12002709912184485
1000,0.2,200,62,64,4,5,2,False,ok,selected_multi_metric_xb_worsening_patience,sample_select_full_fit,1.4716538990001027,0.3288393640000322,0.0,0.05150064700001167,1.800493263000135,1.8519939100001466,2,0.04974453193275528,0.2360967310443021,0.26277626359554745,0.1681836712015525,0.10890393975907772,0.21873588891564558,0.06715067367416784
1000,0.2,200,62,64,4,5,2,False,ok,selected_multi_metric_xb_worsening_patience,sample_select_project,1.4716538990001027,0.0,0.004042892999677861,0.06979980100004468,1.4756967919997805,1.5454965929998252,2,0.04535235690581901,0.31396954527426557,0.18482476480058657,0.11346550190639287,0.08097693149745462,0.200303771558394,0.06278100533400109
1000,0.2,200,63,62,4,5,8,False,ok,selected_multi_metric_xb_worsening_patience,sample_select_full_fit,2.9023404499998833,0.6436160570001448,0.0,0.06915704300035941,3.545956507000028,3.6151135500003875,8,0.08243892033551826,0.1826264861659134,0.5136952199287123,0.4341187942003912,0.35333032388164914,0.5223106707602498,0.30015788895011897
1000,0.2,200,63,62,4,5,8,False,ok,selected_multi_metric_xb_worsening_patience,sample_select_project,2.9023404499998833,0.0,0.008629387999917526,0.06012661600016145,2.910969837999801,2.9710964539999623,8,0.0763435666436992,0.1494031148939292,0.421616440068136,0.375776386137147,0.29107686748516454,0.4887416326779985,0.2764023270770427
1000,0.2,200,63,63,4,5,8,False,ok,selected_multi_metric_xb_worsening_patience,sample_select_full_fit,2.605295533000117,0.5126851459999671,0.0,0.0643679909999264,3.117980679000084,3.1823486700000103,8,0.08243892033551826,0.1826265109017561,0.5136952199287123,0.4341187942003911,0.35333032388164914,0.5223106707602498,0.30015788895011897
1000,0.2,200,63,63,4,5,8,False,ok,selected_multi_metric_xb_worsening_patience,sample_select_project,2.605295533000117,0.0,0.006219447999683325,0.06955069699961314,2.6115149809998,2.6810656779994133,8,0.0763435666436992,0.1494034931471486,0.421616440068136,0.3757763861371468,0.29107686748516454,0.48874163267799847,0.2764023270770427
1000,0.2,200,63,64,4,5,8,False,ok,selected_multi_metric_max_k,sample_select_full_fit,2.660821516999931,0.6862306369998805,0.0,0.0704200159998436,3.3470521539998117,3.4174721699996553,8,0.07874019560378218,0.2695304181428517,0.49125939422776316,0.4476221660267518,0.34630829555325027,0.5454119323526887,0.32908790357428025
1000,0.2,200,63,64,4,5,8,False,ok,selected_multi_metric_max_k,sample_select_project,2.660821516999931,0.0,0.005400301000008767,0.0535844679998263,2.66622181799994,2.7198062859997663,8,0.07346732742785321,0.13004609239798606,0.4394545877635298,0.38552168949471827,0.29722260564248754,0.4987743174019875,0.2949604848914445
1000,0.2,200,64,62,4,5,7,False,ok,selected_multi_metric_xb_worsening_patience,sample_select_full_fit,2.3519448400002148,0.6378404350002711,0.0,0.03208731499989881,2.989785275000486,3.0218725900003847,7,0.0768988122359717,0.2047241563516383,0.5914186185542794,0.45866752461682,0.3952227061695236,0.5161439407593209,0.290197761375296
1000,0.2,200,64,62,4,5,7,False,ok,selected_multi_metric_xb_worsening_patience,sample_select_project,2.3519448400002148,0.0,0.002235626000128832,0.04582793700001275,2.3541804660003436,2.4000084030003563,7,0.0680951791944992,0.15216380323367637,0.4371841459958491,0.4080143110924848,0.34795728239445417,0.49436494149324556,0.28558854016962665
1000,0.2,200,64,63,4,5,6,False,ok,selected_multi_metric_xb_worsening_patience,sample_select_full_fit,2.296342253000148,0.6139686480000819,0.0,0.04172492199995759,2.91031090100023,2.9520358230001875,6,0.07259544760996252,0.1686357516056114,0.7372642221951683,0.4582105159417147,0.4061797602809555,0.507991778125651,0.2846771295023317
1000,0.2,200,64,63,4,5,6,False,ok,selected_multi_metric_xb_worsening_patience,sample_select_project,2.296342253000148,0.0,0.0021698229998037277,0.04435108500001661,2.2985120759999518,2.3428631609999684,6,0.05839722092406669,0.17202025170373697,0.39450935156774897,0.3831942074034522,0.328040029950044,0.46588128687709973,0.2557003508731152
1000,0.2,200,64,64,4,5,6,False,ok,selected_multi_metric_xb_worsening_patience,sample_select_full_fit,2.5498835670000517,0.8872462819999782,0.0,0.05011816000023828,3.43712984900003,3.487248009000268,6,0.07259544760996252,0.16863546760813317,0.7372642221951683,0.4582105159417148,0.4061797602809555,0.5079917781256509,0.2846771295023317
1000,0.2,200,64,64,4,5,6,False,ok,selected_multi_metric_xb_worsening_patience,sample_select_project,2.5498835670000517,0.0,0.0034378350001134095,0.04612137399999483,2.553321402000165,2.59944277600016,6,0.05839722092406669,0.17202024896824988,0.39450935156774897,0.3831942074034522,0.328040029950044,0.46588128687709973,0.2557003508731152
1000,0.2,200,65,62,4,5,3,False,ok,selected_multi_metric_xb_worsening_patience,sample_select_full_fit,1.1009762220000994,0.560784754999986,0.0,0.12100443799999994,1.6617609770000854,1.7827654150000853,3,0.05288213088082739,0.27573669315078847,0.44057014165507336,0.24085527473522167,0.19512480070988406,0.33243418521729406,0.1349793416788467
1000,0.2,200,65,62,4,5,3,False,ok,selected_multi_metric_xb_worsening_patience,sample_select_project,1.1009762220000994,0.0,0.005602567999630992,0.07321318899994367,1.1065787899997304,1.179791978999674,3,0.052569556468236175,0.3288856499500577,0.41732793975388993,0.25399984717914575,0.20337520011367016,0.322069424743308,0.128913187029825
1000,0.2,200,65,63,4,5,3,False,ok,selected_multi_metric_xb_worsening_patience,sample_select_full_fit,1.091037703999973,0.6513847820001502,0.0,0.03293088700002045,1.7424224860001232,1.7753533730001436,3,0.05288213088082739,0.2757366400967887,0.44057014165507336,0.24085527473522167,0.19512480070988406,0.332434185217294,0.1349793416788467
1000,0.2,200,65,63,4,5,3,False,ok,selected_multi_metric_xb_worsening_patience,sample_select_project,1.091037703999973,0.0,0.002206992000083119,0.03213829000014812,1.0932446960000561,1.1253829860002043,3,0.052569556468236175,0.32888617096702083,0.41732793975388993,0.25399984717914575,0.20337520011367016,0.322069424743308,0.128913187029825
1000,0.2,200,65,64,4,5,3,False,ok,selected_multi_metric_xb_worsening_patience,sample_select_full_fit,1.2805417280001166,0.6876797770000849,0.0,0.03342232199975115,1.9682215050002014,2.0016438269999526,3,0.05288213088082739,0.2757366939469077,0.44057014165507336,0.24085527473522172,0.19512480070988406,0.3324341852172941,0.1349793416788467
1000,0.2,200,65,64,4,5,3,False,ok,selected_multi_metric_xb_worsening_patience,sample_select_project,1.2805417280001166,0.0,0.0020854250001320906,0.033459312000104546,1.2826271530002487,1.3160864650003532,3,0.052569556468236175,0.3288856452326272,0.41732793975388993,0.25399984717914575,0.20337520011367016,0.322069424743308,0.128913187029825
1000,0.2,200,66,62,4,5,8,False,ok,selected_multi_metric_max_k,sample_select_full_fit,2.9620926659999895,0.575289451000117,0.0,0.07047056100009286,3.5373821170001065,3.6078526780001994,8,0.08243892033551826,0.1826264861659134,0.5136952199287123,0.4341187942003912,0.35333032388164914,0.5223106707602498,0.30015788895011897
1000,0.2,200,66,62,4,5,8,False,ok,selected_multi_metric_max_k,sample_select_project,2.9620926659999895,0.0,0.0043351669996809505,0.06839334100004635,2.9664278329996705,3.034821173999717,8,0.07477843902101264,0.1331248094427751,0.4328207600067363,0.4827930707117322,0.41113566009362834,0.5491512296121759,0.34110630795622626
1000,0.2,200,66,63,4,5,7,False,ok,selected_multi_metric_xb_worsening_patience,sample_select_full_fit,3.163588706000155,0.5026572419997137,0.0,0.06578758499972537,3.666245947999869,3.732033532999594,7,0.0768988122359717,0.2047241523200663,0.5914186185542794,0.45866752461682,0.3952227061695236,0.5161439407593209,0.290197761375296
1000,0.2,200,66,63,4,5,7,False,ok,selected_multi_metric_xb_worsening_patience,sample_select_project,3.163588706000155,0.0,0.004328564999923401,0.04874082400010593,3.1679172710000785,3.2166580950001844,7,0.07362730095797321,0.15041288681956255,0.4816793219171436,0.4652146595195418,0.4146320728464272,0.520400260500511,0.30827351471522385
1000,0.2,200,66,64,4,5,7,False,ok,selected_multi_metric_xb_worsening_patience,sample_select_full_fit,2.8006322440000986,0.7957510649998767,0.0,0.036333145999833505,3.5963833089999753,3.6327164549998088,7,0.07465329026823007,0.17151919439197535,0.5941536475949106,0.46601585715402266,0.3971839281055506,0.5292974104021102,0.3115229715973154
1000,0.2,200,66,64,4,5,7,False,ok,selected_multi_metric_xb_worsening_patience,sample_select_project,2.8006322440000986,0.0,0.0019431599998824822,0.031584057999680226,2.802575403999981,2.8341594619996613,7,0.07362730095797321,0.15041290595132897,0.4816793219171436,0.4652146595195418,0.4146320728464272,0.520400260500511,0.30827351471522385
1000,0.3,300,62,62,6,5,5,True,ok,selected_multi_metric_xb_worsening_patience,sample_select_full_fit,1.7849514760000602,0.5917702050001026,0.0,0.03822432900005879,2.376721681000163,2.4149460100002216,5,0.06554963836701952,0.1845973959155989,1.0,0.3993581546438306,0.35991548777863264,0.4521426313635874,0.23454528195747223
1000,0.3,300,62,62,6,5,5,True,ok,selected_multi_metric_xb_worsening_patience,sample_select_project,1.7849514760000602,0.0,0.0017033330000231217,0.032004450999920664,1.7866548090000833,1.818659260000004,5,0.057569066107923346,0.19115246746591663,0.5519692221209649,0.3650104422592052,0.29612723800716073,0.420770342055985,0.20613611876663282
1000,0.3,300,62,63,6,5,3,False,ok,selected_multi_metric_xb_worsening_patience,sample_select_full_fit,1.802365520999956,0.7336654270002327,0.0,0.06859714999973221,2.536030948000189,2.604628097999921,3,0.05288213088082739,0.2757366400967887,0.44057014165507336,0.24085527473522167,0.19512480070988406,0.332434185217294,0.1349793416788467
1000,0.3,300,62,63,6,5,3,False,ok,selected_multi_metric_xb_worsening_patience,sample_select_project,1.802365520999956,0.0,0.004001786000117136,0.06491853599982278,1.8063673070000732,1.871285842999896,3,0.04884005530544881,0.2982770515557528,0.2857094216299851,0.2655041561580584,0.19904214408096993,0.31720050568443753,0.11600910508368452
1000,0.3,300,62,64,6,5,3,False,ok,selected_multi_metric_xb_worsening_patience,sample_select_full_fit,1.542861283000093,0.5786077829998248,0.0,0.07132428200020513,2.121469065999918,2.192793348000123,3,0.05288213088082739,0.2757366939469077,0.44057014165507336,0.24085527473522172,0.19512480070988406,0.3324341852172941,0.1349793416788467
1000,0.3,300,62,64,6,5,3,False,ok,selected_multi_metric_xb_worsening_patience,sample_select_project,1.542861283000093,0.0,0.003945951999867248,0.03051825199963787,1.5468072349999602,1.577325486999598,3,0.04884005530544881,0.29827670974547416,0.2857094216299851,0.26550415615805834,0.19904214408096993,0.3172005056844375,0.11600910508368452
1000,0.3,300,63,62,6,5,6,False,ok,selected_multi_metric_xb_worsening_patience,sample_select_full_fit,2.012660510999922,0.8018141020002076,0.0,0.06888327399974514,2.8144746130001295,2.8833578869998746,6,0.07259544760996252,0.16863557843167937,0.7372642221951683,0.4582105159417148,0.4061797602809555,0.507991778125651,0.2846771295023317
1000,0.3,300,63,62,6,5,6,False,ok,selected_multi_metric_xb_worsening_patience,sample_select_project,2.012660510999922,0.0,0.00425898599996799,0.043837537999934284,2.01691949699989,2.060757034999824,6,0.06220050022102512,0.19131538912827836,0.6838809705780767,0.33339748886344756,0.2938721056107638,0.4371728354810787,0.23609104875878353
1000,0.3,300,63,63,6,5,7,False,ok,selected_multi_metric_xb_worsening_patience,sample_select_full_fit,2.7839354269999603,0.5978364200000215,0.0,0.055275961000006646,3.381771846999982,3.4370478079999884,7,0.0768988122359717,0.2047241523200663,0.5914186185542794,0.45866752461682,0.3952227061695236,0.5161439407593209,0.290197761375296
1000,0.3,300,63,63,6,5,7,False,ok,selected_multi_metric_xb_worsening_patience,sample_select_project,2.7839354269999603,0.0,0.00201052600004914,0.02981036299979678,2.7859459530000095,2.8157563159998062,7,0.06624485321737504,0.16579810231754763,0.5886728135563968,0.36375335424527433,0.30320461329727544,0.46080552656979723,0.2566854910016597
1000,0.3,300,63,64,6,5,6,False,ok,selected_multi_metric_xb_worsening_patience,sample_select_full_fit,2.0214294919996973,0.8790663480003786,0.0,0.03508505099989634,2.900495840000076,2.9355808909999723,6,0.07259544760996252,0.16863546760813317,0.7372642221951683,0.4582105159417148,0.4061797602809555,0.5079917781256509,0.2846771295023317
1000,0.3,300,63,64,6,5,6,False,ok,selected_multi_metric_xb_worsening_patience,sample_select_project,2.0214294919996973,0.0,0.0022866200001772086,0.03221920100031639,2.0237161119998746,2.055935313000191,6,0.06220050022102512,0.191315386398044,0.6838809705780767,0.3333974888634476,0.2938721056107638,0.4371728354810787,0.23609104875878353
1000,0.3,300,64,62,6,5,5,True,ok,selected_multi_metric_xb_worsening_patience,sample_select_full_fit,1.7715156020003633,0.5934732000000622,0.0,0.08539441700031603,2.3649888020004255,2.4503832190007415,5,0.06554963836701952,0.1845973959155989,1.0,0.3993581546438306,0.35991548777863264,0.4521426313635874,0.23454528195747223
1000,0.3,300,64,62,6,5,5,True,ok,selected_multi_metric_xb_worsening_patience,sample_select_project,1.7715156020003633,0.0,0.002921003000210476,0.1210891629998514,1.7744366050005738,1.8955257680004252,5,0.06910173982274528,0.218484839240369,0.5877115204357922,0.4390565950403893,0.3884220717776581,0.49055200386693026,0.251823254454155
1000,0.3,300,64,63,6,5,5,True,ok,selected_multi_metric_xb_worsening_patience,sample_select_full_fit,1.8287316989999454,0.5388740119997237,0.0,0.0674532090001776,2.367605710999669,2.4350589199998467,5,0.06554963836701952,0.18459725858509973,1.0,0.3993581546438306,0.35991548777863264,0.4521426313635875,0.23454528195747223
1000,0.3,300,64,63,6,5,5,True,ok,selected_multi_metric_xb_worsening_patience,sample_select_project,1.8287316989999454,0.0,0.004250629999660305,0.034727152999948885,1.8329823289996057,1.8677094819995546,5,0.06910173982274528,0.21848486679871665,0.5877115204357922,0.43905659504038935,0.3884220717776581,0.49055200386693015,0.251823254454155
1000,0.3,300,64,64,6,5,5,True,ok,selected_multi_metric_xb_worsening_patience,sample_select_full_fit,1.7109436319997258,0.8390112069996576,0.0,0.07295035099969027,2.5499548389993834,2.6229051899990736,5,0.06554963836701952,0.18459744333185354,1.0,0.3993581546438306,0.35991548777863264,0.4521426313635875,0.23454528195747223
1000,0.3,300,64,64,6,5,5,True,ok,selected_multi_metric_xb_worsening_patience,sample_select_project,1.7109436319997258,0.0,0.00423477999993338,0.05660929500027123,1.7151784119996591,1.7717877069999304,5,0.06910173982274528,0.21848483420078468,0.5877115204357922,0.43905659504038946,0.3884220717776581,0.49055200386693015,0.251823254454155
1000,0.3,300,65,62,6,5,4,False,ok,selected_multi_metric_xb_worsening_patience,sample_select_full_fit,1.2696690900002068,0.5753153600003316,0.0,0.033380786000179796,1.8449844500005383,1.8783652360007181,4,0.05921405293707511,0.22225553345042773,0.6605306967511347,0.3464891239616636,0.2929245980247778,0.40869076236128415,0.18835506941200938
1000,0.3,300,65,62,6,5,4,False,ok,selected_multi_metric_xb_worsening_patience,sample_select_project,1.2696690900002068,0.0,0.001842272999965644,0.031202266000036616,1.2715113630001724,1.302713629000209,4,0.060021523463658084,0.22917983997032132,0.5707280624726605,0.3723644068487506,0.31924871515198616,0.43827308815680655,0.20157987637709238
1000,0.3,300,65,63,6,5,4,False,ok,selected_multi_metric_xb_worsening_patience,sample_select_full_fit,1.3133769159999247,0.5382460109999556,0.0,0.06480739900007393,1.8516229269998803,1.9164303259999542,4,0.05921405293707511,0.22225555226140825,0.6605306967511347,0.3464891239616637,0.2929245980247778,0.40869076236128427,0.18835506941200938
1000,0.3,300,65,63,6,5,4,False,ok,selected_multi_metric_xb_worsening_patience,sample_select_project,1.3133769159999247,0.0,0.004181029999926977,0.06772975400008363,1.3175579459998517,1.3852876999999353,4,0.060021523463658084,0.2291798636278623,0.5707280624726605,0.37236440684875066,0.31924871515198616,0.4382730881568065,0.20157987637709238
1000,0.3,300,65,64,6,5,4,False,ok,selected_multi_metric_xb_worsening_patience,sample_select_full_fit,1.1547554899998431,0.6233679930001017,0.0,0.058486332000029506,1.7781234829999448,1.8366098149999743,4,0.05921405293707511,0.22225554518943708,0.6605306967511347,0.3464891239616637,0.2929245980247778,0.4086907623612842,0.18835506941200938
1000,0.3,300,65,64,6,5,4,False,ok,selected_multi_metric_xb_worsening_patience,sample_select_project,1.1547554899998431,0.0,0.003346534999764117,0.05437527300000511,1.1581020249996072,1.2124772979996123,4,0.060021523463658084,0.2291798398288693,0.5707280624726605,0.3723644068487506,0.31924871515198616,0.4382730881568065,0.20157987637709238
1000,0.3,300,66,62,6,5,2,False,ok,selected_multi_metric_xb_worsening_patience,sample_select_full_fit,1.9855199150001681,0.40351241300004403,0.0,0.08080617099994925,2.389032328000212,2.4698384990001614,2,0.04974453193275528,0.2360967389794127,0.26277626359554745,0.1681836712015525,0.10890393975907772,0.21873588891564558,0.06715067367416784
1000,0.3,300,66,62,6,5,2,False,ok,selected_multi_metric_xb_worsening_patience,sample_select_project,1.9855199150001681,0.0,0.0035899190002055548,0.08316560399998707,1.9891098340003737,2.0722754380003607,2,0.04964222166075331,0.26684477257992284,0.26009248351783953,0.18202006938573034,0.119822767196939,0.22158865352601007,0.07000957597709596
1000,0.3,300,66,63,6,5,6,False,ok,selected_multi_metric_xb_worsening_patience,sample_select_full_fit,2.0720289689998026,0.6339886189998651,0.0,0.11220949900007327,2.7060175879996677,2.818227086999741,6,0.07259544760996252,0.1686357516056114,0.7372642221951683,0.4582105159417147,0.4061797602809555,0.507991778125651,0.2846771295023317
1000,0.3,300,66,63,6,5,6,False,ok,selected_multi_metric_xb_worsening_patience,sample_select_project,2.0720289689998026,0.0,0.004888318000212166,0.050666251000166085,2.0769172870000148,2.127583538000181,6,0.06458606925806906,0.205074487898619,0.4756760577691103,0.4215593675797351,0.37457957174921896,0.48037558735942537,0.26244316307273075
1000,0.3,300,66,64,6,5,2,False,ok,selected_multi_metric_xb_worsening_patience,sample_select_full_fit,1.9157346179999877,0.37308725699995193,0.0,0.07133040300004723,2.2888218749999396,2.360152277999987,2,0.04974453193275528,0.2360967310443021,0.26277626359554745,0.1681836712015525,0.10890393975907772,0.21873588891564558,0.06715067367416784
1000,0.3,300,66,64,6,5,2,False,ok,selected_multi_metric_xb_worsening_patience,sample_select_project,1.9157346179999877,0.0,0.003939950999665598,0.035700958000234095,1.9196745689996533,1.9553755269998874,2,0.04964222166075331,0.2668447688693742,0.26009248351783953,0.18202006938573034,0.119822767196939,0.22158865352601007,0.07000957597709596
1000,0.4,400,62,62,8,5,4,False,ok,selected_multi_metric_xb_worsening_patience,sample_select_full_fit,3.1845022349998544,0.5784337190002589,0.0,0.05417497899998125,3.7629359540001133,3.8171109330000945,4,0.05921405293707511,0.22225553345042773,0.6605306967511347,0.3464891239616636,0.2929245980247778,0.40869076236128415,0.18835506941200938
1000,0.4,400,62,62,8,5,4,False,ok,selected_multi_metric_xb_worsening_patience,sample_select_project,3.1845022349998544,0.0,0.0036253540001780493,0.034692108999934135,3.1881275890000325,3.2228196979999666,4,0.05484609001391113,0.21136975069851593,0.46115604493705536,0.35736995413733824,0.3026545660584261,0.38859355594889494,0.17520117164684185
1000,0.4,400,62,63,8,5,4,False,ok,selected_multi_metric_xb_worsening_patience,sample_select_full_fit,3.353174769999896,0.525939161000224,0.0,0.06231008600025234,3.87911393100012,3.9414240170003723,4,0.05921405293707511,0.22225555226140825,0.6605306967511347,0.3464891239616637,0.2929245980247778,0.40869076236128427,0.18835506941200938
1000,0.4,400,62,63,8,5,4,False,ok,selected_multi_metric_xb_worsening_patience,sample_select_project,3.353174769999896,0.0,0.0019540809998943587,0.08278312199990978,3.3551288509997903,3.4379119729997,4,0.05484609001391113,0.21136641014625226,0.46115604493705536,0.35736995413733824,0.3026545660584261,0.38859355594889494,0.17520117164684185
1000,0.4,400,62,64,8,5,4,False,ok,selected_multi_metric_xb_worsening_patience,sample_select_full_fit,3.4365261140001166,0.6715397749999283,0.0,0.08749105300012161,4.108065889000045,4.195556942000167,4,0.05921405293707511,0.22225554518943708,0.6605306967511347,0.3464891239616637,0.2929245980247778,0.4086907623612842,0.18835506941200938
1000,0.4,400,62,64,8,5,4,False,ok,selected_multi_metric_xb_worsening_patience,sample_select_project,3.4365261140001166,0.0,0.006350411999846983,0.06844319299989365,3.4428765259999636,3.5113197189998573,4,0.05484609001391113,0.21136643326954851,0.46115604493705536,0.35736995413733824,0.3026545660584261,0.38859355594889494,0.17520117164684185
1000,0.4,400,63,62,8,5,5,True,ok,selected_multi_metric_xb_worsening_patience,sample_select_full_fit,1.7041388030002054,0.7085639680003624,0.0,0.0317432239999107,2.4127027710005677,2.4444459950004784,5,0.06554963836701952,0.1845973959155989,1.0,0.3993581546438306,0.35991548777863264,0.4521426313635874,0.23454528195747223
1000,0.4,400,63,62,8,5,5,True,ok,selected_multi_metric_xb_worsening_patience,sample_select_project,1.7041388030002054,0.0,0.011528780999924493,0.08599106900010156,1.7156675840001299,1.8016586530002314,5,0.06147845085413284,0.19531583379473078,0.844087795014317,0.38283765583253476,0.3447890025626435,0.42901018819085046,0.22140230297773614
1000,0.4,400,63,63,8,5,5,True,ok,selected_multi_metric_xb_worsening_patience,sample_select_full_fit,1.782979270999931,0.48367058399981033,0.0,0.0703985569998622,2.2666498549997414,2.3370484119996036,5,0.06554963836701952,0.18459725858509973,1.0,0.3993581546438306,0.35991548777863264,0.4521426313635875,0.23454528195747223
1000,0.4,400,63,63,8,5,5,True,ok,selected_multi_metric_xb_worsening_patience,sample_select_project,1.782979270999931,0.0,0.0016440730000795156,0.03494153200017536,1.7846233440000105,1.819564876000186,5,0.06147845085413284,0.19531586239870644,0.844087795014317,0.38283765583253476,0.3447890025626435,0.42901018819085046,0.22140230297773614
1000,0.4,400,63,64,8,5,5,True,ok,selected_multi_metric_xb_worsening_patience,sample_select_full_fit,1.6292810830000235,0.7948919840000599,0.0,0.07581746300002123,2.4241730670000834,2.4999905300001046,5,0.06554963836701952,0.18459744333185354,1.0,0.3993581546438306,0.35991548777863264,0.4521426313635875,0.23454528195747223
1000,0.4,400,63,64,8,5,5,True,ok,selected_multi_metric_xb_worsening_patience,sample_select_project,1.6292810830000235,0.0,0.005568274999859568,0.09337526799981788,1.634849357999883,1.728224625999701,5,0.06147845085413284,0.1953159747611287,0.844087795014317,0.38283765583253476,0.3447890025626435,0.4290101881908504,0.22140230297773614
1000,0.4,400,64,62,8,5,5,True,ok,selected_multi_metric_xb_worsening_patience,sample_select_full_fit,1.3344659679996766,0.5973931769999581,0.0,0.05336938700020255,1.9318591449996347,1.9852285319998373,5,0.06554963836701952,0.1845973959155989,1.0,0.3993581546438306,0.35991548777863264,0.4521426313635874,0.23454528195747223
1000,0.4,400,64,62,8,5,5,True,ok,selected_multi_metric_xb_worsening_patience,sample_select_project,1.3344659679996766,0.0,0.0018461299996488378,0.05553334000023824,1.3363120979993255,1.3918454379995637,5,0.06716182313670402,0.1947674560403397,0.474991564869119,0.42240868909855256,0.3788985711681678,0.47224984602936865,0.2448017735331607
1000,0.4,400,64,63,8,5,5,True,ok,selected_multi_metric_xb_worsening_patience,sample_select_full_fit,1.6824629269999605,0.5213785740002095,0.0,0.036592528999790375,2.20384150100017,2.2404340299999603,5,0.06554963836701952,0.18459725858509973,1.0,0.3993581546438306,0.35991548777863264,0.4521426313635875,0.23454528195747223
1000,0.4,400,64,63,8,5,5,True,ok,selected_multi_metric_xb_worsening_patience,sample_select_project,1.6824629269999605,0.0,0.0019016329997612047,0.04232894699998724,1.6843645599997217,1.726693506999709,5,0.06897883479132448,0.1939773641068842,0.4628178343103925,0.4344051057140084,0.38818128532448964,0.4737274777741792,0.24157429897541693
1000,0.4,400,64,64,8,5,5,True,ok,selected_multi_metric_xb_worsening_patience,sample_select_full_fit,1.5972977290002746,0.7260145219997867,0.0,0.06152441300037026,2.3233122510000612,2.3848366640004315,5,0.06554963836701952,0.18459744333185354,1.0,0.3993581546438306,0.35991548777863264,0.4521426313635875,0.23454528195747223
1000,0.4,400,64,64,8,5,5,True,ok,selected_multi_metric_xb_worsening_patience,sample_select_project,1.5972977290002746,0.0,0.00676858099996025,0.077243099000043,1.6040663100002348,1.6813094090002778,5,0.06897883479132448,0.19397737892091127,0.4628178343103925,0.4344051057140083,0.38818128532448964,0.4737274777741792,0.24157429897541693
1000,0.4,400,65,62,8,5,4,False,ok,selected_multi_metric_xb_worsening_patience,sample_select_full_fit,1.3975109360003444,0.592862974000127,0.0,0.07701442300003691,1.9903739100004714,2.0673883330005083,4,0.05921405293707511,0.22225553345042773,0.6605306967511347,0.3464891239616636,0.2929245980247778,0.40869076236128415,0.18835506941200938
1000,0.4,400,65,62,8,5,4,False,ok,selected_multi_metric_xb_worsening_patience,sample_select_project,1.3975109360003444,0.0,0.003266295999765134,0.074910884000019,1.4007772320001095,1.4756881160001285,4,0.05864175259123654,0.22024882444287872,0.6420577467855796,0.35617038768828824,0.3024172347424847,0.4114562976768723,0.18990798282482688
1000,0.4,400,65,63,8,5,5,True,ok,selected_multi_metric_xb_worsening_patience,sample_select_full_fit,1.516729745000248,0.6097188089997871,0.0,0.07996180200007075,2.126448554000035,2.206410356000106,5,0.06554963836701952,0.18459725858509973,1.0,0.3993581546438306,0.35991548777863264,0.4521426313635875,0.23454528195747223
1000,0.4,400,65,63,8,5,5,True,ok,selected_multi_metric_xb_worsening_patience,sample_select_project,1.516729745000248,0.0,0.0016233750002356828,0.040899483999965014,1.5183531200004836,1.5592526040004486,5,0.05841529064506948,0.2370467116037404,0.6198184381584521,0.34266815688412805,0.2964421412757779,0.41863778385865263,0.20738010595695078
1000,0.4,400,65,64,8,5,5,True,ok,selected_multi_metric_xb_worsening_patience,sample_select_full_fit,1.6187178489999496,0.8157759540004008,0.0,0.0467187159997593,2.4344938030003505,2.4812125190001098,5,0.06554963836701952,0.18459744333185354,1.0,0.3993581546438306,0.35991548777863264,0.4521426313635875,0.23454528195747223
1000,0.4,400,65,64,8,5,5,True,ok,selected_multi_metric_xb_worsening_patience,sample_select_project,1.6187178489999496,0.0,0.0016584800000600808,0.050798968999970384,1.6203763290000097,1.67117529799998,5,0.05841529064506948,0.2370467114665449,0.6198184381584521,0.34266815688412805,0.2964421412757779,0.4186377838586526,0.20738010595695078
1000,0.4,400,66,62,8,5,4,False,ok,selected_multi_metric_xb_worsening_patience,sample_select_full_fit,1.9745251130002544,0.5928354229999968,0.0,0.08164639400001761,2.567360536000251,2.6490069300002688,4,0.05921405293707511,0.22225553345042773,0.6605306967511347,0.3464891239616636,0.2929245980247778,0.40869076236128415,0.18835506941200938
1000,0.4,400,66,62,8,5,4,False,ok,selected_multi_metric_xb_worsening_patience,sample_select_project,1.9745251130002544,0.0,0.004067840000061551,0.07543317499994373,1.978592953000316,2.0540261280002596,4,0.05857580863930776,0.2392686857346022,0.5655244579429853,0.3469071021810841,0.29625384470795424,0.40582103995361346,0.18604149000694137
1000,0.4,400,66,63,8,5,4,False,ok,selected_multi_metric_xb_worsening_patience,sample_select_full_fit,1.6608873800000765,0.5849933409999721,0.0,0.06733574999998382,2.2458807210000487,2.3132164710000325,4,0.05921405293707511,0.22225555226140825,0.6605306967511347,0.3464891239616637,0.2929245980247778,0.40869076236128427,0.18835506941200938
1000,0.4,400,66,63,8,5,4,False,ok,selected_multi_metric_xb_worsening_patience,sample_select_project,1.6608873800000765,0.0,0.003971319999891421,0.06734918499978448,1.664858699999968,1.7322078849997524,4,0.05857580863930776,0.23926867227732726,0.5655244579429853,0.34690710218108417,0.29625384470795424,0.40582103995361346,0.18604149000694137
1000,0.4,400,66,64,8,5,4,False,ok,selected_multi_metric_xb_worsening_patience,sample_select_full_fit,2.0757489309999073,0.5712989959997685,0.0,0.06088619399997697,2.647047926999676,2.707934120999653,4,0.05921405293707511,0.22225554518943708,0.6605306967511347,0.3464891239616637,0.2929245980247778,0.4086907623612842,0.18835506941200938
1000,0.4,400,66,64,8,5,4,False,ok,selected_multi_metric_xb_worsening_patience,sample_select_project,2.0757489309999073,0.0,0.0018743919999906211,0.038505232999796135,2.077623322999898,2.116128555999694,4,0.05857580863930776,0.23926867922281167,0.5655244579429853,0.34690710218108406,0.29625384470795424,0.40582103995361346,0.18604149000694137
1000,0.5,500,62,62,10,5,7,False,ok,selected_multi_metric_xb_worsening_patience,sample_select_full_fit,3.2915633419997903,0.7463156970002274,0.0,0.046960136000052444,4.037879039000018,4.08483917500007,7,0.0768988122359717,0.2047241563516383,0.5914186185542794,0.45866752461682,0.3952227061695236,0.5161439407593209,0.290197761375296
1000,0.5,500,62,62,10,5,7,False,ok,selected_multi_metric_xb_worsening_patience,sample_select_project,3.2915633419997903,0.0,0.0040380540003752685,0.0580782009997165,3.2956013960001656,3.353679596999882,7,0.0626573774832819,0.17469254906271686,0.39950680370781666,0.35797621428313064,0.24846136669247457,0.455623479236144,0.23553468166135438
1000,0.5,500,62,63,10,5,7,False,ok,selected_multi_metric_xb_worsening_patience,sample_select_full_fit,3.7138248979999844,0.6743226399999003,0.0,0.033668511000087165,4.388147537999885,4.421816048999972,7,0.0768988122359717,0.2047241523200663,0.5914186185542794,0.45866752461682,0.3952227061695236,0.5161439407593209,0.290197761375296
1000,0.5,500,62,63,10,5,7,False,ok,selected_multi_metric_xb_worsening_patience,sample_select_project,3.7138248979999844,0.0,0.0016486519998579752,0.031056815000283677,3.7154735499998424,3.746530365000126,7,0.0626573774832819,0.17469281760179506,0.39950680370781666,0.35797621428313076,0.24846136669247457,0.455623479236144,0.23553468166135438
1000,0.5,500,62,64,10,5,4,False,ok,selected_multi_metric_xb_worsening_patience,sample_select_full_fit,3.524988527000005,0.52639768500012,0.0,0.03249759000027552,4.051386212000125,4.0838838020004005,4,0.05921405293707511,0.22225554518943708,0.6605306967511347,0.3464891239616637,0.2929245980247778,0.4086907623612842,0.18835506941200938
1000,0.5,500,62,64,10,5,4,False,ok,selected_multi_metric_xb_worsening_patience,sample_select_project,3.524988527000005,0.0,0.001563704000091093,0.05712654900025882,3.526552231000096,3.583678780000355,4,0.059291079743201094,0.22424928220546891,0.38087801256378245,0.41767119824888155,0.345507702450739,0.41633724271722705,0.18566791748172104
1000,0.5,500,63,62,10,5,5,True,ok,selected_multi_metric_xb_worsening_patience,sample_select_full_fit,2.0744608869999865,0.7734846580001431,0.0,0.08076779699968029,2.8479455450001296,2.92871334199981,5,0.06554963836701952,0.1845973959155989,1.0,0.3993581546438306,0.35991548777863264,0.4521426313635874,0.23454528195747223
1000,0.5,500,63,62,10,5,5,True,ok,selected_multi_metric_xb_worsening_patience,sample_select_project,2.0744608869999865,0.0,0.0070525500000258035,0.07836739399999715,2.0815134370000123,2.1598808310000095,5,0.06371466963235585,0.20717856040855548,0.8434143903380811,0.39772864417739123,0.3519835663461221,0.4383713110632965,0.22440220953224388
1000,0.5,500,63,63,10,5,5,True,ok,selected_multi_metric_xb_worsening_patience,sample_select_full_fit,1.9335382559997925,0.5802982730001531,0.0,0.06314771699999255,2.5138365289999456,2.576984245999938,5,0.06554963836701952,0.18459725858509973,1.0,0.3993581546438306,0.35991548777863264,0.4521426313635875,0.23454528195747223
1000,0.5,500,63,63,10,5,5,True,ok,selected_multi_metric_xb_worsening_patience,sample_select_project,1.9335382559997925,0.0,0.009633188999941922,0.08334758299997702,1.9431714449997344,2.0265190279997114,5,0.06371466963235585,0.20717857876655763,0.8434143903380811,0.39772864417739107,0.3519835663461221,0.43837131106329646,0.22440220953224388
1000,0.5,500,63,64,10,5,5,True,ok,selected_multi_metric_xb_worsening_patience,sample_select_full_fit,2.5720965340001385,0.9899339900002815,0.0,0.05048104700017575,3.56203052400042,3.6125115710005957,5,0.06554963836701952,0.18459744333185354,1.0,0.3993581546438306,0.35991548777863264,0.4521426313635875,0.23454528195747223
1000,0.5,500,63,64,10,5,5,True,ok,selected_multi_metric_xb_worsening_patience,sample_select_project,2.5720965340001385,0.0,0.0019321599997965677,0.03864167699975951,2.574028693999935,2.6126703709996946,5,0.06371466963235585,0.20717860803069432,0.8434143903380811,0.3977286441773911,0.3519835663461221,0.43837131106329635,0.22440220953224388
1000,0.5,500,64,62,10,5,5,True,ok,selected_multi_metric_xb_worsening_patience,sample_select_full_fit,2.2678005709999525,0.7496793139998772,0.0,0.04755616700003884,3.0174798849998297,3.0650360519998685,5,0.06554963836701952,0.1845973959155989,1.0,0.3993581546438306,0.35991548777863264,0.4521426313635874,0.23454528195747223
1000,0.5,500,64,62,10,5,5,True,ok,selected_multi_metric_xb_worsening_patience,sample_select_project,2.2678005709999525,0.0,0.005160714999874472,0.06069254199974239,2.272961285999827,2.3336538279995693,5,0.0658114223652855,0.213785381385692,0.67235114446633,0.37348727612077076,0.3325088952194701,0.4595050490362981,0.23646573870624987
1000,0.5,500,64,63,10,5,5,True,ok,selected_multi_metric_xb_worsening_patience,sample_select_full_fit,2.4107813809996514,0.7982231329997376,0.0,0.038999223000246275,3.209004513999389,3.2480037369996353,5,0.06554963836701952,0.18459725858509973,1.0,0.3993581546438306,0.35991548777863264,0.4521426313635875,0.23454528195747223
1000,0.5,500,64,63,10,5,5,True,ok,selected_multi_metric_xb_worsening_patience,sample_select_project,2.4107813809996514,0.0,0.004462363999664376,0.04432349399985469,2.415243744999316,2.4595672389991705,5,0.0658114223652855,0.21378538346601628,0.67235114446633,0.37348727612077076,0.3325088952194701,0.459505049036298,0.23646573870624987
1000,0.5,500,64,64,10,5,5,True,ok,selected_multi_metric_xb_worsening_patience,sample_select_full_fit,2.4454128909997053,0.9368815100001484,0.0,0.06910209099987696,3.3822944009998537,3.4513964919997306,5,0.06554963836701952,0.18459744333185354,1.0,0.3993581546438306,0.35991548777863264,0.4521426313635875,0.23454528195747223
1000,0.5,500,64,64,10,5,5,True,ok,selected_multi_metric_xb_worsening_patience,sample_select_project,2.4454128909997053,0.0,0.002724847000081354,0.06315936800001509,2.4481377379997866,2.5112971059998017,5,0.0658114223652855,0.2137853737092745,0.67235114446633,0.3734872761207708,0.3325088952194701,0.459505049036298,0.23646573870624987
1000,0.5,500,65,62,10,5,5,True,ok,selected_multi_metric_xb_worsening_patience,sample_select_full_fit,1.8797145479998107,0.7319924600001286,0.0,0.08195643899989591,2.6117070079999394,2.6936634469998353,5,0.06554963836701952,0.1845973959155989,1.0,0.3993581546438306,0.35991548777863264,0.4521426313635874,0.23454528195747223
1000,0.5,500,65,62,10,5,5,True,ok,selected_multi_metric_xb_worsening_patience,sample_select_project,1.8797145479998107,0.0,0.004077867999967566,0.11445318200003385,1.8837924159997783,1.9982455979998122,5,0.0637062784217301,0.18486663034486783,0.8393159396487703,0.39613536646942343,0.3636504603749195,0.4453729871251027,0.23083604140512043
1000,0.5,500,65,63,10,5,5,True,ok,selected_multi_metric_xb_worsening_patience,sample_select_full_fit,2.07680695199997,0.7622649029999593,0.0,0.07440005899979951,2.839071854999929,2.9134719139997287,5,0.06554963836701952,0.18459725858509973,1.0,0.3993581546438306,0.35991548777863264,0.4521426313635875,0.23454528195747223
1000,0.5,500,65,63,10,5,5,True,ok,selected_multi_metric_xb_worsening_patience,sample_select_project,2.07680695199997,0.0,0.003981758999998419,0.06002919699994891,2.0807887109999683,2.1408179079999172,5,0.0637062784217301,0.18486530462153689,0.8393159396487703,0.39613536646942354,0.3636504603749195,0.4453729871251026,0.23083604140512043
1000,0.5,500,65,64,10,5,5,True,ok,selected_multi_metric_xb_worsening_patience,sample_select_full_fit,1.8377284499997586,1.0479326999998193,0.0,0.04872668699999849,2.885661149999578,2.9343878369995764,5,0.06554963836701952,0.18459744333185354,1.0,0.3993581546438306,0.35991548777863264,0.4521426313635875,0.23454528195747223
1000,0.5,500,65,64,10,5,5,True,ok,selected_multi_metric_xb_worsening_patience,sample_select_project,1.8377284499997586,0.0,0.0018799829999807116,0.04241862399976526,1.8396084329997393,1.8820270569995046,5,0.0637062784217301,0.18486532239919734,0.8393159396487703,0.39613536646942343,0.3636504603749195,0.44537298712510265,0.23083604140512043
1000,0.5,500,66,62,10,5,4,False,ok,selected_multi_metric_xb_worsening_patience,sample_select_full_fit,1.9835852129999694,0.7362327989999358,0.0,0.04952905199979796,2.719818011999905,2.769347063999703,4,0.05921405293707511,0.22225553345042773,0.6605306967511347,0.3464891239616636,0.2929245980247778,0.40869076236128415,0.18835506941200938
1000,0.5,500,66,62,10,5,4,False,ok,selected_multi_metric_xb_worsening_patience,sample_select_project,1.9835852129999694,0.0,0.003518767000059597,0.041639022000254045,1.987103980000029,2.028743002000283,4,0.05773321678778279,0.226225976664896,0.62302942721689,0.3417065114065455,0.29596305545655305,0.4049141132428445,0.18859817935410284
1000,0.5,500,66,63,10,5,5,True,ok,selected_multi_metric_xb_worsening_patience,sample_select_full_fit,1.9113348139999289,0.9239557969999623,0.0,0.09540585100012322,2.835290610999891,2.9306964620000144,5,0.06554963836701952,0.18459725858509973,1.0,0.3993581546438306,0.35991548777863264,0.4521426313635875,0.23454528195747223
1000,0.5,500,66,63,10,5,5,True,ok,selected_multi_metric_xb_worsening_patience,sample_select_project,1.9113348139999289,0.0,0.003575692000140407,0.11850236400005087,1.9149105060000693,2.03341287000012,5,0.058479708727196385,0.2278419269656849,0.6081366576937759,0.333221032019235,0.2849245751007472,0.42310554099440845,0.21121139043946097
1000,0.5,500,66,64,10,5,4,False,ok,selected_multi_metric_xb_worsening_patience,sample_select_full_fit,1.9181701289999182,0.6840355869999257,0.0,0.040542278999964765,2.602205715999844,2.6427479949998087,4,0.05921405293707511,0.22225554518943708,0.6605306967511347,0.3464891239616637,0.2929245980247778,0.4086907623612842,0.18835506941200938
1000,0.5,500,66,64,10,5,4,False,ok,selected_multi_metric_xb_worsening_patience,sample_select_project,1.9181701289999182,0.0,0.0017143539998869528,0.07244000000036976,1.9198844829998052,1.992324483000175,4,0.05773321678778279,0.22622598744387865,0.62302942721689,0.34170651140654557,0.29596305545655305,0.4049141132428445,0.18859817935410284
1000,0.7,700,62,62,14,5,5,True,ok,selected_multi_metric_xb_worsening_patience,sample_select_full_fit,2.8896156079999855,0.654471711000042,0.0,0.08399902700011808,3.5440873190000275,3.6280863460001456,5,0.06554963836701952,0.1845973959155989,1.0,0.3993581546438306,0.35991548777863264,0.4521426313635874,0.23454528195747223
1000,0.7,700,62,62,14,5,5,True,ok,selected_multi_metric_xb_worsening_patience,sample_select_project,2.8896156079999855,0.0,0.0059364200001255085,0.09892523799999253,2.895552028000111,2.9944772660001036,5,0.06644703593892438,0.1853684409168709,0.8287146101733764,0.4242928925555497,0.37959273624837625,0.4715152289202212,0.2410082338838198
1000,0.7,700,62,63,14,5,5,True,ok,selected_multi_metric_xb_worsening_patience,sample_select_full_fit,2.7211096949999956,0.6496692069999881,0.0,0.06491025099967374,3.3707789019999836,3.4356891529996574,5,0.06554963836701952,0.18459725858509973,1.0,0.3993581546438306,0.35991548777863264,0.4521426313635875,0.23454528195747223
1000,0.7,700,62,63,14,5,5,True,ok,selected_multi_metric_xb_worsening_patience,sample_select_project,2.7211096949999956,0.0,0.006333379999887256,0.08390097199981028,2.727443074999883,2.811344046999693,5,0.06644703593892438,0.18536821829699113,0.8287146101733764,0.4242928925555496,0.37959273624837625,0.4715152289202212,0.2410082338838198
1000,0.7,700,62,64,14,5,5,True,ok,selected_multi_metric_xb_worsening_patience,sample_select_full_fit,2.6878675020002447,1.0020794960000785,0.0,0.07330157599972154,3.689946998000323,3.7632485740000448,5,0.06554963836701952,0.18459744333185354,1.0,0.3993581546438306,0.35991548777863264,0.4521426313635875,0.23454528195747223
1000,0.7,700,62,64,14,5,5,True,ok,selected_multi_metric_xb_worsening_patience,sample_select_project,2.6878675020002447,0.0,0.006559733000358392,0.07324810599993725,2.694427235000603,2.7676753410005404,5,0.06644703593892438,0.18536844688503154,0.8287146101733764,0.42429289255554953,0.37959273624837625,0.4715152289202212,0.2410082338838198
1000,0.7,700,63,62,14,5,5,True,ok,selected_multi_metric_xb_worsening_patience,sample_select_full_fit,2.5799476040001537,0.8584627300001557,0.0,0.07382117399993149,3.4384103340003094,3.512231508000241,5,0.06554963836701952,0.1845973959155989,1.0,0.3993581546438306,0.35991548777863264,0.4521426313635874,0.23454528195747223
1000,0.7,700,63,62,14,5,5,True,ok,selected_multi_metric_xb_worsening_patience,sample_select_project,2.5799476040001537,0.0,0.0040050020002126985,0.07365136700036601,2.5839526060003664,2.6576039730007324,5,0.06563764784550376,0.1943646794089452,0.8690742631679935,0.4088112761870695,0.3660563895397318,0.4581818011754316,0.23518974049649072
1000,0.7,700,63,63,14,5,5,True,ok,selected_multi_metric_xb_worsening_patience,sample_select_full_fit,2.4404552109999713,0.5509239829998478,0.0,0.04195886799971049,2.991379193999819,3.0333380619995296,5,0.06554963836701952,0.18459725858509973,1.0,0.3993581546438306,0.35991548777863264,0.4521426313635875,0.23454528195747223
1000,0.7,700,63,63,14,5,5,True,ok,selected_multi_metric_xb_worsening_patience,sample_select_project,2.4404552109999713,0.0,0.0018446060003043385,0.045185149000189995,2.4422998170002757,2.4874849660004656,5,0.06563764784550376,0.19436467497399462,0.8690742631679935,0.4088112761870695,0.3660563895397318,0.4581818011754316,0.23518974049649072
1000,0.7,700,63,64,14,5,5,True,ok,selected_multi_metric_xb_worsening_patience,sample_select_full_fit,2.9213975049997316,0.838546012000279,0.0,0.0695746319997852,3.7599435170000106,3.829518148999796,5,0.06554963836701952,0.18459744333185354,1.0,0.3993581546438306,0.35991548777863264,0.4521426313635875,0.23454528195747223
1000,0.7,700,63,64,14,5,5,True,ok,selected_multi_metric_xb_worsening_patience,sample_select_project,2.9213975049997316,0.0,0.004397152999899845,0.07225174899986087,2.9257946579996315,2.9980464069994923,5,0.06563764784550376,0.19436434084564794,0.8690742631679935,0.4088112761870694,0.3660563895397318,0.4581818011754316,0.23518974049649072
1000,0.7,700,64,62,14,5,5,True,ok,selected_multi_metric_xb_worsening_patience,sample_select_full_fit,2.511546832000022,0.7973724839998795,0.0,0.07184844800030987,3.3089193159999013,3.380767764000211,5,0.06554963836701952,0.1845973959155989,1.0,0.3993581546438306,0.35991548777863264,0.4521426313635874,0.23454528195747223
1000,0.7,700,64,62,14,5,5,True,ok,selected_multi_metric_xb_worsening_patience,sample_select_project,2.511546832000022,0.0,0.0050353509996057255,0.11119930700033365,2.5165821829996275,2.627781489999961,5,0.06169205290504339,0.21220680175499834,0.5795240810326378,0.4220635933745699,0.36324120621920863,0.4714257691986719,0.24025708876506968
1000,0.7,700,64,63,14,5,5,True,ok,selected_multi_metric_xb_worsening_patience,sample_select_full_fit,2.8247473349997563,0.6482431510003153,0.0,0.11036316900026577,3.4729904860000715,3.5833536550003373,5,0.06554963836701952,0.18459725858509973,1.0,0.3993581546438306,0.35991548777863264,0.4521426313635875,0.23454528195747223
1000,0.7,700,64,63,14,5,5,True,ok,selected_multi_metric_xb_worsening_patience,sample_select_project,2.8247473349997563,0.0,0.007065513999805262,0.07893276799995874,2.8318128489995615,2.9107456169995203,5,0.06169205290504339,0.21220655599008362,0.5795240810326378,0.4220635933745699,0.36324120621920863,0.4714257691986719,0.24025708876506968
1000,0.7,700,64,64,14,5,5,True,ok,selected_multi_metric_xb_worsening_patience,sample_select_full_fit,2.4546719280001525,0.8401099069997144,0.0,0.07462721599995348,3.294781834999867,3.3694090509998205,5,0.06554963836701952,0.18459744333185354,1.0,0.3993581546438306,0.35991548777863264,0.4521426313635875,0.23454528195747223
1000,0.7,700,64,64,14,5,5,True,ok,selected_multi_metric_xb_worsening_patience,sample_select_project,2.4546719280001525,0.0,0.0058680939996520465,0.07251711400022032,2.4605400219998046,2.533057136000025,5,0.06169205290504339,0.21220681095106578,0.5795240810326378,0.4220635933745699,0.36324120621920863,0.4714257691986719,0.24025708876506968
1000,0.7,700,65,62,14,5,5,True,ok,selected_multi_metric_xb_worsening_patience,sample_select_full_fit,1.8732377100000122,0.7936648479999349,0.0,0.0715079940000578,2.666902557999947,2.738410552000005,5,0.06554963836701952,0.1845973959155989,1.0,0.3993581546438306,0.35991548777863264,0.4521426313635874,0.23454528195747223
1000,0.7,700,65,62,14,5,5,True,ok,selected_multi_metric_xb_worsening_patience,sample_select_project,1.8732377100000122,0.0,0.0016444740003862535,0.08681237900009364,1.8748821840003984,1.961694563000492,5,0.06530257184985941,0.1910382648799189,0.8854355775953855,0.41112304062094646,0.37355373736494546,0.45929626367333437,0.23744010306586258
1000,0.7,700,65,63,14,5,5,True,ok,selected_multi_metric_xb_worsening_patience,sample_select_full_fit,1.9076509930000611,0.678128728000047,0.0,0.08466314499992222,2.585779721000108,2.6704428660000303,5,0.06554963836701952,0.18459725858509973,1.0,0.3993581546438306,0.35991548777863264,0.4521426313635875,0.23454528195747223
1000,0.7,700,65,63,14,5,5,True,ok,selected_multi_metric_xb_worsening_patience,sample_select_project,1.9076509930000611,0.0,0.004085952999957954,0.08284986699982255,1.911736946000019,1.9945868129998416,5,0.06530257184985941,0.19103845101298028,0.8854355775953855,0.41112304062094646,0.37355373736494546,0.4592962636733346,0.23744010306586258
1000,0.7,700,65,64,14,5,5,True,ok,selected_multi_metric_xb_worsening_patience,sample_select_full_fit,2.543554388999837,0.9384547589997965,0.0,0.07057322199989358,3.4820091479996336,3.552582369999527,5,0.06554963836701952,0.18459744333185354,1.0,0.3993581546438306,0.35991548777863264,0.4521426313635875,0.23454528195747223
1000,0.7,700,65,64,14,5,5,True,ok,selected_multi_metric_xb_worsening_patience,sample_select_project,2.543554388999837,0.0,0.004796357000032003,0.07435438700031227,2.548350745999869,2.6227051330001814,5,0.06530257184985941,0.1910384388855255,0.8854355775953855,0.4111230406209464,0.37355373736494546,0.45929626367333465,0.23744010306586258
1000,0.7,700,66,62,14,5,4,False,ok,selected_multi_metric_xb_worsening_patience,sample_select_full_fit,2.2103648090001116,0.6753298869998616,0.0,0.06464375399991695,2.885694695999973,2.95033844999989,4,0.05921405293707511,0.22225553345042773,0.6605306967511347,0.3464891239616636,0.2929245980247778,0.40869076236128415,0.18835506941200938
1000,0.7,700,66,62,14,5,4,False,ok,selected_multi_metric_xb_worsening_patience,sample_select_project,2.2103648090001116,0.0,0.004093557000032888,0.06959618100017906,2.2144583660001445,2.2840545470003235,4,0.06008966255986071,0.22052423323842077,0.6253834020017814,0.34900253291798505,0.2978022795645901,0.41624010152078456,0.19456057444205765
1000,0.7,700,66,63,14,5,4,False,ok,selected_multi_metric_xb_worsening_patience,sample_select_full_fit,3.2610487940000894,0.854057469000054,0.0,0.04249808199983818,4.115106263000143,4.1576043449999815,4,0.05921405293707511,0.22225555226140825,0.6605306967511347,0.3464891239616637,0.2929245980247778,0.40869076236128427,0.18835506941200938
1000,0.7,700,66,63,14,5,4,False,ok,selected_multi_metric_xb_worsening_patience,sample_select_project,3.2610487940000894,0.0,0.0019418380002207414,0.04125284199972157,3.26299063200031,3.3042434740000317,4,0.06008966255986071,0.22052423836544247,0.6253834020017814,0.34900253291798505,0.2978022795645901,0.4162401015207846,0.19456057444205765
1000,0.7,700,66,64,14,5,4,False,ok,selected_multi_metric_xb_worsening_patience,sample_select_full_fit,3.332525689999784,0.6757319450002797,0.0,0.04459911699996155,4.008257635000064,4.052856752000025,4,0.05921405293707511,0.22225554518943708,0.6605306967511347,0.3464891239616637,0.2929245980247778,0.4086907623612842,0.18835506941200938
1000,0.7,700,66,64,14,5,4,False,ok,selected_multi_metric_xb_worsening_patience,sample_select_project,3.332525689999784,0.0,0.001706800000192743,0.04350177200012695,3.3342324899999767,3.3777342620001036,4,0.06008966255986071,0.22052419181484895,0.6253834020017814,0.349002532917985,0.2978022795645901,0.4162401015207846,0.19456057444205765
1000,1.0,1000,62,62,20,5,5,True,ok,selected_multi_metric_xb_worsening_patience,sample_select_full_fit,2.7271452840000165,0.8912162730002819,0.0,0.03871500400009609,3.6183615570002985,3.6570765610003946,5,0.06554963836701952,0.1845973959155989,1.0,0.3993581546438306,0.35991548777863264,0.4521426313635874,0.23454528195747223
1000,1.0,1000,62,62,20,5,5,True,ok,selected_multi_metric_xb_worsening_patience,sample_select_project,2.7271452840000165,0.0,0.004294842000035715,0.04525121200003923,2.7314401260000523,2.7766913380000915,5,0.06554963836701952,0.18459739591559887,1.0,0.3993581546438306,0.35991548777863264,0.4521426313635874,0.23454528195747223
1000,1.0,1000,62,63,20,5,5,True,ok,selected_multi_metric_xb_worsening_patience,sample_select_full_fit,2.549059814999964,0.7894427239998549,0.0,0.036737499999617285,3.338502538999819,3.3752400389994364,5,0.06554963836701952,0.18459725858509973,1.0,0.3993581546438306,0.35991548777863264,0.4521426313635875,0.23454528195747223
1000,1.0,1000,62,63,20,5,5,True,ok,selected_multi_metric_xb_worsening_patience,sample_select_project,2.549059814999964,0.0,0.0036904159996993258,0.04525421800008189,2.5527502309996635,2.5980044489997454,5,0.06554963836701952,0.18459725858509976,1.0,0.3993581546438306,0.35991548777863264,0.4521426313635875,0.23454528195747223
1000,1.0,1000,62,64,20,5,5,True,ok,selected_multi_metric_xb_worsening_patience,sample_select_full_fit,2.770784641999853,0.8335760210002263,0.0,0.04236932300000262,3.6043606630000795,3.646729986000082,5,0.06554963836701952,0.18459744333185354,1.0,0.3993581546438306,0.35991548777863264,0.4521426313635875,0.23454528195747223
1000,1.0,1000,62,64,20,5,5,True,ok,selected_multi_metric_xb_worsening_patience,sample_select_project,2.770784641999853,0.0,0.0018917439997494512,0.044247953000194684,2.7726763859996026,2.8169243389997973,5,0.06554963836701952,0.18459744333185354,1.0,0.3993581546438306,0.35991548777863264,0.4521426313635875,0.23454528195747223
1000,1.0,1000,63,62,20,5,5,True,ok,selected_multi_metric_xb_worsening_patience,sample_select_full_fit,2.5180443140002353,0.7535930260000896,0.0,0.09711413300010463,3.271637340000325,3.3687514730004295,5,0.06554963836701952,0.1845973959155989,1.0,0.3993581546438306,0.35991548777863264,0.4521426313635874,0.23454528195747223
1000,1.0,1000,63,62,20,5,5,True,ok,selected_multi_metric_xb_worsening_patience,sample_select_project,2.5180443140002353,0.0,0.0059590329997263325,0.09267530600027385,2.5240033469999616,2.6166786530002355,5,0.06554963836701952,0.18459739591559887,1.0,0.3993581546438306,0.35991548777863264,0.4521426313635874,0.23454528195747223
1000,1.0,1000,63,63,20,5,5,True,ok,selected_multi_metric_xb_worsening_patience,sample_select_full_fit,2.645977147999929,0.5974151259997598,0.0,0.06467908000013267,3.2433922739996888,3.3080713539998214,5,0.06554963836701952,0.18459725858509973,1.0,0.3993581546438306,0.35991548777863264,0.4521426313635875,0.23454528195747223
1000,1.0,1000,63,63,20,5,5,True,ok,selected_multi_metric_xb_worsening_patience,sample_select_project,2.645977147999929,0.0,0.002884073000132048,0.07099548899986985,2.648861221000061,2.719856709999931,5,0.06554963836701952,0.18459725858509976,1.0,0.3993581546438306,0.35991548777863264,0.4521426313635875,0.23454528195747223
1000,1.0,1000,63,64,20,5,5,True,ok,selected_multi_metric_xb_worsening_patience,sample_select_full_fit,2.641209377999985,0.9040876379999645,0.0,0.043197825999868655,3.5452970159999495,3.588494841999818,5,0.06554963836701952,0.18459744333185354,1.0,0.3993581546438306,0.35991548777863264,0.4521426313635875,0.23454528195747223
1000,1.0,1000,63,64,20,5,5,True,ok,selected_multi_metric_xb_worsening_patience,sample_select_project,2.641209377999985,0.0,0.0018833389999599603,0.04780749500014281,2.643092716999945,2.6909002120000878,5,0.06554963836701952,0.18459744333185354,1.0,0.3993581546438306,0.35991548777863264,0.4521426313635875,0.23454528195747223
1000,1.0,1000,64,62,20,5,5,True,ok,selected_multi_metric_xb_worsening_patience,sample_select_full_fit,2.5672352890001093,0.9241329970000152,0.0,0.04030331300009493,3.4913682860001245,3.5316715990002194,5,0.06554963836701952,0.1845973959155989,1.0,0.3993581546438306,0.35991548777863264,0.4521426313635874,0.23454528195747223
1000,1.0,1000,64,62,20,5,5,True,ok,selected_multi_metric_xb_worsening_patience,sample_select_project,2.5672352890001093,0.0,0.0019252869997217203,0.03466861400011112,2.569160575999831,2.603829189999942,5,0.06554963836701952,0.18459739591559887,1.0,0.3993581546438306,0.35991548777863264,0.4521426313635874,0.23454528195747223
1000,1.0,1000,64,63,20,5,5,True,ok,selected_multi_metric_xb_worsening_patience,sample_select_full_fit,2.617112652999822,0.6259643079997659,0.0,0.03334465799980535,3.2430769609995878,3.276421618999393,5,0.06554963836701952,0.18459725858509973,1.0,0.3993581546438306,0.35991548777863264,0.4521426313635875,0.23454528195747223
1000,1.0,1000,64,63,20,5,5,True,ok,selected_multi_metric_xb_worsening_patience,sample_select_project,2.617112652999822,0.0,0.0019827740002256178,0.058114710000154446,2.6190954270000475,2.677210137000202,5,0.06554963836701952,0.18459725858509976,1.0,0.3993581546438306,0.35991548777863264,0.4521426313635875,0.23454528195747223
1000,1.0,1000,64,64,20,5,5,True,ok,selected_multi_metric_xb_worsening_patience,sample_select_full_fit,2.7907648380000865,0.8160307120001562,0.0,0.03958545600016805,3.6067955500002427,3.6463810060004107,5,0.06554963836701952,0.18459744333185354,1.0,0.3993581546438306,0.35991548777863264,0.4521426313635875,0.23454528195747223
1000,1.0,1000,64,64,20,5,5,True,ok,selected_multi_metric_xb_worsening_patience,sample_select_project,2.7907648380000865,0.0,0.00197339699980148,0.04803122199973586,2.792738234999888,2.840769456999624,5,0.06554963836701952,0.18459744333185354,1.0,0.3993581546438306,0.35991548777863264,0.4521426313635875,0.23454528195747223
1000,1.0,1000,65,62,20,5,5,True,ok,selected_multi_metric_xb_worsening_patience,sample_select_full_fit,2.599400869999954,0.7816967769999792,0.0,0.0495428079998419,3.381097646999933,3.430640454999775,5,0.06554963836701952,0.1845973959155989,1.0,0.3993581546438306,0.35991548777863264,0.4521426313635874,0.23454528195747223
1000,1.0,1000,65,62,20,5,5,True,ok,selected_multi_metric_xb_worsening_patience,sample_select_project,2.599400869999954,0.0,0.0026277160000063304,0.04328118200010067,2.6020285859999603,2.645309768000061,5,0.06554963836701952,0.18459739591559887,1.0,0.3993581546438306,0.35991548777863264,0.4521426313635874,0.23454528195747223
1000,1.0,1000,65,63,20,5,5,True,ok,selected_multi_metric_xb_worsening_patience,sample_select_full_fit,2.789590073999989,0.6843533360001857,0.0,0.08065015700003642,3.4739434100001745,3.554593567000211,5,0.06554963836701952,0.18459725858509973,1.0,0.3993581546438306,0.35991548777863264,0.4521426313635875,0.23454528195747223
1000,1.0,1000,65,63,20,5,5,True,ok,selected_multi_metric_xb_worsening_patience,sample_select_project,2.789590073999989,0.0,0.003980146000230889,0.07422332299984191,2.7935702200002197,2.8677935430000616,5,0.06554963836701952,0.18459725858509976,1.0,0.3993581546438306,0.35991548777863264,0.4521426313635875,0.23454528195747223
1000,1.0,1000,65,64,20,5,5,True,ok,selected_multi_metric_xb_worsening_patience,sample_select_full_fit,2.8349468530000195,0.8840149489997202,0.0,0.05342649500016705,3.7189618019997397,3.7723882969999067,5,0.06554963836701952,0.18459744333185354,1.0,0.3993581546438306,0.35991548777863264,0.4521426313635875,0.23454528195747223
1000,1.0,1000,65,64,20,5,5,True,ok,selected_multi_metric_xb_worsening_patience,sample_select_project,2.8349468530000195,0.0,0.0016747100003158266,0.0431923259998257,2.8366215630003353,2.879813889000161,5,0.06554963836701952,0.18459744333185354,1.0,0.3993581546438306,0.35991548777863264,0.4521426313635875,0.23454528195747223
1000,1.0,1000,66,62,20,5,5,True,ok,selected_multi_metric_xb_worsening_patience,sample_select_full_fit,2.650646788999893,0.8427529519999553,0.0,0.08886389899998903,3.4933997409998483,3.5822636399998373,5,0.06554963836701952,0.1845973959155989,1.0,0.3993581546438306,0.35991548777863264,0.4521426313635874,0.23454528195747223
1000,1.0,1000,66,62,20,5,5,True,ok,selected_multi_metric_xb_worsening_patience,sample_select_project,2.650646788999893,0.0,0.0036320069998510007,0.0644856199996866,2.654278795999744,2.7187644159994306,5,0.06554963836701952,0.18459739591559887,1.0,0.3993581546438306,0.35991548777863264,0.4521426313635874,0.23454528195747223
1000,1.0,1000,66,63,20,5,5,True,ok,selected_multi_metric_xb_worsening_patience,sample_select_full_fit,2.59552950699981,0.8244040989998211,0.0,0.07682507999970767,3.4199336059996313,3.496758685999339,5,0.06554963836701952,0.18459725858509973,1.0,0.3993581546438306,0.35991548777863264,0.4521426313635875,0.23454528195747223
1000,1.0,1000,66,63,20,5,5,True,ok,selected_multi_metric_xb_worsening_patience,sample_select_project,2.59552950699981,0.0,0.0023469630000363395,0.06145647600033044,2.5978764699998464,2.659332946000177,5,0.06554963836701952,0.18459725858509976,1.0,0.3993581546438306,0.35991548777863264,0.4521426313635875,0.23454528195747223
1000,1.0,1000,66,64,20,5,5,True,ok,selected_multi_metric_xb_worsening_patience,sample_select_full_fit,2.931329569999889,0.7237708910001857,0.0,0.08281600299960701,3.6551004610000746,3.7379164639996816,5,0.06554963836701952,0.18459744333185354,1.0,0.3993581546438306,0.35991548777863264,0.4521426313635875,0.23454528195747223
1000,1.0,1000,66,64,20,5,5,True,ok,selected_multi_metric_xb_worsening_patience,sample_select_project,2.931329569999889,0.0,0.0027942970000367495,0.07716886099979092,2.9341238669999257,3.0112927279997166,5,0.06554963836701952,0.18459744333185354,1.0,0.3993581546438306,0.35991548777863264,0.4521426313635875,0.23454528195747223
3000,1.0,3000,-1,62,20,5,5,True,ok,selected_multi_metric_xb_worsening_patience,full_selection,23.79623412000001,0.0,0.0,0.4285044299999754,23.79623412000001,24.224738549999984,5,0.07553854263157306,0.19058141809515525,,0.4352984118674481,0.3906616897837379,0.47172570175579964,0.24088469622670178
3000,1.0,3000,-1,63,20,5,5,True,ok,selected_multi_metric_xb_worsening_patience,full_selection,24.98048074099961,0.0,0.0,0.45919402100025764,24.98048074099961,25.439674761999868,5,0.07553854263157306,0.1905814266943024,,0.43529841186744805,0.3906616897837379,0.47172570175579964,0.24088469622670178
3000,1.0,3000,-1,64,20,5,5,True,ok,selected_multi_metric_xb_worsening_patience,full_selection,29.152137821999986,0.0,0.0,0.4139606520002417,29.152137821999986,29.566098474000228,5,0.07553854263157306,0.19058119130750545,,0.43529841186744805,0.3906616897837379,0.47172570175579964,0.24088469622670178
3000,0.05,150,62,62,2,5,5,True,ok,selected_multi_metric_xb_worsening_patience,sample_select_full_fit,2.962421213000198,17.315478948999953,0.0,0.4142694679999295,20.27790016200015,20.69216963000008,5,0.07553854263157306,0.19058141809515525,1.0,0.4352984118674481,0.3906616897837379,0.47172570175579964,0.24088469622670178
3000,0.05,150,62,62,2,5,5,True,ok,selected_multi_metric_xb_worsening_patience,sample_select_project,2.962421213000198,0.0,0.007105138000042643,0.3920050970000375,2.9695263510002405,3.361531448000278,5,0.06686592729548113,0.21856879359165665,0.44807542026632047,0.4265660040180052,0.35953825680566937,0.46503973969571055,0.2243342040577261
3000,0.05,150,62,63,2,5,5,True,ok,selected_multi_metric_xb_worsening_patience,sample_select_full_fit,2.7034637899996596,13.198448811000162,0.0,0.4233562280001024,15.901912600999822,16.325268828999924,5,0.07553854263157306,0.1905814266943024,1.0,0.43529841186744805,0.3906616897837379,0.47172570175579964,0.24088469622670178
3000,0.05,150,62,63,2,5,5,True,ok,selected_multi_metric_xb_worsening_patience,sample_select_project,2.7034637899996596,0.0,0.017909829000018362,0.4147897699999703,2.721373618999678,3.1361633889996483,5,0.06686592729548113,0.21856879370140767,0.44807542026632047,0.42656600401800515,0.35953825680566937,0.46503973969571066,0.2243342040577261
3000,0.05,150,62,64,2,5,5,True,ok,selected_multi_metric_xb_worsening_patience,sample_select_full_fit,2.5746280910002497,15.024629043999994,0.0,0.27638662399976965,17.599257135000244,17.875643759000013,5,0.07553854263157306,0.19058119130750545,1.0,0.43529841186744805,0.3906616897837379,0.47172570175579964,0.24088469622670178
3000,0.05,150,62,64,2,5,5,True,ok,selected_multi_metric_xb_worsening_patience,sample_select_project,2.5746280910002497,0.0,0.0073616459999357176,0.4481263120001131,2.5819897370001854,3.0301160490002985,5,0.06686592729548113,0.21856869448316543,0.44807542026632047,0.42656600401800515,0.35953825680566937,0.4650397396957108,0.2243342040577261
3000,0.05,150,63,62,2,5,7,False,ok,selected_multi_metric_xb_worsening_patience,sample_select_full_fit,4.21067389000018,6.745965017999879,0.0,0.23893974299971887,10.956638908000059,11.195578650999778,7,0.08290886238256441,0.18780619031164517,0.6245445905107461,0.46460862788292695,0.4101841256151982,0.5197669466051201,0.30777500787282086
3000,0.05,150,63,62,2,5,7,False,ok,selected_multi_metric_xb_worsening_patience,sample_select_project,4.21067389000018,0.0,0.0073976230000880605,0.2895820779999667,4.218071513000268,4.507653591000235,7,0.07635471727477369,0.16694009366936624,0.4551782691444951,0.4418203940831153,0.4017107748884602,0.49967986203911274,0.2763511890470416
3000,0.05,150,63,63,2,5,7,False,ok,selected_multi_metric_xb_worsening_patience,sample_select_full_fit,4.704165630999796,7.0921834529999614,0.0,0.3674375499999769,11.796349083999758,12.163786633999734,7,0.08290886238256441,0.1878061105121563,0.6245445905107461,0.46460862788292695,0.4101841256151982,0.5197669466051201,0.30777500787282086
3000,0.05,150,63,63,2,5,7,False,ok,selected_multi_metric_xb_worsening_patience,sample_select_project,4.704165630999796,0.0,0.018213356000160275,0.3587264799998593,4.722378986999956,5.081105466999816,7,0.07635471727477369,0.1669400940890615,0.4551782691444951,0.4418203940831152,0.4017107748884602,0.49967986203911263,0.2763511890470416
3000,0.05,150,63,64,2,5,8,False,ok,selected_multi_metric_max_k,sample_select_full_fit,4.0594134610000765,12.002059603999896,0.0,0.36017957700005354,16.061473064999973,16.421652642000026,8,0.08655960412408831,0.16464892096244038,0.5619274327132129,0.4468673171992856,0.3796524991332685,0.5351925198352855,0.3266293317497228
3000,0.05,150,63,64,2,5,8,False,ok,selected_multi_metric_max_k,sample_select_project,4.0594134610000765,0.0,0.014240513000004285,0.219180778000009,4.073653974000081,4.29283475200009,8,0.08577757467947136,0.14607142383788643,0.41738704130068593,0.48210278238504556,0.4318656238152157,0.5393809248907686,0.3264326426996982
3000,0.05,150,64,62,2,5,7,False,ok,selected_multi_metric_max_k,sample_select_full_fit,5.667053098999986,11.374691191999773,0.0,0.38824835500008703,17.04174429099976,17.429992645999846,7,0.08290886238256441,0.18780619031164517,0.6245445905107461,0.46460862788292695,0.4101841256151982,0.5197669466051201,0.30777500787282086
3000,0.05,150,64,62,2,5,7,False,ok,selected_multi_metric_max_k,sample_select_project,5.667053098999986,0.0,0.017864575999738008,0.4742946269998356,5.684917674999724,6.15921230199956,7,0.05996468270293235,0.19674005567649222,0.39393822561723696,0.38322270279306975,0.31107059959621874,0.47712224122871216,0.26453138658840586
3000,0.05,150,64,63,2,5,8,False,ok,selected_multi_metric_max_k,sample_select_full_fit,5.090506541000195,13.614821728000152,0.0,0.44061541500013846,18.705328269000347,19.145943684000486,8,0.08655960412408831,0.16464874477153432,0.5619274327132129,0.4468673171992856,0.3796524991332685,0.5351925198352856,0.3266293317497228
3000,0.05,150,64,63,2,5,8,False,ok,selected_multi_metric_max_k,sample_select_project,5.090506541000195,0.0,0.01125866699976541,0.4427730160000465,5.101765207999961,5.544538224000007,8,0.06748462596833327,0.18156309784222247,0.37836559515079715,0.4326855635221095,0.34955478207164614,0.5216483945501549,0.3174224640319293
3000,0.05,150,64,64,2,5,8,False,ok,selected_multi_metric_max_k,sample_select_full_fit,5.385180212999785,11.68973241499998,0.0,0.5388296289997925,17.074912627999765,17.613742256999558,8,0.08655960412408831,0.16464892096244038,0.5619274327132129,0.4468673171992856,0.3796524991332685,0.5351925198352855,0.3266293317497228
3000,0.05,150,64,64,2,5,8,False,ok,selected_multi_metric_max_k,sample_select_project,5.385180212999785,0.0,0.011719075000200974,0.4515383580001071,5.396899287999986,5.848437646000093,8,0.05633368204290683,0.18145311737715558,0.31281066105528654,0.36995276457198667,0.2811635346086054,0.4720453787883188,0.2720038920340786
3000,0.05,150,65,62,2,5,5,True,ok,selected_multi_metric_xb_worsening_patience,sample_select_full_fit,2.616085564000059,14.623546697000165,0.0,0.5885852759997761,17.239632261000224,17.828217537,5,0.07553854263157306,0.19058141809515525,1.0,0.4352984118674481,0.3906616897837379,0.47172570175579964,0.24088469622670178
3000,0.05,150,65,62,2,5,5,True,ok,selected_multi_metric_xb_worsening_patience,sample_select_project,2.616085564000059,0.0,0.012424606999957177,0.396607412999856,2.6285101710000163,3.0251175839998723,5,0.05381399320971191,0.22668579078164153,0.4287161906571121,0.3113561179158795,0.24289113163530038,0.376790791521366,0.16369117604850847
3000,0.05,150,65,63,2,5,5,True,ok,selected_multi_metric_xb_worsening_patience,sample_select_full_fit,2.0239147920001415,17.810894467999788,0.0,0.39784075800025676,19.83480925999993,20.232650018000186,5,0.07553854263157306,0.1905814266943024,1.0,0.43529841186744805,0.3906616897837379,0.47172570175579964,0.24088469622670178
3000,0.05,150,65,63,2,5,5,True,ok,selected_multi_metric_xb_worsening_patience,sample_select_project,2.0239147920001415,0.0,0.010982682999838289,0.44932889300025636,2.0348974749999797,2.484226368000236,5,0.05381399320971191,0.2266859658980687,0.4287161906571121,0.3113561179158795,0.24289113163530038,0.3767907915213661,0.16369117604850847
3000,0.05,150,65,64,2,5,5,True,ok,selected_multi_metric_xb_worsening_patience,sample_select_full_fit,2.3333460959997865,21.29621112199993,0.0,0.3548216939998383,23.629557217999718,23.984378911999556,5,0.07553854263157306,0.19058119130750545,1.0,0.43529841186744805,0.3906616897837379,0.47172570175579964,0.24088469622670178
3000,0.05,150,65,64,2,5,5,True,ok,selected_multi_metric_xb_worsening_patience,sample_select_project,2.3333460959997865,0.0,0.012983140999949683,0.40396955699998216,2.346329236999736,2.7502987939997183,5,0.05381399320971191,0.22668579311768755,0.4287161906571121,0.3113561179158795,0.24289113163530038,0.3767907915213661,0.16369117604850847
3000,0.05,150,66,62,2,5,5,True,ok,selected_multi_metric_xb_worsening_patience,sample_select_full_fit,3.266633669999919,22.998859569999695,0.0,0.5806036500002847,26.265493239999614,26.8460968899999,5,0.07553854263157306,0.19058141809515525,1.0,0.4352984118674481,0.3906616897837379,0.47172570175579964,0.24088469622670178
3000,0.05,150,66,62,2,5,5,True,ok,selected_multi_metric_xb_worsening_patience,sample_select_project,3.266633669999919,0.0,0.01427867399979732,0.42531552900027236,3.2809123439997165,3.706227872999989,5,0.05987578360004286,0.2160360274801294,0.4068754555297662,0.35167832010736166,0.2907474376737892,0.40269498877569526,0.19959271697651593
3000,0.05,150,66,63,2,5,5,True,ok,selected_multi_metric_xb_worsening_patience,sample_select_full_fit,2.614193632000024,14.886257510999712,0.0,0.35853601500002696,17.500451142999736,17.858987157999763,5,0.07553854263157306,0.1905814266943024,1.0,0.43529841186744805,0.3906616897837379,0.47172570175579964,0.24088469622670178
3000,0.05,150,66,63,2,5,5,True,ok,selected_multi_metric_xb_worsening_patience,sample_select_project,2.614193632000024,0.0,0.006821029000093404,0.34089091899977575,2.6210146610001175,2.9619055799998932,5,0.053175892237316946,0.2268750749435224,0.3574045338953983,0.2807830497694045,0.21389807396925745,0.3838955514508932,0.1898301778219179
3000,0.05,150,66,64,2,5,5,True,ok,selected_multi_metric_xb_worsening_patience,sample_select_full_fit,1.951817699000003,17.591298297999856,0.0,0.5802495230000204,19.54311599699986,20.12336551999988,5,0.07553854263157306,0.19058119130750545,1.0,0.43529841186744805,0.3906616897837379,0.47172570175579964,0.24088469622670178
3000,0.05,150,66,64,2,5,5,True,ok,selected_multi_metric_xb_worsening_patience,sample_select_project,1.951817699000003,0.0,0.01488676700000724,0.4942523549998441,1.9667044660000101,2.4609568209998542,5,0.053175892237316946,0.22687478799345712,0.3574045338953983,0.2807830497694045,0.21389807396925745,0.3838955514508932,0.1898301778219179
3000,0.1,300,62,62,2,5,8,False,ok,selected_multi_metric_xb_worsening_patience,sample_select_full_fit,7.0219301899996935,11.419903329000135,0.0,0.25158302999989246,18.44183351899983,18.69341654899972,8,0.09067521160304881,0.13889100682940883,0.5520398227161964,0.4395380095281805,0.3753856068570739,0.541374858520785,0.3293896862127044
3000,0.1,300,62,62,2,5,8,False,ok,selected_multi_metric_xb_worsening_patience,sample_select_project,7.0219301899996935,0.0,0.007882325999617024,0.24505770199994004,7.029812515999311,7.274870217999251,8,0.08145068698395946,0.15043021754817085,0.42142382009612744,0.4027916746654808,0.34017376303524305,0.5119216544785941,0.30164490105980646
3000,0.1,300,62,63,2,5,7,False,ok,selected_multi_metric_xb_worsening_patience,sample_select_full_fit,5.852884490999713,11.994728253000176,0.0,0.38477818000001207,17.84761274399989,18.2323909239999,7,0.08290886238256441,0.1878061105121563,0.6245445905107461,0.46460862788292695,0.4101841256151982,0.5197669466051201,0.30777500787282086
3000,0.1,300,62,63,2,5,7,False,ok,selected_multi_metric_xb_worsening_patience,sample_select_project,5.852884490999713,0.0,0.011027786999875389,0.41047426599971004,5.863912277999589,6.274386543999299,7,0.07728141397741083,0.17679173412692314,0.41332306146023456,0.4218240171762585,0.3703013147701827,0.5080458766878185,0.28471932727295807
3000,0.1,300,62,64,2,5,8,False,ok,selected_multi_metric_max_k,sample_select_full_fit,7.167762188999859,3.8135184890002165,0.0,0.2641792770000393,10.981280678000076,11.245459955000115,8,0.08655960412408831,0.16464892096244038,0.5619274327132129,0.4468673171992856,0.3796524991332685,0.5351925198352855,0.3266293317497228
3000,0.1,300,62,64,2,5,8,False,ok,selected_multi_metric_max_k,sample_select_project,7.167762188999859,0.0,0.00880816099970616,0.2525952389996746,7.176570349999565,7.42916558899924,8,0.08095154337581811,0.14768871930730318,0.4252296280494079,0.4306508711175309,0.3925938411164898,0.5120497071589529,0.3080485791590012
3000,0.1,300,63,62,2,5,8,False,ok,selected_multi_metric_xb_worsening_patience,sample_select_full_fit,4.082161860999804,5.87652105799998,0.0,0.2280491209999127,9.958682918999784,10.186732039999697,8,0.09067521160304881,0.13889100682940883,0.5520398227161964,0.4395380095281805,0.3753856068570739,0.541374858520785,0.3293896862127044
3000,0.1,300,63,62,2,5,8,False,ok,selected_multi_metric_xb_worsening_patience,sample_select_project,4.082161860999804,0.0,0.003210492000107479,0.20705758000030983,4.0853723529999115,4.292429933000221,8,0.09019811123253546,0.15918928679533556,0.44249345924622546,0.4948219003659122,0.4473909651377781,0.5545450788499376,0.3376596832607656
3000,0.1,300,63,63,2,5,8,False,ok,selected_multi_metric_xb_worsening_patience,sample_select_full_fit,3.6810989949999566,8.66824204600016,0.0,0.2319908059998852,12.349341041000116,12.581331847000001,8,0.08655960412408831,0.16464874477153432,0.5619274327132129,0.4468673171992856,0.3796524991332685,0.5351925198352856,0.3266293317497228
3000,0.1,300,63,63,2,5,8,False,ok,selected_multi_metric_xb_worsening_patience,sample_select_project,3.6810989949999566,0.0,0.006804447999911645,0.30484211499970115,3.6879034429998683,3.9927455579995694,8,0.09019811123253546,0.15918919258098416,0.44249345924622546,0.4948219003659122,0.4473909651377781,0.5545450788499376,0.3376596832607656
3000,0.1,300,63,64,2,5,8,False,ok,selected_multi_metric_xb_worsening_patience,sample_select_full_fit,3.397668882999824,8.67707226399989,0.0,0.25179491500011864,12.074741146999713,12.326536061999832,8,0.08655960412408831,0.16464892096244038,0.5619274327132129,0.4468673171992856,0.3796524991332685,0.5351925198352855,0.3266293317497228
3000,0.1,300,63,64,2,5,8,False,ok,selected_multi_metric_xb_worsening_patience,sample_select_project,3.397668882999824,0.0,0.0027616660004241567,0.2576844479999636,3.400430549000248,3.6581149970002116,8,0.09019811123253546,0.15918280532275825,0.44249345924622546,0.4948219003659123,0.4473909651377781,0.5545450788499376,0.3376596832607656
3000,0.1,300,64,62,2,5,5,True,ok,selected_multi_metric_xb_worsening_patience,sample_select_full_fit,1.127863447999971,4.715562433999821,0.0,0.23817461699991327,5.843425881999792,6.0816004989997055,5,0.07553854263157306,0.19058141809515525,1.0,0.4352984118674481,0.3906616897837379,0.47172570175579964,0.24088469622670178
3000,0.1,300,64,62,2,5,5,True,ok,selected_multi_metric_xb_worsening_patience,sample_select_project,1.127863447999971,0.0,0.017373941000187187,0.21696553099991434,1.1452373890001581,1.3622029200000725,5,0.059722975040823134,0.25835759688398563,0.4218676916078959,0.38476130420123805,0.3136745165307015,0.43748433468153186,0.19744250995917773
3000,0.1,300,64,63,2,5,3,False,ok,selected_multi_metric_xb_worsening_patience,sample_select_full_fit,1.4437140820000423,4.434111346999998,0.0,0.22685562800006664,5.8778254290000405,6.104681057000107,3,0.055377728259003334,0.24049222263618808,0.48178752592018276,0.2813792284016638,0.2154990721955516,0.32164644494694045,0.11958822828578727
3000,0.1,300,64,63,2,5,3,False,ok,selected_multi_metric_xb_worsening_patience,sample_select_project,1.4437140820000423,0.0,0.008738500999697862,0.2187928359999205,1.4524525829997401,1.6712454189996606,3,0.05755488294288735,0.29606330355956106,0.3595487615352889,0.32897922411208425,0.250746650644458,0.3482718471721688,0.12694244363801624
3000,0.1,300,64,64,2,5,5,True,ok,selected_multi_metric_xb_worsening_patience,sample_select_full_fit,1.3989008759999706,6.604691204000119,0.0,0.20076524600017365,8.00359208000009,8.204357326000263,5,0.07553854263157306,0.19058119130750545,1.0,0.43529841186744805,0.3906616897837379,0.47172570175579964,0.24088469622670178
3000,0.1,300,64,64,2,5,5,True,ok,selected_multi_metric_xb_worsening_patience,sample_select_project,1.3989008759999706,0.0,0.004427509999914037,0.20603146800021932,1.4033283859998846,1.609359854000104,5,0.059722975040823134,0.2583575577164306,0.4218676916078959,0.3847613042012381,0.3136745165307015,0.4374843346815318,0.19744250995917773
3000,0.1,300,65,62,2,5,5,True,ok,selected_multi_metric_xb_worsening_patience,sample_select_full_fit,1.6788572740001655,4.3678933099999995,0.0,0.26847472000008565,6.046750584000165,6.315225304000251,5,0.07553854263157306,0.19058141809515525,1.0,0.4352984118674481,0.3906616897837379,0.47172570175579964,0.24088469622670178
3000,0.1,300,65,62,2,5,5,True,ok,selected_multi_metric_xb_worsening_patience,sample_select_project,1.6788572740001655,0.0,0.012578405999647657,0.26962714999990567,1.6914356799998131,1.9610628299997188,5,0.07134837743245342,0.21879461039243023,0.4984204728377556,0.44373016635928236,0.37709252375736146,0.4795689664469086,0.23693587689455933
3000,0.1,300,65,63,2,5,5,True,ok,selected_multi_metric_xb_worsening_patience,sample_select_full_fit,1.7314127630002076,3.199447369999689,0.0,0.2405160979997163,4.9308601329998965,5.171376230999613,5,0.07553854263157306,0.1905814266943024,1.0,0.43529841186744805,0.3906616897837379,0.47172570175579964,0.24088469622670178
3000,0.1,300,65,63,2,5,5,True,ok,selected_multi_metric_xb_worsening_patience,sample_select_project,1.7314127630002076,0.0,0.004885763000402221,0.21007008300011876,1.7362985260006099,1.9463686090007286,5,0.07135056637652068,0.21877143937388616,0.49912344583552626,0.44264850700647174,0.3766183200635006,0.47863152066721804,0.23659688742028673
3000,0.1,300,65,64,2,5,5,True,ok,selected_multi_metric_xb_worsening_patience,sample_select_full_fit,2.189719972000148,7.529209803999947,0.0,0.2938673620001282,9.718929776000095,10.012797138000224,5,0.07553854263157306,0.19058119130750545,1.0,0.43529841186744805,0.3906616897837379,0.47172570175579964,0.24088469622670178
3000,0.1,300,65,64,2,5,5,True,ok,selected_multi_metric_xb_worsening_patience,sample_select_project,2.189719972000148,0.0,0.005840462000378466,0.25925919200017233,2.1955604340005266,2.454819626000699,5,0.07135056637652068,0.21877099474629488,0.49912344583552626,0.44264850700647174,0.3766183200635006,0.4786315206672179,0.23659688742028673
3000,0.1,300,66,62,2,5,5,True,ok,selected_multi_metric_xb_worsening_patience,sample_select_full_fit,1.657337846000246,13.272640738000064,0.0,0.2646011960000578,14.92997858400031,15.194579780000367,5,0.07553854263157306,0.19058141809515525,1.0,0.4352984118674481,0.3906616897837379,0.47172570175579964,0.24088469622670178
3000,0.1,300,66,62,2,5,5,True,ok,selected_multi_metric_xb_worsening_patience,sample_select_project,1.657337846000246,0.0,0.0066567919998306024,0.2915010560000155,1.6639946380000765,1.955495694000092,5,0.060559631231757324,0.26356532846063585,0.4501186475178049,0.3392623463779789,0.28463555058620793,0.41119087393412024,0.19792301014868188
3000,0.1,300,66,63,2,5,5,True,ok,selected_multi_metric_xb_worsening_patience,sample_select_full_fit,1.249170156999753,3.858389867999904,0.0,0.2489755920000789,5.107560024999657,5.356535616999736,5,0.07553854263157306,0.1905814266943024,1.0,0.43529841186744805,0.3906616897837379,0.47172570175579964,0.24088469622670178
3000,0.1,300,66,63,2,5,5,True,ok,selected_multi_metric_xb_worsening_patience,sample_select_project,1.249170156999753,0.0,0.0029244490001474333,0.2272104210001089,1.2520946059999005,1.4793050270000094,5,0.060559631231757324,0.2635652423415662,0.4501186475178049,0.3392623463779789,0.28463555058620793,0.4111908739341203,0.19792301014868188
3000,0.1,300,66,64,2,5,5,True,ok,selected_multi_metric_xb_worsening_patience,sample_select_full_fit,1.579828938999981,3.7023547970002255,0.0,0.2742647410000245,5.282183736000206,5.556448477000231,5,0.07553854263157306,0.19058119130750545,1.0,0.43529841186744805,0.3906616897837379,0.47172570175579964,0.24088469622670178
3000,0.1,300,66,64,2,5,5,True,ok,selected_multi_metric_xb_worsening_patience,sample_select_project,1.579828938999981,0.0,0.004896953999832476,0.323625539999739,1.5847258929998134,1.9083514329995523,5,0.060559631231757324,0.26356531478606116,0.4501186475178049,0.33926234637797886,0.28463555058620793,0.41119087393412024,0.19792301014868188
3000,0.15,450,62,62,3,5,8,False,ok,selected_multi_metric_xb_worsening_patience,sample_select_full_fit,3.9674914300003365,3.3217308869998305,0.0,0.19471903099974952,7.289222317000167,7.483941347999917,8,0.09067521160304881,0.13889100682940883,0.5520398227161964,0.4395380095281805,0.3753856068570739,0.541374858520785,0.3293896862127044
3000,0.15,450,62,62,3,5,8,False,ok,selected_multi_metric_xb_worsening_patience,sample_select_project,3.9674914300003365,0.0,0.006590379000044777,0.30558713300024465,3.9740818090003813,4.279668942000626,8,0.08949208880030117,0.14793234502288855,0.5608877406394344,0.4469675670993932,0.3873288838726075,0.5397239992333046,0.32648053335964483
3000,0.15,450,62,63,3,5,7,False,ok,selected_multi_metric_xb_worsening_patience,sample_select_full_fit,3.396138981000149,7.38892161800004,0.0,0.2560481789996629,10.78506059900019,11.041108777999852,7,0.08290886238256441,0.1878061105121563,0.6245445905107461,0.46460862788292695,0.4101841256151982,0.5197669466051201,0.30777500787282086
3000,0.15,450,62,63,3,5,7,False,ok,selected_multi_metric_xb_worsening_patience,sample_select_project,3.396138981000149,0.0,0.014772614000321482,0.23747953200017946,3.4109115950004707,3.64839112700065,7,0.08860845360173195,0.16206934436874243,0.5472626907252813,0.5251630495142384,0.5046706657490172,0.5483468077637528,0.3305150707922055
3000,0.15,450,62,64,3,5,8,False,ok,selected_multi_metric_max_k,sample_select_full_fit,3.696582570999908,3.7985065369998665,0.0,0.16713779200017598,7.495089107999775,7.6622268999999505,8,0.08655960412408831,0.16464892096244038,0.5619274327132129,0.4468673171992856,0.3796524991332685,0.5351925198352855,0.3266293317497228
3000,0.15,450,62,64,3,5,8,False,ok,selected_multi_metric_max_k,sample_select_project,3.696582570999908,0.0,0.004644224000003305,0.22682566399998905,3.7012267949999114,3.9280524589999004,8,0.09326945717061941,0.15115559631193404,0.4946921639748611,0.5081007528418718,0.4698427759000668,0.5653872806067871,0.35286743729744063
3000,0.15,450,63,62,3,5,8,False,ok,selected_multi_metric_max_k,sample_select_full_fit,4.363789492999786,4.3107264479999685,0.0,0.19084186700001737,8.674515940999754,8.865357807999771,8,0.09067521160304881,0.13889100682940883,0.5520398227161964,0.4395380095281805,0.3753856068570739,0.541374858520785,0.3293896862127044
3000,0.15,450,63,62,3,5,8,False,ok,selected_multi_metric_max_k,sample_select_project,4.363789492999786,0.0,0.007144070999856922,0.2978210180003771,4.3709335639996425,4.66875458200002,8,0.09107933527388705,0.14173060001293722,0.5545434711728267,0.45214805299900973,0.38834775082891965,0.5490246791587201,0.329127455480461
3000,0.15,450,63,63,3,5,8,False,ok,selected_multi_metric_max_k,sample_select_full_fit,4.035806183999739,8.411088512000333,0.0,0.21318543799998224,12.446894696000072,12.660080134000054,8,0.08655960412408831,0.16464874477153432,0.5619274327132129,0.4468673171992856,0.3796524991332685,0.5351925198352856,0.3266293317497228
3000,0.15,450,63,63,3,5,8,False,ok,selected_multi_metric_max_k,sample_select_project,4.035806183999739,0.0,0.0030295439996734785,0.15260043599982964,4.0388357279994125,4.191436163999242,8,0.09548921870303635,0.14080482411663142,0.5041540076457335,0.5011206851069674,0.4460903396296945,0.5752012569038426,0.3415609996591912
3000,0.15,450,63,64,3,5,8,False,ok,selected_multi_metric_max_k,sample_select_full_fit,4.381227235999631,5.182924375000312,0.0,0.15518878800003222,9.564151610999943,9.719340398999975,8,0.08655960412408831,0.16464892096244038,0.5619274327132129,0.4468673171992856,0.3796524991332685,0.5351925198352855,0.3266293317497228
3000,0.15,450,63,64,3,5,8,False,ok,selected_multi_metric_max_k,sample_select_project,4.381227235999631,0.0,0.002663312000095175,0.2151414649997605,4.3838905479997266,4.599032012999487,8,0.09548921870303635,0.1408048217851867,0.5041540076457335,0.5011206851069674,0.4460903396296945,0.5752012569038426,0.3415609996591912
3000,0.15,450,64,62,3,5,7,False,ok,selected_multi_metric_xb_worsening_patience,sample_select_full_fit,2.5576514089998454,7.815576830999817,0.0,0.1779587129999527,10.373228239999662,10.551186952999615,7,0.08290886238256441,0.18780619031164517,0.6245445905107461,0.46460862788292695,0.4101841256151982,0.5197669466051201,0.30777500787282086
3000,0.15,450,64,62,3,5,7,False,ok,selected_multi_metric_xb_worsening_patience,sample_select_project,2.5576514089998454,0.0,0.005308400000103575,0.17495607799992285,2.562959808999949,2.737915886999872,7,0.07886776590366307,0.17424102034830685,0.4616787436372728,0.4822230854311023,0.42213140175448627,0.527044389309152,0.2975124159133686
3000,0.15,450,64,63,3,5,8,False,ok,selected_multi_metric_xb_worsening_patience,sample_select_full_fit,3.8409932800000206,4.390566462000152,0.0,0.22217405499986853,8.231559742000172,8.45373379700004,8,0.08655960412408831,0.16464874477153432,0.5619274327132129,0.4468673171992856,0.3796524991332685,0.5351925198352856,0.3266293317497228
3000,0.15,450,64,63,3,5,8,False,ok,selected_multi_metric_xb_worsening_patience,sample_select_project,3.8409932800000206,0.0,0.003103562999967835,0.18432853100011926,3.8440968429999884,4.028425374000108,8,0.08896336746601757,0.14717484149726592,0.481710489763205,0.5088915522721447,0.4616606314175893,0.5508204135172281,0.34383967236041996
3000,0.15,450,64,64,3,5,8,False,ok,selected_multi_metric_xb_worsening_patience,sample_select_full_fit,3.880888222000067,3.430648470000051,0.0,0.19942400799982352,7.311536692000118,7.510960699999941,8,0.08655960412408831,0.16464892096244038,0.5619274327132129,0.4468673171992856,0.3796524991332685,0.5351925198352855,0.3266293317497228
3000,0.15,450,64,64,3,5,8,False,ok,selected_multi_metric_xb_worsening_patience,sample_select_project,3.880888222000067,0.0,0.0030637790000582754,0.21053617100005795,3.883952001000125,4.094488172000183,8,0.09038482973753521,0.14828736073211427,0.4747819914033518,0.5257988050692196,0.47704037263981763,0.5649878938277187,0.3509554949036153
3000,0.15,450,65,62,3,5,4,False,ok,selected_multi_metric_xb_worsening_patience,sample_select_full_fit,1.8304617320000034,3.132613954000135,0.0,0.2945547549998082,4.963075686000138,5.257630440999947,4,0.06346446472436103,0.21394121119299053,0.6791626902548396,0.3596865192453748,0.30410363699090487,0.3898366732502089,0.17325332807563218
3000,0.15,450,65,62,3,5,4,False,ok,selected_multi_metric_xb_worsening_patience,sample_select_project,1.8304617320000034,0.0,0.004380060999665147,0.23907623500008413,1.8348417929996685,2.0739180279997527,4,0.06279168642611498,0.2586170848124634,0.6108703743365261,0.3622314682536991,0.3057641512469507,0.3989054060108895,0.1780392313894365
3000,0.15,450,65,63,3,5,4,False,ok,selected_multi_metric_xb_worsening_patience,sample_select_full_fit,1.6061418100002811,2.285334301000148,0.0,0.22596014900000227,3.8914761110004292,4.1174362600004315,4,0.06346446472436103,0.213940420748416,0.6791626902548396,0.35968651924537476,0.30410363699090487,0.38983667325020893,0.17325332807563218
3000,0.15,450,65,63,3,5,4,False,ok,selected_multi_metric_xb_worsening_patience,sample_select_project,1.6061418100002811,0.0,0.006766919000256166,0.2615981910003029,1.6129087290005373,1.8745069200008402,4,0.06279168642611498,0.25861717772199955,0.6108703743365261,0.3622314682536991,0.3057641512469507,0.3989054060108895,0.1780392313894365
3000,0.15,450,65,64,3,5,4,False,ok,selected_multi_metric_xb_worsening_patience,sample_select_full_fit,1.628358969999681,3.6729670309996436,0.0,0.2742440249999163,5.301326000999325,5.575570025999241,4,0.06346446472436103,0.2139404357538164,0.6791626902548396,0.35968651924537487,0.30410363699090487,0.3898366732502089,0.17325332807563218
3000,0.15,450,65,64,3,5,4,False,ok,selected_multi_metric_xb_worsening_patience,sample_select_project,1.628358969999681,0.0,0.004728229999727773,0.24131996799997069,1.6330871999994088,1.8744071679993795,4,0.06279168642611498,0.2586170808767125,0.6108703743365261,0.3622314682536991,0.3057641512469507,0.3989054060108895,0.1780392313894365
3000,0.15,450,66,62,3,5,5,True,ok,selected_multi_metric_xb_worsening_patience,sample_select_full_fit,1.926765486000022,5.943693533999976,0.0,0.29948490800006766,7.870459019999998,8.169943928000066,5,0.07553854263157306,0.19058141809515525,1.0,0.4352984118674481,0.3906616897837379,0.47172570175579964,0.24088469622670178
3000,0.15,450,66,62,3,5,5,True,ok,selected_multi_metric_xb_worsening_patience,sample_select_project,1.926765486000022,0.0,0.01069658000005802,0.2694469539997044,1.93746206600008,2.2069090199997845,5,0.06931753591415939,0.2509328822695392,0.5319394047236946,0.42268058516511803,0.35760350546925607,0.45310075477709244,0.22277601311150377
3000,0.15,450,66,63,3,5,5,True,ok,selected_multi_metric_xb_worsening_patience,sample_select_full_fit,1.9556953380001687,6.448183941000025,0.0,0.28108281400000124,8.403879279000193,8.684962093000195,5,0.07553854263157306,0.1905814266943024,1.0,0.43529841186744805,0.3906616897837379,0.47172570175579964,0.24088469622670178
3000,0.15,450,66,63,3,5,5,True,ok,selected_multi_metric_xb_worsening_patience,sample_select_project,1.9556953380001687,0.0,0.004240862000187917,0.298195276000115,1.9599362000003566,2.2581314760004716,5,0.06627912394191857,0.20071277186097913,0.5503521428808821,0.37673464178600524,0.31761897486191154,0.4271719937326091,0.21666815607070072
3000,0.15,450,66,64,3,5,5,True,ok,selected_multi_metric_xb_worsening_patience,sample_select_full_fit,1.7312434170003144,7.194933530000071,0.0,0.40891312800022206,8.926176947000386,9.335090075000608,5,0.07553854263157306,0.19058119130750545,1.0,0.43529841186744805,0.3906616897837379,0.47172570175579964,0.24088469622670178
3000,0.15,450,66,64,3,5,5,True,ok,selected_multi_metric_xb_worsening_patience,sample_select_project,1.7312434170003144,0.0,0.012866613000369398,0.319648029000291,1.7441100300006838,2.0637580590009748,5,0.06627912394191857,0.20071277179945016,0.5503521428808821,0.37673464178600535,0.31761897486191154,0.42717199373260906,0.21666815607070072
3000,0.2,600,62,62,4,5,5,True,ok,selected_multi_metric_xb_worsening_patience,sample_select_full_fit,2.940031041000111,8.50342991000025,0.0,0.22171907800020563,11.443460951000361,11.665180029000567,5,0.07553854263157306,0.19058141809515525,1.0,0.4352984118674481,0.3906616897837379,0.47172570175579964,0.24088469622670178
3000,0.2,600,62,62,4,5,5,True,ok,selected_multi_metric_xb_worsening_patience,sample_select_project,2.940031041000111,0.0,0.0026178670000263082,0.2192992789996424,2.9426489080001375,3.16194818699978,5,0.07352022995812907,0.19130069911929232,0.749431838402798,0.4136664591859028,0.3697084192831894,0.46460633823763303,0.23684737614664927
3000,0.2,600,62,63,4,5,5,True,ok,selected_multi_metric_xb_worsening_patience,sample_select_full_fit,2.969097669999883,5.780661552000311,0.0,0.2897610029999669,8.749759222000193,9.03952022500016,5,0.07553854263157306,0.1905814266943024,1.0,0.43529841186744805,0.3906616897837379,0.47172570175579964,0.24088469622670178
3000,0.2,600,62,63,4,5,5,True,ok,selected_multi_metric_xb_worsening_patience,sample_select_project,2.969097669999883,0.0,0.005845200999829103,0.29955889899974864,2.974942870999712,3.2745017699994605,5,0.07352022995812907,0.19130092112414387,0.749431838402798,0.4136664591859028,0.3697084192831894,0.46460633823763303,0.23684737614664927
3000,0.2,600,62,64,4,5,5,True,ok,selected_multi_metric_xb_worsening_patience,sample_select_full_fit,3.431790781000018,7.436161535999872,0.0,0.22273672300025282,10.86795231699989,11.090689040000143,5,0.07553854263157306,0.19058119130750545,1.0,0.43529841186744805,0.3906616897837379,0.47172570175579964,0.24088469622670178
3000,0.2,600,62,64,4,5,5,True,ok,selected_multi_metric_xb_worsening_patience,sample_select_project,3.431790781000018,0.0,0.0032382940003117255,0.28211661000023014,3.4350290750003296,3.7171456850005598,5,0.07352022995812907,0.19130069880546352,0.749431838402798,0.4136664591859028,0.3697084192831894,0.4646063382376329,0.23684737614664927
3000,0.2,600,63,62,4,5,8,False,ok,selected_multi_metric_max_k,sample_select_full_fit,4.55463285299993,3.953711316999943,0.0,0.29137932899993757,8.508344169999873,8.79972349899981,8,0.09067521160304881,0.13889100682940883,0.5520398227161964,0.4395380095281805,0.3753856068570739,0.541374858520785,0.3293896862127044
3000,0.2,600,63,62,4,5,8,False,ok,selected_multi_metric_max_k,sample_select_project,4.55463285299993,0.0,0.003022261999831244,0.20080393899979754,4.557655114999761,4.758459053999559,8,0.09134267291349321,0.1413503603084298,0.5766585724761758,0.45683139551233515,0.39599838789909564,0.5476393277437475,0.3323815999892988
3000,0.2,600,63,63,4,5,8,False,ok,selected_multi_metric_xb_worsening_patience,sample_select_full_fit,3.771521806000237,5.880736832999901,0.0,0.29810091199988165,9.652258639000138,9.95035955100002,8,0.08655960412408831,0.16464874477153432,0.5619274327132129,0.4468673171992856,0.3796524991332685,0.5351925198352856,0.3266293317497228
3000,0.2,600,63,63,4,5,8,False,ok,selected_multi_metric_xb_worsening_patience,sample_select_project,3.771521806000237,0.0,0.007538204999946174,0.2418512379999811,3.7790600110001833,4.020911249000164,8,0.08624432246526097,0.1859374341053561,0.5067176469756478,0.45065015757890936,0.38501642141068926,0.5213175097485294,0.30988609562906005
3000,0.2,600,63,64,4,5,7,False,ok,selected_multi_metric_xb_worsening_patience,sample_select_full_fit,3.8805971010001485,3.794199870000284,0.0,0.21659445899967977,7.674796971000433,7.8913914300001125,7,0.08609639035253466,0.1565384801427454,0.6523745207214189,0.4633275682989775,0.41356016753642894,0.5331811828459005,0.31008944275157707
3000,0.2,600,63,64,4,5,7,False,ok,selected_multi_metric_xb_worsening_patience,sample_select_project,3.8805971010001485,0.0,0.0026909440002782503,0.23662931899980322,3.883288045000427,4.11991736400023,7,0.08488830413079232,0.1596843649870829,0.622939300863388,0.46128820605698867,0.4149966186794521,0.5254868986411483,0.3033336770491041
3000,0.2,600,64,62,4,5,8,False,ok,selected_multi_metric_xb_worsening_patience,sample_select_full_fit,3.12005559499994,3.6682470839996313,0.0,0.28296417299952736,6.788302678999571,7.071266851999098,8,0.09067521160304881,0.13889100682940883,0.5520398227161964,0.4395380095281805,0.3753856068570739,0.541374858520785,0.3293896862127044
3000,0.2,600,64,62,4,5,8,False,ok,selected_multi_metric_xb_worsening_patience,sample_select_project,3.12005559499994,0.0,0.0050307840001551085,0.15287114900002052,3.125086379000095,3.2779575280001154,8,0.09033667681022435,0.1475403086546056,0.49516210172137204,0.5296616748124007,0.48136464060629847,0.5664487032935145,0.35333154437915276
3000,0.2,600,64,63,4,5,8,False,ok,selected_multi_metric_xb_worsening_patience,sample_select_full_fit,3.400918415999513,7.641667947000315,0.0,0.17685518500002217,11.042586362999828,11.21944154799985,8,0.08655960412408831,0.16464874477153432,0.5619274327132129,0.4468673171992856,0.3796524991332685,0.5351925198352856,0.3266293317497228
3000,0.2,600,64,63,4,5,8,False,ok,selected_multi_metric_xb_worsening_patience,sample_select_project,3.400918415999513,0.0,0.005934908000199357,0.2679418630004875,3.4068533239997123,3.6747951870002,8,0.08954076108412543,0.16051125666876898,0.475541472255025,0.5410969763629518,0.48526730482486236,0.5789980997583504,0.36109658058709043
3000,0.2,600,64,64,4,5,8,False,ok,selected_multi_metric_xb_worsening_patience,sample_select_full_fit,3.585934860000634,2.9975311369998963,0.0,0.20476490799956082,6.5834659970005305,6.788230905000091,8,0.08655960412408831,0.16464892096244038,0.5619274327132129,0.4468673171992856,0.3796524991332685,0.5351925198352855,0.3266293317497228
3000,0.2,600,64,64,4,5,8,False,ok,selected_multi_metric_xb_worsening_patience,sample_select_project,3.585934860000634,0.0,0.01632214099936391,0.17118871899947408,3.602257000999998,3.773445719999472,8,0.09033667681022435,0.14754034888170292,0.49516210172137204,0.5296616748124005,0.48136464060629847,0.5664487032935145,0.35333154437915276
3000,0.2,600,65,62,4,5,4,False,ok,selected_multi_metric_xb_worsening_patience,sample_select_full_fit,2.268605350999678,3.517912911000167,0.0,0.23291782500018599,5.786518261999845,6.019436087000031,4,0.06346446472436103,0.21394121119299053,0.6791626902548396,0.3596865192453748,0.30410363699090487,0.3898366732502089,0.17325332807563218
3000,0.2,600,65,62,4,5,4,False,ok,selected_multi_metric_xb_worsening_patience,sample_select_project,2.268605350999678,0.0,0.006123258999650716,0.2221544490002998,2.274728609999329,2.4968830589996287,4,0.06276028704041653,0.2511172170980515,0.6223424845031997,0.36861555430698584,0.3220907112556328,0.3984442113609147,0.18096397415644488
3000,0.2,600,65,63,4,5,4,False,ok,selected_multi_metric_xb_worsening_patience,sample_select_full_fit,1.9020209199998135,2.892142817000604,0.0,0.2773668109994105,4.794163737000417,5.071530547999828,4,0.06346446472436103,0.213940420748416,0.6791626902548396,0.35968651924537476,0.30410363699090487,0.38983667325020893,0.17325332807563218
3000,0.2,600,65,63,4,5,4,False,ok,selected_multi_metric_xb_worsening_patience,sample_select_project,1.9020209199998135,0.0,0.013046357999883185,0.31635491399993043,1.9150672779996967,2.231422191999627,4,0.06276028704041653,0.251117225682547,0.6223424845031997,0.3686155543069859,0.3220907112556328,0.39844421136091474,0.18096397415644488
3000,0.2,600,65,64,4,5,4,False,ok,selected_multi_metric_xb_worsening_patience,sample_select_full_fit,1.932439426000201,2.01056546000018,0.0,0.1613963009995132,3.943004886000381,4.104401186999894,4,0.06346446472436103,0.2139404357538164,0.6791626902548396,0.35968651924537487,0.30410363699090487,0.3898366732502089,0.17325332807563218
3000,0.2,600,65,64,4,5,4,False,ok,selected_multi_metric_xb_worsening_patience,sample_select_project,1.932439426000201,0.0,0.00593083000057959,0.20329219499944884,1.9383702560007805,2.1416624510002293,4,0.06276028704041653,0.2511179307359378,0.6223424845031997,0.3686155543069859,0.3220907112556328,0.3984442113609148,0.18096397415644488
3000,0.2,600,66,62,4,5,5,True,ok,selected_multi_metric_xb_worsening_patience,sample_select_full_fit,2.9309909690000495,7.413292894999358,0.0,0.2620644309999989,10.344283863999408,10.606348294999407,5,0.07553854263157306,0.19058141809515525,1.0,0.4352984118674481,0.3906616897837379,0.47172570175579964,0.24088469622670178
3000,0.2,600,66,62,4,5,5,True,ok,selected_multi_metric_xb_worsening_patience,sample_select_project,2.9309909690000495,0.0,0.010017925999818544,0.254926759999762,2.941008894999868,3.19593565499963,5,0.06334611405210783,0.22820978713193568,0.4987653702357722,0.34540398235211006,0.28787083444289985,0.4190145896587103,0.20458315668018326
3000,0.2,600,66,63,4,5,5,True,ok,selected_multi_metric_xb_worsening_patience,sample_select_full_fit,2.7395646149998356,5.994268304999423,0.0,0.21889006699984748,8.733832919999259,8.952722986999106,5,0.07553854263157306,0.1905814266943024,1.0,0.43529841186744805,0.3906616897837379,0.47172570175579964,0.24088469622670178
3000,0.2,600,66,63,4,5,5,True,ok,selected_multi_metric_xb_worsening_patience,sample_select_project,2.7395646149998356,0.0,0.0028133019995948416,0.222978845000398,2.7423779169994305,2.9653567619998284,5,0.0656654283083567,0.1965259806901482,0.5669219565021207,0.36758716982741346,0.3113211614421649,0.4238279410807715,0.21595639903671293
3000,0.2,600,66,64,4,5,5,True,ok,selected_multi_metric_xb_worsening_patience,sample_select_full_fit,2.435909084000741,8.549764090999815,0.0,0.22197822100042686,10.985673175000557,11.207651396000983,5,0.07553854263157306,0.19058119130750545,1.0,0.43529841186744805,0.3906616897837379,0.47172570175579964,0.24088469622670178
3000,0.2,600,66,64,4,5,5,True,ok,selected_multi_metric_xb_worsening_patience,sample_select_project,2.435909084000741,0.0,0.004276859000128752,0.24809873800040805,2.44018594300087,2.688284681001278,5,0.06334611405210783,0.2282098441983671,0.4987653702357722,0.34540398235211,0.28787083444289985,0.4190145896587103,0.20458315668018326
3000,0.3,900,62,62,6,5,6,False,ok,selected_multi_metric_xb_worsening_patience,sample_select_full_fit,5.74619820099997,8.6893019679992,0.0,0.35941186399941216,14.43550016899917,14.794912032998582,6,0.08511414789341602,0.16552212395486163,0.74307812927859,0.49985975758255263,0.45240602052173867,0.5277204590693586,0.29752656022742036
3000,0.3,900,62,62,6,5,6,False,ok,selected_multi_metric_xb_worsening_patience,sample_select_project,5.74619820099997,0.0,0.02443812399997114,0.3559183809993556,5.770636324999941,6.126554705999297,6,0.08149548618427374,0.16927691425008434,0.6508616665074762,0.494644120771011,0.47139388158613027,0.5079797577115338,0.2815527167584164
3000,0.3,900,62,63,6,5,6,False,ok,selected_multi_metric_xb_worsening_patience,sample_select_full_fit,5.409010882000075,4.052052564000405,0.0,0.30397427600019,9.46106344600048,9.76503772200067,6,0.08511414789341602,0.16552212605766872,0.74307812927859,0.4998597575825526,0.45240602052173867,0.5277204590693586,0.29752656022742036
3000,0.3,900,62,63,6,5,6,False,ok,selected_multi_metric_xb_worsening_patience,sample_select_project,5.409010882000075,0.0,0.009149436999905447,0.28854369500004395,5.4181603189999805,5.7067040140000245,6,0.08149548618427374,0.16927691383157284,0.6508616665074762,0.494644120771011,0.47139388158613027,0.507979757711534,0.2815527167584164
3000,0.3,900,62,64,6,5,6,False,ok,selected_multi_metric_xb_worsening_patience,sample_select_full_fit,4.902094662000309,4.6655318129996886,0.0,0.3920049440002913,9.567626474999997,9.959631419000289,6,0.08511414789341602,0.16552229588317524,0.74307812927859,0.4998597575825525,0.45240602052173867,0.5277204590693586,0.29752656022742036
3000,0.3,900,62,64,6,5,6,False,ok,selected_multi_metric_xb_worsening_patience,sample_select_project,4.902094662000309,0.0,0.011295876000076532,0.3326088449994131,4.913390538000385,5.245999382999798,6,0.08149548618427374,0.1692769109901997,0.6508616665074762,0.49464412077101094,0.47139388158613027,0.5079797577115339,0.2815527167584164
3000,0.3,900,63,62,6,5,5,True,ok,selected_multi_metric_xb_worsening_patience,sample_select_full_fit,2.3298333230004573,12.86760458900062,0.0,0.3197220070005642,15.197437912001078,15.517159919001642,5,0.07553854263157306,0.19058141809515525,1.0,0.4352984118674481,0.3906616897837379,0.47172570175579964,0.24088469622670178
3000,0.3,900,63,62,6,5,5,True,ok,selected_multi_metric_xb_worsening_patience,sample_select_project,2.3298333230004573,0.0,0.007655845000044792,0.31462662200010527,2.337489168000502,2.6521157900006074,5,0.07427281318934732,0.19919974953446162,0.8640141189839038,0.42160691568262887,0.37933664607952444,0.46381673282813796,0.23636632131358395
3000,0.3,900,63,63,6,5,5,True,ok,selected_multi_metric_xb_worsening_patience,sample_select_full_fit,3.0838407889996233,4.423499696999897,0.0,0.23952327799997875,7.507340485999521,7.7468637639994995,5,0.07553854263157306,0.1905814266943024,1.0,0.43529841186744805,0.3906616897837379,0.47172570175579964,0.24088469622670178
3000,0.3,900,63,63,6,5,5,True,ok,selected_multi_metric_xb_worsening_patience,sample_select_project,3.0838407889996233,0.0,0.005444463999992877,0.2463860369998656,3.089285252999616,3.335671289999482,5,0.07427281318934732,0.1991999272929834,0.8640141189839038,0.4216069156826288,0.37933664607952444,0.46381673282813807,0.23636632131358395
3000,0.3,900,63,64,6,5,5,True,ok,selected_multi_metric_xb_worsening_patience,sample_select_full_fit,2.1588852500008215,4.902525729999979,0.0,0.21514935699997295,7.061410980000801,7.276560337000774,5,0.07553854263157306,0.19058119130750545,1.0,0.43529841186744805,0.3906616897837379,0.47172570175579964,0.24088469622670178
3000,0.3,900,63,64,6,5,5,True,ok,selected_multi_metric_xb_worsening_patience,sample_select_project,2.1588852500008215,0.0,0.0052004690005560406,0.2376664109997364,2.1640857190013776,2.401752130001114,5,0.07427281318934732,0.19919985602732534,0.8640141189839038,0.42160691568262887,0.37933664607952444,0.46381673282813796,0.23636632131358395
3000,0.3,900,64,62,6,5,7,False,ok,selected_multi_metric_xb_worsening_patience,sample_select_full_fit,5.372327631000189,3.4508117429995764,0.0,0.2667946319998009,8.823139373999766,9.089934005999567,7,0.08290886238256441,0.18780619031164517,0.6245445905107461,0.46460862788292695,0.4101841256151982,0.5197669466051201,0.30777500787282086
3000,0.3,900,64,62,6,5,7,False,ok,selected_multi_metric_xb_worsening_patience,sample_select_project,5.372327631000189,0.0,0.007563008000033733,0.27941071900022507,5.379890639000223,5.659301358000448,7,0.08185838218614111,0.16741446841838767,0.586481651079316,0.4601723578765343,0.40872135406931087,0.5155160447275617,0.3056096080998597
3000,0.3,900,64,63,6,5,8,False,ok,selected_multi_metric_xb_worsening_patience,sample_select_full_fit,5.064846695000597,10.049312201999783,0.0,0.2623947540005247,15.11415889700038,15.376553651000904,8,0.08655960412408831,0.16464874477153432,0.5619274327132129,0.4468673171992856,0.3796524991332685,0.5351925198352856,0.3266293317497228
3000,0.3,900,64,63,6,5,8,False,ok,selected_multi_metric_xb_worsening_patience,sample_select_project,5.064846695000597,0.0,0.008219033999921521,0.28208817999984603,5.073065729000518,5.355153909000364,8,0.0854043992746208,0.19304010613313538,0.5354273574914806,0.4499532764319007,0.40363164367307386,0.5190771385926093,0.3121642916294293
3000,0.3,900,64,64,6,5,8,False,ok,selected_multi_metric_xb_worsening_patience,sample_select_full_fit,5.502094763000059,5.6675885340000605,0.0,0.2214754870001343,11.16968329700012,11.391158784000254,8,0.08655960412408831,0.16464892096244038,0.5619274327132129,0.4468673171992856,0.3796524991332685,0.5351925198352855,0.3266293317497228
3000,0.3,900,64,64,6,5,8,False,ok,selected_multi_metric_xb_worsening_patience,sample_select_project,5.502094763000059,0.0,0.009150017999672855,0.21395714500067697,5.511244780999732,5.725201926000409,8,0.0854043992746208,0.19304010739096653,0.5354273574914806,0.4499532764319007,0.40363164367307386,0.5190771385926093,0.3121642916294293
3000,0.3,900,65,62,6,5,4,False,ok,selected_multi_metric_xb_worsening_patience,sample_select_full_fit,2.400182031999975,6.370813766000538,0.0,0.30146852699999727,8.770995798000513,9.07246432500051,4,0.06346446472436103,0.21394121119299053,0.6791626902548396,0.3596865192453748,0.30410363699090487,0.3898366732502089,0.17325332807563218
3000,0.3,900,65,62,6,5,4,False,ok,selected_multi_metric_xb_worsening_patience,sample_select_project,2.400182031999975,0.0,0.005985832999613194,0.33218086200031394,2.4061678649995883,2.7383487269999023,4,0.055915822641576164,0.2592086367936905,0.42280775268417053,0.3440662061980894,0.2855141713583893,0.37186600571430467,0.16434328420011504
3000,0.3,900,65,63,6,5,4,False,ok,selected_multi_metric_xb_worsening_patience,sample_select_full_fit,2.093092133999562,2.321143356999528,0.0,0.20162138099931326,4.41423549099909,4.615856871998403,4,0.06346446472436103,0.213940420748416,0.6791626902548396,0.35968651924537476,0.30410363699090487,0.38983667325020893,0.17325332807563218
3000,0.3,900,65,63,6,5,4,False,ok,selected_multi_metric_xb_worsening_patience,sample_select_project,2.093092133999562,0.0,0.007633281999915198,0.29571020799994585,2.1007254159994773,2.396435623999423,4,0.055915822641576164,0.25920863707245934,0.42280775268417053,0.3440662061980894,0.2855141713583893,0.3718660057143048,0.16434328420011504
3000,0.3,900,65,64,6,5,4,False,ok,selected_multi_metric_xb_worsening_patience,sample_select_full_fit,2.7582764500002668,2.106318418000228,0.0,0.17892631599988817,4.864594868000495,5.043521184000383,4,0.06346446472436103,0.2139404357538164,0.6791626902548396,0.35968651924537487,0.30410363699090487,0.3898366732502089,0.17325332807563218
3000,0.3,900,65,64,6,5,4,False,ok,selected_multi_metric_xb_worsening_patience,sample_select_project,2.7582764500002668,0.0,0.003857307000544097,0.1523733119993267,2.762133757000811,2.9145070690001376,4,0.055915822641576164,0.25920863710947223,0.42280775268417053,0.34406620619808936,0.2855141713583893,0.3718660057143047,0.16434328420011504
3000,0.3,900,66,62,6,5,5,True,ok,selected_multi_metric_xb_worsening_patience,sample_select_full_fit,3.195853401999557,4.258327626000209,0.0,0.171493136999743,7.454181027999766,7.625674164999509,5,0.07553854263157306,0.19058141809515525,1.0,0.4352984118674481,0.3906616897837379,0.47172570175579964,0.24088469622670178
3000,0.3,900,66,62,6,5,5,True,ok,selected_multi_metric_xb_worsening_patience,sample_select_project,3.195853401999557,0.0,0.005032727000070736,0.2068957079991378,3.2008861289996275,3.4077818369987654,5,0.06687573902284606,0.1928043607420572,0.5763540298875479,0.3792473378505739,0.3241875436412904,0.42736589603467073,0.21572914287647263
3000,0.3,900,66,63,6,5,5,True,ok,selected_multi_metric_xb_worsening_patience,sample_select_full_fit,3.5409560950001833,3.8824409560002096,0.0,0.21557572800065827,7.423397051000393,7.638972779001051,5,0.07553854263157306,0.1905814266943024,1.0,0.43529841186744805,0.3906616897837379,0.47172570175579964,0.24088469622670178
3000,0.3,900,66,63,6,5,5,True,ok,selected_multi_metric_xb_worsening_patience,sample_select_project,3.5409560950001833,0.0,0.0038382509992516134,0.16835921700021572,3.544794345999435,3.7131535629996506,5,0.06458970223080297,0.2379693576596802,0.497787573078095,0.3565269875799881,0.30358120910210945,0.41969579154818853,0.20597294986224138
3000,0.3,900,66,64,6,5,5,True,ok,selected_multi_metric_xb_worsening_patience,sample_select_full_fit,2.8498604289998184,6.0950108990000444,0.0,0.20714202699946327,8.944871327999863,9.152013354999326,5,0.07553854263157306,0.19058119130750545,1.0,0.43529841186744805,0.3906616897837379,0.47172570175579964,0.24088469622670178
3000,0.3,900,66,64,6,5,5,True,ok,selected_multi_metric_xb_worsening_patience,sample_select_project,2.8498604289998184,0.0,0.005229354000221065,0.2115312650003034,2.8550897830000395,3.066621048000343,5,0.06687573902284606,0.1928043677978984,0.5763540298875479,0.37924733785057385,0.3241875436412904,0.42736589603467073,0.21572914287647263
3000,0.4,1200,62,62,8,5,6,False,ok,selected_multi_metric_xb_worsening_patience,sample_select_full_fit,3.586754136000309,4.298845590000383,0.0,0.28530901100020856,7.885599726000692,8.1709087370009,6,0.08511414789341602,0.16552212395486163,0.74307812927859,0.49985975758255263,0.45240602052173867,0.5277204590693586,0.29752656022742036
3000,0.4,1200,62,62,8,5,6,False,ok,selected_multi_metric_xb_worsening_patience,sample_select_project,3.586754136000309,0.0,0.006138447000012093,0.24792702899958385,3.592892583000321,3.8408196119999047,6,0.0855038922026882,0.18625182604916246,0.6264519821586859,0.5027826004928151,0.45244409742696146,0.5389387601375337,0.3025357507576363
3000,0.4,1200,62,63,8,5,6,False,ok,selected_multi_metric_xb_worsening_patience,sample_select_full_fit,3.6368164229998,3.149070054999356,0.0,0.16736498499994923,6.785886477999156,6.953251462999106,6,0.08511414789341602,0.16552212605766872,0.74307812927859,0.4998597575825526,0.45240602052173867,0.5277204590693586,0.29752656022742036
3000,0.4,1200,62,63,8,5,6,False,ok,selected_multi_metric_xb_worsening_patience,sample_select_project,3.6368164229998,0.0,0.0028558809999594814,0.17711271700045472,3.6396723039997596,3.8167850210002143,6,0.08533782495923595,0.17979051874282387,0.6672401722245626,0.49554440664334276,0.4440278318529285,0.52859657245069,0.29695691371926125
3000,0.4,1200,62,64,8,5,5,True,ok,selected_multi_metric_xb_worsening_patience,sample_select_full_fit,4.496829280000384,5.117029031000129,0.0,0.2789020840000376,9.613858311000513,9.89276039500055,5,0.07553854263157306,0.19058119130750545,1.0,0.43529841186744805,0.3906616897837379,0.47172570175579964,0.24088469622670178
3000,0.4,1200,62,64,8,5,5,True,ok,selected_multi_metric_xb_worsening_patience,sample_select_project,4.496829280000384,0.0,0.009122196000134863,0.3350906619998568,4.505951476000519,4.841042138000375,5,0.07522770879322664,0.20694210098951843,0.8406540233925781,0.4259151545571458,0.37863370063940793,0.46951741000732533,0.23954542098899143
3000,0.4,1200,63,62,8,5,5,True,ok,selected_multi_metric_xb_worsening_patience,sample_select_full_fit,3.092755992999628,8.307827695000015,0.0,0.2672783629996047,11.400583687999642,11.667862050999247,5,0.07553854263157306,0.19058141809515525,1.0,0.4352984118674481,0.3906616897837379,0.47172570175579964,0.24088469622670178
3000,0.4,1200,63,62,8,5,5,True,ok,selected_multi_metric_xb_worsening_patience,sample_select_project,3.092755992999628,0.0,0.004013278000456921,0.2732956749996447,3.0967692710000847,3.3700649459997294,5,0.07434374359824217,0.18425791157309185,0.8710536864030977,0.42716379233501967,0.38665651366839165,0.4675997652893656,0.23974022357186045
3000,0.4,1200,63,63,8,5,5,True,ok,selected_multi_metric_xb_worsening_patience,sample_select_full_fit,2.9183867450001344,6.320958695000627,0.0,0.3371327869999732,9.239345440000761,9.576478227000734,5,0.07553854263157306,0.1905814266943024,1.0,0.43529841186744805,0.3906616897837379,0.47172570175579964,0.24088469622670178
3000,0.4,1200,63,63,8,5,5,True,ok,selected_multi_metric_xb_worsening_patience,sample_select_project,2.9183867450001344,0.0,0.01200728200001322,0.22952765399986674,2.9303940270001476,3.1599216810000144,5,0.07434374359824217,0.1842579108445756,0.8710536864030977,0.42716379233501967,0.38665651366839165,0.4675997652893657,0.23974022357186045
3000,0.4,1200,63,64,8,5,5,True,ok,selected_multi_metric_xb_worsening_patience,sample_select_full_fit,3.147957922000387,3.7204791169997407,0.0,0.20357841799977905,6.868437039000128,7.072015456999907,5,0.07553854263157306,0.19058119130750545,1.0,0.43529841186744805,0.3906616897837379,0.47172570175579964,0.24088469622670178
3000,0.4,1200,63,64,8,5,5,True,ok,selected_multi_metric_xb_worsening_patience,sample_select_project,3.147957922000387,0.0,0.004501828000684327,0.19858087600005092,3.1524597500010714,3.3510406260011223,5,0.07434374359824217,0.1842579107462092,0.8710536864030977,0.42716379233501955,0.38665651366839165,0.4675997652893656,0.23974022357186045
3000,0.4,1200,64,62,8,5,8,False,ok,selected_multi_metric_xb_worsening_patience,sample_select_full_fit,6.670800167999914,3.73129933600012,0.0,0.2829761350003537,10.402099504000034,10.685075639000388,8,0.09067521160304881,0.13889100682940883,0.5520398227161964,0.4395380095281805,0.3753856068570739,0.541374858520785,0.3293896862127044
3000,0.4,1200,64,62,8,5,8,False,ok,selected_multi_metric_xb_worsening_patience,sample_select_project,6.670800167999914,0.0,0.0027070930000263616,0.20217978100026812,6.673507260999941,6.875687042000209,8,0.08920204400015509,0.15285615628434465,0.5358599989779621,0.45961886534558344,0.3835471986390817,0.5405065754844002,0.33645639704842456
3000,0.4,1200,64,63,8,5,8,False,ok,selected_multi_metric_xb_worsening_patience,sample_select_full_fit,9.955302375999963,5.439966075000484,0.0,0.2122761430000537,15.395268451000447,15.607544594000501,8,0.08655960412408831,0.16464874477153432,0.5619274327132129,0.4468673171992856,0.3796524991332685,0.5351925198352856,0.3266293317497228
3000,0.4,1200,64,63,8,5,8,False,ok,selected_multi_metric_xb_worsening_patience,sample_select_project,9.955302375999963,0.0,0.005320232000485703,0.2608476919995155,9.960622608000449,10.221470299999964,8,0.08920204400015509,0.15285615785086976,0.5358599989779621,0.4596188653455835,0.3835471986390817,0.5405065754844003,0.33645639704842456
3000,0.4,1200,64,64,8,5,7,False,ok,selected_multi_metric_xb_worsening_patience,sample_select_full_fit,9.235732108000775,4.82916946000023,0.0,0.2353668360001393,14.064901568001005,14.300268404001145,7,0.08609639035253466,0.1565384801427454,0.6523745207214189,0.4633275682989775,0.41356016753642894,0.5331811828459005,0.31008944275157707
3000,0.4,1200,64,64,8,5,7,False,ok,selected_multi_metric_xb_worsening_patience,sample_select_project,9.235732108000775,0.0,0.009541448000163655,0.2313709000000017,9.245273556000939,9.47664445600094,7,0.08240595632335801,0.17356727159852908,0.6216122583627371,0.4592784446579756,0.4072406445511414,0.515901255384712,0.30447177592788055
3000,0.4,1200,65,62,8,5,2,False,ok,selected_multi_metric_xb_worsening_patience,sample_select_full_fit,3.596117423000578,1.6153276519999054,0.0,0.24178562599990983,5.2114450750004835,5.453230701000393,2,0.053378170681150874,0.23629203711616337,0.29036904741527525,0.1780490011572928,0.11838455301363619,0.22067596073559292,0.06735959520806775
3000,0.4,1200,65,62,8,5,2,False,ok,selected_multi_metric_xb_worsening_patience,sample_select_project,3.596117423000578,0.0,0.0029943289991933852,0.20503939000082028,3.5991117519997715,3.804151142000592,2,0.052968287175954705,0.24489109476219115,0.2773987516236664,0.18421365906254927,0.12111071061645115,0.21249618320497599,0.06491492042654792
3000,0.4,1200,65,63,8,5,4,False,ok,selected_multi_metric_xb_worsening_patience,sample_select_full_fit,3.524976804999824,3.1979935210001713,0.0,0.15946600799998123,6.722970325999995,6.882436333999976,4,0.06346446472436103,0.213940420748416,0.6791626902548396,0.35968651924537476,0.30410363699090487,0.38983667325020893,0.17325332807563218
3000,0.4,1200,65,63,8,5,4,False,ok,selected_multi_metric_xb_worsening_patience,sample_select_project,3.524976804999824,0.0,0.006054020000192395,0.2522012019999238,3.531030825000016,3.78323202699994,4,0.0549315641737154,0.26097942571787314,0.4325670843976155,0.34393248822882155,0.2884265355288054,0.3700340269822409,0.16385923670180538
3000,0.4,1200,65,64,8,5,4,False,ok,selected_multi_metric_xb_worsening_patience,sample_select_full_fit,3.946239642999899,4.788536773000487,0.0,0.1828765160007606,8.734776416000386,8.917652932001147,4,0.06346446472436103,0.2139404357538164,0.6791626902548396,0.35968651924537487,0.30410363699090487,0.3898366732502089,0.17325332807563218
3000,0.4,1200,65,64,8,5,4,False,ok,selected_multi_metric_xb_worsening_patience,sample_select_project,3.946239642999899,0.0,0.006546849000187649,0.2146673090001059,3.9527864920000866,4.1674538010001925,4,0.0549315641737154,0.2609793100479825,0.4325670843976155,0.34393248822882155,0.2884265355288054,0.3700340269822409,0.16385923670180538
3000,0.4,1200,66,62,8,5,5,True,ok,selected_multi_metric_xb_worsening_patience,sample_select_full_fit,4.343112468000072,7.738235641999381,0.0,0.2291294039996501,12.081348109999453,12.310477513999103,5,0.07553854263157306,0.19058141809515525,1.0,0.4352984118674481,0.3906616897837379,0.47172570175579964,0.24088469622670178
3000,0.4,1200,66,62,8,5,5,True,ok,selected_multi_metric_xb_worsening_patience,sample_select_project,4.343112468000072,0.0,0.01387985099972866,0.2221018410000397,4.356992318999801,4.5790941599998405,5,0.0765733107578407,0.20307628526094487,0.8361837336479431,0.4399645732956777,0.39277874607810315,0.4765233271380369,0.24165589025960757
3000,0.4,1200,66,63,8,5,5,True,ok,selected_multi_metric_xb_worsening_patience,sample_select_full_fit,3.9758598620001067,6.972009535000325,0.0,0.15550575899942487,10.947869397000431,11.103375155999856,5,0.07553854263157306,0.1905814266943024,1.0,0.43529841186744805,0.3906616897837379,0.47172570175579964,0.24088469622670178
3000,0.4,1200,66,63,8,5,5,True,ok,selected_multi_metric_xb_worsening_patience,sample_select_project,3.9758598620001067,0.0,0.002758179000011296,0.152180512999621,3.978618041000118,4.130798553999739,5,0.0765733107578407,0.2030757013508721,0.8361837336479431,0.4399645732956776,0.39277874607810315,0.47652332713803697,0.24165589025960757
3000,0.4,1200,66,64,8,5,5,True,ok,selected_multi_metric_xb_worsening_patience,sample_select_full_fit,3.7815864379999766,4.472051368999928,0.0,0.2329242220002925,8.253637806999905,8.486562029000197,5,0.07553854263157306,0.19058119130750545,1.0,0.43529841186744805,0.3906616897837379,0.47172570175579964,0.24088469622670178
3000,0.4,1200,66,64,8,5,5,True,ok,selected_multi_metric_xb_worsening_patience,sample_select_project,3.7815864379999766,0.0,0.008823027999824262,0.25249795699983224,3.790409465999801,4.042907422999633,5,0.0765733107578407,0.20307569884550963,0.8361837336479431,0.43996457329567773,0.39277874607810315,0.4765233271380369,0.24165589025960757
3000,0.5,1500,62,62,10,5,8,False,ok,selected_multi_metric_max_k,sample_select_full_fit,9.766095080999548,7.338804514999538,0.0,0.19544630700056587,17.104899595999086,17.300345902999652,8,0.09067521160304881,0.13889100682940883,0.5520398227161964,0.4395380095281805,0.3753856068570739,0.541374858520785,0.3293896862127044
3000,0.5,1500,62,62,10,5,8,False,ok,selected_multi_metric_max_k,sample_select_project,9.766095080999548,0.0,0.008040611000069475,0.37220052700013184,9.774135691999618,10.14633621899975,8,0.08587567710138216,0.1449910789333545,0.5448496753166667,0.44864600800294074,0.38429047444615105,0.5269900404510259,0.3184438306196207
3000,0.5,1500,62,63,10,5,6,False,ok,selected_multi_metric_xb_worsening_patience,sample_select_full_fit,24.80345000699981,8.726690350000354,0.0,0.28239081100036856,33.530140357000164,33.81253116800053,6,0.08511414789341602,0.16552212605766872,0.74307812927859,0.4998597575825526,0.45240602052173867,0.5277204590693586,0.29752656022742036
3000,0.5,1500,62,63,10,5,6,False,ok,selected_multi_metric_xb_worsening_patience,sample_select_project,24.80345000699981,0.0,0.006987478999690211,0.26449797299937927,24.8104374859995,25.07493545899888,6,0.08458516538531939,0.17536282894426924,0.7122893974431139,0.49257010617512587,0.447161159263017,0.5285073989436756,0.2954250552044957
3000,0.5,1500,62,64,10,5,8,False,ok,selected_multi_metric_max_k,sample_select_full_fit,14.144846635000249,3.227725886999906,0.0,0.1853218319993175,17.372572522000155,17.557894353999473,8,0.08655960412408831,0.16464892096244038,0.5619274327132129,0.4468673171992856,0.3796524991332685,0.5351925198352855,0.3266293317497228
3000,0.5,1500,62,64,10,5,8,False,ok,selected_multi_metric_max_k,sample_select_project,14.144846635000249,0.0,0.004631600000720937,0.20114064600056736,14.14947823500097,14.350618881001537,8,0.08587567710138216,0.14499100869330941,0.5448496753166667,0.44864600800294063,0.38429047444615105,0.5269900404510259,0.3184438306196207
3000,0.5,1500,63,62,10,5,5,True,ok,selected_multi_metric_xb_worsening_patience,sample_select_full_fit,3.559453982999912,3.729790153000067,0.0,0.2087521370003742,7.289244135999979,7.4979962730003535,5,0.07553854263157306,0.19058141809515525,1.0,0.4352984118674481,0.3906616897837379,0.47172570175579964,0.24088469622670178
3000,0.5,1500,63,62,10,5,5,True,ok,selected_multi_metric_xb_worsening_patience,sample_select_project,3.559453982999912,0.0,0.0028456820000428706,0.18662307599970518,3.562299664999955,3.74892274099966,5,0.07440704610613165,0.18555426006004844,0.8848372070008044,0.4239326194739251,0.38163569160128186,0.4655014964105816,0.23748003827499217
3000,0.5,1500,63,63,10,5,5,True,ok,selected_multi_metric_xb_worsening_patience,sample_select_full_fit,4.155155964000187,2.9356845570000587,0.0,0.21773633700013306,7.090840521000246,7.308576858000379,5,0.07553854263157306,0.1905814266943024,1.0,0.43529841186744805,0.3906616897837379,0.47172570175579964,0.24088469622670178
3000,0.5,1500,63,63,10,5,5,True,ok,selected_multi_metric_xb_worsening_patience,sample_select_project,4.155155964000187,0.0,0.004915589000120235,0.24669818600068538,4.160071553000307,4.406769739000993,5,0.07440704610613165,0.18555425288817914,0.8848372070008044,0.42393261947392497,0.38163569160128186,0.4655014964105816,0.23748003827499217
3000,0.5,1500,63,64,10,5,5,True,ok,selected_multi_metric_xb_worsening_patience,sample_select_full_fit,3.256570761000148,6.018646346999958,0.0,0.21302388599997357,9.275217108000106,9.48824099400008,5,0.07553854263157306,0.19058119130750545,1.0,0.43529841186744805,0.3906616897837379,0.47172570175579964,0.24088469622670178
3000,0.5,1500,63,64,10,5,5,True,ok,selected_multi_metric_xb_worsening_patience,sample_select_project,3.256570761000148,0.0,0.004811934999452205,0.211126461999811,3.2613826959996004,3.4725091579994114,5,0.07440704610613165,0.18555380185144527,0.8848372070008044,0.4239326194739251,0.38163569160128186,0.4655014964105816,0.23748003827499217
3000,0.5,1500,64,62,10,5,8,False,ok,selected_multi_metric_xb_worsening_patience,sample_select_full_fit,8.254004270999758,3.189868370000113,0.0,0.2609823200000392,11.44387264099987,11.70485496099991,8,0.09067521160304881,0.13889100682940883,0.5520398227161964,0.4395380095281805,0.3753856068570739,0.541374858520785,0.3293896862127044
3000,0.5,1500,64,62,10,5,8,False,ok,selected_multi_metric_xb_worsening_patience,sample_select_project,8.254004270999758,0.0,0.011480791000394674,0.320857361999515,8.265485062000153,8.586342423999668,8,0.0896314324270794,0.1599120043892492,0.5332315470433415,0.46129117534379444,0.38447703254694116,0.5441310268033546,0.33923246841935617
3000,0.5,1500,64,63,10,5,8,False,ok,selected_multi_metric_xb_worsening_patience,sample_select_full_fit,10.827809250000428,8.693609991999438,0.0,0.23759905499991874,19.521419241999865,19.759018296999784,8,0.08655960412408831,0.16464874477153432,0.5619274327132129,0.4468673171992856,0.3796524991332685,0.5351925198352856,0.3266293317497228
3000,0.5,1500,64,63,10,5,8,False,ok,selected_multi_metric_xb_worsening_patience,sample_select_project,10.827809250000428,0.0,0.01013361100012844,0.22307539399935195,10.837942861000556,11.061018254999908,8,0.0896314324270794,0.15991200114069484,0.5332315470433415,0.4612911753437945,0.38447703254694116,0.5441310268033546,0.33923246841935617
3000,0.5,1500,64,64,10,5,8,False,ok,selected_multi_metric_xb_worsening_patience,sample_select_full_fit,10.455050224999468,5.224208779999572,0.0,0.22132258900001034,15.67925900499904,15.90058159399905,8,0.08655960412408831,0.16464892096244038,0.5619274327132129,0.4468673171992856,0.3796524991332685,0.5351925198352855,0.3266293317497228
3000,0.5,1500,64,64,10,5,8,False,ok,selected_multi_metric_xb_worsening_patience,sample_select_project,10.455050224999468,0.0,0.003057636999983515,0.18110908299968287,10.458107861999451,10.639216944999134,8,0.0896314324270794,0.15991215753355822,0.5332315470433415,0.46129117534379444,0.38447703254694116,0.5441310268033546,0.33923246841935617
3000,0.5,1500,65,62,10,5,4,False,ok,selected_multi_metric_xb_worsening_patience,sample_select_full_fit,3.0589724729998125,3.6446743279993825,0.0,0.2734280320000835,6.703646800999195,6.977074832999278,4,0.06346446472436103,0.21394121119299053,0.6791626902548396,0.3596865192453748,0.30410363699090487,0.3898366732502089,0.17325332807563218
3000,0.5,1500,65,62,10,5,4,False,ok,selected_multi_metric_xb_worsening_patience,sample_select_project,3.0589724729998125,0.0,0.006634170999859634,0.2609782350000387,3.065606643999672,3.326584878999711,4,0.06304808412440646,0.23840503165780844,0.6139684210953528,0.36756025308481743,0.3188913443289631,0.39506074060657176,0.1773701432163891
3000,0.5,1500,65,63,10,5,4,False,ok,selected_multi_metric_xb_worsening_patience,sample_select_full_fit,3.2928695849996075,2.040420823999739,0.0,0.23332291099995928,5.333290408999346,5.5666133199993055,4,0.06346446472436103,0.213940420748416,0.6791626902548396,0.35968651924537476,0.30410363699090487,0.38983667325020893,0.17325332807563218
3000,0.5,1500,65,63,10,5,4,False,ok,selected_multi_metric_xb_worsening_patience,sample_select_project,3.2928695849996075,0.0,0.002655807999872195,0.19867242700001952,3.2955253929994797,3.494197819999499,4,0.06304808412440646,0.2384052745938535,0.6139684210953528,0.36756025308481743,0.3188913443289631,0.39506074060657176,0.1773701432163891
3000,0.5,1500,65,64,10,5,4,False,ok,selected_multi_metric_xb_worsening_patience,sample_select_full_fit,3.978945238000051,3.2887545869998576,0.0,0.18012634200022148,7.267699824999909,7.44782616700013,4,0.06346446472436103,0.2139404357538164,0.6791626902548396,0.35968651924537487,0.30410363699090487,0.3898366732502089,0.17325332807563218
3000,0.5,1500,65,64,10,5,4,False,ok,selected_multi_metric_xb_worsening_patience,sample_select_project,3.978945238000051,0.0,0.006678763999843795,0.20207176999974763,3.985624001999895,4.187695771999643,4,0.06304808412440646,0.23840478957966052,0.6139684210953528,0.36756025308481743,0.3188913443289631,0.3950607406065717,0.1773701432163891
3000,0.5,1500,66,62,10,5,6,False,ok,selected_multi_metric_xb_worsening_patience,sample_select_full_fit,8.867096054000285,5.286068925999643,0.0,0.2716293710000173,14.153164979999929,14.424794350999946,6,0.08511414789341602,0.16552212395486163,0.74307812927859,0.49985975758255263,0.45240602052173867,0.5277204590693586,0.29752656022742036
3000,0.5,1500,66,62,10,5,6,False,ok,selected_multi_metric_xb_worsening_patience,sample_select_project,8.867096054000285,0.0,0.007240541000101075,0.2507728810005574,8.874336595000386,9.125109476000944,6,0.08597375498453787,0.18927363468702313,0.696735704646077,0.5029616390066579,0.4560671531677722,0.5332006647366005,0.3004732541822425
3000,0.5,1500,66,63,10,5,6,False,ok,selected_multi_metric_xb_worsening_patience,sample_select_full_fit,7.0382115950005755,4.294642324999586,0.0,0.27567084100064676,11.332853920000161,11.608524761000808,6,0.08511414789341602,0.16552212605766872,0.74307812927859,0.4998597575825526,0.45240602052173867,0.5277204590693586,0.29752656022742036
3000,0.5,1500,66,63,10,5,6,False,ok,selected_multi_metric_xb_worsening_patience,sample_select_project,7.0382115950005755,0.0,0.004943730999912077,0.22896408599990536,7.0431553260004875,7.272119412000393,6,0.08535129011358183,0.18075828815046563,0.6710335555702843,0.5098013386350715,0.4708869598993324,0.5260390386886593,0.29472253198673415
3000,0.5,1500,66,64,10,5,6,False,ok,selected_multi_metric_xb_worsening_patience,sample_select_full_fit,9.225364201000048,5.626073096000255,0.0,0.2867223510002077,14.851437297000302,15.13815964800051,6,0.08511414789341602,0.16552229588317524,0.74307812927859,0.4998597575825525,0.45240602052173867,0.5277204590693586,0.29752656022742036
3000,0.5,1500,66,64,10,5,6,False,ok,selected_multi_metric_xb_worsening_patience,sample_select_project,9.225364201000048,0.0,0.0076912009999432485,0.2598787569995693,9.23305540199999,9.49293415899956,6,0.08597375498453787,0.18927389633533578,0.696735704646077,0.5029616390066579,0.4560671531677722,0.5332006647366005,0.3004732541822425
3000,0.7,2100,62,62,14,5,6,False,ok,selected_multi_metric_xb_worsening_patience,sample_select_full_fit,17.03641695999977,6.695056468000075,0.0,0.2781889019997834,23.731473427999845,24.009662329999628,6,0.08511414789341602,0.16552212395486163,0.74307812927859,0.49985975758255263,0.45240602052173867,0.5277204590693586,0.29752656022742036
3000,0.7,2100,62,62,14,5,6,False,ok,selected_multi_metric_xb_worsening_patience,sample_select_project,17.03641695999977,0.0,0.0036414650003280258,0.17112429899952986,17.040058425000097,17.211182723999627,6,0.08553517697029388,0.1713684659821928,0.6840391280246475,0.49804691118093486,0.44651879487568563,0.5279840899186199,0.29725449226982215
3000,0.7,2100,62,63,14,5,6,False,ok,selected_multi_metric_xb_worsening_patience,sample_select_full_fit,25.025802645000113,5.5991591459996926,0.0,0.22357544399983453,30.624961790999805,30.84853723499964,6,0.08511414789341602,0.16552212605766872,0.74307812927859,0.4998597575825526,0.45240602052173867,0.5277204590693586,0.29752656022742036
3000,0.7,2100,62,63,14,5,6,False,ok,selected_multi_metric_xb_worsening_patience,sample_select_project,25.025802645000113,0.0,0.004538356000011845,0.1539305639998929,25.030341001000124,25.184271565000017,6,0.08553517697029388,0.17136821731291163,0.6840391280246475,0.49804691118093486,0.44651879487568563,0.5279840899186199,0.29725449226982215
3000,0.7,2100,62,64,14,5,6,False,ok,selected_multi_metric_xb_worsening_patience,sample_select_full_fit,28.69601982199947,5.292291179000131,0.0,0.20918869100023585,33.9883110009996,34.19749969199984,6,0.08511414789341602,0.16552229588317524,0.74307812927859,0.4998597575825525,0.45240602052173867,0.5277204590693586,0.29752656022742036
3000,0.7,2100,62,64,14,5,6,False,ok,selected_multi_metric_xb_worsening_patience,sample_select_project,28.69601982199947,0.0,0.005377669000154128,0.2816503419999208,28.701397490999625,28.983047832999546,6,0.08553517697029388,0.17136846326559596,0.6840391280246475,0.49804691118093486,0.44651879487568563,0.5279840899186199,0.29725449226982215
3000,0.7,2100,63,62,14,5,5,True,ok,selected_multi_metric_xb_worsening_patience,sample_select_full_fit,10.436604448999788,3.2639203750004526,0.0,0.2031588459994964,13.70052482400024,13.903683669999737,5,0.07553854263157306,0.19058141809515525,1.0,0.4352984118674481,0.3906616897837379,0.47172570175579964,0.24088469622670178
3000,0.7,2100,63,62,14,5,5,True,ok,selected_multi_metric_xb_worsening_patience,sample_select_project,10.436604448999788,0.0,0.004536041999926965,0.18283743299980415,10.441140490999715,10.623977923999519,5,0.07504890756523278,0.18245513322252496,0.9556539682467816,0.43471491360843967,0.39278652591348395,0.47144559415862225,0.24120675998759178
3000,0.7,2100,63,63,14,5,5,True,ok,selected_multi_metric_xb_worsening_patience,sample_select_full_fit,8.672631157000069,12.54997669400018,0.0,0.3228826160002427,21.222607851000248,21.54549046700049,5,0.07553854263157306,0.1905814266943024,1.0,0.43529841186744805,0.3906616897837379,0.47172570175579964,0.24088469622670178
3000,0.7,2100,63,63,14,5,5,True,ok,selected_multi_metric_xb_worsening_patience,sample_select_project,8.672631157000069,0.0,0.004609908999555046,0.26701872200010257,8.677241065999624,8.944259787999727,5,0.07504890756523278,0.1824549901643055,0.9556539682467816,0.4347149136084397,0.39278652591348395,0.4714455941586223,0.24120675998759178
3000,0.7,2100,63,64,14,5,5,True,ok,selected_multi_metric_xb_worsening_patience,sample_select_full_fit,7.934877931000301,6.118890773999738,0.0,0.25648455299960915,14.053768705000039,14.310253257999648,5,0.07553854263157306,0.19058119130750545,1.0,0.43529841186744805,0.3906616897837379,0.47172570175579964,0.24088469622670178
3000,0.7,2100,63,64,14,5,5,True,ok,selected_multi_metric_xb_worsening_patience,sample_select_project,7.934877931000301,0.0,0.005656088000250747,0.19909101699977327,7.940534019000552,8.139625036000325,5,0.07504890756523278,0.18245499003792456,0.9556539682467816,0.4347149136084397,0.39278652591348395,0.4714455941586223,0.24120675998759178
3000,0.7,2100,64,62,14,5,5,True,ok,selected_multi_metric_xb_worsening_patience,sample_select_full_fit,8.162449374999596,4.159253038000315,0.0,0.21083212299981824,12.321702412999912,12.53253453599973,5,0.07553854263157306,0.19058141809515525,1.0,0.4352984118674481,0.3906616897837379,0.47172570175579964,0.24088469622670178
3000,0.7,2100,64,62,14,5,5,True,ok,selected_multi_metric_xb_worsening_patience,sample_select_project,8.162449374999596,0.0,0.010943990999294329,0.2099572929992064,8.17339336599889,8.383350658998097,5,0.07302764433720144,0.1857529942333945,0.9176065687142593,0.41715150510661714,0.3776655638581595,0.4579929056008434,0.23279953338177659
3000,0.7,2100,64,63,14,5,5,True,ok,selected_multi_metric_xb_worsening_patience,sample_select_full_fit,8.22759485700044,5.999019868999312,0.0,0.24916509500053508,14.226614725999752,14.475779821000287,5,0.07553854263157306,0.1905814266943024,1.0,0.43529841186744805,0.3906616897837379,0.47172570175579964,0.24088469622670178
3000,0.7,2100,64,63,14,5,5,True,ok,selected_multi_metric_xb_worsening_patience,sample_select_project,8.22759485700044,0.0,0.004320169000493479,0.2069263459998183,8.231915026000934,8.438841372000752,5,0.07302764433720144,0.18575288908119172,0.9176065687142593,0.41715150510661714,0.3776655638581595,0.4579929056008434,0.23279953338177659
3000,0.7,2100,64,64,14,5,5,True,ok,selected_multi_metric_xb_worsening_patience,sample_select_full_fit,7.914620380000088,7.94049761199949,0.0,0.24713929100016685,15.855117991999577,16.102257282999744,5,0.07553854263157306,0.19058119130750545,1.0,0.43529841186744805,0.3906616897837379,0.47172570175579964,0.24088469622670178
3000,0.7,2100,64,64,14,5,5,True,ok,selected_multi_metric_xb_worsening_patience,sample_select_project,7.914620380000088,0.0,0.0069057070004419074,0.24341498100056924,7.9215260870005295,8.164941068001099,5,0.07302764433720144,0.1857530268090229,0.9176065687142593,0.4171515051066171,0.3776655638581595,0.4579929056008434,0.23279953338177659
3000,0.7,2100,65,62,14,5,5,True,ok,selected_multi_metric_xb_worsening_patience,sample_select_full_fit,17.31176848799987,10.553815774999748,0.0,0.36558664400035923,27.86558426299962,28.231170906999978,5,0.07553854263157306,0.19058141809515525,1.0,0.4352984118674481,0.3906616897837379,0.47172570175579964,0.24088469622670178
3000,0.7,2100,65,62,14,5,5,True,ok,selected_multi_metric_xb_worsening_patience,sample_select_project,17.31176848799987,0.0,0.0065542320007807575,0.4036990220001826,17.31832272000065,17.722021742000834,5,0.07608784609444137,0.19340825340318457,0.9239923647517305,0.4409330013417786,0.39460560437767,0.4768403408484738,0.2432406087552377
3000,0.7,2100,65,63,14,5,5,True,ok,selected_multi_metric_xb_worsening_patience,sample_select_full_fit,11.997115582000333,6.947640172999854,0.0,0.26220670099974086,18.944755755000187,19.20696245599993,5,0.07553854263157306,0.1905814266943024,1.0,0.43529841186744805,0.3906616897837379,0.47172570175579964,0.24088469622670178
3000,0.7,2100,65,63,14,5,5,True,ok,selected_multi_metric_xb_worsening_patience,sample_select_project,11.997115582000333,0.0,0.006803516999752901,0.27175419600007444,12.003919099000086,12.27567329500016,5,0.07608784609444137,0.1934360910253219,0.9239923647517305,0.44093300134177854,0.39460560437767,0.47684034084847376,0.2432406087552377
3000,0.7,2100,65,64,14,5,5,True,ok,selected_multi_metric_xb_worsening_patience,sample_select_full_fit,14.19807062200016,10.427048260999982,0.0,0.31491546899997047,24.62511888300014,24.94003435200011,5,0.07553854263157306,0.19058119130750545,1.0,0.43529841186744805,0.3906616897837379,0.47172570175579964,0.24088469622670178
3000,0.7,2100,65,64,14,5,5,True,ok,selected_multi_metric_xb_worsening_patience,sample_select_project,14.19807062200016,0.0,0.01027267999961623,0.27829657300026156,14.208343301999776,14.486639875000037,5,0.07608784609444137,0.1934041083511736,0.9239923647517305,0.4409330013417786,0.39460560437767,0.4768403408484738,0.2432406087552377
3000,0.7,2100,66,62,14,5,5,True,ok,selected_multi_metric_xb_worsening_patience,sample_select_full_fit,15.017406167000445,8.210823775999415,0.0,0.3489581599997109,23.22822994299986,23.57718810299957,5,0.07553854263157306,0.19058141809515525,1.0,0.4352984118674481,0.3906616897837379,0.47172570175579964,0.24088469622670178
3000,0.7,2100,66,62,14,5,5,True,ok,selected_multi_metric_xb_worsening_patience,sample_select_project,15.017406167000445,0.0,0.007123001000763907,0.3055413680003767,15.024529168001209,15.330070536001585,5,0.07584673240566425,0.19647719363835894,0.9312880262884231,0.43587033091914207,0.39112376895371315,0.47140152412966346,0.24058467106600248
3000,0.7,2100,66,63,14,5,5,True,ok,selected_multi_metric_xb_worsening_patience,sample_select_full_fit,17.260458428000675,7.168331902999853,0.0,0.36508111000057397,24.428790331000528,24.7938714410011,5,0.07553854263157306,0.1905814266943024,1.0,0.43529841186744805,0.3906616897837379,0.47172570175579964,0.24088469622670178
3000,0.7,2100,66,63,14,5,5,True,ok,selected_multi_metric_xb_worsening_patience,sample_select_project,17.260458428000675,0.0,0.003668043999823567,0.3613397589997476,17.2641264720005,17.625466231000246,5,0.07584673240566425,0.19647718882976992,0.9312880262884231,0.4358703309191421,0.39112376895371315,0.4714015241296635,0.24058467106600248
3000,0.7,2100,66,64,14,5,5,True,ok,selected_multi_metric_xb_worsening_patience,sample_select_full_fit,11.19989916600025,7.0250074530003985,0.0,0.33540984699993714,18.22490661900065,18.560316466000586,5,0.07553854263157306,0.19058119130750545,1.0,0.43529841186744805,0.3906616897837379,0.47172570175579964,0.24088469622670178
3000,0.7,2100,66,64,14,5,5,True,ok,selected_multi_metric_xb_worsening_patience,sample_select_project,11.19989916600025,0.0,0.004960031999871717,0.38908599600017624,11.204859198000122,11.593945194000298,5,0.07584673240566425,0.19647719158637836,0.9312880262884231,0.4358703309191421,0.39112376895371315,0.47140152412966346,0.24058467106600248
3000,1.0,3000,62,62,20,5,5,True,ok,selected_multi_metric_xb_worsening_patience,sample_select_full_fit,19.665712452999287,11.940221126000324,0.0,0.2887324870007433,31.60593357899961,31.894666066000354,5,0.07553854263157306,0.19058141809515525,1.0,0.4352984118674481,0.3906616897837379,0.47172570175579964,0.24088469622670178
3000,1.0,3000,62,62,20,5,5,True,ok,selected_multi_metric_xb_worsening_patience,sample_select_project,19.665712452999287,0.0,0.008416971999395173,0.3253214400001525,19.674129424998682,19.999450864998835,5,0.07553854263157306,0.19058141809515525,1.0,0.4352984118674481,0.3906616897837379,0.47172570175579964,0.24088469622670178
3000,1.0,3000,62,63,20,5,5,True,ok,selected_multi_metric_xb_worsening_patience,sample_select_full_fit,19.81583068999953,6.722345442000005,0.0,0.23164604400062672,26.538176131999535,26.76982217600016,5,0.07553854263157306,0.1905814266943024,1.0,0.43529841186744805,0.3906616897837379,0.47172570175579964,0.24088469622670178
3000,1.0,3000,62,63,20,5,5,True,ok,selected_multi_metric_xb_worsening_patience,sample_select_project,19.81583068999953,0.0,0.0038135959994178847,0.26918822200059367,19.819644285998947,20.08883250799954,5,0.07553854263157306,0.1905814266943024,1.0,0.43529841186744805,0.3906616897837379,0.47172570175579964,0.24088469622670178
3000,1.0,3000,62,64,20,5,5,True,ok,selected_multi_metric_xb_worsening_patience,sample_select_full_fit,28.277310754999235,5.355380363999757,0.0,0.2738745239994387,33.63269111899899,33.90656564299843,5,0.07553854263157306,0.19058119130750545,1.0,0.43529841186744805,0.3906616897837379,0.47172570175579964,0.24088469622670178
3000,1.0,3000,62,64,20,5,5,True,ok,selected_multi_metric_xb_worsening_patience,sample_select_project,28.277310754999235,0.0,0.008873582999513019,0.355740717000117,28.286184337998748,28.641925054998865,5,0.07553854263157306,0.19058119130750545,1.0,0.43529841186744805,0.3906616897837379,0.47172570175579964,0.24088469622670178
3000,1.0,3000,63,62,20,5,5,True,ok,selected_multi_metric_xb_worsening_patience,sample_select_full_fit,28.49403930400058,10.465107392999926,0.0,0.2220069639997746,38.959146697000506,39.18115366100028,5,0.07553854263157306,0.19058141809515525,1.0,0.4352984118674481,0.3906616897837379,0.47172570175579964,0.24088469622670178
3000,1.0,3000,63,62,20,5,5,True,ok,selected_multi_metric_xb_worsening_patience,sample_select_project,28.49403930400058,0.0,0.003656853999927989,0.35657989099945553,28.497696158000508,28.854276048999964,5,0.07553854263157306,0.19058141809515525,1.0,0.4352984118674481,0.3906616897837379,0.47172570175579964,0.24088469622670178
3000,1.0,3000,63,63,20,5,5,True,ok,selected_multi_metric_xb_worsening_patience,sample_select_full_fit,17.851703846999953,7.911801037000259,0.0,0.29170734899980744,25.763504884000213,26.05521223300002,5,0.07553854263157306,0.1905814266943024,1.0,0.43529841186744805,0.3906616897837379,0.47172570175579964,0.24088469622670178
3000,1.0,3000,63,63,20,5,5,True,ok,selected_multi_metric_xb_worsening_patience,sample_select_project,17.851703846999953,0.0,0.007317634000173712,0.27563626400024077,17.859021481000127,18.134657745000368,5,0.07553854263157306,0.1905814266943024,1.0,0.43529841186744805,0.3906616897837379,0.47172570175579964,0.24088469622670178
3000,1.0,3000,63,64,20,5,5,True,ok,selected_multi_metric_xb_worsening_patience,sample_select_full_fit,19.15787544199975,7.322247475999575,0.0,0.23355947900017782,26.480122917999324,26.713682396999502,5,0.07553854263157306,0.19058119130750545,1.0,0.43529841186744805,0.3906616897837379,0.47172570175579964,0.24088469622670178
3000,1.0,3000,63,64,20,5,5,True,ok,selected_multi_metric_xb_worsening_patience,sample_select_project,19.15787544199975,0.0,0.011550049999641487,0.2949734659996466,19.16942549199939,19.464398957999038,5,0.07553854263157306,0.19058119130750545,1.0,0.43529841186744805,0.3906616897837379,0.47172570175579964,0.24088469622670178
3000,1.0,3000,64,62,20,5,5,True,ok,selected_multi_metric_xb_worsening_patience,sample_select_full_fit,16.284633481000128,11.309474808000232,0.0,0.4470906910000849,27.59410828900036,28.041198980000445,5,0.07553854263157306,0.19058141809515525,1.0,0.4352984118674481,0.3906616897837379,0.47172570175579964,0.24088469622670178
3000,1.0,3000,64,62,20,5,5,True,ok,selected_multi_metric_xb_worsening_patience,sample_select_project,16.284633481000128,0.0,0.010021380999205576,0.26399896400016587,16.294654861999334,16.5586538259995,5,0.07553854263157306,0.19058141809515525,1.0,0.4352984118674481,0.3906616897837379,0.47172570175579964,0.24088469622670178
3000,1.0,3000,64,63,20,5,5,True,ok,selected_multi_metric_xb_worsening_patience,sample_select_full_fit,24.26547475300049,7.3983552830004555,0.0,0.21989722199941752,31.663830036000945,31.883727258000363,5,0.07553854263157306,0.1905814266943024,1.0,0.43529841186744805,0.3906616897837379,0.47172570175579964,0.24088469622670178
3000,1.0,3000,64,63,20,5,5,True,ok,selected_multi_metric_xb_worsening_patience,sample_select_project,24.26547475300049,0.0,0.004947307000293222,0.2816173199998957,24.270422060000783,24.55203938000068,5,0.07553854263157306,0.1905814266943024,1.0,0.43529841186744805,0.3906616897837379,0.47172570175579964,0.24088469622670178
3000,1.0,3000,64,64,20,5,5,True,ok,selected_multi_metric_xb_worsening_patience,sample_select_full_fit,18.61036013499961,7.7179954900002485,0.0,0.19706141499955265,26.32835562499986,26.52541703999941,5,0.07553854263157306,0.19058119130750545,1.0,0.43529841186744805,0.3906616897837379,0.47172570175579964,0.24088469622670178
3000,1.0,3000,64,64,20,5,5,True,ok,selected_multi_metric_xb_worsening_patience,sample_select_project,18.61036013499961,0.0,0.006784180000067863,0.23361550299978262,18.617144314999678,18.85075981799946,5,0.07553854263157306,0.19058119130750545,1.0,0.43529841186744805,0.3906616897837379,0.47172570175579964,0.24088469622670178
3000,1.0,3000,65,62,20,5,5,True,ok,selected_multi_metric_xb_worsening_patience,sample_select_full_fit,22.359921799000404,7.785561685000175,0.0,0.2911042659998202,30.14548348400058,30.4365877500004,5,0.07553854263157306,0.19058141809515525,1.0,0.4352984118674481,0.3906616897837379,0.47172570175579964,0.24088469622670178
3000,1.0,3000,65,62,20,5,5,True,ok,selected_multi_metric_xb_worsening_patience,sample_select_project,22.359921799000404,0.0,0.005210958000134269,0.2955124899999646,22.365132757000538,22.660645247000502,5,0.07553854263157306,0.19058141809515525,1.0,0.4352984118674481,0.3906616897837379,0.47172570175579964,0.24088469622670178
3000,1.0,3000,65,63,20,5,5,True,ok,selected_multi_metric_xb_worsening_patience,sample_select_full_fit,20.13240683799995,6.228155644000253,0.0,0.2098633779996817,26.360562482000205,26.570425859999887,5,0.07553854263157306,0.1905814266943024,1.0,0.43529841186744805,0.3906616897837379,0.47172570175579964,0.24088469622670178
3000,1.0,3000,65,63,20,5,5,True,ok,selected_multi_metric_xb_worsening_patience,sample_select_project,20.13240683799995,0.0,0.004653080000025511,0.5147329410001475,20.137059917999977,20.651792859000125,5,0.07553854263157306,0.1905814266943024,1.0,0.43529841186744805,0.3906616897837379,0.47172570175579964,0.24088469622670178
3000,1.0,3000,65,64,20,5,5,True,ok,selected_multi_metric_xb_worsening_patience,sample_select_full_fit,19.749240074000227,5.931082615000378,0.0,0.18624220699985017,25.680322689000604,25.866564896000455,5,0.07553854263157306,0.19058119130750545,1.0,0.43529841186744805,0.3906616897837379,0.47172570175579964,0.24088469622670178
3000,1.0,3000,65,64,20,5,5,True,ok,selected_multi_metric_xb_worsening_patience,sample_select_project,19.749240074000227,0.0,0.006937987000128487,0.30272816399974545,19.756178061000355,20.0589062250001,5,0.07553854263157306,0.19058119130750545,1.0,0.43529841186744805,0.3906616897837379,0.47172570175579964,0.24088469622670178
3000,1.0,3000,66,62,20,5,5,True,ok,selected_multi_metric_xb_worsening_patience,sample_select_full_fit,20.1043836380004,11.60322922099931,0.0,0.2973236240004553,31.70761285899971,32.004936483000165,5,0.07553854263157306,0.19058141809515525,1.0,0.4352984118674481,0.3906616897837379,0.47172570175579964,0.24088469622670178
3000,1.0,3000,66,62,20,5,5,True,ok,selected_multi_metric_xb_worsening_patience,sample_select_project,20.1043836380004,0.0,0.007715916000051948,0.2901583729999402,20.11209955400045,20.40225792700039,5,0.07553854263157306,0.19058141809515525,1.0,0.4352984118674481,0.3906616897837379,0.47172570175579964,0.24088469622670178
3000,1.0,3000,66,63,20,5,5,True,ok,selected_multi_metric_xb_worsening_patience,sample_select_full_fit,20.68427339000027,7.458451624999725,0.0,0.32418729700020776,28.142725014999996,28.466912312000204,5,0.07553854263157306,0.1905814266943024,1.0,0.43529841186744805,0.3906616897837379,0.47172570175579964,0.24088469622670178
3000,1.0,3000,66,63,20,5,5,True,ok,selected_multi_metric_xb_worsening_patience,sample_select_project,20.68427339000027,0.0,0.012670948999584652,0.34513055800016446,20.696944338999856,21.04207489700002,5,0.07553854263157306,0.1905814266943024,1.0,0.43529841186744805,0.3906616897837379,0.47172570175579964,0.24088469622670178
3000,1.0,3000,66,64,20,5,5,True,ok,selected_multi_metric_xb_worsening_patience,sample_select_full_fit,19.78439306600012,9.828246295000099,0.0,0.3477581739998641,29.61263936100022,29.960397535000084,5,0.07553854263157306,0.19058119130750545,1.0,0.43529841186744805,0.3906616897837379,0.47172570175579964,0.24088469622670178
3000,1.0,3000,66,64,20,5,5,True,ok,selected_multi_metric_xb_worsening_patience,sample_select_project,19.78439306600012,0.0,0.00709757399999944,0.2594966229999045,19.79149064000012,20.050987263000025,5,0.07553854263157306,0.19058119130750545,1.0,0.43529841186744805,0.3906616897837379,0.47172570175579964,0.24088469622670178
