tag,id,cluster,membership_0,membership_1,membership_2,membership_3
World,0,1,0.17860837188798237,0.46515030350868947,0.17181663081126908,0.18442469379205906
World,1,1,0.15877158003243266,0.5314898755260145,0.14781845589230547,0.16192008854924742
World,2,1,0.23311205693752068,0.3155077378855688,0.2250953902537191,0.22628481492319147
World,3,1,0.19853054563859174,0.46324455292349037,0.1603885511792588,0.17783635025865913
World,4,1,0.2092337201139656,0.2817188444256669,0.2675954080251778,0.24145202743518962
World,5,1,0.1861495460393479,0.48494929976729484,0.15858710406705284,0.17031405012630443
World,6,1,0.21151418278373366,0.34436064349434975,0.21888537151769943,0.2252398022042172
World,7,1,0.20834294828202157,0.3542118485556947,0.19391757586585745,0.24352762729642627
World,8,1,0.1644566243207795,0.48558389571181293,0.16567818594698352,0.18428129402042404
World,9,1,0.18087776114558352,0.47249531965685787,0.16493282060826184,0.18169409858929678
World,10,1,0.2224343933709902,0.33982989752569137,0.2189574138827252,0.21877829522059325
World,11,1,0.22272084892740573,0.2837494130231302,0.24594055869363007,0.24758917935583394
World,12,1,0.2472438098575279,0.25559199235063007,0.24371362969720997,0.2534505680946321
World,13,1,0.16979772576626684,0.4960428523319858,0.16249690469759057,0.1716625172041568
World,14,3,0.21652618280451535,0.2581590150505682,0.25860850702444804,0.2667062951204684
World,15,1,0.19300539229260316,0.36484620080755925,0.2217436202584041,0.22040478664143348
World,16,1,0.23263281879455322,0.389539193070812,0.1903006908636286,0.18752729727100623
World,17,3,0.16719689839354324,0.16552018420794837,0.2965199415036655,0.3707629758948429
World,18,1,0.18294505782308781,0.4633501150135053,0.17224751302896796,0.18145731413443886
World,19,1,0.22350065331821714,0.32189778711685657,0.22157803968001552,0.23302351988491077
World,20,1,0.22522747299344278,0.2648687286213796,0.2491836813269356,0.260720117058242
World,21,1,0.19696622162030133,0.41461432019140015,0.19054199661423732,0.1978774615740613
World,22,1,0.21763092813764084,0.3231210923754815,0.23107842489715294,0.2281695545897247
World,23,1,0.24838816023279406,0.2745903647111159,0.24029545218148632,0.23672602287460373
World,24,1,0.22939329359457325,0.3386347581479326,0.20185194140541482,0.2301200068520793
World,25,1,0.19031993478348727,0.3894137468771846,0.19759378898748683,0.2226725293518413
World,26,1,0.23153735247105134,0.27186333750440034,0.251545739849468,0.24505357017508034
World,27,1,0.2600667844766774,0.34654562790300164,0.19885762542171842,0.19452996219860258
World,28,1,0.25871882154130826,0.2664813950875861,0.23961264678123523,0.23518713658987048
World,29,1,0.20667355753420807,0.3838574242346834,0.20269340952839893,0.20677560870270956
World,30,0,0.2689088151958645,0.24084566669291266,0.2495708088841299,0.2406747092270929
World,31,1,0.1587855083257566,0.513284475940126,0.15884222678166945,0.16908778895244794
World,32,1,0.18455867531588777,0.4559883222227926,0.1782656167046313,0.18118738575668825
World,33,1,0.1991350921317441,0.4294589486348585,0.17869585859343895,0.1927101006399585
World,34,1,0.22257848481553083,0.38192504960122625,0.19925423859179078,0.19624222699145213
World,35,1,0.1948635766912649,0.4422130860752514,0.17942168160632072,0.18350165562716303
World,36,1,0.17914651838679446,0.4819669618662731,0.1697778764851828,0.16910864326174974
World,37,0,0.28747426298455475,0.28419660005040326,0.21598515699608908,0.212343979968953
World,38,1,0.20433950273286247,0.4085186890875241,0.1886874759123574,0.1984543322672561
World,39,1,0.2459148869144527,0.2920211103454578,0.23797129298663394,0.22409270975345558
World,40,1,0.27401348423362304,0.28074538768655793,0.21613917016088352,0.2291019579189354
World,41,1,0.21036721888246118,0.39593478444648905,0.19932100260293964,0.19437699406811013
World,42,1,0.16419504027160894,0.527961184544693,0.14536434171882745,0.1624794334648707
World,43,1,0.21159430234106133,0.34921278402000006,0.21446998047028176,0.22472293316865682
World,44,1,0.18383030977498366,0.44788802415099993,0.17808942873933917,0.19019223733467722
World,45,1,0.2457670928930209,0.3053089530145947,0.22493564657171494,0.22398830752066945
World,46,1,0.2631036188708397,0.2670656735397411,0.24078198471728932,0.22904872287212985
World,47,0,0.3107538955113028,0.2380450964050608,0.22608213586072357,0.22511887222291285
World,48,1,0.20358778594829313,0.3306935572410295,0.2416492041882552,0.22406945262242217
World,49,1,0.18714628039782116,0.4984408422790253,0.15254776894656785,0.1618651083765857
World,50,1,0.24940351661792753,0.3016192072513442,0.22116364072212186,0.22781363540860639
World,51,1,0.24459882218854928,0.3021657572242375,0.23057473738552992,0.22266068320168328
World,52,1,0.22926341405215325,0.29581486630513215,0.22581180341171733,0.24910991623099724
World,53,1,0.1796231843906799,0.45795498022981457,0.17776535200473342,0.18465648337477206
World,54,1,0.2050155146797433,0.3505315635731639,0.21695816789987235,0.22749475384722048
World,55,1,0.21046708639778677,0.37972318203593397,0.20525621671634728,0.2045535148499319
World,56,1,0.1749828516000829,0.4739986384256497,0.16744460745045534,0.18357390252381206
World,57,1,0.21569720101163017,0.2962602034844959,0.2267162054547926,0.26132639004908126
World,58,1,0.2545039664332789,0.34064879254278657,0.20479186391811577,0.20005537710581883
World,59,2,0.24713138038025162,0.2403670975631949,0.2660130556565444,0.24648846640000907
World,60,1,0.22209717774507884,0.3264320093614597,0.2246310144931393,0.22683979840032217
World,61,1,0.22270172294694673,0.35493495485803794,0.20998362159482997,0.21237970060018543
World,62,1,0.21785610612663098,0.36640704726805046,0.21075408802188658,0.204982758583432
World,63,1,0.22369297974046262,0.273353481457637,0.24995914037499675,0.2529943984269037
World,64,1,0.24483762039207888,0.27626264218749547,0.2433804435084433,0.2355192939119824
World,65,1,0.17977226903428511,0.4238230692270897,0.1895236434441298,0.2068810182944954
World,66,0,0.3289875611944422,0.271267250628729,0.19377459538370417,0.20597059279312457
World,67,0,0.38685693541803595,0.21523851226933516,0.20101670419382095,0.196887848118808
World,68,2,0.17836130385195773,0.24651622676866908,0.2994070608868397,0.2757154084925335
World,69,1,0.2227264250920902,0.3512297640756939,0.21539761130654025,0.2106461995256757
World,70,3,0.18980068720791,0.2099990285482704,0.2638419965249083,0.33635828771891124
World,71,3,0.19376384334641944,0.2456589189942437,0.25684604649527587,0.303731191164061
World,72,0,0.49733739157439166,0.17719892615839786,0.16761934741929047,0.15784433484792007
World,73,1,0.21573466254878307,0.30037950991009016,0.22718163002949407,0.25670419751163276
World,74,0,0.45505979511673705,0.21225469547359552,0.16399361027680745,0.16869189913286
World,75,1,0.1941943102987225,0.4578139597524693,0.1700944354191034,0.17789729452970476
World,76,1,0.227551874872382,0.3269344528818349,0.223956397251405,0.2215572749943781
World,77,1,0.19367169682351273,0.3334867377283558,0.23394441694221269,0.23889714850591884
World,78,1,0.24817049137426378,0.3034688243520033,0.2205191292359265,0.22784155503780645
World,79,1,0.17238572873872582,0.4508352392109786,0.18485650716131766,0.19192252488897793
World,80,3,0.20144825860671803,0.23215204527027028,0.25302444724551565,0.313375248877496
World,81,1,0.20535403466710977,0.3900129512594425,0.18892407989907953,0.21570893417436815
World,82,1,0.2159901650799928,0.3158144452809518,0.22469440416424483,0.24350098547481053
World,83,1,0.24077889193895372,0.3883008194827832,0.18025543584637077,0.19066485273189224
World,84,1,0.228908956183409,0.277200506200851,0.23574206125766464,0.2581484763580753
World,85,1,0.17102420182079117,0.5104373395510727,0.15397367691176947,0.1645647817163666
World,86,1,0.18112410544946314,0.40309667499240626,0.2021887451398791,0.21359047441825144
World,87,0,0.300653858100475,0.26806814051904215,0.2141219834981817,0.2171560178823011
World,88,0,0.26397734231647846,0.2487519894011123,0.2536828073711101,0.23358786091129924
World,89,1,0.1981584597780644,0.41769680006214616,0.19238575189600177,0.1917589882637878
World,90,1,0.20099610524232625,0.4878527906913441,0.15328401941642042,0.1578670846499093
World,91,1,0.2013268034841809,0.38156675152587094,0.2093675712661261,0.20773887372382216
World,92,1,0.18404708692728913,0.461540468396529,0.17299255260816404,0.18141989206801779
World,93,1,0.25373770124057066,0.25413840925173103,0.24601275395605954,0.24611113555163885
World,94,1,0.24241512794918274,0.3282413822053047,0.21478077271300836,0.2145627171325042
World,95,1,0.2354123284348691,0.33225708405960946,0.21779598280660223,0.21453460469891922
World,96,1,0.265486960635887,0.2766051505668995,0.23059241200852035,0.22731547678869318
World,97,1,0.23209601041250633,0.4271126975360488,0.16915443461923846,0.1716368574322065
World,98,1,0.24177397027798767,0.32402936426425427,0.22151778179288784,0.21267888366487026
World,99,1,0.15943321941160432,0.5494346161253434,0.1406812195607556,0.15045094490229674
World,100,1,0.18336218613168737,0.4735044549096883,0.1661641873162701,0.17696917164235415
World,101,1,0.1978027950864423,0.3539795857591734,0.2160649921108088,0.2321526270435755
World,102,0,0.3029361954416295,0.2692602392623908,0.22095883637007316,0.20684472892590655
World,103,1,0.17633808067748996,0.4237406624429023,0.19574087368974286,0.20418038318986484
World,104,1,0.21367542308949883,0.3701312000120706,0.19947142161454365,0.21672195528388685
World,105,1,0.21381840126722967,0.3820048366592826,0.19533408664311835,0.20884267543036938
World,106,1,0.20243853667139958,0.3441294234659182,0.2267478628645386,0.22668417699814364
World,107,1,0.1891587900713075,0.43281788318692843,0.18382672693510269,0.19419659980666137
World,108,0,0.40947465138671724,0.21507136390141757,0.19468008009194124,0.18077390461992393
World,109,1,0.21355798399674594,0.304499741226378,0.24286218042456467,0.2390800943523114
World,110,1,0.2400654194247405,0.30771892585676147,0.22079797607543428,0.23141767864306376
World,111,1,0.20596897934698516,0.37746592274156554,0.2006486234837205,0.2159164744277288
World,112,1,0.2627894335613149,0.3020056295721122,0.21118499757392367,0.22401993929264918
World,113,1,0.16607017784942074,0.5244408974540834,0.15379970974751744,0.15568921494897842
World,114,1,0.19503354207343374,0.3497632130244299,0.22812530559350777,0.22707793930862852
World,115,1,0.2139537102869612,0.39347265253920277,0.19344938274905185,0.19912425442478418
World,116,1,0.19016404695981118,0.4597494500947166,0.17386244755689323,0.17622405538857894
World,117,1,0.22487534564160216,0.3939284162293558,0.18954071777606354,0.19165552035297853
World,118,1,0.20758220628799956,0.293067463622826,0.24678492997578047,0.252565400113394
World,119,1,0.16189809677935274,0.48267423947722027,0.1770233846059007,0.1784042791375262
World,120,1,0.2005780018243095,0.4620273191585117,0.17146140678490776,0.16593327223227108
World,121,0,0.4599116850222066,0.19361972074096898,0.17708223408846513,0.16938636014835926
World,122,1,0.2087489181682098,0.4252708853731755,0.18741650512616861,0.17856369133244607
World,123,1,0.24953379253511193,0.274869859652449,0.2371150151243727,0.23848133268806643
World,124,1,0.15843260042822624,0.5184581595827149,0.15876198570427635,0.16434725428478247
World,125,1,0.2514850366806503,0.3604063705389496,0.19219344501689775,0.19591514776350236
World,126,1,0.1957493229610625,0.3989133491119439,0.1983052979083596,0.20703203001863396
World,127,1,0.22343198433024244,0.3436119354977082,0.21707768831014787,0.21587839186190155
World,128,1,0.2110597123732292,0.4210669526606732,0.18279353877989396,0.18507979618620368
World,129,1,0.20394841028903218,0.3826738798054459,0.20380789887933332,0.20956981102618852
World,130,1,0.21218811609028593,0.40177902692440975,0.1884166409949722,0.1976162159903321
World,131,1,0.23763293299876392,0.30150287614590193,0.2176314853800187,0.24323270547531542
World,132,1,0.22646679553309473,0.32453471006382467,0.2195659207785833,0.22943257362449734
World,133,1,0.25368458291960927,0.297118359507727,0.23305517309670912,0.21614188447595456
World,134,1,0.25378562568093016,0.37128529004111094,0.176858722557279,0.19807036172067993
World,135,1,0.20655453676171834,0.37362457564254625,0.2106584591947168,0.20916242840101873
World,136,1,0.22084556599707872,0.37621131818395254,0.19852718755501195,0.20441592826395677
World,137,0,0.28796803666500886,0.26938889390828713,0.22712633267985152,0.2155167367468524
World,138,1,0.2136753339648068,0.4229941522095117,0.18268776449906493,0.18064274932661661
World,139,1,0.21768490187038436,0.3606069457287796,0.21232951734011607,0.20937863506071996
World,140,1,0.18304666262892763,0.4534511338201255,0.1829160853706152,0.18058611818033174
World,141,1,0.22272905710808147,0.2954564141485759,0.24273601068817563,0.23907851805516706
World,142,2,0.21916676056283155,0.23904230880189187,0.2774169216589132,0.26437400897636343
World,143,1,0.24903519877369898,0.27309823830689567,0.23769945208591317,0.2401671108334922
World,144,1,0.20761307326467227,0.38553659835822435,0.19893266544070753,0.20791766293639585
World,145,1,0.18875930076621839,0.44077866348453554,0.1788094892272441,0.19165254652200192
World,146,1,0.20837615058663153,0.3907861985065063,0.19350255536493025,0.20733509554193194
World,147,1,0.26174314782921004,0.2788874266598209,0.2358665214365559,0.22350290407441314
World,148,1,0.24208181415453595,0.3124248656142228,0.2117217181403703,0.233771602090871
World,149,1,0.2538747223052076,0.32546926838565937,0.20168642593119962,0.21896958337793335
World,150,1,0.19855076947289002,0.3742800823753985,0.20595530238053866,0.2212138457711727
World,151,1,0.24893675456096706,0.333723703157516,0.20565826505039494,0.211681277231122
World,152,1,0.25867572445233866,0.3285491746805815,0.205739629891381,0.20703547097569894
World,153,1,0.23313239424226054,0.34263255712271895,0.2026111953243065,0.22162385331071402
World,154,1,0.20755199870562044,0.4117710867724076,0.1857301010348062,0.19494681348716578
World,155,1,0.20221883097915067,0.4134354521110914,0.18745325096958296,0.19689246594017504
World,156,2,0.23691293560993107,0.2505502859386628,0.2662059596269773,0.2463308188244289
World,157,1,0.21019509128097075,0.3356849456503593,0.22086069421447235,0.23325926885419768
World,158,1,0.2396728667290425,0.3325400759231678,0.21518446094852903,0.21260259639926063
World,159,1,0.14935358930952503,0.5602475405071944,0.1443604041787484,0.1460384660045322
World,160,1,0.21182790759899847,0.3519372861497643,0.21678140702240356,0.2194533992288336
World,161,1,0.18989523072662676,0.4821466680436149,0.15882811644598532,0.16912998478377303
World,162,1,0.24427952229557917,0.385869835244264,0.18366332831402438,0.18618731414613252
World,163,1,0.2340081004694927,0.38266886772367964,0.1854255843090921,0.19789744749773552
World,164,1,0.18988205568340988,0.5172806921221585,0.1414637742715019,0.15137347792292966
World,165,1,0.1991808250683225,0.46840111191821643,0.16325042119654157,0.16916764181691943
World,166,0,0.3108576517185849,0.2199817346217233,0.23541034082861095,0.2337502728310808
World,167,0,0.259951125272752,0.2568166560140697,0.23845535894921072,0.2447768597639676
World,168,1,0.19447101643098452,0.47259640924581314,0.16470442557184908,0.1682281487513532
World,169,1,0.2119572304024373,0.38978049689100164,0.19654630934762876,0.20171596335893227
World,170,1,0.18399089154066284,0.49822473640443443,0.15631853243593713,0.16146583961896552
World,171,1,0.2643187475388083,0.3001492787898152,0.2213333038214189,0.21419866984995764
World,172,1,0.2409534674080919,0.2707757401561792,0.23802613971940176,0.2502446527163272
World,173,1,0.2279782897520057,0.29328706278937144,0.2409407054300631,0.23779394202855977
World,174,1,0.21106174391615942,0.36795229833150556,0.2145708416391613,0.20641511611317379
World,175,1,0.18314695948627302,0.3361834141400954,0.24741122106566293,0.23325840530796857
World,176,1,0.22794785635541448,0.27734708083273657,0.2219768621707293,0.27272820064111963
World,177,1,0.27754372313594333,0.2817626780414485,0.2131053833801716,0.2275882154424366
World,178,3,0.21959316468513004,0.23524571836056568,0.27199034816450796,0.2731707687897964
World,179,0,0.3327975452872363,0.24998466070791628,0.20560833724356553,0.21160945676128187
World,180,1,0.24034670203952244,0.3424719254085791,0.19966869093467374,0.21751268161722476
World,181,1,0.19010288254748373,0.45060515735181544,0.17284219878502236,0.18644976131567847
World,182,1,0.19776019557219923,0.3866476870405106,0.20606331409104048,0.20952880329624965
World,183,1,0.18502857363374578,0.40503399541330326,0.20231519530633368,0.20762223564661736
World,184,1,0.2862678804613552,0.2965223617330918,0.20502878897310922,0.21218096883244383
World,185,1,0.1588299946824757,0.528817965124477,0.1548296345277245,0.15752240566532277
World,186,1,0.17402036660048725,0.5324459124956322,0.1425464988961024,0.15098722200777812
World,187,1,0.22296466927352385,0.3097630579508927,0.22448261581180715,0.2427896569637763
World,188,1,0.2319106485461584,0.3413778023746456,0.20255372137965624,0.22415782769953974
World,189,1,0.2155044563697347,0.34004430476020814,0.21429210892429282,0.23015912994576443
World,190,1,0.24044432619423223,0.258898882099087,0.2514994811805832,0.2491573105260976
World,191,1,0.18250523255032178,0.4668932167102933,0.16875815875864764,0.1818433919807372
World,192,1,0.22702554379682569,0.31051200619640473,0.23219731676375482,0.2302651332430147
World,193,1,0.26681743147067144,0.2985234509998875,0.21545387932647964,0.21920523820296148
World,194,1,0.1592168606855485,0.5571093261427584,0.13625710275831637,0.1474167104133767
World,195,1,0.15989855190281638,0.52539558329564,0.15718291629286446,0.1575229485086791
World,196,1,0.1887650760306621,0.2941090573912409,0.24670284571505632,0.27042302086304076
World,197,1,0.20942458620957913,0.359292112336915,0.21432068534378862,0.21696261610971723
World,198,1,0.2550734359358087,0.371855699490553,0.18620904310406247,0.18686182146957567
World,199,1,0.22935701752831875,0.35260638880036366,0.21032744526153488,0.2077091484097827
World,200,1,0.18759080307338435,0.46424738420767203,0.17300769403675786,0.17515411868218572
World,201,3,0.22194416928280353,0.2478942430786247,0.26176770199486815,0.26839388564370364
World,202,1,0.1981651841278948,0.5031828234845471,0.14481968709275397,0.15383230529480404
World,203,1,0.19452600518782065,0.4641400306682938,0.16448190860247217,0.1768520555414133
World,204,1,0.1893045297402042,0.4350246757619501,0.19008970249742363,0.18558109200042203
World,205,1,0.22546576204626811,0.36758287043424726,0.1969716146819321,0.2099797528375525
World,206,1,0.30616007288787056,0.3065934439564012,0.19511813274275053,0.19212835041297768
World,207,2,0.24392997219730822,0.24543837992108916,0.2609501034050065,0.24968154447659618
World,208,1,0.20513037095139752,0.4433491958001802,0.172819723808113,0.17870070944030925
World,209,1,0.21122937847740378,0.38902807249725085,0.1994925318921603,0.20025001713318508
World,210,3,0.21541758628797134,0.239582207157358,0.2621190336543794,0.28288117290029124
World,211,1,0.20196230703884976,0.43740059337290427,0.1770505784670659,0.18358652112118007
World,212,1,0.22386614184724743,0.3888786085081005,0.19491055786444808,0.1923446917802039
World,213,1,0.2031582216727944,0.2905490310841698,0.22857913866389531,0.27771360857914046
World,214,1,0.18612906870765286,0.4228000181293595,0.19828909349531482,0.19278181966767288
World,215,3,0.21731143180043277,0.23687986609966122,0.2669312002781135,0.2788775018217925
World,216,1,0.22921834344041792,0.34951299210484393,0.2133809725272162,0.2078876919275219
World,217,1,0.19718607801990307,0.41485340840170354,0.19398121254519635,0.19397930103319702
World,218,1,0.21807211199030932,0.37961178628350417,0.20484027109258932,0.1974758306335972
World,219,1,0.2566646889581305,0.35351502135561963,0.18486730862584658,0.20495298106040338
World,220,1,0.17299691620889862,0.5368452509836088,0.13967055951825635,0.1504872732892362
World,221,1,0.2357460607752203,0.3193772184071647,0.2134262783007394,0.23145044251687555
World,222,1,0.19590362682779405,0.47038925700050754,0.16599929949480904,0.1677078166768893
World,223,1,0.1830572026036087,0.4564537100862748,0.1801515059291245,0.18033758138099207
World,224,1,0.17868307899193236,0.4821202139032538,0.16561840540999234,0.17357830169482147
World,225,1,0.21663093110029275,0.42331107009400176,0.17536906182905684,0.18468893697664862
World,226,0,0.30212294669077516,0.2681995539357415,0.20770875211435996,0.22196874725912333
World,227,1,0.20784060545614938,0.30364006248178277,0.2371181196215273,0.2514012124405406
World,228,0,0.31875930623901466,0.24994080600554217,0.21030560366788897,0.22099428408755425
World,229,1,0.25718114745041465,0.26020395802589286,0.24984508209121037,0.23276981243248213
World,230,1,0.19644343797907987,0.34232798214810733,0.22503826203972063,0.23619031783309213
World,231,1,0.1952872984609572,0.38190823090145953,0.21480527110555528,0.207999199532028
World,232,1,0.17350925039185036,0.42287838502784736,0.1951452670339213,0.20846709754638104
World,233,1,0.18659186287699386,0.4699058958012344,0.1681121574355436,0.17539008388622815
World,234,1,0.19512380022029863,0.48927697583515667,0.15421862328990352,0.16138060065464113
World,235,1,0.2206866718361063,0.3805526309933215,0.1961551358145871,0.20260556135598506
World,236,3,0.21751854013319688,0.24302201233506107,0.2541507376943994,0.28530870983734263
World,237,1,0.19295612702392126,0.44110460773849497,0.1799581494803009,0.18598111575728282
World,238,0,0.2831059063526731,0.26827249848703255,0.22270472585613,0.22591686930416438
World,239,1,0.1914485792757983,0.4839642803903034,0.15815351209185588,0.1664336282420425
World,240,1,0.25035397826975275,0.358714278059538,0.19980059306975634,0.19113115060095293
World,241,1,0.19080019393794723,0.3588581226919649,0.21865014471037902,0.23169153865970893
World,242,1,0.20742275537538257,0.35552848772643114,0.22760289702092248,0.2094458598772638
World,243,1,0.2105388833531133,0.36108613005745593,0.2149401806820955,0.21343480590733535
World,244,1,0.23651941630194775,0.3356219386748717,0.21884773527306337,0.2090109097501172
World,245,0,0.36085507187657273,0.23274314672465493,0.19914702745060472,0.20725475394816772
World,246,1,0.1843705262652253,0.4937778148825554,0.15551429828045135,0.16633736057176793
World,247,1,0.18325150266828108,0.40956962393248475,0.19829625690663036,0.20888261649260384
World,248,1,0.2358111451465949,0.333725885058327,0.21889735735360596,0.21156561244147207
World,249,1,0.2137377418821526,0.29196556536681906,0.22380089973082637,0.270495793020202
World,250,0,0.2687572765727955,0.2633641238650286,0.23528265005378354,0.23259594950839238
World,251,0,0.2757464720485321,0.26958625624252286,0.2266093633180539,0.2280579083908912
World,252,1,0.2070433095904315,0.34262661154506635,0.22844927638311247,0.22188080248138972
World,253,0,0.3750988082055333,0.22336183080036892,0.20758161808705541,0.19395774290704235
World,254,1,0.19018444645950258,0.42175579430903654,0.19230103676768026,0.19575872246378068
World,255,1,0.23705942220350984,0.365858606020743,0.18703617612687332,0.2100457956488739
World,256,1,0.273653362052601,0.296705577334244,0.21062930532046045,0.21901175529269454
World,257,1,0.2053314037141846,0.4420762420209471,0.1719794677767855,0.18061288648808285
World,258,1,0.19136664210287624,0.46070305905840603,0.16503696364479495,0.18289333519392265
World,259,1,0.2447818230015083,0.3203391352859863,0.2075997444564077,0.2272792972560977
World,260,1,0.21353277615464814,0.36972953236869144,0.20006461349263815,0.21667307798402233
World,261,0,0.257578319606162,0.24698802778364556,0.256606391692917,0.23882726091727546
World,262,1,0.2097978479260884,0.3361907928866541,0.22455642902892745,0.22945493015833004
World,263,1,0.23572730990886012,0.2660234910573676,0.23888620728920312,0.25936299174456917
World,264,1,0.19509504727877672,0.36756746463184586,0.2231786185617621,0.21415886952761531
World,265,1,0.2521153601914215,0.3322922503423398,0.205467916593503,0.21012447287273572
World,266,1,0.23933230405955555,0.2824352026334323,0.24566844290016923,0.23256405040684294
World,267,1,0.23256626058912291,0.36772974675726666,0.20080580626572983,0.19889818638788057
World,268,1,0.24216707211031577,0.342013889564736,0.207390004294796,0.2084290340301522
World,269,1,0.20986994244222354,0.28828889901286014,0.25011177922336797,0.2517293793215484
World,270,2,0.24574445763988897,0.24935811634655547,0.2619236943272822,0.24297373168627334
World,271,1,0.20008629541351197,0.35604641994732417,0.20169378086779047,0.24217350377137348
World,272,1,0.1722246762491371,0.4804427980048978,0.1709622524071905,0.17637027333877464
World,273,1,0.24656811912760393,0.35617381694772837,0.1963485005501694,0.20090956337449825
World,274,1,0.24179758829948877,0.2931442866818087,0.2356667957118823,0.2293913293068202
World,275,1,0.2414960003805981,0.32285572395394935,0.21182863041882127,0.2238196452466313
World,276,1,0.1684654431882625,0.5144457367158105,0.15486256123332112,0.16222625886260594
World,277,1,0.20025681016556615,0.42545102942495905,0.18870887790506316,0.18558328250441164
World,278,1,0.1876745592797278,0.4863684243870336,0.15668746402206618,0.16926955231117247
World,279,1,0.22486226127758274,0.38836436975704214,0.1908168676117321,0.195956501353643
World,280,1,0.19405574957828758,0.34548979838742494,0.2283336093617222,0.23212084267256522
World,281,1,0.19839544419790353,0.35452037575105017,0.22147075261554341,0.22561342743550294
World,282,1,0.22387542892137716,0.2878952160809698,0.24212751212923747,0.24610184286841552
World,283,1,0.1945346515559998,0.406573227921709,0.1987437389253335,0.20014838159695766
World,284,1,0.23244363569049903,0.3151416619026942,0.23310297185859985,0.21931173054820688
World,285,1,0.18674757295025207,0.4399966186459083,0.1757881467332706,0.19746766167056906
World,286,1,0.25955910320441616,0.29484316516610865,0.22050819504548674,0.22508953658398845
World,287,0,0.26033875172115456,0.2573944184462824,0.23802727966209813,0.2442395501704648
World,288,1,0.2143154890730471,0.358651380511077,0.21216986343025812,0.2148632669856178
World,289,1,0.16881881690652298,0.5461156786273135,0.1341388609989,0.15092664346726353
World,290,1,0.25663847764056436,0.3333304407993067,0.20913142740823062,0.2008996541518983
World,291,1,0.19287452418215395,0.45496608216343787,0.172205955287273,0.17995343836713523
World,292,1,0.220069471801956,0.30648420263336423,0.2162902834971951,0.2571560420674847
World,293,0,0.45870116693172436,0.1978692127460266,0.16927384354672484,0.17415577677552418
World,294,1,0.15156454813804035,0.5777149656830733,0.130795943625154,0.13992454255373224
World,295,1,0.17921016180398106,0.5280317586752443,0.13929160781096972,0.15346647170980487
World,296,1,0.2271945427602791,0.379793084726321,0.18837355751540485,0.20463881499799502
World,297,1,0.25556476998925975,0.2956607393133369,0.2202506846717063,0.228523806025697
World,298,1,0.18637519080754142,0.4900172559513046,0.15660615363877856,0.1670013996023755
World,299,1,0.16578577966369237,0.4765420816945862,0.1748320714252073,0.18284006721651416
World,300,1,0.1893276429952729,0.4636023234011304,0.17064872627406225,0.17642130732953437
World,301,1,0.25123670302578344,0.30909011427488425,0.2252780326334978,0.2143951500658345
World,302,1,0.23030053160410743,0.3301438801865645,0.22337687112077184,0.21617871708855624
World,303,1,0.23466371558603402,0.33684985005808626,0.20830574359424683,0.22018069076163285
World,304,3,0.19036377584475692,0.2292684907000204,0.24271310038973593,0.33765463306548676
World,305,3,0.18088825668814723,0.15709969666760895,0.31175046973678333,0.3502615769074604
World,306,1,0.2512019597474677,0.3172456241497135,0.2158888012948598,0.215663614807959
World,307,1,0.18455573408164078,0.4631985712713941,0.17137213829613493,0.18087355635083027
World,308,1,0.18522571166441584,0.4832054366601617,0.16105065570755764,0.17051819596786477
World,309,1,0.26913828849954313,0.31989596853623015,0.19932966902872828,0.21163607393549846
World,310,1,0.2163384430916773,0.42351882413449043,0.18008596918427358,0.18005676358955866
World,311,1,0.18278353138430337,0.4211537374525961,0.1962050082530928,0.19985772291000778
World,312,1,0.19473815377350934,0.40061289867339445,0.19550546623463416,0.20914348131846205
World,313,0,0.3225117890957908,0.2665950969842288,0.21166884974790257,0.19922426417207784
World,314,1,0.19175857856832954,0.36785168123552936,0.21325264247581163,0.2271370977203295
World,315,1,0.20367879081196177,0.3805375620826989,0.20267775400492347,0.21310589310041583
World,316,1,0.21067086212665165,0.3157175012429561,0.22403177586438172,0.24957986076601052
World,317,2,0.25637307508774304,0.20705207496147054,0.28788379149081417,0.24869105845997222
World,318,1,0.25821917139054285,0.3036365100353706,0.2219507097916008,0.21619360878248567
World,319,1,0.25594525078458585,0.29110365057789184,0.2359228168782673,0.21702828175925504
World,320,1,0.25256448567031753,0.3108919469972542,0.2164547675669639,0.22008879976546436
World,321,1,0.22228430138727936,0.3570397111137685,0.20205893476792583,0.21861705273102638
World,322,1,0.225461747957128,0.3307427975518872,0.2227514254005136,0.22104402909047122
World,323,1,0.22062585589816358,0.30312609104954347,0.22952484110430205,0.24672321194799088
World,324,1,0.20165283828958278,0.44347878170611965,0.1768693101976572,0.1779990698066403
World,325,1,0.21497083856085072,0.3290913517099277,0.22999620713023158,0.22594160259899002
World,326,1,0.18002098549374493,0.48983709143941573,0.16333300891025154,0.1668089141565878
World,327,1,0.22008981913048256,0.3244115701654188,0.22684451286980126,0.22865409783429733
World,328,1,0.21311025109134157,0.3639541350868049,0.20043282981543412,0.2225027840064194
World,329,1,0.22587465368531953,0.4129143953223498,0.18068043986665322,0.1805305111256774
World,330,1,0.24713846855215113,0.29040227118636314,0.22553961448234247,0.23691964577914326
World,331,1,0.21534266551298598,0.36198967266033194,0.21014303175009721,0.21252463007658487
World,332,1,0.2427109963730273,0.27973836273917935,0.23999524759739116,0.2375553932904023
World,333,1,0.2698806653069145,0.2763555006800006,0.2338483859388424,0.21991544807424254
World,334,1,0.18594594173661075,0.40815849281977995,0.20070572708053083,0.2051898383630784
World,335,1,0.1860897494970978,0.5052310461921267,0.1509497839614828,0.1577294203492928
World,336,1,0.21476576797830768,0.3141921255964905,0.23180505044283958,0.23923705598236222
World,337,1,0.2551482631468807,0.3061674288618368,0.22666944601285688,0.2120148619784255
World,338,1,0.18727495952996762,0.45624012725826607,0.17224524116920406,0.18423967204256222
World,339,1,0.2120472358045846,0.4218259590120898,0.180689594433603,0.1854372107497227
World,340,1,0.19000474497219985,0.45463085236171336,0.17309872088753203,0.18226568177855468
World,341,1,0.20309849134522637,0.4181756099894008,0.18064783606039683,0.19807806260497599
World,342,1,0.2138561826644458,0.33167795784890314,0.22555482896742107,0.22891103051922998
World,343,1,0.211857540853702,0.32952417074308565,0.22395923345883828,0.23465905494437414
World,344,1,0.2279984577272605,0.3292250812182181,0.21932843174266,0.22344802931186142
World,345,1,0.2059988871215418,0.3855170827597357,0.21059114685817074,0.19789288326055182
World,346,1,0.2048180294167375,0.44919828607304796,0.16787885009469017,0.17810483441552433
World,347,1,0.1743233549415584,0.4745923186000222,0.1743417073822592,0.17674261907616012
World,348,1,0.2274007002195059,0.42436674709856526,0.1778956195735055,0.17033693310842343
World,349,1,0.1652709420788626,0.50037441572168,0.16073215107198835,0.17362249112746914
World,350,1,0.18822823192354207,0.4797423824098388,0.15987440460942473,0.17215498105719435
World,351,1,0.1708402634432275,0.4391610645463599,0.19297700498798148,0.19702166702243104
World,352,1,0.2172291105262715,0.36290854167147907,0.21039530587951574,0.20946704192273366
World,353,1,0.20495861448549096,0.43792744729181005,0.17550878225036048,0.18160515597233848
World,354,1,0.19669075577448716,0.4447149713372072,0.17846102084607965,0.18013325204222597
World,355,1,0.2090929949232177,0.3763767121409584,0.20506737658815563,0.20946291634766825
World,356,1,0.1783274590064698,0.46287802618236845,0.17587133037999408,0.1829231844311677
World,357,1,0.26231110939701985,0.3047614948263406,0.21640794730531615,0.2165194484713233
World,358,1,0.24576073505042142,0.30763134527554703,0.21881958851837482,0.22778833115565666
World,359,1,0.20966636613021103,0.4485627903621343,0.15879096149553823,0.18297988201211646
World,360,1,0.26414776246865596,0.3040474619296917,0.208280087204177,0.22352468839747533
World,361,1,0.19414102886627552,0.4754973836909291,0.16247118621354542,0.1678904012292499
World,362,1,0.2448901232386067,0.36012997951984077,0.19832126618524873,0.1966586310563038
World,363,1,0.20073836179216395,0.29205266826487414,0.2541986718805158,0.2530102980624462
World,364,1,0.21719130861267988,0.44148302788903077,0.16478204153320328,0.17654362196508616
World,365,1,0.21574316269095586,0.3598732680795321,0.21206371246678768,0.2123198567627243
World,366,1,0.21534368588775665,0.28729054173979207,0.2503026903708867,0.2470630820015646
World,367,1,0.2220839548026622,0.29088605872257695,0.24229374769125633,0.2447362387835046
World,368,1,0.2449383331616656,0.3183453372036471,0.22270303102932437,0.21401329860536297
World,369,1,0.18850034757015335,0.38825966720346944,0.2079664141028537,0.21527357112352338
World,370,1,0.23764808686086852,0.31124457612406164,0.22644928053862975,0.22465805647644005
World,371,1,0.21171766745707205,0.41294814757430715,0.18724063203664146,0.1880935529319794
World,372,1,0.21732720626466237,0.30418359806312695,0.23929001284495982,0.2391991828272509
World,373,1,0.2078041594710244,0.34962831648333387,0.20959299458848615,0.2329745294571556
World,374,1,0.23370254398188564,0.29138509151969477,0.23769313819862503,0.2372192262997945
World,375,0,0.2711349025874361,0.26649241802158447,0.23570851815437754,0.22666416123660196
World,376,1,0.21608199486767068,0.3160856443987784,0.22716741162332565,0.24066494911022523
World,377,1,0.19619136875576074,0.3781867623278597,0.21516371035847623,0.21045815855790329
World,378,0,0.3881112895098796,0.20365138564142904,0.21257137645178645,0.19566594839690485
World,379,1,0.24610249685609606,0.3277605812550218,0.21415939089505648,0.21197753099382574
World,380,1,0.26367730518647486,0.31105477194270503,0.21387251654744543,0.21139540632337467
World,381,1,0.2319390380554802,0.4283337130830165,0.16657042104107714,0.17315682782042627
World,382,1,0.20090269449724585,0.3602072081588097,0.21952060530674594,0.21936949203719852
World,383,1,0.23730107988332286,0.317062819183946,0.21083471465918013,0.23480138627355104
World,384,1,0.19603701926256528,0.32864257355209864,0.21415497591338653,0.2611654312719495
World,385,1,0.21582167051639403,0.3694536061839258,0.20783438038271895,0.2068903429169613
World,386,1,0.20860279523510106,0.3615675541442703,0.2010306842243389,0.22879896639628983
World,387,1,0.19607326644570455,0.39129693107048674,0.20317725415099513,0.20945254833281357
World,388,0,0.45593829787722984,0.20517564561108298,0.17425858638478184,0.16462747012690535
World,389,1,0.18947029969139478,0.4317713632333108,0.1891430594493814,0.18961527762591304
World,390,0,0.28828091085320623,0.25506418670170655,0.23268691120307647,0.22396799124201075
World,391,1,0.2031525012264705,0.3471839180603726,0.22342137507648907,0.22624220563666794
World,392,1,0.20581527888549717,0.31922076265966,0.22112317218568087,0.25384078626916196
World,393,1,0.20091678736191407,0.3613814416298371,0.23108131146083433,0.20662045954741456
World,394,1,0.23745460581152453,0.34211886628899,0.21475062922583987,0.20567589867364558
World,395,1,0.17435656208052744,0.468873283987156,0.1743809954546961,0.18238915847762044
World,396,1,0.23384543277398298,0.3565780135708878,0.20600973665098354,0.2035668170041457
World,397,1,0.1920659642591565,0.4590378513019021,0.17612437400956055,0.17277181042938083
World,398,1,0.2393521015430434,0.26470007601684675,0.24945957421702064,0.24648824822308915
World,399,1,0.21976181780093101,0.3327451349165612,0.22805461314263856,0.2194384341398693
World,400,1,0.17865350956356235,0.4088502666276821,0.198848459172398,0.21364776463635754
World,401,1,0.25376212210427845,0.3255479238448418,0.21373571265529664,0.20695424139558308
World,402,1,0.18079771612929268,0.4241211615634857,0.18856664280419022,0.20651447950303137
World,403,1,0.24260197220007573,0.27094401129936074,0.2520664969346086,0.23438751956595494
World,404,1,0.25873113343778487,0.2728079612175727,0.23740432955762575,0.23105657578701658
World,405,0,0.3131284470016708,0.2556372149662208,0.2189103144238499,0.21232402360825844
World,406,1,0.22372409884452238,0.3484281711421845,0.21176521835007486,0.21608251166321826
World,407,1,0.23766337842031157,0.3633195313044666,0.19732450196110665,0.2016925883141152
World,408,1,0.1713248725444484,0.48333244238540723,0.17104216178667564,0.1743005232834688
World,409,1,0.2573750548216039,0.32468714573940133,0.21046605552946748,0.20747174390952725
World,410,1,0.2009139159700833,0.3768912496417057,0.21455782274598395,0.20763701164222706
World,411,1,0.19519651797153978,0.38497833310781915,0.20618436413836028,0.2136407847822808
World,412,1,0.1827385385639698,0.4075524603934609,0.2021712384091988,0.2075377626333705
World,413,1,0.18439335854716624,0.34541528229308127,0.23128451524932434,0.2389068439104281
World,414,1,0.2535341268077709,0.31578982474582945,0.2123328564844208,0.2183431919619788
World,415,0,0.27790704614841666,0.261654622204359,0.22148859648909297,0.23894973515813134
World,416,1,0.19525188836937096,0.44651123634384104,0.17829310555313713,0.17994376973365087
World,417,1,0.16443943150515938,0.5280721965297227,0.1456723025395627,0.16181606942555524
World,418,1,0.17273991345352335,0.5062506697615521,0.15583783720947111,0.16517157957545348
World,419,1,0.24392478278599913,0.36466554562768827,0.19937062522946317,0.19203904635684949
World,420,1,0.23157776246725004,0.32563531424312153,0.2177867060083038,0.22500021728132455
World,421,1,0.1752745552947363,0.5170915731244212,0.14684008226801296,0.16079378931282953
World,422,1,0.21229387958643753,0.34935393883924865,0.21535619825044094,0.22299598332387294
World,423,1,0.19424957752157057,0.44307970982024736,0.18541662055812658,0.17725409210005555
World,424,1,0.2516705682506159,0.2662313300712519,0.2401549615793059,0.24194314009882634
World,425,1,0.20674030822806752,0.3951765078818091,0.19858194637168877,0.19950123751843468
World,426,1,0.25559514360148167,0.31303260575876324,0.21655546004334097,0.2148167905964141
World,427,1,0.17927610674880134,0.44912811950701975,0.17815133241528736,0.19344444132889158
World,428,1,0.2669422938978993,0.2695682477046642,0.2247066266310043,0.23878283176643217
World,429,1,0.21881446871872642,0.36484883292241876,0.20928555755892242,0.20705114079993242
World,430,1,0.2268299123182217,0.33694764103651925,0.22340830241040008,0.21281414423485892
World,431,1,0.20940491653017457,0.401376523265774,0.19282187149100918,0.19639668871304228
World,432,1,0.19719355457192597,0.42761653652699466,0.1800695089488619,0.19512039995221744
World,433,1,0.2185776666770469,0.3727829646049396,0.20057193749512947,0.20806743122288396
World,434,2,0.19322312078964518,0.22617654031753381,0.3163351751288702,0.26426516376395076
World,435,1,0.1786489852230738,0.47923975821304293,0.16853947969221778,0.17357177687166547
World,436,1,0.2043526981925526,0.29821682834185687,0.2597944685130809,0.23763600495250964
World,437,1,0.1648257758766443,0.41528862961415386,0.19476990749602738,0.2251156870131744
World,438,1,0.2291773357826977,0.37985825062082934,0.19613425984215593,0.1948301537543171
World,439,1,0.19582975398007854,0.3759416891124733,0.21314551768028192,0.21508303922716623
World,440,1,0.27518796783595423,0.2781134001578023,0.22057969988151202,0.2261189321247315
World,441,1,0.16562249705291465,0.48216727141540017,0.16954076967802215,0.18266946185366306
World,442,1,0.18968956528142594,0.40061964262023897,0.20461196204628196,0.20507883005205307
World,443,1,0.20131424329139005,0.4218667594378773,0.1879829523886741,0.18883604488205855
World,444,1,0.19824312096912072,0.36396693869639607,0.21188429562823274,0.2259056447062504
World,445,0,0.2723707858176039,0.2664655530265869,0.235863469270022,0.2253001918857871
World,446,1,0.23026630066834874,0.39588093984835765,0.18305536665140648,0.1907973928318871
World,447,1,0.19165053525813852,0.3719552336846058,0.2158420304798798,0.2205522005773759
World,448,1,0.19810396730695656,0.35649993664183555,0.2153268968380002,0.2300691992132077
World,449,1,0.2128699122398097,0.3429262383682599,0.22748887925198477,0.21671497013994567
World,450,1,0.21461196439053964,0.3009926063154195,0.23098026089170062,0.2534151684023402
World,451,0,0.3575316234941097,0.24028819128589923,0.20870240893665923,0.19347777628333188
World,452,1,0.25309066812985914,0.3041684049093065,0.2168720864720776,0.2258688404887567
World,453,1,0.19556331270440797,0.38926170721696335,0.20675117195731968,0.20842380812130892
World,454,1,0.21636542060288114,0.3374488241416962,0.22146268276679815,0.22472307248862455
World,455,1,0.1991800802515714,0.3566476116679754,0.2148872563894631,0.22928505169099017
World,456,1,0.26280215401300105,0.34053128047805387,0.18725052351982377,0.2094160419891213
World,457,1,0.19570020355103177,0.3456519907439529,0.20444763388919387,0.2542001718158214
World,458,1,0.20408221454319003,0.3858001353559392,0.2046683416284883,0.2054493084723825
World,459,1,0.1752525528797346,0.4676852218378929,0.17191547611788688,0.1851467491644856
World,460,1,0.1948761268441447,0.4543659709757649,0.1718065440681425,0.17895135811194787
World,461,0,0.2742099322729273,0.26342906815231804,0.22912048390840267,0.23324051566635207
World,462,1,0.21053405477292844,0.3944731420731267,0.19833147707386392,0.1966613260800809
World,463,0,0.2853606352768999,0.27306289073622014,0.22239333421769317,0.2191831397691868
World,464,0,0.3651673132784728,0.252060340277659,0.19689947513150519,0.1858728713123631
World,465,1,0.2724001278724568,0.28641940852313674,0.22584430274334202,0.21533616086106439
World,466,1,0.20387859107173542,0.40632087582332127,0.1961274870062227,0.19367304609872063
World,467,1,0.22381409718146028,0.3868927002675414,0.19294477017129766,0.19634843237970076
World,468,1,0.22019496342211803,0.30980449899528906,0.2308899861697737,0.2391105514128192
World,469,1,0.22334958021652876,0.33020447205053993,0.2286101049838039,0.21783584274912732
World,470,1,0.21127762457671007,0.36666995927625506,0.20912232228963867,0.21293009385739625
World,471,1,0.21177451878925263,0.33396763130661605,0.2199581695269238,0.23429968037720755
World,472,1,0.19568807500268567,0.3388791232877305,0.22905063329222594,0.2363821684173578
World,473,1,0.2518232891950672,0.30595009017772706,0.21698774609164806,0.2252388745355577
World,474,1,0.21517256950854474,0.3110444303759792,0.2270910273797531,0.24669197273572302
World,475,1,0.24045606358079835,0.40013982390642333,0.17647950944317742,0.18292460306960098
World,476,1,0.1929687211281504,0.42740595636319795,0.1848610801558825,0.19476424235276918
World,477,0,0.3988670335292382,0.19775599849183656,0.20805892801601814,0.195318039962907
World,478,1,0.22293369513954026,0.34934471951189966,0.2162110083917869,0.2115105769567732
World,479,1,0.24325711444075998,0.35864451484917953,0.1993797277144328,0.19871864299562772
World,480,1,0.13436693368605995,0.610747725944428,0.12038025865955158,0.13450508170996045
World,481,1,0.25233176450212796,0.27168359835786593,0.22987250178690702,0.2461121353530991
World,482,1,0.2551744133625713,0.2854477197333911,0.22966320345995303,0.22971466344408462
World,483,0,0.2775802208853444,0.22591757188252837,0.24317150736414897,0.2533306998679782
World,484,1,0.1868247021031597,0.44966501014813876,0.1773580529860425,0.186152234762659
World,485,1,0.1944579563011676,0.3539056845611776,0.2236626226958073,0.22797373644184746
World,486,1,0.2228469914018398,0.3158295567907188,0.2314949279087494,0.22982852389869193
World,487,1,0.22757383177647453,0.3616608057490667,0.2009404825530368,0.2098248799214219
World,488,1,0.18637986093376066,0.4335926407015615,0.18348713817483886,0.19654036018983898
World,489,3,0.1930366950008329,0.2351587009857801,0.2506051771862894,0.3211994268270976
World,490,1,0.2008386950794418,0.4850046449788311,0.1531104113467143,0.16104624859501263
World,491,1,0.18575825676684873,0.4433334109913289,0.1755917129717088,0.1953166192701136
World,492,1,0.1761275416167966,0.4940744282669252,0.16090129521880225,0.16889673489747586
World,493,1,0.2205395915501864,0.2878905160102261,0.2462632461223316,0.2453066463172559
World,494,1,0.2717971387250856,0.28587007072405635,0.22670063529171092,0.2156321552591471
World,495,1,0.22525978190632873,0.3794120580530317,0.20271246232272153,0.19261569771791814
World,496,1,0.19666107367527158,0.39457527555620825,0.19052604252199143,0.21823760824652874
World,497,1,0.1754894335597514,0.4583805005122786,0.17738332978882523,0.18874673613914478
World,498,1,0.1920210566329927,0.46442450027678467,0.1694049256429337,0.174149517447289
World,499,1,0.16352778043185195,0.564664080360888,0.1281165197788193,0.1436916194284408
World,500,1,0.23157910977457843,0.3224569103194899,0.22308362510927093,0.22288035479666068
World,501,1,0.21405265779626328,0.3306309983293845,0.22392536211093766,0.23139098176341452
World,502,1,0.24971243450122776,0.31774956965992635,0.213761611970589,0.21877638386825687
World,503,1,0.18552027678179753,0.32393328259486165,0.2378388435953281,0.25270759702801276
World,504,1,0.17936064384833603,0.43591612587755113,0.19351929765569165,0.19120393261842117
World,505,1,0.19257795091348573,0.39255187606062464,0.20046683085128977,0.21440334217459986
World,506,1,0.2279621658929974,0.3180870563103071,0.23178303392400704,0.22216774387268853
World,507,1,0.23959079541327163,0.33952912568308435,0.21398501332450062,0.2068950655791434
World,508,1,0.19263507955919817,0.40385663090867036,0.1988999474497569,0.20460834208237463
World,509,2,0.2520299443699423,0.23778767075302792,0.2566789642128075,0.25350342066422227
World,510,1,0.1675027379407051,0.533750866280361,0.14413015118269676,0.15461624459623716
World,511,1,0.21080885452914055,0.3923805569882972,0.19552927133894135,0.20128131714362082
World,512,0,0.37001288658899617,0.20492516832868443,0.21993591615474894,0.20512602892757045
World,513,1,0.2538333201328611,0.2562709555021919,0.2484577146765912,0.24143800968835574
World,514,1,0.21968573504843955,0.3858375686428085,0.19514934568551967,0.19932735062323229
World,515,1,0.18996066609821372,0.4628077290447275,0.17147520006386108,0.17575640479319765
World,516,1,0.17762505722706032,0.5314599656097626,0.13879550035049498,0.15211947681268204
World,517,1,0.17138117807783312,0.4764183811016888,0.1712199332230569,0.18098050759742118
World,518,1,0.17129494711113902,0.5004323284773475,0.16492053271116097,0.16335219170035248
World,519,1,0.20960762787709075,0.37676912751883773,0.20352503267279257,0.21009821193127892
World,520,1,0.21014894864893058,0.38904824711078273,0.20047232131099377,0.20033048292929295
World,521,0,0.2839869174427211,0.2438166024259002,0.24560431762711388,0.2265921625042648
World,522,0,0.27750471214512235,0.22464459402995937,0.24769788405388418,0.2501528097710341
World,523,1,0.25350526367898324,0.38650944390244646,0.17992942025895645,0.18005587215961377
World,524,0,0.2921098496566132,0.2674799099515217,0.22109681169518633,0.2193134286966788
World,525,1,0.25350075926087506,0.2863933996532155,0.2216552853541295,0.23845055573177987
World,526,1,0.19845654798618032,0.4710756198444463,0.15996093461713193,0.1705068975522414
World,527,1,0.18528529649612963,0.4216504872370471,0.19776657392926136,0.1952976423375619
World,528,1,0.21790292837182174,0.37552564891445256,0.204468340444157,0.20210308226956872
World,529,1,0.273319714594862,0.3387373189001103,0.18691708776814817,0.20102587873687952
World,530,1,0.18781984398543175,0.4375058179530847,0.18240579151755174,0.1922685465439318
World,531,1,0.19428569629357106,0.3658229473219035,0.2262416601970918,0.21364969618743365
World,532,2,0.21862453940650062,0.2590670701893975,0.2672722947373669,0.25503609566673496
World,533,2,0.21024711838704355,0.21444098578389245,0.30702187743701603,0.2682900183920479
World,534,1,0.2082863314327223,0.36100722563203164,0.20881813486254933,0.22188830807269672
World,535,0,0.39541609182901255,0.22317796943647883,0.1909182637097472,0.19048767502476144
World,536,1,0.21146095056768066,0.36685044512684495,0.2101235673983742,0.2115650369071002
World,537,1,0.18854830576095205,0.4533114123613816,0.17648463397557196,0.18165564790209432
World,538,1,0.2335437980356755,0.27610265899355846,0.2599438173018142,0.23040972566895185
World,539,1,0.2041308822360974,0.40354007989488694,0.1944433178029592,0.19788572006605645
World,540,1,0.22698722166387303,0.2661461595657234,0.2529487575799762,0.2539178611904274
World,541,1,0.22936628330166944,0.38645733727251086,0.19033088579997734,0.1938454936258423
World,542,1,0.21592257798006137,0.42358098589190607,0.17539865655566853,0.1850977795723639
World,543,1,0.18501863679082095,0.42587672056674686,0.18680803259491677,0.20229661004751542
World,544,0,0.2876166884424697,0.26870305553308477,0.22936806840570023,0.21431218761874532
World,545,1,0.22118475810120633,0.3846852260700889,0.19892984024680016,0.19520017558190467
World,546,1,0.21867096067650005,0.36349029057047016,0.20901748762947275,0.2088212611235571
World,547,3,0.20997617790979825,0.2388537909160367,0.26857194605363605,0.282598085120529
World,548,1,0.23848635321006859,0.3284413984235529,0.21307691555858482,0.2199953328077937
World,549,1,0.23032116356244323,0.2894908364233628,0.2338117796268463,0.24637622038734763
World,550,1,0.23154193798564135,0.36469890717083486,0.19892100670209487,0.2048381481414289
World,551,1,0.2164198261904127,0.38976561878226257,0.18781689991518197,0.2059976551121427
World,552,1,0.2140714064228725,0.41549316098395284,0.18471523184146776,0.18572020075170695
World,553,0,0.41385593366401197,0.19169578331416695,0.20147664223070158,0.19297164079111942
World,554,1,0.17223336361942265,0.5269400459807972,0.14241009107714045,0.15841649932263963
World,555,1,0.25462872900023104,0.2601669671410082,0.2449676680757714,0.2402366357829894
World,556,1,0.22720896718291478,0.34753233588926574,0.2049271400869971,0.22033155684082237
World,557,1,0.160098353871345,0.5687777248708697,0.13027675265354957,0.14084716860423574
World,558,1,0.20680267218987053,0.4165850485113429,0.18803472358136775,0.18857755571741872
World,559,1,0.17077833368611878,0.4792742525177185,0.16744853769813967,0.18249887609802312
World,560,1,0.2162685442332174,0.40255156613838217,0.19166334753071662,0.18951654209768384
World,561,1,0.1910469786645265,0.45384468136941597,0.1722381556780357,0.1828701842880218
World,562,1,0.2292881520377427,0.28083946284014794,0.23909529099586266,0.25077709412624666
World,563,1,0.21640357258386947,0.3524968101830414,0.21440204148276146,0.21669757575032775
World,564,1,0.23834113352103506,0.3329616859985817,0.21276319378878186,0.2159339866916013
World,565,1,0.2718073422053381,0.2899554897310929,0.21387540189176654,0.2243617661718024
World,566,2,0.21660970234791754,0.2692325628451943,0.27230234241608525,0.24185539239080295
World,567,1,0.20962676528333854,0.408236923357363,0.18835008896407665,0.1937862223952218
World,568,1,0.23313239424226054,0.34263255712271895,0.2026111953243065,0.22162385331071402
World,569,1,0.21133199182859796,0.3789090271748521,0.19736574505607704,0.21239323594047288
World,570,1,0.2104109057988038,0.36817680614667053,0.2094162646868233,0.2119960233677024
World,571,1,0.2827490231923955,0.29749470844189746,0.21009972293680215,0.20965654542890486
World,572,1,0.1958991901953192,0.4715428840684544,0.16378704774143116,0.16877087799479523
World,573,1,0.22036006578717465,0.37070363916060334,0.20591346969596738,0.2030228253562546
World,574,1,0.2684594708881988,0.2821042972308048,0.22342590710553864,0.22601032477545774
World,575,1,0.20911228693201,0.3725505502941101,0.2030520573450108,0.21528510542886906
World,576,1,0.2323781434376965,0.2991239606212001,0.23893788533412544,0.22956001060697792
World,577,1,0.21475278298375816,0.37118856836829883,0.21002799347254106,0.20403065517540203
World,578,1,0.21844808268650853,0.4136047969076377,0.17982817897292006,0.18811894143293367
World,579,0,0.4110708335197698,0.19880871405476572,0.19782902090611043,0.19229143151935407
World,580,1,0.18593527707251645,0.4275563188182746,0.19414870315614696,0.19235970095306199
World,581,1,0.22658373591204442,0.3368805832596956,0.2135523984781845,0.2229832823500755
World,582,1,0.24761643053910745,0.34244811805738506,0.19295280095510306,0.2169826504484044
World,583,1,0.18417767669466625,0.48831214191541794,0.1606041072424083,0.1669060741475076
World,584,1,0.19516672608007687,0.3909069024659952,0.20591043738177267,0.20801593407215524
World,585,3,0.21456935566832416,0.2534226788708012,0.25838592010875694,0.27362204535211776
World,586,1,0.18024789139161124,0.4214844373261342,0.19259131982997763,0.20567635145227683
World,587,1,0.2258082793709429,0.276744833243632,0.2466474386943352,0.2507994486910899
World,588,1,0.20689784307039275,0.3133818610189236,0.2353264422098029,0.24439385370088076
World,589,1,0.1888974029318185,0.5032863950917289,0.14662303647777855,0.16119316549867407
World,590,1,0.18314409988098204,0.40358275611330896,0.1976482594877645,0.21562488451794457
World,591,1,0.20414074368250548,0.4421115640118094,0.1756529419607071,0.17809475034497804
World,592,1,0.27586593588365665,0.2817282827776295,0.21214757819330077,0.2302582031454131
World,593,1,0.1739356662954113,0.47804193964788,0.17085171624689968,0.177170677809809
World,594,1,0.23021111774768374,0.3842102859561617,0.1895918323351855,0.19598676396096903
World,595,1,0.2585337240254023,0.3264254432987948,0.20383605831122456,0.21120477436457838
World,596,1,0.23034857000502082,0.3427061826256231,0.21313536650882847,0.2138098808605276
World,597,0,0.4416093423308086,0.2064587131865654,0.17945589671624615,0.17247604776637973
World,598,1,0.19978654756662872,0.47128299800359114,0.15827107780615685,0.1706593766236233
World,599,1,0.20860413336694789,0.3440672755366699,0.2230251359233047,0.2243034551730775
World,600,3,0.2313526149435766,0.2609726489782911,0.23501370442838435,0.272661031649748
World,601,1,0.16893648746020928,0.5108201562214714,0.1556629412565156,0.16458041506180385
World,602,1,0.2066959970077164,0.355276748523594,0.21455487780289134,0.2234723766657982
World,603,1,0.2384061497020515,0.292891478040773,0.22358682247538586,0.24511554978178954
World,604,1,0.21856718543668055,0.3807127981996558,0.2027947469238367,0.19792526943982694
World,605,1,0.2132848633490044,0.4527570435898633,0.16289508814129777,0.1710630049198346
World,606,1,0.21726658884276948,0.2803164899899491,0.25073233376309767,0.25168458740418365
World,607,1,0.17374307521416618,0.4636512716755456,0.17323248745957906,0.18937316565070914
World,608,1,0.19421713209732197,0.39245602460853096,0.19240268369650504,0.220924159597642
World,609,1,0.21341045285459137,0.37711378546438207,0.20349363132958975,0.2059821303514368
World,610,1,0.22709530841231415,0.3571288471114354,0.20915037188076893,0.20662547259548156
World,611,1,0.22813166099919704,0.290083616895349,0.2464645791623698,0.23532014294308423
World,612,1,0.258276826518429,0.26855888169823283,0.23030193926910486,0.24286235251423333
World,613,1,0.19546122346913042,0.45200345025958055,0.1736625937948851,0.17887273247640384
World,614,1,0.22067483532077545,0.40826463273804126,0.18268991790656125,0.1883706140346221
World,615,1,0.21310868496858176,0.3080128796242677,0.2351169596347859,0.24376147577236468
World,616,1,0.20039745235445755,0.44713992592365515,0.17411349167590776,0.17834913004597958
World,617,0,0.34526394401927846,0.2502006345004054,0.2015768120095045,0.2029586094708116
World,618,1,0.20804671181212273,0.3299085133931702,0.22830692575195163,0.23373784904275544
World,619,0,0.2562238548504332,0.25054730780016427,0.24699396760871992,0.2462348697406826
World,620,1,0.2418798141803039,0.33129873778361574,0.20693022824735346,0.21989121978872683
World,621,1,0.2224414862890773,0.3599122645760125,0.21012538037963638,0.20752086875527384
World,622,1,0.22574414077506189,0.3053521802328742,0.22694202553851686,0.24196165345354703
World,623,1,0.2327933118194343,0.3009958029782935,0.2321745745213094,0.23403631068096276
World,624,1,0.18396363478625982,0.3932190810078394,0.20585755625486726,0.2169597279510335
World,625,2,0.2001910907452072,0.2161093718505617,0.2940995350049614,0.28960000239926975
World,626,2,0.2502593914233559,0.24883122309027067,0.2561967281190504,0.24471265736732303
World,627,1,0.21175976953686235,0.34697388052002165,0.21765942126894744,0.22360692867416862
World,628,1,0.22866051634921714,0.3967172027907573,0.18096509621636658,0.193657184643659
World,629,1,0.20855883923866034,0.3917682028567265,0.19468426762927074,0.20498869027534233
World,630,3,0.17500430917639154,0.1824572403211402,0.3112803425957153,0.331258107906753
World,631,1,0.20087626874359477,0.330147852558315,0.23448437012932732,0.2344915085687629
World,632,1,0.21387840828513657,0.4262651902709478,0.17822997351279052,0.1816264279311251
World,633,1,0.27386105458106597,0.27822406919801634,0.22278343889074173,0.22513143733017596
World,634,1,0.2416831457195475,0.3127891190110787,0.21516231000921832,0.23036542526015563
World,635,1,0.1805483144201059,0.4266022477519592,0.19230595147117815,0.20054348635675673
World,636,1,0.21835374644264474,0.32872237971194623,0.22820763908512123,0.2247162347602878
World,637,1,0.16732193522105682,0.4867888551657692,0.17321217229704572,0.1726770373161283
World,638,1,0.18400642517669158,0.44912969573622374,0.17779422396325756,0.1890696551238272
World,639,1,0.2047921675070571,0.3814222652260216,0.1943506128772446,0.21943495438967683
World,640,1,0.2336247401572962,0.36305228954150165,0.20165410575416384,0.20166886454703825
World,641,1,0.20305035715115108,0.41106560866891756,0.17913020841317426,0.2067538257667571
World,642,1,0.22133427299361538,0.3804523667474354,0.18832374586621983,0.2098896143927294
World,643,2,0.216599037426812,0.21632230184197096,0.30711059274816943,0.2599680679830476
World,644,3,0.2285952730346448,0.2517120536953329,0.24713413566066905,0.27255853760935334
World,645,0,0.2842224211802754,0.2563120281676814,0.23341083509611832,0.22605471555592488
World,646,1,0.16421389700884687,0.504309366211164,0.16127750336557178,0.17019923341441742
World,647,1,0.2243934233980801,0.37192480972643704,0.2014290838358565,0.2022526830396263
World,648,1,0.2252347768815283,0.3161129155521385,0.22634481489961872,0.2323074926667145
World,649,1,0.18574246213014256,0.4642734409662134,0.1747105441332378,0.17527355277040624
World,650,1,0.24088939740448279,0.3565641966356589,0.19435007647795394,0.20819632948190447
World,651,1,0.269488555840774,0.3080805797689148,0.20290668052613295,0.21952418386417824
World,652,1,0.2581101217834448,0.3155150229248295,0.20862715767923473,0.217747697612491
World,653,1,0.18541908921686148,0.4674643147964183,0.17030934237848674,0.17680725360823343
World,654,1,0.21937734355326582,0.3700621660395503,0.20614301381766112,0.20441747658952275
World,655,3,0.20803035383627952,0.23104615212813764,0.24733127086211723,0.31359222317346563
World,656,1,0.26715219339002894,0.2843243258520592,0.2235121705943405,0.22501131016357137
World,657,1,0.2576011004914026,0.2717154548698606,0.2362048487006213,0.23447859593811546
World,658,0,0.30814872225327605,0.23269838672428755,0.23659547635481581,0.22255741466762052
World,659,1,0.23842318617407798,0.3514850289604452,0.2036358600747697,0.20645592479070715
World,660,1,0.20698118414817246,0.3530180385327603,0.22344355252013803,0.21655722479892922
World,661,1,0.30727472256451477,0.3195806992249164,0.1891322541525569,0.18401232405801193
World,662,0,0.3996834542446737,0.1973088323932153,0.2046402844991923,0.19836742886291855
World,663,1,0.1876154333526611,0.43647242685761195,0.18540783058054336,0.1905043092091837
World,664,1,0.2131672483564089,0.35030078570999634,0.2214576638151667,0.21507430211842815
World,665,3,0.20663231324016693,0.24861866893245155,0.24208180033329674,0.3026672174940848
World,666,1,0.24113743572322663,0.318643033226187,0.21641643026478302,0.22380310078580337
World,667,1,0.2606006179483196,0.31086761247217254,0.21651559622752362,0.21201617335198425
World,668,1,0.22365489206632452,0.3220488112333882,0.22469632768897135,0.229599969011316
World,669,1,0.19416943135407305,0.30215792426099153,0.24500294937402664,0.25866969501090875
World,670,1,0.19258675463574018,0.28279070555582525,0.2596950490685779,0.26492749073985655
World,671,1,0.19593745244826682,0.38733076815646134,0.20454500347927135,0.21218677591600052
World,672,1,0.23694914154928132,0.342633332134237,0.21164536092011196,0.20877216539636975
World,673,1,0.183043184789618,0.4952787414915925,0.15592454081343365,0.16575353290535583
World,674,1,0.2481759709556023,0.3210109205062489,0.21806560745355022,0.21274750108459853
World,675,1,0.21485662002235795,0.42513780044738153,0.183764496387746,0.17624108314251458
World,676,1,0.17761832684359818,0.4346432914649182,0.19080278344802104,0.1969355982434626
World,677,1,0.243049708045382,0.3116443385613947,0.2226788215425953,0.2226271318506281
World,678,1,0.1966676160816367,0.4106452144850487,0.1904941593565163,0.20219301007679832
World,679,1,0.23687413591520767,0.28671127967659576,0.22648965828754797,0.24992492612064868
World,680,1,0.19210853457131521,0.4376341189559368,0.18346459994111924,0.1867927465316287
World,681,1,0.17293858677956453,0.44724759312993523,0.18162187799326288,0.19819194209723734
World,682,1,0.1826606875076366,0.4652386850505303,0.17023085694866807,0.18186977049316502
World,683,1,0.2566874293858077,0.3077301085710232,0.215743793728875,0.21983866831429405
World,684,1,0.20276992930051807,0.4317043355647362,0.1831955227820456,0.1823302123527001
World,685,1,0.2172895049712891,0.36008991500428716,0.20824461453490867,0.21437596548951507
World,686,1,0.1850684217633764,0.4064649383622178,0.19488135664205816,0.21358528323234763
World,687,1,0.1625847966143143,0.5289225271709116,0.14491948540624489,0.1635731908085293
World,688,0,0.28643031878639447,0.2180704866546831,0.2572652128770091,0.23823398168191331
World,689,1,0.16692509840292402,0.534192122774277,0.1470776721885147,0.15180510663428426
World,690,1,0.24791939112667247,0.317181297212106,0.21607487377438786,0.21882443788683364
World,691,1,0.16822461466349176,0.44022166739867236,0.19522864099411835,0.1963250769437175
World,692,1,0.23588315670447668,0.34499989447286333,0.20271848503555123,0.21639846378710864
World,693,1,0.20240297300693674,0.42656015635011785,0.1848848873651942,0.18615198327775115
World,694,1,0.1832653904883074,0.3474968700032639,0.20522617381718777,0.2640115656912409
World,695,1,0.19048385108019888,0.47839192819601206,0.16207886931067264,0.16904535141311636
World,696,1,0.17892734994245402,0.5093025145208172,0.15198315492260725,0.15978698061412155
World,697,1,0.1971883445319854,0.4012918385695563,0.2013282012299345,0.20019161566852378
World,698,1,0.17383622658132833,0.4693691677747661,0.17516534854075744,0.18162925710314815
World,699,1,0.2200992672211719,0.27705676661501144,0.2589744014075655,0.24386956475625118
World,700,1,0.28359665154264446,0.2912815388475778,0.21184417629904095,0.2132776333107368
World,701,1,0.17544139116063645,0.4503669720214653,0.1846444026222581,0.18954723419564024
World,702,1,0.2825854609578005,0.3017626663005126,0.20673085805393537,0.20892101468775154
World,703,1,0.23533730420767168,0.3460307716540237,0.20592278453844692,0.21270913959985763
World,704,1,0.20269196426132932,0.3086505295532788,0.23522516684938455,0.2534323393360073
World,705,1,0.2242906084838476,0.3571815012568137,0.2025638016481725,0.21596408861116623
World,706,1,0.2111650793741557,0.35987663289059285,0.21634368667059295,0.21261460106465857
World,707,1,0.20671977025417954,0.46740815884563874,0.1554481609192772,0.17042390998090456
World,708,1,0.21220549049016924,0.3666017288890648,0.2089252622092303,0.21226751841153566
World,709,1,0.24384753019640845,0.3043580768269364,0.22696202752017064,0.22483236545648452
World,710,3,0.20710099603764096,0.24261843244282016,0.2499551726544965,0.30032539886504245
World,711,1,0.16597983941185737,0.47186187534019514,0.17826303974878271,0.18389524549916475
World,712,1,0.20194716763693138,0.37250590074300927,0.2066738943519645,0.21887303726809482
World,713,1,0.2844523662516183,0.3425328951915372,0.18787133157739289,0.1851434069794516
World,714,0,0.3138296395865702,0.2263236152366383,0.23583996027103915,0.22400678490575238
World,715,1,0.2312907390711747,0.33966978794576014,0.2060744455585374,0.2229650274245278
World,716,3,0.19785695327140632,0.1991324031281669,0.285238674825357,0.31777196877506986
World,717,1,0.19738635051748984,0.28452675161409624,0.2606813004741321,0.25740559739428187
World,718,1,0.21932425267825711,0.43721906272763755,0.17051523481650432,0.17294144977760112
World,719,1,0.19222380737231456,0.35804997608859174,0.22085674854327605,0.22886946799581764
World,720,0,0.3181579371769372,0.28041069203280705,0.2009509603695504,0.20048041042070538
World,721,1,0.25679022513841077,0.28397827409128445,0.22184140985078904,0.23739009091951568
World,722,1,0.19502040204207022,0.47597387959036747,0.16245683104188952,0.16654888732567272
World,723,1,0.22615377969197883,0.33311073044625317,0.22170586592786587,0.2190296239339022
World,724,1,0.2416765942529417,0.36562235336497634,0.19144362893556052,0.20125742344652145
World,725,1,0.23833415598311092,0.3138851073067822,0.22548270380526533,0.22229803290484149
World,726,1,0.1972794503254546,0.29040753332333963,0.24053821835979192,0.27177479799141385
World,727,0,0.3053062998779449,0.2653225787073594,0.21790069199107276,0.21147042942362296
World,728,1,0.2029543933162331,0.4849262141575036,0.1554609265683284,0.1566584659579349
World,729,1,0.21671151651224269,0.3592262043994984,0.20222954268695043,0.22183273640130852
World,730,1,0.2085746463283829,0.45803297431619316,0.1615373720162291,0.17185500733919482
World,731,1,0.23890167168294815,0.3110007570029839,0.22160175193211945,0.2284958193819485
World,732,1,0.20303735868336653,0.30888130909496736,0.24594522859406626,0.2421361036275998
World,733,1,0.2023997487931964,0.462236813734425,0.164486900645182,0.1708765368271966
World,734,1,0.2567771345623212,0.3615505076087582,0.1909650225910736,0.19070733523784705
World,735,1,0.18531688442378128,0.46247229885324936,0.16968561131327134,0.18252520540969802
World,736,1,0.17740841825339806,0.47951666105518687,0.16931010903412225,0.17376481165729285
World,737,1,0.20033005794196443,0.3218586570898791,0.2336703212518851,0.24414096371627134
World,738,0,0.2733456045478213,0.23546007813833494,0.24407822893900105,0.24711608837484275
World,739,1,0.22074124338852416,0.31692751638140215,0.22932291613800626,0.23300832409206748
World,740,1,0.23485195969183958,0.39430878040989054,0.18178268709586934,0.18905657280240054
World,741,1,0.18046085694311625,0.4952987854481209,0.16165336000424557,0.16258699760451725
World,742,1,0.23081113374376297,0.3114544477010365,0.22867013555978363,0.22906428299541695
World,743,1,0.20054753937616726,0.4005573979620289,0.2016841958986669,0.19721086676313695
World,744,1,0.19007379062952962,0.4946413023115891,0.15372157290050834,0.16156333415837287
World,745,2,0.20472680391346362,0.1931554802459298,0.31443451647626647,0.28768319936434
World,746,1,0.19592639409284843,0.4520549594190725,0.17135248209921236,0.18066616438886676
World,747,1,0.21196381131116646,0.4001341376247325,0.19284688603170597,0.1950551650323951
World,748,1,0.18469263635718539,0.4219793047822632,0.18580417310050196,0.2075238857600495
World,749,1,0.26533054264231737,0.2667692382894386,0.2267081879218717,0.2411920311463724
World,750,2,0.17192878437318238,0.17257669100820666,0.35485330870154713,0.30064121591706383
World,751,1,0.21301459352677932,0.4394502362757614,0.16921284611824078,0.17832232407921852
World,752,1,0.1978957836203986,0.47043146003571945,0.1598376252504257,0.17183513109345627
World,753,1,0.2307394394572096,0.41356292507326214,0.16879313185748004,0.1869045036120482
World,754,1,0.1700961648052013,0.5138151855048,0.151450889651731,0.1646377600382678
World,755,1,0.2213769043794909,0.32748027737361224,0.22517632272690155,0.22596649551999531
World,756,1,0.20915282698678772,0.39691306416243166,0.1972012811941751,0.19673282765660555
World,757,1,0.17930434941915221,0.4440733510762085,0.18510753708089558,0.19151476242374368
World,758,1,0.17988370836033823,0.4534924591216941,0.17600926832398453,0.19061456419398312
World,759,1,0.1945509917388717,0.4084558011207084,0.18988154025255113,0.20711166688786883
World,760,1,0.19541901979630805,0.35951190315401627,0.22555077727447995,0.2195182997751957
World,761,1,0.19592309711053613,0.34561289538423345,0.22458880824032293,0.23387519926490744
World,762,0,0.2800928097504218,0.2770818874256954,0.22345876252545363,0.21936654029842922
World,763,1,0.19975781267673054,0.439598785917266,0.17683272869774436,0.1838106727082591
World,764,1,0.22744896763570535,0.28594039612773364,0.24369742756548238,0.24291320867107863
World,765,2,0.25270458573493565,0.25048723838869774,0.26029293638228085,0.2365152394940857
World,766,1,0.23445879279051318,0.35330777859611057,0.20587789958384314,0.20635552902953308
World,767,1,0.28037247475096316,0.2991819760484972,0.2024302849743448,0.21801526422619483
World,768,1,0.20555431467079746,0.4204841068532534,0.18481165423839688,0.18914992423755228
World,769,1,0.19424460754854533,0.4261071854844702,0.18822448349647236,0.19142372347051212
World,770,3,0.2215870045763922,0.24956921288567907,0.2559402730790236,0.2729035094589051
World,771,1,0.21312992570032763,0.4188768296127075,0.18214425349830812,0.1858489911886567
World,772,1,0.2018251215750808,0.38798837512112977,0.20455643560587025,0.2056300676979191
World,773,1,0.16505099541829474,0.47156160924635293,0.17477743726062583,0.18860995807472647
World,774,1,0.18938119797440306,0.49053406962920937,0.15280692587578887,0.16727780652059868
World,775,1,0.15037460793281834,0.5102701544518004,0.16316075158837737,0.17619448602700397
World,776,1,0.1658730396748007,0.5100072581127939,0.15719196037126867,0.16692774184113673
World,777,1,0.20097378060362267,0.4225843967686574,0.1920183965624427,0.18442342606527726
World,778,1,0.18490924546940699,0.5096790414893335,0.14442293492663227,0.1609887781146273
World,779,1,0.23569375952382296,0.3283388974732132,0.21141490956323727,0.22455243343972653
World,780,2,0.2301676249580182,0.25152207893178735,0.2599897412373394,0.258320554872855
World,781,1,0.18445802709320455,0.45207014454514555,0.17594661499403455,0.18752521336761546
World,782,1,0.18673554613824134,0.4509996956345695,0.17910554185533795,0.1831592163718513
World,783,1,0.2126389415259506,0.33043364745784526,0.22292655085757945,0.2340008601586247
World,784,1,0.21313996663390103,0.3808164575355882,0.20796383220828268,0.19807974362222813
World,785,1,0.23893264507167994,0.3558812679166282,0.2026169992341868,0.20256908777750504
World,786,1,0.195931380418127,0.41253225044618647,0.19636795653337813,0.19516841260230844
World,787,1,0.2616583902750693,0.3030948710053011,0.2188084775176051,0.2164382612020245
World,788,1,0.20503139391798808,0.330624014291791,0.2281581025437617,0.23618648924645927
World,789,1,0.20917167023174477,0.3587267055796175,0.21514989645735866,0.21695172773127908
World,790,1,0.19778992135494852,0.4583863649014982,0.16568837094642178,0.17813534279713156
World,791,0,0.2798291438566164,0.2617866975809038,0.22566952828163123,0.23271463028084866
World,792,1,0.20285901970331877,0.3551100070510865,0.22114931325404308,0.22088165999155168
World,793,1,0.1951737787912159,0.39736101059106754,0.20024611649326832,0.20721909412444817
World,794,1,0.2224858879251423,0.3053715665306289,0.22817251935757488,0.2439700261866539
World,795,1,0.2165343151240195,0.33088366495891286,0.22914727825044864,0.22343474166661895
World,796,1,0.2272301096258704,0.30382494184027237,0.22028341966794285,0.24866152886591444
World,797,1,0.2262608924078778,0.4032973810688306,0.18883630089642753,0.18160542562686408
World,798,2,0.24952254893111606,0.2494690343089024,0.25611165929631663,0.24489675746366496
World,799,1,0.20814373181561524,0.4280691191780999,0.17634555775179153,0.18744159125449333
World,800,1,0.21839349719351492,0.36599430218702006,0.2002172381441546,0.2153949624753105
World,801,1,0.19552510932678469,0.4146095272630493,0.19242418028759808,0.19744118312256792
World,802,1,0.2179886210854798,0.28593095570172666,0.2406489651336477,0.2554314580791458
World,803,1,0.17784242025234523,0.46805967711127944,0.17000145645943904,0.18409644617693627
World,804,0,0.41775999693675775,0.207298108332983,0.1916752060022752,0.183266688727984
World,805,1,0.19599180623044682,0.448183392131829,0.1705999248622306,0.18522487677549357
World,806,3,0.20724755503422143,0.2531655562103341,0.2520958378968539,0.28749105085859056
World,807,1,0.21055527733366536,0.3259783888922879,0.22378783832426477,0.23967849544978193
World,808,1,0.20685293302515942,0.389282411657263,0.2036236688509163,0.20024098646666122
World,809,0,0.29686881937554116,0.2324368024915862,0.2396538375483023,0.23104054058457038
World,810,1,0.22445676321957472,0.39837973777238883,0.18789232409094822,0.18927117491708828
World,811,1,0.2318703925786905,0.3160303285146935,0.2228332873107641,0.2292659915958519
World,812,1,0.19014873620321335,0.4578129644806407,0.1694240877006457,0.1826142116155003
World,813,1,0.1902045401107211,0.4511481168734979,0.17816022899222542,0.18048711402355563
World,814,1,0.2754245095229474,0.2894762889782116,0.21759272497145585,0.2175064765273851
World,815,1,0.2190698736077281,0.36788727427424184,0.20942647356615543,0.20361637855187462
World,816,1,0.20725758386200216,0.30774051930922125,0.23594852726618137,0.24905336956259522
World,817,1,0.1859570506964451,0.44367763395457716,0.1728410001000455,0.1975243152489323
World,818,1,0.2423423416755221,0.36763910125041355,0.19084105769214751,0.19917749938191687
World,819,1,0.18739557386790176,0.38235042045183704,0.2142516725259413,0.2160023331543199
World,820,1,0.20812734446357695,0.35048027655112923,0.21682509356084917,0.22456728542444465
World,821,1,0.16823770283621026,0.4854470485805764,0.17111298388314805,0.17520226470006534
World,822,1,0.19649801520200583,0.4194840211390873,0.1817901758138685,0.2022277878450384
World,823,1,0.2176515358932653,0.4248206625569723,0.17932168382519909,0.17820611772456327
World,824,1,0.23353496299770216,0.31767960943444434,0.22405222177450884,0.22473320579334463
World,825,1,0.2285181015827606,0.28738125564242284,0.2597480860767764,0.2243525566980402
World,826,1,0.19491459714123668,0.39971290558722766,0.20391602059514186,0.2014564766763938
World,827,3,0.22123629294026542,0.22760749781557305,0.274929236903519,0.2762269723406426
World,828,1,0.22975481141626813,0.3634747224233647,0.20367351461862107,0.20309695154174606
World,829,1,0.22818616634050656,0.2796058491430866,0.23900025714795853,0.25320772736844827
World,830,1,0.2063703509878703,0.433189647947336,0.1769993289134322,0.18344067215136148
World,831,1,0.2036451954368211,0.3770192464457274,0.21281617033212893,0.20651938778532258
World,832,1,0.2126975514002379,0.3934806458762293,0.1961038379145431,0.1977179648089897
World,833,1,0.1905871590069054,0.4380555517329699,0.18551562503568642,0.1858416642244383
World,834,1,0.2650074851450598,0.33101833052505053,0.203284661963228,0.2006895223666617
World,835,1,0.19940767473805013,0.4110654688256013,0.1878600226330084,0.2016668338033401
World,836,1,0.2007646636103243,0.278403636048971,0.2749387720611963,0.24589292827950837
World,837,1,0.23253889364448355,0.3389870171407046,0.2156034067888618,0.21287068242595003
World,838,1,0.22119693339338972,0.3623697203484269,0.20629578932150502,0.21013755693667832
World,839,1,0.1868739917442818,0.46894917948122145,0.16841764697498238,0.1757591817995143
World,840,1,0.2121935418941241,0.4475191723744403,0.16357464311800848,0.17671264261342717
World,841,1,0.25203223324296914,0.26486111635179477,0.2362861129239928,0.24682053748124333
World,842,1,0.19364414266241006,0.4605644542625109,0.16817891540002478,0.17761248767505425
World,843,1,0.2290416792681095,0.40327940502884413,0.1847128519821141,0.1829660637209323
World,844,1,0.1997637677474057,0.3977577117522962,0.1957299148848373,0.20674860561546085
World,845,1,0.18066988609203447,0.4058521859093053,0.20693510978594584,0.20654281821271442
World,846,1,0.23656682452425834,0.31763339552473224,0.22526721927629115,0.22053256067471835
World,847,1,0.22534282729964136,0.37773233222784364,0.1947571742891544,0.20216766618336054
World,848,2,0.21289081744753788,0.2658061511090113,0.2700068314159944,0.2512962000274564
World,849,1,0.2804417692882319,0.29278446929188756,0.21653843418931895,0.21023532723056154
World,850,3,0.23433777090127508,0.24848531277210625,0.25530037753462836,0.26187653879199024
World,851,1,0.22401025815863346,0.33503437730809277,0.22320511183714034,0.21775025269613343
World,852,1,0.20165475603656716,0.4553536086899113,0.16848915514333773,0.17450248013018377
World,853,1,0.2354870426550436,0.3418350241011246,0.21313201418380848,0.20954591906002326
World,854,2,0.2115328058392173,0.21002641502499597,0.2899123233641149,0.28852845577167185
World,855,1,0.20458351041576386,0.3733548144091349,0.20229758541010104,0.21976408976500014
World,856,1,0.190160022594137,0.4205760553965195,0.19505617734209196,0.19420774466725158
World,857,3,0.1687016150050277,0.16466884444299784,0.30498544865097915,0.36164409190099533
World,858,1,0.21859176189773402,0.29047682031386046,0.2524430071803078,0.2384884106080977
World,859,1,0.17739139800260756,0.4870579144040334,0.16318170645883984,0.17236898113451912
World,860,1,0.17897545290260686,0.5023935842456444,0.15397603962045328,0.16465492323129552
World,861,1,0.16930541069442898,0.4792293102285981,0.1639631173630831,0.1875021617138898
World,862,1,0.23161073636928367,0.29196992960644685,0.2306387722507185,0.24578056177355104
World,863,1,0.19015956556434918,0.4663861798976109,0.16886571405970216,0.17458854047833777
World,864,1,0.28609492121768265,0.2916061321668187,0.21285313858137836,0.20944580803412027
World,865,1,0.17600088233459968,0.5122114081944568,0.15294426751448942,0.15884344195645408
World,866,1,0.25892231758393697,0.29824428648010887,0.22483596687040103,0.21799742906555314
World,867,1,0.21740314157575566,0.30146196190120617,0.23870956547735517,0.24242533104568292
World,868,0,0.29925823873742724,0.27868914918379933,0.218184752483758,0.20386785959501538
World,869,0,0.34504103933595714,0.23364815432470168,0.2105879227531259,0.21072288358621527
World,870,1,0.221000776186217,0.45842049207532787,0.15692673079255412,0.16365200094590104
World,871,1,0.249216776095741,0.31880913812991346,0.217118437892498,0.21485564788184752
World,872,1,0.20862377463688495,0.32238495165199393,0.2350687982919218,0.2339224754191993
World,873,1,0.2663809463274162,0.3011617642790434,0.21112899084725995,0.2213282985462804
World,874,1,0.17599366280287776,0.4919855649929619,0.16321550372052637,0.168805268483634
World,875,1,0.1821341854563193,0.4503559086870716,0.17584591179199846,0.19166399406461065
World,876,1,0.2142560291551172,0.36474475414843366,0.20417622641154679,0.21682299028490232
World,877,1,0.22862425967601796,0.31636483331426585,0.2265493647830345,0.22846154222668158
World,878,1,0.18654651249381343,0.35298598657042835,0.23062705882014756,0.22984044211561072
World,879,1,0.26581832198998484,0.32197610808071325,0.20636717283456638,0.2058383970947356
World,880,1,0.2548120920761685,0.3236711030039598,0.2082228191184806,0.21329398580139114
World,881,1,0.2049210672750227,0.3472268265433014,0.2228957951458712,0.2249563110358047
World,882,1,0.21575138093452056,0.3209068878637431,0.22732476528992643,0.2360169659118099
World,883,1,0.2407718511168763,0.3581485921160725,0.19466008872622356,0.20641946804082767
World,884,1,0.23578308565770437,0.33334967720565317,0.21603389926871702,0.21483333786792544
World,885,1,0.2143130354995564,0.3897008520477809,0.19553023873858874,0.20045587371407392
World,886,1,0.1989829703793435,0.38893406490009835,0.20004112669202936,0.21204183802852875
World,887,1,0.16208556393564144,0.5214971515158571,0.15193361595693705,0.1644836685915644
World,888,0,0.3209107792218473,0.2348438097597958,0.22299036196851205,0.22125504904984492
World,889,1,0.25493188495689056,0.34220400669300577,0.19998622788516218,0.20287788046494146
World,890,1,0.2143900137439788,0.31803802812990917,0.23773823470530236,0.22983372342080968
World,891,2,0.21999423876109483,0.2595871736631048,0.27584311746524853,0.2445754701105518
World,892,1,0.27775650004592456,0.3313500009140286,0.20026837972946543,0.19062511931058143
World,893,3,0.1681392367989595,0.19474730166647494,0.2754879983054914,0.3616254632290741
World,894,1,0.15272548910793837,0.5606280082013613,0.13701438216471634,0.149632120525984
World,895,1,0.21254770017202762,0.3734502822313331,0.2049832233337165,0.2090187942629228
World,896,1,0.19538770036449624,0.415191502281591,0.191314001168392,0.19810679618552077
World,897,1,0.21362208658034854,0.37616092209388075,0.2058417456753225,0.2043752456504483
World,898,3,0.16897076795378296,0.18173192582921333,0.2921600186538671,0.3571372875631366
World,899,3,0.1800325011008101,0.20205120745021388,0.2625596388031285,0.3553566526458476
World,900,1,0.21149578681771625,0.3495473536809418,0.2194454437419316,0.21951141575941038
World,901,1,0.20679860487169313,0.3460070302219781,0.21935034250554994,0.22784402240077883
World,902,1,0.17541096648436413,0.44631215538666186,0.1836685146612217,0.19460836346775234
World,903,1,0.20448929192997506,0.42157282349043196,0.18188269348756644,0.1920551910920265
World,904,0,0.29695895312169784,0.27374255481958143,0.21944193204481957,0.20985656001390107
World,905,1,0.1893303941294385,0.3825614381981833,0.20921220209682373,0.21889596557555446
World,906,3,0.20662659378908857,0.21151215022881528,0.26954059225557275,0.3123206637265234
World,907,1,0.17059194156203794,0.45178684579673883,0.18343405519295655,0.19418715744826673
World,908,0,0.32347286465328107,0.2614337052210925,0.2091849910037881,0.2059084391218384
World,909,1,0.20179462453575023,0.3116139829256846,0.22639256856276438,0.2601988239758008
World,910,1,0.2084534311259054,0.44918906266937,0.1684085268487042,0.1739489793560205
World,911,1,0.27138645794292804,0.3053581721811076,0.2120515570365185,0.21120381283944584
World,912,1,0.255341995146905,0.31596592858261646,0.21420802450602663,0.214484051764452
World,913,1,0.19976920813911955,0.35231326946822084,0.22616376075577335,0.22175376163688626
World,914,1,0.1901471136836153,0.4879696287560945,0.1589340728780865,0.16294918468220373
World,915,3,0.17435448973887677,0.22823411324667264,0.23875720156647223,0.35865419544797833
World,916,1,0.19449769566355551,0.396997327168721,0.2014194630732521,0.20708551409447137
World,917,1,0.2037485462085305,0.43011464510362096,0.1797284765269242,0.18640833216092426
World,918,1,0.19737585572105865,0.44603037500785625,0.17614035875466028,0.18045341051642474
World,919,1,0.2767967571021118,0.2823144581866726,0.221831252214051,0.21905753249716448
World,920,1,0.19167573370709437,0.44926065970476325,0.1723187184358821,0.1867448881522604
World,921,1,0.19813994721429867,0.4439530125146949,0.17110639051229823,0.18680064975870828
World,922,1,0.16911973884335027,0.5072049631123359,0.15758448061544142,0.1660908174288724
World,923,1,0.20849889078600012,0.2952846678014413,0.23893225684433786,0.2572841845682207
World,924,1,0.22656496514609453,0.4002680558356264,0.1797146157328502,0.19345236328542886
World,925,1,0.18902854065660857,0.4705528052119038,0.16391358464208122,0.1765050694894064
World,926,1,0.1671002077389087,0.5124647746025427,0.15314673099898085,0.16728828665956777
World,927,1,0.2146040943026265,0.4194925278309362,0.17832896400659662,0.18757441385984067
World,928,0,0.294214129789059,0.2698220916348568,0.21208132160663823,0.22388245696944598
World,929,1,0.21001982739723332,0.30281548605348557,0.22852377790217343,0.25864090864710776
World,930,1,0.2216993245088379,0.3028600349405021,0.23112188770851727,0.24431875284214272
World,931,1,0.1811695949882693,0.436435526386788,0.18887668894101212,0.1935181896839305
World,932,1,0.276457721035369,0.3256821704500922,0.19511502090895286,0.202745087605586
World,933,1,0.21445981219788723,0.35152271756239606,0.22319885399471734,0.21081861624499929
World,934,1,0.22148312800820236,0.30645493056250517,0.23030833161012196,0.24175360981917052
World,935,1,0.18605868483641025,0.45402371276919484,0.17608007717318233,0.1838375252212126
World,936,1,0.25556729735871386,0.34643135418875687,0.1931369614741483,0.20486438697838105
World,937,1,0.17112229888375177,0.47540329975082984,0.1718371796352556,0.18163722173016286
World,938,1,0.20317490427689736,0.4383843948857406,0.17173345343000113,0.1867072474073609
World,939,1,0.19010967212449892,0.38204123546617,0.1995721181913208,0.2282769742180102
World,940,1,0.23074104678955007,0.3724266485098952,0.19928889907703753,0.19754340562351716
World,941,1,0.2387989875760439,0.37150489865168396,0.19555110318503569,0.19414501058723654
World,942,1,0.24608797792532813,0.3695499815156719,0.1951495866896259,0.18921245386937408
World,943,1,0.16955707134594722,0.5203506931218097,0.14758673366130143,0.16250550187094173
World,944,1,0.24379788785051087,0.256219283817721,0.25560250321687816,0.2443803251148899
World,945,1,0.2102311780290083,0.39054494272939577,0.20160727492325486,0.19761660431834113
World,946,0,0.27879203009976705,0.22973765190553844,0.23208902631546052,0.2593812916792339
World,947,2,0.2476210327890444,0.23837798872022753,0.2615809530407048,0.2524200254500233
World,948,1,0.20827961576205728,0.3958110473145994,0.1948270293679151,0.20108230755542827
World,949,3,0.23143853988920873,0.2635802592061155,0.23693201518853632,0.2680491857161394
World,950,1,0.23151010984504977,0.25888896028561525,0.25852577404706784,0.2510751558222672
World,951,1,0.23088589583505428,0.3973008211495086,0.18357210538509985,0.1882411776303373
World,952,1,0.19908326080299626,0.3765788912572049,0.20960728666508152,0.2147305612747173
World,953,1,0.21341206174806826,0.4598640408608602,0.16172165298362262,0.165002244407449
World,954,1,0.24618216484675964,0.31209472199416854,0.21403045554197989,0.2276926576170919
World,955,1,0.1751799890469305,0.4928092382687766,0.16300483244207992,0.1690059402422129
World,956,1,0.16833555831720057,0.47665387206448007,0.1737142635773165,0.18129630604100286
World,957,1,0.22253565088659077,0.32659556147944985,0.23318445720873482,0.21768433042522456
World,958,1,0.22161800588980446,0.3875274290683324,0.19464864287124167,0.19620592217062152
World,959,1,0.1843070722945038,0.45676773171923696,0.18253325638348447,0.17639193960277472
World,960,1,0.19465041365510602,0.4515579549785055,0.17767622534120198,0.17611540602518652
World,961,1,0.2117936645290066,0.3310788068621899,0.22997471415430282,0.22715281445450072
World,962,1,0.2100697306909114,0.3931321424336668,0.20667963561325994,0.1901184912621619
World,963,1,0.21014705969612307,0.4033576821245804,0.1875155566199931,0.1989797015593034
World,964,1,0.18821847379129508,0.3431668229609618,0.2211153233635019,0.24749937988424123
World,965,1,0.1784130750731808,0.4862500266385957,0.16605768160041992,0.16927921668780363
World,966,1,0.23113035120324463,0.3449573803771439,0.2093495696060582,0.21456269881355325
World,967,1,0.20239216724284742,0.3504432102107978,0.21346313650431212,0.2337014860420427
World,968,3,0.22641685274882214,0.243584785986852,0.24558702867367566,0.2844113325906501
World,969,1,0.16993137375903158,0.4612773215672875,0.1782697901508863,0.1905215145227945
World,970,1,0.18404148628840936,0.43795075163976765,0.1895362973127124,0.18847146475911056
World,971,1,0.23922798542824392,0.2848106494304548,0.20999607376559146,0.26596529137570984
World,972,1,0.1793935406023878,0.44765248500626065,0.18235036533689425,0.1906036090544572
World,973,1,0.24205465989353905,0.29502895468924756,0.2290226114364431,0.23389377398077027
World,974,1,0.20431779724260082,0.36146708448832515,0.21727152872910682,0.21694358953996712
World,975,1,0.1977094103081968,0.32668227814807954,0.2188050699653721,0.25680324157835155
World,976,1,0.20680101795803021,0.4458939152959782,0.17473392912901622,0.17257113761697535
World,977,1,0.22926830731184134,0.3905213318352529,0.1781967351003287,0.2020136257525771
World,978,3,0.18903885791053548,0.19581638472931207,0.24567653185365654,0.36946822550649594
World,979,1,0.1733812932582641,0.5266744733115463,0.14699278349167555,0.15295144993851417
World,980,1,0.24493690583016692,0.28959202325097877,0.2334350056114906,0.2320360653073637
World,981,1,0.2155620739418701,0.3150578062698037,0.23573060994411776,0.23364950984420854
World,982,3,0.20374427584889326,0.2294895759254508,0.2381626081734403,0.3286035400522157
World,983,1,0.21011962369700438,0.4061503237877502,0.19002877850174446,0.19370127401350093
World,984,1,0.14508880919461203,0.5928799376294236,0.12652217129836493,0.1355090818775994
World,985,0,0.28424208979552235,0.2717404453506379,0.21778337573806467,0.22623408911577508
World,986,1,0.2077834741081524,0.3755128504020818,0.20046775575078696,0.21623591973897885
World,987,1,0.20972700240713815,0.2735542653231145,0.26464075045585833,0.2520779818138891
World,988,1,0.19854017907865606,0.3248301606769116,0.23375914384092,0.24287051640351223
World,989,1,0.20095677757166466,0.3747461251199876,0.20532193088316492,0.21897516642518286
World,990,1,0.2103422855194806,0.36918672656361157,0.2140959251238117,0.20637506279309611
World,991,1,0.2341932095026432,0.3450342692805817,0.20633230395302124,0.21444021726375387
World,992,1,0.18921898453444483,0.4325243559292749,0.1813719526843028,0.19688470685197743
World,993,1,0.21258380706407315,0.3952484514506448,0.19519397053388668,0.19697377095139532
World,994,1,0.18628037246169304,0.5176067423840297,0.14476358869755027,0.151349296456727
World,995,1,0.19334480542743404,0.43512654314453253,0.17901186132620664,0.19251679010182682
World,996,1,0.20403079623552198,0.4416297313826788,0.16776970925724022,0.18656976312455903
World,997,1,0.18773502808108533,0.29144947894420337,0.2538091311897728,0.26700636178493853
World,998,1,0.1974615591542112,0.3525433412362524,0.22318377112754506,0.22681132848199137
World,999,1,0.23228441550866732,0.3262224753733736,0.21310500256287693,0.2283881065550821
Sports,1000,0,0.3776250510757811,0.2191433309440127,0.19930576790906762,0.20392585007113864
Sports,1001,0,0.3883486092795954,0.2081762990673453,0.19839080604062434,0.205084285612435
Sports,1002,0,0.3022753312550219,0.24210035989037415,0.22592325387676804,0.22970105497783597
Sports,1003,0,0.36513660185129515,0.22536135777178226,0.20405450416603974,0.20544753621088283
Sports,1004,0,0.39629772072591374,0.22102023868390516,0.19490190617372824,0.18778013441645283
Sports,1005,0,0.3617041228890949,0.23168292749140712,0.2005056279154762,0.20610732170402185
Sports,1006,0,0.5398448468602093,0.16803583633873884,0.15104076954624496,0.14107854725480692
Sports,1007,0,0.44737132806553925,0.2001728216824048,0.1774614291250727,0.17499442112698324
Sports,1008,0,0.411846001599758,0.20544866595892924,0.19149104828046415,0.19121428416084868
Sports,1009,0,0.36158288675144884,0.21624579785320922,0.21644722317693846,0.2057240922184034
Sports,1010,0,0.3465876863397787,0.23207748694377692,0.20957130898087178,0.2117635177355725
Sports,1011,0,0.4605150556268472,0.1918264926953745,0.175351954671706,0.17230649700607237
Sports,1012,0,0.44245989787162365,0.21499474391586215,0.17347887829280506,0.16906647991970916
Sports,1013,0,0.32251281273012294,0.26072295430342246,0.208956305544397,0.2078079274220576
Sports,1014,0,0.30224460778675055,0.2162890659661431,0.23329991823726287,0.24816640800984346
Sports,1015,0,0.3749227040537537,0.2153358172122796,0.20328122964103784,0.20646024909292884
Sports,1016,3,0.2511261320823834,0.23321185855088797,0.2538920920030895,0.2617699173636392
Sports,1017,0,0.35200324027251395,0.23146917648493265,0.20614002235489207,0.21038756088766133
Sports,1018,0,0.47500339115775536,0.18514287113860195,0.1755687918154511,0.1642849458881915
Sports,1019,0,0.355605360557139,0.21679857939886632,0.208345152992629,0.21925090705136568
Sports,1020,0,0.4223367142286475,0.22620328111705928,0.17046458326629138,0.18099542138800187
Sports,1021,0,0.2775602462454176,0.22455634075075906,0.2387263505081123,0.2591570624957111
Sports,1022,0,0.36245039117579236,0.23355998349391244,0.21211876883020517,0.19187085650009
Sports,1023,0,0.30879474686336594,0.19398250930914507,0.25302837818333485,0.24419436564415414
Sports,1024,0,0.44721667508199503,0.19639365548447119,0.18512690635019513,0.17126276308333868
Sports,1025,0,0.3694940446756276,0.22057012431927903,0.2094581097886792,0.20047772121641425
Sports,1026,0,0.36016122020205027,0.24784314613350233,0.20022594260396542,0.19176969106048206
Sports,1027,0,0.4355483171548205,0.20946335140324707,0.18118417414397783,0.17380415729795454
Sports,1028,3,0.2656765939386959,0.18406368694152245,0.2564842656058177,0.29377545351396395
Sports,1029,0,0.27873446913722827,0.23927398028216398,0.2403537038353494,0.24163784674525832
Sports,1030,0,0.31270456692563875,0.24098430720334416,0.2256374480240595,0.2206736778469576
Sports,1031,0,0.4592483616446754,0.2052429152998815,0.168589562430695,0.166919160624748
Sports,1032,0,0.44691487054078627,0.18239782698144996,0.18245411640631506,0.18823318607144868
Sports,1033,0,0.31715960288572953,0.2582692137496185,0.21344513982606428,0.21112604353858766
Sports,1034,0,0.3213339767687735,0.2367469704031898,0.2212597280858549,0.22065932474218172
Sports,1035,0,0.42869564819136124,0.21021125569891227,0.17921186636303713,0.18188122974668935
Sports,1036,0,0.5068087114166651,0.1830668103653339,0.15975382264849122,0.15037065556950982
Sports,1037,0,0.4203669616109244,0.19907258595016647,0.19543115147987924,0.1851293009590299
Sports,1038,0,0.30759077456050865,0.23111974587000497,0.22879965030869334,0.23248982926079306
Sports,1039,0,0.33064881011222713,0.2226047531845239,0.2225896709941003,0.22415676570914875
Sports,1040,0,0.3568462914452202,0.21904054485360472,0.21973703612096543,0.2043761275802097
Sports,1041,0,0.4684857213102313,0.19035013265444453,0.17380847600174856,0.1673556700335756
Sports,1042,0,0.3594166494734282,0.23943252249400596,0.20034748715334416,0.20080334087922155
Sports,1043,0,0.4483126059637242,0.19915635863245718,0.17624753811978383,0.1762834972840348
Sports,1044,0,0.37086398280529626,0.2048328767040006,0.2116917518800211,0.21261138861068202
Sports,1045,0,0.3834664193707416,0.2065251975099807,0.2079016071780296,0.20210677594124812
Sports,1046,0,0.47138736704493095,0.1934795149973019,0.1701100151679549,0.16502310278981225
Sports,1047,0,0.38581995780001027,0.2303887219154456,0.19210592382209885,0.1916853964624453
Sports,1048,0,0.3113969726834053,0.22160070256467554,0.23481879182473267,0.23218353292718644
Sports,1049,0,0.3312422503884571,0.2232568286617217,0.2287523818777549,0.21674853907206637
Sports,1050,0,0.4376479489121346,0.21962889384993792,0.17070600473280603,0.17201715250512142
Sports,1051,0,0.469755724199853,0.1926913698156365,0.16903997084022682,0.16851293514428373
Sports,1052,0,0.37927383330694353,0.2111984051663671,0.21058948714551304,0.19893827438117637
Sports,1053,0,0.39919185656174955,0.2098386916196478,0.20749594295239981,0.18347350886620284
Sports,1054,0,0.32796466969106736,0.22972802541431434,0.2161070718142775,0.22620023308034073
Sports,1055,0,0.4018787571316952,0.1941009294877482,0.20244057841229426,0.20157973496826226
Sports,1056,0,0.3458101625670794,0.24240939795286826,0.20673027527742807,0.20505016420262426
Sports,1057,0,0.36622039174499854,0.2111945069872311,0.2197911754734287,0.2027939257943417
Sports,1058,0,0.36695207297741567,0.19515658969112584,0.22443984471669612,0.2134514926147623
Sports,1059,0,0.307384614747492,0.2425137713609383,0.22643561181891034,0.22366600207265927
Sports,1060,0,0.47440263380382924,0.18624631604433764,0.1710203547469563,0.16833069540487686
Sports,1061,0,0.3901320003958732,0.21314878298213782,0.21095550938745636,0.18576370723453267
Sports,1062,0,0.3898391671696794,0.21371922751448813,0.20646557020568118,0.18997603511015118
Sports,1063,0,0.29752929130867695,0.25086059537164607,0.22117883926660598,0.23043127405307093
Sports,1064,0,0.4063236034019476,0.19206520063581548,0.2082371678482051,0.19337402811403195
Sports,1065,0,0.3587051259440446,0.2378554394316766,0.2012974514164643,0.20214198320781457
Sports,1066,0,0.31491242840406036,0.2397728911396747,0.22557837424173016,0.2197363062145348
Sports,1067,0,0.4005866956266894,0.21865816686739828,0.18834308236512326,0.192412055140789
Sports,1068,0,0.3749166820391769,0.20715635410384203,0.21758515097050635,0.20034181288647476
Sports,1069,0,0.3139839900835347,0.2636314630216817,0.20990732656243002,0.21247722033235364
Sports,1070,0,0.3575579420365964,0.20483575063450404,0.21974438526545725,0.21786192206344232
Sports,1071,0,0.4504794456971674,0.1847406624895024,0.18408523761168108,0.18069465420164907
Sports,1072,0,0.39451811016109023,0.21615356157506532,0.1941104109997427,0.19521791726410176
Sports,1073,0,0.43625520818156793,0.2005062987560962,0.18921235755378485,0.174026135508551
Sports,1074,0,0.5214336859938812,0.16842827884805783,0.1541749837852097,0.15596305137285135
Sports,1075,0,0.4128424080962131,0.2116082737486143,0.1934538764468829,0.18209544170828976
Sports,1076,0,0.4168141015726511,0.2172985249600925,0.18408171631464956,0.18180565715260688
Sports,1077,0,0.39699064760283104,0.2167262649499162,0.19228551033276972,0.19399757711448307
Sports,1078,0,0.437256659543085,0.2008050102432839,0.1818052042045916,0.18013312600903944
Sports,1079,0,0.3622570232160313,0.2240120943283685,0.20365031646878629,0.21008056598681388
Sports,1080,0,0.4537059803734261,0.20933722264409751,0.16809333365035062,0.16886346333212585
Sports,1081,0,0.41757303784444644,0.20731840478036792,0.18664586121329996,0.1884626961618857
Sports,1082,0,0.32788164873576947,0.2168466539111685,0.22620247181965594,0.22906922553340614
Sports,1083,0,0.32847239299129366,0.2689659332833886,0.20239650906632076,0.200165164658997
Sports,1084,0,0.4818509613553298,0.19197150950583367,0.1613289737579531,0.16484855538088342
Sports,1085,0,0.29250335555755336,0.25764449423164054,0.22465674219911824,0.22519540801168797
Sports,1086,0,0.47907484495859604,0.19130584347743504,0.16878970477865968,0.16082960678530922
Sports,1087,0,0.36793464754657057,0.21439160482526418,0.20083452768756793,0.21683921994059735
Sports,1088,0,0.4455580184614568,0.19675375563675568,0.17832222700873196,0.17936599889305557
Sports,1089,0,0.32477168057485395,0.24660553409023045,0.21326781842743744,0.21535496690747816
Sports,1090,0,0.30859371677994135,0.21833828220233958,0.2365635356935159,0.23650446532420316
Sports,1091,0,0.36140291208103853,0.2204074598692387,0.21338024560533125,0.20480938244439148
Sports,1092,0,0.3923252152018142,0.2340858159429206,0.19264439085830526,0.1809445779969599
Sports,1093,0,0.32985371949147607,0.24059192269984242,0.22322284392814368,0.20633151388053783
Sports,1094,0,0.2594278131275347,0.2304669510781628,0.25892021419853667,0.2511850215957658
Sports,1095,0,0.4842595524291791,0.19186013743067923,0.16408193126396386,0.15979837887617784
Sports,1096,0,0.4123231372200206,0.22720490390377485,0.17957416031304016,0.18089779856316446
Sports,1097,0,0.35113265372512376,0.23790438416006363,0.20613421417069097,0.20482874794412168
Sports,1098,0,0.43841331378153253,0.2032766438365827,0.1795502302477918,0.17875981213409295
Sports,1099,0,0.3189110414303604,0.23412317275956301,0.22172092725577394,0.22524485855430262
Sports,1100,0,0.4678074923863069,0.20414854836889432,0.1635194412000358,0.16452451804476292
Sports,1101,0,0.5104735667091206,0.1750657043449586,0.1595132801319547,0.15494744881396613
Sports,1102,0,0.32902890325398115,0.2346551296015721,0.22376053858379985,0.2125554285606469
Sports,1103,0,0.3614910240740576,0.19226773988054666,0.22069606722398466,0.22554516882141104
Sports,1104,0,0.26980206746172297,0.22644574547953067,0.25301322449277386,0.25073896256597256
Sports,1105,0,0.36962526785271244,0.21610262644639358,0.19997095355802347,0.21430115214287054
Sports,1106,0,0.4440552586086038,0.1886177389575036,0.18855815027180237,0.1787688521620902
Sports,1107,0,0.2970571615600924,0.23405119582439368,0.23097830927907734,0.2379133333364366
Sports,1108,0,0.39379044602079105,0.223183723821029,0.19630399761917006,0.18672183253900995
Sports,1109,0,0.36153859414408507,0.21596772777755063,0.21260305265280627,0.20989062542555798
Sports,1110,0,0.40332729559802005,0.21603518968670304,0.1925913667985305,0.18804614791674654
Sports,1111,0,0.31269711403079,0.2128660556219621,0.2294559995420498,0.24498083080519814
Sports,1112,0,0.3315099396839066,0.23057381211895323,0.21782023425904198,0.22009601393809822
Sports,1113,0,0.5052965934955521,0.1727856114422332,0.1611309093136481,0.16078688574856662
Sports,1114,0,0.39449947045171463,0.21071420802118113,0.20279231572019116,0.19199400580691306
Sports,1115,0,0.4076860585370261,0.21479729717521562,0.1923321229006971,0.18518452138706112
Sports,1116,0,0.4811729827941771,0.19363622259959007,0.16441896658843572,0.16077182801779716
Sports,1117,0,0.3383679299612123,0.24626749375381196,0.21249402622010646,0.20287055006486937
Sports,1118,0,0.4168372060801742,0.21392314589905914,0.18924188755457677,0.17999776046618984
Sports,1119,0,0.28708070773679045,0.2604303416803637,0.21749622742998,0.23499272315286576
Sports,1120,0,0.3074001653568373,0.24011552500060335,0.228042038406465,0.22444227123609434
Sports,1121,0,0.36911560302827817,0.25095046427413786,0.187753867982045,0.19218006471553897
Sports,1122,0,0.41481780847355026,0.21082182363373658,0.19430266605362279,0.1800577018390904
Sports,1123,0,0.3585442277204581,0.22274155011489435,0.21211678855924526,0.20659743360540234
Sports,1124,0,0.442029528780291,0.2126411613369153,0.17556710859482952,0.1697622012879642
Sports,1125,0,0.3515793598604912,0.2210130212621431,0.21169773881339848,0.2157098800639672
Sports,1126,0,0.5483996539131494,0.16252068187316202,0.14436702595483655,0.14471263825885203
Sports,1127,0,0.4155273724040814,0.1860190549235444,0.2033510539736225,0.1951025186987517
Sports,1128,0,0.28523685193119913,0.2499297319084494,0.23706277842017978,0.22777063774017167
Sports,1129,0,0.3581875542040053,0.2392594734096624,0.21046029939397304,0.19209267299235924
Sports,1130,0,0.38332654645784464,0.2171409076730015,0.19715745910654806,0.20237508676260585
Sports,1131,0,0.4467347912263554,0.20439159762616338,0.17827895228577806,0.17059465886170322
Sports,1132,0,0.4370411706534446,0.20124126207204193,0.18690696804525736,0.17481059922925613
Sports,1133,0,0.2952861406504145,0.24902888375145932,0.2180805510798948,0.23760442451823144
Sports,1134,0,0.4397171413870294,0.20066953286595246,0.18061632562738494,0.17899700011963326
Sports,1135,0,0.34940192271735465,0.2717488487570215,0.19016858762559022,0.18868064090003359
Sports,1136,0,0.3506562575539362,0.2555437149711503,0.2004208031134364,0.19337922436147706
Sports,1137,0,0.40798962123214855,0.21293356160166987,0.19245820384643206,0.18661861331974947
Sports,1138,0,0.3768426539306996,0.20615711555971075,0.21537763799081316,0.2016225925187764
Sports,1139,0,0.41808603724489696,0.22281857164340446,0.18186233460523857,0.17723305650645998
Sports,1140,0,0.3949044210762754,0.21742430468714813,0.1893479276705953,0.19832334656598127
Sports,1141,0,0.363030927140705,0.22492012921896734,0.20195046721402626,0.21009847642630136
Sports,1142,0,0.3805656185582029,0.2121034368381635,0.19775454667610165,0.20957639792753185
Sports,1143,0,0.3624743044845686,0.21328190762128219,0.21381332217414556,0.2104304657200037
Sports,1144,0,0.40723952743937003,0.21612865927087607,0.18844039968840728,0.18819141360134667
Sports,1145,0,0.36514761572463506,0.23969636759147334,0.19220241123762336,0.20295360544626828
Sports,1146,0,0.4547944834620318,0.19036176791701037,0.18669037574426345,0.16815337287669443
Sports,1147,0,0.33957910558560256,0.23797882155888261,0.21247623168807764,0.2099658411674372
Sports,1148,0,0.3508310602724146,0.2404200765924058,0.2078222904522426,0.20092657268293698
Sports,1149,0,0.41903718779752136,0.1974098990836441,0.1951116612026992,0.18844125191613534
Sports,1150,0,0.31929169208587,0.2802393107045278,0.20200948913503033,0.1984595080745719
Sports,1151,0,0.4129149642466267,0.20854912522360672,0.1903523277087543,0.18818358282101227
Sports,1152,0,0.3054640254690692,0.22724597060745522,0.23131889550086182,0.2359711084226138
Sports,1153,0,0.3992675466840211,0.21529475302304493,0.19295782971555347,0.1924798705773806
Sports,1154,0,0.41817875837072416,0.21206225576968718,0.19028233536238118,0.17947665049720743
Sports,1155,0,0.31523943483211136,0.23135310616650218,0.22528033598932162,0.22812712301206492
Sports,1156,0,0.45861106830422343,0.20574853297016524,0.16061301667434377,0.17502738205126753
Sports,1157,0,0.3712538176449269,0.23078196237841103,0.19467557588596532,0.20328864409069675
Sports,1158,0,0.45045476265290924,0.19515401071258248,0.1782426589651522,0.17614856766935602
Sports,1159,0,0.31541967726593534,0.2563130382366852,0.21767445015637568,0.2105928343410038
Sports,1160,0,0.2851862933434991,0.21680514667077833,0.25397752518025574,0.2440310348054669
Sports,1161,0,0.39617856770723614,0.2263161990785792,0.1927508007724499,0.18475443244173473
Sports,1162,0,0.4153725069029304,0.2027732146532049,0.1975313297195591,0.1843229487243056
Sports,1163,0,0.4164922015537307,0.20834867422186265,0.18793950193471332,0.18721962228969335
Sports,1164,0,0.4121594839251666,0.19393907387015352,0.20537417416025183,0.188527268044428
Sports,1165,0,0.31084326053695177,0.22173353204531884,0.2335931024318995,0.2338301049858298
Sports,1166,0,0.42994080966287185,0.2080272350774433,0.18742577424597529,0.17460618101370956
Sports,1167,0,0.3877395786840088,0.21711903992586504,0.19791343350534024,0.19722794788478587
Sports,1168,0,0.3938441732407061,0.20754045376699046,0.19876237000039165,0.19985300299191186
Sports,1169,0,0.3682083005145957,0.21685883167104705,0.20869516755551903,0.20623770025883834
Sports,1170,0,0.42656711255030677,0.18291233792456532,0.19740109368085762,0.19311945584427026
Sports,1171,2,0.25912327799487617,0.19206821717115694,0.28279348893617234,0.2660150158977945
Sports,1172,0,0.38167748130730306,0.21272837907455777,0.2037718679742388,0.20182227164390037
Sports,1173,0,0.3111021668140596,0.21727378017200866,0.23706374993291937,0.23456030308101236
Sports,1174,0,0.369462741354744,0.2137569294400346,0.20484208489697758,0.21193824430824382
Sports,1175,0,0.3361000788397004,0.2350027657362104,0.21311704276594665,0.2157801126581425
Sports,1176,0,0.41415314508982604,0.2074860394948996,0.19239112574321743,0.18596968967205693
Sports,1177,0,0.4029202841798803,0.22262024034090502,0.19194421847295337,0.18251525700626137
Sports,1178,0,0.32752664918725943,0.22115896339259206,0.22509666972598677,0.2262177176941617
Sports,1179,0,0.3878982079641067,0.21818317565058098,0.19506079819795683,0.19885781818735557
Sports,1180,0,0.5642178169393072,0.15717125926994696,0.14394350180669813,0.13466742198404769
Sports,1181,0,0.3002662205384254,0.25229833013135466,0.22466985070257683,0.22276559862764306
Sports,1182,0,0.4133516582732696,0.21463397126997774,0.1875251757074666,0.18448919474928616
Sports,1183,0,0.35163327893480356,0.21165638098541345,0.22201442711174918,0.2146959129680338
Sports,1184,0,0.3723404718056575,0.24766993784608454,0.1916177048436255,0.18837188550463246
Sports,1185,0,0.2704695595140669,0.2629832768663945,0.22910592366272564,0.23744123995681288
Sports,1186,0,0.32780601969478096,0.24910175113080862,0.2091560772361097,0.21393615193830068
Sports,1187,0,0.3262491955679774,0.23205365727950622,0.22292291047160756,0.2187742366809089
Sports,1188,0,0.45257850730705984,0.2136498865828542,0.17259212578259878,0.16117948032748716
Sports,1189,0,0.3007690272121837,0.21760674234265553,0.2434654708484163,0.2381587595967445
Sports,1190,0,0.36049113101707436,0.22309094625820047,0.21128186514143746,0.20513605758328776
Sports,1191,0,0.28985657242074164,0.25825085703606765,0.21519974349549548,0.23669282704769518
Sports,1192,0,0.3141206047891993,0.26624732464233597,0.21371199853641745,0.20592007203204726
Sports,1193,0,0.36769163012075573,0.23193174184640927,0.2008270745049969,0.19954955352783812
Sports,1194,0,0.40973755497910314,0.21420841530199272,0.19397589076210256,0.18207813895680158
Sports,1195,3,0.224731652931601,0.22034782047410423,0.2673485578681141,0.2875719687261807
Sports,1196,0,0.41606405749373826,0.21947479326133834,0.1865419650405175,0.17791918420440592
Sports,1197,0,0.37982779300031,0.2269247224531519,0.19101719548309642,0.20223028906344165
Sports,1198,0,0.29810433939765596,0.24137788237114519,0.2343333623594472,0.22618441587175164
Sports,1199,0,0.3000973179221737,0.24437343151809526,0.2258015612177208,0.22972768934201024
Sports,1200,0,0.3780795548018771,0.2326206100767373,0.19323458100755025,0.19606525411383538
Sports,1201,0,0.3126671967330393,0.3006873612171773,0.19499276564473245,0.19165267640505104
Sports,1202,0,0.3310803224590132,0.2706412182402153,0.20198076693403563,0.19629769236673594
Sports,1203,0,0.3644238632715307,0.2244977039701985,0.20783014020398197,0.20324829255428892
Sports,1204,0,0.35020077341012357,0.2347001450686126,0.20956161789465394,0.20553746362660996
Sports,1205,0,0.4564215606873839,0.19409673829797106,0.18018904518591744,0.16929265582872755
Sports,1206,0,0.32286351063582486,0.21276253944873796,0.23540294305276532,0.22897100686267186
Sports,1207,0,0.3795493292602216,0.2282534882558714,0.19331931848132694,0.19887786400258003
Sports,1208,0,0.318866639362457,0.2362373330025862,0.22284906325741385,0.22204696437754293
Sports,1209,0,0.40992963710305796,0.21707303619527615,0.18525838066064823,0.18773894604101765
Sports,1210,0,0.42136371476028117,0.22457878181038674,0.17584113907162258,0.17821636435770952
Sports,1211,1,0.27511012822392067,0.2797052614184252,0.22505395697969174,0.22013065337796234
Sports,1212,0,0.3616271279124381,0.22477611106929143,0.21079470065094408,0.20280206036732631
Sports,1213,0,0.383880600683397,0.22192338421255595,0.2021107272598686,0.1920852878441784
Sports,1214,0,0.41375030968387994,0.20984193233644524,0.1884765283220281,0.1879312296576468
Sports,1215,0,0.3952228656871549,0.24249596678270552,0.1776351089456855,0.18464605858445413
Sports,1216,0,0.31127654983615966,0.23823299025690678,0.2296635820784948,0.2208268778284387
Sports,1217,0,0.5189626881540021,0.1635514403262446,0.16048367796432014,0.15700219355543307
Sports,1218,0,0.2623385263938615,0.2467863503977952,0.2505384069886968,0.2403367162196465
Sports,1219,0,0.3753275105824424,0.23149505671022774,0.1947306765012518,0.19844675620607805
Sports,1220,0,0.35637140959338837,0.22108526368958206,0.21504913329340564,0.20749419342362388
Sports,1221,0,0.3904156363683439,0.22989360390707106,0.18772809620684802,0.19196266351773705
Sports,1222,0,0.3936436000967974,0.21697486976053545,0.19471968996443245,0.19466184017823474
Sports,1223,0,0.2774179117945746,0.2684958439025323,0.21358900872974432,0.24049723557314884
Sports,1224,0,0.27726873279082265,0.23391810044679134,0.23232630620539885,0.2564868605569872
Sports,1225,0,0.4030554113840812,0.225230823233521,0.19018355028900288,0.18153021509339498
Sports,1226,0,0.3750711289693676,0.20993773133641996,0.2136342001179645,0.20135693957624798
Sports,1227,0,0.4475334329428659,0.18477680009048117,0.18667684905953294,0.18101291790711999
Sports,1228,0,0.29148765050799424,0.22141137386855483,0.24711466500540763,0.23998631061804332
Sports,1229,0,0.3627993182748663,0.2247730643475911,0.20573300004887518,0.2066946173286675
Sports,1230,0,0.36849087225414884,0.2113469238248379,0.21193767428874222,0.20822452963227103
Sports,1231,0,0.32987448987594786,0.24429064038139425,0.20980875030982588,0.216026119432832
Sports,1232,0,0.4519272216252014,0.20351361588299197,0.1767632285224098,0.16779593396939688
Sports,1233,0,0.48392120956351126,0.1909519045067708,0.1690662059061394,0.15606068002357848
Sports,1234,0,0.5193665792024145,0.1728767532992393,0.15393487555546645,0.1538217919428798
Sports,1235,0,0.3878548299687037,0.1978024847606307,0.2114563787037934,0.20288630656687223
Sports,1236,0,0.5059066905268939,0.17749636916305472,0.16010338518598158,0.15649355512406984
Sports,1237,0,0.4960520850771216,0.1907010568721261,0.15870002877199246,0.15454682927875976
Sports,1238,0,0.28141628765246524,0.22733962912802305,0.24454320120020834,0.24670088201930332
Sports,1239,0,0.44860261165463966,0.18822593196129903,0.18419108295780526,0.17898037342625603
Sports,1240,0,0.46714958283188035,0.19966368912706786,0.16829915371540335,0.1648875743256484
Sports,1241,0,0.5088974301639798,0.1840415873509998,0.15495108158668805,0.1521099008983323
Sports,1242,0,0.3871948909557126,0.21271443071421792,0.20570207416868025,0.1943886041613892
Sports,1243,0,0.3757059438416,0.22655532792067537,0.20825695511080045,0.18948177312692419
Sports,1244,0,0.3074623024586344,0.22476097495244626,0.23559230340872822,0.23218441918019125
Sports,1245,0,0.4516340768006555,0.18900477419346975,0.17875761273933938,0.18060353626653533
Sports,1246,0,0.40886106607166156,0.22834445936324946,0.17450476986631988,0.18828970469876913
Sports,1247,0,0.48135907005399875,0.19585472646317778,0.16362584353231693,0.15916035995050656
Sports,1248,0,0.44118109690192253,0.20491483180157882,0.1792364035694103,0.17466766772708833
Sports,1249,0,0.4259172582355028,0.2092615896429267,0.1848422341947479,0.1799789179268226
Sports,1250,0,0.3864701854003391,0.22598169627653614,0.19545682080903265,0.192091297514092
Sports,1251,0,0.29939924378966815,0.24445783292975115,0.2309239961402047,0.22521892714037595
Sports,1252,0,0.43259319092590004,0.1970592194077593,0.18832473670287994,0.18202285296346069
Sports,1253,0,0.5599392202839452,0.1582578370782807,0.14682631950549505,0.1349766231322792
Sports,1254,0,0.45342835059695263,0.1848448534017535,0.18503691267882533,0.17668988332246852
Sports,1255,0,0.430766654515398,0.2174725902187181,0.18227198030177574,0.1694887749641082
Sports,1256,0,0.40379309679156017,0.20076068557211,0.1990106278911153,0.19643558974521447
Sports,1257,0,0.3664935051400859,0.2348072815025954,0.19643044431397427,0.20226876904334448
Sports,1258,0,0.421776057926224,0.19734335818602694,0.19507230297465594,0.18580828091309318
Sports,1259,0,0.30588833685991534,0.24498720129460277,0.2197557607296779,0.229368701115804
Sports,1260,0,0.3126631535801785,0.21978097992070253,0.230377826764368,0.237178039734751
Sports,1261,0,0.34883086572959565,0.23820075285935322,0.2072375935958041,0.20573078781524703
Sports,1262,0,0.37100993710419833,0.21134400952900917,0.2153087755356153,0.20233727783117722
Sports,1263,0,0.3881112895098796,0.20365138564142904,0.21257137645178645,0.19566594839690485
Sports,1264,0,0.30612546568162924,0.22090423149982216,0.24017028432992307,0.23280001848862558
Sports,1265,1,0.2273430834811643,0.26274439384318327,0.24736796570479402,0.2625445569708583
Sports,1266,0,0.3747791035083616,0.20728056380645993,0.21087531502258539,0.20706501766259316
Sports,1267,0,0.3593932992262978,0.23138631449417568,0.19802630732718143,0.21119407895234507
Sports,1268,0,0.3939010783435055,0.21637087654606466,0.19571335756302086,0.19401468754740894
Sports,1269,0,0.30777441188422955,0.23259529446010818,0.2329976009182803,0.22663269273738199
Sports,1270,0,0.3982099978246321,0.2030338232850623,0.20362810091658104,0.19512807797372445
Sports,1271,0,0.3414401001427622,0.2194594621462118,0.21421749402542206,0.22488294368560385
Sports,1272,0,0.42211001670005427,0.21416789439706027,0.18506273252620184,0.17865935637668362
Sports,1273,0,0.37071869285071746,0.23048471854067637,0.2020568952099231,0.1967396933986831
Sports,1274,0,0.3990630905306548,0.20561433129943232,0.20267160166096088,0.19265097650895197
Sports,1275,0,0.40870803038900977,0.1952533154856733,0.19984261222607977,0.19619604189923706
Sports,1276,0,0.39177013420851853,0.20176336946614815,0.21352081724294864,0.1929456790823847
Sports,1277,0,0.37711282275744695,0.21720033723825666,0.20800965160096274,0.19767718840333356
Sports,1278,1,0.27710776178280727,0.3346830552608317,0.19584044338955553,0.19236873956680547
Sports,1279,0,0.3386049959561881,0.22087907366988913,0.21613920193779942,0.22437672843612333
Sports,1280,0,0.28187322393709485,0.2640192290798663,0.22819298855268882,0.22591455843035
Sports,1281,0,0.4141198445037523,0.2095411021876768,0.1859452774692456,0.1903937758393253
Sports,1282,0,0.34156459712418513,0.2476158069788883,0.19795702766618023,0.21286256823074637
Sports,1283,0,0.43527333875840146,0.17620163760123805,0.1894399664163044,0.19908505722405612
Sports,1284,0,0.33177054881733625,0.23197017287891714,0.21337086339267788,0.22288841491106864
Sports,1285,0,0.39279132562810876,0.22817869440713728,0.20083510768848153,0.1781948722762724
Sports,1286,0,0.3541551549513981,0.23157559822054136,0.2096209872237443,0.20464825960431626
Sports,1287,0,0.34166810086845195,0.2696921712524058,0.18840072871349628,0.20023899916564603
Sports,1288,0,0.43083533095185034,0.19337376216429356,0.19303764171882895,0.18275326516502718
Sports,1289,2,0.2568257016634161,0.22749298892400668,0.2633949219418688,0.2522863874707083
Sports,1290,0,0.40309156976578076,0.23616195564307613,0.18385638933225304,0.17689008525889013
Sports,1291,0,0.3713872384262936,0.21303897480435705,0.21617780610667167,0.1993959806626776
Sports,1292,0,0.2950684836170744,0.21312540342096936,0.24329690724782244,0.24850920571413382
Sports,1293,0,0.36022245958086996,0.21158458984537065,0.20661750100865436,0.22157544956510508
Sports,1294,0,0.4869496364934111,0.18234884269067594,0.16863755098277394,0.16206396983313892
Sports,1295,0,0.4927961660752056,0.18205570398813023,0.1661344671169376,0.15901366281972656
Sports,1296,0,0.4659026461009786,0.18436327540335704,0.17610864801138948,0.17362543048427495
Sports,1297,0,0.43658767279378113,0.21943313332450923,0.17365981603724304,0.17031937784446657
Sports,1298,0,0.36696993563402236,0.23180205489351943,0.2081861021935319,0.19304190727892626
Sports,1299,0,0.2996901356771014,0.24911128993395942,0.22884755152209144,0.22235102286684774
Sports,1300,0,0.3715180279010142,0.24484594605227405,0.19426523904161,0.1893707870051017
Sports,1301,0,0.4249779340594387,0.2012980457234187,0.19229064138790863,0.18143337882923408
Sports,1302,0,0.33550348563458726,0.2109762223360806,0.229940766961993,0.22357952506733916
Sports,1303,0,0.3584025239015193,0.20989975478679673,0.22328078566079648,0.20841693565088748
Sports,1304,0,0.29806320635721667,0.22975296755895375,0.2285383342369907,0.24364549184683884
Sports,1305,0,0.4833418137404409,0.17636044378178964,0.1763615032832823,0.16393623919448727
Sports,1306,0,0.41569338655956206,0.2080439850068404,0.1928395059057278,0.18342312252786971
Sports,1307,0,0.38832473525111727,0.23768328588809565,0.18796617850465713,0.1860258003561299
Sports,1308,0,0.44835464305433076,0.19341430654477834,0.17848668666357334,0.17974436373731748
Sports,1309,0,0.4063611421334803,0.20400726479910783,0.19957173142399365,0.1900598616434183
Sports,1310,0,0.4152976901266945,0.2143280896432282,0.18828834336678474,0.18208587686329267
Sports,1311,0,0.35705901353193253,0.23431315533731423,0.20638058035719617,0.20224725077355704
Sports,1312,0,0.4335935291770384,0.2146455738318088,0.18175181950861266,0.17000907748254024
Sports,1313,0,0.42942723164324026,0.19888547774034607,0.1922146139231488,0.17947267669326483
Sports,1314,0,0.3449314553630731,0.23688062626912135,0.20820868072939733,0.20997923763840826
Sports,1315,0,0.295123243032534,0.236293717692052,0.2316083219014695,0.23697471737394457
Sports,1316,2,0.24637674217520303,0.22307801694081686,0.26602439661405214,0.264520844269928
Sports,1317,0,0.4577694363029049,0.17715995039420823,0.18259991351924465,0.1824706997836423
Sports,1318,1,0.26473935186808983,0.27583541606792167,0.2263982495926895,0.23302698247129905
Sports,1319,0,0.5106180424065188,0.18462362324867704,0.15494124623931044,0.14981708810549377
Sports,1320,0,0.46599949706341404,0.19292039877122583,0.17234091169279103,0.1687391924725691
Sports,1321,0,0.37742168612693355,0.22407792735826182,0.2068867082611267,0.1916136782536779
Sports,1322,0,0.3215360848447885,0.24735988970562459,0.22087360980081888,0.21023041564876802
Sports,1323,0,0.45190825535722595,0.20240222282762838,0.17781619392296977,0.16787332789217588
Sports,1324,0,0.32750247176813585,0.2213187354121965,0.22459005442548446,0.2265887383941832
Sports,1325,0,0.5053548569913514,0.17065819407995161,0.16820911106972505,0.15577783785897195
Sports,1326,0,0.35946602323318805,0.22980747411513508,0.20779967958165632,0.20292682307002052
Sports,1327,0,0.4216455891190676,0.1950732132238993,0.19588961261737797,0.1873915850396552
Sports,1328,1,0.25969052213736316,0.2892709597979171,0.22163888349600006,0.22939963456871965
Sports,1329,0,0.42928991843578407,0.2186467052961937,0.1770320653248581,0.17503131094316413
Sports,1330,0,0.34779967146076857,0.23705581957649494,0.20564371076996776,0.20950079819276873
Sports,1331,0,0.42742592463898565,0.2067421111598127,0.18849067876068853,0.17734128544051306
Sports,1332,0,0.48018252788094534,0.18885540451714056,0.17118286251354523,0.15977920508836893
Sports,1333,0,0.26643535799547136,0.2209844855958908,0.24698408272433034,0.26559607368430754
Sports,1334,0,0.41965143848185155,0.2098048494902956,0.18804850719737,0.18249520483048287
Sports,1335,0,0.36776416097665543,0.22559671500181738,0.19781033852875288,0.20882878549277437
Sports,1336,0,0.39865913436391176,0.19657484231657685,0.20815408550696837,0.19661193781254316
Sports,1337,0,0.40043342084536326,0.21617963069421586,0.18886219764854204,0.19452475081187887
Sports,1338,0,0.3550381154433281,0.20078344416711696,0.22745776111054747,0.2167206792790075
Sports,1339,0,0.3779793583416559,0.22309809936740183,0.19874620723742425,0.200176335053518
Sports,1340,0,0.35495435421854965,0.23399182329197682,0.2008150075579693,0.21023881493150415
Sports,1341,0,0.41576213001725354,0.2212730041863005,0.18484387062857485,0.1781209951678711
Sports,1342,0,0.3404685453678497,0.2295030569230076,0.20962280913017123,0.22040558857897144
Sports,1343,0,0.29875772136574946,0.2390830797335065,0.22445871860499075,0.2377004802957533
Sports,1344,0,0.3650901071260075,0.2294878050554354,0.20077834404639747,0.20464374377215963
Sports,1345,0,0.3700856719818433,0.22611248117754892,0.20484199382358223,0.1989598530170256
Sports,1346,0,0.35872716140731803,0.2394399722048242,0.201063268405524,0.2007695979823338
Sports,1347,0,0.4623202847806554,0.20558217285865757,0.16894673868578733,0.16315080367489965
Sports,1348,0,0.4275132205962556,0.20180817358405884,0.1891550527490331,0.18152355307065243
Sports,1349,0,0.34883914750882333,0.20896551394404672,0.2248954596187539,0.217299878928376
Sports,1350,0,0.35747836921595316,0.24227210550130424,0.20122472558361873,0.1990247996991239
Sports,1351,0,0.3761881096961685,0.23424688798022059,0.19767741812555273,0.19188758419805818
Sports,1352,0,0.34147916732598405,0.2208461741320311,0.21884755977839218,0.21882709876359283
Sports,1353,0,0.45202585701619485,0.17892727372728304,0.19068877207790766,0.1783580971786145
Sports,1354,0,0.36977812996061477,0.21806653909312876,0.2128564544058712,0.19929887654038525
Sports,1355,0,0.3294548046224691,0.2319117071417923,0.22303127257263217,0.21560221566310644
Sports,1356,0,0.35702325639207205,0.22322198949987893,0.21149539709996762,0.20825935700808146
Sports,1357,0,0.33603041509921855,0.2507240484343744,0.21296940658362304,0.20027612988278398
Sports,1358,0,0.37048377489873746,0.2288908426566166,0.20200646884980186,0.1986189135948441
Sports,1359,0,0.4475334329428659,0.18477680009048117,0.18667684905953294,0.18101291790711999
Sports,1360,1,0.3088735606308558,0.3216271293833731,0.18447434862402592,0.18502496136174518
Sports,1361,0,0.3086004596599028,0.23825311981312441,0.22403372659613263,0.2291126939308401
Sports,1362,0,0.4051627273893167,0.2203712195251287,0.18741566561566442,0.18705038746989022
Sports,1363,0,0.32259949430863677,0.24468504222151355,0.21706684543746088,0.21564861803238886
Sports,1364,0,0.33589751637450654,0.21721687929405742,0.22224998896488576,0.2246356153665504
Sports,1365,0,0.3190959536640576,0.24156219793060257,0.21907286062035466,0.22026898778498522
Sports,1366,0,0.4638666498751098,0.17802835536038106,0.17675525422207258,0.1813497405424366
Sports,1367,0,0.4920944638263663,0.1859253675243821,0.1598994786930226,0.1620806899562291
Sports,1368,0,0.41317100981377497,0.2046030150462094,0.1997145313063991,0.18251144383361653
Sports,1369,0,0.3853431392563397,0.2179065725618133,0.20104069235432556,0.19570959582752143
Sports,1370,0,0.36549571380278584,0.20803636841777015,0.22193548637134025,0.20453243140810376
Sports,1371,0,0.3582027674111509,0.21987937611920744,0.21026136992233097,0.21165648654731067
Sports,1372,0,0.37385996898472384,0.2150436497307771,0.20709885919448492,0.20399752209001415
Sports,1373,0,0.3245486713661616,0.23866207404890608,0.22086042398626712,0.21592883059866516
Sports,1374,0,0.32715409518231814,0.2290320175655462,0.22468556910861587,0.21912831814351988
Sports,1375,2,0.2603614941115889,0.22759320801454586,0.2607756379329243,0.25126965994094097
Sports,1376,0,0.4618369502658637,0.20900698342154023,0.1701265415473841,0.15902952476521193
Sports,1377,0,0.3150642482693131,0.22733514651568115,0.2249321796603195,0.23266842555468628
Sports,1378,0,0.2690090884468584,0.2576615096758959,0.23438587549352832,0.23894352638371733
Sports,1379,0,0.4198917751414644,0.19876034129623996,0.19312209507115655,0.18822578849113908
Sports,1380,0,0.46819177048846555,0.19447431230660825,0.1731444313080993,0.16418948589682691
Sports,1381,0,0.45149846997394,0.18054459304538512,0.18473757137827618,0.18321936560239874
Sports,1382,0,0.42450922558327603,0.20550953155957058,0.1847895673164825,0.18519167554067095
Sports,1383,0,0.4505972442597194,0.19369552658661504,0.18409004370395068,0.17161718544971483
Sports,1384,0,0.31031495747760157,0.24040458937014744,0.21958903557171558,0.22969141758053532
Sports,1385,0,0.49401418357384264,0.18261881327293278,0.164861174037271,0.15850582911595357
Sports,1386,0,0.37785078914076736,0.21319039922220395,0.2041817418781779,0.2047770697588508
Sports,1387,0,0.3724826068452187,0.22860260972475852,0.19827233033708352,0.2006424530929392
Sports,1388,0,0.345079754972759,0.23693756452077852,0.20783901269863464,0.21014366780782776
Sports,1389,0,0.45133360456679616,0.19838663942574844,0.17954255078919118,0.17073720521826427
Sports,1390,0,0.32623473162804556,0.250555673903166,0.21051719946999825,0.2126923949987902
Sports,1391,0,0.33644304632122696,0.22635546897186884,0.2217844413937147,0.21541704331318953
Sports,1392,1,0.2297285742027283,0.29416581690656396,0.2411965979989592,0.2349090108917486
Sports,1393,0,0.361255414394869,0.2224383635941234,0.20545613232236717,0.2108500896886404
Sports,1394,0,0.36683115490556284,0.222672720621518,0.2108279209513681,0.19966820352155112
Sports,1395,0,0.285069892849341,0.22105869716724832,0.25576365162405185,0.2381077583593589
Sports,1396,0,0.3317660501274121,0.22754800583433737,0.21848246686558703,0.22220347717266345
Sports,1397,0,0.3330923855051487,0.24578361292551312,0.2167670064642654,0.20435699510507283
Sports,1398,0,0.28125515865212475,0.22636449430880634,0.2460393005212056,0.2463410465178633
Sports,1399,0,0.34472880638524,0.22458384799664255,0.22080979519710592,0.20987755042101156
Sports,1400,0,0.29574182070837396,0.2192753882762166,0.23860231866673703,0.24638047234867236
Sports,1401,0,0.33116705374356653,0.21078589293476122,0.22918563782297022,0.228861415498702
Sports,1402,0,0.33611628995713344,0.19797819236154873,0.23575322502376891,0.23015229265754883
Sports,1403,0,0.2915396534761587,0.2106076800025251,0.23273651089867636,0.26511615562263985
Sports,1404,0,0.43964420240146035,0.19003682167483255,0.1929059192103896,0.17741305671331753
Sports,1405,0,0.3804207026293626,0.22698487682895518,0.1927169672443092,0.1998774532973731
Sports,1406,0,0.40963325971823755,0.21386383680020404,0.18814725939975924,0.18835564408179917
Sports,1407,1,0.2537987052347371,0.3169510353225876,0.2181812771837376,0.21106898225893772
Sports,1408,0,0.5161950862359078,0.1849486263457074,0.15306252809036885,0.14579375932801594
Sports,1409,0,0.4025971845454781,0.20218562135200296,0.1994378815255437,0.19577931257697523
Sports,1410,0,0.33236909362542505,0.25200707306875364,0.20997083716527185,0.2056529961405495
Sports,1411,0,0.3899686246624049,0.19935629907693825,0.21174820368150404,0.19892687257915276
Sports,1412,0,0.40163123331789524,0.20884006126800847,0.19944661510795433,0.190082090306142
Sports,1413,0,0.27004865373177056,0.24166360450958846,0.2391482033537697,0.2491395384048713
Sports,1414,0,0.34973445257740704,0.22454551898412492,0.21429793337419845,0.21142209506426954
Sports,1415,0,0.44784938429344595,0.18724504062222916,0.1827215650853801,0.18218400999894477
Sports,1416,0,0.4126770033805321,0.21921204154755344,0.17971883727866458,0.18839211779324985
Sports,1417,0,0.37742324828688173,0.22367321709585147,0.19672181346892292,0.20218172114834385
Sports,1418,0,0.31422642834993675,0.2739242737944697,0.2003928064867998,0.21145649136879377
Sports,1419,0,0.36903990763358563,0.2516633937411177,0.1934162785863615,0.18588042003893515
Sports,1420,0,0.41955610132602944,0.20012710103145512,0.19544428102509587,0.18487251661741952
Sports,1421,0,0.49753157473407555,0.17704398980821298,0.16745774748317027,0.15796668797454122
Sports,1422,0,0.32184841846962303,0.23235741333662824,0.22849563232458536,0.2172985358691633
Sports,1423,0,0.42030934445875817,0.21424985675148217,0.18444884343504006,0.18099195535471962
Sports,1424,0,0.404984074429644,0.227073870131088,0.18691428160052845,0.18102777383873955
Sports,1425,0,0.4021181602024853,0.20181603143602742,0.20120799196847802,0.1948578163930092
Sports,1426,0,0.3816754391756768,0.21603302314193712,0.20356382278557308,0.198727714896813
Sports,1427,0,0.28270080027872263,0.26676432507175535,0.2270450290730545,0.22348984557646748
Sports,1428,0,0.3572517194357902,0.23636559276001365,0.20024635615083705,0.20613633165335915
Sports,1429,0,0.3715898611746769,0.22074871929312395,0.20820554454904655,0.19945587498315256
Sports,1430,0,0.44551900822769325,0.19873285910183422,0.1803366299141393,0.17541150275633327
Sports,1431,0,0.36533268552448384,0.27797302840763116,0.1741668398737674,0.18252744619411754
Sports,1432,0,0.4097188787796843,0.21379063643007665,0.18579380580399418,0.1906966789862449
Sports,1433,0,0.37118851104973655,0.2151374953900767,0.21217751666370427,0.2014964768964825
Sports,1434,0,0.3573418362391114,0.22799515976430113,0.20790770409477072,0.20675529990181668
Sports,1435,0,0.3285204350987237,0.22678649223894543,0.222650821489869,0.22204225117246196
Sports,1436,0,0.44104727152343365,0.21508461409980537,0.17575424576261145,0.1681138686141495
Sports,1437,0,0.2804621912675003,0.2092130036845099,0.23948918296684438,0.2708356220811454
Sports,1438,0,0.45485772824769005,0.1901496073674941,0.18292749885522488,0.17206516552959106
Sports,1439,0,0.47817197211920726,0.19110322757162512,0.16739205979558186,0.16333274051358576
Sports,1440,0,0.3827117317985854,0.23530559279462887,0.18429990611100527,0.19768276929578046
Sports,1441,0,0.41800439551022295,0.21655407529713053,0.18615356479934322,0.17928796439330325
Sports,1442,0,0.39049860322113666,0.1958498272591744,0.21129079501981846,0.2023607744998705
Sports,1443,0,0.36177463134133137,0.20257412490734336,0.22331667469147046,0.2123345690598548
Sports,1444,0,0.45906699038667353,0.19460272602330408,0.17693770130616995,0.16939258228385246
Sports,1445,0,0.4825405045709589,0.19498689387731294,0.16655307558181828,0.15591952596990982
Sports,1446,0,0.27590430237261837,0.23351690881088302,0.24615238250450905,0.24442640631198956
Sports,1447,0,0.4873030674977728,0.18686186343484093,0.16707647922657023,0.15875858984081606
Sports,1448,0,0.5103718577921915,0.18032184938471538,0.15592347477347604,0.15338281804961704
Sports,1449,0,0.43420205533392187,0.20825268481637768,0.18229609559477794,0.17524916425492246
Sports,1450,0,0.5129589283480053,0.17994885615103956,0.15325473077720095,0.15383748472375416
Sports,1451,1,0.2558912031536464,0.33926186053805035,0.20507550098866853,0.19977143531963468
Sports,1452,0,0.4334833741975027,0.19209399651358,0.19250800119188716,0.18191462809703013
Sports,1453,0,0.4307587291518695,0.20849317908469406,0.18136665424650064,0.17938143751693575
Sports,1454,0,0.29862688875898,0.21072428196366913,0.23897160980332566,0.25167721947402516
Sports,1455,0,0.37665939831944567,0.212428825146177,0.2013749161724776,0.20953686036189972
Sports,1456,0,0.48041955755582677,0.1923971487606493,0.16916181920771378,0.15802147447581014
Sports,1457,0,0.4477609443969287,0.1934661871801654,0.18416345601568299,0.17460941240722294
Sports,1458,0,0.39743791742895074,0.21860923939981514,0.1952653614612698,0.18868748170996436
Sports,1459,0,0.3250686169228624,0.2243666067146211,0.22866210390561234,0.2219026724569042
Sports,1460,0,0.3786063957025886,0.22859676691135225,0.1926444351159526,0.2001524022701066
Sports,1461,0,0.3547680559891918,0.2290671817794551,0.21040252030399975,0.2057622419273534
Sports,1462,0,0.4661730869229478,0.18919387770782944,0.17278558516324258,0.1718474502059802
Sports,1463,0,0.5087214756700973,0.16773811072333683,0.1679087806416993,0.15563163296486654
Sports,1464,0,0.34028478965379344,0.2521745954384495,0.21187972962516663,0.19566088528259043
Sports,1465,0,0.37930085238472316,0.22087549964554182,0.20298888923680367,0.19683475873293138
Sports,1466,0,0.312966317896904,0.2503372698207658,0.21641730915814472,0.22027910312418553
Sports,1467,0,0.4201335852792067,0.21004764409014773,0.18771013366031394,0.1821086369703317
Sports,1468,0,0.37845921502280055,0.20420422641026237,0.21063408972772663,0.20670246883921034
Sports,1469,0,0.42120232899622423,0.2178348146936079,0.1821788515379721,0.17878400477219575
Sports,1470,0,0.325273879042345,0.21730851402147905,0.2270024326440732,0.23041517429210276
Sports,1471,0,0.420433404381761,0.21466668158701205,0.18481476317896614,0.18008515085226082
Sports,1472,0,0.3757112225183917,0.22043485014485925,0.20319104065874963,0.20066288667799928
Sports,1473,0,0.28581341380457065,0.23633387423787808,0.24234520724436273,0.23550750471318854
Sports,1474,0,0.3924788070293937,0.2056175353177582,0.2080411655341094,0.19386249211873868
Sports,1475,0,0.35611814846700124,0.21358525300461603,0.21813466117793143,0.21216193735045122
Sports,1476,0,0.32926140268022763,0.2321335643885626,0.22174199847662665,0.21686303445458316
Sports,1477,0,0.4788457904626919,0.17821993561677854,0.17605626378342942,0.16687801013710013
Sports,1478,0,0.3245173453554713,0.20770404853617994,0.22861834281182536,0.23916026329652343
Sports,1479,0,0.3334416672161787,0.2248955043769005,0.2268226534908624,0.21484017491605842
Sports,1480,0,0.4024943358674163,0.20086040504055433,0.20619534097741052,0.19044991811461887
Sports,1481,0,0.47465828681138544,0.18600669692927352,0.17300014931527613,0.166334866944065
Sports,1482,0,0.37152431285265897,0.21718850885739566,0.21135902625958689,0.19992815203035844
Sports,1483,0,0.426541780241259,0.22049425916376303,0.1781176690250673,0.17484629156991077
Sports,1484,0,0.5044674686262157,0.1801017356894674,0.16111669787846633,0.15431409780585065
Sports,1485,0,0.3024439475767431,0.23005506810813836,0.2348756357635214,0.23262534855159714
Sports,1486,0,0.4468968238303717,0.20058740182027737,0.17633376111819024,0.1761820132311607
Sports,1487,0,0.35446443364492053,0.22859446517010656,0.21106200828634486,0.20587909289862805
Sports,1488,0,0.38284769618091763,0.21920705903173224,0.20322402147118082,0.19472122331616942
Sports,1489,0,0.3160801155611338,0.26444249994792035,0.21095744232850316,0.20851994216244266
Sports,1490,0,0.41050409972972096,0.1973628642268812,0.20686430556884808,0.1852687304745497
Sports,1491,0,0.34730511239410217,0.2229119369793769,0.2230112409460004,0.20677170968052053
Sports,1492,0,0.4260798199229123,0.20797015395959081,0.18029005297588424,0.18565997314161264
Sports,1493,0,0.3313464777978353,0.24956142545835677,0.20546243993317564,0.2136296568106323
Sports,1494,0,0.36650562215120597,0.2186500511301421,0.21101202103661723,0.20383230568203475
Sports,1495,0,0.41877935128019367,0.21529020072721441,0.19006611614938626,0.17586433184320568
Sports,1496,0,0.4536836130823065,0.19416591866233998,0.18486757990648026,0.1672828883488733
Sports,1497,0,0.2796021771956401,0.23030318161156832,0.23924601815893967,0.25084862303385186
Sports,1498,0,0.4041647466319891,0.20479995859058964,0.20074237426889482,0.1902929205085265
Sports,1499,0,0.301286020394293,0.257811523691939,0.2190649506134969,0.22183750530027105
Sports,1500,1,0.27571401745290985,0.3021094018602915,0.21517913143764572,0.20699744924915292
Sports,1501,0,0.2962511368791849,0.23699793296570962,0.23535943285429467,0.23139149730081082
Sports,1502,0,0.34699681163983015,0.20927182153737403,0.22987538441397729,0.21385598240881856
Sports,1503,0,0.4258116309324574,0.20250128571297746,0.19241912233934827,0.1792679610152169
Sports,1504,1,0.27112017293960844,0.29421229007233246,0.21278270640807223,0.221884830579987
Sports,1505,0,0.3426231149488869,0.2550503579416542,0.20255559477551394,0.19977093233394494
Sports,1506,0,0.291505348868432,0.21262458285491787,0.24321001862151181,0.25266004965513833
Sports,1507,0,0.4726716165673258,0.19587056563246488,0.16657606534196748,0.16488175245824185
Sports,1508,0,0.4178847929057105,0.19740420138897508,0.1967371879464438,0.1879738177588706
Sports,1509,0,0.28220338826165065,0.2572030192903237,0.2308826261101726,0.22971096633785312
Sports,1510,0,0.4923065632294295,0.1984047486181205,0.15602725611577953,0.1532614320366705
Sports,1511,0,0.39363919315991497,0.21857581680153684,0.19760684190203762,0.19017814813651054
Sports,1512,0,0.48074270813337916,0.18631234993100432,0.1694145288225689,0.16353041311304756
Sports,1513,0,0.31152488425482666,0.21783401456647264,0.24105748855803422,0.22958361262066654
Sports,1514,0,0.3666320916423328,0.20303377517934718,0.22350876716436005,0.20682536601395995
Sports,1515,0,0.3672084568623725,0.2394304544358464,0.1985358615691154,0.19482522713266562
Sports,1516,0,0.4392116747633416,0.1998570008780744,0.18439092357145656,0.17654040078712743
Sports,1517,0,0.29390532800063646,0.2529796408602962,0.23234056802887917,0.2207744631101882
Sports,1518,0,0.34903800152824244,0.24383838962697899,0.2038129965008498,0.2033106123439287
Sports,1519,0,0.4516496508522046,0.19175329653663215,0.1759486507203137,0.18064840189084957
Sports,1520,0,0.45931114931061795,0.19508842418507727,0.17818763091056072,0.16741279559374403
Sports,1521,0,0.34200619605864624,0.2645798868255006,0.19613314005763072,0.19728077705822247
Sports,1522,0,0.3703247732045549,0.20763852225250368,0.21610516593882376,0.20593153860411773
Sports,1523,0,0.422531439104592,0.1976257768051529,0.19888624531893637,0.18095653877131876
Sports,1524,0,0.39280573000353874,0.2071687935992336,0.20828377430034467,0.19174170209688304
Sports,1525,0,0.32457209822511857,0.2259875470023043,0.23212720010618187,0.21731315466639525
Sports,1526,0,0.39696171405347186,0.21241081177575177,0.1957067140852302,0.19492076008554615
Sports,1527,0,0.45572599227138244,0.2113800505960451,0.16702891859054977,0.16586503854202272
Sports,1528,0,0.35138061367809287,0.23155853798493184,0.21196678263151508,0.20509406570546024
Sports,1529,0,0.4028091966325449,0.21886889574162258,0.19227184850039203,0.18605005912544054
Sports,1530,0,0.2848905145682736,0.22231173888686073,0.24848802669142298,0.24430971985344274
Sports,1531,0,0.31196503497302785,0.24494432288115905,0.22115687347040994,0.22193376867540315
Sports,1532,0,0.4218760280095,0.20206756340160845,0.18752543294394536,0.1885309756449462
Sports,1533,0,0.4446962704558007,0.1916999199874249,0.18848041876656624,0.17512339079020817
Sports,1534,0,0.40561132053853316,0.2173806110357659,0.19479409274120602,0.18221397568449493
Sports,1535,0,0.3905980516205205,0.22172974351642646,0.19711613126990155,0.19055607359315155
Sports,1536,0,0.3655497955362501,0.21837544661039232,0.2125558620836477,0.20351889576970986
Sports,1537,1,0.2699425466984255,0.2726867292593259,0.23243044056797718,0.22494028347427142
Sports,1538,0,0.49801743070411303,0.17949583009923184,0.16035202017595304,0.162134719020702
Sports,1539,0,0.3747500211960857,0.21612861434988564,0.2009756629691884,0.20814570148484035
Sports,1540,1,0.25230692853551817,0.26482937836884096,0.24052177820870854,0.24234191488693238
Sports,1541,0,0.3486348812535825,0.22336629573332173,0.21556427440431722,0.2124345486087785
Sports,1542,0,0.3931084900014444,0.21460817607903498,0.2007664814620373,0.1915168524574834
Sports,1543,0,0.44495601041817934,0.20192837409146075,0.17693914130696897,0.176176474183391
Sports,1544,0,0.3345755324059583,0.22337341636567623,0.22316329978415733,0.21888775144420813
Sports,1545,0,0.38643002941086035,0.20887547462955455,0.20698625112291527,0.1977082448366699
Sports,1546,0,0.4294816904135665,0.21424266467163652,0.1780238583991564,0.1782517865156406
Sports,1547,0,0.3626329257506975,0.2356914680199037,0.19875890618930836,0.20291670004009044
Sports,1548,0,0.4255904694442993,0.2145523070405062,0.18119640360821418,0.17866081990698027
Sports,1549,0,0.4183515493406033,0.18941471392206402,0.20364977216256697,0.18858396457476576
Sports,1550,0,0.4491336266870823,0.174549150115939,0.1858654777041989,0.19045174549277974
Sports,1551,0,0.33050580812906316,0.2309292632323316,0.22518380195101217,0.21338112668759313
Sports,1552,0,0.533763755949557,0.15636133567137067,0.15722547015693578,0.1526494382221365
Sports,1553,2,0.238982874910252,0.23152144372005665,0.2660235849025972,0.26347209646709424
Sports,1554,0,0.33986021064799454,0.24665138930241115,0.2069966158654495,0.20649178418414482
Sports,1555,0,0.30588429177920695,0.24043013191750176,0.23111447113998979,0.22257110516330153
Sports,1556,0,0.3662268439260196,0.22205332375502543,0.20697520850072218,0.20474462381823277
Sports,1557,0,0.36595893579878985,0.2136263459203649,0.21381249821332635,0.20660222006751894
Sports,1558,0,0.3967751613798368,0.22535974901925546,0.18819202145534092,0.18967306814556686
Sports,1559,0,0.30958249085252876,0.24665437148807462,0.21936705113804938,0.2243960865213473
Sports,1560,0,0.381119733265522,0.21233120573525582,0.2081135552758669,0.19843550572335525
Sports,1561,0,0.41643051186703955,0.20064108094439745,0.19697741420469514,0.18595099298386777
Sports,1562,0,0.26843969550385854,0.2567182560357801,0.24163182243797943,0.23321022602238195
Sports,1563,0,0.3162340183757845,0.242687876212627,0.22722661282207268,0.2138514925895158
Sports,1564,3,0.25612474841506505,0.21262620535953355,0.2527368419078109,0.27851220431759044
Sports,1565,0,0.30581906685643884,0.22487595245708053,0.23944501245978972,0.2298599682266909
Sports,1566,1,0.24046494718615283,0.26707198027529844,0.24809673048895572,0.24436634204959298
Sports,1567,0,0.38404977231898857,0.2227633239972914,0.206773804024945,0.18641309965877495
Sports,1568,0,0.37727326565737285,0.23222151044576864,0.19637862326775402,0.19412660062910447
Sports,1569,0,0.3374984478460464,0.24797661397112677,0.21072087743572382,0.203804060747103
Sports,1570,0,0.3555300580478806,0.23409936788890023,0.20843901031031004,0.2019315637529091
Sports,1571,0,0.4327169291036466,0.18985077788055293,0.1948097288498157,0.1826225641659848
Sports,1572,0,0.4537937640242728,0.20122690283972858,0.1736123096947788,0.17136702344121985
Sports,1573,0,0.5227541210892919,0.1648972158690246,0.156240536967302,0.15610812607438157
Sports,1574,0,0.3648834796806656,0.2212400342660748,0.20744359493673734,0.20643289111652224
Sports,1575,0,0.3974250512097615,0.22914898119514446,0.19309235422723448,0.18033361336785958
Sports,1576,0,0.3549250863882061,0.23445721768020486,0.20076410314942375,0.20985359278216534
Sports,1577,0,0.33324255603950104,0.1967656225050999,0.23447140293719324,0.23552041851820577
Sports,1578,0,0.338307815262375,0.23482060047977213,0.21155680735404409,0.2153147769038088
Sports,1579,0,0.3398679265341187,0.23500447337759847,0.2113696896905315,0.21375791039775136
Sports,1580,0,0.4295188746477292,0.21200783122762476,0.18013775330324294,0.17833554082140318
Sports,1581,0,0.4010801521863149,0.18316571323732778,0.21177348628406215,0.20398064829229517
Sports,1582,0,0.3351289969813471,0.20796747606179,0.23317723135809582,0.22372629559876706
Sports,1583,0,0.45863690672953683,0.2107420981513325,0.17142319113126944,0.15919780398786115
Sports,1584,0,0.375984594732381,0.21352825976730694,0.20566698126454674,0.2048201642357653
Sports,1585,0,0.3322378033965726,0.2571115771010809,0.20581245847245533,0.20483816102989122
Sports,1586,0,0.4121249708885352,0.18913128373606475,0.20438727700835557,0.19435646836704443
Sports,1587,0,0.4562287583328542,0.19963124466835927,0.1779546961973143,0.16618530080147223
Sports,1588,0,0.31966079312008633,0.2142762499308346,0.2385812711834794,0.22748168576559966
Sports,1589,0,0.39013443151137667,0.20645045840450954,0.20371151712209432,0.1997035929620195
Sports,1590,0,0.3938466250301061,0.22611865256324643,0.18965070553564492,0.1903840168710026
Sports,1591,0,0.31268361420700197,0.2646399462750502,0.21639795636034256,0.20627848315760522
Sports,1592,0,0.4681315742240989,0.18650988545864094,0.17354921891927472,0.17180932139798544
Sports,1593,0,0.3982475282410409,0.21813444035802942,0.1987101295076056,0.18490790189332407
Sports,1594,0,0.41750462426521207,0.20341305773280552,0.19589158248359348,0.183190735518389
Sports,1595,0,0.4255904694442993,0.2145523070405062,0.18119640360821418,0.17866081990698027
Sports,1596,0,0.4151581202360817,0.215762949334892,0.18846736745691764,0.18061156297210856
Sports,1597,0,0.47214152654176017,0.1895196725718042,0.1691917505846491,0.16914705030178656
Sports,1598,0,0.3561238468415516,0.2550547217633327,0.1966168326284595,0.19220459876665622
Sports,1599,0,0.44446497265359686,0.2089584545736758,0.18031682444123817,0.16625974833148918
Sports,1600,0,0.383922023113136,0.2209480949068953,0.20263254365882738,0.19249733832114133
Sports,1601,0,0.48981920786032324,0.18329479043309554,0.17188599675794985,0.1550000049486314
Sports,1602,0,0.3572846459833225,0.23721486426758692,0.20520538928545923,0.2002951004636314
Sports,1603,1,0.20945559504177622,0.32742155780106524,0.2359594087067918,0.22716343845036685
Sports,1604,0,0.378322957378548,0.22051365911380083,0.19952673805436236,0.20163664545328885
Sports,1605,1,0.28123829598365924,0.2818033740515689,0.2232263900212591,0.21373193994351278
Sports,1606,0,0.4296720377844015,0.20693244214875736,0.1812361936224054,0.1821593264444356
Sports,1607,0,0.3437812959109535,0.23709771940512767,0.21241059145406643,0.20671039322985246
Sports,1608,1,0.22075481591674526,0.2727518249016294,0.23977416467001217,0.2667191945116132
Sports,1609,0,0.3891521833108748,0.20750683934072145,0.19695512014583616,0.2063858572025676
Sports,1610,0,0.40545296517119134,0.20833871839353638,0.19792045425821636,0.18828786217705593
Sports,1611,0,0.33100504624940397,0.23541992719823837,0.22016691150350887,0.21340811504884877
Sports,1612,0,0.4818502286909299,0.18750339670570268,0.16809131241838318,0.1625550621849842
Sports,1613,0,0.31521139684973604,0.2377448377946805,0.21646418268649734,0.23057958266908607
Sports,1614,0,0.4397768985445029,0.200496262173501,0.1837290660415656,0.1759977732404304
Sports,1615,0,0.340265420820403,0.21524683187748808,0.22456550971051142,0.21992223759159749
Sports,1616,0,0.3788740670992758,0.21089674130710306,0.21084806200403877,0.19938112958958243
Sports,1617,0,0.397807723697482,0.20480135213487735,0.2062300530958627,0.1911608710717779
Sports,1618,1,0.2476128797290364,0.26283878146661976,0.239371829070968,0.2501765097333759
Sports,1619,0,0.3060058297213296,0.26289848639305685,0.21120920381085923,0.21988648007475434
Sports,1620,0,0.4975211214441367,0.1757518766437789,0.16653679262379298,0.1601902092882915
Sports,1621,0,0.4579691613054695,0.17992462696428793,0.18287263239776955,0.17923357933247308
Sports,1622,0,0.2984198229792653,0.24429564410223667,0.22474834218013395,0.23253619073836418
Sports,1623,0,0.5500715906945292,0.16635628666558677,0.1446969439893957,0.13887517865048832
Sports,1624,0,0.333504627407674,0.2306596812960334,0.2192434163483121,0.21659227494798058
Sports,1625,0,0.3435848614559568,0.26621552093635675,0.19748396488047915,0.19271565272720734
Sports,1626,0,0.389525671829428,0.19013933918542145,0.20877621736079163,0.2115587716243589
Sports,1627,0,0.35584123312269034,0.2097000851278409,0.2131441256703244,0.2213145560791444
Sports,1628,1,0.25510623952209305,0.2728387591774557,0.23575971397519205,0.23629528732525906
Sports,1629,0,0.3693038671628136,0.21651961770118888,0.20638213151426596,0.20779438362173153
Sports,1630,0,0.34025135020434527,0.23381573448881252,0.20750761535656134,0.2184252999502809
Sports,1631,0,0.44919976779924786,0.20425767644754064,0.1730746886865946,0.17346786706661688
Sports,1632,0,0.3612486332086473,0.19766744967144542,0.22095602271259263,0.22012789440731464
Sports,1633,0,0.4538006910528181,0.2004572326020908,0.17269411341452126,0.17304796293056982
Sports,1634,0,0.3057031668764509,0.23113793594622978,0.23148467311507603,0.23167422406224325
Sports,1635,0,0.3895424847537435,0.22776523410097121,0.1930614427238671,0.18963083842141812
Sports,1636,0,0.2819403000527006,0.25785747766149114,0.23561316389217582,0.22458905839363244
Sports,1637,0,0.5137451000476964,0.17103888141279397,0.1621590673691328,0.15305695117037688
Sports,1638,0,0.3293006440966561,0.20513973957354523,0.2360704163817357,0.22948919994806288
Sports,1639,1,0.2194889714525412,0.366152414094994,0.20932762142238678,0.205030993030078
Sports,1640,0,0.35133639992945687,0.22171013497421674,0.21033608225153336,0.21661738284479298
Sports,1641,0,0.3443995640524535,0.2314822247443857,0.21153069843518651,0.2125875127679743
Sports,1642,0,0.4095206555779347,0.19544245890522755,0.20116315147164734,0.19387373404519037
Sports,1643,0,0.3947949507220096,0.22595139570493736,0.19184238832516742,0.1874112652478856
Sports,1644,0,0.4149185238886974,0.19976861682198105,0.19722818579180457,0.1880846734975171
Sports,1645,0,0.45505697065630973,0.19186814944708455,0.17660747656404482,0.17646740333256086
Sports,1646,0,0.3450997236224326,0.23258642507236155,0.20833074272926375,0.21398310857594216
Sports,1647,0,0.5048468494029456,0.17631350907140236,0.16409734291408362,0.15474229861156846
Sports,1648,0,0.3113275004445169,0.20473191365399035,0.24765908001991177,0.23628150588158092
Sports,1649,0,0.29661840099501224,0.23739927635602884,0.2248530405400003,0.24112928210895862
Sports,1650,0,0.40494456346546265,0.1914563446135504,0.20338440615344078,0.2002146857675461
Sports,1651,0,0.32887306671121697,0.23426158466589425,0.22279902149971342,0.21406632712317536
Sports,1652,0,0.38742488962073646,0.21141201808680946,0.20277010455053843,0.1983929877419157
Sports,1653,0,0.44359780738682775,0.20691360721652216,0.17645124805711546,0.1730373373395347
Sports,1654,0,0.48473789446500704,0.18793434715359103,0.165840262567737,0.16148749581366498
Sports,1655,0,0.34361966260001936,0.22363288814710383,0.21725633320009793,0.2154911160527788
Sports,1656,0,0.40146674667858784,0.20719350009874213,0.20513180308677934,0.18620795013589078
Sports,1657,0,0.5258694964280048,0.18051386480450057,0.1494723144825131,0.1441443242849815
Sports,1658,0,0.3633213955244387,0.23546766940509617,0.2058376432127212,0.1953732918577439
Sports,1659,0,0.4230177640260836,0.21007209081668582,0.1806260087994344,0.18628413635779625
Sports,1660,0,0.3342960455965679,0.2557681624765924,0.20052485626093752,0.20941093566590213
Sports,1661,0,0.5263536042805378,0.16981732554858955,0.15723448681171184,0.14659458335916084
Sports,1662,0,0.42426428297208946,0.19261445647971218,0.19068528266270182,0.19243597788549652
Sports,1663,0,0.3388406447423372,0.2346555046560055,0.21565968960729245,0.21084416099436482
Sports,1664,0,0.36800970585968124,0.2326092586323002,0.20356241158953156,0.19581862391848703
Sports,1665,0,0.34356964220624264,0.2205779286508129,0.21920182263323862,0.21665060650970583
Sports,1666,0,0.3517285517763809,0.19032830150029714,0.23343153574139255,0.22451161098192932
Sports,1667,0,0.36001410224224695,0.20921324682036288,0.2221946965190697,0.20857795441832053
Sports,1668,0,0.34557766110446125,0.25555225017723165,0.20833937694511087,0.19053071177319617
Sports,1669,0,0.36967332637205114,0.21232743295415502,0.2132215326714389,0.2047777080023549
Sports,1670,0,0.4217110605851109,0.21208959762869803,0.18898325651906847,0.17721608526712268
Sports,1671,0,0.39783028386088226,0.21737483538179972,0.19789006971831388,0.1869048110390042
Sports,1672,0,0.37296106949962143,0.2193535318603976,0.20683634568521875,0.20084905295476224
Sports,1673,0,0.3287672786920407,0.22124917224690194,0.22500863944447344,0.22497490961658392
Sports,1674,0,0.3506344667254366,0.21192491184599355,0.22211320058157188,0.21532742084699796
Sports,1675,0,0.3995317691621662,0.20614624933879572,0.20413654610700122,0.19018543539203694
Sports,1676,0,0.409863675042547,0.2016587534988295,0.1998226662383276,0.18865490522029588
Sports,1677,0,0.32472294740220153,0.23208743752295555,0.21667677682612416,0.22651283824871876
Sports,1678,0,0.38361733788991426,0.22431518913916917,0.19860900054420857,0.193458472426708
Sports,1679,0,0.3100608912696963,0.2266849240716482,0.23393894774652688,0.22931523691212868
Sports,1680,0,0.46624807638192706,0.17679672800615037,0.17747835686553096,0.17947683874639164
Sports,1681,0,0.3020101374938469,0.22121391575123217,0.23760207596376123,0.2391738707911597
Sports,1682,0,0.41839912979308996,0.21112716267180134,0.18999380924867137,0.18047989828643735
Sports,1683,0,0.47420921996721255,0.1837610683710504,0.17623632263409927,0.1657933890276378
Sports,1684,0,0.4947053312013133,0.1714333946664609,0.17492434876802307,0.15893692536420273
Sports,1685,0,0.40378042558122446,0.20445524571206164,0.19662604188467722,0.1951382868220367
Sports,1686,0,0.29877270576058246,0.2176332248638661,0.2323998608026129,0.25119420857293856
Sports,1687,0,0.35214287069204037,0.22032929029441564,0.2214212999773445,0.20610653903619955
Sports,1688,0,0.3290893312674747,0.22524268013227738,0.22148633590500946,0.22418165269523846
Sports,1689,0,0.44072924839827843,0.1985974917290936,0.18321162342322223,0.17746163644940582
Sports,1690,0,0.27230660622337066,0.22084015096822807,0.25684574681931205,0.2500074959890892
Sports,1691,0,0.496245015145314,0.17885088450845543,0.16545184006452673,0.15945226028170387
Sports,1692,0,0.3772868126089118,0.2242381969270207,0.19844890508835672,0.20002608537571073
Sports,1693,0,0.43486270892795637,0.1983937548094838,0.18744148259080115,0.17930205367175864
Sports,1694,0,0.3376927280361312,0.23486337777447627,0.2147390599484968,0.21270483424089567
Sports,1695,0,0.46562364176649046,0.18894461031608464,0.17762550872750008,0.1678062391899248
Sports,1696,0,0.3624415055473411,0.2391914210137937,0.20239082342841705,0.1959762500104481
Sports,1697,0,0.30910144264714884,0.2642606404191467,0.2149215766578956,0.21171634027580882
Sports,1698,0,0.2867734050171058,0.21789991732011785,0.2437131140172948,0.25161356364548165
Sports,1699,0,0.3500441042640898,0.22707127232031954,0.21780353120870571,0.20508109220688503
Sports,1700,0,0.3045112770326696,0.27532992067874074,0.2112229105679623,0.20893589172062726
Sports,1701,0,0.42417551880030124,0.22100222844027487,0.18187849309652776,0.1729437596628961
Sports,1702,0,0.38506624369218395,0.2494297025396463,0.18550482044780248,0.17999923332036724
Sports,1703,0,0.46368425736485824,0.21015466172949962,0.1651791862498268,0.16098189465581528
Sports,1704,0,0.37961631670275664,0.19858213624275275,0.20552571504413883,0.21627583201035175
Sports,1705,0,0.3373924722762677,0.215421453937571,0.2139659355448916,0.2332201382412697
Sports,1706,0,0.34178394930533706,0.2528028588052267,0.203504028869973,0.20190916301946324
Sports,1707,0,0.4001159331475988,0.21640092481141804,0.19095747743881974,0.19252566460216347
Sports,1708,0,0.3068863966835486,0.2252327229959738,0.22515102099437054,0.24272985932610705
Sports,1709,0,0.3191541949536355,0.2316092738261171,0.2254124985098298,0.22382403271041765
Sports,1710,0,0.4304474220069344,0.19121461448505678,0.19781555371538337,0.18052240979262557
Sports,1711,0,0.4101779794490212,0.2203714156341712,0.19195898223980756,0.17749162267700003
Sports,1712,0,0.3345010795633755,0.21936093671574142,0.22710673943011458,0.2190312442907685
Sports,1713,0,0.27965866161819286,0.22159224088306861,0.24878170592368734,0.24996739157505118
Sports,1714,0,0.500798144389732,0.1825223447628944,0.16257320099510758,0.154106309852266
Sports,1715,0,0.37688949230548685,0.20968296561833505,0.21071007227587635,0.20271746980030178
Sports,1716,0,0.3725043774904852,0.2214185203313337,0.20940233385160648,0.19667476832657463
Sports,1717,0,0.46878774758534836,0.19272409382538425,0.17383338597308598,0.16465477261618142
Sports,1718,0,0.3287672786920407,0.22124917224690194,0.22500863944447344,0.22497490961658392
Sports,1719,0,0.42319094603393953,0.1974263449779553,0.19615519455411498,0.18322751443399019
Sports,1720,0,0.3888913973622158,0.19623565262820503,0.20886499847019122,0.20600795153938803
Sports,1721,0,0.3714491984899078,0.21907033435659679,0.20595560893657325,0.20352485821692215
Sports,1722,0,0.29364776331144626,0.21977385115850576,0.23915126876831283,0.24742711676173512
Sports,1723,0,0.393807415095659,0.19889520939027525,0.20641145384405934,0.20088592167000646
Sports,1724,0,0.37834158898885045,0.20453378395952793,0.21743425419634307,0.19969037285527852
Sports,1725,0,0.3586002955826496,0.23018669973386885,0.2088269544627012,0.20238605022078035
Sports,1726,0,0.34928749202084663,0.23569824085886668,0.21509155450448375,0.19992271261580288
Sports,1727,0,0.3587721853022891,0.22478993670934866,0.20889054454269806,0.20754733344566417
Sports,1728,0,0.2878217510763599,0.23553498418544513,0.2339243334272858,0.24271893131090935
Sports,1729,0,0.44830612102117284,0.2074296848976214,0.17518644331559857,0.16907775076560724
Sports,1730,0,0.38964962524844593,0.19796370354017573,0.21554993860170085,0.19683673260967757
Sports,1731,0,0.37869127150323956,0.21969445722568648,0.20554095187287805,0.19607331939819592
Sports,1732,0,0.3679696607255661,0.23295975582914918,0.20459474877243278,0.1944758346728519
Sports,1733,0,0.3201992826414659,0.2350714073813526,0.2206425021476563,0.22408680782952517
Sports,1734,0,0.45286647061092167,0.20498622623279183,0.17735178384708894,0.16479551930919753
Sports,1735,0,0.2932218077130286,0.20696752899083296,0.24544979997043848,0.2543608633257
Sports,1736,0,0.3277831915023304,0.2474378183747875,0.21456771713300946,0.21021127298987272
Sports,1737,0,0.37458023703641213,0.24680692352780526,0.19105680898889418,0.18755603044688846
Sports,1738,0,0.3513263222645111,0.22439907558677052,0.20882334060557647,0.21545126154314184
Sports,1739,0,0.39602387148125184,0.22933836415384146,0.18993043327810263,0.1847073310868041
Sports,1740,0,0.35792318772674775,0.23756636536971185,0.20602651101990438,0.19848393588363597
Sports,1741,0,0.3169682986040713,0.2204784845404977,0.2363999722525172,0.22615324460291386
Sports,1742,0,0.3566550813827433,0.22172245875363103,0.2141048400172877,0.20751761984633801
Sports,1743,0,0.361021035046437,0.2247189709610872,0.2029387422530661,0.2113212517394097
Sports,1744,0,0.47156623817355847,0.19912121631328675,0.16716568114390215,0.1621468643692526
Sports,1745,0,0.4363663092115581,0.19394348339167655,0.18595815153580514,0.1837320558609602
Sports,1746,0,0.37833840724054335,0.2127674361673265,0.201538468233797,0.20735568835833312
Sports,1747,0,0.3758605505940321,0.23621789390476933,0.19405414362881973,0.19386741187237877
Sports,1748,0,0.4187680227177634,0.2328348532516764,0.17322390179599442,0.1751732222345657
Sports,1749,0,0.46920513567295485,0.19503334669827532,0.16845015292275176,0.1673113647060181
Sports,1750,0,0.32819528525442837,0.23305552073307087,0.21866519208449553,0.22008400192800526
Sports,1751,0,0.33847058486912784,0.23566163829887596,0.2178677300946864,0.2080000467373098
Sports,1752,0,0.449474091491688,0.18713688503806336,0.18692793126142698,0.17646109220882167
Sports,1753,0,0.33418559512397755,0.22203716618177627,0.2244742363507905,0.2193030023434557
Sports,1754,0,0.34838329867525675,0.21421362675307984,0.2139965537652985,0.22340652080636483
Sports,1755,0,0.30125799594864805,0.21918119870576563,0.2446283461139172,0.23493245923166903
Sports,1756,0,0.3328747388840016,0.2331442883130212,0.21056534930234574,0.22341562350063146
Sports,1757,0,0.32026586930287987,0.260950967127843,0.21203477243410546,0.2067483911351716
Sports,1758,0,0.44944959611991087,0.20732142585454377,0.17849403332672345,0.1647349446988219
Sports,1759,0,0.30068544892214566,0.22691090744504044,0.24326451485977743,0.2291391287730364
Sports,1760,0,0.32153570768684764,0.2360330686998224,0.22247580700183173,0.21995541661149814
Sports,1761,0,0.4254252914037625,0.19895221843563132,0.19584399204621636,0.17977849811438984
Sports,1762,0,0.38682161419808075,0.2278857036781584,0.191652992015543,0.19363969010821777
Sports,1763,0,0.42807595622472444,0.19127613249979047,0.19281122699648312,0.18783668427900196
Sports,1764,0,0.3625147272653539,0.23106971787329172,0.20110362816757488,0.20531192669377943
Sports,1765,0,0.47063894359580555,0.1763844996556209,0.17760775816631175,0.17536879858226193
Sports,1766,0,0.2712021886585941,0.22676791385402192,0.2456206909633409,0.2564092065240431
Sports,1767,0,0.4927079925195019,0.19042591148601581,0.15957184030018426,0.15729425569429806
Sports,1768,0,0.3570306637876322,0.24017852158983716,0.19911027675625687,0.20368053786627371
Sports,1769,0,0.32063873888124633,0.2309832912756252,0.22638572335122809,0.22199224649190039
Sports,1770,0,0.48056538782481456,0.19546604470252535,0.1583283508240455,0.16564021664861459
Sports,1771,0,0.36831609461156534,0.23239413931431155,0.1971057270447541,0.20218403902936902
Sports,1772,0,0.3090080908597928,0.2522006409559439,0.21934401542629092,0.2194472527579724
Sports,1773,0,0.361705629227567,0.2600680484379708,0.18106405407814596,0.19716226825631625
Sports,1774,0,0.3445572456211671,0.2179198627388752,0.21505220948055762,0.22247068215940008
Sports,1775,0,0.3436684529196171,0.2420935488041625,0.20568541552879627,0.20855258274742408
Sports,1776,0,0.4503297253459159,0.1897526809133013,0.18038276059645275,0.17953483314433002
Sports,1777,0,0.300135959035185,0.24351324001515634,0.23478756744344276,0.22156323350621598
Sports,1778,0,0.41697451756504667,0.2047836121255082,0.19416427495135702,0.1840775953580882
Sports,1779,0,0.46100271662285885,0.1857296722558738,0.18023897713115794,0.17302863399010943
Sports,1780,0,0.3325314818485928,0.2024976572697316,0.23400467271698866,0.23096618816468692
Sports,1781,0,0.471305217392265,0.19404726029645836,0.1699012881621496,0.16474623414912706
Sports,1782,0,0.37765575624248043,0.20943775024958813,0.21606906579196494,0.19683742771596652
Sports,1783,0,0.41638248557384994,0.1839942818341782,0.20160009578265556,0.19802313680931627
Sports,1784,0,0.3807933091292944,0.22164520413280123,0.2015434491237227,0.19601803761418168
Sports,1785,1,0.2293568411315003,0.3070858042310653,0.23756739993372478,0.22598995470370964
Sports,1786,0,0.39799308437084696,0.2220129688051015,0.19291994453784633,0.18707400228620522
Sports,1787,0,0.31438271860224465,0.25505370938024946,0.21337129279047398,0.2171922792270319
Sports,1788,0,0.29170864059847,0.20315869947173712,0.2502016687482274,0.2549309911815654
Sports,1789,0,0.427905070432978,0.18926223145686735,0.19414767408411654,0.18868502402603815
Sports,1790,0,0.39575408888575087,0.23696785063801873,0.17723169672715397,0.19004636374907646
Sports,1791,0,0.32909272492237696,0.22280672392291137,0.22148496983995758,0.22661558131475415
Sports,1792,0,0.37659043352653726,0.22290446675815168,0.20289611318321513,0.19760898653209588
Sports,1793,0,0.3130127896773713,0.2782769306560071,0.19668347297693087,0.21202680668969076
Sports,1794,0,0.39581098845067825,0.2207783468603136,0.19050060480007738,0.19291005988893073
Sports,1795,0,0.3825384428154534,0.2413501481776758,0.18150653137939513,0.1946048776274756
Sports,1796,0,0.3674169551326889,0.22189541928434975,0.20312977656913667,0.20755784901382468
Sports,1797,0,0.37420939140567605,0.22335605477714698,0.19996764095956715,0.2024669128576098
Sports,1798,0,0.3209985458259169,0.23416543961678257,0.21956074518768284,0.2252752693696177
Sports,1799,0,0.3086517756220886,0.24484443949745963,0.2227607674759518,0.22374301740449995
Sports,1800,0,0.4395741524890024,0.2063412752671236,0.17524690773892768,0.17883766450494637
Sports,1801,0,0.42047091342259935,0.19564799673789277,0.19977830555217563,0.18410278428733226
Sports,1802,0,0.27998387247048556,0.23012686119627818,0.2501986385715373,0.23969062776169892
Sports,1803,0,0.3478910505718169,0.21477052920361422,0.21253069177719322,0.22480772844737568
Sports,1804,0,0.5011013389239148,0.17700523081842676,0.16436662617361594,0.15752680408404243
Sports,1805,0,0.2843178853454214,0.23445030785812543,0.22542923792905747,0.2558025688673957
Sports,1806,0,0.41094290459568217,0.20849170557376442,0.19538268188086244,0.18518270794969102
Sports,1807,0,0.41586301098683764,0.20314659724224896,0.19619299542196822,0.1847973963489452
Sports,1808,0,0.411682927336184,0.2328309557934117,0.18284132484006088,0.17264479203034339
Sports,1809,0,0.31993918299161866,0.22855178406951832,0.21239256047294114,0.23911647246592185
Sports,1810,0,0.3356381626249807,0.22662040745155645,0.22206604818387085,0.21567538173959197
Sports,1811,0,0.38555610689446,0.2079585503422045,0.20767605667586472,0.1988092860874708
Sports,1812,0,0.35637873448666724,0.223695270219336,0.21360759670616308,0.20631839858783366
Sports,1813,0,0.44397561023124327,0.19296015118229343,0.18345648265195844,0.1796077559345049
Sports,1814,0,0.3884000821347572,0.20606168537474578,0.2057403011590271,0.19979793133146992
Sports,1815,0,0.4357339451137956,0.2080480977823615,0.17755662569717498,0.17866133140666796
Sports,1816,0,0.38348724098325854,0.23622287351083546,0.19632616803030406,0.18396371747560197
Sports,1817,0,0.5147499132436474,0.16898287503164847,0.1634987008654213,0.15276851085928292
Sports,1818,0,0.39736544070980595,0.20598425796428702,0.20458489622329018,0.19206540510261685
Sports,1819,0,0.36684962744146543,0.2358683045897213,0.20458060655977803,0.19270146140903527
Sports,1820,0,0.3796134715320014,0.20938526344886293,0.20719042477055294,0.20381084024858276
Sports,1821,0,0.4029232229559692,0.19745680798984286,0.1984293965655384,0.20119057248864944
Sports,1822,0,0.3250934767767066,0.240993812111895,0.21894828154147544,0.21496442956992295
Sports,1823,0,0.507606047255728,0.18064962464085416,0.15983155876892924,0.15191276933448847
Sports,1824,0,0.41007891547174646,0.22302323870574048,0.17934051938900825,0.18755732643350476
Sports,1825,0,0.342481527726763,0.21831078879528515,0.21475798264546456,0.22444970083248733
Sports,1826,0,0.4081019729353018,0.2127786044990058,0.18532039184068463,0.1937990307250077
Sports,1827,0,0.41800367779300346,0.207477988455005,0.19304356776787443,0.18147476598411713
Sports,1828,0,0.3666692949882354,0.2152323548631629,0.20973084815718587,0.20836750199141588
Sports,1829,0,0.4955511137950245,0.18192219911155338,0.16564783595136373,0.15687885114205835
Sports,1830,0,0.4633207841347321,0.19775525624465998,0.174810716158379,0.16411324346222894
Sports,1831,0,0.4103658917397094,0.19940361903461246,0.2046810334238487,0.1855494558018295
Sports,1832,0,0.3449674622337015,0.2622194420724165,0.18977413891650552,0.20303895677737652
Sports,1833,0,0.4929156526356171,0.17468833598912303,0.16942964750363515,0.1629663638716247
Sports,1834,0,0.3372968247485033,0.20353951687092572,0.22836017875913306,0.2308034796214379
Sports,1835,0,0.34054522818819816,0.22954602445982986,0.21546057806560828,0.21444816928636382
Sports,1836,0,0.37714537978962076,0.21753551309355415,0.2005263271531697,0.20479277996365544
Sports,1837,0,0.46528637044465676,0.1907158359962845,0.17336418149155364,0.1706336120675051
Sports,1838,0,0.40101713561228397,0.2146773758053252,0.19512454437269391,0.1891809442096969
Sports,1839,3,0.254101066380908,0.22698567401049044,0.24453675044129985,0.27437650916730166
Sports,1840,3,0.26512106722470974,0.20661558488916743,0.26022429598972735,0.2680390518963955
Sports,1841,0,0.49660860651215494,0.19023818216456306,0.15949329271669066,0.15365991860659134
Sports,1842,0,0.33125044736817727,0.2560312001264471,0.20413151054479836,0.20858684196057728
Sports,1843,0,0.31843387473930984,0.27586690856889734,0.20443648091815045,0.2012627357736424
Sports,1844,0,0.35364329402547523,0.24653684116429272,0.19939363768075602,0.20042622712947603
Sports,1845,0,0.2774220966603393,0.22291819316874975,0.2519567834812615,0.24770292668964947
Sports,1846,0,0.5364812091851614,0.16870833148031927,0.15109534281883372,0.14371511651568558
Sports,1847,0,0.32423279920011855,0.21851613743379228,0.22687953183210297,0.2303715315339863
Sports,1848,0,0.37054021451865665,0.22494424849623745,0.2004487721348375,0.20406676485026837
Sports,1849,0,0.48763938627532827,0.18973276314987367,0.16648465593489778,0.15614319463990017
Sports,1850,0,0.3339664061299262,0.2573469328762949,0.20611183343844472,0.2025748275553342
Sports,1851,0,0.3489386681344565,0.2479588567233876,0.20981125545029383,0.19329121969186197
Sports,1852,0,0.32957351178377425,0.23619341973128274,0.2199141164676065,0.21431895201733647
Sports,1853,0,0.28762217882932495,0.21498276263160535,0.24140324571918487,0.2559918128198848
Sports,1854,0,0.4153539592202066,0.20879307514344517,0.1913315793454323,0.18452138629091594
Sports,1855,0,0.4033630848090521,0.22423979455851903,0.19023705298663782,0.18216006764579115
Sports,1856,0,0.33310764403690907,0.2116252994419631,0.22568003894175467,0.2295870175793732
Sports,1857,0,0.3655519932902595,0.22171554909945881,0.20634495302261643,0.20638750458766514
Sports,1858,0,0.5182958022266362,0.17895692635691268,0.15685216087206136,0.1458951105443897
Sports,1859,0,0.42729603804043564,0.19263441612095986,0.1956124344434245,0.18445711139518
Sports,1860,2,0.25275152750683655,0.22694926799309176,0.2645374981558598,0.2557617063442119
Sports,1861,0,0.37183369664351634,0.2091844844227686,0.21349275804575077,0.2054890608879642
Sports,1862,0,0.33202900952588743,0.24394711759819135,0.2142573908635893,0.20976648201233192
Sports,1863,0,0.3721115295212376,0.2112492560101162,0.20603982114413558,0.21059939332451055
Sports,1864,0,0.4560004161445014,0.19258961807018937,0.17622575873387866,0.1751842070514306
Sports,1865,0,0.31841382570711285,0.2535360608208792,0.21343606236911847,0.2146140511028895
Sports,1866,0,0.3424569642683157,0.2377019368707706,0.2109068250730538,0.20893427378785992
Sports,1867,0,0.41689767090248037,0.20067222922277508,0.19785877920465883,0.18457132067008578
Sports,1868,0,0.405791329505229,0.20722172360188687,0.2005395472726032,0.1864473996202809
Sports,1869,0,0.33270626381159224,0.2937852865086837,0.18698098657578546,0.1865274631039386
Sports,1870,0,0.41607601276029504,0.19548498139528722,0.1982114836079991,0.1902275222364187
Sports,1871,0,0.361172180100023,0.21748405883815236,0.21244699274122775,0.2088967683205968
Sports,1872,0,0.3496795050185816,0.23140829625144804,0.2056126759095078,0.21329952282046255
Sports,1873,0,0.44207675936978225,0.18371703264685144,0.18836481279736264,0.1858413951860037
Sports,1874,0,0.349568998676496,0.22812453972829205,0.21262562140121644,0.20968084019399555
Sports,1875,0,0.336491890698336,0.20583700669585936,0.22701647599449498,0.23065462661130962
Sports,1876,0,0.363396854068527,0.22997878377017766,0.19610585626179275,0.21051850589950255
Sports,1877,0,0.3700787606102225,0.24034330470553633,0.1931943594168203,0.19638357526742095
Sports,1878,0,0.3811972571065203,0.209844351330441,0.20323199732028033,0.20572639424275838
Sports,1879,0,0.37500594729262204,0.2666478709094892,0.18228566232754764,0.17606051947034104
Sports,1880,0,0.39505842452586126,0.23219457675904595,0.18711208673050517,0.18563491198458762
Sports,1881,0,0.32471913324234264,0.27422321317791865,0.2032261394547774,0.19783151412496125
Sports,1882,0,0.5310892311760361,0.16437260941394638,0.15695458760941097,0.1475835718006065
Sports,1883,0,0.35438322124946436,0.2508873338707802,0.19736824976375325,0.19736119511600217
Sports,1884,0,0.4423531154557306,0.19210656954687247,0.18379434237821232,0.1817459726191846
Sports,1885,0,0.3446697896361214,0.22365937742229444,0.21878004828904,0.21289078465254427
Sports,1886,0,0.4693586375241048,0.1990368021555508,0.17460043363730046,0.15700412668304398
Sports,1887,0,0.32075291161788816,0.2369006608570945,0.22075374949751211,0.22159267802750524
Sports,1888,0,0.26532554267640807,0.2307920909945972,0.25285895078715304,0.25102341554184165
Sports,1889,0,0.3393468109679034,0.22934712401228524,0.211698624853523,0.2196074401662884
Sports,1890,0,0.4820876929201782,0.18687825568276084,0.16567802495993716,0.16535602643712377
Sports,1891,0,0.4687717623861006,0.18575482380250558,0.17634941921753125,0.16912399459386254
Sports,1892,0,0.3833060127896216,0.22264112640995717,0.20310875071081644,0.1909441100896048
Sports,1893,0,0.3587135382302417,0.25432452298491853,0.19590979134192202,0.1910521474429178
Sports,1894,0,0.2926331583021122,0.2582832116722401,0.22306853732794396,0.2260150926977038
Sports,1895,0,0.34657553769464894,0.23377037383382748,0.20891185615242877,0.21074223231909478
Sports,1896,0,0.3649083616473058,0.214454759090357,0.21772077066091614,0.2029161086014211
Sports,1897,0,0.3066574947837478,0.2402540262814329,0.23364910846058856,0.21943937047423073
Sports,1898,0,0.3636207830211099,0.21256268397389633,0.21092028835527354,0.21289624464972023
Sports,1899,0,0.4056037401502131,0.20961287834244074,0.19385681699223273,0.19092656451511342
Sports,1900,0,0.35542317784362565,0.22408239668425792,0.21846261867317254,0.20203180679894384
Sports,1901,0,0.4149821804513902,0.20996698816481996,0.19250261373779204,0.1825482176459978
Sports,1902,0,0.3815913758768217,0.21546134500800188,0.20494619741805148,0.198001081697125
Sports,1903,0,0.278023312914554,0.2637994158406293,0.23304506003441228,0.22513221121040436
Sports,1904,0,0.5029502345051077,0.18405910853112234,0.16027723792478998,0.15271341903898
Sports,1905,0,0.3870703543416009,0.20298080440381608,0.20738152390006537,0.2025673173545177
Sports,1906,0,0.3864659264315362,0.20544995755448223,0.197009542263236,0.21107457375074562
Sports,1907,0,0.4960394050056015,0.17573461979424745,0.16770744092931053,0.16051853427084042
Sports,1908,0,0.30167541271799875,0.19270742808898175,0.26241059266581795,0.24320656652720152
Sports,1909,0,0.49258664089098286,0.18142568739250664,0.16137038634171005,0.1646172853748005
Sports,1910,3,0.22630844959714366,0.19716758483008975,0.2872759377518449,0.2892480278209217
Sports,1911,0,0.3602964805440431,0.22196120964576743,0.2060326868470044,0.21170962296318507
Sports,1912,0,0.3827694190525659,0.25337234382297585,0.1844357673360056,0.17942246978845267
Sports,1913,0,0.39135094531236325,0.23384144032133197,0.18830531377451834,0.18650230059178646
Sports,1914,0,0.44317385736812276,0.19267093996801946,0.18832364633821838,0.1758315563256394
Sports,1915,0,0.3109099658705243,0.21443630331352567,0.23921751071531272,0.23543622010063742
Sports,1916,0,0.42469971961316916,0.20703431000954406,0.181822981565488,0.18644298881179877
Sports,1917,1,0.23060419051377248,0.27543240656475737,0.22505095510029194,0.2689124478211782
Sports,1918,0,0.3439986051895291,0.22952167290729586,0.21285564984466443,0.21362407205851056
Sports,1919,0,0.4091138242392369,0.21524982878103957,0.19307221685841333,0.1825641301213102
Sports,1920,0,0.3065283373829081,0.21124163255401524,0.24275481483180605,0.2394752152312707
Sports,1921,0,0.2698503983819441,0.24513442321987552,0.2288515539414222,0.2561636244567582
Sports,1922,0,0.423171448587314,0.2251374716584114,0.1807557935555406,0.17093528619873402
Sports,1923,0,0.4523636151440511,0.19459010898038628,0.17772722337195243,0.1753190525036102
Sports,1924,0,0.35834666115351616,0.22356512658102948,0.20959821853334584,0.2084899937321085
Sports,1925,0,0.37235135194172936,0.2097342312301262,0.21478840043526193,0.2031260163928825
Sports,1926,0,0.4018075191931012,0.22099444351260883,0.18980229620721817,0.1873957410870718
Sports,1927,0,0.33595635293286336,0.2566258074760901,0.20848271385002065,0.19893512574102587
Sports,1928,0,0.5216166755007489,0.17909098304376736,0.15163276398192013,0.14765957747356362
Sports,1929,0,0.35349844185904783,0.21801213344834625,0.20351740388517114,0.22497202080743475
Sports,1930,0,0.4625248390914236,0.19771511243215176,0.17213875052752023,0.16762129794890443
Sports,1931,0,0.40100867046397426,0.20296519195619578,0.205163566449273,0.190862571130557
Sports,1932,0,0.46250885904579525,0.185336817992348,0.1801879024362621,0.17196642052559466
Sports,1933,0,0.45168582998730783,0.20207399723262873,0.17806031891666177,0.1681798538634017
Sports,1934,0,0.27476873645115735,0.24560035783899276,0.22599379138416653,0.2536371143256833
Sports,1935,0,0.3830378999136032,0.20818145091820717,0.20919733484015754,0.19958331432803209
Sports,1936,0,0.4687739358859606,0.19564134500529065,0.1693906673241607,0.16619405178458804
Sports,1937,0,0.4438232467939495,0.2047322471542207,0.17580949261843445,0.17563501343339524
Sports,1938,0,0.4475334329428659,0.18477680009048117,0.18667684905953294,0.18101291790711999
Sports,1939,0,0.35670890786868403,0.23374110128917522,0.20620702323195708,0.2033429676101836
Sports,1940,0,0.28438657021676517,0.21944037939000774,0.24192572802983534,0.25424732236339187
Sports,1941,0,0.42492919876596996,0.19162266967805403,0.1985454971965228,0.18490263435945323
Sports,1942,0,0.30808907099245025,0.25851149546167396,0.21475421558861849,0.21864521795725733
Sports,1943,0,0.33090413736540286,0.21832677720402505,0.23240800048271384,0.21836108494785827
Sports,1944,0,0.3332369028723726,0.22354991234984006,0.22086049746050984,0.22235268731727753
Sports,1945,0,0.4976922641767331,0.18404112064158729,0.1615226551803806,0.15674396000129903
Sports,1946,0,0.48910812947789256,0.19126667941848713,0.1648540690838753,0.15477112201974502
Sports,1947,0,0.3859899651148661,0.2195552207611192,0.20444546591409915,0.19000934820991547
Sports,1948,1,0.2531553872801177,0.28092687583947107,0.22830698713140182,0.2376107497490094
Sports,1949,0,0.4009581288826924,0.22040860835724652,0.18920010709941665,0.1894331556606445
Sports,1950,0,0.3222526655378401,0.26491606501785575,0.20814666499597526,0.20468460444832887
Sports,1951,0,0.45503201954656924,0.21552489374951697,0.1690343076522631,0.1604087790516507
Sports,1952,1,0.24310319316391665,0.2955528936844002,0.23159417257076553,0.22974974058091763
Sports,1953,0,0.3171736503792328,0.24525774182144144,0.21668381078908164,0.22088479701024413
Sports,1954,0,0.3953117933025078,0.2044237704431075,0.20279386726981236,0.1974705689845723
Sports,1955,0,0.3139705101340354,0.22179269832777415,0.23516707428412428,0.22906971725406625
Sports,1956,3,0.25593989221798435,0.20346073470757708,0.26085878373858146,0.2797405893358571
Sports,1957,0,0.32000325754306036,0.2604284436313134,0.20851632346206658,0.21105197536355966
Sports,1958,0,0.4568798840451476,0.1863427492750069,0.18078917752574356,0.175988189154102
Sports,1959,0,0.4437653801930302,0.18600737119021707,0.18951701858903136,0.18071023002772138
Sports,1960,0,0.4480654799828962,0.21000477667692438,0.17163736409579652,0.17029237924438295
Sports,1961,0,0.44719364786799504,0.19839827129043652,0.17697795247499362,0.17743012836657487
Sports,1962,0,0.35026507870571016,0.21042770030107666,0.22256777119091078,0.21673944980230234
Sports,1963,0,0.4475334329428659,0.18477680009048117,0.18667684905953294,0.18101291790711999
Sports,1964,0,0.43428734532176394,0.20337906809917172,0.18475105846993875,0.17758252810912575
Sports,1965,0,0.46547293445875226,0.17704005705157674,0.18017578013251878,0.17731122835715227
Sports,1966,0,0.45942383742690546,0.19212981972094614,0.17512891819623613,0.17331742465591224
Sports,1967,0,0.4940411191817122,0.18953946656748888,0.16160131074381728,0.15481810350698166
Sports,1968,0,0.42470524548413824,0.20043531046819316,0.19165680649144506,0.18320263755622357
Sports,1969,0,0.30576848581199706,0.2454243234228852,0.23227004221528344,0.21653714854983436
Sports,1970,0,0.4688167343684093,0.18709040510654992,0.17946269623583547,0.1646301642892052
Sports,1971,0,0.4228306201609872,0.1918775400928063,0.19659099184124965,0.1887008479049569
Sports,1972,0,0.2953415339171639,0.24275359217307396,0.2292941839300577,0.23261068997970433
Sports,1973,0,0.34173553833911324,0.26088237038433915,0.201757173001486,0.19562491827506162
Sports,1974,0,0.4043402665418118,0.21466258622636916,0.18865218765644987,0.19234495957536915
Sports,1975,0,0.48356571632728995,0.19043498885135443,0.16453455601581982,0.16146473880553577
Sports,1976,0,0.3171921864726216,0.2184161762353146,0.22876561121732283,0.235626026074741
Sports,1977,0,0.5052965934955521,0.1727856114422332,0.1611309093136481,0.16078688574856662
Sports,1978,0,0.33177054881733625,0.23197017287891714,0.21337086339267788,0.22288841491106864
Sports,1979,0,0.4509791019928782,0.2030537014725664,0.1770955727298194,0.168871623804736
Sports,1980,0,0.3871332529081103,0.19838957041817487,0.21206967251903872,0.20240750415467612
Sports,1981,0,0.42269222866760264,0.20308337291766024,0.1873901993828539,0.18683419903188325
Sports,1982,0,0.4601142025697353,0.1888346801094616,0.18086078978574868,0.1701903275350544
Sports,1983,0,0.44270025723471595,0.19618123587692624,0.1878623947856409,0.17325611210271694
Sports,1984,0,0.38041847817421887,0.22938217777894965,0.20178507413308513,0.18841426991374638
Sports,1985,0,0.345007514320102,0.24993150743897802,0.19946943390704344,0.20559154433387652
Sports,1986,0,0.5216166755007489,0.17909098304376736,0.15163276398192013,0.14765957747356362
Sports,1987,0,0.36202701085296446,0.22306049569872965,0.20777734546329468,0.2071351479850112
Sports,1988,0,0.49148832073655474,0.171340064084149,0.17498125296291567,0.16219036221638058
Sports,1989,0,0.40986794992720826,0.18972592617268655,0.20919667746032997,0.1912094464397752
Sports,1990,0,0.3806631577962522,0.21610852048253265,0.2060069538581058,0.1972213678631094
Sports,1991,0,0.4348502016707074,0.21023234984425493,0.1738974807815417,0.18101996770349593
Sports,1992,0,0.31752100511868,0.20779303285338188,0.23888584005126953,0.23580012197666853
Sports,1993,0,0.39291981630564626,0.22426665264356224,0.19058675928284585,0.1922267717679456
Sports,1994,0,0.38606953400511934,0.2115445667655027,0.20560002787125173,0.19678587135812622
Sports,1995,0,0.5398507733905173,0.1680295852899843,0.1450818640900968,0.14703777722940153
Sports,1996,0,0.44354443340833294,0.20506396139524696,0.17869068218719916,0.1727009230092209
Sports,1997,0,0.38506152642482544,0.22414102983536022,0.20210048193143773,0.18869696180837658
Sports,1998,0,0.3493881331264604,0.2635865376895188,0.20031251777429432,0.18671281140972648
Sports,1999,0,0.4465532192477212,0.19997606356701184,0.1768692197995474,0.17660149738571956
Business,2000,3,0.18760389946823844,0.24372007030825574,0.27546997814154395,0.29320605208196193
Business,2001,3,0.18475920629162745,0.19556984703390679,0.29688515336619775,0.322785793308268
Business,2002,3,0.20583910671149178,0.2097906849539186,0.26479855787747875,0.31957165045711083
Business,2003,3,0.1679379822163729,0.15859775079176774,0.3297946968545514,0.3436695701373079
Business,2004,2,0.2228993639049858,0.24991075874097773,0.26639071402279163,0.2607991633312449
Business,2005,3,0.16844458456678404,0.15328367825048583,0.3118963143662734,0.36637542281645674
Business,2006,3,0.1746230563823618,0.190394192747768,0.26234683826177774,0.3726359126080925
Business,2007,3,0.2062645860575822,0.2098026500083462,0.28323070484779844,0.3007020590862733
Business,2008,1,0.2071925702358108,0.3314198124454562,0.22327363351237678,0.23811398380635626
Business,2009,3,0.2085300099009652,0.2198937249286922,0.24003550930426049,0.33154075586608206
Business,2010,2,0.21339177952295066,0.19298639539420312,0.3266696291970372,0.266952195885809
Business,2011,3,0.1922490840000298,0.22135643304804728,0.2690654286396912,0.31732905431223174
Business,2012,3,0.22874456156332057,0.21130992475069815,0.2713674619247213,0.28857805176126
Business,2013,3,0.177549432794169,0.23546821775489726,0.271741937920926,0.3152404115300078
Business,2014,3,0.20414224775695244,0.24327612494253908,0.22536510924461772,0.3272165180558908
Business,2015,3,0.15877731420837637,0.1826093230464646,0.28731083880406877,0.37130252394109026
Business,2016,1,0.18368222171400747,0.3494449866092055,0.2295275142069551,0.23734527746983194
Business,2017,3,0.19695890237919403,0.24863630538825104,0.2569290067092739,0.29747578552328113
Business,2018,3,0.2298809486250353,0.21198469651302979,0.2642133563498354,0.2939209985120996
Business,2019,3,0.19935812685883542,0.17797548025834553,0.30451782407564065,0.3181485688071785
Business,2020,3,0.19371192767066076,0.2984797488762761,0.20740443614537862,0.3004038873076845
Business,2021,2,0.20597773924593707,0.24756117334313446,0.27805455999726447,0.268406527413664
Business,2022,3,0.16315170574334023,0.17271041387154795,0.3198521932600158,0.344285687125096
Business,2023,3,0.16057483130690015,0.1552353300742178,0.31458189837232187,0.3696079402465602
Business,2024,3,0.19253979177551356,0.21764945553352186,0.2525011161023639,0.3373096365886007
Business,2025,3,0.18916361122661227,0.20487568184609736,0.2886109550372497,0.3173497518900407
Business,2026,2,0.18670787955529472,0.18717603885570727,0.32627234083921614,0.2998437407497819
Business,2027,3,0.201802520216525,0.2663348903123655,0.22100884034105964,0.3108537491300498
Business,2028,0,0.29289873915498077,0.21419518013180602,0.24275869586877732,0.25014738484443594
Business,2029,3,0.2129027330782282,0.23763740348001341,0.23537768595590705,0.3140821774858514
Business,2030,2,0.20175399282635378,0.2270660139834512,0.28926020892705706,0.28191978426313796
Business,2031,3,0.20325930059349118,0.22258728606025785,0.282920216769264,0.291233196576987
Business,2032,3,0.22556023963027808,0.18405196719527933,0.2657184133538737,0.3246693798205689
Business,2033,2,0.23805690931473042,0.2107169269907353,0.28719675165654013,0.2640294120379941
Business,2034,3,0.1645408030267967,0.16388754969868286,0.3011349190190522,0.37043672825546825
Business,2035,2,0.20489191107934848,0.19505367009644248,0.3271208634824925,0.2729335553417166
Business,2036,3,0.24739304208282145,0.22424199439993978,0.23950109266858402,0.2888638708486547
Business,2037,3,0.2378906078016093,0.21734597446714368,0.2606993474637445,0.2840640702675025
Business,2038,3,0.20086542327394621,0.20782956387149595,0.2897201316202364,0.30158488123432137
Business,2039,3,0.2323585661521364,0.23965560655776816,0.23267628215796796,0.2953095451321274
Business,2040,3,0.21934867819312742,0.22230721863450204,0.27653117709388747,0.2818129260784831
Business,2041,3,0.24527469521944548,0.19816751128761761,0.2742788542061128,0.28227893928682407
Business,2042,3,0.2261576614085005,0.26224789053831415,0.23601281585454914,0.27558163219863624
Business,2043,3,0.18160403084038368,0.1836289525771473,0.31537597893251723,0.3193910376499518
Business,2044,3,0.21355708054836145,0.1991064337694093,0.2823020097879152,0.30503447589431404
Business,2045,3,0.19070265809777426,0.21263521713994651,0.2696845104120285,0.32697761435025074
Business,2046,3,0.19038704422737773,0.18020105209425186,0.2675655899858616,0.3618463136925088
Business,2047,3,0.1920917258443683,0.22380140629805062,0.2590422122332999,0.3250646556242812
Business,2048,2,0.2128356667994131,0.1990720868654717,0.3097638269656975,0.27832841936941766
Business,2049,3,0.23674417320478638,0.24808043383824877,0.24516119603440273,0.2700141969225621
Business,2050,2,0.19250097893730864,0.17892076712244132,0.320712557925239,0.30786569601501107
Business,2051,3,0.1621539806114873,0.17361960318354497,0.31977556994004913,0.3444508462649186
Business,2052,3,0.2323044708131475,0.22840194435960595,0.25696929451071837,0.2823242903165282
Business,2053,3,0.20859020565958736,0.17705769887109046,0.27318879602545365,0.3411632994438686
Business,2054,3,0.22765900868192043,0.23213555293357038,0.25381988772036096,0.2863855506641482
Business,2055,3,0.17827091835022668,0.17747618485510258,0.30377831198192284,0.34047458481274784
Business,2056,3,0.16497591224548858,0.1509709984960951,0.31320390029122247,0.3708491889671938
Business,2057,3,0.2123342589529627,0.23451204930331748,0.2531367594979501,0.30001693224576964
Business,2058,2,0.1927971089729661,0.18950165143669925,0.32219002981892936,0.29551120977140527
Business,2059,3,0.17411388111160864,0.18362879758557044,0.2785212632789464,0.3637360580238746
Business,2060,3,0.19514243880789742,0.17699806158171674,0.26424830197434523,0.3636111976360406
Business,2061,2,0.16381025560455378,0.1517915726480432,0.35038622802781544,0.3340119437195876
Business,2062,3,0.20806926849611662,0.20016581865292482,0.28277716811440506,0.3089877447365535
Business,2063,3,0.1810744230572457,0.20020499275412335,0.27219067350566584,0.3465299106829651
Business,2064,2,0.18808170195415996,0.25212482464771296,0.2844296166345786,0.27536385676354846
Business,2065,0,0.2970671311336565,0.2371518194794935,0.2396958127109905,0.22608523667585953
Business,2066,1,0.17984963351259767,0.3087056366900753,0.2142378671946539,0.2972068626026731
Business,2067,3,0.19174897300827723,0.20111945502058698,0.2560421084227538,0.35108946354838194
Business,2068,3,0.22605117334916322,0.26031492230535025,0.23344633089824887,0.2801875734472377
Business,2069,3,0.17475315411361447,0.19947811821958977,0.30040705482462693,0.3253616728421688
Business,2070,3,0.17025350021692467,0.16368346982158902,0.26901547863738867,0.3970475513240977
Business,2071,3,0.1963130661847237,0.202794215601622,0.2727618994454066,0.32813081876824773
Business,2072,3,0.18036373770450936,0.2210969789666543,0.2785546409462706,0.31998464238256574
Business,2073,3,0.2136351044805492,0.21924863400783293,0.26139816441609115,0.3057180970955267
Business,2074,3,0.1744101654716106,0.2133686136979267,0.27561919099361665,0.3366020298368461
Business,2075,1,0.22566522602861924,0.29360650256097504,0.21412873550411637,0.2665995359062894
Business,2076,3,0.1823671088072047,0.2443591942591396,0.2490382875967635,0.32423540933689216
Business,2077,0,0.2620284911669543,0.26032483784900606,0.23487671524543463,0.24276995573860508
Business,2078,3,0.18458097894916806,0.18768183829514076,0.27180688399629416,0.355930298759397
Business,2079,2,0.22508425279983807,0.19833413656822096,0.29489210510592256,0.28168950552601835
Business,2080,2,0.18187603433227506,0.2067909327442078,0.34761394368415366,0.26371908923936355
Business,2081,1,0.21057448993823222,0.2722230146020884,0.2574617278179196,0.2597407676417598
Business,2082,3,0.19294821942696952,0.19757686962641008,0.28000441046402275,0.3294705004825977
Business,2083,3,0.24654723529747605,0.22076454435725715,0.24177951546330484,0.290908704881962
Business,2084,3,0.20443964363979863,0.2487564653020349,0.24554821170380053,0.30125567935436587
Business,2085,2,0.1874139913871503,0.2182029136556471,0.32859136301224817,0.2657917319449544
Business,2086,1,0.216601628443001,0.3336771205089946,0.22025461804587385,0.22946663300213058
Business,2087,2,0.25310333376811106,0.220428716504769,0.27186763947878984,0.25460031024833
Business,2088,2,0.20344875533683282,0.19531312243487803,0.31607361796760314,0.28516450426068607
Business,2089,2,0.20481855946211466,0.21317116011606332,0.30502710837586683,0.2769831720459552
Business,2090,3,0.22882071395768902,0.22325191335547914,0.2735732926697791,0.27435408001705275
Business,2091,3,0.218223940594687,0.2224220836115214,0.2256739471843027,0.3336800286094889
Business,2092,3,0.1827604635191473,0.19472171905381133,0.2821549606583373,0.3403628567687041
Business,2093,3,0.20981841697744996,0.20402910294990137,0.276433289650959,0.3097191904216897
Business,2094,2,0.15199662135400596,0.13975908900348735,0.41563563668706166,0.292608652955445
Business,2095,2,0.23186764575999969,0.2313594128928264,0.2691865348498741,0.26758640649729976
Business,2096,3,0.15922847266051643,0.16730567067980878,0.3015212592108935,0.3719445974487813
Business,2097,2,0.24349112592326563,0.24004564216161256,0.26398972442923674,0.25247350748588504
Business,2098,3,0.20225190907673582,0.1914824400072358,0.2556448415679374,0.3506208093480909
Business,2099,0,0.2789912183028506,0.24499330085358725,0.24498694036186097,0.2310285404817012
Business,2100,0,0.29897735138532067,0.24765313436447642,0.22898380948086866,0.22438570476933425
Business,2101,2,0.21016400745729527,0.2238509351324685,0.29190319662797914,0.2740818607822571
Business,2102,3,0.186237703936065,0.1844735530324225,0.29551833963830826,0.3337704033932043
Business,2103,3,0.1803827247982786,0.18646263139858385,0.26309965775555455,0.37005498604758297
Business,2104,3,0.19417795344969135,0.2698153317120242,0.25900830948929127,0.27699840534899317
Business,2105,3,0.2099300100389664,0.20417878354613242,0.29275118139426937,0.2931400250206318
Business,2106,3,0.23064249150847768,0.242200116274655,0.24388402693811873,0.2832733652787485
Business,2107,3,0.18155512528923806,0.21700075855774434,0.2721500520131097,0.32929406413990786
Business,2108,3,0.23668799161686038,0.22045985525922002,0.23269110860572306,0.31016104451819654
Business,2109,2,0.19117322317989255,0.18587099738863122,0.3234642517957989,0.29949152763567727
Business,2110,3,0.21127601975637839,0.1887155178603748,0.2663193868634551,0.33368907551979177
Business,2111,3,0.1959222121881916,0.1918709056494592,0.2868169165959593,0.32538996556638994
Business,2112,3,0.1677487859625205,0.16812753256215118,0.29189899025955485,0.37222469121577345
Business,2113,3,0.19842330040713094,0.20880480514216448,0.24549323831714293,0.3472786561335616
Business,2114,3,0.18322274531069965,0.2101828072165166,0.25876812976876684,0.3478263177040169
Business,2115,2,0.21241662783299103,0.21545574413272,0.2947259309950473,0.2774016970392416
Business,2116,1,0.22887291797623513,0.31705930226344314,0.22590517171303262,0.22816260804728905
Business,2117,3,0.20550586676316773,0.20624887348513762,0.28819814614178585,0.3000471136099088
Business,2118,3,0.16729925723594208,0.15009769953125585,0.32403062381849,0.358572419414312
Business,2119,3,0.14374873189138307,0.13328872130626807,0.3052464018770392,0.4177161449253096
Business,2120,3,0.21985641753719334,0.21449322872031523,0.22810487046928024,0.33754548327321116
Business,2121,3,0.20136719380617635,0.1930402799298643,0.25078761655354065,0.3548049097104188
Business,2122,3,0.22630203536793797,0.2373352609235905,0.25964945707347764,0.27671324663499397
Business,2123,3,0.1682113759201422,0.17709744993190452,0.29283718396703684,0.36185399018091646
Business,2124,3,0.203760278272442,0.23461400751211853,0.27504346435090665,0.2865822498645329
Business,2125,3,0.16126863607281422,0.16583468431879048,0.3288334504056188,0.34406322920277654
Business,2126,3,0.24752602935882664,0.2258383084700687,0.2627051348512776,0.2639305273198271
Business,2127,3,0.16183568898436018,0.17106988637959686,0.24873388821438897,0.418360536421654
Business,2128,3,0.20210591990346086,0.18505693504600942,0.28604519920014804,0.3267919458503817
Business,2129,3,0.2050258730710842,0.26061658554068556,0.23122153062660028,0.30313601076163
Business,2130,1,0.23199702842318695,0.2700484607107167,0.25589910983536274,0.24205540103073367
Business,2131,3,0.19607831112941437,0.20589730366578343,0.2850369581075382,0.312987427097264
Business,2132,3,0.16944294640145935,0.1857056555429888,0.2785189267954352,0.3663324712601166
Business,2133,3,0.18707768107688744,0.19762517161844353,0.30388361329170976,0.31141353401295924
Business,2134,3,0.19533949949711815,0.21268511694853012,0.24945760836843894,0.34251777518591275
Business,2135,3,0.18902135873471382,0.2559952195648899,0.224984741548606,0.3299986801517903
Business,2136,1,0.2133580784859184,0.2781444417295307,0.24184309677349367,0.26665438301105726
Business,2137,3,0.19061435951340416,0.23740758172875126,0.23483089543163632,0.33714716332620825
Business,2138,3,0.18597487127864332,0.1707445246005726,0.2827022014303439,0.36057840269044017
Business,2139,0,0.4297442139602093,0.18615381980803666,0.19367474605381754,0.1904272201779366
Business,2140,3,0.20807427236386591,0.23378152225058763,0.234589637606081,0.32355456777946545
Business,2141,3,0.19263896283060616,0.18094104960602098,0.2917757986434572,0.33464418891991565
Business,2142,3,0.18364801770942443,0.20417798780586108,0.27553728398779986,0.3366367104969147
Business,2143,3,0.1759370835218475,0.205655045975589,0.28614144710105366,0.33226642340150986
Business,2144,3,0.1891411266289802,0.2082379412407205,0.2925651876307113,0.310055744499588
Business,2145,3,0.18621204408227884,0.2347318989660366,0.24792303748317474,0.3311330194685099
Business,2146,3,0.16490585635839383,0.17191866620987303,0.2733269079622668,0.38984856946946644
Business,2147,2,0.2515694924731019,0.20635655737380165,0.29139593720120927,0.2506780129518872
Business,2148,3,0.17068352669518078,0.21943368304331284,0.2520558597825853,0.35782693047892106
Business,2149,2,0.20289712585172084,0.19400710392552517,0.3238494602271519,0.2792463099956021
Business,2150,3,0.1915752633433638,0.17894509740763723,0.28044070393840015,0.3490389353105989
Business,2151,3,0.18811664877748144,0.19696513082430303,0.2816526189039616,0.3332656014942539
Business,2152,3,0.23315400202295755,0.2506869177668198,0.2466046291101188,0.26955445110010384
Business,2153,3,0.23779878323465845,0.24713771508080593,0.25507052688253046,0.25999297480200523
Business,2154,3,0.2304333415833734,0.2517909335408692,0.22908939017866,0.2886863346970975
Business,2155,3,0.20611222194742407,0.24573001050188267,0.246605780331033,0.30155198721966026
Business,2156,2,0.1723565781152901,0.19085298744679097,0.3442893276396371,0.29250110679828195
Business,2157,2,0.23106910108483256,0.2465939051750411,0.268862223473495,0.25347477026663146
Business,2158,3,0.17182907159620178,0.2037159606730993,0.2623818957993204,0.3620730719313785
Business,2159,2,0.21973779218398767,0.20804399443654092,0.3005755660905244,0.27164264728894705
Business,2160,3,0.18569155032711426,0.25316409964550796,0.23884870360871574,0.32229564641866204
Business,2161,3,0.20646275541539966,0.18604217744358542,0.28767708158644323,0.31981798555457164
Business,2162,3,0.1954577099016499,0.2461945192585465,0.2491746802985085,0.3091730905412951
Business,2163,3,0.2240477791823636,0.21282974733049975,0.2749666521627601,0.2881558213243765
Business,2164,3,0.1797835168978348,0.22121134017921246,0.2510270255243887,0.347978117398564
Business,2165,3,0.18041199155648674,0.1956673356018496,0.27768827089914117,0.34623240194252247
Business,2166,1,0.2156428906930789,0.30029508638612223,0.23552943769902737,0.24853258522177152
Business,2167,3,0.18058379919461426,0.16944485631918615,0.3173228193445185,0.3326485251416811
Business,2168,3,0.2087767450127128,0.18249203134287287,0.3029687821330987,0.3057624415113157
Business,2169,3,0.17782719625664467,0.19804308422840533,0.26854916657290573,0.35558055294204427
Business,2170,3,0.18559926169758384,0.17031231327057617,0.27076334603137336,0.3733250790004667
Business,2171,3,0.18296735335315903,0.25062074969903536,0.24775443256636914,0.31865746438143644
Business,2172,0,0.2747728999482858,0.26686702375096283,0.21463761831614628,0.24372245798460504
Business,2173,3,0.191084159439742,0.22464523963361474,0.28294479021586605,0.30132581071077724
Business,2174,2,0.22766828653117027,0.23155994893521625,0.272230301743823,0.26854146278979046
Business,2175,3,0.20961524097095544,0.24916743421988208,0.2454422372385062,0.2957750875706563
Business,2176,3,0.19636723836028436,0.25112288189459564,0.23345238503632493,0.3190574947087951
Business,2177,3,0.18360268238048952,0.1697733105547088,0.2916048310019747,0.355019176062827
Business,2178,3,0.1670712352694727,0.1668088566882994,0.3101634677804834,0.35595644026174444
Business,2179,2,0.21750788197876256,0.19504639178515265,0.29452572403573757,0.29292000220034714
Business,2180,1,0.1836246603855848,0.27885550628708294,0.25879866941146296,0.2787211639158693
Business,2181,3,0.17128950311950403,0.18236233206372912,0.32162844996538953,0.3247197148513773
Business,2182,3,0.20666810395700136,0.22147996645646284,0.23697747281461862,0.3348744567719172
Business,2183,3,0.1733581441126568,0.17780862243474932,0.2712376216095794,0.37759561184301443
Business,2184,3,0.1910812058361544,0.18475314659387948,0.27561722471565353,0.34854842285431253
Business,2185,3,0.15318371823421212,0.15618393014868343,0.3180927227454938,0.3725396288716105
Business,2186,2,0.21250385730308813,0.20640468685792182,0.3010225045396133,0.28006895129937676
Business,2187,3,0.2097504831877025,0.20144179337401424,0.2824535539344851,0.30635416950379807
Business,2188,2,0.20169956868850333,0.172099920049915,0.3559694041911008,0.2702311070704808
Business,2189,2,0.18566436939942368,0.1721478566932521,0.36702943101045793,0.27515834289686625
Business,2190,3,0.1973270318096238,0.19620546286844012,0.256334954847586,0.3501325504743501
Business,2191,3,0.18804941068018272,0.19322277538589364,0.2661350385195234,0.35259277541440026
Business,2192,3,0.23843141691124287,0.23500169168642443,0.26007562273828966,0.26649126866404305
Business,2193,3,0.2294228956208145,0.25318718839695914,0.22458215377558202,0.29280776220664434
Business,2194,3,0.20152519938680946,0.22689586330623632,0.27687470932348385,0.2947042279834703
Business,2195,2,0.1626499869706739,0.15753493580897082,0.376132869093841,0.30368220812651425
Business,2196,3,0.20129716347251095,0.2179228515770362,0.2578573923775733,0.3229225925728795
Business,2197,3,0.1882352781330904,0.2238174611954676,0.287259381147682,0.30068787952375997
Business,2198,2,0.21077624474425322,0.2246959022485017,0.2849759703244114,0.27955188268283365
Business,2199,3,0.16816659890323288,0.19159367463208857,0.3006198518913853,0.33961987457329323
Business,2200,2,0.20113082942418817,0.16676880672803393,0.3164853979084507,0.31561496593932714
Business,2201,3,0.2106979699193037,0.2792887821667166,0.21886849108707035,0.2911447568269093
Business,2202,3,0.19428952318735299,0.20629231070763562,0.26312793890603464,0.33629022719897683
Business,2203,3,0.18302048690837766,0.2771329385108943,0.24848491389888505,0.29136166068184294
Business,2204,2,0.20880250160896824,0.20943487919327966,0.29386766463877956,0.2878949545589725
Business,2205,3,0.18337016690774638,0.26901664897106287,0.2416096190907782,0.3060035650304126
Business,2206,3,0.18976837670694885,0.20503760336720772,0.2686328214259816,0.3365611984998618
Business,2207,3,0.19913861341372757,0.22750748055326256,0.23757873472917865,0.3357751713038313
Business,2208,3,0.16417230910393169,0.20355733056734998,0.28475826810698174,0.34751209222173657
Business,2209,3,0.1753975088545325,0.22075303429198548,0.23999635299072866,0.3638531038627534
Business,2210,3,0.19723075377937582,0.23074098243975613,0.2290832593128722,0.34294500446799586
Business,2211,3,0.23913331492830464,0.24431169699293162,0.251922006603087,0.26463298147567677
Business,2212,3,0.21584980200589576,0.2585633803633126,0.24684746077682965,0.278739356853962
Business,2213,2,0.2223186578210783,0.2145562498741119,0.3015810186131732,0.26154407369163657
Business,2214,3,0.18411751822715774,0.19847830050269422,0.295516566323861,0.32188761494628704
Business,2215,3,0.17936324339187104,0.2595641709080477,0.24355059641435348,0.3175219892857277
Business,2216,3,0.22448199868561888,0.2505132497926487,0.23364349899632708,0.2913612525254053
Business,2217,3,0.16549725819257216,0.17062532078662318,0.32791810856122483,0.33595931245957966
Business,2218,2,0.18502473524954974,0.15943410527100368,0.362186823510897,0.29335433596854954
Business,2219,1,0.2241164516163841,0.3236088788821083,0.19830056496613124,0.25397410453537633
Business,2220,3,0.2128106035771799,0.21820071362882118,0.25970057554714004,0.30928810724685885
Business,2221,2,0.20096604763625156,0.19806790871078284,0.3019654797336469,0.2990005639193187
Business,2222,1,0.28065622420282393,0.3151087509815527,0.20330769229258142,0.2009273325230419
Business,2223,3,0.18401266994570628,0.2843530196072572,0.22840635358047584,0.3032279568665607
Business,2224,3,0.18442438523040952,0.21173455420817555,0.2818686470295945,0.3219724135318205
Business,2225,2,0.2345638663022279,0.216499831777102,0.28238735450852076,0.2665489474121494
Business,2226,1,0.25342603941915737,0.2907216928208624,0.22431205600394136,0.23154021175603878
Business,2227,3,0.2182936174506087,0.22395486356371208,0.2635144917275791,0.29423702725810014
Business,2228,3,0.1510034951143614,0.154010491962938,0.3301082453059665,0.364877767616734
Business,2229,3,0.19458709910271846,0.19745726425567858,0.2559647290790857,0.35199090756251733
Business,2230,3,0.20917306322659313,0.21749963112568413,0.2614510528211789,0.3118762528265438
Business,2231,3,0.1796558418864273,0.19256693583412482,0.29943495622335514,0.32834226605609274
Business,2232,3,0.1639566574436439,0.17359358322265045,0.294110542033541,0.3683392173001647
Business,2233,2,0.16453210915403568,0.17110726286382288,0.3484641393674368,0.31589648861470465
Business,2234,3,0.20969058078782563,0.23168464044991974,0.2442835861812181,0.31434119258103665
Business,2235,3,0.1887386541315748,0.16763035777415505,0.32015429078744684,0.3234766973068233
Business,2236,3,0.1931132622937422,0.20437426454877594,0.25899161711413315,0.34352085604334864
Business,2237,2,0.17136409393258478,0.15815617098315984,0.36781147491733956,0.30266826016691584
Business,2238,3,0.22051917993931083,0.26029770749835374,0.2421111007942147,0.27707201176812074
Business,2239,3,0.22639663683291233,0.23006115294169507,0.26950053716343514,0.2740416730619574
Business,2240,2,0.2062952215026625,0.21088135296006508,0.29700935953725494,0.2858140660000175
Business,2241,3,0.21599358459626822,0.21470744838996078,0.2651850482209908,0.30411391879278016
Business,2242,3,0.2195594871834386,0.23261436136047786,0.2679947842382249,0.2798313672178586
Business,2243,3,0.19911675946679622,0.1736640620840067,0.2793518154439635,0.3478673630052336
Business,2244,2,0.19713956357868667,0.18105883563197528,0.35351233956424,0.26828926122509805
Business,2245,3,0.21416777164917997,0.23135832543371188,0.26690843514747675,0.2875654677696314
Business,2246,3,0.1926075507374879,0.2135695773212795,0.2768666916069707,0.31695618033426187
Business,2247,3,0.17459802421417403,0.17537997053476148,0.2973967838825242,0.3526252213685403
Business,2248,1,0.24116584681639613,0.2744103464891279,0.245769122603091,0.23865468409138502
Business,2249,3,0.1870064671504778,0.22351850977541646,0.24346751760626545,0.3460075054678403
Business,2250,3,0.22109595776088423,0.20430415843700353,0.2825667932339295,0.2920330905681827
Business,2251,3,0.19908957980603728,0.23799501395456912,0.25162300158385326,0.31129240465554037
Business,2252,3,0.19120537093799153,0.2020027090674833,0.3032944506488964,0.3034974693456289
Business,2253,3,0.17899466261201694,0.19517559186635947,0.29242142820881073,0.33340831731281284
Business,2254,3,0.22287792499219744,0.22990641018920602,0.27032662401027646,0.27688904080832016
Business,2255,3,0.18550680246301113,0.2869856792495274,0.2395214188934732,0.28798609939398834
Business,2256,3,0.22763929057377477,0.22570284588683434,0.2601196504920248,0.28653821304736604
Business,2257,3,0.1801235270782191,0.2020701968798577,0.2662340924945392,0.35157218354738395
Business,2258,3,0.22163357655788643,0.24370999306453212,0.22967455093966901,0.30498187943791244
Business,2259,2,0.2088606517578026,0.2145570670302348,0.32428538613122865,0.25229689508073394
Business,2260,2,0.16154142206075883,0.19889562281950626,0.35624094497256514,0.28332201014716973
Business,2261,3,0.19960955808899286,0.2596738365657392,0.24126199367440473,0.2994546116708631
Business,2262,3,0.19113577593234776,0.20432198883008248,0.2698731321862025,0.3346691030513672
Business,2263,3,0.19908318024936503,0.2202466088515442,0.24161641651399385,0.3390537943850969
Business,2264,2,0.18025078192716285,0.16476429854217883,0.32764493835146996,0.32733998117918833
Business,2265,3,0.2064061915869266,0.22616206393041785,0.24170440545916136,0.3257273390234942
Business,2266,3,0.19517417171299165,0.19714789703895996,0.29159774304867403,0.31608018819937433
Business,2267,3,0.17289934992794984,0.20021117552499337,0.29632658262746686,0.3305628919195899
Business,2268,2,0.1630844903454732,0.18945464911363347,0.38330089765251074,0.2641599628883825
Business,2269,1,0.2368674184448903,0.2836671236258226,0.22386048815470053,0.25560496977458663
Business,2270,3,0.2542661754450306,0.2121063254134624,0.2633432494735085,0.27028424966799847
Business,2271,0,0.3530683372743645,0.22119069591231777,0.21572307413569558,0.21001789267762214
Business,2272,3,0.22371843578440131,0.2147978238372834,0.2801939554959072,0.28128978488240813
Business,2273,3,0.210179330772005,0.2258221764096087,0.2803853656962043,0.2836131271221819
Business,2274,2,0.17905613745345875,0.2214860477449629,0.3008787201737931,0.2985790946277852
Business,2275,3,0.2544924058402936,0.23833386442814478,0.24246324704267902,0.26471048268888264
Business,2276,0,0.26595155598875503,0.23529228055815535,0.23491075556491,0.2638454078881796
Business,2277,2,0.20250429800796568,0.2033121887108376,0.29756231084813867,0.29662120243305795
Business,2278,3,0.20170331097136085,0.23501507610184041,0.25777892069032354,0.30550269223647525
Business,2279,3,0.2112520561064869,0.2076578036403748,0.2640551116626059,0.3170350285905323
Business,2280,2,0.1806078580864404,0.1780942618278012,0.38063645721407985,0.26066142287167854
Business,2281,3,0.19095442246195282,0.19758789606734534,0.28430466366069457,0.3271530178100073
Business,2282,3,0.20457718212532047,0.1890950161725101,0.2986364295807465,0.3076913721214229
Business,2283,3,0.19403314908561659,0.197207385536226,0.2940013222591707,0.31475814311898676
Business,2284,2,0.20792641312538984,0.20423024575482815,0.3412960697290317,0.2465472713907503
Business,2285,2,0.24817120028229614,0.2188327382620748,0.2742419181552496,0.25875414330037944
Business,2286,3,0.17873154746473638,0.19701155577299823,0.29386904431702043,0.330387852445245
Business,2287,3,0.22892344746869067,0.23676447711883078,0.24123772067510957,0.29307435473736904
Business,2288,3,0.19397586564985728,0.1869548069495151,0.2763472038538256,0.34272212354680204
Business,2289,3,0.21112972300742203,0.24818735266653721,0.24888682181730473,0.29179610250873605
Business,2290,2,0.17194842369588917,0.2073089801417096,0.32874081262153076,0.29200178354087053
Business,2291,2,0.21882943539558405,0.20226877709853425,0.2933870639215684,0.28551472358431335
Business,2292,3,0.20073868761759076,0.17874657375293795,0.27508460634550225,0.345430132283969
Business,2293,3,0.2509883970288172,0.2554293222664135,0.23606742760911567,0.25751485309565353
Business,2294,3,0.19293630215654878,0.2828919137107008,0.22906816056865498,0.2951036235640955
Business,2295,3,0.18490188674165023,0.16838573376055177,0.31762582786092003,0.32908655163687806
Business,2296,3,0.20088035851827443,0.21304051053567197,0.25817588229971916,0.3279032486463345
Business,2297,3,0.18660253464791823,0.2718992092607986,0.21185337593832712,0.32964488015295607
Business,2298,3,0.198220033368108,0.23550127807246748,0.23663331854276304,0.32964537001666144
Business,2299,1,0.2429373544409933,0.29239858610960706,0.23532415257006079,0.22933990687933895
Business,2300,3,0.2110121513527074,0.22307693570848094,0.248918989844685,0.3169919230941267
Business,2301,3,0.22161886615635557,0.2424740539803682,0.2316958201668687,0.30421125969640755
Business,2302,3,0.19874225930533818,0.23385167564479584,0.26706692476507127,0.30033914028479464
Business,2303,2,0.23297319893209062,0.22920233488361286,0.2776867991319052,0.26013766705239133
Business,2304,3,0.17433260989896573,0.17944775288357478,0.2682979614343991,0.3779216757830604
Business,2305,2,0.24653426753177232,0.22131318049022553,0.28447943494411043,0.24767311703389172
Business,2306,1,0.20168395621769408,0.30933860815224323,0.2308928630196513,0.2580845726104113
Business,2307,3,0.17667245822971475,0.20868707325487446,0.25191997908735464,0.3627204894280561
Business,2308,3,0.20056164623623904,0.2166244775637574,0.2529880597677402,0.32982581643226344
Business,2309,3,0.20607215487631836,0.20663200728255962,0.2792221194532451,0.3080737183878769
Business,2310,3,0.20210561684623887,0.25138171381383717,0.2463608215940767,0.30015184774584724
Business,2311,3,0.2393470187891458,0.20097782436564562,0.27764146877203777,0.2820336880731708
Business,2312,3,0.19212229539676068,0.2607972522373222,0.26894239116564905,0.27813806120026807
Business,2313,2,0.17582715717543962,0.19954489525029523,0.323844542063792,0.30078340551047317
Business,2314,3,0.21710822410611738,0.25523991526784184,0.238061763030446,0.28959009759559473
Business,2315,3,0.19013078846508918,0.22196711349257894,0.24304611045992106,0.3448559875824109
Business,2316,3,0.22308068519553073,0.216762495099086,0.22589167931986312,0.3342651403855201
Business,2317,2,0.24837079137637214,0.24100074655351425,0.2564321059159139,0.25419635615419967
Business,2318,3,0.1942466499487361,0.18014697811582042,0.29399091865496224,0.33161545328048125
Business,2319,2,0.17178744831308163,0.18207767442491762,0.3794179594927287,0.26671691776927203
Business,2320,3,0.17492134642496396,0.1711308642779786,0.27655383740517026,0.3773939518918872
Business,2321,2,0.1990695960848457,0.17183014892216428,0.32165042290023005,0.30744983209275994
Business,2322,3,0.175850322628949,0.22779268704121722,0.25338220404454703,0.3429747862852867
Business,2323,1,0.241785776930341,0.27459830748391595,0.2247836111596448,0.2588323044260983
Business,2324,1,0.2572884788613945,0.26136155404442085,0.2297161545311495,0.25163381256303524
Business,2325,3,0.1875331247400851,0.19468636149592283,0.2830224880187824,0.33475802574520963
Business,2326,3,0.16922952882985073,0.21528032575513376,0.2837346317179131,0.3317555136971024
Business,2327,3,0.18460589104448089,0.19189491879070358,0.309225125944633,0.31427406422018256
Business,2328,2,0.16411456851993353,0.18562847109691452,0.3718525146623514,0.2784044457208007
Business,2329,1,0.18868798866686587,0.3037016964972517,0.26087264446478803,0.2467376703710944
Business,2330,2,0.1796181369359144,0.22236971085058382,0.32738687373423375,0.27062527847926804
Business,2331,3,0.21595758365848444,0.22634392109483498,0.23410175091147992,0.3235967443352007
Business,2332,3,0.19268046082624485,0.22245212502614417,0.24129320161486295,0.343574212532748
Business,2333,3,0.21726780232103177,0.2375269766558044,0.25178860640960377,0.2934166146135601
Business,2334,3,0.19349203977353607,0.2234611845435476,0.25947837673268775,0.3235683989502286
Business,2335,3,0.21274326599720014,0.23249012275951184,0.27348811709886556,0.2812784941444224
Business,2336,3,0.19323004967430557,0.22032337027101398,0.24051307730986513,0.3459335027448154
Business,2337,3,0.20478501319567766,0.16166109565869516,0.2950682707151009,0.3384856204305263
Business,2338,3,0.23748104348518895,0.25618232722011985,0.24471243450301003,0.26162419479168114
Business,2339,2,0.14396259006311724,0.15809201084397503,0.36566449307610466,0.332280906016803
Business,2340,3,0.19202732359512678,0.2102075569572526,0.24725531461418443,0.3505098048334362
Business,2341,2,0.17761277925105864,0.2092762353721891,0.33697602607781785,0.27613495929893433
Business,2342,3,0.2038808525816322,0.23947643272255797,0.24717678883519112,0.3094659258606187
Business,2343,3,0.18120510018703373,0.19256367773800157,0.27443231661049144,0.35179890546447323
Business,2344,3,0.2121403478023419,0.19742732425388826,0.2806343275984906,0.3097980003452792
Business,2345,3,0.15823562905184385,0.1532834363232259,0.32883990075138697,0.3596410338735433
Business,2346,2,0.24607779360610085,0.22194623329517732,0.2704464546033505,0.2615295184953713
Business,2347,3,0.20493020475990534,0.1849732337992709,0.28540044611633053,0.3246961153244933
Business,2348,3,0.1888854953539055,0.20580926473682826,0.2890344293471497,0.3162708105621166
Business,2349,0,0.2801768679749697,0.20818346338389052,0.2501011342937323,0.2615385343474075
Business,2350,3,0.23531777418634905,0.23171510568825943,0.2497211349581359,0.28324598516725563
Business,2351,2,0.1929762272452896,0.20630467586449164,0.3141181920291173,0.2866009048611015
Business,2352,3,0.18068016812144225,0.17055397554547203,0.30409332240159587,0.34467253393148983
Business,2353,3,0.19669133419819843,0.18627449443814975,0.2882697659313242,0.3287644054323276
Business,2354,3,0.24520026755394908,0.21532938244923344,0.26852336494709117,0.27094698504972636
Business,2355,3,0.2048830479577349,0.21714141500331496,0.2615181454867184,0.31645739155223174
Business,2356,3,0.20798777686288492,0.2143395543306976,0.26287569559907953,0.314796973207338
Business,2357,3,0.17748707897582297,0.17416822191087555,0.31592919940779507,0.33241549970550643
Business,2358,3,0.18768690523117293,0.2435895766463616,0.23023893965679376,0.33848457846567165
Business,2359,2,0.19435156139025256,0.17972435143413623,0.3613314308789362,0.264592656296675
Business,2360,3,0.21693814007364684,0.24257924233043998,0.2544317425381043,0.28605087505780885
Business,2361,3,0.20381953899614152,0.17646615175836233,0.2883886800149597,0.33132562923053643
Business,2362,3,0.1889867358435312,0.20534476021369072,0.2650060101495813,0.3406624937931968
Business,2363,3,0.24435433957362132,0.23362227981424774,0.25796915586494884,0.26405422474718215
Business,2364,3,0.17243193469378829,0.16634557321049148,0.2862353444166245,0.3749871476790957
Business,2365,3,0.15796120829790616,0.18654080319410807,0.3092836424398955,0.3462143460680903
Business,2366,2,0.26351173045606036,0.20523552344704468,0.26995096777939315,0.26130177831750184
Business,2367,3,0.18851809976584594,0.2786596162819153,0.2527666144907874,0.28005566946145133
Business,2368,3,0.21809602002839876,0.2653790864008747,0.21960822416999273,0.2969166694007338
Business,2369,3,0.2027575860151744,0.2308871926391774,0.23631979410387915,0.3300354272417691
Business,2370,3,0.2078900845906603,0.2126182117188342,0.278230402809963,0.30126130088054254
Business,2371,3,0.22207462623668564,0.22000500130481151,0.2623648262121739,0.29555554624632885
Business,2372,2,0.2310014371595003,0.18889557587981878,0.2956847215307293,0.28441826542995163
Business,2373,3,0.17734875751920018,0.22902740268454913,0.22817116059694378,0.36545267919930696
Business,2374,2,0.2182707997493188,0.2260268467986417,0.2788491896699937,0.27685316378204583
Business,2375,0,0.29607137181310234,0.22305414206650598,0.24687707025908912,0.23399741586130263
Business,2376,2,0.16709014919551046,0.18000201411822442,0.33313229495071967,0.3197755417355455
Business,2377,3,0.21142078124961114,0.22603266474437128,0.24604933060599996,0.3164972234000176
Business,2378,3,0.21539986277547568,0.2752956200853972,0.21538917122154955,0.2939153459175777
Business,2379,2,0.17480144355317648,0.21830032027678187,0.30880898783596594,0.29808924833407574
Business,2380,3,0.17225373695934265,0.15990062097013602,0.27943699062676586,0.3884086514437554
Business,2381,3,0.18975036494223133,0.19848982388199468,0.2984571884173736,0.3133026227584004
Business,2382,3,0.1704404141029756,0.16575410267056323,0.3077054065452362,0.3561000766812249
Business,2383,3,0.21812290993045955,0.181443391231011,0.27988243511827565,0.3205512637202537
Business,2384,3,0.18420065392473364,0.17834784788972768,0.29066434826507054,0.3467871499204681
Business,2385,3,0.1856978814065278,0.21648106766196237,0.27765356483948156,0.3201674860920283
Business,2386,3,0.2180363383265115,0.20854970386244376,0.28465009296032573,0.288763864850719
Business,2387,3,0.19657178200635342,0.24910497830218276,0.24060395678771662,0.3137192829037472
Business,2388,2,0.21240718495341657,0.232414815124799,0.2779686755820292,0.2772093243397552
Business,2389,3,0.21041251311350792,0.2275258226721925,0.265052397107644,0.29700926710665554
Business,2390,3,0.18283508081575012,0.25124541307010173,0.26055025419237554,0.3053692519217726
Business,2391,3,0.2144810974104796,0.22268017946720087,0.24528050875140225,0.31755821437091725
Business,2392,3,0.21176948428730133,0.24267560937516974,0.2277056809515101,0.3178492253860188
Business,2393,3,0.20588088483490194,0.1909156904447789,0.25339734042582834,0.3498060842944907
Business,2394,1,0.2107984593761551,0.267047990001485,0.2563418597136565,0.26581169090870344
Business,2395,1,0.18942172455567782,0.3185445360323298,0.2258825427128601,0.2661511966991323
Business,2396,3,0.15514545549779257,0.15614077327662584,0.3062209566473467,0.38249281457823486
Business,2397,3,0.17503791616540415,0.17712210813173423,0.2799256632587628,0.36791431244409883
Business,2398,3,0.2213848577809602,0.26733049313706275,0.22113010860249607,0.2901545404794809
Business,2399,2,0.2556109662668417,0.2394379052704576,0.2593360588078881,0.24561506965481258
Business,2400,3,0.19991158952101062,0.2352825797898717,0.22401570650968516,0.34079012417943244
Business,2401,0,0.2783202780952374,0.21133445213286656,0.2602755116662847,0.25006975810561133
Business,2402,3,0.19280270096078328,0.21784608206345366,0.23942151625383845,0.34992970072192464
Business,2403,3,0.16107586109376018,0.18163830718041182,0.30667210800798245,0.35061372371784555
Business,2404,3,0.21474756842646114,0.2142767262024646,0.2613424023761294,0.3096333029949449
Business,2405,3,0.19056635057349683,0.1955750194480802,0.28739402374205975,0.32646460623636325
Business,2406,2,0.22988471671363714,0.2562938077716282,0.2680397951116037,0.24578168040313098
Business,2407,2,0.17452898190143012,0.1790265275623791,0.3444433431508227,0.3020011473853681
Business,2408,3,0.18678552467390178,0.27661090207287786,0.22300291976677256,0.31360065348644783
Business,2409,3,0.19478881292273195,0.1973015188240709,0.259784681364157,0.34812498688904014
Business,2410,3,0.1653785118004369,0.17361372443293963,0.33028542995481547,0.33072233381180804
Business,2411,3,0.18599021252007647,0.22598493785065815,0.2735749375399532,0.31444991208931217
Business,2412,3,0.2130048547372195,0.20932840327084923,0.2700663106556737,0.3076004313362576
Business,2413,1,0.2722085531848252,0.27647057932148084,0.22772049969671018,0.22360036779698383
Business,2414,3,0.17822662200753275,0.17736538457583326,0.30398587622305634,0.3404221171935777
Business,2415,3,0.18744202786594738,0.20316089870647547,0.27809953901271806,0.33129753441485915
Business,2416,3,0.16498326535154598,0.19940192055514705,0.3076889266875436,0.32792588740576334
Business,2417,3,0.18441395205960415,0.23120851611731885,0.2455296376621321,0.33884789416094485
Business,2418,3,0.1900266516615876,0.26831767219054453,0.24110610858886422,0.30054956755900364
Business,2419,3,0.2121424700186291,0.20842418524713346,0.28374293553094,0.2956904092032975
Business,2420,1,0.2225781903393217,0.2809082228135184,0.2330506796897984,0.2634629071573615
Business,2421,2,0.22630870535424616,0.19369345352483314,0.2911974227090967,0.28880041841182397
Business,2422,3,0.1760589641604753,0.17868215418547306,0.28630473917783783,0.35895414247621377
Business,2423,3,0.19583764199189957,0.22106355740240075,0.24447003920780846,0.3386287613978913
Business,2424,3,0.17079739224085397,0.1981338348864699,0.28424403373534624,0.3468247391373299
Business,2425,1,0.18570621796329495,0.3144743949876608,0.21808833152489562,0.2817310555241487
Business,2426,3,0.18670671392392021,0.1894167767564172,0.3031732785758097,0.3207032307438528
Business,2427,3,0.18160466924588822,0.17249902800945818,0.27980235443389573,0.36609394831075787
Business,2428,3,0.18462759026168968,0.17642261120658217,0.2588143367502421,0.380135461781486
Business,2429,1,0.19059972960667712,0.33871900917560804,0.2132172822459969,0.2574639789717179
Business,2430,2,0.1471739383486783,0.16712421353397452,0.37760057823746157,0.30810126987988556
Business,2431,3,0.19765730626292508,0.24771004025085752,0.22874092878821237,0.32589172469800504
Business,2432,3,0.21631395465523973,0.18453445446347283,0.28857741133828346,0.3105741795430039
Business,2433,1,0.1905684229457859,0.31422148481724027,0.2310503887831944,0.2641597034537795
Business,2434,3,0.24414661605228088,0.21886786210037826,0.2574670512604015,0.27951847058693935
Business,2435,3,0.18971960308092142,0.18130876682926284,0.30966211688288925,0.31930951320692647
Business,2436,3,0.2177745489037325,0.20266577507038447,0.27192653032110603,0.30763314570477707
Business,2437,3,0.2169101983163333,0.24526343770432826,0.24578325425592423,0.29204310972341424
Business,2438,2,0.22414841614223716,0.23927413633341907,0.2720308317274032,0.26454661579694055
Business,2439,0,0.29542038349750877,0.23334582398083434,0.23819637890119782,0.2330374136204591
Business,2440,1,0.2338229117565874,0.258598872282138,0.2494887692437412,0.2580894467175334
Business,2441,3,0.19602553699446534,0.2171935137677244,0.25338252331861627,0.333398425919194
Business,2442,3,0.1891878875444304,0.19500579309414806,0.2675948204866823,0.34821149887473923
Business,2443,1,0.25390029333152014,0.2977033504851466,0.22593609788822414,0.2224602582951091
Business,2444,3,0.17842059175014743,0.185691924977142,0.2857340938182475,0.35015338945446306
Business,2445,3,0.1931935359537154,0.20197257630051157,0.28278129270208485,0.3220525950436882
Business,2446,3,0.22828140457213564,0.23626720010825575,0.2368423921886156,0.298609003130993
Business,2447,0,0.26392183678358305,0.22974582913916372,0.25521600743419615,0.2511163266430571
Business,2448,2,0.1483791673207636,0.1733290536151212,0.3789941350544772,0.299297644009638
Business,2449,2,0.2179072982890476,0.21826228680371004,0.29365384334413613,0.2701765715631062
Business,2450,3,0.21481998837831787,0.1889844184287967,0.2834602465370986,0.31273534665578684
Business,2451,0,0.2650285376573231,0.25150508054549553,0.23629090348224838,0.24717547831493308
Business,2452,3,0.2534658670299755,0.18317832633333686,0.26711726265477337,0.2962385439819143
Business,2453,1,0.22782020305841527,0.31409292271125666,0.21889341977627155,0.23919345445405643
Business,2454,3,0.17970197547828948,0.21980667276951482,0.2657518693014669,0.3347394824507288
Business,2455,1,0.22434524817299104,0.2835968476659702,0.23644087227779673,0.25561703188324203
Business,2456,3,0.15709435263663277,0.16365467394929673,0.32902860430995406,0.35022236910411647
Business,2457,3,0.18231532332641548,0.22473158376985808,0.26933086610668894,0.32362222679703756
Business,2458,3,0.19633161130979312,0.21699299437877567,0.29126866480342767,0.29540672950800356
Business,2459,3,0.22360122142097977,0.2681468338667594,0.22891538651631654,0.27933655819594433
Business,2460,3,0.19668767669669462,0.17072346891769077,0.2858328968901365,0.3467559574954781
Business,2461,3,0.21007098026685259,0.18765806640097143,0.2670642961954138,0.3352066571367622
Business,2462,3,0.21734890495746348,0.2126540759861116,0.2681961604725682,0.30180085858385663
Business,2463,3,0.15563361961968028,0.14877643637138155,0.30124432956076747,0.39434561444817057
Business,2464,3,0.2316018834164984,0.23957704416442127,0.25175117492246724,0.2770698974966131
Business,2465,3,0.200620233474173,0.19143938600971097,0.2836784288037099,0.3242619517124062
Business,2466,3,0.21543957512324677,0.2583897970584117,0.2295880711236711,0.29658255669467043
Business,2467,3,0.20457492997474755,0.24607094365363855,0.24400747675285583,0.305346649618758
Business,2468,3,0.21087781124661978,0.19713844666657393,0.28512305952857303,0.3068606825582333
Business,2469,3,0.20007792574443972,0.21141808505907927,0.28039588224678796,0.3081081069496931
Business,2470,3,0.2081139781483739,0.18924362872752837,0.29575258567801416,0.3068898074460836
Business,2471,3,0.17715697576635622,0.26405543885893445,0.24303770345187606,0.31574988192283326
Business,2472,3,0.16685782577285171,0.16799164857790325,0.3127670331213659,0.35238349252787915
Business,2473,3,0.1900974354254234,0.1970663717876122,0.28827736139598914,0.3245588313909753
Business,2474,3,0.21399230240698405,0.20235131744779988,0.2542489267371968,0.32940745340801925
Business,2475,3,0.1896639437854844,0.1928925923409199,0.2874646278080436,0.329978836065552
Business,2476,3,0.1845485845096698,0.18309012911094438,0.2582113374433317,0.37414994893605413
Business,2477,3,0.2168742884867155,0.24952675346333822,0.258650051987382,0.2749489060625643
Business,2478,3,0.17249497598551627,0.19447215077289587,0.3072410537172128,0.32579181952437514
Business,2479,3,0.16504993351577063,0.17455589779567757,0.2862503002424244,0.3741438684461274
Business,2480,3,0.16940248742450578,0.18428297780473532,0.2580309470198148,0.388283587750944
Business,2481,3,0.2123970817039196,0.2008623901959677,0.2551609611520419,0.33157956694807084
Business,2482,3,0.17208934505487494,0.17424923745242352,0.32265681498661786,0.3310046025060837
Business,2483,3,0.230414724040065,0.23700898306863813,0.25598167003017747,0.27659462286111947
Business,2484,3,0.2658521660324256,0.1760405903746181,0.27411769230935384,0.2839895512836024
Business,2485,3,0.18414137574875242,0.17414949342832917,0.2868989062367962,0.3548102245861222
Business,2486,2,0.20374061139851876,0.1951909509985656,0.35567753520352857,0.24539090239938713
Business,2487,3,0.20153569866654453,0.2070461316879248,0.2760262751818618,0.31539189446366883
Business,2488,2,0.19592039214119827,0.24229955745578624,0.30266279840732035,0.2591172519956952
Business,2489,3,0.18547821546313337,0.18540097804834235,0.2585714791990318,0.3705493272894924
Business,2490,3,0.20171027882095618,0.2643203024391541,0.21409821036827473,0.319871208371615
Business,2491,3,0.16624535159293738,0.16027315520500943,0.2877669313540139,0.38571456184803926
Business,2492,3,0.18459078123785527,0.18824371177794788,0.30319797863966086,0.323967528344536
Business,2493,2,0.20107321350111887,0.21598774353533676,0.3247015338461629,0.25823750911738147
Business,2494,3,0.22195236494237908,0.2215850010767006,0.2772437371769682,0.2792188968039521
Business,2495,3,0.22555989201520932,0.22662067755994467,0.2544912733801298,0.2933281570447163
Business,2496,0,0.2606792301930332,0.2402411309240043,0.244019063185788,0.25506057569717455
Business,2497,3,0.23445979697693994,0.2127212931892145,0.27541433031027307,0.2774045795235725
Business,2498,3,0.19758321026472903,0.264275155056336,0.2360711474890856,0.30207048718984936
Business,2499,3,0.20524985204800408,0.2047525399348562,0.2695639797349513,0.32043362828218847
Business,2500,2,0.1743943984880307,0.1882527808696114,0.33514848304944916,0.30220433759290877
Business,2501,3,0.20273356111807259,0.198844283029625,0.26467414980161497,0.33374800605068744
Business,2502,1,0.2284526341696798,0.26304669338898196,0.24961021993706559,0.2588904525042727
Business,2503,0,0.2768646217753727,0.23994266089602265,0.23986750395177817,0.24332521337682653
Business,2504,2,0.2173558466280174,0.1899612107485447,0.30482843433331697,0.287854508290121
Business,2505,3,0.20985936096511962,0.26114307405801923,0.23930406937652776,0.2896934956003334
Business,2506,3,0.17515337033434794,0.18038483152011467,0.3124338856442329,0.3320279125013045
Business,2507,3,0.19593786077162897,0.18645813479580578,0.28197171580376484,0.3356322886288004
Business,2508,2,0.1944098409410438,0.19891631362688697,0.32518204486470886,0.2814918005673604
Business,2509,3,0.2421716382871503,0.23418125111564714,0.25745958719209705,0.2661875234051055
Business,2510,3,0.21745232980884516,0.228628109763887,0.25132516231073615,0.3025943981165317
Business,2511,3,0.2032112071203107,0.24468334081426582,0.2666179096687754,0.2854875423966481
Business,2512,3,0.19112924418647467,0.21007991162765327,0.23292134303892983,0.3658695011469423
Business,2513,1,0.20231473754238047,0.2877362113850195,0.2315852141164624,0.2783638369561377
Business,2514,2,0.1893263835501006,0.2014094526766307,0.3195304926455876,0.28973367112768106
Business,2515,2,0.21618509193535054,0.2277495808017889,0.2830359223473212,0.2730294049155394
Business,2516,3,0.18538919785245944,0.17539972550760222,0.28708634806296657,0.3521247285769718
Business,2517,3,0.17497772090041905,0.1865749939126047,0.2935746822390818,0.34487260294789435
Business,2518,2,0.1830656079765618,0.20076592474234622,0.3135226381434961,0.3026458291375958
Business,2519,3,0.19908851008743275,0.2769816515767763,0.23489157866439084,0.2890382596714001
Business,2520,3,0.24211135770206438,0.21129070267257016,0.26551420631081674,0.28108373331454867
Business,2521,2,0.2609353143065184,0.21774846006466686,0.26345119784320975,0.257865027785605
Business,2522,3,0.19162770725269904,0.26079402987684414,0.22757554136433952,0.32000272150611725
Business,2523,2,0.1916005903641482,0.25363664468932945,0.28749071529770914,0.2672720496488132
Business,2524,2,0.24203030443762252,0.24165710346909988,0.2602869708901649,0.2560256212031127
Business,2525,3,0.19035331482594672,0.2332655267429044,0.2691711666791332,0.3072099917520156
Business,2526,2,0.17987400619462787,0.16063585942929495,0.34001926022460033,0.31947087415147685
Business,2527,3,0.20233778934158292,0.22385023676167612,0.23855306433927226,0.3352589095574687
Business,2528,3,0.20098676228944198,0.23616100253016492,0.2605901358377375,0.3022620993426555
Business,2529,1,0.2695735550801159,0.28750040385553344,0.22373350121597171,0.21919253984837905
Business,2530,1,0.21639360925602824,0.27424736601070715,0.24765484866142054,0.26170417607184404
Business,2531,3,0.20798747311714907,0.24138682100422287,0.24132031999050932,0.30930538588811873
Business,2532,3,0.1789389485381021,0.1596464623583644,0.2763240857260435,0.38509050337749
Business,2533,3,0.1957413413645704,0.23488377559056248,0.2524435296888502,0.3169313533560169
Business,2534,3,0.1902172570324974,0.15778049805525896,0.2789720804068477,0.373030164505396
Business,2535,2,0.25319705559983824,0.22325289408153973,0.2667547638786933,0.2567952864399288
Business,2536,3,0.1499130184163082,0.1475490312096366,0.32344993595608773,0.3790880144179674
Business,2537,2,0.22276404280175122,0.2245629261913275,0.2853038931980959,0.2673691378088254
Business,2538,3,0.2225804796945604,0.18424769529518548,0.26106830752132093,0.33210351748893313
Business,2539,3,0.20486323430217618,0.20717650990615102,0.25717557239335553,0.3307846833983173
Business,2540,2,0.2187550851654718,0.2187882258394357,0.3079025818392953,0.2545541071557972
Business,2541,3,0.20395652838884162,0.23798940583327646,0.25416876571740027,0.30388530006048164
Business,2542,2,0.2286675562102502,0.22659870112907,0.29752092755868365,0.24721281510199614
Business,2543,3,0.23908492309917093,0.2275925270362337,0.26389182166858116,0.26943072819601416
Business,2544,3,0.18662712274960752,0.2335543399422515,0.24085882181700058,0.3389597154911404
Business,2545,2,0.21023975604452405,0.23596565406249273,0.2841734916849456,0.2696210982080376
Business,2546,3,0.20522723589707167,0.21759860635423584,0.28366926062818515,0.29350489712050737
Business,2547,2,0.197434346260258,0.2003338625812728,0.31115474967191065,0.2910770414865586
Business,2548,3,0.15909881399835576,0.1732431847263642,0.31756377602678537,0.35009422524849465
Business,2549,3,0.16722192559110668,0.1707858676018954,0.29319894087642934,0.36879326593056855
Business,2550,3,0.2133886780487591,0.2201629142759065,0.25012660826722605,0.31632179940810834
Business,2551,3,0.20833019265226657,0.2150470886877427,0.26046690268678946,0.3161558159732013
Business,2552,3,0.17615326514961782,0.19174603243457025,0.30538079139435315,0.32671991102145875
Business,2553,1,0.17463324106551678,0.3126506314648201,0.2146859855313736,0.2980301419382894
Business,2554,3,0.20855102798784123,0.2173383985760184,0.2591998874352674,0.3149106860008729
Business,2555,3,0.19770471761572653,0.20905558146388425,0.2478389082642153,0.34540079265617385
Business,2556,3,0.20616282223575635,0.19801425958131028,0.2735433217094154,0.32227959647351795
Business,2557,3,0.2209822665083935,0.19426946566596134,0.28442876171810605,0.30031950610753905
Business,2558,3,0.1888422887318634,0.21057286373144157,0.26332093010710156,0.33726391742959344
Business,2559,3,0.19128131167421242,0.1834432771631645,0.2588241101112632,0.3664513010513598
Business,2560,3,0.17723260577038055,0.18515421182593153,0.30468086724763516,0.33293231515605276
Business,2561,3,0.16165668315492382,0.17481363250012716,0.29298378717424534,0.37054589717070363
Business,2562,3,0.1413856410435327,0.16997035182699552,0.2810082493959971,0.4076357577334746
Business,2563,2,0.169386944230283,0.1729320154079543,0.37143847131555,0.2862425690462127
Business,2564,2,0.18603254507347236,0.17929800261729661,0.3582373147776546,0.2764321375315765
Business,2565,2,0.21723570417751734,0.18710893303203968,0.3201450492898692,0.27551031350057376
Business,2566,2,0.18319956240049617,0.16173732053174356,0.3540613627993351,0.3010017542684252
Business,2567,3,0.2211701608418536,0.20371934132625566,0.2856115109966335,0.2894989868352573
Business,2568,3,0.1794893592428845,0.20163122592559835,0.2966064633656525,0.3222729514658647
Business,2569,3,0.19790993583131358,0.20138118078174216,0.2672683740040442,0.33344050938290004
Business,2570,3,0.1669353663078658,0.19754933747201103,0.3105028868852449,0.32501240933487824
Business,2571,3,0.19617732946183924,0.24299026443629895,0.24816647384516602,0.31266593225669576
Business,2572,3,0.16513113333069845,0.18823000743173912,0.2974040499965044,0.34923480924105804
Business,2573,0,0.2539589202504349,0.24700103146698202,0.2471617848277617,0.25187826345482134
Business,2574,3,0.19474450762207846,0.24487499033313737,0.24658549755949097,0.3137950044852932
Business,2575,0,0.29478339377533147,0.18600879666664882,0.24531027063782956,0.27389753892019014
Business,2576,3,0.22814025370646754,0.21871417515787667,0.26124536752777905,0.2919002036078767
Business,2577,3,0.19177570761684268,0.22181110558445066,0.28065846852812304,0.3057547182705837
Business,2578,3,0.20381084621708084,0.2523835559480954,0.22590920926245675,0.31789638857236696
Business,2579,2,0.17373925368373905,0.15979180791222738,0.3444497930766969,0.32201914532733666
Business,2580,3,0.19409006260884415,0.22777561854715325,0.2668693871298256,0.31126493171417696
Business,2581,3,0.19703038945550547,0.18335317888243122,0.2621713141876077,0.3574451174744557
Business,2582,3,0.22439995108129412,0.21670719177413975,0.27000211257991813,0.28889074456464797
Business,2583,1,0.24468274114199276,0.2754697259570367,0.22875097072165287,0.2510965621793176
Business,2584,3,0.17625240664165617,0.2726659938010719,0.2276784281184121,0.3234031714388598
Business,2585,3,0.17257482418475192,0.20692465220986234,0.26336319865208263,0.3571373249533031
Business,2586,3,0.17501773200136797,0.2691930848944102,0.23644465930475167,0.3193445237994701
Business,2587,3,0.23933875099395582,0.21551341315332653,0.2722890710902376,0.27285876476248017
Business,2588,2,0.18467841381706399,0.1681063926030496,0.3503176367531275,0.2968975568267589
Business,2589,3,0.1876049869744454,0.20428706722777026,0.285404312806619,0.32270363299116533
Business,2590,3,0.2005924156472362,0.17268610332154585,0.27490183388681666,0.3518196471444013
Business,2591,3,0.18720013353312223,0.24934891337349427,0.22440572589213206,0.33904522720125146
Business,2592,3,0.24919623945660832,0.22126940964826416,0.25350809206453256,0.27602625883059495
Business,2593,3,0.18099194075676014,0.23407011263725708,0.23894704865851585,0.34599089794746696
Business,2594,2,0.16938111158637564,0.1593869231952305,0.3383472455483338,0.33288471967006006
Business,2595,3,0.19645506096775164,0.1867647067009615,0.2734909891389753,0.3432892431923115
Business,2596,3,0.19059801003461282,0.22677117295123536,0.2518076919346265,0.33082312507952544
Business,2597,3,0.1845090194443747,0.17745807823413878,0.2712262321460479,0.36680667017543866
Business,2598,3,0.22895337906153407,0.2551016757525642,0.24002734530755745,0.27591759987834424
Business,2599,2,0.15170014530159429,0.15053614078543032,0.35992186236979357,0.3378418515431819
Business,2600,3,0.21682149449650215,0.21375835739753288,0.26962506648898266,0.2997950816169824
Business,2601,3,0.18782911637661504,0.19948682297210868,0.29584999821650787,0.3168340624347684
Business,2602,3,0.19547267026932644,0.21160002892608834,0.2555816664848339,0.3373456343197513
Business,2603,3,0.1689511661541476,0.16916008080753486,0.32419405780911204,0.33769469522920553
Business,2604,2,0.2272374855256316,0.22239059035941197,0.2842922660369923,0.2660796580779642
Business,2605,3,0.21293491009185622,0.26183619233869615,0.2194231885191652,0.3058057090502824
Business,2606,3,0.16471746743468527,0.1928855381567377,0.2953426331719192,0.3470543612366577
Business,2607,3,0.19804276058744,0.2227940008025063,0.277860417876923,0.3013028207331307
Business,2608,3,0.17552849116754266,0.24398239445889205,0.23798616658734648,0.3425029477862188
Business,2609,3,0.22041542851300008,0.20940714446485673,0.24573272745614588,0.32444469956599736
Business,2610,3,0.1769080306152942,0.2616354172216632,0.2293111886906939,0.33214536347234874
Business,2611,2,0.18201003253662185,0.1922192490347386,0.3242053332174633,0.30156538521117626
Business,2612,3,0.21303222382337778,0.21322506514374867,0.2780454079039379,0.2956973031289356
Business,2613,2,0.21062908686498474,0.2213008542879843,0.29509731439753384,0.27297274444949715
Business,2614,1,0.21135226699335358,0.2656227184953945,0.258032224347242,0.26499279016401
Business,2615,3,0.18145899020856157,0.2586137860948853,0.26785037318756516,0.29207685050898796
Business,2616,3,0.2140925264383418,0.1945420902682643,0.2829041597395067,0.30846122355388716
Business,2617,2,0.19328003073608035,0.18683020403995618,0.323750520732035,0.29613924449192847
Business,2618,3,0.17743336209230157,0.1987755708056838,0.2639225024564086,0.359868564645606
Business,2619,3,0.21945118840839126,0.22553056602409566,0.243471151225484,0.3115470943420291
Business,2620,3,0.21106453368058112,0.2058853423597671,0.28837883403705605,0.2946712899225957
Business,2621,3,0.2395505365900539,0.22087468853302297,0.2663673993312425,0.2732073755456806
Business,2622,3,0.2248035355690115,0.2228499215293342,0.2702331852938284,0.28211335760782585
Business,2623,3,0.15626358042315008,0.14623263703954253,0.274614491665692,0.4228892908716155
Business,2624,3,0.21110357208507274,0.21485288609481118,0.27130550817558313,0.302738033644533
Business,2625,2,0.19466640668846255,0.21097696343369302,0.3050227733958034,0.289333856482041
Business,2626,1,0.22798112442529903,0.2868240492472024,0.23160283590707229,0.25359199042042635
Business,2627,3,0.1989296961185334,0.21129945610636613,0.2650746022078006,0.3246962455672999
Business,2628,3,0.17470257195601735,0.2732451321971991,0.2326152115038198,0.31943708434296375
Business,2629,3,0.1906445870070922,0.2325156355157471,0.26190594093797803,0.31493383653918267
Business,2630,3,0.1901678075515281,0.19458997180697418,0.2702877108003366,0.34495450984116116
Business,2631,0,0.33030106742689014,0.19984647519000331,0.240640827645015,0.22921162973809162
Business,2632,3,0.18725329150425382,0.25318126320653517,0.22285623274020377,0.3367092125490072
Business,2633,3,0.19594792640654043,0.21108476543602425,0.23979728834872238,0.3531700198087128
Business,2634,3,0.21810103777180245,0.23955863888306433,0.25969077755111514,0.2826495457940181
Business,2635,3,0.2054049152592889,0.20328688207662146,0.28245638299437903,0.30885181966971054
Business,2636,3,0.18661298159204948,0.24653946975649657,0.24726787113501486,0.3195796775164391
Business,2637,3,0.19411087590870493,0.25669822232347694,0.2535511565370956,0.29563974523072256
Business,2638,3,0.18686178811261614,0.19498745420647798,0.2837486033816301,0.3344021542992758
Business,2639,2,0.18100743978350137,0.17433051190469795,0.35599829740132566,0.28866375091047497
Business,2640,3,0.20182747827845324,0.24756131434418974,0.25275781925868845,0.29785338811866857
Business,2641,3,0.21100597004733088,0.21030046607772476,0.2631354676303931,0.3155580962445513
Business,2642,2,0.19658465873941158,0.21186813590010983,0.3066106073329174,0.2849365980275612
Business,2643,2,0.23594639502487677,0.2052524507455642,0.29788371881942566,0.2609174354101334
Business,2644,2,0.21721590318551992,0.21914953263588444,0.282623931514759,0.2810106326638367
Business,2645,3,0.17973180285064833,0.18639052122346364,0.2855571608763107,0.34832051504957723
Business,2646,3,0.16531564730718776,0.1930204002783087,0.2752114315489007,0.3664525208656029
Business,2647,1,0.2798072076224761,0.32715422274784456,0.1887488177447623,0.20428975188491713
Business,2648,0,0.28999049179522896,0.25505363908801987,0.2320499700558563,0.2229058990608949
Business,2649,3,0.20623144728571852,0.17757545508184824,0.3038178471853907,0.3123752504470426
Business,2650,2,0.1629662109468715,0.17790090532817873,0.33675876232600693,0.3223741213989428
Business,2651,3,0.225578033048085,0.24240156800640916,0.2429799521594641,0.28904044678604174
Business,2652,2,0.21041875690148687,0.18279617381694352,0.34490675313110414,0.2618783161504654
Business,2653,2,0.23458927544194194,0.25304353812369523,0.26065751363255374,0.2517096728018091
Business,2654,3,0.18644955972780403,0.22258932459882153,0.24214355468426857,0.34881756098910593
Business,2655,3,0.1800325011008101,0.20205120745021388,0.2625596388031285,0.3553566526458476
Business,2656,3,0.19401717276665076,0.20056343073030047,0.2789701611391161,0.3264492353639326
Business,2657,3,0.20374035797791415,0.23677397227939173,0.2459360447637972,0.3135496249788969
Business,2658,3,0.1803049769730461,0.18460235396115823,0.2668654223614434,0.3682272467043523
Business,2659,3,0.2042989283460239,0.24416748769864793,0.2646539903624954,0.2868795935928327
Business,2660,3,0.20312543676427272,0.23338731626987969,0.2358591177512066,0.327628129214641
Business,2661,3,0.18540479575837998,0.24620339288635443,0.22503598751419884,0.3433558238410667
Business,2662,3,0.21760076044404628,0.26711064963292114,0.2259742319862959,0.2893143579367367
Business,2663,1,0.25038014914512124,0.26394281937762043,0.23199869151551528,0.25367833996174305
Business,2664,3,0.1930300984310538,0.2344746582433734,0.24715223298145783,0.32534301034411495
Business,2665,2,0.24695021384254864,0.18450693953792366,0.3176111317554504,0.2509317148640773
Business,2666,3,0.19792336555603865,0.17392944342281,0.2712810453848521,0.3568661456362993
Business,2667,1,0.2349346360255139,0.2615106281304981,0.24440278646863267,0.25915194937535546
Business,2668,3,0.21535253712301297,0.19487243448511501,0.28747216993986635,0.30230285845200566
Business,2669,3,0.16941896465760953,0.21430441751211565,0.2854922422585762,0.33078437557169854
Business,2670,2,0.24554362778194944,0.21343686296480804,0.27725882624488557,0.263760683008357
Business,2671,1,0.18872456788409436,0.3052786445455614,0.2271422613065678,0.2788545262637764
Business,2672,3,0.15982122838908655,0.16152348116234136,0.279625312700792,0.39902997774778015
Business,2673,3,0.2007282664427886,0.20089374972660134,0.2837241459313363,0.31465383789927365
Business,2674,3,0.20409749191046694,0.2134932463671216,0.25078026973051987,0.33162899199189155
Business,2675,2,0.1920410261649858,0.2052443516077812,0.3190629276187744,0.2836516946084585
Business,2676,3,0.1648117922193824,0.1712464792185763,0.3017835100325308,0.36215821852951047
Business,2677,3,0.21349747151627524,0.22308633546947815,0.27896078515239014,0.28445540786185647
Business,2678,2,0.218366558685471,0.2116837421123988,0.29857493848630656,0.27137476071582367
Business,2679,3,0.17853140590166827,0.193479313392346,0.3122626779555239,0.3157266027504618
Business,2680,3,0.16921073046852841,0.22952546823890058,0.2325049811244496,0.36875882016812134
Business,2681,3,0.17003637950287948,0.18353532309809548,0.2730540042484908,0.3733742931505343
Business,2682,3,0.18083510546925008,0.1602643844751222,0.2921310294146054,0.3667694806410223
Business,2683,3,0.21255853492329535,0.20076262650046472,0.29297107142361684,0.29370776715262314
Business,2684,3,0.21965565630007555,0.2393607979229945,0.256032710723433,0.28495083505349694
Business,2685,3,0.21177303200993755,0.20818866080788664,0.2641065628873139,0.31593174429486187
Business,2686,3,0.259335672532326,0.20284284199722125,0.255076959457743,0.2827445260127098
Business,2687,3,0.22362772874868303,0.23959280846677175,0.25672325511138566,0.28005620767315953
Business,2688,3,0.25289078510431434,0.19687259697806214,0.26912664938825775,0.28110996852936576
Business,2689,3,0.15848871566081543,0.15791248105462516,0.3075790254105504,0.37601977787400903
Business,2690,3,0.19533949949711815,0.21268511694853012,0.24945760836843894,0.34251777518591275
Business,2691,2,0.22145569411099447,0.1940171419149757,0.3081255133594424,0.27640165061458744
Business,2692,2,0.2106826489724804,0.19340639108107552,0.3130924740665215,0.2828184858799226
Business,2693,3,0.2139066876613035,0.21751055082588133,0.2824171483451189,0.2861656131676963
Business,2694,3,0.17941493653621451,0.26343592265546134,0.22935695004009296,0.32779219076823113
Business,2695,3,0.19989304879905684,0.20337090087816914,0.2860271854112826,0.31070886491149147
Business,2696,3,0.20456726761183608,0.23644456456246524,0.23608848423614676,0.32289968358955196
Business,2697,3,0.18160466924588822,0.17249902800945818,0.27980235443389573,0.36609394831075787
Business,2698,3,0.18344470125195278,0.24837367013737596,0.2437617243885878,0.3244199042220835
Business,2699,3,0.19330760688509915,0.24971469710820643,0.2463161082270221,0.31066158777967234
Business,2700,2,0.19580637894255432,0.19676126897408514,0.341551698312554,0.2658806537708065
Business,2701,3,0.21768963258333077,0.18302884487437598,0.27289292260964515,0.32638859993264824
Business,2702,3,0.19036513165566885,0.19149066411923413,0.30150982608474985,0.31663437814034723
Business,2703,2,0.1636152389184182,0.16080101107822484,0.36669661945892534,0.30888713054443157
Business,2704,1,0.2554558767907367,0.2874362553668405,0.22614541094470098,0.23096245689772185
Business,2705,2,0.20658956882351617,0.209398449442337,0.29388023972225596,0.2901317420118909
Business,2706,3,0.20832540321045734,0.19526605169098035,0.25634687492575187,0.3400616701728105
Business,2707,3,0.17475764996888557,0.17688940761888927,0.3051181478825791,0.343234794529646
Business,2708,2,0.20216116515073626,0.20535699466065394,0.33195336051820273,0.26052847967040715
Business,2709,3,0.1786416958507216,0.2005210673138417,0.2974748000233559,0.32336243681208077
Business,2710,3,0.18253728613110617,0.18774560649430505,0.2949672440809351,0.3347498632936536
Business,2711,2,0.23515634388304874,0.20506024684028631,0.29861929601968884,0.26116411325697614
Business,2712,3,0.17236931696460583,0.24226897717159643,0.23043370815845646,0.3549279977053413
Business,2713,2,0.22957783997942874,0.21682011021842076,0.27963374199661645,0.2739683078055341
Business,2714,3,0.2257013959266357,0.22110420347568582,0.2513620440400717,0.3018323565576068
Business,2715,2,0.1713204642304156,0.2049490977543217,0.33123049774542146,0.2924999402698411
Business,2716,2,0.1860367902572635,0.18521365486840305,0.3162326644399472,0.31251689043438624
Business,2717,3,0.22026010710017202,0.21802588256500396,0.26427959686857105,0.297434413466253
Business,2718,1,0.2371258428269271,0.2937887940729879,0.22179868622700477,0.24728667687308026
Business,2719,3,0.16452724588139458,0.169921959308166,0.30536362774390646,0.36018716706653287
Business,2720,2,0.2153912312199954,0.21375304868326458,0.30311532922996876,0.2677403908667713
Business,2721,3,0.22084331409266775,0.24223374688766375,0.2539758353994269,0.28294710362024167
Business,2722,3,0.20379139706175523,0.21862048110310134,0.2599925445850633,0.3175955772500801
Business,2723,3,0.20485903837559982,0.2766636459648874,0.23111836540988143,0.2873589502496314
Business,2724,3,0.2262295770130002,0.2548146933015343,0.2437778698816778,0.2751778598037877
Business,2725,3,0.244326202868559,0.249462253528083,0.2282379549133226,0.27797358869003547
Business,2726,0,0.2953119199078993,0.25394459420704296,0.23122540958397228,0.2195180763010855
Business,2727,3,0.20085278472977403,0.19826536088848234,0.27373428259602495,0.32714757178571874
Business,2728,2,0.14495061683417268,0.16283630539550878,0.34728187069114047,0.34493120707917807
Business,2729,3,0.18502941601885053,0.1797980136540397,0.299251275417888,0.3359212949092218
Business,2730,2,0.1838503233026172,0.18553136726026864,0.3165062589666029,0.3141120504705113
Business,2731,3,0.1951695094764563,0.169241149256054,0.3019693543848985,0.33361998688259115
Business,2732,1,0.2044514003911918,0.2723755637989708,0.26141757546116773,0.26175546034866964
Business,2733,2,0.24714845875810748,0.22385457016002952,0.2841610456810693,0.24483592540079366
Business,2734,3,0.19300373855535316,0.2410218031606196,0.2577448178856837,0.30822964039834355
Business,2735,3,0.1719557641656074,0.18816348825883703,0.28045539818498383,0.35942534939057175
Business,2736,3,0.21386422456919038,0.1921215495843412,0.27687641961919207,0.31713780622727633
Business,2737,3,0.19581779522877446,0.2454721019552185,0.23263579951540814,0.3260743033005989
Business,2738,3,0.21008109578427936,0.27819866486942624,0.22243164352822187,0.2892885958180726
Business,2739,3,0.1975486944396565,0.19417745888851143,0.26564338140684,0.3426304652649921
Business,2740,0,0.31447007575314134,0.19423906961891782,0.24639491009626932,0.2448959445316715
Business,2741,3,0.2017938527601039,0.2873691972560535,0.21113235613531228,0.2997045938485304
Business,2742,3,0.1961192577453971,0.19542816925699955,0.2700141109321684,0.338438462065435
Business,2743,3,0.18316767589368535,0.16232343242221292,0.29687480752142015,0.3576340841626816
Business,2744,3,0.20246564947153037,0.1876170053091993,0.248375520273188,0.36154182494608234
Business,2745,3,0.19042762103787206,0.2203560116065804,0.2648032488720926,0.32441311848345494
Business,2746,3,0.2070142936985312,0.24162527442293613,0.23591806381213978,0.3154423680663929
Business,2747,3,0.1755391637572037,0.1885636853044161,0.3130421137943412,0.32285503714403896
Business,2748,2,0.15772658242794269,0.16523408265956557,0.3922967480291806,0.28474258688331117
Business,2749,2,0.207177710461692,0.1897957817549527,0.3198418839480828,0.2831846238352725
Business,2750,3,0.19792227954030311,0.2486860304616176,0.23082931337063814,0.3225623766274412
Business,2751,3,0.17826007059565868,0.19915080869583085,0.3005770922500059,0.3220120284585046
Business,2752,3,0.1933646990617953,0.2165359802479299,0.2863331603624806,0.3037661603277943
Business,2753,3,0.20636564098682003,0.2572388836394581,0.25076272195658394,0.28563275341713784
Business,2754,3,0.149592115225563,0.15674071798206696,0.32575367142930767,0.36791349536306234
Business,2755,3,0.18152714695630937,0.1993315624901145,0.27068023663470303,0.34846105391887316
Business,2756,3,0.22618158692352744,0.25497527093341504,0.24799086393111724,0.2708522782119403
Business,2757,2,0.1909070314477889,0.18422981277709502,0.3183164245422289,0.3065467312328871
Business,2758,3,0.20788129497500038,0.2341088331428876,0.23704423964561275,0.32096563223649927
Business,2759,3,0.17587892310072736,0.19768195896032534,0.25125167379200325,0.375187444146944
Business,2760,3,0.18744478458765895,0.20761839262188606,0.2433325525515392,0.3616042702389158
Business,2761,3,0.1865339978503976,0.18264588526038902,0.3086168700532714,0.322203246835942
Business,2762,3,0.16125352215051178,0.18516060737429593,0.30043635914361316,0.3531495113315792
Business,2763,3,0.14346100859314329,0.15067946211925753,0.29093219499785933,0.41492733428973977
Business,2764,2,0.16637260064583057,0.172458778156183,0.3397475565496039,0.32142106464838255
Business,2765,3,0.1988310527682235,0.29428246081631365,0.20857072824553768,0.2983157581699251
Business,2766,2,0.17987400619462787,0.16063585942929495,0.34001926022460033,0.31947087415147685
Business,2767,3,0.19029948576995576,0.1931024532354076,0.30395348762256813,0.31264457337206847
Business,2768,3,0.20735369967276654,0.20143741739586876,0.2670477879162984,0.3241610950150664
Business,2769,2,0.20302656313152698,0.2283563466407804,0.28741446777613394,0.2812026224515587
Business,2770,3,0.16185712418769296,0.17476006301541325,0.3250785513387763,0.33830426145811754
Business,2771,3,0.1586689367079117,0.17467704464607753,0.289599872787673,0.3770541458583378
Business,2772,3,0.22482634083645955,0.22046756751338611,0.2758259468445189,0.2788801448056354
Business,2773,3,0.19233785387482796,0.22288947550023316,0.2556160789669633,0.32915659165797556
Business,2774,3,0.22309116967663709,0.24208398190091443,0.2572240073297143,0.27760084109273425
Business,2775,1,0.26699530272811034,0.2677041817567598,0.22752888876940458,0.23777162674572522
Business,2776,3,0.1671546787340214,0.1729229146938356,0.32825557871966354,0.3316668278524794
Business,2777,3,0.17175306353469322,0.17148211524814225,0.30940840284513976,0.3473564183720249
Business,2778,3,0.16494848464627815,0.18178914825664924,0.3212092419946937,0.3320531251023789
Business,2779,2,0.17307513711498954,0.1889947952846533,0.35231266496936336,0.2856174026309939
Business,2780,3,0.23590300410419682,0.2587684983410315,0.2465037978244803,0.2588246997302914
Business,2781,2,0.1502426800845967,0.1558096463888345,0.37975253906260564,0.31419513446396313
Business,2782,3,0.2066548563319464,0.22028682332697877,0.23891053748765628,0.33414778285341856
Business,2783,3,0.20040900678497797,0.20390695116103433,0.2567486078472656,0.3389354342067221
Business,2784,3,0.20153969162456145,0.22336383003109664,0.2391453423039729,0.335951136040369
Business,2785,1,0.2746047975354066,0.276045151706102,0.2189805169774472,0.23036953378104422
Business,2786,2,0.207553795538348,0.20115955085368037,0.3113747479762496,0.2799119056317221
Business,2787,1,0.19920343821208264,0.4027212119950359,0.19949796497348368,0.1985773848193977
Business,2788,3,0.2515921636453691,0.2446630075631937,0.25019674013105836,0.25354808866037887
Business,2789,2,0.16256671617710616,0.15455274075187617,0.34599576346995203,0.3368847796010656
Business,2790,2,0.1756212571016376,0.1715873670709369,0.38252898929481455,0.27026238653261103
Business,2791,3,0.1838844387976763,0.2483743448005404,0.2316539888076649,0.33608722759411835
Business,2792,3,0.1974736816067861,0.1979721470583327,0.281588435487359,0.3229657358475221
Business,2793,2,0.21950622607575176,0.19648925372142134,0.3216806200158899,0.262323900186937
Business,2794,3,0.20832703205593664,0.20259250162753106,0.29255820838646457,0.2965222579300677
Business,2795,3,0.21673349734814595,0.20127374554432123,0.25620029064193883,0.32579246646559396
Business,2796,3,0.18303173532504072,0.20044334508205083,0.25521965498468935,0.36130526460821905
Business,2797,3,0.16420035556207502,0.1721949837974522,0.2704307097103485,0.3931739509301244
Business,2798,3,0.18244607246065758,0.23609499507008913,0.2624146770132381,0.3190442554560152
Business,2799,2,0.14421460501403494,0.1368208333108585,0.4037674136424948,0.3151971480326117
Business,2800,3,0.20256691175358651,0.2444837011672324,0.2298988597842292,0.32305052729495193
Business,2801,3,0.1778271667498877,0.16937958852756793,0.2936537165413005,0.35913952818124384
Business,2802,3,0.20930251729227878,0.2612008820715972,0.23101281760230075,0.2984837830338233
Business,2803,3,0.18032034589323637,0.19066466983730773,0.28551414850212886,0.343500835767327
Business,2804,3,0.22868429307357785,0.24685046005483793,0.23440604228197956,0.2900592045896047
Business,2805,0,0.263085552513438,0.22393069041982705,0.25109729388592433,0.26188646318081066
Business,2806,3,0.1651798990853359,0.16425394335370264,0.26858705394827975,0.40197910361268163
Business,2807,3,0.20964850538133534,0.2044842860778139,0.25159706727189235,0.33427014126895843
Business,2808,2,0.16207939707706692,0.14445116046668163,0.4206065595532872,0.27286288290296423
Business,2809,2,0.23486768935203578,0.24719812913321007,0.26360617451563434,0.25432800699911984
Business,2810,2,0.24480365399233808,0.22763977444519382,0.2669087323738426,0.26064783918862544
Business,2811,3,0.17836814065198825,0.2790123892591904,0.250334154407289,0.2922853156815324
Business,2812,3,0.19599574138746342,0.2115125094112238,0.28946012953400885,0.3030316196673039
Business,2813,3,0.2117521407216363,0.22189352731431347,0.24526968667724167,0.3210846452868086
Business,2814,3,0.21623592285665083,0.24649792734469886,0.25931597322996086,0.2779501765686894
Business,2815,3,0.18543279102883586,0.24542218032053367,0.24518742790753015,0.32395760074310037
Business,2816,3,0.17739723690899278,0.18905098333178852,0.27315833872450657,0.36039344103471216
Business,2817,3,0.20620026684028267,0.25364379402650117,0.2467295397476484,0.2934263993855677
Business,2818,3,0.18542347902883155,0.18432574140749441,0.3055776803649305,0.32467309919874354
Business,2819,1,0.17253536492147303,0.3499717461070125,0.20190961575544286,0.2755832732160716
Business,2820,2,0.20084682086597272,0.1882145365291981,0.30671903883439255,0.3042196037704366
Business,2821,3,0.2168699975365259,0.20509191780218092,0.26991825329676183,0.3081198313645313
Business,2822,3,0.18054794905649924,0.1924373573628461,0.2872008347370056,0.33981385884364906
Business,2823,3,0.18120399462642733,0.18989948107206922,0.30372097921612534,0.3251755450853781
Business,2824,3,0.16650437712587549,0.1653214879005243,0.3254920484320412,0.34268208654155896
Business,2825,3,0.1672049198535693,0.1879782028896493,0.27465998514053036,0.3701568921162511
Business,2826,3,0.18422945366581864,0.25063641358623795,0.246983962166407,0.31815017058153644
Business,2827,3,0.18276635743066943,0.18168128060004385,0.2672994540050592,0.3682529079642275
Business,2828,3,0.1954839926420327,0.26969522079571184,0.2416123429136423,0.2932084436486131
Business,2829,3,0.22451090891869263,0.2048779895964637,0.26550690065609367,0.30510420082875006
Business,2830,3,0.25476784970719213,0.2458892440123194,0.24380391540871588,0.25553899087177273
Business,2831,3,0.20234344325146733,0.21270646517558894,0.27342012734892734,0.31152996422401635
Business,2832,3,0.20757756078263195,0.2484812496569624,0.2668970460844644,0.27704414347594125
Business,2833,3,0.2250065521639575,0.23309505173390532,0.266688604313346,0.27520979178879107
Business,2834,2,0.1618426623886072,0.20840896146017643,0.3391093670376636,0.2906390091135528
Business,2835,2,0.22115021612063854,0.21564707464024163,0.28775262880953584,0.275450080429584
Business,2836,3,0.18341784329768512,0.24088330616860812,0.2728032554689509,0.30289559506475583
Business,2837,3,0.2442335934676355,0.19733043719164597,0.27660799887738835,0.2818279704633301
Business,2838,3,0.19165921083612003,0.21722474523436183,0.29000882429197605,0.30110721963754195
Business,2839,3,0.22141954436820693,0.22592308073128786,0.24806577340867794,0.30459160149182724
Business,2840,3,0.1669890456919492,0.17080339714707107,0.3120650575365349,0.3501424996244448
Business,2841,2,0.1426439344236623,0.1435284516587219,0.3882548954636824,0.3255727184539333
Business,2842,1,0.26376183413009047,0.2770363581394383,0.22015295220641645,0.23904885552405475
Business,2843,3,0.17663908697051536,0.1912439577183529,0.275653230154674,0.35646372515645774
Business,2844,3,0.23370753753258208,0.21809543288369562,0.2575313726204262,0.29066565696329616
Business,2845,3,0.18775956895888637,0.22257696030604526,0.26006029452390134,0.3296031762111671
Business,2846,3,0.23048942441186607,0.23907574338438406,0.22077463109279977,0.3096602011109501
Business,2847,3,0.1484813588388202,0.16937419806273651,0.27523273556805283,0.4069117075303905
Business,2848,3,0.1934186291016515,0.1982310148099759,0.2719922254819447,0.336358130606428
Business,2849,2,0.1771188523934012,0.16508395988319563,0.3294486462629721,0.3283485414604311
Business,2850,3,0.23479977986241796,0.24506997727301794,0.24515155927835436,0.27497868358620975
Business,2851,3,0.19143865344800126,0.25110485463913984,0.26487962400348614,0.2925768679093729
Business,2852,3,0.19604393620699048,0.21425747468240056,0.25561317365211284,0.33408541545849624
Business,2853,3,0.18815035316180764,0.18294067732110342,0.2931171509206324,0.33579181859645657
Business,2854,3,0.16006837182229738,0.15583367836933007,0.32930144107214704,0.3547965087362255
Business,2855,2,0.2378990322785187,0.20008985321962597,0.3023984575547723,0.259612656947083
Business,2856,3,0.23472713394590017,0.23158424686441897,0.24344631836285055,0.2902423008268302
Business,2857,3,0.21802111467515556,0.2477400918149682,0.24501961791514046,0.28921917559473576
Business,2858,2,0.17521134018438314,0.1883186841883434,0.33096876603028247,0.30550120959699106
Business,2859,3,0.18414552961253305,0.15585707789581968,0.2851220144365496,0.3748753780550977
Business,2860,3,0.22721830033373197,0.25441668003387224,0.22760045912428914,0.2907645605081066
Business,2861,3,0.19320336219366424,0.2737816654769067,0.2428154319050312,0.2901995404243979
Business,2862,2,0.1591633789133975,0.17413753091592582,0.36522669383029777,0.301472396340379
Business,2863,3,0.1855967930289055,0.17785000561264735,0.26415818986017103,0.37239501149827614
Business,2864,3,0.17532566548969783,0.1701053135002338,0.29833397123896016,0.3562350497711082
Business,2865,3,0.2114775955826627,0.21140298176605804,0.2816941485308801,0.29542527412039915
Business,2866,3,0.22238858587530913,0.24129843888653676,0.2609660322756326,0.2753469429625216
Business,2867,3,0.1766195378879898,0.23758804663854954,0.2907882886931218,0.2950041267803388
Business,2868,3,0.18380875512973952,0.2724691150815997,0.25071905398000105,0.2930030758086597
Business,2869,3,0.2261562015131728,0.23040278557081006,0.2556275527206144,0.28781346019540277
Business,2870,3,0.15947477013680067,0.20699212385637866,0.2540958241072611,0.37943728189955955
Business,2871,3,0.1970272338346088,0.187072971943958,0.30319538631273407,0.31270440790869913
Business,2872,3,0.19343890831909683,0.20163844869322023,0.2933450525014466,0.31157759048623634
Business,2873,2,0.16996056448461122,0.1897005951127286,0.3282078529711793,0.31213098743148093
Business,2874,0,0.2830617079164617,0.23263168348615113,0.2515012589787347,0.23280534961865243
Business,2875,3,0.22063695538854053,0.2624285708884575,0.22865054185916273,0.2882839318638392
Business,2876,3,0.18475657572102247,0.21465764099214407,0.24852108082281324,0.3520647024640202
Business,2877,2,0.20159268978202494,0.17900658529352811,0.3388123940515582,0.2805883308728888
Business,2878,3,0.1839787126392575,0.16801333344691505,0.2885182848542733,0.35948966905955426
Business,2879,0,0.32581480801939755,0.2149985723148943,0.23005920863858756,0.22912741102712056
Business,2880,3,0.1871722892547246,0.205452233892442,0.25441240715309454,0.3529630696997389
Business,2881,0,0.26982841085389675,0.23144675741305643,0.24365581443281992,0.25506901730022696
Business,2882,3,0.20980771289477865,0.26502467646560496,0.2409893273072654,0.28417828333235096
Business,2883,3,0.19855744225833058,0.1888703184845421,0.26525836601045755,0.3473138732466698
Business,2884,3,0.20405167501026855,0.2039427295866084,0.2918656556403391,0.30013993976278397
Business,2885,1,0.24337627551156532,0.3127971544750797,0.2081859012960326,0.2356406687173224
Business,2886,3,0.18949452888322774,0.2007223538681214,0.2635880275032339,0.346195089745417
Business,2887,3,0.2052414326530787,0.2532515052154225,0.25222641727174455,0.2892806448597542
Business,2888,3,0.2001785961734692,0.23083046373269345,0.2784285281489917,0.2905624119448456
Business,2889,1,0.22518116009216335,0.2702889155914079,0.23992213892971587,0.2646077853867129
Business,2890,3,0.2183221695714502,0.22687764076257977,0.2711193871453873,0.2836808025205826
Business,2891,3,0.19282497899484188,0.1798183353611523,0.27808228499843135,0.34927440064557447
Business,2892,2,0.15774734005067614,0.17832127281316038,0.3840686586991264,0.2798627284370371
Business,2893,3,0.21444965317103445,0.2401946574787835,0.23077169553622287,0.3145839938139592
Business,2894,3,0.17993324155443702,0.16143180432331702,0.2837472663213102,0.37488768780093573
Business,2895,3,0.16116878345776592,0.16900341562517832,0.3180222907829921,0.3518055101340637
Business,2896,2,0.1534380867709571,0.15242572946736763,0.3625478099637818,0.3315883737978935
Business,2897,3,0.1755447772694312,0.21234924038082462,0.24769395597675065,0.3644120263729936
Business,2898,2,0.1795504903030083,0.19233893775139968,0.34450648314150767,0.28360408880408433
Business,2899,3,0.23308468598750479,0.24426156973926477,0.26076295002567856,0.2618907942475519
Business,2900,1,0.1988756019917419,0.2760403444148236,0.2492894959252389,0.27579455766819555
Business,2901,3,0.22246719358677697,0.21150688275436327,0.27770857960787537,0.2883173440509844
Business,2902,3,0.21825868575917712,0.1958056231553461,0.24226597424679733,0.34366971683867936
Business,2903,3,0.19164647663532855,0.16543204126398925,0.29151032531960325,0.351411156781079
Business,2904,3,0.19493664454925697,0.21384703567711408,0.260636341207718,0.3305799785659109
Business,2905,2,0.19771246425894684,0.196859054812979,0.31034547905487,0.29508300187320424
Business,2906,3,0.18973441159562318,0.21983919180585565,0.28995554716181016,0.30047084943671104
Business,2907,3,0.1689369573917036,0.16837549687829662,0.26200021940528245,0.4006873263247174
Business,2908,2,0.1764778398603149,0.17178363067735286,0.3358913458142786,0.3158471836480537
Business,2909,3,0.17861339673548526,0.193874636150512,0.3021541774300884,0.3253577896839143
Business,2910,2,0.22175804581300357,0.2183979616451157,0.28165922021227213,0.2781847723296086
Business,2911,1,0.27721207286496014,0.2825197475893829,0.22488157073717197,0.21538660880848504
Business,2912,3,0.20714044623738978,0.2193959608175168,0.2445000568621792,0.32896353608291423
Business,2913,3,0.2055487739230001,0.20326264726156595,0.26825916848397907,0.3229294103314549
Business,2914,1,0.18821643660787754,0.2941760754771146,0.22873284055022242,0.2888746473647855
Business,2915,3,0.19191855071208863,0.28056472189991966,0.24569473549188434,0.2818219918961074
Business,2916,3,0.22599022293455598,0.2676246972281939,0.20855183489126683,0.29783324494598334
Business,2917,3,0.16955070053179608,0.16801810249641577,0.2927448457308035,0.36968635124098465
Business,2918,2,0.1759614873112898,0.188123439735248,0.34935904563853537,0.2865560273149268
Business,2919,3,0.21335496731328885,0.24395346443294358,0.2458863147600957,0.29680525349367193
Business,2920,3,0.22126257152001758,0.22989007860472677,0.27032829169414124,0.2785190581811144
Business,2921,3,0.20239050901724343,0.24245186624691373,0.2401780868048844,0.31497953793095845
Business,2922,1,0.20562524918710742,0.2681988974024023,0.25938261100680365,0.26679324240368657
Business,2923,3,0.20545273679901874,0.18435772796208977,0.2792829672089306,0.33090656802996093
Business,2924,2,0.21389952115837688,0.22453468609409283,0.285818624966815,0.27574716778071523
Business,2925,3,0.20200987473498613,0.2178884202584404,0.27385746366637853,0.30624424134019496
Business,2926,3,0.20490857007925486,0.2183089587739682,0.25932957501727744,0.3174528961294995
Business,2927,2,0.14848120737816148,0.14969849181639933,0.3667362196336159,0.3350840811718233
Business,2928,3,0.20445350527800832,0.2245232107304618,0.27730148102792185,0.293721802963608
Business,2929,3,0.16825634717638324,0.20507061068315777,0.2390779594741196,0.38759508266633935
Business,2930,3,0.19023782177331794,0.17631610145478005,0.30773084617462504,0.32571523059727703
Business,2931,0,0.2769706003809568,0.22645810303354214,0.2418401943466086,0.25473110223889245
Business,2932,3,0.18533615320890687,0.20281373816343742,0.27784536178098784,0.33400474684666787
Business,2933,3,0.16847521024579412,0.16082231249826145,0.26773968967991896,0.4029627875760255
Business,2934,3,0.1805858520092735,0.18733487800638998,0.2946497043790716,0.337429565605265
Business,2935,3,0.18502794886553378,0.20987116741342504,0.30106592473284655,0.3040349589881946
Business,2936,2,0.19350503143896186,0.2087309586931728,0.3011222954240053,0.29664171444386006
Business,2937,3,0.18342177749392297,0.17919436251007384,0.3170300363194688,0.32035382367653437
Business,2938,2,0.200765350874254,0.18573391960211455,0.3106394899300552,0.30286123959357625
Business,2939,1,0.18912633933970507,0.3023363420422023,0.229213887510839,0.27932343110725366
Business,2940,3,0.16507194401268976,0.1782435868524332,0.28324800185418353,0.3734364672806934
Business,2941,3,0.17945674224645555,0.19833819104715159,0.265473605604267,0.35673146110212584
Business,2942,1,0.17266046524761602,0.3549572145143619,0.19950168496942478,0.2728806352685973
Business,2943,3,0.20469447507484897,0.218044357733001,0.2822662729219323,0.29499489427021774
Business,2944,3,0.21978277912474822,0.2368136430945624,0.2681458441006132,0.27525773368007617
Business,2945,3,0.18952413501083634,0.19492320152798667,0.23030116625654354,0.3852514972046334
Business,2946,3,0.17992261760132977,0.20394565748842863,0.2858571761376788,0.33027454877256285
Business,2947,3,0.18139487766335563,0.2698956862538497,0.23934074516609843,0.3093686909166963
Business,2948,3,0.1891332141565147,0.18831736093407417,0.2599150002521207,0.3626344246572904
Business,2949,1,0.25318914117317515,0.29305696664963404,0.2136105552055736,0.2401433369716172
Business,2950,2,0.22117327717015414,0.24046455551821255,0.2723678311834402,0.26599433612819307
Business,2951,3,0.1896612721631879,0.19960929934722038,0.29199611883413906,0.31873330965545266
Business,2952,3,0.19420704323718901,0.25229897924107775,0.27243415712961966,0.28105982039211364
Business,2953,3,0.20815098695857817,0.27269284599549487,0.24034797618374748,0.2788081908621795
Business,2954,3,0.21377967524836528,0.20216329689740303,0.2637928243762618,0.3202642034779699
Business,2955,2,0.17987400619462787,0.16063585942929495,0.34001926022460033,0.31947087415147685
Business,2956,2,0.21215220846584215,0.18335488493488822,0.3128471809364298,0.29164572566283975
Business,2957,3,0.2328222772152231,0.17518162981197655,0.2533588751129874,0.33863721785981293
Business,2958,3,0.1711328614987229,0.2686600447450866,0.2281670885553207,0.3320400052008698
Business,2959,3,0.17563257622415573,0.170578337437492,0.31904769503480207,0.3347413913035502
Business,2960,1,0.2000580647152669,0.3005655745254729,0.23615113420577252,0.26322522655348773
Business,2961,3,0.2011244370001864,0.21228959867709926,0.2568046090823051,0.3297813552404092
Business,2962,3,0.19796862342215105,0.20799659082039193,0.282687682689465,0.311347103067992
Business,2963,2,0.18576886711396057,0.17622586268445403,0.32534341511633197,0.31266185508525346
Business,2964,3,0.21274723706057705,0.23817066620656302,0.2318384917233011,0.31724360500955884
Business,2965,2,0.1992191319920792,0.18874798125999606,0.31916973083179195,0.29286315591613277
Business,2966,3,0.15897743029190653,0.17710154125495073,0.2688532180043879,0.3950678104487549
Business,2967,2,0.2310756300153786,0.2200732455877013,0.28005851672674686,0.26879260767017316
Business,2968,3,0.1983959773034221,0.18883693126811318,0.27949017627339395,0.3332769151550707
Business,2969,1,0.2053254154043237,0.2797699502771477,0.25844609336429863,0.25645854095422993
Business,2970,3,0.20219554626583888,0.23866778844690106,0.22893501704909647,0.33020164823816367
Business,2971,3,0.18669754161380964,0.1845499505764167,0.29455503641810377,0.33419747139166994
Business,2972,3,0.22172496434814537,0.2300993721021091,0.23865236854185728,0.3095232950078882
Business,2973,3,0.21570722621242475,0.19971127118459203,0.27906876526137636,0.3055127373416069
Business,2974,0,0.2656061872342927,0.21920678636345464,0.2600809242370317,0.2551061021652209
Business,2975,1,0.23110952091855155,0.26659675332602206,0.25831487846772994,0.24397884728769642
Business,2976,3,0.17554157533672168,0.24416681122546174,0.26194792734516953,0.31834368609264707
Business,2977,3,0.18908359071610156,0.19031261688859427,0.2865836941662408,0.33402009822906337
Business,2978,2,0.1734744891019649,0.19551893928407826,0.3352592742438489,0.295747297370108
Business,2979,2,0.22410258969672198,0.20591871696699948,0.29409590638356875,0.27588278695270974
Business,2980,3,0.1839693791934896,0.19431064588737948,0.2621525792526817,0.35956739566644913
Business,2981,3,0.20301540578048083,0.21325495426196306,0.27642317287980395,0.3073064670777521
Business,2982,2,0.20976758213549163,0.19401873105488532,0.3105809972229032,0.2856326895867199
Business,2983,2,0.2511202622904421,0.20960460510798268,0.2793455778364655,0.2599295547651097
Business,2984,3,0.19790860327402088,0.2071229358889762,0.24516267162604669,0.34980578921095623
Business,2985,3,0.20547901048094766,0.2291516354832501,0.2423048866315248,0.32306446740427747
Business,2986,3,0.23531777418634905,0.23171510568825943,0.2497211349581359,0.28324598516725563
Business,2987,3,0.16486788864079857,0.18490765415919364,0.29466518879410775,0.3555592684059
Business,2988,3,0.20247316163728074,0.19234283444125463,0.27490537167264734,0.33027863224881726
Business,2989,3,0.17606951334763976,0.17179046962299854,0.2517170142070377,0.400423002822324
Business,2990,3,0.2005678629953419,0.2363815480491013,0.23210973526098358,0.33094085369457316
Business,2991,3,0.2141623063765798,0.24145054229376048,0.22478885299336857,0.3195982983362911
Business,2992,0,0.28590499247442835,0.2240196161246891,0.2516045849586803,0.23847080644220228
Business,2993,2,0.2609384524955734,0.22957998169481844,0.2618081413525626,0.2476734244570455
Business,2994,3,0.20043096144289632,0.21716153027917687,0.24186566498770215,0.3405418432902247
Business,2995,0,0.27195733424346336,0.24245688339084295,0.23019975995242392,0.25538602241326974
Business,2996,3,0.17510480371086753,0.189928732000876,0.2999817706630612,0.33498469362519523
Business,2997,3,0.1983640980904512,0.2847373912157092,0.2205871159951413,0.2963113946986983
Business,2998,2,0.20174561635647528,0.2200208178378885,0.30063083880958724,0.277602726996049
Business,2999,3,0.22161189710996043,0.24544222079673877,0.24795349959167515,0.2849923825016257
Sci/Tech,3000,2,0.17181805421326765,0.1823456386725357,0.3486901643918928,0.29714614272230383
Sci/Tech,3001,1,0.2527150803822044,0.2668754800717667,0.2333774330758572,0.24703200647017162
Sci/Tech,3002,2,0.1995246098135624,0.23061876153658056,0.32591854033660683,0.24393808831325017
Sci/Tech,3003,3,0.21670988179918307,0.24255470359274756,0.2613595368939662,0.2793758777141032
Sci/Tech,3004,2,0.24540665156924782,0.2254629011304488,0.2729116904607397,0.25621875683956363
Sci/Tech,3005,2,0.23983988640519682,0.20417046981217252,0.306933270224258,0.2490563735583727
Sci/Tech,3006,2,0.21888802690961195,0.21606007475409558,0.29018449751731584,0.27486740081897665
Sci/Tech,3007,3,0.215011321855742,0.23684526784184323,0.2692370629494904,0.27890634735292436
Sci/Tech,3008,2,0.21703370931606467,0.2014205581638456,0.3244960861290263,0.2570496463910634
Sci/Tech,3009,2,0.23124399367898807,0.21541394566904776,0.30941083733710595,0.24393122331485825
Sci/Tech,3010,2,0.1957804245214865,0.19369670231067906,0.34157366927781485,0.2689492038900196
Sci/Tech,3011,2,0.23380570764856212,0.23143181263483906,0.27385653152572326,0.2609059481908755
Sci/Tech,3012,2,0.19787886869338034,0.1822806073643374,0.34026759783821053,0.2795729261040717
Sci/Tech,3013,2,0.14933844174763727,0.15790635267730352,0.38187637289016974,0.31087883268488953
Sci/Tech,3014,2,0.1840958651902292,0.17097220249246348,0.36805770282012673,0.2768742294971806
Sci/Tech,3015,2,0.175286846475038,0.19045502130618053,0.3403842039099439,0.2938739283088376
Sci/Tech,3016,2,0.2234280220002961,0.21074364087196162,0.30260926395369037,0.2632190731740519
Sci/Tech,3017,2,0.23831415333794495,0.21110233979728216,0.2912629093095959,0.25932059755517695
Sci/Tech,3018,0,0.3141500689245908,0.23179181285149897,0.2292575799030854,0.22480053832082483
Sci/Tech,3019,2,0.17569201506411258,0.1887340791741679,0.3680059563265224,0.2675679494351972
Sci/Tech,3020,2,0.22056482402339556,0.1892681012224553,0.3305229003776259,0.2596441743765232
Sci/Tech,3021,1,0.26084323090446604,0.2614002541929859,0.24953376925677484,0.22822274564577327
Sci/Tech,3022,2,0.2187317971748342,0.2296000298321436,0.29256711623601117,0.25910105675701095
Sci/Tech,3023,1,0.25977574440499485,0.3042595592085423,0.21237555515920253,0.2235891412272603
Sci/Tech,3024,2,0.21856682908823577,0.1867177577089021,0.33328094845017825,0.2614344647526839
Sci/Tech,3025,2,0.23187407321844947,0.21039771239057237,0.2884288250590572,0.269299389331921
Sci/Tech,3026,1,0.2021467804804821,0.28157667503142314,0.2780457797694523,0.2382307647186424
Sci/Tech,3027,3,0.1802789975219777,0.1654199470726583,0.2955022009025393,0.3587988545028247
Sci/Tech,3028,2,0.19588709530021667,0.19533713040105033,0.35395878274697845,0.25481699155175447
Sci/Tech,3029,1,0.2133901791278772,0.281724221817399,0.24680723380029448,0.25807836525442934
Sci/Tech,3030,2,0.1565348676131987,0.17342565241664068,0.34896132795291057,0.32107815201725004
Sci/Tech,3031,2,0.22085011231069368,0.19255206447922701,0.32942448969217974,0.2571733335178995
Sci/Tech,3032,2,0.22026897586989808,0.2158787488212249,0.2828837418430379,0.28096853346583905
Sci/Tech,3033,2,0.21269824667371187,0.25889512843791956,0.29123308983846913,0.2371735350498994
Sci/Tech,3034,2,0.20812117175661865,0.2291902770560932,0.3077746439185958,0.2549139072686924
Sci/Tech,3035,2,0.24352608563790468,0.2320362708416149,0.27871568081828435,0.24572196270219607
Sci/Tech,3036,2,0.24364335442620835,0.23274061324877532,0.26899558146129277,0.2546204508637236
Sci/Tech,3037,2,0.16308275749207832,0.16673546237555503,0.38062792837353093,0.2895538517588357
Sci/Tech,3038,2,0.15839346950400232,0.14615934858161886,0.39249508596098753,0.3029520959533914
Sci/Tech,3039,2,0.22897102476772618,0.20591432400813514,0.3097138753958911,0.25540077582824744
Sci/Tech,3040,2,0.2381356454969575,0.22507120207467962,0.2784406809442383,0.2583524714841246
Sci/Tech,3041,2,0.19847058245280577,0.20151399942290266,0.34095583533593465,0.2590595827883569
Sci/Tech,3042,2,0.20474351278057895,0.20875303136172527,0.30191441892652643,0.2845890369311694
Sci/Tech,3043,2,0.1834219588013588,0.18343881325980002,0.35130536633955345,0.2818338615992877
Sci/Tech,3044,3,0.24565212171806824,0.21219840750140373,0.266849062914989,0.2753004078655391
Sci/Tech,3045,2,0.21531609504954216,0.21494473727322425,0.3100060931832507,0.259733074493983
Sci/Tech,3046,2,0.19551186400614387,0.18686245077198296,0.3478412466785061,0.2697844385433671
Sci/Tech,3047,2,0.23770824153963946,0.19654243354830495,0.3186148783605765,0.24713444655147906
Sci/Tech,3048,2,0.16865986602589883,0.16522251015484876,0.3879551897498426,0.27816243406940977
Sci/Tech,3049,2,0.2282501615058075,0.2251292381877548,0.27795508536584324,0.26866551494059443
Sci/Tech,3050,2,0.22401826018329973,0.20328784236193925,0.3176315856974458,0.2550623117573152
Sci/Tech,3051,1,0.19446369153899384,0.3001799112713391,0.266792772524238,0.2385636246654291
Sci/Tech,3052,0,0.29268162523511654,0.22992273967078916,0.24429777916562087,0.23309785592847346
Sci/Tech,3053,2,0.18711643041832843,0.24230420931096103,0.2874646511404503,0.2831147091302602
Sci/Tech,3054,2,0.21138359780075142,0.19967838985600858,0.33996721344100034,0.24897079890223972
Sci/Tech,3055,2,0.22101896768186796,0.23784798774944854,0.30152870324612924,0.2396043413225543
Sci/Tech,3056,2,0.18593814820579227,0.1919464243204597,0.3253757464571113,0.2967396810166367
Sci/Tech,3057,2,0.2254982674834596,0.20769647465241847,0.3022015840217251,0.2646036738423968
Sci/Tech,3058,2,0.19548598361967046,0.20556794770044737,0.3041405316562464,0.2948055370236359
Sci/Tech,3059,2,0.15605113661764616,0.1571186528760741,0.38147452336339344,0.3053556871428863
Sci/Tech,3060,2,0.18354432192134057,0.18814506572770598,0.3420113198781987,0.28629929247275476
Sci/Tech,3061,2,0.1684698598827963,0.16820863650120127,0.33295042542521797,0.33037107819078443
Sci/Tech,3062,2,0.21649625137814604,0.19897570789882532,0.3097155996922962,0.27481244103073244
Sci/Tech,3063,2,0.16127030082411487,0.16268354795829382,0.4010867332591384,0.2749594179584529
Sci/Tech,3064,2,0.21374664594888274,0.20653750569593712,0.31745810817160636,0.2622577401835737
Sci/Tech,3065,2,0.1934595984227686,0.17609055439712235,0.35248365534742504,0.277966191832684
Sci/Tech,3066,2,0.20839931253985589,0.18817019362500725,0.3548405214229428,0.248589972412194
Sci/Tech,3067,2,0.2023725070765044,0.18336954017614362,0.3229439992737114,0.29131395347364053
Sci/Tech,3068,2,0.21807097377522836,0.21666652368259348,0.2993085035031459,0.2659539990390322
Sci/Tech,3069,0,0.2588169707171427,0.24756834433506011,0.25501163574272395,0.23860304920507328
Sci/Tech,3070,1,0.21060537162368728,0.3312315390880777,0.21714404284978686,0.24101904643844813
Sci/Tech,3071,3,0.17806048472963726,0.19530284969831216,0.31129837978113545,0.3153382857909151
Sci/Tech,3072,2,0.21629785062352994,0.19967286244320523,0.3326046148006122,0.25142467213265257
Sci/Tech,3073,2,0.19745811992527867,0.189746044710805,0.3478360987177839,0.26495973664613237
Sci/Tech,3074,2,0.20305766845774695,0.18775362977030924,0.3120912199902692,0.2970974817816746
Sci/Tech,3075,1,0.2568627796777164,0.26623953096373343,0.2402895050862913,0.23660818427225877
Sci/Tech,3076,2,0.17472354596342762,0.20139548740137653,0.3263025046470811,0.29757846198811466
Sci/Tech,3077,2,0.22057639685737962,0.19181068767363613,0.3134703087122391,0.2741426067567452
Sci/Tech,3078,2,0.1799690710616455,0.1804118669871195,0.3713365476528841,0.2682825142983509
Sci/Tech,3079,2,0.24341431715595999,0.23571988788447193,0.27963849743086466,0.24122729752870345
Sci/Tech,3080,2,0.2516570930112421,0.22435004552974092,0.27749155560479527,0.2465013058542217
Sci/Tech,3081,2,0.21683807765749585,0.2104250396406221,0.31412606356449896,0.2586108191373831
Sci/Tech,3082,0,0.3090717231783672,0.2266284646634444,0.24139148955350517,0.2229083226046832
Sci/Tech,3083,2,0.22341261499933976,0.2635796524220278,0.26573266976869714,0.24727506280993528
Sci/Tech,3084,2,0.17538257530785814,0.16163206633931054,0.37733002380079417,0.2856553345520371
Sci/Tech,3085,2,0.17235939079769283,0.17396018944775277,0.38301002793096556,0.2706703918235889
Sci/Tech,3086,0,0.2618001909033634,0.24263681217035318,0.25133754657418367,0.24422545035209975
Sci/Tech,3087,2,0.21012127810555625,0.2514936491455201,0.27606075530609325,0.26232431744283036
Sci/Tech,3088,2,0.2340464850476756,0.20492501287573212,0.30926821316634406,0.25176028891024826
Sci/Tech,3089,2,0.14977573560103205,0.15545664690860567,0.35751916662533423,0.3372484508650281
Sci/Tech,3090,2,0.23470241711171283,0.2243909300257131,0.30380919416818297,0.23709745869439108
Sci/Tech,3091,1,0.2604156259352286,0.2620711597459704,0.2268240336421696,0.2506891806766315
Sci/Tech,3092,2,0.18435837028217325,0.16460763506072013,0.3742127879708355,0.27682120668627114
Sci/Tech,3093,2,0.2449058952363828,0.2531597650976407,0.26989662948383547,0.23203771018214103
Sci/Tech,3094,2,0.22918014296759542,0.22943945861927678,0.2820603948746206,0.2593200035385071
Sci/Tech,3095,2,0.2007268748562415,0.21400238761896917,0.3400289385575965,0.24524179896719284
Sci/Tech,3096,2,0.1828905511181341,0.1860706738798056,0.35566976550083407,0.2753690095012262
Sci/Tech,3097,2,0.1842820240119831,0.18362370520087254,0.3687012624100497,0.26339300837709473
Sci/Tech,3098,2,0.21697223546593133,0.20828640564172227,0.31523386983981644,0.25950748905252996
Sci/Tech,3099,1,0.1661866078509944,0.48278771912707863,0.17287012701790969,0.1781555460040173
Sci/Tech,3100,2,0.19252061785865304,0.18496153508084634,0.3462729062745661,0.2762449407859346
Sci/Tech,3101,2,0.22135252584154166,0.2275903180490271,0.2977189061722778,0.25333824993715337
Sci/Tech,3102,0,0.26658991634751383,0.24911642838858514,0.2595642369636932,0.22472941830020782
Sci/Tech,3103,2,0.21515822405322124,0.22695596603048798,0.3064208587804384,0.2514649511358523
Sci/Tech,3104,2,0.18062973640947952,0.16258415325573214,0.345664897539221,0.3111212127955673
Sci/Tech,3105,2,0.1981120600035084,0.1856375888747075,0.34511998451896064,0.2711303666028235
Sci/Tech,3106,2,0.24121987644830772,0.2450565321212246,0.26887286713284964,0.24485072429761806
Sci/Tech,3107,2,0.18515235096914867,0.18809172550344777,0.34258837227960687,0.2841675512477967
Sci/Tech,3108,2,0.19517797552396282,0.18611970629623337,0.3510683389207714,0.26763397925903243
Sci/Tech,3109,2,0.2341519756264615,0.21635486125779946,0.29889469406062424,0.25059846905511485
Sci/Tech,3110,2,0.22924388133949733,0.23402007900163807,0.28297517555943363,0.253760864099431
Sci/Tech,3111,2,0.23476995022694327,0.21247585336173286,0.3031870646286409,0.24956713178268294
Sci/Tech,3112,2,0.21117826613008672,0.2370676450458291,0.3057854024745694,0.2459686863495148
Sci/Tech,3113,2,0.17259883739471832,0.17360418670965477,0.3724097782336107,0.2813871976620161
Sci/Tech,3114,1,0.25628591093108266,0.2977427567245632,0.22582187123600853,0.22014946110834557
Sci/Tech,3115,2,0.1740595296406831,0.1618807953375114,0.39841100440301297,0.26564867061879244
Sci/Tech,3116,2,0.17930463491627224,0.18571154516425292,0.36313249579356904,0.2718513241259058
Sci/Tech,3117,2,0.23221366193485946,0.256758154230673,0.2736837501530334,0.2373444336814342
Sci/Tech,3118,2,0.18871637020916102,0.23098573231809064,0.320381755729187,0.2599161417435613
Sci/Tech,3119,2,0.23644353443930927,0.22929156864595154,0.28272598734734616,0.25153890956739305
Sci/Tech,3120,2,0.21404030429111112,0.18618634932468145,0.3390927438712032,0.26068060251300423
Sci/Tech,3121,2,0.21106453787404317,0.2215592636171717,0.28922472450969144,0.2781514739990936
Sci/Tech,3122,2,0.19335174285076612,0.18775575286464277,0.31362400065830615,0.3052685036262851
Sci/Tech,3123,3,0.24445828050875898,0.2387939496910381,0.2537223080893488,0.26302546171085417
Sci/Tech,3124,3,0.19686509621060028,0.21759324108838,0.2771562057870357,0.308385456913984
Sci/Tech,3125,0,0.2767538817499736,0.226564379863526,0.2524935156481957,0.24418822273830462
Sci/Tech,3126,2,0.2017822709160168,0.1855089671533261,0.3538271557189091,0.25888160621174805
Sci/Tech,3127,2,0.20754371786462214,0.22748801973181956,0.29764222858728523,0.26732603381627307
Sci/Tech,3128,2,0.22825263707252041,0.22010964734153823,0.28184950167597667,0.2697882139099647
Sci/Tech,3129,2,0.24545331001659934,0.24433656012550145,0.26674935948542167,0.24346077037247746
Sci/Tech,3130,2,0.23855005886807107,0.22373483915722137,0.2754596132798197,0.2622554886948879
Sci/Tech,3131,2,0.18115055094887886,0.16149971976230668,0.3764382941180516,0.28091143517076295
Sci/Tech,3132,1,0.23799275075504564,0.26965792610569317,0.24689979927511593,0.24544952386414517
Sci/Tech,3133,1,0.24050987350853947,0.27475148905351393,0.24092940410327351,0.24380923333467303
Sci/Tech,3134,0,0.31199380819096445,0.2334901923733733,0.23124893859521506,0.22326706084044712
Sci/Tech,3135,2,0.2522392843701087,0.24258044580535384,0.262464538795288,0.24271573102924934
Sci/Tech,3136,2,0.23073656437648846,0.23745561213062974,0.2729026518774886,0.2589051716153932
Sci/Tech,3137,1,0.24626225820675468,0.2669034171702559,0.2521241454946965,0.2347101791282928
Sci/Tech,3138,3,0.17990676811339282,0.2111397233476066,0.30278187438134313,0.3061716341576574
Sci/Tech,3139,2,0.23629171481986871,0.2569052420186376,0.25882146247804494,0.24798158068344867
Sci/Tech,3140,2,0.23460490746642504,0.1875533427932005,0.3263253584525748,0.2515163912877997
Sci/Tech,3141,0,0.2769435084245272,0.23786609080528034,0.2475060028594255,0.2376843979107669
Sci/Tech,3142,2,0.24695021384254864,0.18450693953792366,0.3176111317554504,0.2509317148640773
Sci/Tech,3143,0,0.2624684294212873,0.2522679380551175,0.25026534540613526,0.23499828711746
Sci/Tech,3144,1,0.2005897006240872,0.30848567108813707,0.25760176581082617,0.23332286247694953
Sci/Tech,3145,1,0.2482937805232358,0.26532323897984533,0.2420833269921379,0.24429965350478094
Sci/Tech,3146,2,0.20664067370241238,0.23475179832352205,0.29710011022639055,0.261507417747675
Sci/Tech,3147,2,0.1979924030376119,0.20022935464405747,0.3287717832011317,0.27300645911719895
Sci/Tech,3148,0,0.2849363439804045,0.23864199893277852,0.24529886047428556,0.23112279661253138
Sci/Tech,3149,3,0.23004748712977205,0.23863426140541932,0.25499677899737255,0.27632147246743616
Sci/Tech,3150,2,0.17636268679084247,0.18053840946594013,0.3509980784684819,0.29210082527473546
Sci/Tech,3151,2,0.22283158823929702,0.16659778031471137,0.33411611770587074,0.276454513740121
Sci/Tech,3152,2,0.22364891612975363,0.20273161265901618,0.3219872898781211,0.25163218133310916
Sci/Tech,3153,2,0.18999141946822187,0.1926338745217192,0.3611110983834127,0.2562636076266462
Sci/Tech,3154,2,0.17989812765389787,0.17403027826605033,0.36025177939738445,0.28581981468266726
Sci/Tech,3155,2,0.14079600489865624,0.13640950571305302,0.39895926977831186,0.32383521960997885
Sci/Tech,3156,2,0.17371178037047535,0.18171991058711448,0.3484295782687454,0.29613873077366487
Sci/Tech,3157,2,0.23184366463977618,0.21542323183512696,0.3035416865916985,0.24919141693339833
Sci/Tech,3158,2,0.20316285923795988,0.22700757144331657,0.3092512593795642,0.26057830993915926
Sci/Tech,3159,2,0.2625900855750126,0.1892809151603669,0.30429890230794243,0.24383009695667815
Sci/Tech,3160,2,0.21119201852505606,0.17604638340626236,0.357228988615073,0.25553260945360856
Sci/Tech,3161,2,0.20878019780820678,0.19306664309406105,0.3412296878286171,0.2569234712691151
Sci/Tech,3162,2,0.20329364595467828,0.1638990677793404,0.31912912901770096,0.31367815724828024
Sci/Tech,3163,0,0.26481471468553786,0.24220705111631985,0.25281042150741395,0.24016781269072832
Sci/Tech,3164,2,0.22241747340487822,0.20523860529280838,0.30250858035745454,0.26983534094485884
Sci/Tech,3165,0,0.2976843316655115,0.24276480686690372,0.22475409696007606,0.23479676450750875
Sci/Tech,3166,2,0.22989170584186683,0.19850076960060406,0.32215556066386114,0.24945196389366797
Sci/Tech,3167,2,0.21383667987994306,0.23101091922478612,0.3008913702606144,0.2542610306346564
Sci/Tech,3168,2,0.2297944207489731,0.2119138286505056,0.30270067897815844,0.25559107162236283
Sci/Tech,3169,2,0.21824670911554012,0.1992410099366979,0.3118539719377022,0.27065830901005977
Sci/Tech,3170,2,0.21665383745785247,0.22841739108362974,0.30921492551039975,0.24571384594811804
Sci/Tech,3171,2,0.21110325586685602,0.1988540357404972,0.33156555072573995,0.2584771576669069
Sci/Tech,3172,0,0.2872593529126381,0.2323415462636698,0.25019704543972027,0.23020205538397182
Sci/Tech,3173,2,0.25519513453081116,0.23418373588941852,0.2640901803106349,0.24653094926913546
Sci/Tech,3174,2,0.22866760277520254,0.22810836255596234,0.28574696177431136,0.25747707289452376
Sci/Tech,3175,2,0.17681094660436275,0.17422998409578533,0.37701849756894584,0.27194057173090613
Sci/Tech,3176,2,0.22611334696005833,0.21784795705343835,0.29116775410697865,0.26487094187952465
Sci/Tech,3177,0,0.25582403963160993,0.24587098293476747,0.2496332725278963,0.2486717049057263
Sci/Tech,3178,0,0.3034418668716021,0.2509908338038474,0.22071386173744462,0.2248534375871059
Sci/Tech,3179,2,0.22237312774502857,0.20974806861041778,0.31916203480141586,0.24871676884313776
Sci/Tech,3180,2,0.2311656881060925,0.21694200241593564,0.2993667185333194,0.25252559094465243
Sci/Tech,3181,1,0.2669717168954087,0.2698714255167294,0.23308835659854024,0.2300685009893217
Sci/Tech,3182,2,0.19025895865637843,0.23074024756313588,0.32431615505245437,0.2546846387280313
Sci/Tech,3183,2,0.19144149258210238,0.22319421978989432,0.3147271358594172,0.2706371517685861
Sci/Tech,3184,2,0.19742125474521094,0.16308774565433584,0.3686285360849805,0.2708624635154728
Sci/Tech,3185,2,0.2252066433464848,0.23029532509551806,0.2959768771465353,0.24852115441146183
Sci/Tech,3186,2,0.21505152173493514,0.20277899192392607,0.3111039187638302,0.2710655675773086
Sci/Tech,3187,2,0.20076431401947828,0.18117586233243277,0.346781868064327,0.271277955583762
Sci/Tech,3188,3,0.22221889261334068,0.24635309496786476,0.26406753103308983,0.2673604813857048
Sci/Tech,3189,1,0.2621304282821866,0.275529265162591,0.241127501274862,0.22121280528036047
Sci/Tech,3190,2,0.20292203509628767,0.2509778724280019,0.29063503001237445,0.255465062463336
Sci/Tech,3191,2,0.20608827071037275,0.266628979432056,0.29064230888181214,0.2366404409757591
Sci/Tech,3192,1,0.25237827842298677,0.2616861514996446,0.24113131304874239,0.24480425702862618
Sci/Tech,3193,2,0.1978823029368338,0.1803317831509348,0.34182165975557677,0.27996425415665466
Sci/Tech,3194,2,0.21473624902992186,0.20031897016362285,0.31243551494210464,0.27250926586435065
Sci/Tech,3195,2,0.14960067883215816,0.14352706008280533,0.3749078719192862,0.3319643891657503
Sci/Tech,3196,2,0.2369725106672904,0.20922420264051975,0.300013179790135,0.25379010690205495
Sci/Tech,3197,2,0.17937757621690306,0.16062796969368967,0.37392868090944315,0.2860657731799642
Sci/Tech,3198,2,0.2497586228591152,0.2304354467068168,0.2691379828444115,0.25066794758965644
Sci/Tech,3199,2,0.17859627087991403,0.2151693031490535,0.3521449815186034,0.2540894444524291
Sci/Tech,3200,2,0.19903394626840962,0.18428995198897233,0.32614022883142085,0.2905358729111972
Sci/Tech,3201,2,0.2198694640201574,0.19113767047623131,0.335620137529084,0.25337272797452737
Sci/Tech,3202,2,0.18120713310478537,0.18410428345974156,0.3273536847578273,0.3073348986776458
Sci/Tech,3203,0,0.27354731181654307,0.24052206219840955,0.2511004333761301,0.2348301926089173
Sci/Tech,3204,2,0.2246200265372918,0.18741624146807503,0.3357064345938512,0.25225729740078195
Sci/Tech,3205,2,0.21873707675867154,0.22769700078752572,0.28090623488535355,0.2726596875684492
Sci/Tech,3206,2,0.21402161037354858,0.19091703196315263,0.34649569384212653,0.2485656638211723
Sci/Tech,3207,2,0.22957955529398288,0.25887226629863336,0.2777612107557669,0.23378696765161694
Sci/Tech,3208,2,0.20199977207005712,0.2098943773145143,0.3176151018419561,0.27049074877347246
Sci/Tech,3209,1,0.25750627146572386,0.2697439118513504,0.23078492818302568,0.24196488849990005
Sci/Tech,3210,2,0.200601233395981,0.18997846917195038,0.36082006291553465,0.24860023451653399
Sci/Tech,3211,3,0.22418160382078817,0.24811620916141852,0.25857260761889056,0.2691295793989027
Sci/Tech,3212,2,0.1661541702842957,0.1857751169481744,0.33348624438540325,0.3145844683821267
Sci/Tech,3213,2,0.20919516776133976,0.17868945857854351,0.317680055578665,0.29443531808145174
Sci/Tech,3214,1,0.2380003328583997,0.31432118004233983,0.22595410271522862,0.2217243843840319
Sci/Tech,3215,2,0.1939939869460108,0.20124870628730684,0.335418280118159,0.26933902664852327
Sci/Tech,3216,3,0.22152823757302337,0.26127497428548135,0.2539800704696083,0.26321671767188687
Sci/Tech,3217,2,0.1771983369177437,0.2176774288440907,0.3439256487626632,0.2611985854755024
Sci/Tech,3218,2,0.17932279352376915,0.1927063401449198,0.35043942399566286,0.27753144233564814
Sci/Tech,3219,2,0.17666875380290178,0.19067312738696102,0.3188217798928245,0.3138363389173127
Sci/Tech,3220,1,0.24270547513958987,0.26012969196938646,0.2582611278711236,0.23890370501990002
Sci/Tech,3221,1,0.23169194875877008,0.29210619190137904,0.21353144853984923,0.2626704108000017
Sci/Tech,3222,2,0.19796556262409706,0.1811971069432267,0.33202674622728595,0.28881058420539024
Sci/Tech,3223,2,0.2011623940842557,0.23220583534226363,0.3090403977367555,0.2575913728367251
Sci/Tech,3224,2,0.2558735744766665,0.2485402287369207,0.259286776020701,0.2362994207657119
Sci/Tech,3225,2,0.173016473975648,0.15971892204619145,0.38805799187526513,0.2792066121028955
Sci/Tech,3226,2,0.20842507115619732,0.20390918315773332,0.33182208581891587,0.2558436598671534
Sci/Tech,3227,2,0.23051530029418754,0.21771062350421333,0.3043237665236356,0.24745030967796353
Sci/Tech,3228,2,0.20964794981675808,0.21528059763571158,0.3168021695592043,0.2582692829883261
Sci/Tech,3229,2,0.16653204971829844,0.16694090781202864,0.39228318552454183,0.2742438569451311
Sci/Tech,3230,2,0.22331520323400358,0.2310404112081056,0.29371042993433866,0.2519339556235521
Sci/Tech,3231,0,0.27800750088051684,0.24228553489348667,0.24559093518875522,0.23411602903724124
Sci/Tech,3232,2,0.22606961639350434,0.18510494526297205,0.33556364846756065,0.2532617898759629
Sci/Tech,3233,3,0.17599212505930428,0.17196131418843327,0.3256943453412188,0.32635221541104364
Sci/Tech,3234,2,0.20253357502980776,0.24701623153853663,0.29434660829334225,0.2561035851383133
Sci/Tech,3235,2,0.18814667386368064,0.19056004536358248,0.3652249973765723,0.25606828339616455
Sci/Tech,3236,3,0.2277423758906987,0.2027549616037011,0.25964408752013235,0.30985857498546787
Sci/Tech,3237,2,0.25490278920727993,0.18083898063037399,0.31376019744004074,0.25049803272230525
Sci/Tech,3238,3,0.2234000880094765,0.256231879475333,0.259077861875922,0.26129017063926846
Sci/Tech,3239,2,0.1377437096239487,0.13253401170288306,0.42106046301069633,0.3086618156624718
Sci/Tech,3240,2,0.23561985068832197,0.22864588162721802,0.28303430817680775,0.2526999595076522
Sci/Tech,3241,3,0.21439230334992485,0.21721550900717515,0.2801172095436686,0.28827497809923136
Sci/Tech,3242,2,0.22851762921223673,0.17974585706229934,0.33517969842985257,0.2565568152956113
Sci/Tech,3243,2,0.24372471449096386,0.2016389195291889,0.3029422188302084,0.2516941471496388
Sci/Tech,3244,3,0.20015740000426796,0.192369134343473,0.27192568434224773,0.33554778131001134
Sci/Tech,3245,2,0.20932047453877164,0.21786528781269868,0.3114355498682282,0.2613786877803015
Sci/Tech,3246,2,0.20897148818088374,0.19711786784689733,0.34282605100110125,0.2510845929711176
Sci/Tech,3247,3,0.2234584021323026,0.21058972239404966,0.28032237186734754,0.28562950360630013
Sci/Tech,3248,2,0.25381323733547234,0.2308171901129643,0.27041127688707733,0.24495829566448604
Sci/Tech,3249,0,0.2983565566499664,0.23096646541499727,0.24518680544334287,0.22549017249169348
Sci/Tech,3250,2,0.19348072251749626,0.19299243044521466,0.32767678522506155,0.2858500618122276
Sci/Tech,3251,2,0.250382122612043,0.20535323015100318,0.299943972015446,0.24432067522150777
Sci/Tech,3252,3,0.17674606193689785,0.19684901824225787,0.28450505017742345,0.3418998696434209
Sci/Tech,3253,2,0.16191927546913215,0.17415248844380085,0.33859513941180236,0.32533309667526467
Sci/Tech,3254,2,0.2583462862165928,0.209570041662102,0.2831461369499006,0.24893753517140466
Sci/Tech,3255,2,0.15394399320587088,0.1422779816004738,0.4208759071415764,0.28290211805207893
Sci/Tech,3256,2,0.24881958950478567,0.22052248779574912,0.279816515929191,0.2508414067702742
Sci/Tech,3257,2,0.19252061785865304,0.18496153508084634,0.3462729062745661,0.2762449407859346
Sci/Tech,3258,2,0.19907169827247292,0.19948362055848196,0.32818172735485324,0.27326295381419197
Sci/Tech,3259,2,0.2014620843303164,0.2000169594888981,0.32285068315067106,0.2756702730301145
Sci/Tech,3260,2,0.22049688299915654,0.20718171069812566,0.31398510654308837,0.25833629975962946
Sci/Tech,3261,2,0.1593857610286798,0.15867040407467956,0.38923026314499154,0.2927135717516491
Sci/Tech,3262,2,0.19533347615678442,0.1942127283484748,0.3499817455731679,0.2604720499215728
Sci/Tech,3263,2,0.22335159570082033,0.2374503533159401,0.2939559851479346,0.24524206583530503
Sci/Tech,3264,2,0.24094313013526414,0.21445897818788173,0.28995155685093404,0.25464633482592014
Sci/Tech,3265,1,0.24974751222559943,0.28785856996028375,0.22801123661507175,0.23438268119904498
Sci/Tech,3266,3,0.18350264470007815,0.18220515657948844,0.31447300239459886,0.31981919632583455
Sci/Tech,3267,1,0.24217246086369376,0.2695107693380102,0.2564165173228283,0.2319002524754678
Sci/Tech,3268,2,0.18695444971327926,0.18679606143876817,0.35909001140043106,0.26715947744752155
Sci/Tech,3269,2,0.24446960902833237,0.20441570522391103,0.298135560475308,0.2529791252724486
Sci/Tech,3270,2,0.15645365364427338,0.15705566414001312,0.3604320732382325,0.326058608977481
Sci/Tech,3271,2,0.2097418543566313,0.21726321208245997,0.3105600402771455,0.26243489328376324
Sci/Tech,3272,2,0.18590150568299724,0.1682690457755809,0.33763150933059877,0.308197939210823
Sci/Tech,3273,1,0.21689322399111174,0.2802999462558761,0.24867640463865376,0.25413042511435846
Sci/Tech,3274,2,0.2195665549518716,0.21350806693305321,0.3096092705605817,0.2573161075544935
Sci/Tech,3275,2,0.23282818731943977,0.22938230822443287,0.2862891582382988,0.2515003462178284
Sci/Tech,3276,1,0.2083968328024222,0.29637192696052517,0.2476566678117701,0.24757457242528255
Sci/Tech,3277,0,0.30639774237879536,0.23395039895148356,0.2336748239469004,0.2259770347228207
Sci/Tech,3278,2,0.24074225259350399,0.23253397662147665,0.29724097002627275,0.22948280075874655
Sci/Tech,3279,3,0.22605474751291132,0.2256520491093148,0.2739107039638825,0.27438249941389137
Sci/Tech,3280,2,0.2138363301132485,0.22215687286844327,0.2922967253295833,0.27171007168872485
Sci/Tech,3281,3,0.16497628172457582,0.15509910017780176,0.28573935663323075,0.39418526146439165
Sci/Tech,3282,2,0.2076415406555856,0.20129583178648927,0.3391679570606954,0.2518946704972297
Sci/Tech,3283,2,0.18291736385160942,0.17494580922080472,0.36279824792348886,0.27933857900409703
Sci/Tech,3284,2,0.20768922103227072,0.22037497789430124,0.3109723461118269,0.2609634549616011
Sci/Tech,3285,1,0.19162110073248556,0.29158074762350455,0.2682612257830096,0.24853692586100018
Sci/Tech,3286,1,0.24498609866472673,0.3072286546030298,0.231462989824252,0.2163222569079914
Sci/Tech,3287,3,0.24057895587800449,0.24880680794462087,0.24419011952119746,0.26642411665617716
Sci/Tech,3288,3,0.2426076500149789,0.22428570400616768,0.2641355134129748,0.2689711325658786
Sci/Tech,3289,2,0.17183314475929584,0.16440928948978656,0.3829059626813904,0.2808516030695272
Sci/Tech,3290,2,0.18606751545650602,0.19012633622532413,0.32903171827715383,0.2947744300410161
Sci/Tech,3291,2,0.2016997136767944,0.2287622351532432,0.3119047610689811,0.25763329010098135
Sci/Tech,3292,2,0.19919420112077513,0.16716181188549803,0.37342278715165983,0.260221199842067
Sci/Tech,3293,2,0.17116945351638238,0.1740551507004042,0.3302794900653491,0.32449590571786424
Sci/Tech,3294,2,0.19511413176448103,0.217895398909265,0.31799460250637945,0.26899586681987453
Sci/Tech,3295,2,0.22089388481813324,0.20716710214134298,0.2867648654030918,0.285174147637432
Sci/Tech,3296,2,0.21585269278621483,0.22541016015527815,0.29966680297074105,0.25907034408776597
Sci/Tech,3297,0,0.28027351673247114,0.2552958416311537,0.23466970188967645,0.22976093974669873
Sci/Tech,3298,2,0.19309930380253434,0.18537758595696566,0.36727199800214055,0.25425111223835944
Sci/Tech,3299,2,0.18274948025323212,0.17355631345377187,0.3563486845177719,0.28734552177522404
Sci/Tech,3300,2,0.2421683929913798,0.21520060992456982,0.29083421368399076,0.25179678340005957
Sci/Tech,3301,2,0.25638324422578623,0.23245846381359855,0.26736466099308,0.24379363096753517
Sci/Tech,3302,2,0.1542924197984373,0.14768349716802684,0.37844208274035424,0.3195820002931816
Sci/Tech,3303,2,0.24044816753951673,0.2545600836090904,0.266480349064358,0.23851139978703492
Sci/Tech,3304,2,0.2062461830347258,0.21955158968732444,0.3197821546289615,0.25442007264898825
Sci/Tech,3305,2,0.21246221465017948,0.19195085576213458,0.336265419954573,0.25932150963311296
Sci/Tech,3306,0,0.303563492511671,0.24939442776826481,0.2315294689032561,0.21551261081680817
Sci/Tech,3307,2,0.16491041097338988,0.1612520181707342,0.34630691341489456,0.3275306574409813
Sci/Tech,3308,3,0.16994690464565088,0.16209920725177143,0.3208132019919975,0.3471406861105803
Sci/Tech,3309,2,0.25329501368252477,0.2403604886401613,0.25953008790530613,0.24681440977200778
Sci/Tech,3310,2,0.19496240719936733,0.2697379784425646,0.29126053426903187,0.24403908008903616
Sci/Tech,3311,2,0.16513832952619187,0.15902444863850787,0.34094213113513094,0.3348950907001693
Sci/Tech,3312,3,0.2661993201402285,0.17933291524165762,0.26926462252911054,0.2852031420890033
Sci/Tech,3313,3,0.22315668230350658,0.23758159378992355,0.2655013454512757,0.2737603784552942
Sci/Tech,3314,0,0.32425096044560103,0.2356475081241685,0.22566327942463732,0.2144382520055932
Sci/Tech,3315,2,0.18923075299828793,0.21676021441898657,0.3284619133408618,0.2655471192418637
Sci/Tech,3316,2,0.14982827732178206,0.14937123999158522,0.41924223620555573,0.28155824648107713
Sci/Tech,3317,2,0.23247720011967976,0.22191030179936835,0.2969373791284369,0.24867511895251507
Sci/Tech,3318,2,0.194274393596918,0.17078425339769324,0.36961804112647406,0.2653233118789147
Sci/Tech,3319,2,0.1876482706692922,0.18091172328492403,0.3379556769909061,0.2934843290548777
Sci/Tech,3320,0,0.2834842689859567,0.26670221779689923,0.23048142069187585,0.21933209252526828
Sci/Tech,3321,2,0.249424253796796,0.24913278362057503,0.2584561403307234,0.2429868222519055
Sci/Tech,3322,2,0.19693713591834244,0.206585283016071,0.32184565125797154,0.274631929807615
Sci/Tech,3323,2,0.20199563026889172,0.20525973736732628,0.3190164829128353,0.27372814945094676
Sci/Tech,3324,2,0.19552426292988595,0.19962451587934268,0.33900746771223067,0.2658437534785407
Sci/Tech,3325,2,0.25855299299530565,0.2344004969506434,0.2681081747515797,0.2389383353024712
Sci/Tech,3326,2,0.21485562544517847,0.23285990920608712,0.3010988383278747,0.25118562702085967
Sci/Tech,3327,1,0.21675540504298924,0.3195211048589554,0.23862001398119226,0.2251034761168631
Sci/Tech,3328,1,0.24347350934681505,0.2790648137152865,0.22821087602596152,0.24925080091193694
Sci/Tech,3329,2,0.19811210177545208,0.18445567597847773,0.34298490912979096,0.27444731311627923
Sci/Tech,3330,1,0.2644191167670089,0.2799148486447227,0.22363672847071378,0.23202930611755462
Sci/Tech,3331,2,0.14628993521753075,0.18812132284455754,0.35943625794124595,0.3061524839966657
Sci/Tech,3332,2,0.24036001658368697,0.20773052349506094,0.3104524095228701,0.241457050398382
Sci/Tech,3333,3,0.1919645453508929,0.25458902441100345,0.27007343682780355,0.2833729934103001
Sci/Tech,3334,3,0.23534415890254512,0.2016564943626511,0.27430067030666955,0.28869867642813424
Sci/Tech,3335,2,0.2237157484980471,0.2060725985228433,0.32033221445112026,0.2498794385279894
Sci/Tech,3336,0,0.3067743972699177,0.1931669069958815,0.26276763016746624,0.2372910655667346
Sci/Tech,3337,2,0.20754221881338777,0.23518216854982935,0.2884201748692787,0.2688554377675042
Sci/Tech,3338,1,0.21430026977983269,0.29119987460305813,0.24829535811904901,0.24620449749806017
Sci/Tech,3339,3,0.17508531866788632,0.17477452844131458,0.2971057347648187,0.3530344181259804
Sci/Tech,3340,2,0.2103831612707422,0.19179499387564952,0.3337639413879428,0.2640579034656655
Sci/Tech,3341,2,0.16641624653721115,0.1625129284918927,0.3729400176177242,0.2981308073531718
Sci/Tech,3342,2,0.17033747511006123,0.16090869764281449,0.36481788505588186,0.3039359421912424
Sci/Tech,3343,2,0.2092532230932416,0.19114592246816844,0.3315846541789449,0.26801620025964507
Sci/Tech,3344,0,0.33744804854143795,0.22127995344256318,0.22450750724139534,0.2167644907746035
Sci/Tech,3345,2,0.19058084188970076,0.21938885441324002,0.32386986098960985,0.2661604427074493
Sci/Tech,3346,2,0.19746479147983526,0.19374696041635373,0.3504588945611329,0.25832935354267805
Sci/Tech,3347,3,0.1568624055703451,0.16448555470116033,0.33634006083588364,0.342311978892611
Sci/Tech,3348,2,0.2156483192845764,0.2357074847289171,0.2811748546367007,0.2674693413498057
Sci/Tech,3349,2,0.1741944674219064,0.16983992437983125,0.3830476551391772,0.27291795305908517
Sci/Tech,3350,2,0.21981899878589992,0.23134784489201543,0.3123633325908435,0.23646982373124117
Sci/Tech,3351,2,0.21396316891379666,0.2167471275253742,0.3201513151348655,0.24913838842596364
Sci/Tech,3352,2,0.2198080919798239,0.22934259023131282,0.30315809010934114,0.24769122767952217
Sci/Tech,3353,2,0.19375999172298464,0.2210391929617994,0.30760849042674016,0.2775923248884758
Sci/Tech,3354,2,0.2246932214018339,0.24145625760419231,0.2741915288053645,0.25965899218860927
Sci/Tech,3355,2,0.18182558949204947,0.20136607164027356,0.3222279417837404,0.2945803970839365
Sci/Tech,3356,1,0.21662440005241643,0.2815770690659463,0.26147687538107156,0.2403216555005657
Sci/Tech,3357,2,0.22662510188399532,0.1979037697655393,0.3144467204304115,0.2610244079200538
Sci/Tech,3358,2,0.15338963082317392,0.16468845539736246,0.3487932292186479,0.3331286845608156
Sci/Tech,3359,2,0.15836437537911463,0.1976261288356587,0.3586009011576614,0.2854085946275653
Sci/Tech,3360,2,0.20478250036625928,0.20625078886462916,0.32493663189153194,0.2640300788775795
Sci/Tech,3361,2,0.2341380569730311,0.24346007441614087,0.27070248682950265,0.25169938178132534
Sci/Tech,3362,2,0.24695021384254864,0.18450693953792366,0.3176111317554504,0.2509317148640773
Sci/Tech,3363,2,0.18788306502598426,0.19442675763145081,0.34071834051388433,0.2769718368286806
Sci/Tech,3364,0,0.41213234434787976,0.2039844664859504,0.198512633691213,0.1853705554749568
Sci/Tech,3365,2,0.20481294673085682,0.20532223576216874,0.32723763145284335,0.26262718605413105
Sci/Tech,3366,2,0.22228769233369294,0.2507110839919226,0.2952247616719748,0.23177646200240956
Sci/Tech,3367,2,0.1972139255477589,0.17956783166973242,0.3364548907400163,0.28676335204249237
Sci/Tech,3368,2,0.16361315519288294,0.18236491423769002,0.3807735890379661,0.273248341531461
Sci/Tech,3369,2,0.19768265599818755,0.18677544018935657,0.33286541195252434,0.28267649185993154
Sci/Tech,3370,3,0.2183145731981221,0.24874562370225925,0.25731018500201724,0.27562961809760134
Sci/Tech,3371,2,0.2515450410280011,0.20029335888966887,0.2875759255677416,0.2605856745145885
Sci/Tech,3372,2,0.22289761240372397,0.2033440772188328,0.3082504083979176,0.26550790197952573
Sci/Tech,3373,2,0.20076923405188965,0.1872229387011812,0.3354212877174302,0.27658653952949896
Sci/Tech,3374,2,0.19531999079393803,0.18254139313095538,0.369230849901006,0.25290776617410055
Sci/Tech,3375,2,0.216779060178723,0.20522722570603705,0.310236312443303,0.26775740167193696
Sci/Tech,3376,2,0.2133902281684006,0.19877134426327928,0.33233197594444613,0.255506451623874
Sci/Tech,3377,1,0.2621601148822668,0.27682479256078885,0.23568499807663673,0.2253300944803076
Sci/Tech,3378,2,0.2035088581558073,0.20832014312432912,0.3272999902129163,0.2608710085069473
Sci/Tech,3379,2,0.18535361249663396,0.165489785887842,0.366438196480622,0.28271840513490204
Sci/Tech,3380,2,0.14190656469267746,0.1462470491892964,0.42141441274408037,0.29043197337394583
Sci/Tech,3381,2,0.19298988133513886,0.171307423200195,0.3732629740357816,0.26243972142888444
Sci/Tech,3382,2,0.2317228568814681,0.22809578328295183,0.2971678131855447,0.24301354665003538
Sci/Tech,3383,2,0.23200303881150003,0.20031762232883407,0.30504196233729236,0.26263737652237346
Sci/Tech,3384,2,0.17067976898363907,0.2137401374680328,0.33402075050825975,0.28155934304006836
Sci/Tech,3385,2,0.1868134775899096,0.21083001676955404,0.33571782545866213,0.26663868018187425
Sci/Tech,3386,2,0.24089724639518237,0.2167602460329972,0.2866573203313089,0.25568518724051154
Sci/Tech,3387,2,0.2479869248664048,0.2502880586429325,0.2621094493588594,0.23961556713180332
Sci/Tech,3388,2,0.2058155783271897,0.19122332389945754,0.34855314588113845,0.2544079518922144
Sci/Tech,3389,1,0.21213469201275434,0.3014868499536568,0.24690094477523372,0.23947751325835523
Sci/Tech,3390,2,0.17905613745345875,0.2214860477449629,0.3008787201737931,0.2985790946277852
Sci/Tech,3391,2,0.1739766944839046,0.1498474340791599,0.3931618441253436,0.28301402731159186
Sci/Tech,3392,2,0.21272769313671022,0.20146082524734477,0.3152864571389966,0.2705250244769484
Sci/Tech,3393,2,0.21852616915943932,0.1956130096026636,0.33735982952086074,0.24850099171703638
Sci/Tech,3394,2,0.1798887898929033,0.2155606213569877,0.33060872277423187,0.2739418659758772
Sci/Tech,3395,2,0.2016669997324956,0.18926399482662523,0.3398013409022567,0.2692676645386225
Sci/Tech,3396,2,0.21368113381468656,0.21161839971023627,0.32359822902767654,0.2511022374474006
Sci/Tech,3397,2,0.204332549978074,0.2012788194177114,0.33527314750355364,0.25911548310066096
Sci/Tech,3398,0,0.2653177120542708,0.2536965423205832,0.24697792607929286,0.2340078195458532
Sci/Tech,3399,2,0.21098617176306472,0.23000947935929592,0.2867157121497786,0.27228863672786074
Sci/Tech,3400,2,0.21313222306343346,0.22912925226924596,0.30459099463623246,0.25314753003108814
Sci/Tech,3401,2,0.22963079738886694,0.2575231583295002,0.26137997925797085,0.25146606502366203
Sci/Tech,3402,1,0.23873549772780028,0.267540708682302,0.2586563525076228,0.23506744108227481
Sci/Tech,3403,0,0.2600877948306151,0.2521646453859197,0.2503434265551258,0.23740413322833936
Sci/Tech,3404,0,0.28556483773142394,0.2558556909249494,0.23683685895012702,0.22174261239349963
Sci/Tech,3405,2,0.2169409954462272,0.2503249338638225,0.28506297787090973,0.24767109281904057
Sci/Tech,3406,0,0.26330036005756835,0.2524936931515305,0.24256533436381367,0.24164061242708748
Sci/Tech,3407,2,0.1693241691035538,0.17178327428463694,0.3928181708108585,0.26607438580095083
Sci/Tech,3408,0,0.2830204664294593,0.2558494503403476,0.2378925550303917,0.2232375281998014
Sci/Tech,3409,2,0.18531684889138,0.19400987236164088,0.3585503136888165,0.2621229650581627
Sci/Tech,3410,2,0.18838683219086155,0.18613538388972245,0.3442311407726096,0.28124664314680636
Sci/Tech,3411,3,0.18259243915670087,0.18005010731161886,0.31053309036138854,0.3268243631702917
Sci/Tech,3412,3,0.15856875588980937,0.17150222354895103,0.3279534354867192,0.34197558507452047
Sci/Tech,3413,2,0.2450673370610429,0.25185531023581237,0.2588512220239945,0.24422613067915025
Sci/Tech,3414,2,0.25614219453683246,0.1898133095993864,0.2966581479162509,0.25738634794753035
Sci/Tech,3415,0,0.2664733763897297,0.25692171547746917,0.2495086413551301,0.22709626677767106
Sci/Tech,3416,2,0.2531984572238522,0.23962844005498024,0.2665147052504932,0.24065839747067436
Sci/Tech,3417,2,0.1977975522038194,0.1737715123611058,0.3429544000774339,0.28547653535764095
Sci/Tech,3418,1,0.27099596765531103,0.2808578962072403,0.23374290179887697,0.2144032343385717
Sci/Tech,3419,2,0.19497946133472072,0.18565266385028123,0.3527838000954147,0.26658407471958323
Sci/Tech,3420,2,0.15478531504765253,0.16775824073741372,0.385559495567931,0.2918969486470027
Sci/Tech,3421,2,0.18747332979883993,0.18645952623390188,0.35862889717334273,0.2674382467939155
Sci/Tech,3422,2,0.17319280489386082,0.18876261028982982,0.34569049409916147,0.29235409071714785
Sci/Tech,3423,2,0.2250831792017484,0.1875695711427583,0.2971455485377154,0.2902017011177779
Sci/Tech,3424,2,0.1934503740059552,0.22461645344915812,0.3156496583645278,0.26628351418035895
Sci/Tech,3425,0,0.26862886565386246,0.26303877312150736,0.2413434903949336,0.2269888708296965
Sci/Tech,3426,2,0.18460343952808234,0.1998188788160781,0.3494776514844622,0.26610003017137734
Sci/Tech,3427,2,0.20971705547017436,0.1963820989491937,0.3241609051207714,0.26973994045986055
Sci/Tech,3428,2,0.17640865242413198,0.18159825345143563,0.33599212796617584,0.3060009661582566
Sci/Tech,3429,2,0.20503860955520378,0.1903985520019862,0.3363561651374966,0.26820667330531345
Sci/Tech,3430,2,0.15189503392883089,0.16197502097948535,0.35321923355695173,0.33291071153473206
Sci/Tech,3431,3,0.22470382677861528,0.25744062356143055,0.2499893150363027,0.2678662346236515
Sci/Tech,3432,2,0.20434475048591647,0.20838839285795369,0.3173325637791516,0.2699342928769783
Sci/Tech,3433,2,0.1851345115039205,0.20080616486034622,0.33943942854347803,0.27461989509225526
Sci/Tech,3434,2,0.2347117202809741,0.24143494255048112,0.27476820794045703,0.24908512922808768
Sci/Tech,3435,2,0.1595106694953749,0.1572773421700929,0.3922722696147325,0.2909397187197996
Sci/Tech,3436,1,0.23354084604510847,0.2706692897877248,0.23391122948229298,0.26187863468487377
Sci/Tech,3437,3,0.25290470406957183,0.24063434657316904,0.24631532181514992,0.2601456275421092
Sci/Tech,3438,2,0.20389030398685282,0.17865599943564744,0.3381413137599347,0.279312382817565
Sci/Tech,3439,1,0.24071473201106985,0.27227083295510834,0.2536751688931333,0.2333392661406884
Sci/Tech,3440,1,0.2221019555730424,0.317762446675768,0.20684673485295524,0.2532888628982343
Sci/Tech,3441,3,0.21676333266375128,0.2308400983519584,0.2719840416550238,0.2804125273292665
Sci/Tech,3442,2,0.20669991605599358,0.19672362674427687,0.32569045591081436,0.27088600128891516
Sci/Tech,3443,0,0.28153960813195605,0.2442961139173769,0.2457653933373488,0.22839888461331828
Sci/Tech,3444,2,0.17163952304349192,0.15489056983298605,0.38772424407490846,0.28574566304861354
Sci/Tech,3445,1,0.2322800384154503,0.32575591604006154,0.21509298877766878,0.22687105676681937
Sci/Tech,3446,2,0.17681241096762354,0.20262160538815108,0.3341553713152476,0.28641061232897774
Sci/Tech,3447,2,0.23423106226791696,0.21317548295101982,0.2910639546225601,0.2615295001585032
Sci/Tech,3448,2,0.21226207312293338,0.1871471453742165,0.3146199523539236,0.2859708291489265
Sci/Tech,3449,2,0.1813427212367053,0.18933839683405843,0.33759358321865807,0.2917252987105782
Sci/Tech,3450,2,0.24775266550164649,0.2471607046300631,0.2568553055073438,0.24823132436094664
Sci/Tech,3451,2,0.2526617605177704,0.20874857272321268,0.29405126198484666,0.24453840477417024
Sci/Tech,3452,2,0.21294618768637064,0.2380563969975801,0.2959553929753033,0.2530420223407459
Sci/Tech,3453,2,0.2122101904520757,0.2100734553896864,0.3047021704512573,0.2730141837069806
Sci/Tech,3454,2,0.2065847033338493,0.2073577911459308,0.31983654601428485,0.266220959505935
Sci/Tech,3455,3,0.20643773031324847,0.19965066594619935,0.27291784270756814,0.320993761032984
Sci/Tech,3456,2,0.16254225128372718,0.19472369220458133,0.33785191844586565,0.3048821380658259
Sci/Tech,3457,2,0.24760896820793138,0.23103619726253286,0.2693345073657735,0.2520203271637622
Sci/Tech,3458,2,0.2004117258031164,0.192689755544028,0.33722000619385145,0.26967851245900415
Sci/Tech,3459,2,0.20261618589237843,0.20369037032734122,0.3317491953591026,0.2619442484211778
Sci/Tech,3460,2,0.24403172909143322,0.22225022774275283,0.29345283652177334,0.24026520664404064
Sci/Tech,3461,3,0.211136532239623,0.2624423532540462,0.2564104083014289,0.2700107062049019
Sci/Tech,3462,2,0.20017760489379785,0.19909636128783095,0.3132395917916828,0.2874864420266884
Sci/Tech,3463,0,0.2663971444557551,0.24925912838880676,0.24846645430142297,0.23587727285401505
Sci/Tech,3464,3,0.17634043999835272,0.23460587397290142,0.2795894033519846,0.30946428267676124
Sci/Tech,3465,2,0.16905407930058738,0.1798855679754111,0.34497238365283434,0.3060879690711672
Sci/Tech,3466,2,0.22064415880649632,0.2228682297072425,0.2906251393472575,0.26586247213900366
Sci/Tech,3467,2,0.1959989511340704,0.18536312695657717,0.34762421546867384,0.2710137064406786
Sci/Tech,3468,1,0.24234178135978462,0.2843718501872168,0.2232384139652315,0.2500479544877671
Sci/Tech,3469,1,0.24801997019230845,0.26416840567139893,0.2523472376119317,0.2354643865243609
Sci/Tech,3470,1,0.21323350709745068,0.27610944896604833,0.24958379774326464,0.26107324619323635
Sci/Tech,3471,2,0.21271275301343875,0.21010752036000233,0.32183729735299277,0.25534242927356604
Sci/Tech,3472,2,0.22469037110437115,0.21156408403720747,0.2994160048043904,0.2643295400540309
Sci/Tech,3473,0,0.32436142882928537,0.23594822829411763,0.22420494561947,0.215485397257127
Sci/Tech,3474,2,0.2048646485955629,0.1984100182646813,0.314263641611516,0.2824616915282398
Sci/Tech,3475,3,0.21691317890334083,0.2471489964650284,0.2671956550038028,0.268742169627828
Sci/Tech,3476,2,0.1593937774829146,0.15776901739862506,0.3940608504420539,0.2887763546764064
Sci/Tech,3477,3,0.16952187349742168,0.20255273405713167,0.31163843768248134,0.3162869547629653
Sci/Tech,3478,2,0.22703905997446597,0.20390331678222337,0.312433321795135,0.25662430144817566
Sci/Tech,3479,2,0.2537779867202804,0.24484946825692466,0.2619829393811453,0.2393896056416496
Sci/Tech,3480,2,0.250228547232378,0.20415399655192762,0.30706833184976356,0.23854912436593093
Sci/Tech,3481,1,0.2526903457160914,0.28493776614313604,0.22602580549493428,0.23634608264583837
Sci/Tech,3482,2,0.18077602219326788,0.20566717327581158,0.3073665747475121,0.3061902297834084
Sci/Tech,3483,2,0.22930232970174888,0.2236859445013374,0.2940197591782452,0.2529919666186685
Sci/Tech,3484,2,0.2171371194136929,0.21188355245086998,0.3197151820746824,0.2512641460607547
Sci/Tech,3485,2,0.24076689164845208,0.19636855968048236,0.30183037608233826,0.2610341725887273
Sci/Tech,3486,0,0.2846600299601317,0.21632607537509468,0.2653749783760931,0.23363891628868064
Sci/Tech,3487,2,0.1701339836664653,0.1819280089246387,0.37164908609903796,0.27628892130985805
Sci/Tech,3488,2,0.21039519847599425,0.17722308694037323,0.337875416529378,0.2745062980542545
Sci/Tech,3489,3,0.18450773705538712,0.20728430773020048,0.29165631556369487,0.3165516396507176
Sci/Tech,3490,2,0.24149564373900784,0.24544163900693738,0.2668032957070421,0.24625942154701275
Sci/Tech,3491,3,0.17489142546491163,0.19251379255016424,0.31073290306808443,0.3218618789168397
Sci/Tech,3492,2,0.1749153366884555,0.1822051353810431,0.3364630376992023,0.3064164902312991
Sci/Tech,3493,2,0.2571222098284717,0.23250885261638154,0.2602437826095,0.2501251549456468
Sci/Tech,3494,2,0.2581341403684852,0.21728904882408634,0.2760559354851354,0.24852087532229294
Sci/Tech,3495,3,0.14710251391865067,0.1720085298234564,0.2957135562114467,0.3851754000464462
Sci/Tech,3496,2,0.1758745046772915,0.16485200384021315,0.39677337299032794,0.26250011849216737
Sci/Tech,3497,2,0.1670213101744052,0.1873509573061969,0.36551191555959056,0.2801158169598073
Sci/Tech,3498,2,0.20910136690273198,0.22718733094865926,0.2997484644417271,0.26396283770688167
Sci/Tech,3499,2,0.24077899184287416,0.22298940922153607,0.28291648108654865,0.25331511784904115
Sci/Tech,3500,2,0.22177681972034946,0.21376301776935547,0.2975452223250328,0.2669149401852623
Sci/Tech,3501,2,0.23660268944858895,0.20477222368843817,0.30526943801757894,0.2533556488453939
Sci/Tech,3502,2,0.158704400864975,0.13616817206284063,0.4056809694440256,0.29944645762815875
Sci/Tech,3503,2,0.22630379786915383,0.2338862957165439,0.2804050254465195,0.25940488096778275
Sci/Tech,3504,2,0.18992796614368032,0.16981548577281325,0.3687153020758016,0.27154124600770485
Sci/Tech,3505,2,0.21582041752734024,0.23732524438607938,0.2894757128239662,0.2573786252626142
Sci/Tech,3506,2,0.20265232213582796,0.1774875262861195,0.35831430828736627,0.2615458432906863
Sci/Tech,3507,0,0.27504787435322137,0.21545076855908216,0.26971575870271003,0.2397855983849866
Sci/Tech,3508,2,0.19738892389561222,0.17860660956065508,0.3282847931095169,0.29571967343421574
Sci/Tech,3509,2,0.18147066623670327,0.2738563382439732,0.2753137548048127,0.26935924071451084
Sci/Tech,3510,3,0.20757579601510914,0.20681389444881018,0.2843429052367151,0.3012674042993656
Sci/Tech,3511,2,0.19057424809986304,0.16356980856184067,0.33819851853516686,0.3076574248031294
Sci/Tech,3512,3,0.17808017619200708,0.17819058627766665,0.2949360812193008,0.3487931563110254
Sci/Tech,3513,2,0.2297232224507614,0.2161929356270382,0.2958231265848841,0.25826071533731626
Sci/Tech,3514,2,0.17979435590647058,0.19636384836801019,0.3204479984519228,0.30339379727359644
Sci/Tech,3515,2,0.1836439101874021,0.1869813496108042,0.35277376597516896,0.2766009742266248
Sci/Tech,3516,2,0.21433472026171518,0.19754104076023626,0.3377866588227429,0.2503375801553057
Sci/Tech,3517,2,0.22596801273186382,0.21684188923192094,0.28486757456709666,0.27232252346911867
Sci/Tech,3518,2,0.19999310135258946,0.2070252967363508,0.31468072616582826,0.2783008757452314
Sci/Tech,3519,2,0.2046044830321515,0.2049085239876427,0.3150026826769698,0.275484310303236
Sci/Tech,3520,1,0.2255753788418861,0.27217041471665765,0.25032699387397817,0.2519272125674781
Sci/Tech,3521,2,0.18973630100625033,0.18503602499007962,0.35915968013450583,0.26606799386916424
Sci/Tech,3522,0,0.26456682136298415,0.24679875620866976,0.2547206141593078,0.23391380826903832
Sci/Tech,3523,0,0.2881558978334024,0.22808872639949596,0.25095280908647444,0.2328025666806272
Sci/Tech,3524,3,0.17213840581442091,0.1653480800379875,0.29789954580432626,0.36461396834326537
Sci/Tech,3525,2,0.160351938129002,0.18393316074811547,0.37683395416914856,0.278880946953734
Sci/Tech,3526,2,0.19866415310364496,0.18081141174546775,0.32187201355779627,0.298652421593091
Sci/Tech,3527,2,0.14716956686192648,0.17968348185603936,0.35908293789472717,0.31406401338730694
Sci/Tech,3528,0,0.2591786564103808,0.24551050003867664,0.25567355860149127,0.23963728494945136
Sci/Tech,3529,2,0.1709200721663051,0.15924959024314803,0.36956853859466726,0.3002617989958796
Sci/Tech,3530,2,0.14509581694926896,0.15145794143508307,0.39971811238203175,0.30372812923361614
Sci/Tech,3531,2,0.17019186093476193,0.16942619267242678,0.38077528480097417,0.27960666159183717
Sci/Tech,3532,2,0.22450725641858804,0.2212547066597614,0.2972311109251299,0.2570069259965207
Sci/Tech,3533,2,0.1924543413782955,0.1796347249068753,0.3300714713606625,0.2978394623541667
Sci/Tech,3534,2,0.2247919512060848,0.22194853868235292,0.30296355443577005,0.2502959556757922
Sci/Tech,3535,2,0.14855109028795033,0.1382464272148472,0.3796623881136632,0.33354009438353927
Sci/Tech,3536,2,0.19141435452872038,0.22313601845469969,0.31821316712482084,0.26723645989175904
Sci/Tech,3537,1,0.2188979768603002,0.3067334419361457,0.24427409076342627,0.2300944904401279
Sci/Tech,3538,2,0.19606850787391084,0.19787919852956792,0.3471891875403627,0.25886310605615853
Sci/Tech,3539,2,0.19414475335080764,0.1727701501602575,0.34908469902341327,0.2840003974655216
Sci/Tech,3540,2,0.24660792499284495,0.19931131123399665,0.304690161318417,0.2493906024547414
Sci/Tech,3541,2,0.20767892685059108,0.21736984874146237,0.32339638263186854,0.25155484177607806
Sci/Tech,3542,2,0.1663609864175037,0.16946643106656945,0.3645727507177878,0.2995998317981391
Sci/Tech,3543,3,0.15757041748595724,0.15441493015857294,0.3072113041868215,0.3808033481686483
Sci/Tech,3544,0,0.29053412437668696,0.23175042902152473,0.24681444113640566,0.2309010054653827
Sci/Tech,3545,2,0.15428639611327666,0.1441125512763753,0.4085781534620643,0.29302289914828383
Sci/Tech,3546,2,0.19373735818874285,0.24525693453040523,0.3057290334195523,0.25527667386129954
Sci/Tech,3547,3,0.17140471283861147,0.1751985096063303,0.30500545609939117,0.3483913214556671
Sci/Tech,3548,2,0.2202507632312453,0.2206015324128541,0.309379126093132,0.2497685782627686
Sci/Tech,3549,2,0.2658608855749947,0.22216403044452762,0.27164947328663447,0.24032561069384326
Sci/Tech,3550,2,0.1934882970912695,0.1937443728220851,0.33716198377726075,0.2756053463093846
Sci/Tech,3551,1,0.23582843730362033,0.28653060306217104,0.2426163208138699,0.23502463882033875
Sci/Tech,3552,2,0.18440812711443832,0.1759973922279126,0.36904518839655576,0.27054929226109337
Sci/Tech,3553,2,0.19199470263233145,0.1931699681423607,0.35628704536637734,0.2585482838589304
Sci/Tech,3554,2,0.20026438863513152,0.19559574485151338,0.3381895163967037,0.26595035011665136
Sci/Tech,3555,1,0.23337886544073275,0.3055715177254752,0.2220416493782977,0.2390079674554943
Sci/Tech,3556,2,0.21292312117313456,0.23080017726756796,0.30611162301032785,0.2501650785489696
Sci/Tech,3557,2,0.21907420417211648,0.23537343884393405,0.2872448176938619,0.2583075392900876
Sci/Tech,3558,2,0.18825902220342894,0.17100636595572224,0.3562434425528835,0.2844911692879654
Sci/Tech,3559,2,0.25491112804124255,0.2463153512027344,0.2562154483648711,0.24255807239115199
Sci/Tech,3560,2,0.18980123272699595,0.2136776611567071,0.3345188670134705,0.2620022391028264
Sci/Tech,3561,2,0.20960242565048104,0.189843077776701,0.34046212215521143,0.2600923744176066
Sci/Tech,3562,2,0.17711235813379284,0.20009156583737595,0.3425693924935529,0.2802266835352783
Sci/Tech,3563,2,0.21068429161750676,0.21611732819837218,0.3203123555503122,0.25288602463380894
Sci/Tech,3564,2,0.20628374599620314,0.22547042983988008,0.306872126557605,0.2613736976063118
Sci/Tech,3565,2,0.22346754028693566,0.2248317437232889,0.2870642846770417,0.26463643131273373
Sci/Tech,3566,0,0.2931910807660158,0.23751502240846886,0.24087566543291222,0.2284182313926031
Sci/Tech,3567,2,0.18377279845776762,0.16070607039350376,0.37829380473261526,0.27722732641611336
Sci/Tech,3568,2,0.25312769059072654,0.25068202026763803,0.25613414751645647,0.24005614162517894
Sci/Tech,3569,2,0.24571574364926282,0.2425424348939884,0.26402006187612725,0.24772175958062156
Sci/Tech,3570,2,0.20560460745895606,0.2650936990246399,0.2867705824610214,0.24253111105538264
Sci/Tech,3571,2,0.18335318323805433,0.17239132384206113,0.36083923382737687,0.2834162590925077
Sci/Tech,3572,2,0.18945973756717144,0.18967444122738308,0.3133506765776157,0.30751514462782975
Sci/Tech,3573,2,0.1922670988793389,0.18219220365626368,0.32200060271811665,0.30354009474628085
Sci/Tech,3574,2,0.182408107197889,0.1677625612461004,0.38203597331443,0.2677933582415806
Sci/Tech,3575,2,0.1521335008730797,0.22132865833913648,0.3341972931517084,0.2923405476360755
Sci/Tech,3576,2,0.16006927761503567,0.19662542663417187,0.34008458665270525,0.30322070909808724
Sci/Tech,3577,2,0.268537593013699,0.20005082745668004,0.2896828844127789,0.24172869511684214
Sci/Tech,3578,1,0.2151851826922891,0.26561543545678135,0.2599259185250697,0.2592734633258599
Sci/Tech,3579,2,0.17625851544693194,0.17788899931019914,0.3496629729117313,0.29618951233113766
Sci/Tech,3580,2,0.208064956138422,0.20287970428097363,0.3066015861332677,0.2824537534473367
Sci/Tech,3581,2,0.2506319918346569,0.22311724942217903,0.2784122430698092,0.24783851567335488
Sci/Tech,3582,2,0.18912451911751593,0.21636602051514806,0.3305379806135374,0.26397147975379864
Sci/Tech,3583,2,0.21590129958565263,0.20150001450715593,0.3033671314079845,0.2792315544992069
Sci/Tech,3584,3,0.17445049209659086,0.1808897283830136,0.32081686412972404,0.3238429153906715
Sci/Tech,3585,2,0.2524192075795964,0.23647204096447605,0.2778643433274631,0.2332444081284644
Sci/Tech,3586,2,0.17151655626406176,0.19968400370517092,0.3647164883975166,0.2640829516332508
Sci/Tech,3587,2,0.22319342151039356,0.19480922003947485,0.32279701151730417,0.25920034693282745
Sci/Tech,3588,2,0.18413395669882376,0.20488966312481402,0.3408378307362309,0.2701385494401313
Sci/Tech,3589,2,0.17381069003358582,0.15439199200216713,0.3664762943620518,0.3053210236021952
Sci/Tech,3590,2,0.1917844048953839,0.1919887450165667,0.34262408816224893,0.27360276192580046
Sci/Tech,3591,2,0.23952555872477085,0.2549865985690487,0.2571509291236391,0.24833691358254129
Sci/Tech,3592,2,0.18818624329489086,0.1644447860103875,0.385382100064382,0.26198687063033965
Sci/Tech,3593,2,0.22225402718651133,0.21007854895361397,0.2952240188213872,0.2724434050384875
Sci/Tech,3594,2,0.19723812190180118,0.1758703121053002,0.34445314849982583,0.28243841749307275
Sci/Tech,3595,3,0.22688839787384815,0.2568902374577582,0.24421189369099716,0.2720094709773965
Sci/Tech,3596,2,0.19348866481824464,0.2369404349932157,0.31753083538345306,0.25204006480508656
Sci/Tech,3597,2,0.22232302641909882,0.22385407427191106,0.3068662232837075,0.2469566760252826
Sci/Tech,3598,2,0.20032919883436703,0.2128718023212624,0.31229392532105366,0.2745050735233169
Sci/Tech,3599,0,0.292816314110112,0.22966286508485045,0.24535679674743982,0.2321640240575977
Sci/Tech,3600,2,0.20221854794337185,0.21973872085636062,0.3118851782947538,0.2661575529055138
Sci/Tech,3601,2,0.1403809828118572,0.1383647293486281,0.3913506310295113,0.32990365681000344
Sci/Tech,3602,3,0.17555796428103426,0.18030117325861458,0.29124322363087324,0.35289763882947794
Sci/Tech,3603,2,0.18248878917201103,0.18696856743882243,0.3635894048839284,0.2669532385052381
Sci/Tech,3604,2,0.1945256652561954,0.18273395307753557,0.35265289897347046,0.27008748269279853
Sci/Tech,3605,2,0.20954904315758438,0.19072979153801553,0.30986293407629223,0.2898582312281079
Sci/Tech,3606,2,0.2150372132131082,0.18060864247081712,0.3443662202545689,0.2599879240615057
Sci/Tech,3607,2,0.19672326646600438,0.17458298996179775,0.3414380722544338,0.287255671317764
Sci/Tech,3608,2,0.14489205869477761,0.16296309316603313,0.3798636970514919,0.31228115108769733
Sci/Tech,3609,2,0.17208745421571514,0.17006254192179454,0.37801710856970694,0.2798328952927833
Sci/Tech,3610,2,0.20693050986863615,0.2346130307755492,0.3073288397084315,0.2511276196473831
Sci/Tech,3611,2,0.179676625588472,0.19511461079044948,0.34104285028696346,0.28416591333411495
Sci/Tech,3612,2,0.19608612544687723,0.1995283033598759,0.3024218908373759,0.30196368035587096
Sci/Tech,3613,1,0.2138321588723517,0.3253848788797674,0.2223019584402047,0.2384810038076762
Sci/Tech,3614,3,0.19632457865258993,0.2502611052251247,0.27507470789031135,0.27833960823197407
Sci/Tech,3615,2,0.21979686974775664,0.20163416190371267,0.32022009422860287,0.2583488741199278
Sci/Tech,3616,2,0.23272102272995324,0.23114774654109788,0.28936587628752786,0.24676535444142106
Sci/Tech,3617,2,0.20286191921137,0.20293362288802108,0.3308403612544144,0.2633640966461945
Sci/Tech,3618,2,0.23554098544649157,0.2420477930648492,0.26345738874675945,0.2589538327418998
Sci/Tech,3619,2,0.15400923416896112,0.18812167488790466,0.37204614613865017,0.28582294480448406
Sci/Tech,3620,2,0.155400436652145,0.17346814610013278,0.3501443619700732,0.320987055277649
Sci/Tech,3621,2,0.22387193928451354,0.21372506770605482,0.305699629664708,0.25670336334472366
Sci/Tech,3622,2,0.18010996823540898,0.1890993981457426,0.33659743677754533,0.2941931968413031
Sci/Tech,3623,2,0.25372272272435115,0.23459233226566972,0.26509419532230183,0.24659074968767725
Sci/Tech,3624,2,0.2010872336490741,0.19633883310419556,0.3299712245473881,0.2726027086993422
Sci/Tech,3625,2,0.2211330422612614,0.19923646363080647,0.3328722796752421,0.2467582144326901
Sci/Tech,3626,1,0.1870243508792944,0.3735355795009158,0.21660013182706694,0.22283993779272285
Sci/Tech,3627,2,0.14747174635192842,0.15619444118973985,0.38893907093596813,0.30739474152236357
Sci/Tech,3628,2,0.2214952581699616,0.19288377940772278,0.33564927850069537,0.24997168392162022
Sci/Tech,3629,1,0.23480868131845056,0.26454117248038983,0.24344408562984488,0.25720606057131473
Sci/Tech,3630,3,0.20307110797745612,0.21806260175546188,0.2804854595223714,0.29838083074471056
Sci/Tech,3631,2,0.19417548084179287,0.18970852633414254,0.34583054062223134,0.2702854522018333
Sci/Tech,3632,1,0.1942185777441744,0.31486376917122316,0.24288695542193925,0.2480306976626632
Sci/Tech,3633,2,0.2166531350227849,0.2194269129971569,0.3017902549770256,0.2621296970030326
Sci/Tech,3634,2,0.22814227603289502,0.21448800171380644,0.3047779377192622,0.2525917845340363
Sci/Tech,3635,3,0.15862841235989028,0.15767360038525485,0.29371162524869854,0.3899863620061564
Sci/Tech,3636,1,0.2472605301494531,0.25499874835354913,0.24673158451714725,0.25100913697985056
Sci/Tech,3637,2,0.18657039623774707,0.1931722135015841,0.31634292482181436,0.3039144654388545
Sci/Tech,3638,3,0.17833038240652194,0.24059130282558125,0.2622086367153354,0.3188696780525614
Sci/Tech,3639,2,0.21225488704604373,0.22439606575049165,0.3005187147312631,0.26283033247220156
Sci/Tech,3640,2,0.2116783757694041,0.1886768695143212,0.3312060857724706,0.268438668943804
Sci/Tech,3641,2,0.24944444280484515,0.2399563640666775,0.2669317649392687,0.24366742818920872
Sci/Tech,3642,2,0.16091526997285624,0.1515064400651146,0.38752515356527906,0.3000531363967501
Sci/Tech,3643,2,0.23734342501230754,0.20147551432169322,0.31242596836623193,0.24875509229976728
Sci/Tech,3644,2,0.19900465128291173,0.20106128085599892,0.32916231276702196,0.2707717550940674
Sci/Tech,3645,2,0.24702644967360934,0.24884228034088057,0.25272141779958424,0.2514098521859259
Sci/Tech,3646,2,0.2060628930687173,0.21971044175370705,0.3124766875682259,0.26174997760934976
Sci/Tech,3647,3,0.15906620414303602,0.14631271932112705,0.33892222611478917,0.3556988504210478
Sci/Tech,3648,3,0.1735532802907314,0.19781320772042124,0.2570229632734907,0.3716105487153567
Sci/Tech,3649,2,0.24361707480303638,0.2351925105720268,0.2777930587084006,0.24339735591653625
Sci/Tech,3650,2,0.15401369925113176,0.14259395465140645,0.4022991429297341,0.3010932031677277
Sci/Tech,3651,3,0.18688701729112173,0.23833133103905743,0.26079819694807094,0.31398345472175
Sci/Tech,3652,2,0.1785732930058876,0.19592426246139594,0.3391353523474503,0.2863670921852662
Sci/Tech,3653,2,0.21742825961293513,0.1912643395407886,0.3425130692215667,0.24879433162470954
Sci/Tech,3654,2,0.19316706908882741,0.19076363332812243,0.3497560592336491,0.266313238349401
Sci/Tech,3655,2,0.19684703575211374,0.19525531641945196,0.3278739643763365,0.2800236834520978
Sci/Tech,3656,3,0.18284480325986288,0.2035677750493864,0.26426041723205695,0.34932700445869375
Sci/Tech,3657,2,0.18078023543659644,0.16426882255817907,0.36176728264737207,0.29318365935785246
Sci/Tech,3658,2,0.21924388816746654,0.20556686742219737,0.32997090879690644,0.2452183356134296
Sci/Tech,3659,2,0.2568752040446625,0.2457414608483517,0.2604919619363154,0.23689137317067038
Sci/Tech,3660,2,0.24346029943569095,0.2370372401381363,0.2684778490832593,0.25102461134291354
Sci/Tech,3661,2,0.17827152272779406,0.17954017097947797,0.34215865877617857,0.30002964751654937
Sci/Tech,3662,2,0.21353334270899807,0.20586498364322922,0.3236030262688557,0.256998647378917
Sci/Tech,3663,2,0.22775518159581723,0.2178002988215357,0.296683903411018,0.25776061617162904
Sci/Tech,3664,0,0.2681298375655426,0.2430163527081106,0.25746493607450804,0.23138887365183877
Sci/Tech,3665,2,0.20857362488649459,0.20935571257383007,0.3218864930642065,0.2601841694754689
Sci/Tech,3666,1,0.24294590828558427,0.2771553910322041,0.2562905521777541,0.2236081485044575
Sci/Tech,3667,2,0.2233478426065005,0.2585073043099816,0.2633359936433693,0.25480885944014864
Sci/Tech,3668,2,0.2046630857891936,0.24247735705888218,0.2978929041898116,0.2549666529621126
Sci/Tech,3669,2,0.2166192171017108,0.19545256863713348,0.3210069951794278,0.2669212190817279
Sci/Tech,3670,2,0.18991174093485064,0.18327660689785338,0.31821904408467816,0.30859260808261785
Sci/Tech,3671,2,0.1731083683979849,0.17035870787325963,0.34210535475819237,0.31442756897056306
Sci/Tech,3672,2,0.18515761259012678,0.17194404392895085,0.38449977746275715,0.25839856601816524
Sci/Tech,3673,2,0.19321093237555143,0.20235749561511035,0.3307872556756254,0.2736443163337129
Sci/Tech,3674,2,0.16713879818873806,0.15825475871346462,0.37937121114822453,0.29523523194957285
Sci/Tech,3675,2,0.2008689031988505,0.19895128036294754,0.3206538041487334,0.2795260122894685
Sci/Tech,3676,2,0.20357804515118796,0.20750814087293987,0.31786928921764523,0.27104452475822693
Sci/Tech,3677,2,0.20995492219010742,0.20201089358390006,0.33548292871519425,0.25255125551079827
Sci/Tech,3678,0,0.36998654449354196,0.2240240099318321,0.2062155778394901,0.19977386773513592
Sci/Tech,3679,3,0.23903294997336857,0.2445271181114217,0.2507853056144298,0.2656546263007799
Sci/Tech,3680,2,0.22746981451252177,0.22572048238162262,0.28152211595780985,0.26528758714804573
Sci/Tech,3681,2,0.22803394920236741,0.23412212353070438,0.2934166020210309,0.2444273252458972
Sci/Tech,3682,2,0.21753217943287018,0.20576670916793616,0.3144282711084981,0.26227284029069564
Sci/Tech,3683,1,0.25169948952270066,0.2707311145278857,0.2413074183370851,0.23626197761232867
Sci/Tech,3684,1,0.2422251954088118,0.262268751603769,0.24943786825235698,0.24606818473506223
Sci/Tech,3685,2,0.19954221029995206,0.203738552890966,0.3262594608253847,0.27045977598369725
Sci/Tech,3686,2,0.20940097118030052,0.17693712846693999,0.35271092640407065,0.2609509739486889
Sci/Tech,3687,2,0.19268423915784338,0.1838685445727598,0.35741955290248484,0.26602766336691197
Sci/Tech,3688,2,0.21840204888673742,0.22443711725708854,0.31981688739651504,0.23734394645965903
Sci/Tech,3689,2,0.21429034362065252,0.25799482034449694,0.2645957977423157,0.2631190382925348
Sci/Tech,3690,2,0.23191312332253386,0.2390570677574925,0.27965580691230546,0.24937400200766816
Sci/Tech,3691,0,0.2621644125247661,0.23945897992540496,0.2575479231888419,0.24082868436098706
Sci/Tech,3692,0,0.28418081726344935,0.238107883008352,0.2497947535416466,0.22791654618655202
Sci/Tech,3693,2,0.1922003097509045,0.22034592839214007,0.31489028717196793,0.2725634746849876
Sci/Tech,3694,2,0.16412888576061846,0.1898116831115392,0.3545063024211702,0.2915531287066722
Sci/Tech,3695,3,0.23470186919756117,0.21370270764772004,0.2698171688508687,0.2817782543038501
Sci/Tech,3696,3,0.176697598205814,0.1989871236024598,0.3101454396251864,0.3141698385665398
Sci/Tech,3697,2,0.19985044764787435,0.1801096202326958,0.3466869182191992,0.2733530139002306
Sci/Tech,3698,2,0.1748065974351428,0.16826058635589555,0.35258010587728,0.3043527103316817
Sci/Tech,3699,2,0.16983049670512276,0.2063362486142142,0.3414670233562463,0.28236623132441663
Sci/Tech,3700,2,0.20237488381030522,0.20085737842546858,0.3321915009004113,0.264576236863815
Sci/Tech,3701,2,0.24123335252968792,0.2329480776867828,0.2744301287398086,0.25138844104372077
Sci/Tech,3702,1,0.21038356849348533,0.3259638486608555,0.21666552419063045,0.24698705865502874
Sci/Tech,3703,2,0.23973745027839052,0.23752660359189948,0.26576331485874494,0.256972631270965
Sci/Tech,3704,2,0.22134784825656545,0.19197003405503058,0.3275511182001808,0.2591309994882232
Sci/Tech,3705,1,0.2153142992320527,0.28270894514437966,0.2511202698232761,0.2508564858002915
Sci/Tech,3706,2,0.19567981137227794,0.21433171089262532,0.3144341998762408,0.27555427785885594
Sci/Tech,3707,2,0.2144092931632245,0.20320752587311372,0.3021764651919512,0.28020671577171063
Sci/Tech,3708,2,0.24958305753850096,0.2174319460260665,0.27431356444646815,0.2586714319889645
Sci/Tech,3709,3,0.18632749363887738,0.1749289850664157,0.3064780724706768,0.3322654488240301
Sci/Tech,3710,3,0.22845238938973747,0.20730488324228355,0.27914707213052575,0.2850956552374532
Sci/Tech,3711,2,0.13201885172466232,0.1337150674895878,0.42665484816513516,0.30761123262061474
Sci/Tech,3712,2,0.24862787335244088,0.2176855149954005,0.2758976878858584,0.25778892376630025
Sci/Tech,3713,2,0.21650366172670582,0.18165818281762414,0.3295107117198897,0.2723274437357804
Sci/Tech,3714,2,0.1809960559705991,0.2265516845398006,0.3308051758422623,0.2616470836473379
Sci/Tech,3715,0,0.2603887983439095,0.23445641948219237,0.25647427747681945,0.24868050469707872
Sci/Tech,3716,1,0.2078851057041159,0.2797278429879918,0.24097139630580292,0.2714156550020894
Sci/Tech,3717,2,0.17082705223170422,0.20725837385831028,0.34488604520869703,0.27702852870128847
Sci/Tech,3718,0,0.31017285001180345,0.23905219992629761,0.23343413788748024,0.21734081217441867
Sci/Tech,3719,2,0.15724166809525636,0.15089149004515445,0.40557789950745915,0.28628894235213004
Sci/Tech,3720,1,0.2264290759890789,0.30002002787686016,0.24094754318176267,0.2326033529522983
Sci/Tech,3721,2,0.15018949034805598,0.15689043987367352,0.40160841974335804,0.2913116500349125
Sci/Tech,3722,2,0.21417823281642076,0.2143356539651718,0.31749513244533634,0.25399098077307114
Sci/Tech,3723,2,0.19622363097220366,0.20132865286640006,0.33354517175041404,0.26890254441098227
Sci/Tech,3724,2,0.1761728446976633,0.23635582843240105,0.3112226408592377,0.27624868601069796
Sci/Tech,3725,2,0.20779089029579195,0.23354657697558343,0.288357731665519,0.2703048010631056
Sci/Tech,3726,3,0.21386200306809397,0.2300303891485534,0.2777479199279306,0.2783596878554221
Sci/Tech,3727,1,0.2520148187691149,0.2951236767569243,0.23304207167302635,0.21981943280093444
Sci/Tech,3728,2,0.16577553307294152,0.17772585083155276,0.3685643122411288,0.2879343038543769
Sci/Tech,3729,2,0.24298163009132445,0.24753733376830547,0.2636286201998631,0.2458524159405069
Sci/Tech,3730,0,0.27166050640699596,0.24128160698640588,0.2509379279286876,0.23611995867791055
Sci/Tech,3731,1,0.2153323610266635,0.30182217074588474,0.24870348811474136,0.23414198011271042
Sci/Tech,3732,2,0.18551473422614081,0.2619831233247981,0.3052698782487583,0.24723226420030278
Sci/Tech,3733,2,0.21474899843202358,0.22849522180609141,0.2998419700342086,0.25691380972767636
Sci/Tech,3734,2,0.1834157593415676,0.1592778087728079,0.3796276530957415,0.277678778789883
Sci/Tech,3735,2,0.21633785110617093,0.23095080039082372,0.2905296750961334,0.262181673406872
Sci/Tech,3736,2,0.1895771468165357,0.19759540534354578,0.32227316621610835,0.29055428162381014
Sci/Tech,3737,2,0.21025510231363115,0.21621800867583918,0.31802560017073817,0.2555012888397915
Sci/Tech,3738,2,0.17061071184086798,0.18746176302056855,0.338657047266145,0.30327047787241845
Sci/Tech,3739,2,0.20436457201777186,0.1669439013446654,0.3632451523599918,0.2654463742775709
Sci/Tech,3740,2,0.24055130074701647,0.2317422740214892,0.2663331430324142,0.2613732821990801
Sci/Tech,3741,2,0.1928015976002722,0.19188898296716145,0.3434212256903067,0.27188819374225964
Sci/Tech,3742,2,0.24027179924485495,0.22071474012960166,0.28759343159537837,0.251420029030165
Sci/Tech,3743,2,0.20984502405467692,0.21433141261533845,0.31889715364981325,0.2569264096801714
Sci/Tech,3744,2,0.23875199648754683,0.23925854086210455,0.28560675561335636,0.2363827070369923
Sci/Tech,3745,2,0.196990578949075,0.18553247522829083,0.34706802769924144,0.2704089181233927
Sci/Tech,3746,2,0.1907314154274577,0.184613510530777,0.36891882510712637,0.255736248934639
Sci/Tech,3747,3,0.17686442886778483,0.16683489722360048,0.30363769030256865,0.3526629836060461
Sci/Tech,3748,0,0.2839141993244046,0.27790300983665706,0.22590099264054087,0.21228179819839743
Sci/Tech,3749,2,0.21155769793921086,0.24912498284901222,0.2893778560541025,0.2499394631576744
Sci/Tech,3750,1,0.24904203933337266,0.28290521695047316,0.24219155238770626,0.22586119132844784
Sci/Tech,3751,2,0.17956511016204083,0.19303167745144437,0.3443133875343912,0.28308982485212364
Sci/Tech,3752,3,0.2537633822140353,0.2345140574474288,0.255455538290849,0.2562670220476869
Sci/Tech,3753,2,0.18590183021792736,0.20852868533071225,0.32999227769821404,0.2755772067531464
Sci/Tech,3754,2,0.21059478732284465,0.19541495870405826,0.33518109138820307,0.258809162584894
Sci/Tech,3755,2,0.2127653696388639,0.19155480749523277,0.33431193120591396,0.26136789165998936
Sci/Tech,3756,2,0.22053592747074408,0.2164512466931056,0.30753280642902436,0.25548001940712595
Sci/Tech,3757,2,0.21194422475715102,0.22550833382486363,0.3119021362914437,0.25064530512654176
Sci/Tech,3758,2,0.19502946028183066,0.1972914512760129,0.35485835790590026,0.25282073053625614
Sci/Tech,3759,2,0.21837023272195552,0.19324934404211971,0.327318458749376,0.2610619644865487
Sci/Tech,3760,3,0.23840441025821957,0.23350297962688982,0.25802355975253066,0.27006905036235995
Sci/Tech,3761,3,0.21264936982977153,0.19606267064020505,0.287877297934701,0.3034106615953225
Sci/Tech,3762,2,0.2089074413929541,0.21630422556688522,0.3193899180282893,0.2553984150118714
Sci/Tech,3763,1,0.24641513437941195,0.26166065444370434,0.25083138114233405,0.24109283003454973
Sci/Tech,3764,2,0.18171174301071313,0.18527658905471628,0.3376142141666543,0.29539745376791615
Sci/Tech,3765,2,0.19896122850982925,0.2294031619419091,0.31577892743690306,0.25585668211135854
Sci/Tech,3766,0,0.2831276153071551,0.23898305522342098,0.24852619661800285,0.22936313285142113
Sci/Tech,3767,2,0.2398053107473571,0.22036041161909986,0.28382432639252386,0.2560099512410192
Sci/Tech,3768,3,0.18363667477489992,0.1842418341529472,0.2795302034885474,0.3525912875836055
Sci/Tech,3769,2,0.1692205851430973,0.1726725965357305,0.34235060098303965,0.3157562173381325
Sci/Tech,3770,3,0.17630621496837368,0.2599807454391602,0.27068663145970523,0.2930264081327608
Sci/Tech,3771,2,0.2143291912790872,0.21962638135953505,0.2878577915342219,0.2781866358271558
Sci/Tech,3772,1,0.22035552721035212,0.3305966294563025,0.22858475672983275,0.2204630866035126
Sci/Tech,3773,0,0.2591518630058563,0.24748576173719825,0.2548320039912674,0.23853037126567805
Sci/Tech,3774,0,0.26257381817618486,0.2350439777874735,0.25774659784006454,0.24463560619627714
Sci/Tech,3775,2,0.20225329767345374,0.1842123257629526,0.351811877872713,0.26172249869088066
Sci/Tech,3776,2,0.21118815051066328,0.2460761522160496,0.2868602591938144,0.2558754380794728
Sci/Tech,3777,2,0.1623574064503148,0.16603753878733368,0.3770762591133569,0.29452879564899465
Sci/Tech,3778,0,0.28874263746946127,0.18052832958492016,0.2560706280294938,0.27465840491612475
Sci/Tech,3779,2,0.22910441274999357,0.217174097537023,0.3087731935712698,0.24494829614171357
Sci/Tech,3780,2,0.22634291522921657,0.18561963235560455,0.3003910192304222,0.28764643318475674
Sci/Tech,3781,1,0.2330705813383019,0.2741598487976333,0.2538560098491565,0.23891356001490824
Sci/Tech,3782,2,0.2426693020240748,0.19402824816221542,0.30268463814519,0.26061781166851977
Sci/Tech,3783,2,0.2441299071895235,0.2195555034811413,0.28731395940832816,0.24900062992100702
Sci/Tech,3784,2,0.21730130878704454,0.24599056640972444,0.29090291291416065,0.24580521188907037
Sci/Tech,3785,2,0.1971739559066474,0.22648769303244692,0.32056344352663596,0.25577490753426974
Sci/Tech,3786,2,0.2141158685559969,0.19535049389652337,0.31777851227514703,0.2727551252723327
Sci/Tech,3787,2,0.17918629954109283,0.16257010779033637,0.3650908653918084,0.2931527272767624
Sci/Tech,3788,2,0.23903570648783282,0.22684602435128115,0.28412576380862103,0.24999250535226503
Sci/Tech,3789,2,0.21461564646894293,0.2211676224938169,0.30897571274508884,0.2552410182921513
Sci/Tech,3790,2,0.2134027507760205,0.18923145730797644,0.3359755836351125,0.2613902082808905
Sci/Tech,3791,2,0.20986567658706695,0.2195298131765228,0.2920134563775369,0.27859105385887334
Sci/Tech,3792,2,0.19428450159409866,0.19243471169560158,0.34786040803522716,0.2654203786750727
Sci/Tech,3793,2,0.21667352230262024,0.20953583184184907,0.3208682274051475,0.2529224184503833
Sci/Tech,3794,3,0.20660153576827545,0.20777730317061144,0.28115839077338634,0.3044627702877267
Sci/Tech,3795,2,0.2563397924432676,0.24028733950028702,0.26999355021974597,0.2333793178366994
Sci/Tech,3796,0,0.29909573791162936,0.2533807316647286,0.23081610564629698,0.2167074247773451
Sci/Tech,3797,3,0.1918338391971212,0.1978189145086998,0.2763859161171551,0.33396133017702395
Sci/Tech,3798,2,0.2011509716753905,0.23800061207436815,0.30430746831521127,0.2565409479350301
Sci/Tech,3799,2,0.1731708093748936,0.16738025324712694,0.373557259236513,0.28589167814146654
Sci/Tech,3800,2,0.2067385406856723,0.2188276071589217,0.2916406902412141,0.28279316191419196
Sci/Tech,3801,2,0.1860645828900845,0.19913989258183987,0.34186769799404965,0.272927826534026
Sci/Tech,3802,1,0.26315789758220487,0.2748518604676255,0.22878605904363578,0.23320418290653383
Sci/Tech,3803,2,0.1684032288916748,0.1661094427568362,0.36828488371628,0.29720244463520895
Sci/Tech,3804,0,0.27725527100683484,0.2535344044885666,0.24652165282151253,0.222688671683086
Sci/Tech,3805,2,0.2057531345938168,0.21094509762542543,0.32328044819678187,0.2600213195839759
Sci/Tech,3806,2,0.214460586253474,0.2242815522185765,0.3135443576646664,0.24771350386328309
Sci/Tech,3807,2,0.191786361451037,0.19337142901104357,0.34888850584506403,0.2659537036928554
Sci/Tech,3808,3,0.18372836549474797,0.17219127765275438,0.30066557821429873,0.3434147786381989
Sci/Tech,3809,2,0.18516977716521785,0.2009535568824493,0.3327139412762539,0.28116272467607895
Sci/Tech,3810,2,0.21487060228915061,0.2371541868610547,0.29874902177262946,0.24922618907716526
Sci/Tech,3811,2,0.1950241600738365,0.2107826401568798,0.32556347739576913,0.26862972237351457
Sci/Tech,3812,2,0.1676134819181701,0.16660361793939923,0.35121402291548365,0.314568877226947
Sci/Tech,3813,2,0.22669417696204547,0.19761963493288373,0.32375170936841957,0.2519344787366512
Sci/Tech,3814,2,0.20047645639122638,0.18485944124366116,0.34752681565556715,0.26713728670954534
Sci/Tech,3815,0,0.2658341618807976,0.24180788194188504,0.2577482284015859,0.23460972777573147
Sci/Tech,3816,2,0.21654826831944007,0.20744121572963345,0.31252729899402615,0.26348321695690025
Sci/Tech,3817,0,0.26859626328505204,0.24011778867013692,0.2557213783337687,0.23556456971104242
Sci/Tech,3818,1,0.20757294626336728,0.29893771513403194,0.22957753389628513,0.26391180470631564
Sci/Tech,3819,2,0.18607403876749057,0.2281110842047704,0.3135834844460008,0.27223139258173823
Sci/Tech,3820,2,0.21157194730798692,0.21307254386489727,0.2906580971560328,0.284697411671083
Sci/Tech,3821,2,0.19362048103761986,0.18180657683363724,0.3529203738767333,0.2716525682520095
Sci/Tech,3822,2,0.21335479733861795,0.2292839322330042,0.2793382528545678,0.27802301757381004
Sci/Tech,3823,1,0.21326223072150355,0.32811452218041504,0.223143425561769,0.23547982153631247
Sci/Tech,3824,0,0.3008732224250492,0.2368331814220016,0.2397494799774264,0.22254411617552272
Sci/Tech,3825,2,0.2420646163823159,0.2212855959577559,0.28994093290629197,0.24670885475363627
Sci/Tech,3826,2,0.20048785850029344,0.19321162946547893,0.3525236147635469,0.2537768972706808
Sci/Tech,3827,2,0.16602072542431573,0.2030739104571302,0.34034992132587605,0.29055544279267814
Sci/Tech,3828,2,0.24141423745441765,0.1870852591360356,0.30850734371304656,0.26299315969650017
Sci/Tech,3829,0,0.27419001517867986,0.26020992095045775,0.2319578005849936,0.23364226328586868
Sci/Tech,3830,2,0.13580180585177096,0.13565344509919292,0.4294965677024378,0.29904818134659833
Sci/Tech,3831,2,0.19183881033522315,0.18695679560852213,0.3355182715343958,0.28568612252185893
Sci/Tech,3832,1,0.2330692805082972,0.2839436418631587,0.23562762417770441,0.2473594534508397
Sci/Tech,3833,0,0.2642278332729676,0.24897161690582437,0.2526892542313373,0.2341112955898707
Sci/Tech,3834,2,0.19739157115935455,0.18871102909770934,0.345729217755625,0.26816818198731107
Sci/Tech,3835,2,0.23655353158647924,0.21978941546214587,0.2982157984110617,0.2454412545403132
Sci/Tech,3836,2,0.20816770357535333,0.2609178086140178,0.27511118795771444,0.25580329985291445
Sci/Tech,3837,2,0.25484907918563765,0.24591092611484963,0.2585324372955124,0.24070755740400035
Sci/Tech,3838,1,0.17601714056461062,0.3224238659468223,0.23334556509614462,0.26821342839242246
Sci/Tech,3839,0,0.2597416502482546,0.25913963373816684,0.23256563966661847,0.2485530763469601
Sci/Tech,3840,2,0.21058334473643844,0.23002479890114905,0.3157694176895813,0.24362243867283118
Sci/Tech,3841,3,0.179666140732214,0.1718930586899926,0.3135517697916276,0.3348890307861657
Sci/Tech,3842,2,0.1873307485940539,0.17853756633909892,0.35246735324434714,0.2816643318225001
Sci/Tech,3843,1,0.2138788938740467,0.403303354028269,0.17277084716134464,0.21004690493633965
Sci/Tech,3844,3,0.24554336715229463,0.23238110132184955,0.2585715203068407,0.26350401121901507
Sci/Tech,3845,2,0.22267995681894232,0.23970472927208736,0.28403103037004895,0.2535842835389215
Sci/Tech,3846,2,0.2142700144198649,0.2615501337495605,0.27214588074553436,0.25203397108504033
Sci/Tech,3847,3,0.1703935360001518,0.15605815162775868,0.3334586110810404,0.3400897012910491
Sci/Tech,3848,1,0.22289819852509565,0.27604276721142157,0.2581497975138192,0.24290923674966355
Sci/Tech,3849,1,0.2067555447997583,0.29285484807747747,0.23241880448659463,0.2679708026361696
Sci/Tech,3850,2,0.17295871753911582,0.16830440192367227,0.3529760268322288,0.30576085370498307
Sci/Tech,3851,2,0.15810878337837345,0.14506994931852848,0.3930673065406426,0.30375396076245553
Sci/Tech,3852,2,0.2424788150802915,0.22377927093315994,0.28553125131342616,0.2482106626731224
Sci/Tech,3853,2,0.2454534883636033,0.23685921487350609,0.25971269975265554,0.257974597010235
Sci/Tech,3854,2,0.1798909679022464,0.1707576182495993,0.3891203182700208,0.26023109557813345
Sci/Tech,3855,2,0.21391770271328003,0.21060212150154886,0.3190869766485131,0.256393199136658
Sci/Tech,3856,0,0.30579775774997986,0.22216864994270966,0.23614353472307892,0.23589005758423154
Sci/Tech,3857,2,0.18869125095483,0.18452581961307474,0.36519684310918565,0.26158608632290975
Sci/Tech,3858,2,0.1834344904219643,0.20468165220318102,0.32812742028658765,0.28375643708826703
Sci/Tech,3859,2,0.2080867702487582,0.21219334427303482,0.32407658314006105,0.25564330233814586
Sci/Tech,3860,2,0.2067719475060089,0.23057912754345405,0.29443058844692194,0.26821833650361515
Sci/Tech,3861,1,0.19258270425735713,0.28633090714480874,0.26517519505485826,0.2559111935429759
Sci/Tech,3862,1,0.19265213702618575,0.35334974654014034,0.22646676097684923,0.22753135545682457
Sci/Tech,3863,2,0.17042621681237713,0.15796211225322143,0.41055135024414874,0.2610603206902527
Sci/Tech,3864,3,0.17395151409926282,0.17490470020050683,0.31003463397918357,0.3411091517210468
Sci/Tech,3865,2,0.16764213759164623,0.1608298374473091,0.3847791366554495,0.28674888830559514
Sci/Tech,3866,2,0.23866312331845574,0.22853665095306125,0.2889297922658655,0.2438704334626175
Sci/Tech,3867,1,0.22295354991897218,0.3512175796856407,0.21501323166483144,0.2108156387305556
Sci/Tech,3868,2,0.19093019603588643,0.17952155930710545,0.3359663631878954,0.2935818814691127
Sci/Tech,3869,2,0.2021958789024852,0.20321299725164008,0.32235329431399223,0.2722378295318825
Sci/Tech,3870,2,0.16858135312002473,0.16230012898302754,0.3387277761164163,0.3303907417805314
Sci/Tech,3871,0,0.25945910406962275,0.24366866161083625,0.25281741525400747,0.24405481906553353
Sci/Tech,3872,2,0.18584730353842738,0.1924935728245976,0.34166157099902317,0.27999755263795184
Sci/Tech,3873,1,0.2542891905083269,0.26869518768699385,0.23362484386244836,0.2433907779422309
Sci/Tech,3874,1,0.21687575090693711,0.27484738201167225,0.26189445998860317,0.2463824070927874
Sci/Tech,3875,2,0.17486630314992535,0.18833084583402898,0.3219557536704621,0.3148470973455835
Sci/Tech,3876,2,0.24393460895510463,0.21075779304238587,0.2982386854337818,0.24706891256872773
Sci/Tech,3877,2,0.17734462513020938,0.18876224119331939,0.34622137088637545,0.2876717627900958
Sci/Tech,3878,2,0.21501195384972324,0.18484827797302825,0.35298565474814464,0.2471541134291039
Sci/Tech,3879,3,0.21952445354675193,0.21581073848640583,0.2789304090666707,0.2857343989001716
Sci/Tech,3880,3,0.21029798229482874,0.21365542400589005,0.2865857070387101,0.2894608866605711
Sci/Tech,3881,2,0.20443753684399998,0.20584482807546003,0.31706292159267235,0.27265471348786763
Sci/Tech,3882,2,0.24474808093974343,0.2429181430593397,0.26901675382328544,0.24331702217763135
Sci/Tech,3883,3,0.22802803208346958,0.2538402966883795,0.25900339277943246,0.2591282784487185
Sci/Tech,3884,3,0.17438891954003558,0.1852918235623585,0.29526903927755915,0.3450502176200468
Sci/Tech,3885,0,0.3138346962127404,0.24952365976292806,0.22523670493501657,0.2114049390893149
Sci/Tech,3886,2,0.19868952839963788,0.16541125120373854,0.3659696711550149,0.26992954924160867
Sci/Tech,3887,2,0.19594511783627533,0.1994854706494647,0.3273074335344644,0.2772619779797956
Sci/Tech,3888,1,0.2578165163818545,0.2665790664252265,0.2481896441486603,0.22741477304425878
Sci/Tech,3889,3,0.22981128761498779,0.20312792491534018,0.2825368329571986,0.2845239545124734
Sci/Tech,3890,2,0.2181361937445593,0.22359855576755486,0.29993475026709027,0.2583305002207955
Sci/Tech,3891,0,0.2586949350111731,0.22945941757211208,0.25662631585126683,0.255219331565448
Sci/Tech,3892,2,0.2146952965258435,0.1908857525245179,0.3105201534944196,0.28389879745521895
Sci/Tech,3893,2,0.19514509666546176,0.16251529064288892,0.361785675840353,0.28055393685129637
Sci/Tech,3894,2,0.18207109584761458,0.18768008457617436,0.3657875573589103,0.26446126221730076
Sci/Tech,3895,2,0.19744441875846003,0.21842722687855723,0.2944861435198808,0.289642210843102
Sci/Tech,3896,2,0.20108681372122178,0.17860329937045977,0.3508200719932708,0.26948981491504764
Sci/Tech,3897,0,0.28139332456912386,0.2259208546361928,0.2646383956355509,0.22804742515913232
Sci/Tech,3898,2,0.1517179764842063,0.17789620372748063,0.3381874318498606,0.33219838793845247
Sci/Tech,3899,2,0.18236392153984068,0.20265583394168338,0.33099134622175,0.28398889829672586
Sci/Tech,3900,2,0.18354026819489255,0.1812391575282489,0.3528809183423086,0.2823396559345499
Sci/Tech,3901,2,0.21776631335490346,0.22837900724661914,0.3087706314469949,0.24508404795148248
Sci/Tech,3902,2,0.21103950903376484,0.20492162713297005,0.32481735341358425,0.2592215104196809
Sci/Tech,3903,3,0.16944011274669557,0.16705372373756025,0.3135637535923587,0.3499424099233855
Sci/Tech,3904,3,0.17044148483415164,0.17441752470071056,0.32640180201594277,0.328739188449195
Sci/Tech,3905,3,0.13901507809319263,0.12728089647378985,0.34415045173317904,0.3895535736998385
Sci/Tech,3906,2,0.19697051965699797,0.21316154909028287,0.33023971788700646,0.25962821336571273
Sci/Tech,3907,1,0.24255761155105063,0.2819901728874716,0.23898260919896952,0.23646960636250827
Sci/Tech,3908,2,0.20309151601588993,0.2258400620455588,0.3068005326544071,0.26426788928414413
Sci/Tech,3909,2,0.2399039036346685,0.2163965223320044,0.2817900000526407,0.26190957398068637
Sci/Tech,3910,2,0.18761600786212826,0.17778209468826575,0.3485102202363818,0.2860916772132242
Sci/Tech,3911,1,0.23661488782601733,0.2692567208126235,0.24756539449303172,0.2465629968683275
Sci/Tech,3912,2,0.2123593497352382,0.2121461945442401,0.32482950310055847,0.2506649526199632
Sci/Tech,3913,2,0.206044451846116,0.2123183546578025,0.30708244312416594,0.2745547503719155
Sci/Tech,3914,0,0.27534221815490695,0.24067662577854382,0.24802575018268994,0.23595540588385933
Sci/Tech,3915,2,0.19456327930085843,0.19413187547594074,0.31842911120876616,0.2928757340144346
Sci/Tech,3916,2,0.16937713598654466,0.1671471011850084,0.3681724785734896,0.29530328425495733
Sci/Tech,3917,2,0.19638565759750795,0.18418611500781884,0.3483682684640369,0.2710599589306363
Sci/Tech,3918,0,0.27637390109662796,0.25633579281638336,0.2384378129922659,0.2288524930947227
Sci/Tech,3919,0,0.27562605005768065,0.23250988469623474,0.25890363609812966,0.23296042914795495
Sci/Tech,3920,2,0.20771697065286684,0.19063326098406683,0.33167946330750897,0.2699703050555574
Sci/Tech,3921,1,0.19244544692248144,0.3985077498751556,0.19823355875845672,0.21081324444390623
Sci/Tech,3922,2,0.15247720017500313,0.16515136211589565,0.39137169379337183,0.2909997439157294
Sci/Tech,3923,2,0.2260068957584712,0.24848461719923945,0.28041367788692106,0.24509480915536833
Sci/Tech,3924,2,0.2262909279845049,0.22388359075317216,0.29585298881772776,0.25397249244459524
Sci/Tech,3925,2,0.2277861529966254,0.19489184666455553,0.31079399921280504,0.26652800112601405
Sci/Tech,3926,2,0.21755245657328867,0.20251062364086458,0.3193833897869618,0.2605535299988849
Sci/Tech,3927,0,0.27571394291422097,0.2320783356474174,0.25480476808997327,0.2374029533483884
Sci/Tech,3928,2,0.2580874999500417,0.2231885388872378,0.2744075270432175,0.24431643411950302
Sci/Tech,3929,2,0.17790102954630013,0.19872333664685105,0.31664954783320737,0.3067260859736415
Sci/Tech,3930,2,0.188315913872399,0.2069339026406184,0.33491783420823285,0.2698323492787499
Sci/Tech,3931,0,0.2640486547856662,0.23340597397487162,0.2529411381139587,0.2496042331255035
Sci/Tech,3932,2,0.2216124082655489,0.20485442076465374,0.312198093773431,0.2613350771963664
Sci/Tech,3933,2,0.2557110561766133,0.23093491601968288,0.2666681312041609,0.246685896599543
Sci/Tech,3934,1,0.24727902344372477,0.2763449647598723,0.24458647492785246,0.23178953686855056
Sci/Tech,3935,3,0.24396989364952978,0.25529187971525275,0.23663276644526673,0.2641054601899508
Sci/Tech,3936,1,0.26017010823967024,0.2731067381665492,0.24630141637802982,0.22042173721575073
Sci/Tech,3937,0,0.3420698367762774,0.20893997529745204,0.24030457200591387,0.20868561592035667
Sci/Tech,3938,0,0.2754845439222826,0.2569109388071754,0.2325161479013068,0.23508836936923522
Sci/Tech,3939,2,0.1900611858763837,0.20141987712025272,0.33212368519296814,0.2763952518103955
Sci/Tech,3940,1,0.24070427356247087,0.26547782338193343,0.24963875193158166,0.244179151124014
Sci/Tech,3941,1,0.22619906638484674,0.2893112915280746,0.25294374668067365,0.23154589540640497
Sci/Tech,3942,3,0.15946194928791182,0.1616512197241777,0.32363904287590434,0.35524778811200614
Sci/Tech,3943,1,0.22943838986281748,0.2743005377055999,0.24388438201938575,0.2523766904121968
Sci/Tech,3944,1,0.2430774129979968,0.28469596972076616,0.23081934063490178,0.2414072766463353
Sci/Tech,3945,2,0.17421757271670962,0.18777024936285838,0.34540206834717313,0.29261010957325884
Sci/Tech,3946,2,0.16475447917432995,0.16197762853068365,0.3633243168303577,0.30994357546462875
Sci/Tech,3947,2,0.16273929165862602,0.174019691670179,0.3789164368115822,0.2843245798596128
Sci/Tech,3948,2,0.19807244630899962,0.26057291149620077,0.2860261272637949,0.25532851493100467
Sci/Tech,3949,1,0.1879457020182405,0.37364862951416855,0.22044125690017222,0.21796441156741878
Sci/Tech,3950,2,0.1748253926884268,0.17852202727063324,0.36461998070633983,0.28203259933460006
Sci/Tech,3951,2,0.2314755366439801,0.2498238447591467,0.266131235142094,0.25256938345477914
Sci/Tech,3952,2,0.19947475666676087,0.2425435606109334,0.31479456469253486,0.24318711802977086
Sci/Tech,3953,1,0.2458645317410625,0.2816673075745392,0.24204393982875733,0.23042422085564093
Sci/Tech,3954,2,0.20524211723069136,0.2293701570153306,0.2954527128446251,0.26993501290935296
Sci/Tech,3955,1,0.26205025623012285,0.274249697921642,0.22573729981682294,0.23796274603141224
Sci/Tech,3956,2,0.19135618659663242,0.16138569526349555,0.3359933570306148,0.3112647611092572
Sci/Tech,3957,2,0.1986573693497341,0.23090571259467266,0.3053424812349885,0.2650944368206047
Sci/Tech,3958,2,0.20660973292714246,0.20233066611902836,0.32603323380475746,0.2650263671490717
Sci/Tech,3959,2,0.21485331797983084,0.22236773777379054,0.3008193619085902,0.26195958233778843
Sci/Tech,3960,2,0.21068823560216318,0.22914311818786498,0.3001367157228187,0.26003193048715323
Sci/Tech,3961,2,0.19527631910612941,0.2521622738175834,0.301887935373064,0.2506734717032232
Sci/Tech,3962,2,0.17600062310532946,0.23882063466501674,0.31755059594408225,0.2676281462855716
Sci/Tech,3963,1,0.25041222846043437,0.25249948556851826,0.24884424085051088,0.24824404512053647
Sci/Tech,3964,2,0.17942995653870505,0.17058423937140385,0.32920275788290015,0.3207830462069909
Sci/Tech,3965,2,0.18577484411156103,0.17715075981625614,0.37958612319537655,0.2574882728768063
Sci/Tech,3966,0,0.2591518630058563,0.24748576173719825,0.2548320039912674,0.23853037126567805
Sci/Tech,3967,2,0.1712646390862372,0.17360914188732404,0.33273018665973075,0.32239603236670794
Sci/Tech,3968,2,0.19178286077645942,0.1784190534441551,0.358881555576133,0.27091653020325246
Sci/Tech,3969,1,0.2359476973901152,0.2982759743278882,0.2329611422508777,0.2328151860311189
Sci/Tech,3970,2,0.18836473527715675,0.1774944623061831,0.35541637543562415,0.27872442698103594
Sci/Tech,3971,2,0.1474735955510398,0.1491360360002568,0.397085393048269,0.30630497540043433
Sci/Tech,3972,2,0.19959781076175398,0.18902273731287286,0.3315878144321536,0.2797916374932195
Sci/Tech,3973,3,0.16121061523474936,0.18420166645563904,0.3056477913462821,0.3489399269633294
Sci/Tech,3974,0,0.28544770853047646,0.23620690399299324,0.24444317378062388,0.23390221369590647
Sci/Tech,3975,2,0.20174941338116964,0.19755264730188893,0.34544498217339564,0.25525295714354584
Sci/Tech,3976,2,0.2506593821116169,0.24339857240760832,0.26078621197187585,0.24515583350889894
Sci/Tech,3977,1,0.22499483476251741,0.2841555419127184,0.2528840970644607,0.23796552626030354
Sci/Tech,3978,2,0.253081443102229,0.22315046229805663,0.2797670555982686,0.24400103900144574
Sci/Tech,3979,2,0.21829589102942712,0.21148388748261854,0.2997172179808326,0.27050300350712175
Sci/Tech,3980,2,0.2449047594233546,0.21227079252573788,0.2979907119886762,0.2448337360622313
Sci/Tech,3981,0,0.27146137706755336,0.25347743905134745,0.24407205996313389,0.23098912391796525
Sci/Tech,3982,0,0.27216206699924406,0.2217224298238111,0.27193442752844943,0.23418107564849536
Sci/Tech,3983,2,0.2213543513084831,0.24712403531552932,0.2765120538209993,0.25500955955498816
Sci/Tech,3984,1,0.2180872465888642,0.2653730194466467,0.2630739683079613,0.25346576565652773
Sci/Tech,3985,1,0.24979767819149126,0.2658245927841295,0.252596090795667,0.23178163822871217
Sci/Tech,3986,2,0.19417232507386425,0.18570465390058424,0.34678413368896527,0.2733388873365862
Sci/Tech,3987,3,0.1945286110090836,0.1825284372141703,0.304570335798842,0.3183726159779041
Sci/Tech,3988,2,0.22494391354265167,0.2191324017906116,0.3115723211213986,0.2443513635453382
Sci/Tech,3989,2,0.18911513391750326,0.2182186069523289,0.3284862500361309,0.26418000909403694
Sci/Tech,3990,2,0.1947927893116913,0.2063337476184104,0.3293225690293519,0.2695508940405463
Sci/Tech,3991,2,0.19208857847939534,0.1964863015402814,0.3467799159814465,0.2646452039988767
Sci/Tech,3992,2,0.2695060271095703,0.2022561751631599,0.29315475477399167,0.23508304295327825
Sci/Tech,3993,2,0.23612722579433792,0.21810093867818445,0.2889696991723007,0.256802136355177
Sci/Tech,3994,1,0.22033032234109617,0.28826764451970033,0.25285481663635806,0.2385472165028455
Sci/Tech,3995,2,0.19856753549439274,0.1987299138344954,0.3258430407004364,0.2768595099706755
Sci/Tech,3996,2,0.24419590237565103,0.23602707522824581,0.2744607729282321,0.24531624946787103
Sci/Tech,3997,2,0.17852133632687922,0.17676715663438441,0.3755228997142676,0.26918860732446875
Sci/Tech,3998,0,0.3074941247318517,0.27071124542030034,0.21320187227770906,0.20859275757013887
Sci/Tech,3999,2,0.19175467516413042,0.21509654912575715,0.34110697670408174,0.2520417990060307
