tag,id,cluster,membership_0,membership_1,membership_2,membership_3
World,0,1,1.6609074392743827e-08,0.9963378537785215,1.0375181076917062e-19,0.0036621296124146573
World,1,1,3.408036736046831e-17,0.9999999677507964,3.877152206018622e-27,3.2249177101530484e-08
World,2,3,3.313367638196057e-06,1.22673905011346e-07,4.6319501168293266e-09,0.9999965593265262
World,3,3,0.0336169929056304,0.0002116539620211529,2.6618836594150063e-18,0.9661713531323252
World,4,3,0.08400001390401803,2.0883967839532613e-14,2.7307164826251717e-09,0.9159999833652646
World,5,1,3.929748526920361e-18,0.9999999994416271,1.1901179994436323e-21,5.58383378950192e-10
World,6,0,0.9872827458280785,2.2703435673553524e-07,1.398459099502674e-12,0.012717027136141722
World,7,3,4.3732944333372675e-07,1.1160047970909789e-08,1.9286198082070794e-12,0.9999995515085953
World,8,1,8.494474673687037e-15,0.9999915062344706,1.148878663809212e-20,8.49376553890221e-06
World,9,3,0.002307786119254982,0.007319631985292679,1.9406360046306292e-17,0.9903725818954242
World,10,3,0.0037636842570462335,2.1774010314309184e-07,3.626515581393293e-10,0.9962360976402155
World,11,0,0.6869782426561114,4.771941920557376e-13,4.347691983317016e-11,0.3130217572999144
World,12,3,2.393080897846699e-06,5.5591223623839654e-14,8.52863320920653e-06,0.9999890782858211
World,13,1,4.889714589596976e-16,0.9999998773625483,1.0853530502634686e-23,1.226374294252917e-07
World,14,3,0.00021427060475254155,1.042596557691695e-13,4.027514503540802e-07,0.9997853266436829
World,15,3,0.00444445954483829,2.6738403879698362e-05,1.7983595371965658e-13,0.9955288020511049
World,16,3,2.307787347956122e-05,0.0002952914653998417,4.252044480964191e-12,0.9996816306568694
World,17,3,0.0002843459636281008,5.41848918357248e-23,3.467270979441478e-12,0.9997156540329166
World,18,3,0.22077936308456486,0.0002472400273881574,1.239206382585959e-16,0.7789733968880602
World,19,3,0.015219702449954907,2.598899436173487e-08,7.572272479886794e-12,0.9847802715534824
World,20,0,0.9999999999588454,1.4363993788255784e-29,1.9422682316445944e-19,4.1133628319654776e-11
World,21,0,0.9999716891594082,9.64483793150426e-09,6.411433177523367e-20,2.8301195734688903e-05
World,22,0,0.9999819100746956,4.143816754389339e-18,3.050703156066134e-15,1.8089925275726964e-05
World,23,0,0.9999711549804601,1.8642589774711402e-19,1.27022060877254e-13,2.884501942390295e-05
World,24,3,1.1164843176331023e-10,0.0020566763026616287,2.3029618988180014e-09,0.9979433212827323
World,25,0,0.8066482362383296,4.7217440714633366e-08,1.470790104163213e-15,0.19335171654424074
World,26,0,0.9999999999997726,4.432670067411524e-33,2.6044871221218725e-22,2.1834959917063352e-13
World,27,3,0.036454279398553106,1.342545350651646e-06,9.383004367798521e-10,0.9635443771177783
World,28,0,0.9999903379885586,3.6159497831649565e-19,1.791270995764278e-11,9.66199351588112e-06
World,29,3,0.0003166580490677209,0.00027849641428843633,4.110728021220154e-13,0.9994048455362541
World,30,3,3.7949687315880194e-06,1.3695581302142238e-13,0.0016338806980379693,0.9983623243330983
World,31,1,3.999148591324155e-17,0.9999999953905672,1.2785812810308142e-22,4.609424928062485e-09
World,32,1,1.5903952469139697e-14,0.9999608506964729,1.3448106063751894e-19,3.9149303514510895e-05
World,33,1,0.0009543514891303827,0.990039856748784,4.5182649305291974e-13,0.009005791761661225
World,34,3,0.012933320625554183,0.001257426642324891,9.715764116019953e-11,0.9858092526349869
World,35,0,0.9998620420893775,9.673477985079427e-13,4.297364406815728e-21,0.00013795790967773808
World,36,1,6.490047318716549e-24,0.999999999996362,7.677424162833383e-26,3.657180064215465e-12
World,37,0,0.9885891848262924,1.0327172646210835e-16,8.673830427187313e-08,0.011410728435395243
World,38,1,9.58108752166477e-10,0.6538336658343272,5.023775263987665e-12,0.3461663332025276
World,39,0,0.9985372000804631,6.0753042567386765e-18,1.3355321398081047e-10,0.0014627997859652528
World,40,3,0.00011163844199839136,3.331939045111736e-11,8.920197292648485e-05,0.999799159551771
World,41,3,5.099063330847199e-07,0.0001883182904311284,1.30394111125455e-14,0.9998111718032165
World,42,1,1.3531027794502254e-12,0.9963109005057431,7.355039262678704e-22,0.0036890994928914515
World,43,3,2.760103226471978e-06,2.2500858421401737e-06,1.1337854711799412e-10,0.9999949896975301
World,44,1,4.562415506912989e-13,0.9999994170041754,7.760890269883977e-22,5.829953615770563e-07
World,45,0,0.9909859917022109,3.7661164956672174e-13,2.6433900780110474e-12,0.009014008294767747
World,46,0,0.9999998949089728,6.444102306807152e-23,8.033231648438728e-13,1.0509020822125658e-07
World,47,0,1.0,8.750333640251874e-40,1.2964120171611543e-16,3.3339585697237624e-17
World,48,0,0.9999840383459311,9.062834514151626e-16,1.2528867192990764e-17,1.596165408228239e-05
World,49,1,6.713157814934245e-22,0.9999999999732836,9.7440402403062e-26,2.6714057466844695e-11
World,50,3,0.12964060250326725,4.037208541765271e-12,6.922985864342396e-05,0.8702901676340347
World,51,3,9.59823877916739e-07,6.165696302341777e-10,1.9614503056116404e-08,0.9999990199450763
World,52,0,0.9987570774917214,2.034230480140655e-17,1.2415335158425333e-12,0.0012429225070374797
World,53,1,4.723691324911939e-11,0.9976309825557146,4.576769952995398e-19,0.00236901739705834
World,54,1,0.00016682989331512767,0.9189985419541943,2.9139074297688154e-13,0.0808346281522055
World,55,3,0.06584854881761068,1.0654810813132865e-05,4.472761373636744e-12,0.9341407963670807
World,56,3,0.00012738670083276962,0.001782214525006062,7.963877368220004e-17,0.9980903987741457
World,57,3,2.811346017918912e-07,5.452364386108445e-09,3.029586186548483e-08,0.9999996831171463
World,58,0,0.9999999995876578,1.572403391875718e-26,1.8591533048416672e-19,4.1231779171168537e-10
World,59,0,0.9999999951136829,1.5081260399023326e-31,1.3011988050955243e-16,4.886309564840671e-09
World,60,3,0.00011047197464366515,1.085942926600211e-06,3.8483423760925723e-10,0.9998884416976217
World,61,3,0.00018985658654230932,5.45578733269746e-10,6.9943522256636946e-12,0.9998101428608811
World,62,0,0.8696990926973309,2.9330874471197046e-06,6.97363406527194e-14,0.13029797421513967
World,63,3,0.3409700614018826,1.1999394330111686e-17,9.41285017052251e-10,0.6590299376568294
World,64,0,0.9999556827356294,5.694480423419436e-17,2.0594720897647473e-12,4.431726231259949e-05
World,65,1,1.5798061150530153e-06,0.9636462014027875,1.9758309679306102e-15,0.03635221879110391
World,66,2,2.271843412252013e-12,5.9403978445970606e-09,0.9918915462224875,0.008108447834843487
World,67,2,2.5478741497089014e-09,2.698258532609256e-25,0.9999999842553394,1.3196801753762313e-08
World,68,3,1.0668519434244561e-05,1.1433583974781756e-14,1.1260947419783853e-12,0.9999893314794209
World,69,3,0.009710712775333002,5.917011481749659e-12,2.88665427373811e-14,0.9902892872187362
World,70,3,0.0011873880088262559,4.2959280386512295e-19,1.691675274088063e-10,0.9988126118219794
World,71,3,2.778782118691797e-08,2.652534466820873e-13,8.162938712013614e-08,0.9999998905825069
World,72,2,4.1729882753935805e-20,2.0033588582604648e-33,1.0,2.125606517519233e-14
World,73,0,0.9994517812936785,4.790913148134533e-19,2.826133286701956e-17,0.0005482187063225717
World,74,2,3.845625413318932e-11,4.313801029288079e-30,0.9999999998746034,8.692157820065567e-11
World,75,3,0.0015933667184256544,0.007931225510732439,4.9374687663336076e-15,0.9904754077708234
World,76,3,7.815865364390643e-06,2.362584773041237e-07,6.053664003228267e-09,0.999991941822496
World,77,1,2.3787627064088017e-05,0.6764125681751925,9.254259780444486e-12,0.323563644188479
World,78,3,0.00039112811971917416,6.140806295446996e-08,6.510590012944395e-07,0.9996081594132209
World,79,1,6.28881191400744e-16,0.9999939187230948,2.6473197253029826e-20,6.081276898309561e-06
World,80,3,0.038630568728883985,3.4102741126978224e-18,6.680077747259194e-09,0.9613694245910178
World,81,3,2.0261662317370972e-05,1.5426036904860365e-07,1.6828009929928084e-15,0.999979584077286
World,82,0,0.9442665066838908,1.884349088354207e-14,8.250345097242267e-11,0.05573349323358305
World,83,3,0.00012402545049326505,2.8075353994403957e-06,1.6222715064733604e-11,0.9998731669978888
World,84,0,0.9999798300429766,5.823745266180719e-22,1.3331108445463664e-14,2.016995700769738e-05
World,85,1,2.432115769321132e-12,0.9999958803504844,1.0169944581720344e-21,4.119647063477737e-06
World,86,3,0.003364980964644062,5.152558034243205e-07,2.2590742318922267e-16,0.9966345037795248
World,87,0,0.4454398337987068,2.2467848472402837e-14,0.3197307992625757,0.23482936693870676
World,88,0,0.999998079768172,2.757630213224026e-23,2.594481343005435e-13,1.9202315536845295e-06
World,89,3,0.00016684413507988985,0.0028787653618827435,8.692248593125328e-13,0.9969543905021432
World,90,1,2.617061859168821e-13,0.9999301734751777,2.2989241175597605e-19,6.982652455655017e-05
World,91,1,6.403956826854584e-17,0.9999997906790205,8.264482851653754e-19,2.0932097892858237e-07
World,92,1,4.167058840460689e-16,0.9996123284629289,7.515224081203316e-19,0.00038767153708350394
World,93,0,0.9999997851147331,3.50006210852005e-24,1.7497592281509013e-13,2.14885101445682e-07
World,94,0,0.9999999956772285,6.110255503324536e-26,1.7648423009684638e-17,4.322744399226947e-09
World,95,3,0.0004987832317401974,2.0653921358253305e-08,1.3648155673093576e-08,0.9995011824661654
World,96,0,0.9818539191787761,1.4710837402804479e-15,2.0345858585531827e-08,0.01814606047534569
World,97,3,0.13785192836470458,0.00010995780476440196,1.0950348523784299e-13,0.8620381138303999
World,98,0,0.9999999537615178,1.2256509419129485e-22,1.6228448681027695e-16,4.623846959631578e-08
World,99,1,1.1594769723893672e-05,0.9787587939142695,1.7141091521642577e-20,0.021229611315981965
World,100,1,2.4639066816127743e-08,0.9716749702704528,3.5185906585819757e-16,0.028325005090504497
World,101,1,3.820531662943455e-15,0.9957630018739999,5.803183109409268e-14,0.004236998125949714
World,102,0,0.999999994819234,1.3706073900733124e-25,3.76432139390816e-12,5.176997152856236e-09
World,103,1,2.1918269890704647e-08,0.7638142273468018,2.1865237448927023e-15,0.23618575073489956
World,104,0,0.8113136443696018,6.781584379978731e-05,2.2007987651179496e-09,0.18861853758579655
World,105,3,0.06585507364631117,0.04678188252223218,5.572521426541609e-12,0.8873630438258846
World,106,1,3.9291565222314606e-13,0.9996815399987783,2.7669880187525052e-15,0.0003184600008338459
World,107,3,0.21046323818535223,7.106537865328757e-07,9.840724425776173e-18,0.7895360511608691
World,108,2,5.432177703126366e-08,1.9965281142265184e-26,0.9999998713748338,7.430339684628393e-08
World,109,3,0.0001896074299558231,1.3519896422960597e-09,4.728714690332271e-14,0.9998103912180131
World,110,0,1.0,5.032492681294062e-38,3.477666206091122e-25,4.884849512842326e-15
World,111,3,0.002805775437817663,0.012679064555583939,9.266873662355273e-13,0.9845151600056538
World,112,3,3.1006096671149513e-06,2.3851073195899487e-11,1.3773849654369364e-06,0.999995521981497
World,113,1,1.2402562332105718e-15,0.9999997505991329,3.7201670684918685e-24,2.494008562598551e-07
World,114,3,3.3141576730392806e-05,0.00011940630168366923,1.848670004464411e-13,0.999847452121425
World,115,1,2.3213682908607027e-16,0.9999998840390344,1.970223458742117e-18,1.1596094040025017e-07
World,116,1,4.878942362209737e-12,0.999808664733443,3.6198564740468597e-17,0.0001913352617048288
World,117,3,0.00035076916619123825,0.12555030784513496,2.304322734036168e-11,0.8740989229656043
World,118,3,0.00013703123763540782,2.9573371464569936e-08,2.6702910153401035e-09,0.999862936518696
World,119,1,1.0742608654559756e-16,0.999996749989686,1.7900301640162475e-23,3.2500103160692665e-06
World,120,1,4.7399738430913494e-11,0.9999972531475901,6.799683419465889e-20,2.746805017216747e-06
World,121,2,8.05184470343995e-11,5.714198273385199e-29,0.9999999952727876,4.646718660853673e-09
World,122,3,0.005191746522595268,0.00017170482598603414,2.2839158073702564e-13,0.994636548651167
World,123,0,0.7794013603411815,1.2302626994406382e-15,1.545558971816119e-08,0.2205986242032436
World,124,0,0.989727695310436,6.321935427472431e-09,5.633048529807874e-23,0.01027229836764958
World,125,3,1.792515572462992e-05,0.004558456179992003,5.596066010312074e-10,0.9954236181046573
World,126,1,1.3216637371596647e-11,0.9999714603577361,1.5461485669977484e-17,2.853962903800028e-05
World,127,3,0.001188498180864545,2.8128962101513087e-10,1.1953890418997812e-09,0.9988115003424831
World,128,1,1.7521783030046585e-07,0.999921029962688,6.823346854451127e-17,7.879481946722252e-05
World,129,3,0.0006980808537063505,0.0034696092796349,4.9650054948739015e-14,0.9958323098665992
World,130,1,1.7826783092651172e-16,0.9999999589747981,6.714064571497413e-14,4.1025157643502695e-08
World,131,0,0.9999999998448175,8.173491866329743e-28,1.103307064291036e-19,1.5520058754666369e-10
World,132,0,0.7090878193534266,1.1016620322854522e-11,1.3395999823742618e-10,0.290912180501603
World,133,3,6.653511393597847e-08,1.259776945130962e-08,7.185075001939867e-06,0.9999927357921001
World,134,3,1.5288721649446264e-09,0.06329854108869845,5.354096430867918e-09,0.9367014520283309
World,135,3,0.002197264423126169,0.00010004355819617902,1.156611187447225e-14,0.9977026920186537
World,136,3,0.011535805804476766,0.00011873772166050627,5.9128300446115355e-09,0.9883454505610478
World,137,0,0.9999999999323563,7.082347279789065e-30,7.18027575789477e-17,6.76434124713652e-11
World,138,1,3.516878851006364e-07,0.9981464155128347,4.1308919783835563e-13,0.001853232798870284
World,139,0,0.9999983522580966,2.4447712573533192e-18,2.8003654029333996e-19,1.647741875211294e-06
World,140,1,1.9982349638180954e-12,0.9999042281409122,7.93510453962985e-21,9.577185707373178e-05
World,141,3,1.7425797533453768e-06,3.4218770484555085e-06,2.6460636500754656e-08,0.9999948090825806
World,142,0,0.9999980377444256,7.136864998730169e-26,2.4951377213430008e-15,1.9622555561381222e-06
World,143,0,1.0,3.315476148536647e-39,3.317154225996297e-24,4.233480092269965e-16
World,144,3,1.7753763339483441e-09,0.023433800671161385,5.0007890147267314e-11,0.9765661975034293
World,145,1,3.6961668284668997e-10,0.9999925350607082,1.8788188370416988e-16,7.464569691249626e-06
World,146,3,0.001192071678661101,5.537535113610339e-05,8.521498548326505e-12,0.9987525529616806
World,147,0,0.9999998676707466,7.777344795540638e-24,7.039532532842912e-13,1.3232852571348814e-07
World,148,3,0.0010480978506128829,5.617830082600622e-09,1.8984796394925563e-08,0.9989518775467588
World,149,3,1.380435098270055e-12,0.0003833956312443063,2.1892128023752527e-06,0.9996144151545716
World,150,1,3.7839900314000385e-06,0.9903963525534732,4.98621825170426e-15,0.009599863456512654
World,151,0,0.9997454619612648,4.404887961752218e-17,6.760935381473277e-13,0.00025453803807981736
World,152,3,0.0004926479820104821,2.082871825913629e-08,5.089987149802592e-08,0.9995072802893833
World,153,3,9.378414136747028e-12,0.004804551875972481,4.163211822596199e-08,0.9951954064825118
World,154,3,2.7950801137607617e-05,0.0042326952215524455,1.5539353882972023e-13,0.9957393539771776
World,155,1,1.346259073331502e-11,0.99834203198401,7.247105344003126e-18,0.0016579680025378507
World,156,0,0.999999999985107,5.2322596834488226e-33,1.0082299315792153e-21,1.4910265655799564e-11
World,157,1,1.0550623204275058e-12,0.9992447323641698,7.241506442503772e-12,0.0007552676275327499
World,158,0,0.999999999848967,1.7314832347410455e-24,3.140299574015751e-22,1.5103623917744816e-10
World,159,1,5.66155426125076e-11,0.9988990921952436,2.4660164975127693e-22,0.0011009077481436266
World,160,3,1.6139658553980742e-06,0.19857621584143223,8.11541096905911e-10,0.8014221693811869
World,161,1,1.6158762520272168e-16,0.9999999172744686,2.2571005379659766e-21,8.272555004755883e-08
World,162,0,0.9905831708435934,1.1350764852020499e-12,4.186962566488775e-14,0.009416829155227555
World,163,1,1.4808264022761242e-07,0.9980195288115478,9.238642358359698e-10,0.0019803221819463673
World,164,1,6.267206199824635e-17,0.9999997852767368,2.2059232002593357e-22,2.147232630510216e-07
World,165,1,2.5995522891986e-12,0.99999274239487,8.733167365534506e-20,7.2576025570568355e-06
World,166,2,6.09460440249104e-08,3.037481442027136e-17,0.9868613341792998,0.013138604874646692
World,167,0,0.999999998578744,4.569604046607027e-31,1.4445269137315652e-14,1.4212343961992358e-09
World,168,1,9.80037789839989e-14,0.9999985067075053,8.279631164084502e-20,1.4932923801871435e-06
World,169,3,0.012844806167070283,5.521062587077969e-07,2.244653410747976e-14,0.9871546417266248
World,170,1,4.1939424323211766e-20,0.9999999998607336,3.943441588293619e-24,1.3926479520323843e-10
World,171,0,0.9993278172003726,1.6102475323798596e-17,6.604371412487425e-11,0.0006721827335709263
World,172,0,0.9065808567972833,5.980741085129115e-14,1.2783022506156929e-07,0.09341901537245358
World,173,0,0.9815599152048291,8.892029344990943e-15,6.419209776323656e-10,0.01844008415324397
World,174,3,0.10008323724064307,7.407843073389772e-06,4.447005569101608e-12,0.8999093549118143
World,175,0,0.9975069390527848,1.2869594711306283e-12,1.1073376035062417e-16,0.0024930609459017103
World,176,0,0.7957874431607039,6.701775928210279e-14,3.5717817628040048e-09,0.20421255326743865
World,177,3,0.06552135323831658,2.0095930709021357e-13,1.5355304619472507e-05,0.9344632914568621
World,178,3,0.0003992703852277278,3.4544947802215777e-19,3.322758144927248e-07,0.9996003973389829
World,179,0,0.9985941433748268,7.471591316757247e-23,0.00016526236414467874,0.001240594261022906
World,180,3,6.869851884878334e-06,2.3269959628261548e-07,1.3682267572089451e-09,0.9999928960802948
World,181,1,4.3597952553008255e-11,0.999317801525895,5.596800663123282e-21,0.0006821984305310328
World,182,3,2.0306866801026454e-06,4.899738072660604e-05,2.38119138877243e-16,0.9999489719325882
World,183,0,0.6471435806412633,3.7389339732990616e-07,2.5695273248976674e-18,0.35285604546533855
World,184,3,5.010976529810021e-08,1.4614863593153223e-08,0.00020399668836506378,0.9997959385870261
World,185,1,2.4296590605928888e-05,0.9748004494761142,3.79473990884074e-21,0.02517525393327336
World,186,1,5.732390056978744e-16,0.9999979098367605,1.9757915511050812e-25,2.0901632163341963e-06
World,187,3,4.3946678752776325e-07,1.8541843562661673e-07,6.344770488949695e-10,0.9999993744803215
World,188,0,0.9999999484229547,5.563364697614886e-22,4.53035937529695e-18,5.157705848594702e-08
World,189,3,1.527545917781863e-09,0.00047881176358412886,4.006346756137682e-10,0.9995211863082251
World,190,0,0.9971210693275804,6.436576070925483e-17,9.056829118972746e-11,0.0028789305818289323
World,191,1,7.326330057681737e-07,0.9699656384142161,8.04406176129628e-18,0.030033628952787828
World,192,0,0.9984531805970047,3.459772181312555e-16,3.855273713044565e-16,0.001546819402974544
World,193,0,0.9999338925382147,6.10044292932656e-17,2.166850811133503e-10,6.61072450968918e-05
World,194,1,9.891026870182573e-20,0.999999991275331,1.5342593157835196e-25,8.724646147760055e-09
World,195,1,8.90402989276713e-20,0.9999999854152862,1.6225159715012795e-27,1.4584689915413645e-08
World,196,0,0.9986713913826535,1.3504746460373645e-17,2.9459054299627415e-15,0.0013286086173190084
World,197,1,2.0801765946386324e-10,0.9993754457765069,1.4069086327385012e-14,0.0006245540154391462
World,198,3,0.349211067997286,1.0772820735569674e-05,5.606627846476513e-10,0.6507781586213194
World,199,0,0.9971323943949716,1.1856527867275805e-13,1.8101609247462122e-13,0.0028676056047527393
World,200,1,4.763878519246557e-10,0.987508033126076,8.284647807653632e-17,0.01249196639755763
World,201,3,2.3218990668133268e-10,7.949573595703234e-10,1.1434146142255277e-07,0.9999998846313995
World,202,1,2.6885284010578277e-14,0.9999856269781814,1.5530555700730215e-20,1.4373021806449878e-05
World,203,1,1.230831507712854e-08,0.9999405912079283,1.1967797014213294e-16,5.939648374833128e-05
World,204,1,4.605912123384257e-18,0.9999999781458657,4.884171927755772e-19,2.1854115948485318e-08
World,205,3,0.011019519337544059,5.981584948451249e-05,1.2717684717003942e-10,0.9889206646858056
World,206,3,1.783591207723804e-05,2.6163461851286524e-11,0.001216867965267184,0.9987652960964966
World,207,0,1.0,5.185205996962411e-50,1.952889973377317e-29,1.757093115131614e-21
World,208,1,1.095487297265217e-09,0.9999180548323968,2.919361699284166e-16,8.194407209193417e-05
World,209,3,0.007690569746762773,1.8868177495328727e-05,5.827815758152005e-14,0.992290562075671
World,210,0,0.9943741541449119,4.143965600282166e-22,6.55250851683411e-10,0.005625845199814793
World,211,0,0.9999454650356984,2.317376475511367e-06,5.113146550392483e-16,5.2217587828805304e-05
World,212,3,0.16887399451611956,1.8324363203112005e-08,2.6851029598146056e-13,0.8311259871592482
World,213,3,1.3533349515306602e-12,4.3168163370631094e-05,4.172643737384284e-08,0.9999567901088319
World,214,1,4.640685802458674e-13,0.941741607960874,1.4930711870611005e-15,0.05825839203863549
World,215,0,0.9409041110704315,1.5895553792908693e-21,2.032513794916939e-08,0.05909586860444252
World,216,3,0.0001819101020003642,1.7360092132090107e-09,7.985752543153427e-11,0.9998180880821302
World,217,1,5.573440353344962e-17,0.9998477649876086,3.888637613536909e-18,0.000152235012372937
World,218,3,1.1043859317955054e-05,0.0027895776578144376,8.431975627745557e-12,0.9971993784744586
World,219,3,3.970506783043936e-10,0.0023508480826869857,1.67458439382667e-07,0.9976489840617982
World,220,1,2.62163202955528e-14,0.9998733921947403,1.3658826549998667e-22,0.00012660780522318217
World,221,3,2.8436099787465305e-07,6.122797931563866e-05,9.00766557807176e-07,0.9999375868931504
World,222,0,0.990675710499183,3.3077473806931723e-07,2.27840070631742e-20,0.009323958726054201
World,223,1,3.32946373852475e-15,0.9999471358636115,2.0714291631588755e-19,5.2864136411807794e-05
World,224,1,1.787112644772446e-07,0.995154250667921,6.050411175419863e-19,0.004845570620790746
World,225,3,0.32129465126478457,2.2535402170345207e-05,2.3442266209481174e-16,0.6786828133330576
World,226,0,0.9902561593404269,1.809493025472033e-19,3.729194403584979e-06,0.009740111465162939
World,227,3,3.366121724319692e-06,2.7556763088879715e-05,7.952478318199366e-09,0.9999690691626906
World,228,2,3.2716234917793862e-09,1.0777538403547845e-16,0.9994694989302668,0.0005304977981228668
World,229,0,0.9999923049053825,2.3157803356433112e-24,6.974900787690116e-12,7.695087658184717e-06
World,230,3,0.017699837347515335,0.007628825074805016,1.2342085387266713e-14,0.974671337577654
World,231,3,0.04580240545615861,0.0003254199520166059,1.4506384474999763e-12,0.9538721745903974
World,232,0,0.7350083898577959,6.130142798670216e-08,3.529278128460357e-17,0.2649915488407485
World,233,1,6.97555546091136e-17,0.9999999795639953,1.7982199752729748e-23,2.043599348954372e-08
World,234,1,8.771952245325726e-06,0.9934141747870079,6.691763428911184e-20,0.006577053260728158
World,235,0,0.9999999988929176,4.924226099093486e-19,9.473665039952422e-22,1.107055825231344e-09
World,236,0,0.9999912468559807,6.3899479097877035e-25,1.4199969325411775e-14,8.753144004575436e-06
World,237,3,0.01669278788517618,0.0002560752550211625,3.983646465818607e-15,0.9830511368597985
World,238,0,0.9988305637385682,8.365141316259867e-21,1.4558707534373033e-08,0.0011694217027373576
World,239,1,3.180190355741399e-13,0.999426378582382,3.1850297929983622e-21,0.0005736214173229429
World,240,0,0.9999975778322099,1.425528823777882e-14,1.961892139551041e-16,2.422167748120264e-06
World,241,3,0.07759068118833193,6.34150602348265e-12,5.444736414298187e-16,0.9224093188053166
World,242,3,0.0004456857449987183,5.173712668883003e-07,1.1837308940544632e-12,0.9995537968825267
World,243,3,2.248329935488072e-05,9.368736658734496e-08,2.14307313836794e-12,0.9999774230111379
World,244,3,0.1480118498873974,5.935823968962905e-07,4.314758663929345e-11,0.8519875564870586
World,245,2,0.13790568814707763,3.258737768817474e-20,0.8616455599303362,0.00044875192258564037
World,246,1,9.985363792696059e-14,0.9999927673873192,7.46257018106468e-22,7.2326125690419995e-06
World,247,3,0.37125965232636793,0.0040807263767514545,6.25507419483229e-12,0.6246596212906397
World,248,3,5.564904223393137e-05,8.278803146025234e-08,4.880111565408769e-10,0.9999442676817399
World,249,3,0.0015667546102960336,8.646398549044259e-13,4.497405211791974e-09,0.9984332408914218
World,250,3,0.13726058794159043,8.581215780491061e-15,7.153106411933932e-06,0.8627322589520001
World,251,3,0.0006814302037013364,1.9718387432087812e-13,7.902825863290169e-07,0.9993177795135291
World,252,3,0.0010537343325891977,3.626956739616971e-07,3.226960506617586e-12,0.9989459029685194
World,253,2,4.96336970415595e-13,3.867685181520437e-22,0.9999999661619091,3.3837593179613966e-08
World,254,3,5.814803309816718e-06,0.019004778644783935,3.425723699511074e-15,0.98098940655189
World,255,3,3.5349554888192108e-09,0.00033361537280769975,4.136129401553289e-10,0.9996663806786183
World,256,3,1.2103720391844184e-05,1.895109829496532e-09,0.000703579693523115,0.999284314690992
World,257,1,2.896295728596154e-20,0.9999999998274802,8.154261401864342e-23,1.725134141893156e-10
World,258,0,0.9998245430209485,2.2936402214009206e-10,3.562305900079069e-21,0.0001754567496869071
World,259,3,0.0071086538668283785,1.9533230835787465e-07,4.453404851406079e-07,0.9928907054603509
World,260,3,0.3328026216987523,0.002939923747007476,9.239194960174587e-09,0.6642574453150191
World,261,0,0.9999999481129307,6.427366400009664e-27,3.5913929225582724e-15,5.188707308114549e-08
World,262,1,1.456228721209975e-14,0.9999976292493464,1.9163634473336553e-15,2.370750659148148e-06
World,263,0,0.9999971689578899,4.977970869591899e-23,7.246798962179793e-15,2.8310421173770286e-06
World,264,3,0.0004023910372770664,0.00029133165004660203,2.479200535627849e-12,0.9993062773102012
World,265,3,2.0272926081186138e-06,0.0003552143882042202,2.929209692544356e-06,0.9996398291094836
World,266,0,0.659176935988509,2.369427050738694e-16,1.132426949329116e-09,0.3408230628790753
World,267,3,0.42372044115448443,8.793788931654245e-07,6.957083911680447e-12,0.5762786794596513
World,268,3,8.027872109041431e-06,1.3484521398873754e-06,7.780503915547319e-09,0.9999906158952627
World,269,3,0.0003153941008648905,9.298556292994092e-12,1.1008764308292232e-10,0.9996846057797656
World,270,0,0.9999999889986385,5.601715681606457e-31,2.8566122789085526e-15,1.1001378383431536e-08
World,271,0,0.9999861521366588,1.695026842060275e-15,3.548660454830437e-20,1.3847863319787967e-05
World,272,1,1.231415313873056e-12,0.9999012786242687,3.3550767669626383e-21,9.872137449858394e-05
World,273,0,0.8525937975896682,7.098178806833655e-12,1.0147240123041709e-11,0.14740620239306987
World,274,3,0.050713294697926965,1.4726417932393438e-09,8.052721998122759e-08,0.9492866233022379
World,275,3,1.5019364882547596e-10,3.7287494408758344e-06,2.636776241535661e-07,0.9999960074227497
World,276,3,0.0072357655530410625,0.05243357598039308,2.9549821945842824e-18,0.940330658466557
World,277,1,6.932508157146067e-07,0.9021151304551783,6.116838223680896e-15,0.09788417629398449
World,278,1,1.0297185589014721e-09,0.9995736574313523,7.354598286685717e-18,0.00042634153892487944
World,279,3,1.5680817087912236e-05,3.281559465437345e-05,4.832101987117274e-12,0.9999515035834304
World,280,3,0.3068911215988882,1.1101352470617747e-07,1.2132972499685218e-15,0.6931087673876022
World,281,0,0.9837690855210495,2.600353185012874e-11,1.2662139094308856e-15,0.0162309144529371
World,282,3,0.0008572541209058942,1.5468297065907802e-10,5.861985377132056e-06,0.9991368837390616
World,283,1,4.052238243631752e-13,0.9999953631827974,2.7875295227723454e-15,4.636816804643491e-06
World,284,3,0.00572893693280452,1.474596096315375e-10,7.607337466081896e-10,0.9942710621589985
World,285,1,3.985808688122402e-12,0.9999877216664622,3.843266909084701e-21,1.2278329549942682e-05
World,286,3,0.0001881159276787456,3.1410591849411336e-09,5.725526406090645e-06,0.999806155404844
World,287,3,0.20151394188047447,2.892846833041617e-16,5.647532119704e-07,0.7984854933663302
World,288,3,0.008218012060424258,9.526584772292684e-06,2.284698774587739e-09,0.991772459070114
World,289,1,1.0430825200582869e-20,0.9999999958071157,2.0939796939057076e-25,4.192873673362256e-09
World,290,0,0.9981641803337445,4.794014257453367e-10,2.746783539701849e-12,0.0018358191841212112
World,291,1,4.122032798171461e-11,0.9997939542019082,6.222591421848285e-20,0.00020604575686899683
World,292,0,0.9239207710111152,5.392985714057142e-11,6.437898535739736e-10,0.07607922829115898
World,293,2,1.7767516471533762e-17,3.90856900878878e-27,0.9999999999370175,6.299282006854446e-11
World,294,1,1.4323401015829058e-22,0.9999999986121679,7.455630850243387e-30,1.3878242846978535e-09
World,295,1,6.676457096336592e-19,0.9999997645604985,3.1700118563651477e-25,2.354394876322286e-07
World,296,1,7.597547252294256e-07,0.9993227042538401,1.4260253170975795e-10,0.0006765358488537133
World,297,3,5.485719173876462e-07,1.3674570738821613e-08,2.1228321902169953e-06,0.9999973149213256
World,298,1,1.2805687480595371e-07,0.9981918344346908,3.517548514421489e-20,0.001808037508419365
World,299,1,3.478709373794151e-12,0.9979542887082398,1.566056658219524e-19,0.002045711288263685
World,300,1,0.0011087357199207565,0.5954685631057839,7.403137421352024e-16,0.4034227011742923
World,301,3,0.41810402742810127,1.4518004647159704e-09,2.936407713089804e-07,0.5818956774793512
World,302,3,0.0005234777712088281,4.634245082751684e-06,1.8265854821322139e-09,0.9994718861571322
World,303,0,0.9913964593846828,9.640761639655711e-12,7.206821980840744e-14,0.008603540605618574
World,304,3,1.639500140517351e-05,1.0766815745306454e-18,2.389004672266171e-11,0.9999836049746812
World,305,3,1.2406099326454125e-05,3.2749307086104782e-24,1.2542734506211573e-11,0.9999875938881264
World,306,3,0.4225549358488323,7.854593059810941e-10,4.924584375657693e-08,0.5774450141198931
World,307,1,1.4289403374943057e-13,0.9999701371556523,5.563800658923683e-20,2.986284422284705e-05
World,308,1,1.5847207269638649e-18,0.9999999991892423,1.2230225207443829e-21,8.107848406006423e-10
World,309,3,7.175616090752816e-10,6.4916936811866804e-06,1.4056569219575585e-06,0.9999921019318492
World,310,1,1.0979380549935352e-06,0.6959256652992141,1.9654950216064763e-13,0.30407323676252557
World,311,1,6.285627484540886e-14,0.9991753425066778,1.6462075899224152e-16,0.0008246574932737288
World,312,1,5.329594767784642e-17,0.9998338443542586,2.2713222767655096e-17,0.00016615564575438808
World,313,0,0.9999992581621677,3.3057336203146955e-28,3.7217384952513213e-11,7.418006351546075e-07
World,314,0,0.999984594109361,1.1795789296255513e-15,2.698571990609093e-20,1.5405890633758532e-05
World,315,1,3.1018925391160787e-11,0.9999951876782635,2.2713316715297385e-16,4.812290705430414e-06
World,316,3,1.572881035981208e-05,7.491833489013056e-09,3.5820286616652673e-09,0.9999842601157639
World,317,3,1.1447031243394288e-05,9.178390404688938e-19,3.167731691745828e-05,0.9999568756518128
World,318,0,0.9999999269176127,4.398310502460497e-23,1.4686132461533357e-16,7.308237978262936e-08
World,319,0,0.9999992766898118,2.7877950469186875e-21,1.488192005678272e-13,7.233100216724282e-07
World,320,3,5.0106207492581837e-05,4.53769652575989e-10,2.113031591527363e-09,0.9999498912256828
World,321,3,0.010292512828440655,1.1897175380104964e-10,1.0131394661489473e-13,0.9897074870524769
World,322,3,0.0024890539198964153,3.948615307031765e-11,4.794266681591588e-12,0.9975109460358113
World,323,3,0.0019249329051575527,9.364462901671642e-09,9.723758652485214e-09,0.9980750480066326
World,324,1,4.045127597210221e-06,0.9991810373765942,1.938837744599512e-15,0.0008149174957978126
World,325,1,9.44809751653001e-10,0.9952477472175072,4.665867128894408e-12,0.00475225183301088
World,326,1,1.9851218393261716e-11,0.9964289267257868,8.640430588584945e-21,0.0035710732543864127
World,327,3,0.004354031852238681,9.35349636406292e-09,7.872002484927575e-11,0.995645958715542
World,328,0,0.999958869217046,1.4634636232047628e-16,3.637480274329077e-16,4.113078293582337e-05
World,329,1,5.963124774595408e-10,0.9999752509120781,4.129000316002897e-15,2.4748491577352494e-05
World,330,3,0.00027768738804259246,5.048049798202629e-10,4.159357242682302e-05,0.999680718534727
World,331,0,0.9999817418648318,1.7555954210868334e-15,9.969032820857857e-19,1.8258135181489826e-05
World,332,0,0.9818754025690116,3.5926459905574884e-15,2.7448404488755028e-11,0.018124597403540905
World,333,0,0.9999999653378501,7.705673041292307e-24,3.1153716063428453e-15,3.466214186964978e-08
World,334,1,9.931626474749515e-14,0.9999996569686138,4.1806171573587016e-19,3.430312984622658e-07
World,335,1,2.8549030993531776e-14,0.9999973449199051,6.229404975052561e-24,2.655080047180522e-06
World,336,0,0.9992582883040575,6.620392231040588e-09,2.4669125790809076e-12,0.0007417050730852829
World,337,0,0.9999975770598802,4.0436268288366944e-20,4.153684464334314e-15,2.4229400910081052e-06
World,338,1,8.465851977834785e-05,0.9495999724128272,3.319947231987933e-15,0.05031536906736736
World,339,1,6.984787101981475e-09,0.6312261040670634,8.53176226704565e-13,0.3687738889472842
World,340,3,3.5153063199464726e-08,0.06372208307371154,1.9239517888453726e-16,0.9362778817732085
World,341,3,2.8728192328940132e-08,0.2108244184913944,2.5958750658135607e-12,0.7891755527777949
World,342,0,0.9999993902944351,1.1713166839534824e-18,1.302728082903114e-18,6.09705542303925e-07
World,343,1,2.0680579130658392e-08,0.9977566784940106,1.8537339022630598e-12,0.002243300823540302
World,344,3,4.876085797250753e-08,0.009654493162629068,9.51361332218706e-10,0.9903454571251559
World,345,3,0.013582023329451591,1.7159825450286376e-06,7.777017956116233e-14,0.986416260687913
World,346,1,2.127789672644721e-17,0.9999999917584432,1.0338131044833703e-18,8.241530987619348e-09
World,347,3,1.7635966746101896e-06,0.3361074561409759,6.696377977708463e-19,0.663890780262374
World,348,1,2.5091482991351886e-10,0.9991292824334115,8.738873851339498e-14,0.0008707173155912829
World,349,1,3.850898487569304e-09,0.99978006008381,7.6616520809174e-22,0.00021993606529340176
World,350,1,7.533103684086018e-21,0.9999999991486561,5.06630968238562e-22,8.513215661017602e-10
World,351,1,1.5702963069190427e-14,0.9999231325192195,3.136274726892816e-19,7.686748075717354e-05
World,352,3,1.0794058688958445e-07,4.6078860719092574e-07,4.454623991416038e-10,0.9999994308253605
World,353,1,2.7538243323451223e-06,0.9989252218216904,4.457790989904712e-17,0.0010720243540007811
World,354,1,1.2145498016125875e-19,0.9999999986976604,2.195775378162298e-21,1.3023538416029266e-09
World,355,0,0.9367585091224453,4.1680836909827507e-10,1.9717317016403703e-14,0.06324149046074326
World,356,1,3.0074260065255926e-11,0.9950996111139668,6.721098917018319e-20,0.00490038885593847
World,357,3,0.0024642117576467505,2.315690800492679e-09,2.2004416696786138e-07,0.9975355658824681
World,358,3,1.4716705215790322e-05,6.079959593663473e-07,8.384596374836318e-08,0.9999845914528817
World,359,1,4.75000344262565e-09,0.988929241601256,2.9728885578692985e-15,0.011070753648738472
World,360,3,4.828812672782783e-08,6.010172148225204e-07,0.0007684910302037366,0.9992308596644519
World,361,1,4.28548922559649e-20,0.9999999969405167,1.2700681998236523e-22,3.059504486798299e-09
World,362,3,0.0019153261812603964,0.0002733849676225119,4.421156718949986e-09,0.99781128442998
World,363,0,0.9999991269935835,7.31341392676994e-21,1.6737427572046483e-16,8.730064380612183e-07
World,364,1,3.145175352460106e-19,0.9999999832132859,4.3205508593638134e-20,1.6786709019936614e-08
World,365,0,0.9999956231226581,2.6878938705622806e-13,1.3053036827719049e-18,4.37687706106935e-06
World,366,3,0.0011139112337336919,1.3718183519670824e-13,1.3206987278830246e-08,0.9988860755591155
World,367,3,0.0008784909401239454,1.5073161758779356e-11,6.832074453041169e-10,0.9991215083615894
World,368,3,0.08274133614735832,5.879648842241563e-13,5.204741686668551e-09,0.9172586586472853
World,369,1,4.16593318139647e-09,0.9999477225338168,2.858463746982523e-17,5.2273300249966693e-05
World,370,0,0.9614056875933851,3.666654226340536e-13,3.736052043498345e-11,0.03859431236889582
World,371,1,2.7763519970511553e-08,0.992459489640491,1.1372593516237374e-15,0.007540482596005688
World,372,3,0.0041491621888262754,1.1637493165053995e-10,1.797804901324104e-11,0.9958508376768046
World,373,1,1.867521357588657e-16,0.9999535254167514,3.5172857125956237e-13,4.647458287232024e-05
World,374,3,0.009287481807238774,9.675548271727342e-14,1.162452189523301e-09,0.9907125170302241
World,375,3,0.06386230368770009,1.5285434960902732e-15,7.192987317693238e-06,0.9361305033249695
World,376,3,2.62058214128054e-05,8.455440469589948e-05,2.501299681739031e-08,0.999889214760894
World,377,3,4.502839839249703e-08,0.000224024849522681,4.509195149468545e-14,0.9997759301220499
World,378,2,8.155556021606587e-14,9.076624269596072e-26,0.9999996081649186,3.918350209376054e-07
World,379,0,0.9958173465335868,4.781886597966427e-15,4.2881624289438696e-11,0.004182653423540613
World,380,3,0.04249977656116763,6.626164029524431e-10,1.7314732207796243e-06,0.9574984913029994
World,381,3,4.762559550704671e-05,0.008899495064700301,1.684383890875437e-10,0.9910528791713273
World,382,0,0.7352334636905267,0.00014007496985026386,6.253526932272546e-13,0.26462646133901085
World,383,0,0.9999999097354403,3.280718082150191e-22,4.4944202176271716e-17,9.026453271304662e-08
World,384,0,0.9990730048811938,5.822069634275767e-16,9.479808339187986e-16,0.0009269951188257362
World,385,3,0.00019164274021353172,0.04852738550946266,1.0378992698867088e-12,0.9512809717492927
World,386,3,1.9163333551042285e-05,0.00042771848828673976,7.157927173736053e-12,0.9995531181710315
World,387,1,2.638622437248126e-16,0.9999998296008389,4.083204022928856e-20,1.7039913507861557e-07
World,388,2,1.2564911634462527e-06,2.377561699617763e-28,0.9999987380107319,5.498076674376821e-09
World,389,1,5.068467430968234e-09,0.9999538100353876,8.6253425906357e-19,4.618489615168447e-05
World,390,0,0.9886775599069196,2.0729847373211689e-19,2.9365621897648964e-08,0.011322410727467341
World,391,1,2.033926314820066e-11,0.9994124154960148,5.405522570335978e-16,0.0005875844836414559
World,392,3,3.285425328686107e-07,3.037811126858228e-06,6.213935016814197e-12,0.999996633640119
World,393,3,7.462959355074614e-06,1.223576367316549e-06,1.3729632076960622e-12,0.9999913134629265
World,394,0,0.9985693317579845,1.4640158585384716e-09,7.296282640438865e-13,0.001430666777283831
World,395,1,2.2979014720836917e-16,0.9999999551506004,8.695291929719501e-23,4.484938850060852e-08
World,396,3,0.0008599623626802575,1.5816892005309992e-09,4.8052768159532315e-09,0.9991400312503336
World,397,1,4.192794766845834e-13,0.9999930525249605,5.561642972782234e-21,6.9474746316609804e-06
World,398,3,0.10741768056808171,9.05617515543126e-13,1.0799391892517008e-05,0.8925715200391083
World,399,0,0.9999975400687747,7.045406210542037e-16,6.638444773836783e-19,2.4599312094058118e-06
World,400,3,0.0031023601305042747,0.006660378956503152,3.7596950141687057e-16,0.9902372609130067
World,401,0,0.9999093741781181,1.9287846435114733e-17,3.938456154334146e-14,9.062582186804086e-05
World,402,1,4.88356761357903e-11,0.916497964167278,9.73282518482014e-16,0.08350203578390365
World,403,0,0.9987090086755002,1.1525063761669767e-14,1.286316662423281e-09,0.001290990038185049
World,404,0,1.0,4.074444053408223e-38,1.5718237939000983e-26,7.978543541902561e-16
World,405,0,0.9999932074265329,6.224546046448032e-23,4.490940233645636e-09,6.788082536845943e-06
World,406,0,0.5976019483681545,4.011772263747544e-12,3.7217019921867295e-12,0.40239805162412023
World,407,3,0.00011511801676684353,1.5295805306552053e-05,1.6307192528065024e-10,0.9998695860148397
World,408,3,0.00010303596694546138,0.05531105701397475,1.3144301208643324e-18,0.9445859070191038
World,409,3,0.4221017968954387,3.593299935365648e-10,4.139071218096125e-07,0.5778977888380811
World,410,3,0.09168941424774844,1.1991527060855458e-07,2.7713052882185093e-14,0.9083104658369789
World,411,1,6.403395875643358e-19,0.9999999911219106,7.792982776774576e-22,8.878065040087587e-09
World,412,1,4.5876523957105674e-11,0.9996128199966445,2.6305056487027763e-17,0.0003871799574687074
World,413,3,0.017308052270585874,5.886339083051498e-10,2.1795165605567787e-16,0.9826919471407707
World,414,3,5.374559582319921e-06,5.051687434150721e-07,4.938171585997109e-06,0.9999891821001021
World,415,0,0.9996296965410942,6.370375011330532e-19,2.4979217469446542e-08,0.00037027847969026205
World,416,1,1.6584620347553735e-11,0.9992967825159416,3.4694275104709786e-19,0.0007032174674839284
World,417,1,8.939183471064503e-23,0.9999999999977263,5.381589884468769e-25,2.2857448443921778e-12
World,418,1,3.269024745604088e-13,0.9999962658043645,8.098849867096727e-23,3.7341952942405233e-06
World,419,0,0.998924783432826,5.358837090933702e-14,4.606204992986281e-14,0.0010752165670919983
World,420,3,1.0081883598823327e-08,5.420830084628902e-06,1.7521774431770982e-08,0.9999945515662669
World,421,1,1.1760005765032142e-10,0.9997641007903338,1.7232063361728437e-21,0.000235899092037697
World,422,3,2.705871144171078e-05,3.0810857281630487e-06,2.851688436074071e-14,0.9999698602028159
World,423,3,0.0006308100787621116,1.310728983101887e-06,5.310364875015556e-18,0.9993678791922668
World,424,0,0.9886450718682521,3.284581569426696e-15,1.3632886045653268e-09,0.011354926768435735
World,425,3,0.000606300375557726,0.003926330711294261,3.732818373200128e-13,0.9954673689127956
World,426,0,0.9998080357637987,2.1835084898624822e-16,3.833479701640648e-13,0.00019196423580533384
World,427,3,0.0102230803637655,0.00017263220877979866,4.489509042497991e-19,0.9896042874274459
World,428,0,0.9999999999999432,3.4834542160283976e-37,1.5046332001837559e-19,3.5414796934409225e-14
World,429,1,2.7493704839330524e-10,0.9507615288109886,1.0040429876551321e-13,0.0492384709139847
World,430,3,2.655972488100677e-06,7.912413326254914e-07,2.751360550745043e-10,0.9999965525110237
World,431,1,3.02487956328341e-07,0.9813418434819957,1.175926470347475e-13,0.018657854029937058
World,432,1,2.6153305351576847e-11,0.9983367470112965,5.917050838676532e-14,0.0016632529624966488
World,433,3,1.0508419861490733e-07,0.0004888779957855202,1.7269398525844668e-11,0.9995110169027738
World,434,0,0.9999994964844194,2.639842057766577e-26,3.375792602105286e-19,5.035155627506402e-07
World,435,1,4.150656017097711e-05,0.9974125602065786,9.043080902469915e-20,0.0025459332332424455
World,436,3,0.0006414377410196734,7.515159439069115e-12,4.2150459211578504e-11,0.9993585622093136
World,437,1,7.548736952386285e-09,0.9966749528043379,1.4571232551711472e-15,0.0033250396469465876
World,438,3,0.046653797441477844,1.8221240419277102e-08,1.3672770046594356e-11,0.9533461843236021
World,439,1,3.280369943647861e-13,0.9999211931397095,1.1762082192329047e-16,7.880685995001517e-05
World,440,0,0.9352106791331368,1.6676207268998994e-16,5.502146283454861e-07,0.06478877065226248
World,441,1,9.118708532780726e-16,0.9999923058013984,1.8720854957028635e-21,7.694198598990637e-06
World,442,1,7.0789640311043705e-06,0.9757136781942556,2.5889048631945375e-14,0.024279242841661743
World,443,0,0.9805009491686332,5.364832932874667e-06,3.872985102273191e-17,0.019493685998443786
World,444,1,3.560686449746455e-08,0.9935130014868526,1.3245276546679039e-12,0.006486962904932438
World,445,0,0.9999899981081596,4.8841356331860094e-18,1.9352791666528267e-09,9.999956570473357e-06
World,446,3,0.011385936050191984,1.0417371363551508e-07,2.9866616852126092e-12,0.9886139597731353
World,447,3,5.9068760947527484e-08,0.277609125231424,2.0780709115812547e-11,0.7223908156790383
World,448,0,0.9972308702920312,1.0165119077225617e-09,2.864658906021985e-15,0.002769128691447071
World,449,0,0.9990545914356707,3.3231856215188915e-16,1.5913689448250508e-15,0.0009454085643504682
World,450,0,0.9999769328382183,1.0466671600596382e-17,2.6629985043735574e-13,2.306716149334672e-05
World,451,2,0.0001719613708525109,1.4858669696874943e-23,0.9998247084291351,3.330199987519352e-06
World,452,0,0.9997860916392005,4.599870410390758e-18,2.9145564920711047e-12,0.00021390835788464888
World,453,1,0.00016404769128392543,0.7634216837914921,4.688918490923938e-16,0.2364142685172147
World,454,3,0.03023461496444492,9.184909593395431e-11,2.3555018530060113e-09,0.9697653825882265
World,455,1,0.00045360275500613107,0.9141648118563127,1.0303478775170793e-14,0.0853815853886771
World,456,3,0.017283010547613265,1.3666900635032612e-08,1.8897963481606898e-09,0.9827169738956903
World,457,3,3.191964905352232e-08,2.631025389015682e-06,5.667916923130505e-12,0.9999973370492725
World,458,3,8.807301302673549e-05,3.182383016023894e-06,1.474836575907226e-14,0.9999087446039617
World,459,1,1.2816197216306323e-10,0.8903873604541205,4.630281639297173e-17,0.10961263941773418
World,460,1,1.9556120049005137e-05,0.9674945198506678,1.6186167811329284e-15,0.03248592402927742
World,461,0,0.9811358358476538,6.045331875796364e-18,1.044898917630576e-06,0.01886311925341314
World,462,3,5.796909243166439e-06,0.06816857576338954,2.8284155352532753e-12,0.9318256273245419
World,463,0,0.5972903793178962,6.743108804312557e-13,0.008149431119123335,0.3945601895623086
World,464,2,2.4707302862741874e-16,1.300127293385009e-17,0.9999999287505855,7.124939354697657e-08
World,465,3,0.12045749282832319,1.1809288133479805e-09,8.773771059575547e-06,0.8795337322196939
World,466,1,1.7044315314651548e-07,0.9990236762067115,6.7753017349529e-16,0.0009761533501303433
World,467,1,2.2200454586631215e-09,0.9830458517286353,1.9301027021900814e-10,0.016954145858306163
World,468,3,2.3493750609533144e-10,6.272275740799624e-07,3.513993963168239e-08,0.9999993373975747
World,469,0,0.9999913702351406,4.7257278128715855e-17,4.1524290494806294e-15,8.629764846191139e-06
World,470,3,0.0002450469260685696,1.023231629945404e-05,1.158817788175449e-13,0.999744720757513
World,471,1,1.2056551563555887e-11,0.9996887981191988,3.756796808116807e-12,0.0003112018650159794
World,472,1,2.8753448130809916e-09,0.9994381537326812,1.3729931254692286e-16,0.0005618433919677931
World,473,3,3.4024702411742656e-08,3.346499273870749e-09,1.0639354252221317e-05,0.9999893232745589
World,474,0,0.5834972678164244,6.122995800594923e-13,1.046280017896304e-11,0.4165027321725229
World,475,0,0.9999999994249151,1.092709017980823e-21,2.3856303914123922e-21,5.751015107734417e-10
World,476,3,8.257096838845425e-05,0.006389034125970595,9.25698666360901e-15,0.9935283949056319
World,477,2,1.4809226493706882e-12,1.798689953695416e-30,0.9999999993317488,6.667922579062818e-10
World,478,3,1.5939763399549376e-05,1.8024824957982617e-06,1.0649396157377589e-10,0.9999822576476143
World,479,3,0.020740345587624186,1.2432008502869406e-05,1.690118097280317e-09,0.9792472207137566
World,480,1,7.307016623058996e-14,0.9999981694946583,4.603293340620757e-28,1.830505253890196e-06
World,481,0,0.9993572666890896,1.5574858783455425e-17,2.3303611898709523e-09,0.0006427309805719808
World,482,0,1.0,1.5650144814662514e-60,1.366699509104448e-39,1.2771255346096505e-29
World,483,0,0.9999999987542765,1.1177523076523498e-34,6.055991451155937e-16,1.245725433496835e-09
World,484,1,1.4894908348023017e-12,0.9997012744297542,2.6299068967968054e-18,0.0002987255687608096
World,485,3,2.9551620792467384e-06,0.00046737215470456255,1.0680348754074737e-13,0.9995296726831138
World,486,3,1.1431920080587244e-07,1.8144239141419732e-06,2.6044835067145704e-08,0.9999980452120446
World,487,3,0.00010139277333160124,6.617607388269519e-07,3.9247481091904886e-08,0.999897906218459
World,488,1,0.13271347512944492,0.6319493098652957,2.1833923180497186e-16,0.2353372150052461
World,489,0,0.7633115007585123,9.653038967071573e-18,2.895247829972604e-11,0.23668849921250962
World,490,1,4.7475271553352515e-15,0.9999975455255021,1.205617854142204e-20,2.454474492973896e-06
World,491,0,0.9999998973003752,9.244862879409674e-15,1.5661506206957214e-24,1.0269958733090808e-07
World,492,1,3.408187874577768e-13,0.9997645214743975,2.051322060532932e-20,0.00023547852528701976
World,493,3,0.0001341938724317314,8.066547680935347e-08,1.3038567186392737e-07,0.9998655950764075
World,494,0,1.0,3.5322917333618124e-40,9.222379612159993e-23,7.425803022514276e-18
World,495,3,4.692915523672183e-05,8.458879558339503e-07,2.7426655319928104e-13,0.9999522249565487
World,496,3,0.22327184713875092,1.2704220833054952e-06,3.1247791688307306e-12,0.7767268824360386
World,497,1,5.137847651434901e-15,0.9998952110556847,1.7643380971421527e-19,0.00010478894431004613
World,498,1,2.9448520325352464e-14,0.9999760238285702,5.3336950130875194e-20,2.397617142177422e-05
World,499,1,7.628401930290379e-19,0.9999999870202602,1.1439986829874552e-25,1.2979742385059556e-08
World,500,0,0.7716818228949943,1.079859609577203e-12,1.4761626985036472e-10,0.2283181769562843
World,501,1,7.03339355312663e-21,0.999999968610894,4.316584611220381e-15,3.138911046471304e-08
World,502,0,0.99961466254911,1.6878367669157204e-17,9.836494584997328e-13,0.00038533744992103703
World,503,3,5.769385160228878e-06,0.0003102313032364818,1.9909098225768907e-12,0.9996839993096152
World,504,1,2.9705293371302173e-16,0.9999556130626716,2.4231398349138423e-18,4.4386937342199835e-05
World,505,3,3.033205067959349e-05,0.1486494656473008,8.882324044001531e-14,0.8513202023019407
World,506,0,0.9689414705823228,3.030228770667598e-12,4.949081265159103e-12,0.031058529409671957
World,507,3,0.00348572121401365,5.634062683747899e-05,2.7678096856242483e-09,0.9964579353913608
World,508,1,1.0690780694529827e-14,0.9999311043227737,1.7441244955889878e-17,6.889567719784231e-05
World,509,0,0.9999999810123088,9.92526682675056e-30,8.4973756157596e-14,1.8987624718601173e-08
World,510,1,8.045905486288536e-20,0.9999999958142212,8.630602657696713e-27,4.18579505319673e-09
World,511,3,1.2408118688039916e-07,0.0435649784177493,4.333643162712825e-10,0.9564348970677106
World,512,2,1.215625572538475e-07,3.5599276074557114e-25,0.9999958197706011,4.05866682710723e-06
World,513,0,0.9999998635738714,2.898398623756643e-22,1.607823266440733e-13,1.3642594018340175e-07
World,514,1,2.4762189715656884e-09,0.9988523164533023,1.6554729590953017e-13,0.0011476810703285065
World,515,1,1.3474816572641193e-05,0.994850881012287,2.7423254955448534e-15,0.00513564417112175
World,516,1,1.1432998961931735e-24,0.9999999999980673,1.3419903347483356e-25,1.9174333483908948e-12
World,517,1,4.6472478530012433e-10,0.9999397550925125,2.947353792369087e-20,6.0244442774226844e-05
World,518,1,1.0653511257211839e-14,0.9999036423603322,1.252623952572015e-19,9.635763968387419e-05
World,519,1,5.278102655522309e-07,0.995708501883187,7.453139577695713e-12,0.004290970299082188
World,520,3,1.3694242412531893e-05,0.0008864376917956277,1.168977602138245e-12,0.9990998680646102
World,521,0,0.9956632820879837,5.943433693782536e-21,1.8160579306275485e-08,0.004336699751421895
World,522,0,0.9999996049260956,2.1030668054867623e-26,2.0431679724089453e-12,3.9507187143774373e-07
World,523,3,0.021092028070801832,9.84191365266405e-06,3.0920487792504154e-09,0.9788981269235196
World,524,0,1.0,8.643245602591851e-42,3.561307538768859e-23,3.530986634971812e-17
World,525,3,0.01678826635639267,1.460899287468827e-13,3.6930700088315955e-08,0.9832116967127875
World,526,1,0.0046573683106532465,0.8912707041042199,2.583652109225395e-16,0.1040719275851545
World,527,3,2.4156244046523116e-05,0.006226324808900285,1.6559393581254854e-15,0.9937495189470333
World,528,0,0.9999999998424869,3.0104457915700864e-17,3.174413985841255e-22,1.5752821975607974e-10
World,529,3,0.1499903841542801,1.49315181794235e-10,1.984078547060378e-05,0.8499897749109442
World,530,1,7.387239696102029e-12,0.9999995154382796,7.2558687836895e-21,4.845543483981032e-07
World,531,3,1.2904957546531423e-05,5.434791730371556e-08,2.058682675955115e-13,0.999987040694308
World,532,3,0.021744417968978066,9.90832271135361e-16,4.256722288074839e-09,0.9782555777742785
World,533,3,0.0012450346390773537,1.05751774279086e-17,9.585220741791008e-08,0.9987548695087178
World,534,0,0.9854250112090944,5.38711072881523e-11,1.1075513732872076e-15,0.014574988737011916
World,535,0,0.8055345230660514,2.1556783968089436e-27,0.1944160118970073,4.9465036967589405e-05
World,536,1,3.5390777889883688e-12,0.9999899360442954,2.154588494074927e-16,1.006395217395953e-05
World,537,1,3.157342212110038e-08,0.9959154743084975,6.324422126526321e-19,0.004084494118083128
World,538,3,0.009424813799984147,1.0376596460576412e-13,2.2821999565500484e-08,0.9905751633779113
World,539,3,0.0005054438499569616,0.00040114823321154777,6.873310240627205e-17,0.9990934079168212
World,540,3,0.21247272105806492,7.334616652281022e-13,1.2546164233895068e-06,0.787526024324774
World,541,3,7.18105661943913e-08,4.8897702408868756e-05,5.306026001581511e-11,0.9999510304339697
World,542,1,3.958599911552946e-09,0.9999567799813639,1.2828228127432525e-12,4.32160587408983e-05
World,543,3,0.06225056537500665,1.585751120394323e-05,5.593556446190489e-17,0.9377335771138134
World,544,0,0.9999985074895559,4.3660689150488925e-25,3.264219525623864e-08,1.4598682436125944e-06
World,545,1,3.816040780916208e-12,0.9999999111437359,1.774302704970132e-17,8.885245378831851e-08
World,546,3,2.6148148622012888e-05,0.0021951425949241136,2.946923630599921e-11,0.9977787092269876
World,547,0,0.9969725523264621,3.5658566632994395e-19,2.3440067772612162e-11,0.003027447650118556
World,548,0,0.9999975013788523,1.2327029974068176e-21,1.3953099364215974e-15,2.4986211407185488e-06
World,549,0,0.999999999995282,1.7872151297875096e-28,2.127548128733596e-20,4.693754414893598e-12
World,550,0,0.9699309077516785,6.154968378048011e-06,5.226261526052957e-08,0.03006288501735214
World,551,3,0.0027511010364745687,3.6706618431575383e-05,1.2352841969538108e-13,0.9972121923449722
World,552,1,6.114830954836898e-13,0.9999398310291564,3.104045877416142e-17,6.016897021249794e-05
World,553,2,2.531206340988137e-07,1.689618619466821e-34,0.9999997460924741,7.868968230903586e-10
World,554,1,9.699741359346219e-14,0.9999997174055979,6.2876980341421255e-21,2.8259427761560533e-07
World,555,0,0.9999998383061228,9.924883408679936e-28,2.708291706136506e-13,1.6169363421000164e-07
World,556,3,0.31161822294782454,9.286572166702473e-09,2.81224350924647e-10,0.6883817674843823
World,557,1,1.2169640665811387e-13,0.9999965978783399,4.973568972851112e-25,3.402121513940488e-06
World,558,1,7.320094831592836e-11,0.9999254456643135,1.6503511827953417e-15,7.455426249575928e-05
World,559,1,1.3131438013313886e-13,0.9999995649742837,6.368409704763018e-20,4.350255893623611e-07
World,560,0,0.6788970430788938,8.57165064073404e-08,1.1326688945173628e-15,0.32110287120457276
World,561,1,2.197213956476364e-10,0.9999947044649767,2.0753117183992396e-17,5.29531529287279e-06
World,562,3,0.24447254742533103,8.733894371775065e-14,3.238656578395014e-08,0.7555274201879929
World,563,3,0.002615512456470801,4.5320725708306706e-07,2.122234222651616e-11,0.9973840343150688
World,564,0,0.8559135440706757,1.8592540705532895e-11,9.94002465920995e-10,0.1440864549167122
World,565,0,0.9410548790041299,3.098346989509176e-13,6.121699780794956e-08,0.05894505977858484
World,566,0,0.9903043996540093,1.3554384639352318e-19,2.8989120529047738e-12,0.009695600343095748
World,567,3,0.008848844884532641,2.020953184529599e-06,1.1566826099489891e-14,0.9911491341622853
World,568,3,9.378414136747561e-12,0.004804551875973574,4.163211822596436e-08,0.9951954064825118
World,569,1,3.7054313266707464e-14,0.9999955283957934,3.4552512985934827e-16,4.471604169565261e-06
World,570,3,0.0002567081001605989,4.368873295803655e-06,3.506050384418432e-12,0.9997389230230467
World,571,0,0.9999985041976447,3.4071526604643224e-20,9.266442973192818e-13,1.4958014167246333e-06
World,572,1,1.915126713672559e-20,0.9999999997482405,5.5923442066067894e-24,2.517807796309228e-10
World,573,3,0.016530390762784803,9.115150794285548e-09,7.52909604356826e-11,0.9834696000467565
World,574,0,0.998330805222752,3.830531398040449e-18,1.4507373991306815e-08,0.0016691802698574232
World,575,3,0.0003336485246602551,0.00039414189588712553,1.5740417123690524e-12,0.9992722095778769
World,576,3,0.002041214707172719,2.0897121836306766e-10,5.735974240171424e-11,0.9979587850264774
World,577,1,8.058854543425568e-10,0.690207986684263,7.760834576307685e-14,0.3097920125097582
World,578,1,6.213715079285343e-09,0.9999712910852108,2.0926574917272626e-15,2.870270107215383e-05
World,579,2,2.3383773416368018e-17,3.882067594811373e-29,0.9999999999918145,8.160943414576927e-12
World,580,1,3.2308973144728234e-15,0.999998912438821,6.0406156802242484e-21,1.0875611937025983e-06
World,581,3,9.483424410048697e-05,1.0874189626177036e-06,2.086069061366816e-11,0.9999040783160785
World,582,3,5.937224492072765e-08,3.813137281006375e-05,5.958477690819186e-08,0.9999617496701935
World,583,1,9.950030272844426e-15,0.999999606313245,3.1489623462718294e-22,3.936867512800422e-07
World,584,0,0.9915109096917506,3.3824426793268416e-06,3.920933798746147e-18,0.008485707865541675
World,585,0,0.9355081081974316,2.0228942528471087e-18,1.7285204586165067e-06,0.06449016328211037
World,586,3,0.026404074303388578,1.3764369000888879e-08,1.1819903897132181e-17,0.9735959119322153
World,587,3,0.03427721060576167,6.879922209724097e-13,2.0583685713746863e-09,0.9657227873351696
World,588,3,0.02411893006952664,5.82932821125761e-06,3.1333814923728303e-12,0.9758752405991008
World,589,1,1.6960219857224615e-16,0.9999720693254607,2.4423733874144664e-21,2.7930674562938438e-05
World,590,3,3.3846317977412693e-07,9.160829661324286e-05,5.142767783997083e-15,0.9999080532402074
World,591,1,7.416276538139977e-13,0.998353746839781,2.7818246595342337e-18,0.001646253159467959
World,592,2,9.088773778171546e-10,4.095616905542928e-10,0.9868261597653452,0.013173838916195451
World,593,1,8.133500154141176e-09,0.9995967147903664,2.2184194685054356e-19,0.0004032770761475001
World,594,3,2.611734676148032e-08,7.512385246658123e-05,2.3972349468863644e-12,0.9999248500277864
World,595,3,7.99564488709652e-08,1.7989424764950183e-07,2.3410391861645256e-07,0.999999506045364
World,596,3,0.03511319118183428,7.466205415811095e-10,3.323661580489256e-11,0.9648868080382992
World,597,2,4.011460761455813e-12,1.1858903844730871e-29,0.9999999999768647,1.9152040925373925e-11
World,598,1,3.0989918774221175e-12,0.9999993159347648,1.1603592365096674e-18,6.840621281169669e-07
World,599,1,2.0267662628348865e-13,0.9998461960517304,1.7801441603736078e-13,0.00015380394786632397
World,600,0,0.9966389298015886,1.4175531606423365e-16,1.4685908843711068e-10,0.003361070051524767
World,601,1,8.835866487258555e-12,0.99992018909604,4.187927995081033e-23,7.981089511417012e-05
World,602,3,0.002305113129467932,6.996233635617976e-05,1.0422982623616386e-12,0.9976249245331069
World,603,3,2.069346189398661e-05,2.8871672517043664e-10,1.6923243480736292e-08,0.9999792893261189
World,604,3,0.00019263418266113138,1.1093963197022443e-06,1.380387183920213e-12,0.9998062564196663
World,605,1,1.1301965626421108e-08,0.9486308517984233,1.7037482177275477e-17,0.05136913689963223
World,606,3,0.02773244618064926,6.489876667561669e-12,6.379436813728292e-10,0.9722675531749289
World,607,1,2.3429983763179236e-13,0.9999988150574012,3.980204085742159e-20,1.1849423565208448e-06
World,608,3,5.057552557577827e-06,0.0008014584717194904,5.535046444003871e-15,0.999193483975723
World,609,3,0.00015543627831313492,0.01879598992181905,3.132819500458157e-10,0.9810485734865999
World,610,0,0.8856641946161762,9.095454133141769e-12,3.3444534010900115e-13,0.1143358053744069
World,611,3,0.042281773112884814,1.0305315126212087e-07,3.0009445691883683e-07,0.9577178237395229
World,612,3,0.013449086275309555,7.543909261733969e-13,0.00010434636990873039,0.986446567354003
World,613,1,4.2986142905333364e-20,0.9999999997580744,4.6244647180383745e-23,2.4193555181090456e-10
World,614,1,1.7607008983412866e-09,0.9999786129743844,3.067405846037543e-16,2.1385264905090234e-05
World,615,3,0.0038429681115896364,4.4548161747976206e-10,3.821467558288053e-11,0.9961570314046934
World,616,3,0.02560087573515487,0.0004521071532859071,7.572842698744161e-17,0.9739470171115628
World,617,0,0.9596607855152454,2.0969954747290795e-22,0.03431098468054576,0.006028229804206654
World,618,3,3.4950957469459734e-06,0.21867517928889763,2.2997495934809748e-11,0.7813213255923777
World,619,0,0.9999999996772431,3.95611108808682e-30,3.5597406863197284e-15,3.22737326831818e-10
World,620,3,1.0435484667914455e-11,0.019067024799308184,3.596288560789811e-07,0.9809326155613939
World,621,3,6.264266496536619e-05,6.984458777164378e-05,7.434712857229129e-12,0.9998675127398173
World,622,0,0.9308587826662251,7.597797892528533e-11,5.041993862934748e-10,0.06914121675361802
World,623,3,0.018027831819493488,5.063006032772704e-08,5.579366619733906e-08,0.9819720617567699
World,624,3,8.429882664576752e-07,8.043145453315973e-06,4.009565736725695e-13,0.999991113865893
World,625,0,0.999015344895231,6.023127600418168e-23,4.468466893222454e-11,0.0009846550600792695
World,626,3,0.36336930445486065,2.3970936081387893e-14,2.828609475616203e-05,0.6366024094503658
World,627,1,0.0002017920184179276,0.995276583231583,1.6047522923222135e-13,0.004521624749856373
World,628,1,2.987953186478578e-13,0.9897163271432677,2.653417397745753e-13,0.010283672856188598
World,629,3,3.699833766528879e-05,0.0013963699665132327,3.0184718640095265e-10,0.9985666313939792
World,630,0,0.987047748074232,1.0302981109705342e-22,4.214929139616929e-13,0.01295225192534461
World,631,0,0.9510662870087631,1.1374903630743598e-11,5.0354400522317734e-14,0.04893371297983662
World,632,1,5.584681752691512e-11,0.9999730623957739,2.2453427075666475e-15,2.6937548381852318e-05
World,633,0,0.9999300288722177,9.610733066683512e-19,5.381223738372888e-11,6.99710739696835e-05
World,634,3,0.0017788911991523785,5.719915350258132e-07,3.3027636116127967e-09,0.9982205335065629
World,635,3,1.037552190696127e-06,0.03238650325847046,4.6605780555014395e-17,0.9676124591893634
World,636,3,1.8307656171650404e-06,0.0002932520064444868,6.34150931643309e-10,0.999704916593806
World,637,1,1.3651106655891739e-14,0.9999988916415421,3.813336752824109e-23,1.108358462940037e-06
World,638,1,8.70517242070536e-19,0.999999999727379,3.439167771996635e-24,2.7260113214169844e-10
World,639,3,5.5015469243607874e-08,0.09510561016928375,6.705780940042472e-13,0.9048943348145961
World,640,3,5.764466800437219e-09,0.04430712362053731,6.449704130491439e-12,0.9556928706085291
World,641,1,3.414859788296017e-11,0.9930346052533916,4.962507730289904e-15,0.006965394712434699
World,642,1,1.08392654624588e-15,0.9999990919747718,6.921260932273739e-17,9.080252200449527e-07
World,643,3,0.0006299507828658262,2.6308805123085005e-20,9.635217373290981e-09,0.9993700395819106
World,644,0,0.9998303352466057,4.830416730324554e-22,1.887041567280612e-12,0.0001696647515193838
World,645,0,0.9633491488259106,7.649578092013311e-19,1.7836103928762661e-06,0.036649067563685786
World,646,1,2.953859222729001e-20,0.9999998901425957,1.9931715856144286e-23,1.098574165867402e-07
World,647,3,2.1894885434255782e-05,7.5342914494341e-08,4.624436131313918e-13,0.9999780297711628
World,648,3,0.0021698172673123343,7.746775262028284e-13,9.781884923642431e-12,0.9978301827221482
World,649,3,1.1199377022103794e-05,0.1277834995871304,1.1849628573493172e-16,0.8722053010358289
World,650,3,1.0152326481911776e-08,0.0014752642556304174,6.452938074013567e-08,0.9985246610626567
World,651,3,6.850504782693213e-05,1.2994842648188473e-09,0.0006658675929083692,0.9992656260597776
World,652,3,9.889307450593865e-10,0.0001654321641607068,1.7814153874083454e-05,0.9998167526930591
World,653,1,2.3000917576543174e-13,0.9999725788156918,3.0589228997211557e-21,2.7421184103906295e-05
World,654,3,0.00048107210403361064,0.00039966785646630145,2.23504130057418e-12,0.999119260037255
World,655,3,6.132075007548803e-07,4.5189885463457956e-14,1.4461825267552674e-09,0.9999993853462753
World,656,0,0.9999865395963475,2.232099680416537e-19,8.226812895733666e-10,1.3459580952510329e-05
World,657,0,1.0,1.3900875672829254e-34,4.3372654361884864e-24,1.233952739445518e-15
World,658,0,0.9999998162911252,2.1547147196265097e-27,1.2479094651174087e-08,1.7122975534523993e-07
World,659,0,0.9379164388073237,3.9409541140309957e-13,2.5813839610363354e-11,0.06208356116646306
World,660,3,0.00189097051126695,3.887919440647549e-09,9.402211616338219e-14,0.9981090256007239
World,661,0,0.999999744006378,1.14518847598614e-20,3.8040085218892964e-13,2.559932391058091e-07
World,662,2,2.853071300206451e-14,9.922181967497774e-31,0.9999999996650786,3.348999261513455e-10
World,663,1,2.380638068552753e-06,0.9989143006693048,6.1231236148840455e-15,0.0010833186926049062
World,664,3,1.2042385482444324e-05,0.00055672933043789,2.701752771474333e-11,0.9994312282570904
World,665,3,2.3217611343501725e-09,2.492921087108616e-15,1.1795338558268245e-07,0.9999998797248467
World,666,3,0.01133388679655836,9.92707918261982e-10,5.414926968123731e-08,0.9886660580614369
World,667,0,0.9996355665846919,5.900396461110824e-20,2.302665237720976e-13,0.0003644334150875631
World,668,3,8.050428917616719e-08,1.4592758454796162e-05,6.174095068945688e-10,0.9999853261198278
World,669,3,4.53578867021812e-08,5.423522479258305e-07,1.5247306773004465e-12,0.9999994122883344
World,670,3,0.30423234565556245,1.6093689113673176e-11,2.3274859548501016e-11,0.6957676543050528
World,671,0,0.9999947433472618,2.7412585210270955e-12,1.3000355726947638e-19,5.256650005945545e-06
World,672,3,1.9096902201289244e-07,8.219180450920349e-09,1.2733466067298402e-09,0.9999997995384634
World,673,3,4.10850812514948e-07,0.00906727567064736,1.0092377754412209e-18,0.9909323134785375
World,674,3,7.180641481777725e-05,2.0213769618421442e-08,1.8564094622296174e-06,0.999926316961933
World,675,1,3.4776279874753695e-08,0.9980243197654689,2.6851086885366332e-15,0.00197564545822948
World,676,1,9.313787547023027e-14,0.9999997526101958,9.093107494671867e-18,2.473896865686172e-07
World,677,3,0.23152380799004293,4.687559065179864e-10,1.7601120123920038e-09,0.7684761897810821
World,678,3,0.008744205951462898,6.927742990926042e-05,1.7972799551197277e-15,0.9911865166186141
World,679,3,0.22624584881680693,9.214427831254836e-14,3.918797511460674e-08,0.7737541119951094
World,680,1,0.0001259850241889605,0.5310997189632279,7.680525024754573e-13,0.4687742960118294
World,681,1,7.447526478620714e-14,0.9998519916339558,2.4877216477919532e-20,0.00014800836596550325
World,682,3,0.41534714106697657,0.00035146779555692253,8.647742192807408e-18,0.5843013911374726
World,683,3,0.07962863233230963,1.3216910299611778e-09,1.5586839353865836e-06,0.9203698076620791
World,684,1,0.00019783017510071257,0.5179351079313611,7.189500136334666e-13,0.48186706189279777
World,685,3,6.532118769776341e-05,0.00024941429317659015,6.924248420549617e-12,0.9996852645122095
World,686,3,0.007388589479675895,1.9078361233483836e-07,9.995527818675126e-18,0.992611219736736
World,687,1,1.8871528204924098e-16,0.9999997494046825,3.7529810045964646e-23,2.505953425561357e-07
World,688,0,0.9999204647274269,6.238495675395653e-25,4.800189810928685e-06,7.473508275767026e-05
World,689,1,9.370188256953651e-05,0.9980868289873527,6.086078698289008e-20,0.0018194691300784857
World,690,0,0.78328390178948,4.801513408190434e-13,3.1252958178728516e-09,0.2167160950847162
World,691,3,3.5069597928876714e-06,0.07248349545356234,7.978470500956656e-16,0.9275129975866163
World,692,3,1.1765142769109505e-06,1.265668487993636e-05,1.1605131735421559e-10,0.9999861666847916
World,693,3,0.00137967248679582,0.0004229198772677402,5.481990267169951e-16,0.9981974076359179
World,694,0,0.6095662849223884,7.2456468117089375e-09,2.89069599427188e-15,0.3904337078319717
World,695,1,1.8287143469773698e-18,0.9999999983533598,3.1756623099377346e-22,1.6466339754141534e-09
World,696,1,0.012537374379288585,0.9588188317798688,3.609082883245834e-19,0.028643793840837845
World,697,1,2.2678560846840204e-05,0.8485546202769656,7.854590739439375e-16,0.15142270116215997
World,698,1,3.4606072944975515e-13,0.9999987157698631,1.2557406479047979e-18,1.28422979467171e-06
World,699,0,0.6259842398818775,3.615464005712718e-14,1.6214774388313716e-11,0.37401576010186904
World,700,0,0.5624290499408368,1.6835094471403533e-12,0.0001633126554076386,0.4374076374020574
World,701,3,2.608930895062934e-05,0.0012275968088867313,9.259945889995004e-17,0.9987463138821906
World,702,3,0.010584793522364808,1.3521395267922273e-09,0.00010253215569634696,0.9893126729697777
World,703,3,2.8748737789848185e-08,2.723301215747919e-08,1.2584659670624074e-08,0.9999999314335947
World,704,3,4.357349733989376e-06,0.0008937493989161099,2.5562770900468175e-11,0.9991018932257895
World,705,3,3.060131668925022e-07,0.00010623411698229499,1.0088624727658601e-11,0.9998934598597655
World,706,0,0.9730734959281355,1.0538683791847071e-11,7.949531110183317e-14,0.02692650406125147
World,707,1,7.357309750854359e-09,0.9999086712621839,5.315981092349724e-18,9.132138048041081e-05
World,708,3,0.04236063992260787,0.002797180360282757,2.4118191862253403e-09,0.9548421773052643
World,709,3,4.026234947242188e-05,2.887899135152868e-10,5.396945175496616e-06,0.9999543404165724
World,710,3,8.460264458421469e-06,4.547864420550042e-13,3.028788027512482e-11,0.9999915397047856
World,711,1,5.002257242121957e-19,0.9999998884459336,6.611881785397843e-23,1.1155406028950031e-07
World,712,1,8.771209394762568e-16,0.9999996926514331,6.190071805323417e-19,3.073485911291626e-07
World,713,3,2.497512752150088e-05,8.359552631615575e-06,2.5482894888818563e-05,0.9999411824249671
World,714,0,0.9537520303283084,5.038525634408062e-21,0.0004925282199612513,0.04575544145175473
World,715,3,0.0010354147611883078,1.8336029512994532e-09,4.0721485124875367e-11,0.9989645833645023
World,716,3,0.0008668027843141368,8.693734065571231e-18,1.085302520153959e-10,0.9991331971071372
World,717,3,0.016003804227325384,2.125461044452172e-10,1.5944072843282564e-09,0.9839961939657018
World,718,1,7.077913922104339e-08,0.9955646667826277,7.399247571023044e-14,0.004435262438176955
World,719,1,3.2366323561975274e-06,0.9458906239891994,6.2488947871762665e-15,0.05410613937844598
World,720,2,1.0118355599045849e-05,4.820855854511417e-08,0.5819540534863324,0.4180357799495053
World,721,3,0.20561665721261746,1.605232736167958e-08,1.0353716805373088e-05,0.7943729730182515
World,722,1,1.091710093303973e-11,0.9999176989436073,1.546388440063127e-19,8.230104545097372e-05
World,723,0,0.9215228368847974,4.928871577113081e-11,4.766683547371113e-13,0.07847716306542218
World,724,0,0.9999749037584172,1.1154443900719284e-15,5.01782332656811e-16,2.509624155480675e-05
World,725,3,0.016603052800536103,9.399030695292133e-09,8.259676747668454e-09,0.983396929540779
World,726,3,1.149452074265496e-06,4.233095028379394e-09,1.3992675432081068e-10,0.9999988461749303
World,727,0,0.9999999997760938,3.067989746739163e-31,1.283707849182231e-13,2.2376849598620922e-10
World,728,1,4.672882838976975e-06,0.639486217136168,4.401097713326204e-16,0.36050910998096763
World,729,3,1.8871168976205409e-06,1.273594199680089e-06,7.811839734207281e-12,0.9999968392810885
World,730,1,1.6554770324393862e-09,0.9731503411019384,3.8121014237669064e-18,0.026849657242598836
World,731,0,0.8200570113070873,9.22777826557083e-11,4.155237868102084e-09,0.17994298444541915
World,732,1,2.1925650275741434e-11,0.9862934561775198,3.687240377139523e-12,0.013706543796882058
World,733,1,7.729255602177251e-14,0.999984498798404,8.349516227888969e-19,1.550120154469562e-05
World,734,3,6.431490175582242e-05,0.00011107203292112828,6.690578536081522e-11,0.9998246129984376
World,735,3,0.05260301714560645,0.00025773189338701484,9.214769659663813e-17,0.9471392509610314
World,736,1,4.2110020567722293e-16,0.9999999168963462,8.446767383313425e-23,8.310364247331936e-08
World,737,3,3.6218463656243775e-09,1.3768237667421924e-05,2.4295352247619284e-11,0.999986228116218
World,738,0,0.9999999999928377,4.785040373750506e-35,1.3553118837660679e-17,7.189971496736232e-12
World,739,3,0.0026074178897021057,3.6386004763323617e-09,3.328572221182025e-11,0.9973925784384378
World,740,0,0.9340613234781193,2.588431326586876e-08,4.2833419077685553e-14,0.06593865063752824
World,741,1,1.3044186141243636e-05,0.9970173001309887,7.389164011131992e-18,0.0029696556828440785
World,742,0,0.9896451052019188,2.0157370442806053e-11,9.099260223889849e-09,0.010354885678674175
World,743,3,7.799884392731687e-08,1.1575258354705495e-05,3.4461331692701964e-16,0.9999883467428108
World,744,1,1.2997923135324815e-16,0.9999999557275042,1.1440245120453219e-20,4.427251883219542e-08
World,745,0,0.9999888620154255,2.105717687664428e-28,5.177022326349594e-15,1.113798459074533e-05
World,746,1,0.0007480274379782284,0.8412575087078723,3.09064348185382e-16,0.15799446385413915
World,747,0,0.9581735158109159,8.595203616057405e-07,2.7141680954206414e-16,0.041825624668698304
World,748,3,8.925420413783123e-07,0.009494566496757423,1.3179651347427681e-15,0.9905045409612198
World,749,3,0.3578046361707858,3.3149692648536793e-13,0.00031436483468616993,0.6418809989941915
World,750,3,0.00012234110233303648,3.065261096437112e-23,1.902968608638731e-12,0.9998776588957358
World,751,1,3.662815351184205e-12,0.9999913505571422,8.345026500353727e-18,8.649439214609501e-06
World,752,1,1.3345285952776224e-12,0.9998136171487114,1.17582886214848e-18,0.00018638284996051808
World,753,3,8.375940415238334e-05,0.0005330614305096338,3.848921761631714e-12,0.9993831791615133
World,754,1,1.299508493378979e-21,0.9999999999092211,5.0663965554926664e-27,9.079076725739981e-11
World,755,3,0.0009751077014393331,1.3240785315188577e-10,1.6569678790848967e-10,0.9990248920004449
World,756,3,0.0002979862914198287,0.02624838021466744,2.1658171210155794e-13,0.9734536334936906
World,757,1,2.562056488683837e-17,0.9999989674936033,4.976269169233141e-20,1.0325064114979685e-06
World,758,1,2.6282574984037363e-10,0.9995053577587423,1.1115145975808212e-21,0.00049464197843628
World,759,3,0.007596335500159902,0.0001368036171889435,3.1863584778500746e-15,0.9922668608826362
World,760,3,2.581812065305376e-06,0.002415375016625168,1.6872055300405935e-11,0.9975820431544178
World,761,1,2.551408546371784e-08,0.9915385364153201,2.2269818745984347e-14,0.008461438070591722
World,762,0,0.999996812913045,3.413563626194315e-23,1.7617425832380767e-10,3.186910809058877e-06
World,763,1,1.6681002567771379e-12,0.999951867241527,5.615664859856206e-20,4.8132756794554087e-05
World,764,0,0.9998215721449314,5.0329814864402014e-17,2.113150629677546e-13,0.0001784278548431993
World,765,0,0.999981766315696,8.698473745274111e-24,1.919783565971553e-12,1.8233682367847665e-05
World,766,3,0.035865426731755204,1.1209067617945569e-05,3.2416733335009825e-08,0.9641233317839099
World,767,3,8.318444005694845e-06,2.597557334818087e-08,7.620450929496562e-05,0.999915451071138
World,768,0,0.8559320768249278,2.3061080505710122e-07,3.5315994054104275e-18,0.1440676925642614
World,769,3,0.0038069983768224767,0.0002198477102400748,1.2576097997660987e-16,0.9959731539129116
World,770,0,0.9999999995786197,1.2527928366313996e-26,6.344040074519596e-19,4.213572125202311e-10
World,771,3,2.2757656353334987e-06,0.0019114564635859567,5.919491497935459e-13,0.9980862677701634
World,772,0,0.5636175358343261,3.393300187708358e-08,7.122941663526105e-14,0.43638243023259354
World,773,1,2.9910336178248626e-12,0.9999958317713904,4.0276488074780096e-22,4.168225641916645e-06
World,774,1,1.5705878574936963e-19,0.9999999999650981,2.4158047107932984e-22,3.4894954159346334e-11
World,775,1,2.2977463128607844e-10,0.9995754885135678,1.5772924207741756e-22,0.0004245112566706576
World,776,1,6.335269411742042e-10,0.9995446725056506,2.9890780925212978e-21,0.00045532686080375313
World,777,1,1.3209505542327926e-14,0.9999409971742544,9.942744648288766e-19,5.90028257049039e-05
World,778,0,0.8424227667518438,0.007499455819258662,5.22336256078416e-19,0.15007777742888828
World,779,3,0.4377286414389371,1.1133839265626887e-12,1.0186318505975056e-10,0.5622713584581067
World,780,0,0.9996851015347894,1.1152030361205663e-22,5.044939363004106e-11,0.00031489841473437497
World,781,3,1.876290400602431e-07,0.01689989913748193,2.2259198197437934e-18,0.9830999132334586
World,782,1,2.5738774293605367e-11,0.9999065108646372,5.224356143005251e-18,9.348910963693713e-05
World,783,1,1.2061991802245884e-12,0.9994279028291698,1.8250628384601417e-12,0.0005720971678092501
World,784,3,1.0374597639301325e-06,3.79964562833371e-05,1.2947384121151705e-13,0.9999609660838181
World,785,3,0.000549558381766424,4.272550336572132e-05,3.897101518758618e-12,0.9994077161109757
World,786,0,0.9940722428697948,0.00018624764929822573,2.2354410890014166e-15,0.005741509480923437
World,787,0,0.9987743038613228,1.6720117460852214e-13,3.816006644189168e-12,0.0012256961347105544
World,788,3,0.0428520970024579,2.5015518258952197e-12,2.4642351239940647e-11,0.9571479029704246
World,789,3,1.3208821468184407e-08,0.000693556610261158,4.844053037279158e-12,0.9993064301760993
World,790,1,1.685735621504308e-07,0.8675279410174485,3.993779275769428e-15,0.13247189040898846
World,791,0,0.999999988143543,1.9293139268692736e-28,2.93478636717859e-14,1.1856405604527562e-08
World,792,3,8.358175027200975e-06,0.0002124893136006721,1.0579945651070113e-11,0.9997791525007901
World,793,3,8.952676886096491e-05,0.0008057911069062043,1.2935267604541694e-15,0.999104682124233
World,794,0,0.5347356286377026,1.470745753957209e-12,3.9605124455789596e-10,0.4652643709647707
World,795,3,0.06579058099269304,0.0018141552227216985,7.790974423849916e-13,0.9323952637838235
World,796,0,0.9999997979331487,4.283133688656694e-21,2.4894011124809088e-17,2.0206687377088193e-07
World,797,3,0.0001109315526436034,2.2000829689184363e-05,3.7752915018898646e-13,0.9998670676172706
World,798,0,0.9994569340977582,4.6919141171969976e-23,1.2491778548705237e-08,0.0005430534104887642
World,799,1,6.906186305934695e-21,0.9999999999103011,1.942693985066131e-18,8.967093880932546e-11
World,800,3,0.09164944721625323,8.822522720684268e-13,6.623532107827643e-13,0.9083505527821942
World,801,3,0.02853819060689541,1.809222102064318e-05,6.229967029942824e-15,0.9714437171720507
World,802,0,0.999997646786864,2.9689624329741784e-19,2.943552439513861e-14,2.353213103790542e-06
World,803,1,2.1984564438853306e-07,0.999918957633308,2.6197013632229225e-18,8.082252107132828e-05
World,804,2,0.22594871406247724,6.406749424289396e-31,0.7740412258890986,1.0060048404723257e-05
World,805,1,1.0059737477351047e-16,0.9998776704552497,2.193409918913062e-18,0.00012232954477774246
World,806,3,0.00010138929299658248,7.018838691486056e-12,1.2208873245455717e-08,0.9998985984911362
World,807,0,0.9976070578083921,2.0277310247236992e-13,7.981616945792806e-14,0.002392942191321542
World,808,1,3.6416340579852006e-12,0.9998952721200941,1.9175045838640593e-15,0.00010472787625453587
World,809,0,1.0,1.7713243936818515e-46,3.502265703728283e-24,1.572493555260747e-20
World,810,3,2.529300608243494e-05,0.00015963140053249728,9.215371368262921e-10,0.9998150746718237
World,811,0,0.9999721580493105,1.0661278160603852e-17,1.5204592701788571e-12,2.784194916477436e-05
World,812,3,0.00019023188850636136,0.3468033123796362,1.6017453349287788e-16,0.6530064557318727
World,813,1,4.325143315703986e-16,0.9999864944461718,3.5236671856409612e-22,1.3505553837796485e-05
World,814,0,0.6543883862407373,4.22886065554062e-13,5.705564675965965e-08,0.34561155670320587
World,815,0,0.9588952237861227,3.885516954805405e-05,3.0772295960509485e-12,0.04106592104126831
World,816,0,0.999999361953802,1.2298931135225047e-20,6.685962585355525e-17,6.380461784029382e-07
World,817,0,0.9297025402253065,1.1089915659241667e-05,5.769831996659671e-17,0.07028636985903866
World,818,3,2.172934941213462e-06,3.5713477291711466e-05,7.289024989543562e-10,0.9999621128588696
World,819,3,6.2927348982396e-07,0.09578785855583379,6.812944149653154e-15,0.9042115121706662
World,820,1,3.8719973928895244e-16,0.9999997536567965,2.253607486140894e-16,2.4634321259100604e-07
World,821,1,8.277560538580447e-13,0.9999574806932874,1.6735091889878095e-21,4.2519305856546643e-05
World,822,1,1.2912030319432746e-10,0.9432014683736117,5.337542307411286e-15,0.0567985314972629
World,823,3,0.005218408639768015,0.01348197556666861,7.629699819815505e-14,0.9812996157934595
World,824,3,0.0001511218225888473,6.66528165946092e-07,2.105891811593199e-10,0.9998482114386574
World,825,0,0.9998832186935456,3.0415973377966837e-20,1.835177820680091e-14,0.00011678130642007267
World,826,1,1.3494825451568622e-09,0.9850119923185626,1.5514465575792315e-13,0.014988006331799966
World,827,0,0.9999997051316294,9.944049742729869e-27,1.3899057023288763e-16,2.9486837984831725e-07
World,828,0,0.999634038159527,7.241441306551145e-16,1.5816546390880183e-14,0.00036596184044128356
World,829,0,0.9999925628339683,5.810820082485439e-22,1.8839583019624705e-12,7.437164127538747e-06
World,830,1,0.1275368916241686,0.7233325217019436,1.4369021168888067e-12,0.14913058667242976
World,831,3,0.00015462505225290014,8.221121167650716e-06,1.1765984894161993e-15,0.9998371538265944
World,832,1,3.247128723258583e-10,0.9981940060830109,1.6865035272205328e-13,0.0018059935921178043
World,833,1,4.064891080423633e-11,0.9988087760755355,1.121946240338954e-17,0.0011912238837898759
World,834,0,0.9999999850427345,8.61486073249369e-23,1.5765725108842618e-16,1.4957258134507537e-08
World,835,1,1.0755335041986396e-14,0.9999997763198075,2.9286017358967807e-19,2.236801608856572e-07
World,836,3,1.605050996455078e-08,3.109566165053381e-07,3.944356207176038e-09,0.9999996690485183
World,837,0,0.9938821370159954,1.4532411442985979e-12,9.650707451238324e-13,0.006117862981593381
World,838,3,9.66100780480769e-09,0.0003242007451819799,6.7480392725999096e-12,0.9996757895870737
World,839,1,8.866864594699937e-17,0.9999999963459913,7.188483430178923e-24,3.653992076245789e-09
World,840,1,1.4374230717230693e-07,0.9993024284827008,1.0203627419792074e-15,0.0006974277750008317
World,841,3,0.028635968006937428,3.844275037240718e-11,2.4854040159497628e-05,0.9713391779144368
World,842,1,1.8373558872985405e-06,0.9991766720197155,3.845594201706645e-18,0.0008214906244023832
World,843,1,1.824773976866646e-05,0.8011845615228053,1.1327432651014796e-10,0.1987971906241695
World,844,3,1.4220026956143918e-08,0.14016989981673014,6.73736937576062e-13,0.8598300859625806
World,845,1,3.0190183735467666e-09,0.9989636211928631,7.38382419828331e-17,0.00103637578811678
World,846,0,0.9999995147975409,8.86310277882156e-19,2.2928350177561673e-15,4.852024346614336e-07
World,847,3,1.3558906809602163e-07,0.13564532294529935,8.800963247505674e-12,0.8643545414568427
World,848,3,0.003671968939924838,5.407532999661058e-11,1.0722013029261137e-09,0.9963280299338118
World,849,0,0.9990091465477344,1.7932952616058149e-13,2.1915803653973253e-09,0.0009908512605302454
World,850,3,1.3745673566440833e-05,2.0439760098748002e-13,1.3775500563413137e-07,0.9999861165712479
World,851,0,0.998217007277206,6.5083719625112655e-15,5.013441961900487e-12,0.001782992717768546
World,852,1,7.888155955385044e-15,0.9999559652780832,1.4361582487676087e-20,4.4034721932953616e-05
World,853,3,0.02536688879983395,5.369529723541131e-11,2.465037218984022e-11,0.9746331111218236
World,854,0,0.9999999997241957,1.1100914086551285e-34,2.9004291367116456e-21,2.758125443656878e-10
World,855,3,0.08367706727745998,7.730961805339857e-08,5.873531557102857e-13,0.9163228554123352
World,856,0,0.9934163413353485,1.8114638723404076e-07,1.5905742731763986e-17,0.006583477518244349
World,857,3,0.014188296042312951,2.973082932235841e-27,3.4584491842556034e-12,0.9858117039542463
World,858,3,0.06548556822848282,4.605096696777693e-11,9.754718212305035e-10,0.9345144307499991
World,859,1,9.438227954964216e-17,0.9999999799443915,4.274829099252429e-21,2.005558671919158e-08
World,860,1,8.693561091501159e-17,0.9999974294162327,2.5852291658761298e-23,2.570583757904936e-06
World,861,1,4.4499946985225913e-08,0.9993522785567943,6.252264336522512e-20,0.0006476769432557619
World,862,0,0.9992405638630069,4.5428753935451864e-17,4.91004776371991e-12,0.0007594361320717445
World,863,1,1.3963142562070164e-14,0.999984088366433,4.115532837207942e-18,1.5911633540417143e-05
World,864,0,0.999086555604058,3.995295926902622e-20,3.1999905463271014e-09,0.0009134411959497344
World,865,3,0.4478157424537119,4.9765435572525844e-05,1.730821584122448e-19,0.5521344921106972
World,866,0,0.9977372818983576,4.559262498764617e-16,1.206977895800634e-09,0.0022627168946366565
World,867,3,0.002624750828906451,1.3835243346243035e-10,3.280207289841235e-10,0.997375248704743
World,868,3,0.0010172263556003766,3.7180717765597e-14,0.0019694666535706395,0.9970133069907956
World,869,2,2.547838991040406e-08,6.812120143688252e-18,0.9999511651165568,4.880940507271891e-05
World,870,1,1.4737892842037638e-16,0.9999999954217742,4.830893557332502e-18,4.578244040378063e-09
World,871,3,0.0011051900948644683,7.01180765168812e-07,4.070351425625404e-08,0.9988940680208777
World,872,3,0.0018683596119855334,2.2319019341507628e-07,1.80053767786922e-11,0.9981314171798041
World,873,3,1.3871627928043582e-05,7.886600973618714e-08,1.3543134650946865e-05,0.9999725063714258
World,874,1,9.979121807727119e-15,0.9999816276912318,3.370400947829702e-23,1.8372308767684526e-05
World,875,1,6.011244849042683e-11,0.9998895754786028,1.2950692905002873e-17,0.00011042446126172643
World,876,1,3.941729089943594e-10,0.9994449651810337,2.824610191891443e-15,0.0005550344247759415
World,877,3,0.0004471059797668651,8.13058654174394e-06,3.207451329229423e-10,0.9995447631129211
World,878,3,0.34587773956942985,7.811777466151394e-08,4.2821690429506243e-14,0.6541221823127346
World,879,3,2.3189865656259635e-09,3.320398440235623e-08,2.366457858073739e-05,0.9999762998984237
World,880,0,0.9899180663018647,2.6652950579912214e-13,2.6924556376696664e-09,0.010081931005424424
World,881,1,3.241297846187793e-11,0.9791403897247858,5.1344966879505684e-11,0.020859610191441322
World,882,3,0.02218327464387201,2.7567539407654186e-06,8.8781979776086e-11,0.9778139685133805
World,883,3,0.0005490048413604672,2.3403042677638954e-10,3.3595412206318974e-12,0.9994509949212348
World,884,3,0.10400418718103994,1.4006091200712647e-08,4.218510245009748e-10,0.8959957983910114
World,885,1,1.2344523493651473e-09,0.9961219026641618,3.7104544564053537e-14,0.0038780961013559073
World,886,3,8.377764189892828e-05,0.0002853766994456571,9.261775910642892e-14,0.9996308456585452
World,887,1,8.303567029347679e-11,0.9994741334720062,2.8008576222138602e-21,0.0005258664449614411
World,888,2,2.0477717300958203e-07,4.8919342616754585e-17,0.9992688180905285,0.0007309771322989065
World,889,0,0.9999999998867111,2.2287602604995636e-25,6.664591927711004e-19,1.1329895259810184e-10
World,890,3,4.5699717826869494e-06,7.900402566829895e-06,2.322327968046543e-11,0.9999875296024299
World,891,3,0.0018822547166680885,3.640859489835167e-14,2.736365775419715e-08,0.9981177179196302
World,892,0,0.9984897559412971,7.112621574835603e-15,3.236010170867946e-09,0.001510240822694349
World,893,3,0.008662690772985015,3.9973083062319116e-19,3.49708581274132e-12,0.9913373092235009
World,894,1,5.791126679027999e-18,0.9999999987143724,4.927912651549774e-28,1.2856332343740326e-09
World,895,0,0.9240013904805778,4.036507200898241e-12,1.6745715975373141e-16,0.07599860951540728
World,896,3,5.3238128126830645e-05,2.6595840656767645e-06,2.563768952817817e-15,0.9999441022878213
World,897,1,5.494263742346591e-10,0.9902990142725075,4.1455598275315805e-12,0.009700985173934426
World,898,3,0.08558502407306301,2.592280958793211e-23,4.291756739284513e-11,0.9144149758840444
World,899,3,6.397912921769993e-11,1.2317018880214471e-17,1.508577521732814e-08,0.9999999848502626
World,900,0,0.9447810506676056,1.5295949280343332e-08,7.05088704694641e-11,0.055218933965936426
World,901,0,0.9815798508957057,6.359962868067465e-14,7.929092313548838e-15,0.01842014910422963
World,902,1,9.855362078964805e-10,0.9997347133193185,4.83141969554593e-20,0.0002652856951268731
World,903,3,7.247284777157337e-08,0.04631287938289539,6.74982168777288e-14,0.9536870481441703
World,904,0,0.999999977785649,1.5505284501510298e-26,8.217862477641376e-14,2.2214246963630823e-08
World,905,3,2.6296463728047817e-05,0.000607264684350545,2.697180442372692e-15,0.9993664388519139
World,906,3,1.3361301435811324e-08,3.907275426017837e-18,2.6568925046857453e-08,0.9999999600697728
World,907,1,2.4707334321262168e-15,0.999980994907681,1.4337200421390758e-20,1.9005092314108426e-05
World,908,2,8.343525628384986e-05,2.4139295332634666e-16,0.980984245156614,0.018932319587122624
World,909,3,3.523370658600904e-10,8.319096079412865e-08,1.3982238797526347e-11,0.9999999164427357
World,910,1,8.270455693518854e-13,0.9999985737482514,1.0431855717079088e-17,1.426250915525067e-06
World,911,3,1.1614219070563291e-05,7.964204689130142e-08,0.00014332404355504202,0.9998449820953287
World,912,0,0.998816824438556,1.4390309832382913e-13,1.670756419873329e-08,0.001183158853753326
World,913,3,0.13341649528325747,4.350931826212017e-07,1.2967739968430615e-11,0.866583069610602
World,914,1,1.8119997332388954e-17,0.9999999916056481,3.585646692029506e-21,8.394324084005796e-09
World,915,3,2.199590100555171e-12,2.246145225511194e-15,4.367006330544093e-11,0.9999999999541274
World,916,3,0.034587100231073475,1.918340668541431e-05,3.494651364243482e-16,0.9653937163622147
World,917,0,0.9999401278863246,1.7387921713409895e-08,2.1117061404253646e-18,5.9854725774812455e-05
World,918,1,4.449886478361049e-08,0.998969084343685,1.4227047456508814e-16,0.0010308711574612416
World,919,0,0.9738183737495721,7.221158262602968e-15,2.769323808870993e-08,0.026181598557180823
World,920,1,4.793600330499082e-12,0.9999993984220727,9.82894017699898e-18,6.015731100716822e-07
World,921,3,0.0014820650338721471,4.0590986319435313e-07,9.63000047521878e-17,0.9985175290562517
World,922,1,5.017130464555153e-23,0.9999999999990905,4.091187721530419e-28,8.84829839564819e-13
World,923,0,0.9999840145627403,2.5525715845241526e-19,3.929237318083419e-15,1.5985437267722153e-05
World,924,3,1.5286616240622383e-06,1.6045361414894204e-05,1.2578173965229676e-12,0.9999824259756834
World,925,1,6.912887889991076e-07,0.9996580741019964,2.565292914619529e-20,0.0003412346092380739
World,926,1,3.458338422712566e-11,0.9999987817208793,1.1696333304176922e-22,1.2182445212845477e-06
World,927,1,2.557646938884078e-07,0.9828540617205858,4.2298241464815196e-13,0.01714568251431978
World,928,0,0.9935402992703881,1.5512872442373053e-14,7.024101074339189e-05,0.006389459718860679
World,929,3,5.719073396150244e-07,2.594027109176028e-09,2.0758080082970953e-11,0.9999994254778758
World,930,3,0.00020738953403067527,5.54122230005419e-06,1.6501957769688157e-07,0.9997869042240759
World,931,3,3.3034411384972884e-10,0.4148632076777629,1.1702220017680905e-15,0.5851367919919108
World,932,0,0.9995240005204595,1.3931593008630174e-15,3.868874333434308e-08,0.0004759607907692585
World,933,3,3.022711949125148e-07,6.882823779159376e-05,1.0226776002359886e-11,0.9999308694807905
World,934,3,0.018633808291176203,2.11294525807762e-12,5.909210217421649e-12,0.9813661917007802
World,935,3,1.4844952147294044e-05,0.00016419507754194596,5.907405739509931e-18,0.9998209599703127
World,936,3,1.053263652280935e-11,0.17510880853774255,5.665315483759948e-07,0.8248906249201674
World,937,3,4.471852975697164e-06,0.0005471959864065641,3.5579825210096096e-17,0.9994483321606292
World,938,1,1.0564225837623834e-08,0.9999977006221176,1.632309633180934e-16,2.288813675313581e-06
World,939,3,6.184253554708793e-07,0.00019683412835688735,2.747898084869749e-15,0.9998025474462748
World,940,3,0.0007536538598906262,0.00015871240518018832,7.46595027683511e-11,0.9990876336602785
World,941,3,0.0008760335400070794,1.3210481408194301e-06,2.823378017959309e-10,0.999122645129505
World,942,0,0.6096937904596859,8.982905234798614e-12,1.0217434119076668e-09,0.39030620850957054
World,943,1,7.234509831024596e-08,0.9958440955431298,1.7539681084257454e-20,0.004155832111795677
World,944,0,0.9999999999719762,1.4017164453964683e-30,4.1143637940565954e-19,2.8036590875608193e-11
World,945,0,0.9992589220147007,5.143941174866615e-10,4.851372142029176e-14,0.0007410774708517642
World,946,0,0.9154048528340111,2.5068139883574143e-18,0.001432345951781593,0.08316280121419174
World,947,0,0.9123036392805843,2.1034000748569427e-20,2.348798614996877e-07,0.0876961258395456
World,948,0,0.9996876071058725,3.062096900137292e-08,2.613732498033789e-15,0.00031236227313802994
World,949,3,1.225391293715001e-08,6.570998586475776e-13,9.793304198358547e-06,0.9999901944412238
World,950,0,1.0,9.843447667820941e-40,8.93460742609659e-25,1.0014165758757713e-17
World,951,3,0.009105053948889991,0.004200632527557707,3.57570202570055e-11,0.9866943134878187
World,952,1,5.5057213303796346e-12,0.9997668862495611,3.1464286104879643e-18,0.00023311374492573963
World,953,1,1.3659286854916558e-14,0.9999446305196713,3.69455987744247e-18,5.536948033003988e-05
World,954,3,0.0013525351776691962,1.3890689428059487e-12,8.83856519831046e-08,0.9986473764352644
World,955,1,8.525560961341551e-23,0.9999999999944862,1.358561740435436e-26,5.53751952773159e-12
World,956,1,5.785757485436576e-19,0.999999774634628,8.648696841222147e-24,2.2536535208599485e-07
World,957,3,5.251569756861839e-08,0.00025798625572212634,1.4216382161658816e-09,0.9997419598069173
World,958,3,0.011677516201066494,1.614768785154301e-05,4.916283731952228e-13,0.9883063361106043
World,959,1,1.5476436037780882e-11,0.999988567446831,2.769888974309029e-18,1.143253766830164e-05
World,960,1,1.0466242551013381e-13,0.9998702145026432,1.8993591459774379e-19,0.00012978549724987413
World,961,3,8.603832524543984e-09,2.343223554802389e-05,1.126265086182246e-10,0.9999765590479989
World,962,1,1.6569560157618585e-08,0.5481402103195812,3.021194958401788e-11,0.45185977308062586
World,963,3,4.598246113276292e-08,0.025169468795668386,1.140876153074638e-11,0.9748304852104397
World,964,3,3.806396226978699e-06,2.0532583041028366e-08,8.764635400772045e-14,0.9999961730711006
World,965,1,6.639294225818253e-08,0.985699272347895,1.1380532091113194e-18,0.014300661259156038
World,966,3,0.0056258384352794065,1.8924190063384656e-07,2.738279636528231e-10,0.9943739720489785
World,967,3,0.13509025577234202,3.100745871658536e-07,2.5120875114991335e-12,0.8649094341505563
World,968,3,2.1359241992134007e-05,1.3883327054941625e-15,2.113549310931447e-06,0.9999765272087004
World,969,1,3.5688442769617036e-06,0.9784452458054824,6.993401247543874e-17,0.02155118535023946
World,970,1,1.346888964009548e-16,0.9999948316237784,4.96785775784211e-21,5.168376240955496e-06
World,971,3,1.6972280886504766e-05,1.03024232245948e-12,3.429983707112135e-07,0.9999826847197406
World,972,1,1.8791929201443714e-13,0.9999383834274134,1.4962313346766067e-19,6.161657241685437e-05
World,973,0,0.9999551957495207,2.3501415476785085e-19,1.730069500834379e-14,4.480425044299051e-05
World,974,3,7.912476953026109e-07,4.4779961739764656e-05,1.1191166643108026e-12,0.9999544287894486
World,975,3,1.8599032416144465e-05,1.5499544492714476e-07,2.1440268473133608e-13,0.9999812459719092
World,976,1,3.3228039959532907e-11,0.999164202307278,1.050417133636911e-17,0.0008357976594948307
World,977,3,1.0860476158227744e-06,0.02597563629012366,8.416660348939501e-10,0.9740232768206025
World,978,3,2.747571465754201e-06,5.534905255759785e-21,2.847468079068293e-11,0.9999972524000443
World,979,1,2.8584455917405845e-21,0.999999999980048,7.85959022185709e-27,1.9961681890808834e-11
World,980,3,0.00015221734307107349,7.080483857635162e-12,6.493758564624001e-08,0.9998477177122814
World,981,3,0.0021567783452437757,1.2454652145836042e-09,7.275147284038557e-11,0.9978432203365346
World,982,3,5.770836784102e-07,9.293707154891182e-17,5.56690694799121e-10,0.9999994223596181
World,983,0,0.9999788066337998,4.50394151700531e-12,3.2191035370346598e-18,2.119336169435839e-05
World,984,1,1.4198128815258752e-23,0.999999999925592,1.7754235441092965e-28,7.438564983981506e-11
World,985,3,3.570025766986445e-05,3.71232829538369e-12,0.0004326931915030542,0.9995316065471234
World,986,0,0.9498764001943976,1.8372952789000232e-13,1.6794300957047226e-14,0.050123599805377235
World,987,3,0.4022958073153883,2.0512507538213998e-11,6.556553025329862e-10,0.597704192008433
World,988,3,0.0007356339189785999,0.00021024062379856333,7.191948327942837e-11,0.999054125385319
World,989,0,0.9607709832055568,1.3381240699741064e-10,1.538174893031396e-13,0.03922901666048181
World,990,3,0.0006401110123102113,2.4788914897361187e-06,6.3236823016606564e-12,0.9993574100898976
World,991,3,0.1219901109168971,1.6402428648154423e-07,1.4241097243092542e-12,0.8780097250573806
World,992,1,6.175772071472888e-05,0.996365238042889,1.839480124970113e-13,0.0035730042362334406
World,993,3,0.0020151552001446815,3.9760439654012297e-07,1.0725102648415529e-13,0.9979844471953697
World,994,1,2.1480612237794135e-11,0.999994170565737,7.174734151229256e-23,5.8294127866476076e-06
World,995,1,1.899954179290063e-12,0.9842374971090875,6.1846416219174005e-18,0.01576250288901865
World,996,1,1.0930299217575112e-17,0.9999999953496399,3.1201821640070066e-17,4.65034234718481e-09
World,997,3,0.009027283049316116,8.644689953509793e-11,7.448449342339122e-11,0.9909727167897494
World,998,3,0.0050834485766197545,1.899480387081407e-05,2.4744703002336902e-14,0.9948975566194933
World,999,3,0.0007511572308174919,3.3518148555206476e-08,3.127128891567921e-08,0.999248777979766
Sports,1000,2,0.007133685231591278,5.652230704564665e-25,0.9927871630144742,7.91517539615245e-05
Sports,1001,0,0.9994967159108288,3.407423112849283e-25,0.0005017363862994811,1.547702889248625e-06
Sports,1002,0,0.9999999809747353,3.0034727534806107e-28,1.0709581164796646e-11,1.901456546514743e-08
Sports,1003,0,0.9999999997621103,4.571862909393238e-39,2.340119153708941e-10,3.850067864274299e-12
Sports,1004,2,4.856029762490633e-10,2.5767716766966734e-24,0.9999999792059955,2.0308429295768126e-08
Sports,1005,0,0.9997147012527134,9.293678733530052e-26,0.0002851916394445607,1.0710785413619192e-07
Sports,1006,2,5.249054701037838e-20,7.380896766423664e-33,1.0,1.5615113832243238e-14
Sports,1007,2,0.07760839757334309,7.415309907148301e-30,0.9223908632253875,7.392012801658659e-07
Sports,1008,2,3.1240433232559916e-07,3.0658603986279882e-31,0.9999995289522275,1.58643419961755e-07
Sports,1009,2,1.5076666503346684e-09,5.233480201275504e-24,0.9999973043019236,2.69419043100376e-06
Sports,1010,0,0.999764816413506,1.3379455676781897e-29,0.0002351776538959171,5.932579614031762e-09
Sports,1011,2,5.0872491754937e-19,3.0737138988190244e-29,0.9999999999962483,3.734645566747716e-12
Sports,1012,2,3.470435968607203e-07,4.287168155516323e-28,0.9999996067177427,4.623867226683894e-08
Sports,1013,2,0.19839151088826118,3.718606752149314e-15,0.7452301698530024,0.05637831925876074
Sports,1014,2,4.223864196864362e-10,9.16476589862828e-19,0.9852622284289624,0.014737771148666569
Sports,1015,2,6.917681617744062e-07,4.5075602689994906e-24,0.9999823352393832,1.6972992476979695e-05
Sports,1016,0,0.9895064042825861,2.0049108027584917e-18,1.954399462399476e-08,0.010493576173405619
Sports,1017,2,0.00046650081883971956,7.707156397687574e-21,0.9981896083384181,0.0013438908427218644
Sports,1018,2,1.385970103495017e-12,1.1614885529521792e-33,0.9999999999675993,3.103413707362426e-11
Sports,1019,0,0.9307858962348142,1.0475465063521182e-24,0.06880860061221726,0.000405503152954474
Sports,1020,2,0.013658390632053053,5.575061628610562e-26,0.9863412969690085,3.1239893999163114e-07
Sports,1021,2,4.6898137838620777e-07,1.4032074064949077e-17,0.7296031422746581,0.2703963887439677
Sports,1022,0,0.9946659399851704,1.4963461184004997e-25,0.005154516889612715,0.0001795431252016874
Sports,1023,0,0.9999999615927785,4.659087622217628e-37,5.927889609083318e-11,3.8347918158460086e-08
Sports,1024,2,1.016396158514861e-11,3.644165932747845e-30,0.9999999997112354,2.7862129934061583e-10
Sports,1025,2,4.120202556778945e-11,9.808454832722593e-21,0.9999995014972675,4.984615567649569e-07
Sports,1026,2,3.613836470068209e-11,3.5221382715734315e-18,0.9999974865763516,2.513387494513446e-06
Sports,1027,2,0.00016159422017204443,6.144397132416433e-29,0.9998383594286351,4.6351182855687514e-08
Sports,1028,3,1.592198424276854e-05,5.742788183805391e-23,0.0019017946829678802,0.9980822833327863
Sports,1029,0,0.9999999049586609,1.105030589407573e-27,6.623630768077194e-12,9.50347091117519e-08
Sports,1030,2,0.00016997393230781701,6.169343493922897e-15,0.9107124150474282,0.0891176110202647
Sports,1031,2,1.3050875695060933e-10,6.369570717167647e-26,0.9999999996020392,2.6746440306698427e-10
Sports,1032,2,5.3299735041099775e-20,5.34534239274882e-30,0.9999999999420766,5.79377716880923e-11
Sports,1033,2,6.60811489298633e-05,4.4200275203882906e-15,0.9762504960693643,0.023683422781724597
Sports,1034,0,0.6010650596421089,2.5442685267770352e-18,0.39860677148578594,0.000328168872094092
Sports,1035,2,3.178333605969841e-07,9.48939354190786e-28,0.9999995509797244,1.311868976328353e-07
Sports,1036,2,2.273840878602939e-11,1.2126334954095166e-33,0.9999999999636202,1.3653766261930208e-11
Sports,1037,2,0.0031596587206930847,6.025311388178546e-32,0.9968390261757818,1.3151035465496408e-06
Sports,1038,0,0.9807071047485257,7.213158290632187e-21,0.01907324992656581,0.00021964532488334936
Sports,1039,0,0.9934255783514288,5.341345733086729e-25,0.0015203827139750627,0.0050540389345861
Sports,1040,2,1.2532787865446912e-11,6.610628173536236e-23,0.9999998612901874,1.3869725156361368e-07
Sports,1041,2,6.374067570405087e-11,1.8326600243263516e-32,0.9999999972636715,2.672597430548804e-09
Sports,1042,2,3.5853025764753175e-05,5.026266482769258e-25,0.9999596056281358,4.541346086268943e-06
Sports,1043,2,1.1565154354086011e-16,2.566976107422485e-30,0.9999999999985789,1.4469795265560207e-12
Sports,1044,0,0.9999999999958504,3.909449647704966e-41,7.639617256409237e-13,3.3850462413962847e-12
Sports,1045,2,7.771530095295504e-14,1.354607512950746e-24,0.9999999759125447,2.408735783099224e-08
Sports,1046,2,1.1839636935327932e-12,4.141207595569371e-34,0.9999999999983515,4.830230694717569e-13
Sports,1047,2,8.724046536146597e-09,1.395922251201914e-24,0.9999996304830007,3.607929619185944e-07
Sports,1048,0,0.9895324943872226,3.0226481362148298e-24,0.006791015460961812,0.003676490151829519
Sports,1049,0,0.9944512062965478,6.2346783659188166e-27,0.004907363677244584,0.0006414300261814649
Sports,1050,2,2.1433990598727243e-08,3.290469779035842e-26,0.999999940839702,3.772628494666646e-08
Sports,1051,2,1.0569304188194154e-07,1.9586728119928117e-34,0.9999998940613807,2.455786232476891e-10
Sports,1052,0,0.864783780326482,2.0877908331746018e-30,0.13520306259523318,1.315707827056992e-05
Sports,1053,2,7.16425669125883e-07,2.2140884868424164e-25,0.9999896151668178,9.6684074961536e-06
Sports,1054,0,0.9999999999998295,3.6000368803215722e-40,6.737542281273626e-15,1.8363143578823017e-13
Sports,1055,2,6.167685297907319e-14,5.605881639127147e-28,0.9999999904358106,9.564100240875392e-09
Sports,1056,0,0.9942609388380156,3.1166764913209157e-21,0.0023684160616407,0.003370645100341572
Sports,1057,2,0.04071922160346645,5.637378876091674e-25,0.9587961920364144,0.0004845863601379146
Sports,1058,0,0.6680100742549093,3.011974351100438e-33,0.33197045624989174,1.9469495194151027e-05
Sports,1059,0,0.9924291068126216,1.166708364566042e-21,0.004002474537726573,0.0035684186496472373
Sports,1060,2,3.719003394323142e-14,1.211365209995901e-30,0.9999999999648139,3.514657538731007e-11
Sports,1061,2,2.8767699680972528e-08,3.053213256683093e-23,0.9999959957448276,3.975487463502983e-06
Sports,1062,2,1.0532717425749769e-08,2.5934072620284408e-25,0.9999996536847706,3.35782531607977e-07
Sports,1063,0,0.9999997341513802,5.01847755333788e-22,9.077742503910633e-09,2.56770887105575e-07
Sports,1064,2,1.7500715611551974e-13,2.4936364231825124e-28,0.9999999685293237,3.147047791288251e-08
Sports,1065,2,2.81575743044006e-07,1.856003309326395e-20,0.9999300266318344,6.969179243868964e-05
Sports,1066,2,1.5980148111823086e-06,1.0686763693095678e-20,0.9999305919444593,6.781004074565177e-05
Sports,1067,2,2.2551166459055304e-08,3.689213927026491e-26,0.9999999718603481,5.588503330306705e-09
Sports,1068,0,0.9930013371040155,2.285591376718805e-29,0.006952591677558507,4.60712184004845e-05
Sports,1069,0,0.9877977289376304,2.151434172456873e-15,0.004549000530689339,0.007653270531686174
Sports,1070,0,0.9999997547094795,6.266740381564704e-34,1.647473611554923e-07,8.054317181536128e-08
Sports,1071,2,7.375114141730901e-14,1.2108594183451258e-29,0.9999999998953513,1.0455022513472461e-10
Sports,1072,2,3.739467788965704e-06,1.752964603426697e-26,0.9999952481593719,1.0123728513453636e-06
Sports,1073,2,0.004940629386102916,4.036843165921492e-34,0.9950590590904124,3.115234603245329e-07
Sports,1074,2,3.4280166080908097e-12,8.76980407768267e-36,0.9999999999914166,5.133552414446565e-12
Sports,1075,2,4.7784060518808936e-08,3.1486810364171323e-28,0.9999998281182491,1.2409768143612605e-07
Sports,1076,2,1.8394776700832035e-08,2.0333490260817407e-24,0.9999993352868095,6.463184093866886e-07
Sports,1077,2,4.861284819600473e-06,5.756435349547604e-28,0.9999950045338724,1.3418132309111847e-07
Sports,1078,2,9.294524550373555e-19,8.394658001802932e-28,0.9999999999997158,2.967131785047423e-13
Sports,1079,0,0.9950422371624242,4.6908294005003365e-28,0.0049563591120556135,1.403725547036608e-06
Sports,1080,2,3.518264511710297e-10,8.095158795124756e-27,0.9999998669628756,1.3268529372161326e-07
Sports,1081,0,0.9999996429110707,7.328548926102781e-39,3.570213180603189e-07,6.761780792949885e-11
Sports,1082,2,2.979247449172407e-06,5.808509509051616e-23,0.9999881382012541,8.882551283502767e-06
Sports,1083,0,0.9999954132756587,6.032504359962247e-23,3.986598999978101e-09,4.582737764923516e-06
Sports,1084,2,4.385617850319982e-13,1.065116485182522e-30,0.9999999998672138,1.3236635526263375e-10
Sports,1085,0,0.9999999994047357,1.6745938893103056e-28,1.1227918002264344e-12,5.941383559647903e-10
Sports,1086,2,1.6306538978099408e-08,1.6220958932959455e-32,0.9999999814327796,2.260672394496053e-09
Sports,1087,2,0.000764080601940771,4.277900964123939e-24,0.9982446413658422,0.0009912780322241523
Sports,1088,2,7.464604416259685e-17,1.197359539012045e-31,0.9999999999856755,1.4336421419899899e-11
Sports,1089,0,0.9999939265844351,2.4917232880924253e-22,9.295866509390276e-07,5.143828919763635e-06
Sports,1090,2,0.00019728370276739194,6.125542870040325e-20,0.9976722818628478,0.0021304344343860714
Sports,1091,2,0.10109127445465538,1.4160869485533079e-24,0.8988396826253054,6.90429200620649e-05
Sports,1092,2,9.052130196707356e-08,2.0702671157851625e-26,0.9999941260064986,5.7834721901285075e-06
Sports,1093,2,0.17924785627597953,1.3251918029953553e-19,0.8070825911405859,0.013669552583418836
Sports,1094,0,0.9396922086768037,1.4150033446293883e-16,0.0013567436048355888,0.05895104771836985
Sports,1095,2,1.6752035310317697e-07,1.0677932575534876e-32,0.9999998321354865,3.4417332387698236e-10
Sports,1096,0,0.9806472751747342,3.4687188031018053e-29,0.01935262975888065,9.506638600961321e-08
Sports,1097,0,0.7154637691662125,4.879151377406769e-19,0.2695804099568447,0.014955820876915332
Sports,1098,2,1.0599673333209573e-11,8.872201629067729e-29,0.9999999998432259,1.4619771784650186e-10
Sports,1099,2,4.64677431565906e-05,1.393516723254192e-18,0.9988928721519255,0.0010606601049228796
Sports,1100,2,5.891573517779662e-17,7.587099874104137e-28,0.9999999999967031,3.298519515065296e-12
Sports,1101,2,9.751557580883544e-12,5.261944164800957e-36,0.9999999999853912,4.879113876709507e-12
Sports,1102,2,0.033748907720808415,1.3219668227897369e-18,0.9619790218955829,0.004272070383626115
Sports,1103,2,2.371852054012063e-15,3.2723653140586255e-26,0.9999993272463132,6.727536818384193e-07
Sports,1104,0,0.9998626268135085,2.8535891972799854e-22,1.2555222287213334e-05,0.00012481796419545709
Sports,1105,2,0.009474351191766534,2.101553795272113e-28,0.990515773748823,9.875059390350156e-06
Sports,1106,2,5.801088134512156e-05,8.088028008545337e-34,0.9999419340442467,5.507440626118789e-08
Sports,1107,2,4.331726248954093e-09,5.730807476903307e-15,0.9396691272343135,0.06033086843392678
Sports,1108,2,5.206461000460244e-07,9.607215978299839e-24,0.9999992489470606,2.30406836374129e-07
Sports,1109,0,0.9999999293060594,4.5645798056921906e-32,4.850293039941332e-08,2.219101236218261e-08
Sports,1110,2,0.00010892922486948759,6.154011005770247e-27,0.9998910672810545,3.4940780592884183e-09
Sports,1111,2,8.278632496120251e-09,1.1709039841547937e-18,0.9984112279891731,0.0015887637321887194
Sports,1112,0,0.9999999911113946,7.02212938607624e-28,7.091420219954487e-09,1.7971591198866285e-09
Sports,1113,2,4.228300415331825e-22,2.3769712545040384e-33,0.9999999999999432,5.133127942537867e-14
Sports,1114,2,4.204292923535963e-06,4.798013895445994e-26,0.9999956905384896,1.051686002736997e-07
Sports,1115,2,0.14346793711105774,1.8262730127643202e-29,0.8565318320041124,2.3088484214036604e-07
Sports,1116,2,1.7227783214360375e-09,4.1576423931452984e-32,0.999999997740872,5.363564667879491e-10
Sports,1117,2,9.560120687786352e-09,5.923660556323875e-17,0.9997757966521902,0.00022419378770669384
Sports,1118,2,0.0010930067859157204,2.6362711092738828e-31,0.998906985748667,7.465421030107748e-09
Sports,1119,3,0.047791220748281016,1.2987697794046262e-15,0.0014405895926873835,0.9507681896590111
Sports,1120,0,0.99999999831482,1.2927818371990444e-29,9.20525931176953e-11,1.5931348563556194e-09
Sports,1121,2,0.021710726609331654,3.3940428842103334e-19,0.9690003688534755,0.00928890453716772
Sports,1122,0,0.9999105104298386,5.593627701712513e-34,8.947764300583129e-05,1.1927149205956221e-08
Sports,1123,2,0.0013483989145182615,1.0018554745198287e-23,0.9986297302821859,2.1870803268697193e-05
Sports,1124,2,9.199954977110476e-10,3.454859871824823e-27,0.9999999807139377,1.8366056402719292e-08
Sports,1125,2,0.0002872295122519469,1.1785268164830309e-25,0.9997103823334687,2.3881542875637747e-06
Sports,1126,2,4.7718060472423756e-17,6.477146825971702e-36,0.9999999999998863,9.28304562044458e-14
Sports,1127,2,2.0027471600110693e-07,4.868107225248284e-32,0.9999989483243171,8.514009701377451e-07
Sports,1128,0,0.848086842249034,7.800425442824048e-14,0.00533872653203823,0.14657443121883837
Sports,1129,2,8.969471333239975e-09,2.0716455207044869e-16,0.9998365071328108,0.0001634838977406656
Sports,1130,2,2.4120739548361316e-08,7.674196932146201e-24,0.9999996253957439,3.5048350391307965e-07
Sports,1131,2,0.0011504693407524834,3.3643363113954165e-30,0.9988492972525048,2.3340673334964848e-07
Sports,1132,2,8.528075351019455e-15,2.560095305143345e-28,0.9999999999695888,3.0410408049984836e-11
Sports,1133,2,3.1084416817919153e-06,8.827797390337547e-16,0.8670710526640665,0.1329258388942465
Sports,1134,2,5.3113473488781284e-14,7.486145160049821e-30,0.9999999999823217,1.7616652821390864e-11
Sports,1135,2,0.002274121967276179,7.815333747984807e-20,0.997697836325601,2.8041707095642287e-05
Sports,1136,0,0.9999979819060527,1.7018028159843572e-27,8.178441451273889e-07,1.2002497914548155e-06
Sports,1137,2,0.0008567032423900611,1.6490416869258602e-26,0.9991422809958973,1.015761712410664e-06
Sports,1138,2,7.734065987305781e-12,2.3874601616732652e-26,0.9999999436726641,5.631960518532608e-08
Sports,1139,0,0.9953271005275126,8.947645052245373e-27,0.004671389572190931,1.5099002740033645e-06
Sports,1140,2,5.566528163333596e-06,3.646718134307481e-25,0.9999931436163653,1.2898554859117623e-06
Sports,1141,2,9.688608079768068e-08,5.017521254357826e-22,0.9999783269092737,2.1576204659244062e-05
Sports,1142,2,0.006078173321605865,4.671079396995626e-24,0.9935445509392135,0.0003772757391678581
Sports,1143,0,0.999999129162158,1.6839291538202115e-31,7.422828465870448e-07,1.285550044726386e-07
Sports,1144,0,0.9997658373940673,1.0759512700987295e-32,0.00023406308016765063,9.952578402357107e-08
Sports,1145,0,0.9987124941288298,5.528437471925713e-25,0.0012865806828453474,9.251883213976906e-07
Sports,1146,2,1.2391696001130304e-06,3.3264949657462815e-34,0.9999987598966145,9.337632141096406e-10
Sports,1147,2,0.027501727220749398,4.1391040318670027e-22,0.9723184748105614,0.00017979796868213802
Sports,1148,0,0.9999999885312719,2.0345866934019426e-29,1.1383213313624257e-08,8.553774202515126e-11
Sports,1149,2,2.4232743333767404e-10,3.704531502146102e-28,0.9999998900457345,1.0971191808991139e-07
Sports,1150,3,0.015745125945770523,1.6084644811159533e-15,0.4035689693097414,0.5806859047445075
Sports,1151,2,2.1431519391947243e-07,1.894035138777036e-26,0.9999990532959306,7.323888934610034e-07
Sports,1152,2,0.34144325859985564,1.935954517639364e-23,0.6578731924285834,0.0006835489715601888
Sports,1153,2,4.5638818212646687e-11,4.170192070665218e-25,0.9999999107070647,8.924727913355088e-08
Sports,1154,2,1.9483592905770653e-16,8.811234013118881e-26,0.9999999999700435,2.993496957933119e-11
Sports,1155,2,0.14381524981759342,2.084073846878084e-22,0.8557451715076246,0.00043957867476073214
Sports,1156,2,7.344571306036803e-07,1.6898330660840933e-30,0.9999992512919068,1.4250961949675365e-08
Sports,1157,2,1.9522373773918814e-08,3.196367492105873e-21,0.9999912451826957,8.73529494096231e-06
Sports,1158,2,5.1031230756077745e-08,1.0441987880811808e-29,0.9999999066109851,4.2357787680170755e-08
Sports,1159,0,0.9999267693812793,4.565973467132567e-21,2.6630096029443502e-05,4.660052266430089e-05
Sports,1160,0,0.9922275601323363,7.584876650629243e-28,2.1321217493291397e-05,0.0077511186501436746
Sports,1161,2,0.0070720921938820175,3.0737265913207877e-24,0.992849136550402,7.877125572934834e-05
Sports,1162,2,1.3919492979384156e-09,7.696596860594272e-33,0.9999999931491175,5.458911044388919e-09
Sports,1163,2,0.0010845559518369086,1.583851436211301e-30,0.9989154069881147,3.706003547879606e-08
Sports,1164,2,3.05507356167259e-12,4.255568059157414e-31,0.9999999978759888,2.1209740142665482e-09
Sports,1165,2,0.0011183513539604305,5.24849523347875e-22,0.9927111985781011,0.00617045006791181
Sports,1166,2,6.954343839224181e-10,2.0133112935565288e-29,0.9999999983019734,1.002575072483108e-09
Sports,1167,2,0.0036670970897257917,1.663219039512539e-26,0.9963300894485123,2.8134617625612506e-06
Sports,1168,2,7.780058052104077e-06,4.4553602874266665e-29,0.9999914132151596,8.067267812546588e-07
Sports,1169,2,2.2901772550854804e-11,3.659319069660612e-25,0.9999996904077104,3.0956937000458184e-07
Sports,1170,2,6.26524039163068e-20,7.092171833925465e-30,0.9999999999770921,2.2930421382583292e-11
Sports,1171,3,0.00011287368809336689,7.932077688067813e-23,0.00030364309500074716,0.9995834832168892
Sports,1172,2,0.0024334984122061218,1.851439287650379e-27,0.997478765724422,8.773586339122646e-05
Sports,1173,0,0.999977431712191,2.753447402503356e-28,2.0258070473880917e-05,2.3102173284673992e-06
Sports,1174,2,0.09957426935309843,7.1910413835264065e-25,0.9003849648279618,4.0765818938864754e-05
Sports,1175,0,0.9972715760281714,3.223050113847117e-25,0.0027212779894900405,7.145982349304398e-06
Sports,1176,2,1.4480467987434866e-06,2.0235066325018788e-29,0.9999985502979875,1.6551908277409554e-09
Sports,1177,2,1.0268634829426213e-08,2.482390574455659e-24,0.999999367656785,6.220745558138655e-07
Sports,1178,0,0.9822284404297225,8.482372083191155e-28,0.012738877786292405,0.005032681783984882
Sports,1179,2,3.960342102442857e-08,8.087227173525946e-25,0.9999981103059332,1.8500906224956752e-06
Sports,1180,2,2.8474604494073053e-16,3.901044877974867e-38,1.0,1.9715655169415818e-15
Sports,1181,0,0.7791166939658098,4.569272108606976e-13,0.004977612041239536,0.2159056939925062
Sports,1182,0,0.974480178042247,7.103996705161974e-30,0.025519721071457478,1.0088628412564652e-07
Sports,1183,0,0.760773163409926,8.667326460828617e-26,0.23922382540853163,3.011181562694551e-06
Sports,1184,2,1.1638917104334908e-09,2.4271245871571817e-21,0.9999991330852601,8.657508546936829e-07
Sports,1185,3,1.052501573297519e-05,2.6322718930643556e-13,0.002533345740876986,0.9974561292431376
Sports,1186,2,2.618387888023873e-09,5.657812411960292e-17,0.9997312346010425,0.00026876278058876303
Sports,1187,0,0.9999999800864432,3.4816065406134747e-26,3.44078811075758e-09,1.647276246075254e-08
Sports,1188,2,1.7364437965511817e-05,2.6868182495939967e-27,0.9999821825822689,4.529797584074902e-07
Sports,1189,2,5.383036764365201e-06,1.5318947872362696e-18,0.9603065308744595,0.03968808608877704
Sports,1190,0,0.9957772279721655,9.918008617245297e-26,0.0037287671927955205,0.000494004835057792
Sports,1191,3,2.14631724621465e-07,1.0612987515320976e-11,0.07256271225441241,0.9274370731032282
Sports,1192,0,0.9999995811409998,2.5416479251246423e-26,1.2828152384718316e-09,4.1757617239774893e-07
Sports,1193,2,4.564351789658405e-08,1.5205291074802464e-20,0.9999886846649265,1.1269691536622298e-05
Sports,1194,2,3.515479209812283e-16,1.2044286919894195e-24,0.9999999997885425,2.1148470568234521e-10
Sports,1195,0,0.9980049197118862,3.374328998033661e-23,5.990462346266794e-12,0.0019950802821491875
Sports,1196,0,0.981600069733127,1.3676206521091376e-24,0.018384140033932947,1.5790232915201743e-05
Sports,1197,2,3.448809762281168e-07,3.7049520631508273e-23,0.9999992815288886,3.7359014047329557e-07
Sports,1198,0,0.9999999999918714,8.716124292460767e-39,1.6354612520696726e-15,8.118453550829109e-12
Sports,1199,2,0.0053698277500587015,1.2665608479615511e-15,0.5095504009568694,0.48507977129305774
Sports,1200,2,0.0007170948706133385,8.625365621425793e-21,0.9987470301808722,0.0005358749485050459
Sports,1201,0,0.9793226062688891,7.974412491243442e-12,0.000479473443441557,0.020197920279695157
Sports,1202,2,0.0004477693368806546,3.482991568070431e-12,0.8638209899568723,0.13573124070277096
Sports,1203,2,1.0323907295839957e-05,2.6554958420286845e-24,0.9999663161519428,2.3359940734297062e-05
Sports,1204,0,0.9999956183589731,4.6838729755146827e-26,3.677826061232217e-06,7.038149574478792e-07
Sports,1205,2,1.7106227637902618e-12,1.2518482109132372e-31,0.9999999998443627,1.5390806622934435e-10
Sports,1206,2,0.389550102172118,3.784643704433743e-23,0.6092079649647163,0.001241932863141844
Sports,1207,0,0.9998076431762842,2.6394637193839005e-29,0.0001923427658128259,1.4057881215989429e-08
Sports,1208,2,0.0008505215180648472,7.081744413445475e-21,0.9651643235403126,0.03398515494160863
Sports,1209,2,2.5498328590478913e-11,5.606324646925864e-25,0.9999999921053586,7.86917082093369e-09
Sports,1210,2,2.4503274560752887e-11,1.1082611093489372e-23,0.9999999957583441,4.21713334795864e-09
Sports,1211,0,0.9997668630953028,4.503832904614769e-23,1.5422071488196253e-12,0.00023313690316953485
Sports,1212,2,3.490509624985521e-05,2.948921406244851e-22,0.9998095566745643,0.0001555382292072926
Sports,1213,0,0.9675727686006582,2.8607783292743493e-25,0.032406668031897026,2.056336744453476e-05
Sports,1214,2,3.7628889307849103e-16,2.5605221007017364e-23,0.9999999958426997,4.157298547521383e-09
Sports,1215,2,2.0809556820839236e-09,6.721582120760445e-21,0.9999997787500337,2.191690225154639e-07
Sports,1216,2,0.0003683723104068627,5.1291678080990995e-20,0.9992647942222074,0.0003668334673651328
Sports,1217,2,9.011030624292799e-17,4.022884008850688e-35,0.9999999999918145,8.204483131948666e-12
Sports,1218,2,1.796017609824444e-10,4.31161019975416e-10,0.8526901638918255,0.14730983549740811
Sports,1219,2,6.196799924967558e-05,8.517873894216852e-25,0.9999375881330552,4.4386771653958804e-07
Sports,1220,2,1.4463246815639098e-10,1.9846377781005623e-21,0.9999973211649901,2.678690390193731e-06
Sports,1221,2,0.11755330297885064,1.3069728167956773e-25,0.8824436589317424,3.0380893997660608e-06
Sports,1222,2,6.816009707065064e-05,7.641137739388331e-28,0.9999316775909851,1.62311971224237e-07
Sports,1223,3,4.84405898452636e-11,7.960704711622949e-09,0.0005641802926834843,0.9994358116981741
Sports,1224,3,0.012418337298376738,8.502287503971748e-19,0.011880015079472825,0.9757016476221524
Sports,1225,2,4.662353217557845e-10,2.117015832797825e-26,0.9999999924663712,7.067418308095109e-09
Sports,1226,2,3.6056074088841865e-11,1.0053562893684018e-25,0.9999999912497515,8.714168115851613e-09
Sports,1227,2,1.321485431495491e-18,7.257878244170235e-32,0.9999999999940883,5.8879383901397445e-12
Sports,1228,0,0.9999996382113722,3.538249209069732e-26,8.865950725527739e-10,3.609020379955519e-07
Sports,1229,2,5.80475658212691e-05,6.527407351686856e-20,0.9998587758103206,8.317662387692406e-05
Sports,1230,2,7.275584459297363e-09,4.780850951630486e-26,0.9999998236841221,1.6904028077639505e-07
Sports,1231,2,8.931111613316461e-09,5.5273369036305465e-18,0.9999777709652721,2.2220103637388795e-05
Sports,1232,2,9.40079480948592e-13,1.5437023632159792e-28,0.9999999983938324,1.6052288578651704e-09
Sports,1233,2,1.170754540573712e-11,4.4868902246963593e-32,0.9999999998131557,1.7514183555828437e-10
Sports,1234,2,3.870521048187182e-09,1.3866088014555341e-37,0.9999999956202146,5.092360491789752e-10
Sports,1235,2,5.705723415429922e-09,5.738228588683028e-26,0.9999997251559116,2.6913835589770744e-07
Sports,1236,2,1.1493119745813778e-09,3.191875039604284e-34,0.9999999987852561,6.54166471779832e-11
Sports,1237,2,4.586037279387351e-16,5.485331541184719e-30,0.9999999999965894,3.4234201434345484e-12
Sports,1238,3,0.3136782247353676,3.0015453333466347e-17,0.09211017822285622,0.5942115970417559
Sports,1239,2,8.260978947589835e-10,3.025947856212217e-31,0.9999999975443075,1.6296166248073248e-09
Sports,1240,2,2.0849554844830302e-12,5.952956545936304e-29,0.9999999998959197,1.0197450847151317e-10
Sports,1241,2,1.1834830302112203e-16,5.408135701205448e-31,0.9999999999990905,8.902345303933781e-13
Sports,1242,2,7.708098594963462e-08,8.696428099605703e-25,0.9999998365493772,8.636963153792038e-08
Sports,1243,2,1.025031302600335e-11,5.8918453569391735e-24,0.9999994085718001,5.914179396130158e-07
Sports,1244,0,0.9999999977363814,3.2612950645810365e-31,8.484125328893294e-10,1.4152162446024912e-09
Sports,1245,2,1.405227304153687e-05,2.272406414900118e-33,0.999985941146268,6.580679817879677e-09
Sports,1246,2,5.286684187125102e-09,2.859501005347371e-23,0.9999945485709193,5.446142375123837e-06
Sports,1247,2,1.2565439401292961e-08,4.8021563436544905e-33,0.9999999839778867,3.4566678028840297e-09
Sports,1248,2,1.18517293930094e-12,3.7175201959297884e-29,0.999999999945544,5.3276187037087145e-11
Sports,1249,0,0.9849018674592552,5.015019142278052e-32,0.015097885997925787,2.465428358960971e-07
Sports,1250,0,0.9999970780616024,1.1945248503732006e-30,2.8707344440144604e-06,5.120396323823389e-08
Sports,1251,3,0.004692826220819301,4.431775575977516e-15,0.48621838160719644,0.5090887921719772
Sports,1252,2,4.590263404092739e-13,1.0093533069637304e-26,0.9999999950077836,4.991735039904344e-09
Sports,1253,2,1.1645356051504199e-20,2.0081519509145766e-34,1.0,8.647598424435414e-15
Sports,1254,2,1.763521473689627e-15,6.984549564985725e-30,0.9999999998746034,1.2537228840482545e-10
Sports,1255,2,1.4576148206151454e-14,4.702480151135216e-25,0.999999998774399,1.225563981053008e-09
Sports,1256,2,0.0016353232972035846,5.237749537665027e-29,0.9983633133513443,1.363351466410547e-06
Sports,1257,2,4.2242104011321286e-08,1.8710893779610775e-21,0.9999953806790071,4.577078915980356e-06
Sports,1258,2,1.7895115733257468e-11,1.290055134651217e-32,0.9999999998830162,9.911296122773483e-11
Sports,1259,2,4.355164287054516e-06,1.2812966975385334e-17,0.9994945597508154,0.0005010850849165831
Sports,1260,0,0.9999120089435731,3.1452187923818533e-29,2.8061162445766353e-05,5.992989398210388e-05
Sports,1261,2,1.3889942460854413e-09,9.094647049898443e-16,0.9999506874573512,4.931115366195121e-05
Sports,1262,0,0.9999999997352802,1.5941287606450427e-41,2.607229561682119e-10,3.9984704960934294e-12
Sports,1263,2,8.155556021606587e-14,9.076624269596072e-26,0.9999996081649186,3.918350209376054e-07
Sports,1264,0,0.9921852003896368,6.977391988062324e-21,0.0004482511804472263,0.007366548429898773
Sports,1265,3,0.004799006255413395,8.605706227650498e-16,9.777433874718325e-09,0.9952009839671776
Sports,1266,0,0.9964236651845465,5.8329109726406236e-31,0.003576214372516493,1.2044293050222442e-07
Sports,1267,0,0.999993852818158,2.722075132172415e-32,5.737259721263006e-06,4.099221473964731e-07
Sports,1268,2,0.00010285873192967675,2.192839762188994e-28,0.9998970887287689,5.253932726022685e-08
Sports,1269,2,3.6277816431414e-05,5.1894137440170494e-17,0.9619038002073201,0.038059921976237455
Sports,1270,2,9.234692439824515e-08,8.105679160250304e-29,0.999999817133374,9.051969932773288e-08
Sports,1271,0,0.991734371698546,7.622717412569001e-25,0.008257480088706564,8.148212761544364e-06
Sports,1272,2,1.0685811873771082e-10,2.586555458237776e-26,0.9999999872881632,1.2604980619392586e-08
Sports,1273,2,2.497916473812811e-08,2.0174403269137854e-20,0.9999914292969913,8.545723848765067e-06
Sports,1274,2,2.1828493676315906e-07,1.2973932738220071e-25,0.999999686491598,9.522346407240121e-08
Sports,1275,2,5.829153155889186e-14,2.2796712798577953e-28,0.9999999981349674,1.8649811964529824e-09
Sports,1276,2,5.97857142145881e-13,1.3437513122655177e-27,0.9999999829016702,1.7097739514255277e-08
Sports,1277,0,0.9999999999976126,3.4356590687615106e-36,1.5021893610798687e-12,8.872462141318784e-13
Sports,1278,3,8.762913628841981e-08,4.2235604003949504e-07,0.005585341227857108,0.9944141487869574
Sports,1279,2,4.366157351362006e-07,4.925190486186424e-22,0.9984106372883047,0.0015889260959599041
Sports,1280,0,0.9999140670327193,1.4034844131293473e-20,7.646646897941285e-12,8.593295964090693e-05
Sports,1281,2,2.079353126393896e-06,6.115744877818794e-27,0.9999969824435819,9.38203317772705e-07
Sports,1282,2,0.0011680105561729067,7.5632912435215e-18,0.9975120934746956,0.0013198959691493207
Sports,1283,2,1.2244189051903319e-11,2.6151993310732968e-31,0.9999999830451999,1.6942538677346043e-08
Sports,1284,2,2.97575270321256e-09,7.014790018689054e-20,0.9996382947673149,0.0003617022569253111
Sports,1285,2,9.817762501186508e-08,6.361891570403728e-25,0.9999996645829009,2.372395005207273e-07
Sports,1286,2,0.0016259471992588481,8.642900394936724e-22,0.9939671552934065,0.004406897507309703
Sports,1287,0,0.9741495843562215,6.900689213620263e-17,0.023775159003113586,0.0020752566406636256
Sports,1288,2,1.555144357546852e-16,2.204658290817489e-28,0.9999999999836859,1.629643090707639e-11
Sports,1289,0,0.9999999990747028,1.2630355560380768e-34,9.853248883621501e-16,9.253219062536233e-10
Sports,1290,2,0.0001545399710705433,4.516509966229323e-23,0.9997724042151712,7.305581375654301e-05
Sports,1291,2,2.2807466139057278e-10,1.9684105787107144e-24,0.9999997811894117,2.1858252239184361e-07
Sports,1292,0,0.990768143383703,2.5554947070331856e-21,0.006723502010885796,0.002508354605433255
Sports,1293,2,2.9798101222080607e-12,1.736151320345636e-24,0.9999999582202586,4.177675705067078e-08
Sports,1294,2,4.26612965570269e-13,2.6876907582419204e-36,0.9999999999540137,4.556999484641451e-11
Sports,1295,2,1.8762414382150474e-14,3.1464413845272755e-34,0.9999999999996589,3.0286144462843926e-13
Sports,1296,2,8.496284355606779e-13,1.5757554075288645e-32,0.9999999997987743,2.0034810678880077e-10
Sports,1297,2,0.019640729463825585,2.324429634865951e-30,0.9803591435428878,1.2699330174853753e-07
Sports,1298,2,0.21752865052688514,1.2463638723680088e-19,0.7776956222876623,0.004775727185440189
Sports,1299,2,1.3553652821201484e-05,1.4210962814985964e-16,0.974786101597642,0.02520034474951873
Sports,1300,2,5.538661471563671e-11,6.458615457546557e-19,0.9999983246351968,1.6753094151014487e-06
Sports,1301,2,8.079427918554088e-05,3.220541181968246e-32,0.9999191976642657,8.056562312584354e-09
Sports,1302,0,0.9999924132458372,8.30680615427071e-28,2.113374556972309e-06,5.473379580267176e-06
Sports,1303,2,1.105922394092703e-10,2.8281197618355353e-25,0.9999986886012452,1.3112881660628934e-06
Sports,1304,0,0.9999990928829583,3.3853762057802495e-30,1.0145820457599006e-09,9.061024574462445e-07
Sports,1305,2,4.621613989757017e-17,1.5714153308904433e-33,0.9999999999997158,2.84197176266613e-13
Sports,1306,2,8.361831253647648e-08,1.9573959214279632e-28,0.9999998520407413,6.434097293730182e-08
Sports,1307,2,5.5283449551989634e-08,3.033232843890392e-22,0.9999998568594708,8.785708812301844e-08
Sports,1308,2,0.00017876624708115457,2.0500336852224993e-36,0.9998212023475791,3.140536675532878e-08
Sports,1309,2,9.51166170444686e-10,3.1817915260352326e-29,0.9999999939013264,5.147515991963822e-09
Sports,1310,2,3.544346107019012e-09,3.3334670105588403e-26,0.999999991733489,4.722160085185501e-09
Sports,1311,2,0.43739353164215844,9.737946272715152e-19,0.5576782406833369,0.00492822767449845
Sports,1312,2,4.107757877962392e-19,6.984164612297725e-25,0.9999999999688498,3.116626601170232e-11
Sports,1313,2,1.4034571209966507e-07,5.443751748517797e-30,0.9999997677975031,9.185676843827596e-08
Sports,1314,0,0.9984690311209482,3.0854009096034e-24,0.0015292519389683039,1.7169400728665686e-06
Sports,1315,0,1.0,1.617776542602419e-43,4.7841879059389337e-20,5.261539883806394e-15
Sports,1316,0,0.9953265642304697,1.8580254797946388e-23,7.986293427309512e-07,0.004672637140213988
Sports,1317,2,1.7166831852623348e-16,7.624349604534399e-33,0.9999999999863007,1.3714582697907208e-11
Sports,1318,3,0.008939566025756466,1.3421997352101244e-11,0.0030712829288831486,0.9879891510319232
Sports,1319,2,3.8789860776871836e-18,7.815121087393666e-31,0.9999999999998863,1.3069162468020223e-13
Sports,1320,2,6.891531156316383e-13,2.217986078293422e-32,0.9999999999539,4.5399796778651495e-11
Sports,1321,0,0.8359373119506343,2.707533438350281e-24,0.16402272396157178,3.996408782098691e-05
Sports,1322,0,0.9999967942613578,1.0877454508096876e-24,1.540087872257773e-06,1.6656507539348459e-06
Sports,1323,2,3.156932661381499e-05,4.174297112669498e-33,0.9999684304265034,2.468663064829704e-10
Sports,1324,0,0.9993791872952325,6.012040701512545e-29,0.0006197507498444638,1.0619549342276477e-06
Sports,1325,2,8.833367211385486e-14,5.419463157492313e-34,0.9999999999921556,7.747654108768677e-12
Sports,1326,0,0.9999999937027155,2.256691336540774e-34,5.82168300723815e-09,4.756028417906671e-10
Sports,1327,2,3.588692437508166e-10,7.145944499636175e-31,0.9999999947133915,4.927734447055224e-09
Sports,1328,3,1.0793075825837916e-10,1.6495448079730603e-07,0.0009459823349498556,0.9990538526026228
Sports,1329,2,3.480390603483604e-06,1.6719135626534806e-28,0.9999965181114385,1.497971653352177e-09
Sports,1330,2,0.22131874743518248,1.560551987032508e-24,0.7786592978166997,2.1954748106127614e-05
Sports,1331,2,1.1547725856060566e-06,1.820772433133632e-30,0.9999987921357747,5.309165557798635e-08
Sports,1332,2,1.0422173671480914e-14,3.097126622465585e-32,0.999999999988745,1.126600702720417e-11
Sports,1333,3,0.08196090090026496,4.929608921651736e-19,0.008702126195822038,0.9093369729039008
Sports,1334,2,0.0009671115856730755,4.2009827444203604e-27,0.999032550940544,3.374738003176755e-07
Sports,1335,2,2.8003603130029426e-05,2.542718850327113e-25,0.9999689778586741,3.018538199826875e-06
Sports,1336,2,0.04780870875582621,1.9630717819089109e-31,0.9521909096126155,3.8163155957858126e-07
Sports,1337,2,9.256083572343019e-10,3.519601265558797e-26,0.9999999922230813,6.8513212668951055e-09
Sports,1338,2,0.001000810419487487,1.4179663552676172e-26,0.9989124573579178,8.673222260611255e-05
Sports,1339,0,0.9995635900681004,3.656658714390343e-30,0.0004364068553556614,3.076531486222188e-09
Sports,1340,2,3.1328073732459613e-14,8.366516291501791e-18,0.9999995796991104,4.2030084456625255e-07
Sports,1341,2,1.745123394446885e-10,2.4646125391203706e-25,0.9999999144795916,8.534589400594751e-08
Sports,1342,0,0.999295843170073,1.5466264277033954e-25,0.0006907396545093134,1.3417175400340374e-05
Sports,1343,3,0.03613636821072992,4.296965245104539e-17,0.050369891575951,0.913493740213299
Sports,1344,0,0.9840515031386238,3.406076431273463e-24,0.015929576315831008,1.892054555925134e-05
Sports,1345,2,2.819263867681347e-06,1.8081827583458552e-21,0.9999898519217743,7.328814340080267e-06
Sports,1346,0,0.9973263169154519,1.8975514602460178e-24,0.0025866656174369164,8.701746709438954e-05
Sports,1347,2,1.3901028634709516e-13,2.7154581545242687e-29,0.9999999999779448,2.1917679419989716e-11
Sports,1348,0,0.9999999865672181,3.2829771839264866e-41,1.343269186851498e-08,8.019652659863304e-14
Sports,1349,2,1.81804962015523e-05,2.396137613376131e-27,0.999980296487589,1.5230162018319613e-06
Sports,1350,2,0.0032119711714389864,6.321319379527297e-23,0.9962609257659403,0.0005271030626053438
Sports,1351,2,0.0020215869626247075,1.189186291796155e-19,0.9949919048384844,0.0029865081989035747
Sports,1352,2,0.16264155631325708,5.415690416452011e-26,0.8246188445992879,0.012739599087429037
Sports,1353,2,2.0740280230438716e-09,1.0129418556162716e-33,0.9999999962016091,1.7243408383506317e-09
Sports,1354,0,0.9944622064528974,1.9927631681998222e-32,0.005537719771064251,7.377603241194355e-08
Sports,1355,2,0.1320011358053853,6.403712201144398e-20,0.8557034580044892,0.012295406190146484
Sports,1356,2,0.07472403502714231,2.74690746120084e-22,0.9236925000098419,0.0015834649630247504
Sports,1357,2,5.257334359600639e-05,6.606174876927413e-20,0.9987159788890078,0.0012314477673994425
Sports,1358,0,0.9916345178897692,6.0972418007507345e-24,0.008365257673455001,2.244367614717955e-07
Sports,1359,2,1.321485431495491e-18,7.257878244170235e-32,0.9999999999940883,5.8879383901397445e-12
Sports,1360,2,4.199839521929727e-09,3.725850901537581e-07,0.8093165034460091,0.19068311976908484
Sports,1361,0,0.6598437292214375,4.219917526838818e-19,0.2522005268792735,0.08795574389928694
Sports,1362,2,3.7040671441108175e-08,3.6418877747244634e-27,0.9999998805063868,8.245292582288935e-08
Sports,1363,0,0.9999911017847275,8.347820163647589e-26,6.788018364152639e-06,2.1101969246369307e-06
Sports,1364,0,0.9926371676518209,1.6689300619962666e-22,0.007273634056798731,8.919829138322564e-05
Sports,1365,2,0.0069091280035756455,8.678410753609966e-20,0.991738816662195,0.0013520553342082678
Sports,1366,2,3.6843876766516746e-12,4.47137635944513e-33,0.9999999985426484,1.4536685647824634e-09
Sports,1367,2,3.173778638786628e-14,5.7806476426589065e-33,0.9999999999986358,1.327905204007937e-12
Sports,1368,2,3.903023183204715e-07,3.8937326989583494e-30,0.9999995748646933,3.483297081580705e-08
Sports,1369,2,6.259328931072234e-06,7.617132258070433e-25,0.9999932490852008,4.915858718416266e-07
Sports,1370,2,0.004087880041478124,5.998057786733476e-27,0.9958994397857646,1.2680172731259369e-05
Sports,1371,0,0.9999999698218294,1.1451267707921878e-32,3.006514127636253e-08,1.1300716690670431e-10
Sports,1372,2,0.00042218414738318897,2.0490306299990908e-23,0.999554638642084,2.3177210516493308e-05
Sports,1373,2,2.2381230615410178e-07,2.7885501016120473e-19,0.9999924464881286,7.32969953786044e-06
Sports,1374,0,0.9306172570808038,9.285301242704199e-24,0.06765863262313886,0.0017241102960306358
Sports,1375,3,2.726009973743813e-06,9.142336091259396e-16,0.02267371652182043,0.9773235574681811
Sports,1376,2,3.420828545150741e-18,3.6378436364415748e-28,0.9999999999958504,4.143893244553474e-12
Sports,1377,0,0.9999999985425916,1.4217668987120082e-36,6.626691394065384e-10,7.947651637749685e-10
Sports,1378,0,0.9999999991547384,2.14703560798906e-28,3.3136503594409968e-18,8.452623537672864e-10
Sports,1379,2,1.7063814558072872e-07,2.4288291994878067e-29,0.9999995568434614,2.725183738990547e-07
Sports,1380,2,0.0007174167926568426,7.147630459783685e-35,0.9992825791959237,4.01142515506126e-09
Sports,1381,2,2.4243322357737193e-16,6.288606670297681e-33,0.9999999999369038,6.310905414256273e-11
Sports,1382,2,8.470494946804521e-08,4.46924400429616e-30,0.9999999055990587,9.695996129773168e-09
Sports,1383,2,2.499725483720782e-14,2.2102131830280918e-31,0.9999999999947136,5.251266897612283e-12
Sports,1384,0,0.9989533344285447,1.1385550189054174e-21,0.0010318656431805282,1.4799928264346303e-05
Sports,1385,2,1.3634214361380772e-06,1.0646713472673527e-33,0.9999986362416484,3.3690585448055045e-10
Sports,1386,2,2.603001216707163e-07,1.9808190230343316e-25,0.9999834483881368,1.629131175846067e-05
Sports,1387,2,0.0001921115691968249,7.943158307933371e-23,0.9998066491502517,1.2392805522318517e-06
Sports,1388,0,0.9990248493269969,3.019570764685371e-22,0.0009639898598480274,1.1160813168852105e-05
Sports,1389,2,6.841696363048632e-08,2.2789940873228573e-30,0.9999999034312783,2.815178376899455e-08
Sports,1390,0,0.9999681609211862,3.952405707809945e-24,1.2411446040126147e-06,3.0597934206623625e-05
Sports,1391,0,0.5712081044235847,1.3493312304546716e-24,0.4042564864636124,0.024535409112827044
Sports,1392,0,0.9996896708352047,2.8886172009573723e-20,2.5479417367857044e-13,0.0003103291645268179
Sports,1393,2,1.573741366868976e-07,1.854904015573615e-25,0.9999996743670712,1.6825878738952588e-07
Sports,1394,0,0.9997540597087917,2.124763885033794e-26,0.00024438606469285716,1.5542265293637488e-06
Sports,1395,3,0.1511752375129935,2.0758707813801287e-19,0.03333576617851483,0.8154889963084657
Sports,1396,2,0.0005246228529459231,6.057737367691321e-21,0.998543368275447,0.0009320088715992692
Sports,1397,2,0.0004566425673088385,7.786512555733927e-20,0.99943014200366,0.00011321542900724357
Sports,1398,3,0.024935427445238446,4.9786557098566987e-20,0.016671824489149844,0.9583927480655892
Sports,1399,2,0.004760304475810744,4.1337881973915746e-23,0.9952233828483178,1.6312675899928873e-05
Sports,1400,2,5.167169038217189e-05,3.0159174158910957e-17,0.9762346448061962,0.023713683503400407
Sports,1401,0,0.848028424198271,5.208232747573396e-22,0.09391659877170211,0.05805497703001001
Sports,1402,2,1.356515278619329e-07,4.965525845773539e-26,0.9998710500823748,0.00012881426609159002
Sports,1403,2,6.982328060203843e-10,1.4621603699118016e-21,0.9951576219688494,0.004842377332931499
Sports,1404,2,2.6876167104233e-07,2.5456580866584974e-34,0.9999996751074564,5.6130888933250206e-08
Sports,1405,2,2.5633777347199297e-09,7.322336071733421e-23,0.9999998114623914,1.8597422940070808e-07
Sports,1406,2,0.0009030671204928297,1.199546622777323e-30,0.9990969251781995,7.701295628635088e-09
Sports,1407,0,0.999156312597225,4.068494094924837e-18,1.3701711596990775e-11,0.0008436873891002837
Sports,1408,2,5.365330961551125e-10,2.5113671600427316e-32,0.9999999994440714,1.9396166775374455e-11
Sports,1409,2,7.408072881183712e-10,2.079073676833938e-26,0.999999898366985,1.0089222793334734e-07
Sports,1410,2,0.06642573772344959,1.1965685863384164e-18,0.9196320796733438,0.01394218260321305
Sports,1411,2,3.503485872272537e-15,6.645517863301613e-26,0.9999999701484517,2.985155341353799e-08
Sports,1412,2,0.0017901593309584646,4.8351636104373105e-31,0.9982098010795449,3.958951726018183e-08
Sports,1413,3,1.2337559432516458e-07,3.884556926023737e-14,0.0011275670730686589,0.9988723095512863
Sports,1414,2,2.183544215081577e-12,1.2160270528591792e-21,0.9999984285957294,1.5714020960363617e-06
Sports,1415,2,0.15187408317978782,3.923434483482679e-32,0.8481258301150124,8.670520327758578e-08
Sports,1416,2,3.612861184591783e-09,1.9574981746766942e-26,0.9999999808496229,1.5537502200122532e-08
Sports,1417,2,1.7209091584101116e-05,1.6797724974571222e-27,0.9999826428465916,1.4806180447807153e-07
Sports,1418,3,2.052528316857459e-06,6.271259324914039e-11,0.39197296450780034,0.6080249829011602
Sports,1419,2,2.422454066963377e-09,1.3042170590509436e-17,0.9999399022537697,6.0095323791433694e-05
Sports,1420,0,0.9997480365757823,1.2615249436697843e-36,0.0002519624438847055,9.803130040988998e-10
Sports,1421,2,0.09241276578824933,8.043882569775617e-35,0.9075871254731892,1.087385666304681e-07
Sports,1422,0,0.9987758190557641,2.6066219271910223e-23,0.0011030031867714357,0.00012117775748852061
Sports,1423,2,6.474565492781443e-13,8.558248851266056e-27,0.9999999975312335,2.4681015164530983e-09
Sports,1424,2,2.8954968970594894e-06,1.6875629149029205e-27,0.9999970351949695,6.930815221834148e-08
Sports,1425,2,8.912376586704813e-13,2.6756180485088617e-25,0.9999999958254193,4.173665455272716e-09
Sports,1426,2,7.703342999252755e-10,1.4886708621081978e-25,0.9999995474773187,4.5175234896798205e-07
Sports,1427,2,1.3245635739133132e-07,1.3224677601522508e-13,0.9719140784891439,0.0280857890543759
Sports,1428,2,1.755253002056161e-05,6.0450470578807194e-24,0.9999778399492552,4.607520698415042e-06
Sports,1429,0,0.9998936516929879,1.0475768363772478e-32,0.000106323362522277,2.494450650762136e-08
Sports,1430,2,0.006099107878707545,4.3368631754136356e-32,0.9939005888457585,3.0327551822741495e-07
Sports,1431,2,7.721403703918446e-05,7.55351524398307e-17,0.9996227658567234,0.0003000201062161515
Sports,1432,2,5.245441943360979e-10,2.0668502457080045e-24,0.9999995728340199,4.2664140856312094e-07
Sports,1433,2,1.7437267533959905e-06,2.036807491973832e-25,0.9999684179841561,2.983828911194592e-05
Sports,1434,2,0.0018863212693647248,1.227194584865283e-24,0.9980765705177902,3.710821282097766e-05
Sports,1435,2,0.0009681985482821654,3.9069202361840023e-25,0.9969622280131829,0.002069573438520325
Sports,1436,2,5.861844887306469e-13,4.959209332739211e-26,0.9999999985992645,1.4001232204099236e-09
Sports,1437,3,5.395810554626386e-06,2.5478995805686804e-18,0.07590921365811062,0.9240853905313539
Sports,1438,2,3.110401495897262e-09,6.140792186993135e-34,0.9999999966410655,2.485459231175626e-10
Sports,1439,2,6.751443934573703e-08,3.9950837607782075e-35,0.9999999324672354,1.8304487584755207e-11
Sports,1440,2,3.4455205801289965e-05,6.424218223919896e-22,0.9999454231752485,2.012161896317812e-05
Sports,1441,2,4.963164762374671e-06,2.6511404911398396e-27,0.9999949814546504,5.538059340815403e-08
Sports,1442,2,5.267002807601944e-11,9.20780897060938e-30,0.9999999879572102,1.1990121184540073e-08
Sports,1443,2,2.191925468662086e-06,1.2539670492471834e-26,0.9999724941796435,2.5313894882922382e-05
Sports,1444,2,1.7747930199999051e-09,9.598784318849903e-32,0.9999999965378947,1.6873105299664087e-09
Sports,1445,2,2.107505028688654e-12,3.1816681613071594e-34,0.999999999940826,5.70695440701351e-11
Sports,1446,0,0.9997113280861918,2.299347482291783e-25,3.150793064137957e-08,0.0002886404058646277
Sports,1447,2,6.3064664530156874e-15,1.848191110787398e-31,0.9999999999987494,1.2252923950031496e-12
Sports,1448,2,3.386149294323885e-18,8.58296639248397e-32,0.9999999999993179,6.758619392232375e-13
Sports,1449,2,1.6477723032030951e-06,1.2662844504213008e-29,0.9999983423268287,9.900883685098442e-09
Sports,1450,2,7.879773556438454e-12,1.2179684044414804e-33,0.9999999999917577,3.675933154503795e-13
Sports,1451,3,6.354873344964848e-07,0.00012296505995873467,8.033836700879776e-05,0.99979606108569
Sports,1452,2,1.0050790315970108e-12,2.1889656360574396e-30,0.9999999999487841,5.022493827461346e-11
Sports,1453,0,0.9892905899034287,7.1460923089923665e-34,0.01070880730740441,6.027891518893709e-07
Sports,1454,2,3.101994634235027e-06,5.530013387328902e-19,0.9756930733231945,0.02430382468216692
Sports,1455,2,3.877118797494071e-05,1.6887094090510776e-27,0.9999426472159861,1.858159604808695e-05
Sports,1456,2,2.133015259950823e-11,7.1465229088045795e-34,0.9999999999681108,1.0551157081193371e-11
Sports,1457,2,4.7537543830281955e-07,2.928339363927582e-33,0.9999995017281653,2.2896382429034034e-08
Sports,1458,2,0.0046321497893070124,5.776201549630508e-28,0.9953458999692585,2.1950241422784086e-05
Sports,1459,2,0.0028812546063959055,6.526006444427259e-23,0.9965390192348241,0.0005797261587797168
Sports,1460,2,0.04621983171281759,1.443424207406685e-28,0.9537726163249377,7.5519622488860745e-06
Sports,1461,2,6.327241855486758e-05,8.502663847424951e-21,0.9998843320070562,5.2395574415212385e-05
Sports,1462,2,2.6058120769989903e-09,1.4353470405476726e-30,0.9999999926878331,4.706373214901421e-09
Sports,1463,2,4.062016731549338e-18,1.6469148857699702e-34,0.9999999999998295,1.7901650637048002e-13
Sports,1464,2,0.00016579476145341693,5.546445201584256e-18,0.9984365800122431,0.0013976252262941614
Sports,1465,2,1.226335167737124e-09,7.319217951829744e-24,0.9999994761484694,5.226251833080548e-07
Sports,1466,0,0.9998514770062986,3.3997095561147353e-22,9.992698309554198e-05,4.859601059867938e-05
Sports,1467,2,1.4079868530335366e-10,3.1265867021217496e-26,0.9999999863073868,1.3551814053194696e-08
Sports,1468,2,1.2731411183123235e-12,8.955150109522937e-26,0.9999999682172535,3.1781491303728134e-08
Sports,1469,2,2.1869315601447941e-07,6.59032451594177e-28,0.999999763719614,1.758723523716979e-08
Sports,1470,2,0.19645064802401974,2.957302165847022e-23,0.8030228060969593,0.0005265458790442577
Sports,1471,0,0.9716402092239247,1.8337785029285946e-28,0.028356918436477457,2.8723395725580206e-06
Sports,1472,0,0.9999166600194439,4.7726293542296914e-29,8.327514402067648e-05,6.483651501301616e-08
Sports,1473,0,0.9990343945394166,7.650229240504903e-21,2.7498587920244474e-05,0.0009381068726470362
Sports,1474,2,4.207802555397943e-05,5.588100264897306e-26,0.999955344203054,2.5777714156901776e-06
Sports,1475,0,0.9999994631183731,4.688325128152006e-32,8.778351313884222e-08,4.490980901555379e-07
Sports,1476,2,0.10692541278479564,1.9368656520949113e-16,0.8894277406855388,0.00364684652963981
Sports,1477,2,4.412063424664372e-09,7.145189202376331e-34,0.9999999922393386,3.3485947370055006e-09
Sports,1478,2,8.847411750990675e-05,3.918423747093618e-23,0.993709828227452,0.0062016976550280534
Sports,1479,0,0.9990372315164234,7.216484839612819e-24,0.0008712682436028776,9.150023996287624e-05
Sports,1480,2,4.016350780529573e-09,1.281148109216284e-27,0.9999999160181154,7.996550807095635e-08
Sports,1481,2,5.4102407783741684e-08,1.4901410975121607e-34,0.999999944915716,9.81898315542744e-10
Sports,1482,2,5.802165525015854e-11,7.966344215149341e-25,0.999999768256002,2.3168594886534455e-07
Sports,1483,0,0.9133365319431848,5.8167338682453685e-27,0.08666317344650049,2.946103179968681e-07
Sports,1484,2,7.027292137955592e-14,3.9563802114029265e-35,0.9999999999998295,1.2450944994948276e-13
Sports,1485,0,0.9999998265290779,2.0905354723397098e-29,8.044779646605122e-08,9.302311063509305e-08
Sports,1486,2,1.5032648452709125e-10,3.964448728209766e-33,0.9999999998196927,2.996083239227789e-11
Sports,1487,2,0.17314532782680891,1.9146747047771215e-24,0.8268451725377188,9.499635497950943e-06
Sports,1488,2,3.3219295018174107e-09,5.867218176371434e-23,0.9999981022051929,1.894472868842741e-06
Sports,1489,2,0.00014303071189272336,9.731165635686815e-16,0.7186392889720162,0.2812176803161098
Sports,1490,2,6.214907674097925e-09,3.047932381307762e-32,0.9999999905422214,3.2428770744693667e-09
Sports,1491,2,4.4668074952602164e-07,6.444785085885322e-23,0.9999967621036614,2.7912156134636123e-06
Sports,1492,2,9.957423189092712e-05,2.116687159706889e-31,0.999900363534741,6.22333496544871e-08
Sports,1493,0,0.5519424568190416,2.843477359927107e-14,0.4324597730977777,0.015597770083166373
Sports,1494,0,0.9999937787152049,7.461277793881795e-29,6.160511428866509e-06,6.077338165904001e-08
Sports,1495,2,5.802437676028833e-05,5.0984209527026756e-24,0.9999405071754435,1.4684477940338283e-06
Sports,1496,2,1.6621583830138135e-06,4.1876222875704626e-36,0.9999983377216668,1.1994042930533132e-10
Sports,1497,3,0.0008586243130319146,9.682727873214186e-18,0.0020730270401610614,0.9970683486468209
Sports,1498,2,2.157958551799597e-09,1.4595348966969966e-28,0.9999999946451226,3.1969345227554618e-09
Sports,1499,0,0.9999971049906958,3.333732657886165e-27,7.23513204676078e-12,2.8950020603843997e-06
Sports,1500,0,0.9999999890808909,1.0971018939442596e-26,2.648141247511029e-14,1.0919076639178025e-08
Sports,1501,0,0.9999999999985789,2.184747882944332e-35,4.735380013077579e-17,1.4173211628505858e-12
Sports,1502,2,2.2691370787494533e-11,1.2741225233520102e-22,0.9999837614975295,1.6238479770624063e-05
Sports,1503,2,2.566488139083668e-13,5.679399063640273e-30,0.9999999982362056,1.7635199232556553e-09
Sports,1504,0,0.9976072959953044,2.106890506040351e-17,3.601464696168981e-08,0.0023926679900718607
Sports,1505,2,1.727667402827719e-08,1.253248163779463e-17,0.9998543573245221,0.0001456253988109551
Sports,1506,3,0.029357852509174203,9.716257295246596e-19,0.002956333890770878,0.9676858136000616
Sports,1507,2,3.12820878777215e-07,1.6638709785018662e-33,0.9999996871215934,5.7536146826558257e-11
Sports,1508,2,5.376549219842782e-09,9.624149939024654e-29,0.9999999908590667,3.7644059419982206e-09
Sports,1509,0,0.9999998520660366,1.2052597437698823e-25,2.0654541246752307e-10,1.4772742325579975e-07
Sports,1510,2,6.545694050535314e-13,1.330393988512951e-29,0.9999999999369606,6.238128220013566e-11
Sports,1511,2,0.0006110777720906793,7.144431880664269e-26,0.9993872347321283,1.6874957672213375e-06
Sports,1512,2,8.484676872874285e-10,2.916055983782837e-35,0.9999999989481694,2.0338190882707777e-10
Sports,1513,2,4.132667275506137e-05,1.6435788260523413e-21,0.9637490498045101,0.03620962352275255
Sports,1514,2,0.05420706739519588,6.403169964428352e-30,0.945777666760125,1.5265844679145073e-05
Sports,1515,2,0.15573900401903262,1.1887884563940464e-24,0.8442538945340855,7.101446887727116e-06
Sports,1516,2,2.6537181123855087e-13,9.066390295580173e-30,0.9999999998445901,1.5512521247278709e-10
Sports,1517,3,0.0049686337653615095,7.571040054287625e-15,0.0018529985900051552,0.9931783676446144
Sports,1518,0,0.9999970714593155,1.051951501821013e-28,2.0773349078506533e-06,8.512057607119435e-07
Sports,1519,2,4.2962598286175437e-13,4.215409148162279e-32,0.9999999999834017,1.6146267003939303e-11
Sports,1520,2,2.7519612866303177e-10,1.9737823409754476e-32,0.9999999984793817,1.2454187498925348e-09
Sports,1521,2,1.6660786996173615e-12,2.3148591114436903e-13,0.9999473492958644,5.2650702242401035e-05
Sports,1522,2,1.7734189228184201e-07,2.224049019050655e-26,0.9999954288086202,4.393849507383768e-06
Sports,1523,2,6.24974111856594e-14,1.5397262658044923e-29,0.9999999968367206,3.163242542265305e-09
Sports,1524,2,3.176709822648327e-07,1.6962924989355472e-27,0.999999329675572,3.5265347145990195e-07
Sports,1525,2,0.00012142014652565915,5.265683836853309e-19,0.9989076844368141,0.0009708954166534166
Sports,1526,2,0.0017617389756844483,1.8653878429237366e-24,0.9982159360580775,2.232496625153872e-05
Sports,1527,2,7.19998862613515e-17,8.536228399670603e-27,0.9999999999511715,4.880428022681592e-11
Sports,1528,2,5.29069114075557e-06,2.7895187240421975e-21,0.9998259005015551,0.00016880880732171943
Sports,1529,2,1.5382766143042716e-08,2.6541438641570063e-27,0.9999999317336142,5.288364205100908e-08
Sports,1530,2,0.0038056008839889802,8.651763497618178e-18,0.967989581443555,0.028204817672476668
Sports,1531,0,0.999997441727292,4.1713435487047e-24,5.583807498242862e-07,1.99989197029498e-06
Sports,1532,2,1.1286905169097866e-09,4.800507125897858e-27,0.9999999956169745,3.254340874843725e-09
Sports,1533,2,1.377255390110519e-05,1.0496107952843152e-33,0.9999861571601264,7.028597384210014e-08
Sports,1534,2,0.18240742720274955,2.87022660258108e-29,0.8175915959499055,9.768473393077802e-07
Sports,1535,2,9.106931147180085e-13,9.567423411564506e-25,0.999999996166423,3.832685347986496e-09
Sports,1536,2,0.012175296356619127,1.0534904205015654e-26,0.9878071017296935,1.760191370088608e-05
Sports,1537,0,0.9998394577560313,7.545379201192892e-18,1.4964451155449722e-07,0.00016039259943037755
Sports,1538,2,2.2771487451829246e-18,7.173050602610121e-33,0.9999999999994884,5.067305788714219e-13
Sports,1539,2,1.0825337795361565e-05,1.8159321420613693e-24,0.9999792682224706,9.906439742466009e-06
Sports,1540,0,1.0,7.573267263428745e-37,6.6131825931594935e-22,2.3196962100033138e-14
Sports,1541,0,0.9999988328355006,4.832026003586935e-33,1.1521428456683433e-06,1.5021655794308276e-08
Sports,1542,0,0.9999602625903743,7.72051097026432e-34,3.9730358267845635e-05,7.051336513598937e-09
Sports,1543,0,0.9997072360240435,3.312912289880642e-33,0.00029275706256557706,6.913412711119732e-09
Sports,1544,2,0.12913309255645894,4.7999399733096405e-20,0.8305735055260602,0.04029340191750023
Sports,1545,0,0.9999976686806239,1.0265365545813828e-37,2.3220996374200305e-06,9.219743150044023e-09
Sports,1546,2,8.217075331320553e-10,8.248283225659317e-27,0.9999998496845819,1.4949372550713523e-07
Sports,1547,0,0.9963925124982638,2.2884719767576867e-24,0.0035520102015929303,5.5477300123038344e-05
Sports,1548,2,7.939067867159425e-11,1.0090460394232156e-25,0.9999999966607902,3.2598264811647616e-09
Sports,1549,2,2.546292594935513e-07,2.8615364932869475e-32,0.9999997117862864,3.3584444642531084e-08
Sports,1550,0,0.7803003451675178,1.883270858305758e-35,0.21969878262865902,8.722038204733873e-07
Sports,1551,2,0.0002477537980280358,8.642964646279903e-22,0.9995396539458181,0.00021259225617163642
Sports,1552,2,7.877274163757842e-06,2.5694965995603165e-42,0.9999921220513048,6.745476734174429e-10
Sports,1553,3,7.902863430201308e-05,2.644227312926189e-17,3.0829643915988566e-06,0.9999178884013005
Sports,1554,0,0.9955277355440988,1.3714234995345035e-23,0.004298209462514977,0.00017405499339089944
Sports,1555,0,0.9999449105225613,2.283687457695115e-24,4.688667056061309e-06,5.04008103828735e-05
Sports,1556,2,0.0005051882049052763,1.2326873879266984e-23,0.9994118994556977,8.291233941934764e-05
Sports,1557,0,0.9999996874979535,1.1244429239315033e-31,1.4589481435349886e-07,1.6660725133653616e-07
Sports,1558,2,5.1015100869001586e-14,1.2248670064153414e-23,0.9999999991700861,8.298688415624847e-10
Sports,1559,2,0.00027778185483604597,9.608368165892872e-17,0.9686259909876287,0.031096227157537296
Sports,1560,2,7.77598820705906e-07,3.0793054709874964e-28,0.9999989861127598,2.3628841000735083e-07
Sports,1561,2,1.0609995650915824e-05,1.925511367444119e-30,0.9999891435186181,2.4648571462706225e-07
Sports,1562,0,0.9999999999985221,5.832904662253977e-35,1.4693032818129315e-18,1.4966734956588351e-12
Sports,1563,0,0.9999999980166194,2.7975510515442736e-33,2.1042734894732764e-12,1.9812491807514965e-09
Sports,1564,0,0.7857453055503463,6.5159007571802346e-21,2.9160666859422912e-05,0.2142255337828215
Sports,1565,0,0.9999950274600732,1.093953468744314e-24,1.356810766018362e-06,3.6157291422757444e-06
Sports,1566,3,6.209915597607314e-10,3.3332096494603524e-07,0.0005442995512427931,0.9994553665067928
Sports,1567,0,0.9994149985206876,1.3676337398829692e-30,0.0005847837583795204,2.1772095929096334e-07
Sports,1568,0,0.7766199565874073,3.8143972087946845e-26,0.22337002592490485,1.0017487709111162e-05
Sports,1569,2,6.585136490392983e-16,5.843848877100487e-16,0.9999929752244763,7.024775527751904e-06
Sports,1570,2,0.006012045730222054,4.94949976822533e-19,0.9937513841064672,0.00023657016328779682
Sports,1571,2,2.432287684157463e-06,8.17731048584844e-30,0.999997432434838,1.3527748348142574e-07
Sports,1572,2,8.401486040978057e-08,6.915027544257512e-32,0.9999999146062956,1.3788699536447604e-09
Sports,1573,2,2.3161439723971226e-09,5.183045387895836e-37,0.9999999976702725,1.3589872945817792e-11
Sports,1574,2,0.16146471723479708,2.5796899291741203e-21,0.8294938394799986,0.00904144328518394
Sports,1575,2,4.53770757310473e-08,2.6597092404829897e-24,0.9999997876642167,1.669587151841642e-07
Sports,1576,2,0.006376875806084039,6.91529877018081e-22,0.9934384387853206,0.0001846854085953522
Sports,1577,2,1.5406813475042038e-15,5.670578674012837e-24,0.9999984814821962,1.5185178189678959e-06
Sports,1578,2,1.8226246032831827e-06,1.0276893786263783e-20,0.9999959804023957,2.196973019470364e-06
Sports,1579,0,0.9999999718083932,1.7349478075000912e-28,2.3279648521743868e-08,4.911938160954474e-09
Sports,1580,2,5.221061518686281e-12,6.875419988807962e-27,0.9999999993343636,6.604215827547122e-10
Sports,1581,2,1.331551514498972e-10,1.1505990615701669e-29,0.9999871386567071,1.2861210155906276e-05
Sports,1582,0,0.7559979719525387,9.558429616651834e-24,0.23673717562052876,0.007264852426919957
Sports,1583,2,1.0556041680357946e-09,2.2481637419391398e-26,0.999999995941323,3.003086903294257e-09
Sports,1584,0,0.9107196063539529,2.617862715777199e-29,0.08927850826482266,1.8853812143479332e-06
Sports,1585,2,6.136916464245947e-14,9.198300134294975e-18,0.9999996171806225,3.8281930855120554e-07
Sports,1586,2,2.2449870399464688e-14,3.4799231435965694e-31,0.9999999986617354,1.338236629556167e-09
Sports,1587,2,1.2052903318311196e-10,4.2321895803180187e-32,0.9999999996356337,2.438144933813457e-10
Sports,1588,2,0.4165791776929243,1.4595063003280652e-20,0.556350691312472,0.02707013099459171
Sports,1589,2,3.314637720902599e-09,6.246678978451574e-29,0.9999999115295889,8.515579309170244e-08
Sports,1590,2,0.00019043819622887518,3.47364903765771e-23,0.9997952125004426,1.4349303341956574e-05
Sports,1591,2,2.620316500678209e-05,5.65565094959699e-16,0.9942356430684623,0.005738153766511526
Sports,1592,2,4.468803382705425e-15,5.06560808009272e-33,0.9999999999975557,2.4315068281991422e-12
Sports,1593,2,0.022250797464144136,9.397630626691886e-31,0.9777487886400938,4.138957640072247e-07
Sports,1594,2,3.4566994199996966e-07,1.507130347155179e-27,0.9999995700787068,8.425132431640064e-08
Sports,1595,2,7.939067867159425e-11,1.0090460394232156e-25,0.9999999966607902,3.2598264811647616e-09
Sports,1596,2,3.75674616453873e-06,2.8811583397564593e-25,0.999996199574812,4.367904849808223e-08
Sports,1597,2,1.1283108740420426e-12,1.525060787296555e-32,0.999999999970214,2.8649960632604438e-11
Sports,1598,2,0.0003228839054197036,2.0311297814208568e-16,0.9987509248962707,0.0009261911983356598
Sports,1599,2,4.8076570006718846e-05,8.964880821908374e-27,0.9999517848453334,1.3858463380314014e-07
Sports,1600,2,0.018705673051008474,6.51772917287972e-22,0.9795435721757809,0.001750754773193664
Sports,1601,2,1.8761714432324958e-05,1.3476693013445281e-35,0.9999812325684256,5.7171616138592724e-09
Sports,1602,2,5.198870679871964e-05,2.787669387844999e-22,0.9999267064046927,2.130488849099607e-05
Sports,1603,3,0.0007446599249574191,1.986775179296139e-07,1.0255760649633374e-11,0.999255141387288
Sports,1604,2,0.01340902173179891,7.341101208255258e-26,0.9865893736258743,1.6046423437070273e-06
Sports,1605,0,0.880434731881068,1.4011628831192794e-11,1.69890604045524e-05,0.11954827904449848
Sports,1606,2,1.5907255822611588e-05,5.758249601210657e-29,0.9999840657402704,2.700392197972676e-08
Sports,1607,2,8.373618646481342e-05,3.189126773593439e-17,0.9903705958332827,0.009545667980233371
Sports,1608,3,5.927798399122333e-06,3.517413428044436e-11,1.7066376711023136e-05,0.9999770057897229
Sports,1609,2,1.7464442119027712e-05,2.876611999781678e-30,0.9999819603453113,5.752125492113826e-07
Sports,1610,2,9.542019052745707e-07,1.7599609407532857e-29,0.9999987089939657,3.3680415374883057e-07
Sports,1611,0,0.9999986176355724,1.6304040070612314e-29,1.3790996672840703e-06,3.2647602483963626e-09
Sports,1612,2,8.842173484305254e-14,1.3695942389936344e-31,0.9999999999955094,4.407216585836742e-12
Sports,1613,2,2.3025932309701277e-08,2.412089970057877e-19,0.9999171464349383,8.283053914432556e-05
Sports,1614,2,5.101330474951258e-07,6.669501598523031e-32,0.9999994727419019,1.7125037910515686e-08
Sports,1615,2,8.660065813010003e-10,1.5264713469540858e-20,0.9996762262703942,0.0003237728636029912
Sports,1616,2,1.2507454997065465e-10,1.643135987971589e-27,0.9999999761746498,2.3700295709757876e-08
Sports,1617,2,2.786984140671885e-14,1.779227657652398e-25,0.9999999841667205,1.5833259665737592e-08
Sports,1618,3,0.1605407698325252,1.507012981466021e-11,1.9740111717798085e-07,0.8394590327512986
Sports,1619,2,2.5505584077641576e-05,2.1529985660951626e-12,0.9311177621606185,0.06885673225314663
Sports,1620,2,1.5600122481738426e-06,3.2911607296248066e-37,0.9999984387053156,1.2824439213316339e-09
Sports,1621,2,2.015291738534466e-16,5.4311681332754084e-33,0.9999999999213287,7.864642425289294e-11
Sports,1622,2,9.013076235002828e-12,2.6200481042686818e-15,0.9963737516255895,0.0036262483653868947
Sports,1623,2,7.797638458744263e-18,2.6856603986289755e-34,1.0,1.3514443824069688e-14
Sports,1624,0,0.9999991415801607,1.111965788511321e-27,7.174121957257854e-07,1.4100765791847768e-07
Sports,1625,0,0.9999999998392468,2.1295922044329466e-28,3.813103445666236e-11,1.2265009150401006e-10
Sports,1626,2,1.3651794990782744e-11,9.366275712101466e-30,0.9999999783144633,2.167188544063987e-08
Sports,1627,0,0.998384536025875,3.367542829877779e-32,0.0016140308275970317,1.4331465227084974e-06
Sports,1628,3,1.7681477056722707e-05,1.251260115472095e-10,0.002677794308781261,0.997304524089013
Sports,1629,0,0.7963807337023024,2.470712008198492e-25,0.20293586168767033,0.0006834046100062276
Sports,1630,0,0.9999959225365411,7.83124289009485e-27,2.983867811279788e-06,1.0935956441582447e-06
Sports,1631,2,1.7941204346318322e-09,1.415418057652837e-30,0.9999999974908746,7.14994597495747e-10
Sports,1632,2,1.0833585240963426e-06,1.4563467980244853e-27,0.9998963424926323,0.0001025741488364697
Sports,1633,2,0.00020430293629435795,1.7435030363170926e-32,0.9997956951650072,1.898689103041782e-09
Sports,1634,0,0.9999808355482649,1.0739780040471093e-26,1.0926031327423384e-05,8.238420431571088e-06
Sports,1635,0,0.9999999847213986,6.217120633533365e-37,1.5205171839314294e-08,7.340715015044445e-11
Sports,1636,0,0.9952631275289967,6.994000521936621e-20,5.699872280677261e-05,0.004679873748211054
Sports,1637,2,3.2342518292152003e-16,9.52230849995451e-35,0.9999999999996589,3.2109035532069984e-13
Sports,1638,2,8.166623296926335e-08,6.92459586582735e-24,0.9999532717835165,4.6646550254911955e-05
Sports,1639,3,0.0001449076480001518,2.284325641411241e-05,4.104978920103438e-13,0.9998322490951616
Sports,1640,2,1.8907573244612476e-07,5.938784431560519e-24,0.9999981229925078,1.6879317745805551e-06
Sports,1641,2,0.00021018735588939833,7.488808861403854e-22,0.9997443895098765,4.5423134241562414e-05
Sports,1642,2,1.0621385764964605e-10,6.85166864124113e-30,0.999999989095045,1.0798764119737782e-08
Sports,1643,2,1.7294794896451358e-06,1.2629370414796562e-26,0.9999979603694323,3.101510973467794e-07
Sports,1644,2,4.834140243276794e-13,5.225550030475774e-31,0.9999999999450324,5.448569205361004e-11
Sports,1645,2,1.0261198731155018e-15,1.830282198856239e-29,0.999999999986926,1.3064737492352042e-11
Sports,1646,2,2.43286064790845e-10,1.599695102168875e-22,0.9999997537088651,2.460478257546054e-07
Sports,1647,2,1.992903172470121e-05,1.1866495209009787e-35,0.9999800704068068,5.614627178679235e-10
Sports,1648,0,0.9999999964697963,1.088801924885844e-35,2.56660409686333e-10,3.2735336656220155e-09
Sports,1649,0,0.9999983983435393,5.7451087385261234e-24,8.081382467476232e-10,1.6008483039030131e-06
Sports,1650,2,4.530141729333786e-08,3.1777648659328664e-28,0.999998891836856,1.0628617058431725e-06
Sports,1651,0,0.9999999999794227,1.1045352656974302e-35,1.7565314752803887e-14,2.0559319693160085e-11
Sports,1652,0,0.998966978138003,6.3933012122196495e-28,0.001032166662091563,8.551999044954313e-07
Sports,1653,2,7.007362185606238e-12,2.2089696947086053e-30,0.9999999999338911,5.908782775529791e-11
Sports,1654,2,3.490971725754462e-14,3.4205422382941787e-32,0.9999999999961346,3.831363027667366e-12
Sports,1655,0,0.7861330160211999,2.604717508308178e-24,0.2138307549505607,3.622902825289074e-05
Sports,1656,2,1.0932040650012332e-12,1.7734368933988856e-25,0.9999999958494072,4.1494994353837236e-09
Sports,1657,2,2.363780545016702e-13,4.566087199255866e-34,0.9999999999902229,9.562384756679226e-12
Sports,1658,0,0.6435098024964123,1.7995339436575276e-19,0.35529616802429453,0.0011940294793142655
Sports,1659,2,1.245378605489505e-05,1.12818532808402e-30,0.9999875307507663,1.5463206647183455e-08
Sports,1660,0,0.8722322788539614,6.706806400695921e-18,0.12455945692287564,0.0032082642231563625
Sports,1661,2,4.100945081149245e-15,2.7711164512033566e-34,0.9999999999996589,3.6444817759919e-13
Sports,1662,2,6.993304176631782e-12,5.527461427758128e-29,0.9999997523315494,2.476614625496848e-07
Sports,1663,0,0.9999996881535285,4.508910434849336e-31,3.0475842432301473e-07,7.088071074383641e-09
Sports,1664,2,2.150936244824879e-12,7.07187856435928e-23,0.9999991238055231,8.761923463602641e-07
Sports,1665,0,0.9990601948688692,5.41645345271092e-28,0.0009366290975872913,3.176033528107668e-06
Sports,1666,0,0.9012722038146626,3.702102765403862e-30,0.09841905192806798,0.0003087442572914765
Sports,1667,2,2.619065345539765e-09,9.663289862676835e-26,0.999999921684608,7.569630190351611e-08
Sports,1668,2,2.126146741156809e-06,1.2099667305569634e-14,0.7816890513296437,0.21830882252362024
Sports,1669,2,2.3914595451547625e-08,1.2084848881081715e-29,0.9999999672846803,8.8007267506195e-09
Sports,1670,0,0.9999999999903366,1.209913658788117e-42,9.65158995810634e-12,8.310102021772858e-15
Sports,1671,2,4.976748083225478e-18,1.344010489777666e-23,0.9999999999684519,3.15483138271055e-11
Sports,1672,0,0.9999999091913919,1.4213033812712086e-32,4.635303685398955e-08,4.445555703740294e-08
Sports,1673,2,0.040752337891888965,1.2075189178104412e-21,0.9582518349960345,0.000995827112075433
Sports,1674,0,0.9999999999919851,1.6169950393017607e-39,3.3890037145557234e-13,7.658435003613355e-12
Sports,1675,2,5.84505157112451e-09,7.126053376170659e-28,0.9999991885281243,8.056268301097017e-07
Sports,1676,2,1.4266966747086425e-10,1.747972664242847e-32,0.9999999998451017,1.2256059327430385e-11
Sports,1677,0,0.999997912962403,1.1431902133734443e-24,1.8691031493113305e-06,2.179344504052947e-07
Sports,1678,2,3.3422544566682917e-08,3.787788304063237e-22,0.9999984309569444,1.535620484502826e-06
Sports,1679,0,0.9918309152658293,8.606458302589761e-22,0.0030359072512274564,0.005133177482932771
Sports,1680,2,1.9216014581766682e-08,2.640748115327114e-34,0.999999904310248,7.647371196295601e-08
Sports,1681,0,0.9996135341608284,2.0642656471068065e-26,0.0003510223476675257,3.544349147824226e-05
Sports,1682,2,0.017823678385000936,4.442710849321237e-30,0.982175270174248,1.051440753847086e-06
Sports,1683,2,0.000664980994462849,5.740916159510034e-35,0.9993350154536353,3.5518768333666773e-09
Sports,1684,2,1.672747201778348e-16,1.728366182199359e-32,0.999999999986926,1.3099533928156843e-11
Sports,1685,2,0.007425746186398395,3.666502930024033e-28,0.9925712410315549,3.0127820348706758e-06
Sports,1686,2,2.4173388167636557e-08,2.3003526286665672e-18,0.9816946026674899,0.01830537315912701
Sports,1687,0,0.9999990033493155,3.479345781983594e-32,9.946738625962477e-07,1.9768500505578418e-09
Sports,1688,2,0.0033124595579807846,9.412474620491561e-21,0.9958835645803084,0.0008039758617188048
Sports,1689,2,1.8853296789045316e-09,6.62106571216374e-33,0.9999999972561113,8.585853737338979e-10
Sports,1690,2,1.8301043136586435e-08,1.0878675065212765e-16,0.9919286784332129,0.008071303265769332
Sports,1691,2,0.00016019070089744186,3.7263344818348295e-36,0.9998398079595723,1.3395352469248742e-09
Sports,1692,2,3.801130636832228e-06,3.0248734695119623e-25,0.9999924894350544,3.7094343000980397e-06
Sports,1693,2,9.835803367742736e-12,3.0318261174017473e-33,0.9999999999689635,2.1172776617007305e-11
Sports,1694,2,0.1297233409773906,1.738113101269915e-17,0.8661333383906655,0.0041433206319449615
Sports,1695,2,1.4498716833941813e-10,6.457920316999973e-33,0.9999999998066187,4.836877037190464e-11
Sports,1696,2,8.017782027236718e-08,4.495783686969164e-18,0.9999453243360249,5.459548615092694e-05
Sports,1697,0,0.6387675921954097,7.626511168675527e-16,0.11235856330126745,0.248873844503332
Sports,1698,2,2.6484887148213425e-06,6.7741423771099825e-18,0.942354809086389,0.05764254242492139
Sports,1699,0,0.9999244428105639,6.031847752778055e-28,7.547928046953934e-05,7.790898023941075e-08
Sports,1700,3,0.0001137336347444757,5.252220279400919e-15,0.39109242306945025,0.6087938432958049
Sports,1701,2,1.340362230481661e-08,7.262145581106149e-26,0.9999999595840458,2.7012342352848026e-08
Sports,1702,2,3.63818258278598e-08,9.707274244891328e-22,0.9999994151980336,5.484201539230649e-07
Sports,1703,2,3.035213122708298e-17,1.3620848297865255e-27,0.9999999999993747,6.248836912003266e-13
Sports,1704,2,0.058045492751356106,8.712236016259844e-28,0.9407347975707212,0.0012197096779494173
Sports,1705,2,9.43240293694872e-14,6.828017163745604e-20,0.9999561661139404,4.383388594475769e-05
Sports,1706,2,9.151937156407599e-07,1.3076100726903197e-20,0.9999949016294432,4.183176862551361e-06
Sports,1707,2,0.0006326256061098199,2.0045422691233424e-26,0.999364734435059,2.6399588570360907e-06
Sports,1708,0,0.9890829632580703,5.407025221741398e-23,0.004418731888050579,0.006498304853866416
Sports,1709,0,0.9999999964265385,3.670604199838003e-29,7.726393131079771e-11,3.49620157941358e-09
Sports,1710,2,6.603675688984216e-09,4.840516121206154e-33,0.9999999909757094,2.4206108588201274e-09
Sports,1711,2,7.818132936698664e-16,2.154822739070095e-20,0.9999999936315476,6.368459024595906e-09
Sports,1712,2,0.00013609385183285257,3.989332782200712e-22,0.9982961932333534,0.0015677129147983297
Sports,1713,0,0.9999846498674637,4.85249632663988e-26,6.856723837426221e-08,1.528156532311792e-05
Sports,1714,2,7.28346536049169e-10,4.507283418934088e-36,0.9999999991636059,1.0806149595092752e-10
Sports,1715,2,4.8793638355017175e-06,1.649803906388226e-27,0.9999934908342246,1.6298019671343977e-06
Sports,1716,2,1.0115783331393766e-09,4.697926555168843e-28,0.9999999944124056,4.576007114394748e-09
Sports,1717,2,3.103906730423596e-16,4.822990529672255e-30,0.9999999999959641,4.037576807375921e-12
Sports,1718,2,0.040752337891888965,1.2075189178104412e-21,0.9582518349960345,0.000995827112075433
Sports,1719,2,7.437204047566691e-10,1.3440459702366614e-28,0.9999999809288627,1.832743073628256e-08
Sports,1720,0,0.999999999890747,8.152893569562209e-39,1.0703409403097995e-10,2.2176920354319402e-12
Sports,1721,0,0.9999955317366367,5.047599404148546e-30,4.287661121987871e-06,1.8060223628374156e-07
Sports,1722,0,0.999680079742298,2.2593917271515475e-25,1.521434417649511e-06,0.0003183988232702486
Sports,1723,0,0.9999957263463928,1.2743182412461834e-32,4.244670693552746e-06,2.8982913841081582e-08
Sports,1724,2,3.3239101077020357e-06,6.797554702530036e-30,0.9999940424626854,2.6336272131606017e-06
Sports,1725,2,1.3297165362951122e-12,2.473602767076802e-19,0.9999998545704435,1.4542823131687292e-07
Sports,1726,0,0.9871273833164887,8.357960552857781e-23,0.007491732147490831,0.0053808845360118545
Sports,1727,0,0.9999999999694751,3.3623906938526594e-37,2.9546701240900376e-12,2.759424533353689e-11
Sports,1728,3,0.012333369096262951,6.8357546492859145e-18,0.0018891064286983817,0.9857775244750662
Sports,1729,2,5.212383106683642e-09,2.678929264975996e-29,0.999999994504094,2.835442212740068e-10
Sports,1730,2,2.1959021064765486e-05,4.806286145947836e-32,0.99997763848128,4.024976609380425e-07
Sports,1731,0,0.9999999999984084,6.891302820631034e-38,1.5784527528979198e-12,1.002621990213563e-15
Sports,1732,2,2.4955570033677346e-06,2.8407442767612046e-20,0.999995733930182,1.7705128080523669e-06
Sports,1733,2,1.4316692622969878e-06,3.0540539340509085e-18,0.9970910755887017,0.0029074927420228054
Sports,1734,2,1.2455108747029912e-07,1.7280015155751695e-30,0.9999998743013031,1.1475946262918059e-09
Sports,1735,2,0.08811388749801115,9.673967867715588e-24,0.7904989416835076,0.12138717081849765
Sports,1736,0,0.9996683358196011,1.726985796224555e-24,0.0003136832841037526,1.798089628722077e-05
Sports,1737,2,2.1705728874480055e-05,3.062317616819674e-23,0.9999731621239044,5.13214721476612e-06
Sports,1738,2,7.003336477987565e-10,1.919627264685188e-21,0.9999903127077495,9.686591940987345e-06
Sports,1739,0,0.9801730152446956,1.3517831883564967e-25,0.01982194738165481,5.0373736572922e-06
Sports,1740,0,0.9999999457779168,6.467600630201983e-29,1.7188718910213913e-09,5.250321110059544e-08
Sports,1741,2,5.994537771915406e-08,3.229610367306552e-20,0.9914451432582856,0.00855479679634586
Sports,1742,0,0.9996442963667569,5.021365837522465e-28,0.00035511810968187927,5.855235433963083e-07
Sports,1743,2,1.380679262253137e-12,2.402931761060109e-19,0.9999997065342972,2.9346431513157023e-07
Sports,1744,2,1.139993060683606e-11,7.72407791213833e-28,0.9999999995003463,4.882553422789982e-10
Sports,1745,2,8.527765894679455e-12,4.5784261516610964e-30,0.9999999996834958,3.0798947459072047e-10
Sports,1746,2,1.1297136325488343e-07,4.551113985474789e-29,0.9999996317423093,2.552863228224383e-07
Sports,1747,0,0.9999999989277626,8.383883076450008e-32,1.019916352581665e-09,5.2347665915097796e-11
Sports,1748,2,3.6557693497647903e-07,9.343102648029199e-26,0.9999994053324094,2.2909067736562073e-07
Sports,1749,2,8.647581262103817e-14,2.7370903868517205e-31,0.9999999999964757,3.415089137240564e-12
Sports,1750,2,0.06152390664612297,4.4595460666552003e-20,0.9376220361487618,0.0008540572050978828
Sports,1751,2,0.002780340810684169,3.260049211552886e-20,0.9638368114374763,0.03338284775182109
Sports,1752,2,4.332765079669167e-12,3.0408912321140152e-33,0.999999999987665,7.999942539720404e-12
Sports,1753,0,0.9999996248553338,8.424126784748176e-27,3.372840568705636e-07,3.7860616779380764e-08
Sports,1754,2,0.020356899686592756,2.6951562061171245e-26,0.9791570724799664,0.00048602783341253206
Sports,1755,0,0.9999999991856043,2.6746007763368274e-35,6.35850788138206e-13,8.137434903343368e-10
Sports,1756,0,0.8668485185326037,2.7365366463608972e-21,0.1305919898082897,0.0025594916590934292
Sports,1757,0,0.9998890240392336,2.047152351614088e-19,9.438411740355705e-06,0.00010153754900888688
Sports,1758,2,6.639791451554489e-07,1.1204204922262876e-27,0.9999992428303155,9.319051867749261e-08
Sports,1759,0,0.9963771848030419,8.721223470061757e-21,0.00023358328453285647,0.0033892319124150944
Sports,1760,0,0.9833956994622891,1.7274307156610424e-22,0.01622918103560536,0.00037511950207974734
Sports,1761,2,7.147676693792004e-12,2.6845851228711044e-29,0.9999999996437623,3.490972142571612e-10
Sports,1762,2,0.0016718043820160824,2.194920414124592e-28,0.9983281498420848,4.5775924831023913e-08
Sports,1763,2,3.7000052950070674e-15,6.982733251435257e-30,0.999999999718284,2.817078435399865e-10
Sports,1764,0,0.999999907039755,6.821641370686791e-34,8.955339205899689e-08,3.4068717108453552e-09
Sports,1765,2,2.5970949516584046e-10,1.6647286009204068e-34,0.9999999996662723,7.399771826738937e-11
Sports,1766,0,0.999635757513766,4.962036360319189e-21,3.1974607345781166e-05,0.00033226787886086583
Sports,1767,2,0.0004340034258968624,4.529981662704874e-32,0.9995659926966144,3.877480018205691e-09
Sports,1768,0,0.9864513415916326,9.928084579184465e-26,0.01350136052517439,4.729788319807565e-05
Sports,1769,0,0.9983520014065044,2.9847955966668716e-26,0.0015155100410775735,0.00013248855239407956
Sports,1770,2,7.251117070254652e-12,2.671069405792047e-28,0.9999999957662453,4.226506602611917e-09
Sports,1771,0,0.9999999323078465,2.115771259417359e-31,6.518614802546233e-08,2.5059785438285775e-09
Sports,1772,0,0.8396308014955791,4.359826410136685e-17,0.15183171342764143,0.008537485076793904
Sports,1773,2,2.6798351474927167e-07,7.63051654846929e-15,0.9977438922857161,0.0022558397307612795
Sports,1774,2,0.06356249212737694,3.1764285739636874e-23,0.9309726940557733,0.0054648138168700245
Sports,1775,0,0.9999900938265219,4.180094996917808e-28,9.899043985205894e-06,7.129482749802317e-09
Sports,1776,2,2.0018376004599073e-15,4.446247446880646e-28,0.9999999993478355,6.521604890119292e-10
Sports,1777,0,0.9999383497195247,1.392223523918382e-24,7.872532778146843e-07,6.086302720235303e-05
Sports,1778,2,9.015952098280009e-07,7.793385379087673e-27,0.9999989153534641,1.8305132781325095e-07
Sports,1779,2,3.462979433988067e-15,8.761006223595589e-33,0.9999999999970441,2.9746442688072004e-12
Sports,1780,2,1.0566043449356024e-07,2.3854738331150716e-22,0.9999798929632815,2.0001376309630223e-05
Sports,1781,2,1.2907672707751104e-15,9.732828128666636e-30,0.9999999999973284,2.6647869841365587e-12
Sports,1782,2,4.4168100641962676e-07,7.806140514758915e-28,0.9999985337046219,1.0246143743105127e-06
Sports,1783,2,1.8980487268042307e-06,5.322468082184455e-34,0.9999978497943782,2.521568995019094e-07
Sports,1784,2,3.74582942997494e-11,7.858951830339492e-24,0.9999999248215118,7.514103107793827e-08
Sports,1785,3,2.7665414349477896e-05,4.370722380381146e-09,8.398966395787774e-10,0.9999723293750532
Sports,1786,2,0.07921454389198526,9.207893456593555e-26,0.9207729962140427,1.2459893972377413e-05
Sports,1787,0,0.9355839374158169,2.211843260596328e-20,0.056559453347370524,0.007856609236791299
Sports,1788,2,4.9036631889713686e-05,7.425425147126532e-21,0.7711408247204998,0.22881013864758393
Sports,1789,2,8.057481019983249e-11,4.1997993817027575e-34,0.9999999994824407,4.3696626273850666e-10
Sports,1790,2,1.025099992304301e-05,1.6038905076908505e-20,0.9999371867089918,5.2562291092888715e-05
Sports,1791,2,9.736881877500828e-10,7.110998505643917e-23,0.9999992591439666,7.398823404944509e-07
Sports,1792,2,1.5238382074975234e-05,3.247578627002808e-25,0.999984074546881,6.870710575921661e-07
Sports,1793,2,5.395653463283871e-11,2.2313202439854554e-09,0.9848304183247754,0.015169579389923958
Sports,1794,0,0.9998458483846993,3.369811537876794e-33,0.0001541406396707408,1.097565622183103e-08
Sports,1795,2,4.142769492721899e-12,9.817732097845482e-20,0.9999996706083581,3.2938747720494615e-07
Sports,1796,2,1.6062159380663021e-09,2.6618585640210374e-23,0.9999999715039967,2.6889782156688355e-08
Sports,1797,0,0.9995842226616225,3.721328692219436e-30,0.0004157241393674867,5.319900401572254e-08
Sports,1798,2,6.623667049832136e-07,9.082775355363735e-18,0.9980358899814157,0.0019634476518879678
Sports,1799,0,0.9988942475407346,1.0494032301900756e-19,2.370568031513235e-05,0.0010820467789295412
Sports,1800,2,0.0354051407956576,7.0741421413852885e-31,0.9645947607166719,9.848767799098057e-08
Sports,1801,2,5.356076512110074e-13,1.140219039020709e-31,0.999999999764043,2.354394979291781e-10
Sports,1802,0,0.8489122708000345,1.440267644366633e-20,0.0185241253257576,0.1325636038741903
Sports,1803,0,0.813364701971699,2.895983152700751e-24,0.1791356427641185,0.007499655264160697
Sports,1804,2,3.1053829234824367e-19,3.2438883634090144e-31,0.9999999999995453,4.469673875158364e-13
Sports,1805,3,4.055993916664924e-05,1.2736766813700264e-15,0.004894500403223249,0.9950649396575837
Sports,1806,2,4.957268660611586e-11,2.1384994276594474e-30,0.9999999989825596,9.678884890682958e-10
Sports,1807,2,0.002257628880583592,1.642042688655037e-30,0.9977422760438024,9.507559294086743e-08
Sports,1808,2,2.8692672617377923e-06,1.457983567748379e-25,0.9999965521024347,5.78630275224488e-07
Sports,1809,0,0.9575421917555484,8.883442365332796e-22,0.0200525368493024,0.022405271395159427
Sports,1810,0,0.900103083450723,8.382276072998818e-24,0.09960800601746796,0.00028891053182624236
Sports,1811,2,1.4640147734927587e-05,6.45544958261478e-25,0.9999849353230413,4.245292309726279e-07
Sports,1812,0,0.9999853556970715,3.056494331247929e-33,1.4641604949353175e-05,2.6979992711396347e-09
Sports,1813,2,5.802101127888852e-08,7.649247814203414e-32,0.9999999131306974,2.884827927273117e-08
Sports,1814,2,8.146237905687431e-09,4.095895507204137e-27,0.9999996915905078,3.0026328139585413e-07
Sports,1815,2,1.4882302026846067e-12,3.477422905165017e-29,0.9999999997045848,2.939264852918661e-10
Sports,1816,2,2.3198708027567188e-09,1.1838958473936117e-19,0.9999908108898549,9.186790247575917e-06
Sports,1817,2,6.7906852555296e-17,1.8658261001103245e-34,0.9999999999997726,2.052947289235256e-13
Sports,1818,2,0.023225585188044368,6.811081916424456e-30,0.9767607439470222,1.3670864942531455e-05
Sports,1819,0,0.9999999999996589,4.39289711062747e-38,6.063092443046075e-14,3.070543075029382e-13
Sports,1820,0,0.9999969210206466,4.174318865639538e-36,3.0685830526184146e-06,1.0396307370314949e-08
Sports,1821,2,3.414115550070859e-06,1.1689483765862194e-27,0.9999942670875211,2.3187969457404643e-06
Sports,1822,0,0.9795682441095698,4.734366580562251e-23,0.020316752103108193,0.00011500378732928643
Sports,1823,2,0.030462087826221517,1.3665236035317501e-34,0.969537909750304,2.4234902045085863e-09
Sports,1824,2,0.0047316701820854885,3.2930568715138816e-25,0.9952540132293978,1.4316588495547906e-05
Sports,1825,0,0.9999910969773519,2.879836850909609e-27,8.366320327560232e-06,5.367023011750495e-07
Sports,1826,2,8.511943261613791e-09,6.346293206309048e-27,0.999999988876482,2.611568271950651e-09
Sports,1827,0,0.9999999999497504,6.678837291637713e-43,5.017006391957804e-11,9.781606564975094e-14
Sports,1828,2,7.746262379596365e-05,1.2938616541910095e-27,0.9999220697368149,4.676393804291715e-07
Sports,1829,2,1.4905516784835191e-13,2.447099632194357e-33,0.999999999978229,2.161119777131104e-11
Sports,1830,2,9.456678565371745e-08,4.899582023917435e-32,0.999999887175938,1.8257286319267236e-08
Sports,1831,2,8.435343582636142e-05,1.0536439397757125e-29,0.9999153391955321,3.0736866426407094e-07
Sports,1832,2,0.004247461829839957,1.8914380892328973e-14,0.8885773865083851,0.10717515166176542
Sports,1833,2,2.080925131839367e-15,1.2121653011393623e-32,0.9999999999986926,1.3224084619934627e-12
Sports,1834,2,0.05184752272810648,5.499091914286411e-22,0.8883413495317646,0.05981112774013129
Sports,1835,0,0.9375914485940058,1.863265930405022e-21,0.06068678131691702,0.0017217700890643116
Sports,1836,2,2.6235882273730517e-07,8.277181398947677e-24,0.9999989558075748,7.818336053364261e-07
Sports,1837,2,1.1942709722018167e-09,7.634730839257066e-30,0.9999999833233347,1.5482367627638077e-08
Sports,1838,2,1.612144769917012e-15,5.684595054615675e-25,0.999999999252907,7.470666194413819e-10
Sports,1839,3,0.00021341285920511036,3.369931687384278e-18,2.60529097807904e-06,0.9997839818497942
Sports,1840,3,0.329741159210133,8.096322224602432e-21,0.000665729595905971,0.6695931111939843
Sports,1841,2,1.1724959347691675e-08,8.610547522353875e-33,0.9999999862030792,2.0719481402707727e-09
Sports,1842,2,8.738427053327393e-09,7.56543987461221e-14,0.9973093895443358,0.0026906017171493303
Sports,1843,0,0.7210276753531057,1.34227881865631e-12,0.041353577415643404,0.2376187472299182
Sports,1844,2,0.002491866897513235,5.557052423899305e-19,0.993525360274881,0.0039827728276137
Sports,1845,3,0.05576369228648458,6.280942847319683e-17,0.05621989292074462,0.8880164147927978
Sports,1846,2,1.3233984208637437e-07,1.0119737105998209e-39,0.9999998676353331,2.4809799274589512e-11
Sports,1847,0,0.9999998773225873,4.6366030668391475e-28,3.040127271717284e-08,9.227612493653e-08
Sports,1848,2,0.0016256849402848284,2.6972538259326856e-23,0.9982600140921538,0.00011430096757756482
Sports,1849,2,2.726234739811354e-09,5.588906989333641e-33,0.9999999972661158,7.651046936585967e-12
Sports,1850,0,0.7504396575882355,8.738184536829519e-15,0.1818844340939132,0.06767590831783651
Sports,1851,2,0.01728699971050384,2.6961189398580374e-19,0.9825581845465299,0.00015481574293991582
Sports,1852,2,0.27628517927617885,8.285869363238458e-18,0.6976924802627243,0.02602234046112503
Sports,1853,2,2.2311304000694117e-09,5.693175534573179e-18,0.9701357689250231,0.02986422884385689
Sports,1854,2,4.5393260947039636e-05,1.3265271798666068e-28,0.9999544177457873,1.889932577084255e-07
Sports,1855,2,0.00012902945460222925,4.0060461044432355e-25,0.999861336675205,9.633870220826706e-06
Sports,1856,2,1.4448547188421946e-05,3.974778494056112e-22,0.9989307194774296,0.0010548319754086811
Sports,1857,2,0.06824119587287912,2.120407067491647e-25,0.9317334216901014,2.5382437022519564e-05
Sports,1858,2,9.470664626664378e-12,8.385434466790377e-35,0.9999999999759552,1.455013134488757e-11
Sports,1859,2,3.4985020389678666e-15,2.2951425902287928e-29,0.999999999527688,4.723063473869704e-10
Sports,1860,0,0.9999999999254214,1.70792676379871e-31,3.508062676372269e-15,7.458779140154514e-11
Sports,1861,2,0.0007237782133358854,3.118795403567102e-26,0.9992701966291274,6.025157534486597e-06
Sports,1862,2,8.181543523829108e-07,6.155759278077442e-20,0.9999287495154274,7.043233023424414e-05
Sports,1863,2,1.1759828170371384e-08,1.375374609179045e-26,0.9999999686211827,1.961896529864547e-08
Sports,1864,2,5.105608414167183e-08,1.2446251562262476e-33,0.9999999456539982,3.289943597708411e-09
Sports,1865,2,0.09131623646034653,8.008090982802815e-20,0.905616463884742,0.003067299654898844
Sports,1866,0,0.9999997927481205,6.069574253676355e-30,2.0634477093645972e-07,9.07122018748632e-10
Sports,1867,2,5.025939265094658e-06,5.049633403183292e-31,0.9999949733335857,7.271732118042442e-10
Sports,1868,2,0.05658954566250359,3.4785041016350244e-23,0.9430565997464605,0.0003538545910370437
Sports,1869,2,3.4988139195996623e-07,1.0947181925874936e-07,0.966610900637201,0.03338864000956658
Sports,1870,2,0.0009917045153777562,2.1382089704249401e-26,0.9990071112555049,1.184229128989019e-06
Sports,1871,2,8.505544801578826e-05,1.1552409221795452e-26,0.9998933877290057,2.155682300596607e-05
Sports,1872,2,0.02464131166565326,3.1940739951072473e-21,0.9751258762133483,0.0002328121210094641
Sports,1873,2,8.751516941273728e-10,9.312453584506613e-32,0.9999999685156244,3.0609221704834235e-08
Sports,1874,2,7.747397641049425e-06,1.680565171637536e-24,0.9999877784679169,4.474134447520645e-06
Sports,1875,2,1.4447250242903971e-11,1.0152011162161023e-17,0.9998006212313633,0.00019937875419401356
Sports,1876,2,0.001139014226430026,3.0433116436143048e-21,0.9987868907695638,7.409500403003615e-05
Sports,1877,2,8.721406279094517e-07,1.122807734779702e-19,0.9994380233115372,0.0005611045478220532
Sports,1878,2,0.0023044290300008605,3.927365081233085e-28,0.9976924369740183,3.133995964697016e-06
Sports,1879,2,1.249175973651809e-10,2.775033850383941e-16,0.9999961863426239,3.813532441186996e-06
Sports,1880,0,0.5139377964447095,4.7429049828211274e-21,0.48583491310924404,0.00022729044603455654
Sports,1881,0,0.6990171401393768,2.807135487265259e-15,0.14585995373907779,0.15512290612153062
Sports,1882,2,2.4607980335278178e-14,4.441670663309197e-37,0.999999999999261,7.073395233093535e-13
Sports,1883,0,0.956422225113717,5.437994455532626e-18,0.028422184016768,0.015155590869519502
Sports,1884,2,3.933751049691949e-16,8.899484686572386e-29,0.999999999757506,2.4250916230729526e-10
Sports,1885,2,5.346704010740784e-07,2.0623758287729178e-22,0.9998238557646799,0.00017560956493180958
Sports,1886,2,1.7570881327489022e-10,4.9720987895744976e-29,0.9999999988854711,9.387958892890054e-10
Sports,1887,2,1.679971017523131e-13,1.2031756993624842e-14,0.9996511890441584,0.0003488109556898577
Sports,1888,3,5.111243488877539e-05,4.807308182044341e-16,0.00649767969116828,0.9934512078739477
Sports,1889,2,6.292585173536804e-08,1.2512433858665447e-19,0.9998324708323546,0.00016746624177209623
Sports,1890,2,3.1156283476419487e-10,4.425946570301576e-32,0.9999999994720952,2.1634792391050162e-10
Sports,1891,2,2.6597605754898e-14,2.4765903699558304e-32,0.9999999996469455,3.53029249348701e-10
Sports,1892,2,4.5266854299128853e-07,6.403832788631904e-26,0.9999993468926364,2.0043881707495078e-07
Sports,1893,2,0.011760147356589694,1.797859471676151e-14,0.9877399793731427,0.0004998732702429198
Sports,1894,0,0.9999999938795554,2.8242673399524244e-30,1.6464071768655595e-13,6.120285521376505e-09
Sports,1895,0,0.9996392466338333,3.173509704999208e-23,0.0003357175156473593,2.503585053135742e-05
Sports,1896,2,5.988239044259357e-10,1.1115529698828858e-26,0.9999999425909339,5.6810260592332285e-08
Sports,1897,0,0.9999999786253968,4.64984702786491e-27,6.832120929792199e-11,2.1306271952078274e-08
Sports,1898,2,0.03281451370533389,1.0082158308305237e-27,0.966907800299079,0.00027768599557421455
Sports,1899,2,0.00034342304997139083,5.499963987804366e-28,0.9996565444710501,3.2478986797024894e-08
Sports,1900,2,1.2402982015134886e-10,3.190390173357185e-21,0.99997053908849,2.9460787463207244e-05
Sports,1901,2,6.57756726027089e-08,3.444155919102134e-29,0.999999872474299,6.175004698924023e-08
Sports,1902,2,3.268140886589156e-05,2.098180616514872e-28,0.999967262299349,5.62917904044028e-08
Sports,1903,2,0.006402408723316397,4.0991423159605405e-14,0.5391187931286265,0.4544787981480126
Sports,1904,2,1.0272909814825004e-17,2.4259278658514905e-31,0.9999999999999432,6.87963625967108e-14
Sports,1905,2,2.5919767352394523e-09,5.566057914915103e-26,0.9999996065265214,3.9088152256900776e-07
Sports,1906,2,8.500720415108695e-12,3.226162075946952e-26,0.9999997614376355,2.3855389166496344e-07
Sports,1907,2,2.956786643415118e-10,9.919680489304636e-37,0.9999999996723545,3.199221883038962e-11
Sports,1908,0,0.9916738978691616,4.131788561086491e-30,0.0023622738614163473,0.005963828269395815
Sports,1909,2,4.789163891528709e-16,6.6234470982459e-31,0.9999999999547526,4.526279865768857e-11
Sports,1910,3,4.1935288770359496e-05,1.9818660143575237e-18,0.00013228012829202493,0.9998257845829432
Sports,1911,2,0.42381636222516816,2.2815930954456746e-28,0.5761570664176087,2.6571357246008715e-05
Sports,1912,0,0.7607071851424174,5.697858812339406e-23,0.23853657478361687,0.0007562400739461019
Sports,1913,2,2.8301299931260555e-05,1.6531056137888136e-24,0.9999716241319822,7.456809976482e-08
Sports,1914,2,2.5280734212790466e-16,1.5795476528931966e-28,0.9999999997803002,2.1969971844634682e-10
Sports,1915,2,0.12632267171489733,5.572215968941571e-23,0.6233851082877456,0.2502922199973466
Sports,1916,2,5.680385206006345e-20,1.164585578178642e-26,0.9999999999965326,3.47874612000127e-12
Sports,1917,3,5.915122752543372e-10,7.722559951211605e-09,2.9479390802645392e-05,0.999970512295111
Sports,1918,0,0.6875431720499355,1.458377330990534e-20,0.31129989248218637,0.0011569354678701424
Sports,1919,0,0.9999499732723781,4.5457641112836697e-32,5.001799537112888e-05,8.732249318530647e-09
Sports,1920,0,0.9999950967116137,3.494877279110345e-30,1.0432607683564137e-06,3.860027606821411e-06
Sports,1921,0,0.9999999999986358,4.680858473340288e-34,8.497391852398505e-19,1.3592478840787902e-12
Sports,1922,0,0.9999995264147385,2.2938420240017085e-35,4.729057024335391e-07,6.795471834137463e-10
Sports,1923,2,1.2779011465421744e-09,6.22751914208603e-30,0.9999999970067392,1.715372631244869e-09
Sports,1924,0,0.968684106905045,5.951701085679939e-26,0.031300171878069875,1.572121685802892e-05
Sports,1925,2,0.015716003734372506,1.6128574384549602e-25,0.9842331411607521,5.085510489523316e-05
Sports,1926,2,0.30138390086764827,1.0283755856982354e-28,0.6986155326513729,5.664809679977281e-07
Sports,1927,0,0.9999610029335141,3.662772068612198e-21,7.342068221981083e-07,3.8262859647514544e-05
Sports,1928,2,1.8826228676205995e-17,5.503606749290135e-32,0.9999999999999432,7.679355483675247e-14
Sports,1929,2,0.017432507625409172,1.1862087141381436e-24,0.982451898114561,0.00011559426002291618
Sports,1930,2,5.795714025881718e-10,7.723565288665797e-36,0.9999999994183781,2.0465997459918374e-12
Sports,1931,2,2.321786047146685e-10,4.388570885153929e-29,0.9999999754719514,2.4295862466609348e-08
Sports,1932,2,1.444380196503472e-14,9.387886505739009e-32,0.9999999999928946,7.089671631415316e-12
Sports,1933,2,2.486507817688142e-07,2.7910481230291125e-29,0.9999997495827728,1.7664718950572592e-09
Sports,1934,3,1.9096229898758387e-09,3.7552360491137894e-13,0.0015861614681379442,0.998413836621875
Sports,1935,2,7.64206415839491e-09,4.432044191163541e-28,0.9999999609369191,3.142100037632593e-08
Sports,1936,2,7.460102945940084e-13,2.8278239268702604e-31,0.999999999847148,1.520885116213587e-10
Sports,1937,2,7.40323640224119e-05,1.3334278166474283e-31,0.9999259186327989,4.900315458997122e-08
Sports,1938,2,1.321485431495491e-18,7.257878244170235e-32,0.9999999999940883,5.8879383901397445e-12
Sports,1939,2,6.666092187816652e-06,2.674920278633411e-21,0.9999894167183482,3.917189460885474e-06
Sports,1940,0,0.9989729548177285,4.3783343619830045e-25,4.711849749812021e-06,0.0010223333324944587
Sports,1941,2,1.3824220233412244e-10,3.5606550751363216e-31,0.9999999977433163,2.1184409016861165e-09
Sports,1942,0,0.7250362145407843,2.4574743317312855e-15,0.0790375603101019,0.19592622514909744
Sports,1943,0,0.9999999999797637,1.0982825540394877e-37,1.164022088029888e-11,8.595364833187059e-12
Sports,1944,2,8.738936012853843e-11,1.1471784525845105e-22,0.9999973903089145,2.6096036862143823e-06
Sports,1945,2,3.3097787966276215e-07,1.8703120072649253e-36,0.9999996690030436,1.910283078043419e-11
Sports,1946,2,4.502461424074942e-08,3.8988306214480593e-29,0.9999999522982546,2.6771166264781334e-09
Sports,1947,2,3.701285439966814e-17,4.686529044358469e-22,0.9999998977859884,1.0221402175632498e-07
Sports,1948,3,0.02067981843057384,1.1675761290752123e-11,1.5951160519883086e-06,0.9793185864416759
Sports,1949,2,1.529948310561331e-05,7.116274490221413e-27,0.9999846564876308,4.402928967490946e-08
Sports,1950,2,0.09978719050903112,2.102353988345998e-15,0.6995157403008759,0.20069706919011052
Sports,1951,2,0.30098255405450086,2.7317377044819476e-28,0.6990173716655333,7.427996461364323e-08
Sports,1952,3,7.99361576731578e-11,0.00032204391383881104,3.0253908527493827e-05,0.9996477020977244
Sports,1953,0,0.9923295819204445,1.0380016340985336e-17,0.0014788717357291478,0.006191546343816891
Sports,1954,2,6.71716870210375e-08,7.620963254289342e-27,0.9999893802490205,1.0552579293401405e-05
Sports,1955,2,6.046944793914653e-06,4.053201618480926e-20,0.9976876929607448,0.0023062600944615003
Sports,1956,3,9.315654508170082e-06,6.022070296558274e-17,0.11332539485720868,0.886665289488304
Sports,1957,2,5.733754202573181e-09,3.449181878558779e-16,0.9907934875562846,0.009206506709978739
Sports,1958,2,8.05383227977446e-07,7.190693735135867e-33,0.9999991627676744,3.184912217077267e-08
Sports,1959,2,1.990967597279403e-16,6.755195707838944e-31,0.9999999995554276,4.44594341119957e-10
Sports,1960,2,6.144460542466298e-18,1.881320166807994e-27,0.9999999999798206,2.018114041798135e-11
Sports,1961,2,1.6953548078035527e-16,2.8967811684867223e-29,0.9999999999854481,1.454417852788147e-11
Sports,1962,0,0.9934234423779943,9.97740309712341e-30,0.006575158085053927,1.3995369321466123e-06
Sports,1963,2,1.321485431495491e-18,7.257878244170235e-32,0.9999999999940883,5.8879383901397445e-12
Sports,1964,2,6.893713738786839e-08,1.0054125724435872e-29,0.9999998448543699,8.620851445970529e-08
Sports,1965,2,3.0495293579671763e-10,1.3568932584404165e-33,0.9999999896530198,1.0042001300827212e-08
Sports,1966,2,5.673293826027967e-06,1.8754636711677037e-34,0.9999942947896618,3.191649921365592e-08
Sports,1967,2,9.733710901084002e-16,1.1389310812357799e-30,0.99999999999892,1.0589355220345611e-12
Sports,1968,2,1.5911244277418745e-09,4.1819080092388033e-29,0.9999999823214126,1.608745017786462e-08
Sports,1969,0,0.9916536044023629,1.849150682239467e-17,0.001198412708543552,0.007147982889076525
Sports,1970,2,4.829044675277668e-15,5.929428778467926e-31,0.9999999999939178,6.077469597861729e-12
Sports,1971,2,8.152320661134858e-11,1.400416907594077e-32,0.999999999305885,6.126026608179363e-10
Sports,1972,3,0.009772131568440381,1.9057831692096495e-15,0.003828048568579637,0.9863998198629897
Sports,1973,0,0.999995217825765,5.346400679860799e-26,1.926552049701823e-07,4.589519002048568e-06
Sports,1974,2,4.2897769625315926e-08,5.820586094649712e-26,0.999999829476295,1.2762594386473764e-07
Sports,1975,2,2.1211145863921687e-11,1.7258709213660335e-32,0.9999999995986286,3.801788105838623e-10
Sports,1976,0,0.9960915963194937,5.180043098282119e-24,0.003104461881017052,0.000803941799485752
Sports,1977,2,4.228300415331825e-22,2.3769712545040384e-33,0.9999999999999432,5.133127942537867e-14
Sports,1978,2,2.97575270321256e-09,7.014790018689054e-20,0.9996382947673149,0.0003617022569253111
Sports,1979,2,2.890239773859419e-12,1.8962797302391193e-28,0.9999999999149622,8.215849494600051e-11
Sports,1980,2,1.338380935947958e-09,1.810958790312812e-27,0.9999999130710118,8.559058917265252e-08
Sports,1981,2,0.00044826130138930537,1.6643286290910276e-29,0.999551008883653,7.29814984955548e-07
Sports,1982,2,4.1835686662921435e-10,6.301443114182045e-32,0.9999999995329176,4.874361303460203e-11
Sports,1983,2,1.9951184441751647e-07,8.273693945837896e-29,0.9999997832873313,1.7200807446394328e-08
Sports,1984,2,3.072794733004384e-11,9.35908559715057e-22,0.9999991808892845,8.190799738657872e-07
Sports,1985,2,0.007259013548712609,1.9659391568052312e-18,0.9898611327072779,0.0028798537440023414
Sports,1986,2,1.8826228676205995e-17,5.503606749290135e-32,0.9999999999999432,7.679355483675247e-14
Sports,1987,2,9.571331298285503e-05,3.988641528167134e-23,0.9998906228484266,1.3663838572664193e-05
Sports,1988,2,3.881312004872116e-14,5.628911238718637e-32,0.9999999999874376,1.2532652732668357e-11
Sports,1989,2,1.0153905411410587e-05,7.932577170130895e-30,0.9999891247880626,7.213065140771226e-07
Sports,1990,2,9.580052142313017e-13,3.4485169550198675e-23,0.9999999276566909,7.23423738389462e-08
Sports,1991,2,1.3883916293288197e-08,1.0314344547126919e-25,0.9999999788207676,7.295318253348252e-09
Sports,1992,3,0.13258401756754906,9.516032366177367e-23,0.2754520591732895,0.5919639232591826
Sports,1993,2,2.3575620429139495e-09,3.2268491632908017e-24,0.9999998275217343,1.7012070140843843e-07
Sports,1994,2,4.1285119711814606e-06,1.0577358546073496e-26,0.9999958317562702,3.973176088186842e-08
Sports,1995,2,3.111457021415011e-17,9.82624819971594e-35,0.9999999999998295,1.845541647262185e-13
Sports,1996,0,0.8768308972131846,4.864073217101202e-33,0.12316908046626068,2.2320565571432734e-08
Sports,1997,2,7.205153629140021e-10,2.7974351356912847e-21,0.9999962732862948,3.7259931817288915e-06
Sports,1998,2,4.112020603188475e-08,2.3430674316615953e-18,0.9995355317519488,0.000464427127856227
Sports,1999,2,2.1481568698489257e-08,1.1618148783072381e-29,0.9999999772373942,1.2810590161463881e-09
Business,2000,3,5.8135868187275135e-05,1.91793699939031e-15,3.6794496106384277e-10,0.9999418637638872
Business,2001,3,0.000733803190879221,1.867665078875489e-18,8.810714370782059e-09,0.9992661879983906
Business,2002,3,6.103017125002588e-09,3.0116557699805282e-18,2.518143330647814e-09,0.9999999913788429
Business,2003,3,0.00010509099054363881,5.662906949580166e-25,1.6498688147235357e-11,0.9998949089929802
Business,2004,3,0.0005700933467688097,4.8220428853454277e-17,2.4278420280574796e-08,0.9994298823748043
Business,2005,3,6.057780724809902e-10,3.7723689809584456e-24,9.919789663956404e-13,0.9999999993932533
Business,2006,3,1.6099110122092476e-07,1.209686964552888e-22,2.8413334865187937e-12,0.9999998390060357
Business,2007,0,0.9997604872239954,1.1607155406065227e-23,2.2782037868015396e-13,0.00023951277575033533
Business,2008,3,8.535588500887552e-08,9.123034340552117e-06,5.2579404853182324e-11,0.9999907915571881
Business,2009,3,0.0022600969398635065,1.409014202084574e-21,1.5760877189672376e-09,0.9977399014840302
Business,2010,0,0.9999999194672601,5.031932264284874e-33,5.317849889915206e-17,8.053273978843663e-08
Business,2011,3,0.004224558753240996,1.8337452674662434e-15,8.127277865830742e-09,0.995775433119481
Business,2012,3,0.0031247960228278884,2.80015171540467e-18,1.2215253977394163e-06,0.9968739824517573
Business,2013,3,2.879807454711075e-06,6.6024961032234255e-15,9.189357412454889e-10,0.9999971192735868
Business,2014,3,4.3382004917570435e-07,2.3849985915288425e-13,4.646241272975218e-10,0.9999995657150668
Business,2015,3,0.000645856822928495,2.942543540829031e-23,2.7944248023569305e-11,0.9993541431491221
Business,2016,3,6.444669824094998e-07,5.447094965505896e-07,2.8162357940051767e-13,0.9999988108232537
Business,2017,3,0.0007358935670695438,2.7687660421432954e-16,9.678764808717418e-11,0.999264106336164
Business,2018,0,0.9999999999293436,1.3023576211195427e-35,2.803487380856733e-20,7.06657994503972e-11
Business,2019,0,0.9999982560884604,6.8821677520741656e-34,8.590633503330304e-18,1.7439115231200408e-06
Business,2020,3,6.1200989013626235e-15,8.640105040718136e-10,1.4025647418337775e-12,0.999999999134559
Business,2021,0,0.9999999873450066,8.999257995624743e-24,1.1877793097299177e-16,1.2655015930714285e-08
Business,2022,0,0.9999673229627646,1.5812923526472568e-31,1.5399360619227793e-17,3.267703724048969e-05
Business,2023,3,0.005217175651073407,4.3212504705520105e-27,1.250401770658342e-12,0.994782824347648
Business,2024,3,0.055683497741214755,9.754659141692232e-20,1.7655950888497002e-10,0.9443165020822208
Business,2025,0,0.9958619185189773,2.9204096138901915e-27,1.2562687261501986e-12,0.004138081479785373
Business,2026,3,5.030109972073726e-10,2.7100507462149793e-19,1.7746021905853516e-10,0.9999999993195274
Business,2027,3,2.6660144840197334e-14,1.114070709038492e-11,7.886459348968926e-10,0.9999999992002131
Business,2028,2,6.1781091593481915e-09,2.634038703878552e-18,0.9768943618901573,0.02310563193173241
Business,2029,3,0.010437978724753112,5.926300519680075e-19,1.4574982387334144e-09,0.9895620198177635
Business,2030,3,0.05507548141758341,8.79216491510975e-17,2.6310296044283237e-08,0.9449244922721097
Business,2031,0,0.9998575523014509,1.414701652729451e-26,5.045240261466716e-15,0.0001424476985628397
Business,2032,3,0.0018259791050130925,3.532690637694676e-24,1.1391624653210421e-07,0.9981739069787184
Business,2033,3,0.10616365926443373,7.794861558588275e-24,1.589637682772871e-07,0.8938361817718065
Business,2034,3,1.3842516881895692e-08,2.2717161439567565e-22,3.1945370489486677e-12,0.9999999861543075
Business,2035,3,0.06825866064342148,8.220149597099553e-22,4.79506179041491e-10,0.931741338877079
Business,2036,0,0.9963889653631098,8.24957360993862e-21,6.237289552110722e-10,0.0036110340131766823
Business,2037,0,0.9901144023909392,8.65154555057571e-20,3.776261054730731e-08,0.009885559846435214
Business,2038,0,0.7457974248809226,5.900224020195499e-22,1.0497079683678963e-12,0.25420257511802313
Business,2039,3,0.0003505423831404498,9.228549253013006e-17,3.17819585733711e-07,0.999649139797256
Business,2040,0,0.9283262121916886,2.4639141312733417e-23,4.865892477799875e-10,0.07167378732171016
Business,2041,0,0.9999997268569505,8.454890715319679e-30,9.247725898457671e-12,2.7313380183757353e-07
Business,2042,0,0.9460505120568682,1.6810732625440414e-14,1.3064803090724484e-09,0.053949486636648974
Business,2043,0,0.9607093428287801,1.8561000571967475e-24,6.273454357877815e-13,0.03929065717056691
Business,2044,0,1.0,5.014372357106043e-42,2.0657005269383246e-23,9.357231818285853e-15
Business,2045,0,0.999999982804468,4.058934625052357e-31,7.895420144983199e-18,1.7195516573262424e-08
Business,2046,3,1.8869167163796264e-07,2.0348666221078825e-23,1.4391899710838091e-10,0.9999998111644183
Business,2047,3,2.371421705983818e-08,7.673874578153098e-16,8.046427661273229e-09,0.9999999682393655
Business,2048,3,0.4563718157637344,8.077296857051374e-22,8.20844434964003e-08,0.5436281021518423
Business,2049,3,8.860914854331481e-06,7.154442020609846e-12,9.624871570729362e-06,0.9999815142064039
Business,2050,0,0.9999541626424225,4.709566180902295e-31,6.348092420308079e-17,4.583735760012884e-05
Business,2051,3,0.0017620953815544807,1.3008758154794069e-24,4.90578755583728e-13,0.9982379046179766
Business,2052,0,0.999995292492993,1.1658513951516891e-28,3.172108781813703e-14,4.70750694843019e-06
Business,2053,3,0.11581081899472197,4.92238895029737e-22,3.455337896618422e-11,0.884189180970742
Business,2054,0,0.9996102417129116,8.925713408572562e-21,1.12438275734123e-09,0.0003897571627112699
Business,2055,3,0.0008976364147845926,5.996339234647128e-23,3.214582692863735e-11,0.9991023635530834
Business,2056,3,5.423015409175093e-09,1.7680347726788098e-23,2.803228325412671e-12,0.999999994574182
Business,2057,3,8.741388693343553e-05,2.922143703115708e-17,2.02734882420605e-10,0.9999125859103416
Business,2058,3,6.420643953992596e-11,6.690662386184231e-19,1.2280041649925342e-09,0.9999999987077786
Business,2059,3,0.0011332117378517691,6.545305063887298e-26,4.616278599054249e-11,0.9988667882160125
Business,2060,3,0.006284924234660603,1.1650109931723889e-22,3.0249410098552214e-13,0.993715075765024
Business,2061,3,4.227888510115611e-14,3.022273655139346e-23,2.549099162312917e-11,0.9999999999744773
Business,2062,0,0.7120751481783518,2.8558858585055955e-23,1.53615237013242e-08,0.28792483646013817
Business,2063,3,0.024581753229619165,2.75450490933633e-22,4.068634889097457e-12,0.9754182467663031
Business,2064,3,0.38382132540457375,1.6023900957047346e-15,1.3893302641422236e-10,0.6161786744564717
Business,2065,0,0.9999999996134079,5.076845166797534e-34,1.72366332256081e-14,3.865661507569332e-10
Business,2066,3,4.544445932162691e-08,1.1251925062791419e-11,5.423502880661333e-14,0.9999999545442516
Business,2067,3,7.238731267259287e-06,4.702498583248501e-20,2.1174401996684377e-11,0.9999927612475354
Business,2068,3,7.001222341180898e-07,3.404127848716423e-15,1.0817318438512771e-07,0.9999991917045887
Business,2069,3,1.38783899349561e-06,1.114121222124047e-19,3.378849959093237e-10,0.9999986118231136
Business,2070,3,0.0002342346336032413,5.607883053350558e-27,4.9382813037564166e-14,0.9997657653663404
Business,2071,0,0.9098047379423368,2.5274414818027958e-22,1.1417061642344961e-10,0.09019526194348412
Business,2072,3,2.0436711602375355e-10,6.617633437711968e-11,4.887410804334918e-11,0.9999999996805968
Business,2073,3,2.3389081414819875e-06,3.7187511150973187e-19,8.647394176315804e-09,0.9999976524444761
Business,2074,3,9.416708828930787e-05,2.630955951141401e-19,3.567373867546744e-12,0.9999058329081398
Business,2075,3,0.000320187391617411,1.5881480443848918e-11,3.0509778081422104e-09,0.9996798095415314
Business,2076,3,1.807423484236e-05,2.9333356243882993e-16,2.9123187554406514e-10,0.9999819254739246
Business,2077,0,0.998484689964653,2.5433720219875048e-21,6.585874344654034e-08,0.0015152441766229903
Business,2078,3,1.881547636239122e-05,7.361156616281052e-20,4.1868120358763743e-10,0.9999811841049785
Business,2079,3,6.3081633200773e-08,9.401233781689812e-14,1.6864197906595923e-05,0.9999830727203629
Business,2080,3,2.0212940627049492e-05,8.754519384254381e-20,1.0923959998634253e-12,0.9999797870582828
Business,2081,0,0.9862492346895011,4.31386468852412e-18,9.649741154632452e-12,0.013750765300866077
Business,2082,3,0.06254025143985113,9.576647935736202e-21,1.847818098690071e-10,0.9374597483753524
Business,2083,3,9.506055881506851e-11,1.8167667653532147e-13,0.00014221550977366445,0.9998577843949931
Business,2084,3,4.9061787714985965e-08,7.178928954916271e-13,6.1105317697119925e-09,0.9999999448269834
Business,2085,3,0.06168147293809364,5.148132779221581e-20,9.753345278326004e-11,0.9383185269643713
Business,2086,0,0.9988123949967377,3.951760326015049e-14,8.714678009915883e-17,0.0011876050032186359
Business,2087,0,0.9996828312070702,1.3591474515470367e-25,1.3854235697471563e-10,0.00031716865439437094
Business,2088,0,0.99528843121114,5.837218057272308e-24,5.450032447688532e-13,0.004711568788323977
Business,2089,3,0.21048455426901763,9.413360500450903e-20,8.244286259155471e-10,0.7895154449065772
Business,2090,3,0.3975431054407649,1.6065409098840711e-18,9.414786172003938e-07,0.6024559530806368
Business,2091,3,1.6243968003437575e-13,9.908914855547734e-18,1.5281319655879517e-08,0.9999999847184996
Business,2092,3,0.03800657482265349,6.545882054609954e-22,3.962553055892257e-11,0.9619934251377148
Business,2093,0,0.991629009392654,1.883367838105874e-24,1.2057462105124237e-10,0.008370990486792464
Business,2094,3,3.6543412240715453e-07,1.1768316026703462e-27,2.3355505628241857e-14,0.9999996345658345
Business,2095,0,0.9999999921972744,1.2279873108803412e-27,1.2370584990870713e-15,7.802725124977513e-09
Business,2096,0,0.978228576940916,1.625960765463552e-27,2.499139556164951e-13,0.02177142305885221
Business,2097,0,0.986854150870862,2.958758042732902e-23,7.861793846999255e-10,0.013145848342961028
Business,2098,0,0.8871233810473279,1.3623684632244282e-27,2.2752549511969847e-14,0.11287661895264427
Business,2099,0,1.0,7.223791749965519e-41,5.050333686774814e-22,1.4862688831127782e-16
Business,2100,0,0.9974925517737673,1.0499571971129627e-18,0.0005363392513767983,0.0019711089748493224
Business,2101,3,0.009237682812453653,8.83831766253219e-18,1.0150826387687944e-07,0.9907622156792866
Business,2102,3,2.729340489953073e-06,8.489461023608766e-22,2.0742423217904718e-10,0.9999972704521005
Business,2103,3,6.24569220626581e-11,4.5563951814763464e-21,5.675516889002918e-12,0.9999999999318447
Business,2104,3,0.0001903631400209587,6.338589499638001e-11,9.350487921683688e-10,0.9998096358615227
Business,2105,3,9.683921274170943e-05,9.339697631202076e-20,3.4527971411992494e-07,0.9999028155075363
Business,2106,3,0.15958586253464302,2.3088375090664708e-17,2.5590965881368996e-10,0.8404141372094539
Business,2107,3,1.7227595082014345e-05,5.48535496691467e-16,2.8211609411096064e-09,0.999982769583737
Business,2108,3,2.0832867215575182e-11,5.3254380586159055e-17,1.2497203323278074e-06,0.9999987502588248
Business,2109,3,0.0025813537912449036,2.6985832509594775e-24,1.1679593217570724e-08,0.9974186345291385
Business,2110,3,0.017696726909044048,2.306731292113702e-22,2.8465898791424333e-08,0.9823032446250544
Business,2111,0,0.9924439932040043,1.8439314925928448e-24,4.680510228760268e-13,0.007556006795526487
Business,2112,3,3.1103335316362455e-05,3.912994841297937e-21,7.968753450567461e-13,0.9999688966638969
Business,2113,3,5.677706583916408e-07,4.890419879213492e-21,1.7731336275359183e-10,0.9999994320520408
Business,2114,3,0.10753041552298638,2.3784629028388484e-21,2.092084608981516e-12,0.8924695844749454
Business,2115,0,1.0,1.6106432307423563e-37,3.90435982240116e-23,2.433336465020068e-14
Business,2116,3,0.04702603819371705,2.1119422406150525e-10,2.099587995900366e-09,0.9529739594954991
Business,2117,3,0.10327540212608256,5.412147441764401e-21,8.39648037483494e-10,0.896724597034293
Business,2118,0,0.9999999993481765,4.364180200212233e-42,2.9043192416455143e-24,6.51841403186812e-10
Business,2119,3,6.038569014371112e-05,5.663840198486407e-31,9.669384124344651e-14,0.9999396143097466
Business,2120,3,0.047580215728983855,2.811729990306898e-23,2.0445278263975908e-10,0.9524197840665866
Business,2121,3,1.8296670333383078e-08,6.540137348621642e-23,2.135008291019514e-09,0.9999999795683154
Business,2122,3,0.01594451854263547,2.584113003527929e-16,4.003375094534186e-06,0.9840514780822707
Business,2123,3,5.921743723843771e-08,1.021987695553388e-21,5.307909538504164e-10,0.9999999402517705
Business,2124,0,0.999936870064876,3.0524832062055005e-23,1.1141048860028974e-14,6.312993509903192e-05
Business,2125,3,0.06730879540788202,2.837516347582932e-24,9.374046058131635e-13,0.9326912045911986
Business,2126,0,0.997977175974316,2.1907746716007403e-19,1.0521749172093066e-08,0.0020228135039198963
Business,2127,3,2.709336274454526e-06,5.4916304955277935e-24,2.4703943641206575e-13,0.9999972906634621
Business,2128,3,1.0087105573319614e-10,8.084061305956039e-18,3.272460381345309e-10,0.9999999995718554
Business,2129,3,1.8477148119287078e-06,5.186145332154003e-13,1.9511625761941007e-09,0.999998150333516
Business,2130,0,0.9566082287270975,4.746042999620565e-16,3.841026998302875e-09,0.0433917674318951
Business,2131,3,0.06307839552743202,1.7336285660927845e-19,1.2220448778877986e-08,0.9369215922521065
Business,2132,3,8.606334897614786e-08,2.1788020901863623e-19,8.829569255039572e-13,0.9999999139357706
Business,2133,3,4.550361182147007e-05,2.66374865971834e-21,5.622730850533918e-09,0.99995449076545
Business,2134,3,1.316393498940245e-12,1.2462725469958174e-17,2.993609450007307e-09,0.9999999970050908
Business,2135,3,2.6103645508385684e-08,2.4016770249173816e-15,5.807890667082638e-11,0.9999999738382715
Business,2136,3,3.889614983489429e-10,2.0726149783411275e-09,2.0777512398708136e-10,0.999999997330633
Business,2137,3,3.2629548494025153e-13,1.3114823469834524e-13,2.0489141033032864e-09,0.9999999979506242
Business,2138,3,2.9721553980469764e-12,1.2221345354513319e-23,1.1662314318288795e-10,0.9999999998804014
Business,2139,2,2.3221756575964272e-08,1.2202901384658107e-31,0.9999999553741655,2.1404076517706774e-08
Business,2140,3,2.4229310698233775e-07,6.6865018443733885e-18,2.5030955650346447e-08,0.9999997326759529
Business,2141,3,0.37849193991809504,5.1284752093110466e-24,8.406613451945255e-11,0.6215080599978609
Business,2142,0,0.9999991513913263,8.125122149389722e-30,1.767032203618094e-16,8.486086952193301e-07
Business,2143,3,1.54707377450929e-08,2.763632191564402e-16,5.236690307515445e-09,0.999999979292568
Business,2144,0,0.9999806425939266,6.065806789300963e-26,5.088349848908509e-15,1.9357406046988775e-05
Business,2145,3,0.000113292671908648,6.27904248522641e-17,4.071266016441749e-10,0.999886706920973
Business,2146,0,0.9999991818133304,1.2205552096087093e-33,3.2492373127432033e-19,8.181866834542468e-07
Business,2147,0,0.9701991511030088,1.658586098653914e-24,1.1287563250149427e-06,0.029799720140680504
Business,2148,3,1.5063020644147182e-05,2.896965303019026e-17,1.1201197232347015e-11,0.9999849369681788
Business,2149,0,0.9841426694150116,5.738751121312156e-27,1.692415038992746e-11,0.015857330568064012
Business,2150,0,0.9591216070924958,4.806540922372799e-26,5.555765912552778e-13,0.04087839290693643
Business,2151,3,7.931578454598225e-10,1.9398567352291586e-17,9.15429758876389e-10,0.9999999982914005
Business,2152,0,0.9826135246760052,3.044336228997215e-18,1.6473023830199468e-09,0.017386473676682803
Business,2153,0,0.9999999479136377,6.047293005223234e-28,2.289708626006975e-16,5.208636962593501e-08
Business,2154,3,4.729364959629404e-06,6.222225645250932e-12,5.3162308965478146e-08,0.9999952174665162
Business,2155,3,7.771920937762732e-12,5.438491662340951e-14,8.565669326986232e-08,0.9999999143354935
Business,2156,3,8.02336184183756e-12,1.2018761248200197e-17,2.4372248383669414e-08,0.9999999756197443
Business,2157,0,0.8477505418752319,2.6688769094898972e-17,1.2610251948907852e-08,0.1522494455145011
Business,2158,3,1.4551343740307577e-05,1.4340109885609152e-21,1.450687508004324e-11,0.9999854486417531
Business,2159,0,0.9999997917518829,2.6356589678218653e-30,1.806186549385772e-15,2.0824808762964377e-07
Business,2160,3,2.8177749360413056e-06,6.993862859867126e-15,1.2783514278787945e-10,0.999997182097209
Business,2161,0,0.9999999501524724,7.318677775563606e-35,1.933127259588665e-17,4.9847534435912167e-08
Business,2162,3,0.37663378926552604,2.9094856039532195e-16,4.6908858352102e-10,0.6233662102653825
Business,2163,3,5.750543721527078e-05,1.3993596015218308e-15,9.328070025958774e-07,0.9999415617558087
Business,2164,3,5.792760246596414e-12,1.5717911699274197e-15,2.1797952251755572e-10,0.9999999997762075
Business,2165,3,0.4999339442964421,7.644311298252378e-23,5.188425976887276e-11,0.5000660556516762
Business,2166,3,0.21662212828217542,1.7608138347807447e-10,5.5781173477750866e-09,0.7833778659636429
Business,2167,0,0.9999907345579763,7.000527326745135e-32,1.1798475768769671e-17,9.265442003009455e-06
Business,2168,3,0.00038025923235312234,2.0272542405706659e-25,1.8427215080679437e-10,0.9996197405833502
Business,2169,3,2.6231262067013402e-06,4.552093111384755e-19,1.5218904021918227e-10,0.9999973767216108
Business,2170,3,9.038666203419455e-05,2.5241734555072054e-22,2.2210173479848166e-12,0.9999096133357286
Business,2171,3,1.5230533377567621e-10,1.0262096127520192e-09,1.3775870350329217e-11,0.9999999988077093
Business,2172,3,4.50678928213673e-05,6.7593252277656e-13,0.0009681509846091786,0.9989867811218768
Business,2173,3,0.009715883621615781,3.6715352421339475e-17,1.1949391945281194e-09,0.9902841151834249
Business,2174,0,0.9703669094177002,2.5466739311756263e-21,7.751164990474986e-10,0.029633089807158064
Business,2175,3,0.007925596949060632,2.7711841717973627e-16,3.955728498413011e-09,0.9920743990951862
Business,2176,3,0.0012561798418101533,3.918310386067029e-18,2.9727399632501027e-12,0.9987438201552219
Business,2177,3,3.195693713629897e-09,5.447046218024277e-20,1.9295591745158228e-11,0.9999999967849931
Business,2178,3,4.8882729968928216e-11,1.9617625692587772e-19,3.0682823178338814e-11,0.9999999999204192
Business,2179,3,9.369458533316993e-06,5.0395241806574703e-20,1.6904373965028143e-06,0.999988940104058
Business,2180,3,4.1479348698819806e-08,1.1049596175022293e-10,1.5627839866287416e-10,0.999999958253853
Business,2181,0,0.895091925945621,5.277127942575244e-26,1.1535896822711251e-11,0.10490807404284615
Business,2182,3,6.992858565274882e-05,1.0494273691176402e-21,6.177929496542206e-11,0.9999300713525963
Business,2183,3,0.004459837572517297,7.326228202591631e-24,5.448345589084975e-13,0.9955401624269257
Business,2184,3,1.8441407819878073e-10,1.9638576424519177e-19,5.121192712341689e-09,0.9999999946944058
Business,2185,3,0.004105662787217324,1.156568926214164e-29,8.125750433966236e-15,0.9958943372127927
Business,2186,0,0.9999976328924894,1.0401511316526987e-28,2.768094079414596e-15,2.367107528897962e-06
Business,2187,0,0.5466028809090102,2.854167804617235e-22,1.3776959562606654e-09,0.45339711771331254
Business,2188,0,0.999999975184949,2.2575146623255152e-42,4.4823562601760095e-20,2.4815031977340824e-08
Business,2189,0,0.9886785654806192,1.1366942688698518e-28,1.78706662841327e-13,0.011321434519213037
Business,2190,0,0.9442820642674602,1.5192007493976608e-24,7.729310758112628e-11,0.055717935655223205
Business,2191,0,0.9977889422802756,6.060118814775071e-28,3.593360787146266e-14,0.002211057719686354
Business,2192,0,0.9998807649767465,5.399119058410352e-24,8.876543295822341e-12,0.00011923501436412758
Business,2193,3,4.505047199287866e-05,4.192606729013286e-15,1.7365405668285862e-09,0.9999549477914785
Business,2194,0,0.9800154155349584,4.559216937498357e-20,3.4635430641432207e-13,0.019984584464710985
Business,2195,0,0.9407224104445173,3.230423005194063e-30,1.0159871442164133e-14,0.05927758955545626
Business,2196,3,8.985356019519491e-06,4.893782545693251e-15,1.60457215921461e-07,0.999990854186749
Business,2197,3,0.01610176828389806,2.947034614004199e-20,8.525139291647306e-10,0.9838982308636147
Business,2198,0,0.9549210291030613,2.691463356172435e-16,8.406629818565069e-10,0.04507897005626219
Business,2199,3,3.859551465907596e-09,6.740349960136944e-18,2.5741897564744255e-09,0.9999999935662345
Business,2200,0,0.999999250053858,5.271442997923896e-40,2.5831496270727755e-18,7.499461293120316e-07
Business,2201,3,1.504967806599175e-05,1.2747250266598033e-13,4.503614014747864e-11,0.9999849502767849
Business,2202,0,0.9997528041590017,6.037049547580666e-25,3.7802804107067945e-16,0.000247195841024427
Business,2203,3,0.0090041867108891,1.5765253482278543e-13,1.1792499517156094e-10,0.990995813171052
Business,2204,3,5.220429939284403e-08,1.2054540419133067e-13,3.2417751530330256e-07,0.9999996236180804
Business,2205,3,0.001318710127667498,2.412852586408241e-12,4.83666967532693e-11,0.9986812898215621
Business,2206,0,0.9999994136895807,1.521592211649323e-30,4.677312411746474e-19,5.863104080763571e-07
Business,2207,3,0.03554464613221227,2.9795442993449656e-20,1.654254807451826e-11,0.9644553538512208
Business,2208,3,9.786307464188448e-05,4.170938747148183e-20,2.6273059823044996e-11,0.9999021368991134
Business,2209,3,1.0750507042385759e-11,2.1680085019958567e-16,2.2242275304013917e-10,0.9999999997668283
Business,2210,3,1.7875060107915825e-09,3.818950766082306e-16,4.37250325592016e-11,0.9999999981687893
Business,2211,3,0.0004411805138358161,2.872644124355466e-13,6.869691623627878e-06,0.9995519497942602
Business,2212,0,0.7472944721707271,2.208732729852818e-15,7.517132944034902e-10,0.2527055270775461
Business,2213,0,0.9999966769978601,4.338738202520172e-25,1.6904572815230138e-13,3.3230019922948244e-06
Business,2214,0,0.9889713971067984,3.461614878093147e-23,6.580423605046373e-12,0.011028602886647015
Business,2215,3,0.03931246673695822,1.3181977939775586e-15,5.227971820584701e-12,0.9606875332578213
Business,2216,3,1.0719942854022304e-07,2.6328801696164114e-14,2.6823522040528554e-08,0.9999998659770403
Business,2217,3,7.689656653684426e-08,3.020997857560964e-23,1.6087669278823082e-11,0.999999923087333
Business,2218,3,3.793796252814519e-11,1.586396746395276e-23,8.51536449195448e-10,0.9999999991105142
Business,2219,3,0.007286635628117123,1.0555769271746223e-14,5.926860959525596e-13,0.9927133643713025
Business,2220,3,4.042294351147129e-08,1.6208031924767474e-17,1.2472454895240263e-07,0.9999998348524878
Business,2221,0,0.9999999999997726,4.5152107081661806e-42,1.3126418590636192e-24,2.1975139362858322e-13
Business,2222,3,5.430729821485969e-07,2.0054211364091676e-09,6.634874495716285e-05,0.999933106176648
Business,2223,0,0.9376942652160779,3.31985926919873e-15,8.394465099375196e-15,0.06230573478392304
Business,2224,3,2.0283899221217933e-05,1.8576904222423173e-15,1.55576532127195e-09,0.9999797145449997
Business,2225,3,2.141760003099329e-08,3.4722001371482634e-15,0.00011225585269515028,0.9998877227297089
Business,2226,3,0.0006805241062503406,2.2472033492082612e-10,4.5393129875910334e-07,0.9993190217377469
Business,2227,0,0.9999999582988162,9.660785354812743e-30,1.834952604788259e-17,4.170118876138686e-08
Business,2228,3,0.054520635055228334,6.942623128662987e-27,6.928264049741648e-13,0.9454793649440969
Business,2229,3,2.2709838613513853e-05,2.779122971518875e-20,2.2160942879756166e-11,0.9999772901392445
Business,2230,3,4.700748820420461e-05,1.2844397089337861e-20,2.8938918673695413e-09,0.9999529896178821
Business,2231,0,0.9723275968957683,7.931833624151484e-22,1.3984592008794764e-12,0.027672403102828157
Business,2232,0,0.997674201945567,4.427135487754263e-28,1.5837510559401154e-12,0.002325798052827397
Business,2233,3,0.410463861996131,6.075985070244788e-24,2.4590502740453377e-12,0.5895361380014333
Business,2234,3,1.6195514393926688e-07,5.2761515431292874e-15,9.459474555931244e-09,0.9999998285853882
Business,2235,3,3.9617792047180515e-07,5.3405865422357434e-24,2.2601363275756577e-10,0.9999996035960739
Business,2236,0,0.9793193346029433,9.127109375318915e-22,1.7638351020070657e-11,0.020680665379396987
Business,2237,0,0.999669629566356,3.2809204054216776e-31,9.965374159154648e-17,0.0003303704336242377
Business,2238,0,0.9913648682927716,3.6234821461159338e-16,3.483954086987776e-11,0.008635131672406062
Business,2239,3,0.0005372894192041054,3.479519691601151e-13,1.88768192686431e-05,0.9994438337612063
Business,2240,0,0.9999729000285834,9.323151573571095e-26,1.7483939502762025e-14,2.7099971421880872e-05
Business,2241,3,1.4478830529012915e-07,1.570695954492509e-15,5.89669399603696e-07,0.9999992655423139
Business,2242,0,0.8879460229230313,2.2516140151483397e-20,8.236368838827378e-11,0.11205397699459821
Business,2243,3,0.011946702705401322,4.315160363745754e-27,1.3780023708431276e-09,0.9880532959165856
Business,2244,0,0.9909690921353508,5.933752323204092e-26,1.4407049333076748e-13,0.009030907864493586
Business,2245,0,0.999991677441259,2.0982429924307963e-27,1.2663430065076828e-16,8.322558730499043e-06
Business,2246,3,7.590479385881109e-10,4.957328548882413e-13,3.3591900107000704e-07,0.9999996633214321
Business,2247,3,1.0831577829602746e-07,1.8705222010654267e-19,9.397414686812874e-10,0.9999998907444538
Business,2248,0,0.9998416536109186,2.834752979309856e-21,2.0463320096416693e-11,0.00015834636860245186
Business,2249,3,1.2329702799733437e-11,3.184838665136554e-16,1.1552193678547443e-09,0.9999999988324362
Business,2250,0,0.9999907422560955,5.221104464062646e-29,2.2058410125268037e-13,9.257743688382916e-06
Business,2251,3,9.757539246684716e-08,3.9482339273354825e-11,2.4590274491399992e-08,0.9999998777948423
Business,2252,0,0.9999880854737551,5.806538230849558e-28,8.267487484537629e-16,1.1914526258654148e-05
Business,2253,0,0.9994781893713827,1.6738340630626212e-24,3.953140180266464e-13,0.0005218106281941761
Business,2254,3,0.046687493495061724,1.4337573686243906e-17,5.209148796463219e-07,0.9533119855900366
Business,2255,3,0.0002870311099539491,5.224553075234114e-09,1.6392245570793288e-10,0.9997129635015872
Business,2256,3,0.01281449513469882,7.217076317835933e-19,1.0110513231535049e-07,0.9871854037601514
Business,2257,3,0.12946740198765752,1.9488600232515595e-21,2.910816794560166e-12,0.870532598009442
Business,2258,0,0.9998096559775914,3.1148840487081334e-23,3.3580993443326957e-12,0.00019034401903349584
Business,2259,0,0.9999999976432719,2.3162758903789752e-35,4.1756913375721915e-19,2.3567239851855424e-09
Business,2260,3,2.927418068817583e-10,7.857391158634205e-18,6.492089530217209e-10,0.9999999990580477
Business,2261,3,6.423871360539435e-07,8.035668352925683e-10,4.9966675407919256e-11,0.99999935675934
Business,2262,3,0.003263418748788112,1.3569260069702054e-19,5.613550646742391e-10,0.9967365806898285
Business,2263,3,0.0035992462642206167,1.814140717325143e-20,5.893633543681767e-12,0.9964007537298883
Business,2264,0,0.9982404618040583,1.4558215450247934e-29,1.305426915914084e-15,0.0017595381959148652
Business,2265,3,0.010002685235964134,8.75954244002624e-19,1.1033736570717966e-09,0.9899973136606759
Business,2266,3,0.0024217090074460964,3.7560467972679577e-19,1.632358867699962e-08,0.9975782746689578
Business,2267,3,0.00024334638166647498,4.496991377085999e-18,4.334982906186641e-12,0.9997566536139765
Business,2268,3,4.9140641877661696e-08,1.0617667889277472e-21,9.283306508745672e-11,0.9999999507665519
Business,2269,3,7.086584679677457e-09,1.2299577072816936e-11,1.1561931598512861e-07,0.9999998772817738
Business,2270,3,4.418976411347296e-05,1.3834475531068968e-20,1.2441410817802411e-05,0.999943368825082
Business,2271,0,0.9999801084765875,3.5381943450767636e-31,1.9435314709350854e-05,4.562087274411362e-07
Business,2272,0,1.0,1.2586502199827795e-46,5.24137927779497e-27,3.1206870410394855e-17
Business,2273,0,0.9999999999416218,2.589894323262177e-35,4.739144090748613e-20,5.838557648670226e-11
Business,2274,3,6.810293104304918e-10,3.001479111727785e-15,5.053666301570289e-08,0.9999999487823188
Business,2275,3,0.048506073497753786,1.4557096407036514e-17,4.039867117156213e-05,0.9514535278310984
Business,2276,3,1.2545929058251461e-10,2.5755252146325526e-11,0.013973185296741245,0.9860268145520426
Business,2277,0,0.9999998414285881,6.67574988617288e-31,7.136901747723015e-17,1.5857141511394067e-07
Business,2278,3,3.736564283536102e-09,1.190455550968148e-13,6.873871599337501e-09,0.999999989389437
Business,2279,3,3.6788961869948417e-10,6.457838215413021e-19,1.7897903501551023e-06,0.9999982098417598
Business,2280,0,0.9999918176482601,2.577681131122015e-30,1.9341722067890494e-19,8.18235174051318e-06
Business,2281,3,0.004517933865876441,7.908867849745747e-23,2.2362389904390613e-10,0.9954820659105018
Business,2282,3,0.2478433707956244,1.3582471188507824e-24,4.1574530609245134e-10,0.7521566287886265
Business,2283,0,0.9943253523971907,1.6889777970427033e-28,8.072814220580881e-16,0.005674647602787503
Business,2284,0,0.991302742248275,7.547962832983606e-24,4.110667229602573e-10,0.0086972573406778
Business,2285,0,1.0,2.9715583270017356e-40,1.464290058361371e-22,3.2739161272394405e-15
Business,2286,3,0.007020918293988987,3.160440814606873e-19,1.0577876183464604e-10,0.992979081600245
Business,2287,0,0.9999979357953339,8.368307139124364e-26,2.120842577411027e-14,2.0642046538984325e-06
Business,2288,3,0.1938213900511519,1.5028009966146878e-23,1.1000500930569164e-08,0.8061785989483462
Business,2289,0,0.9999999999995453,1.6886051077108815e-33,3.837298117924785e-23,4.2948360198089497e-13
Business,2290,0,0.886321344793342,8.39095061348733e-20,9.833434130339143e-15,0.11367865520665839
Business,2291,0,0.999999998787473,1.7100289384012272e-37,1.7905344022503893e-16,1.2125299972708623e-09
Business,2292,0,0.9450516196372932,5.375944334358778e-27,2.4601096630377873e-12,0.054948380360220865
Business,2293,3,0.00023488744018533025,3.9091454714718664e-16,3.887791261524415e-06,0.9997612247685692
Business,2294,3,4.5406367289398606e-07,5.895339298088969e-09,1.0787120437477822e-10,0.9999995399331204
Business,2295,0,0.9999999954387135,6.02775448321219e-38,3.8970569818033295e-21,4.5613027215724245e-09
Business,2296,3,0.13707028262714616,2.811773492229122e-23,1.7977950360847684e-09,0.8629297155750647
Business,2297,3,2.341349612766805e-12,1.6350160898396718e-13,1.8680832290580206e-12,0.9999999999956231
Business,2298,3,0.008351338385489246,2.3479027682608502e-18,1.6822646919331965e-10,0.9916486614462853
Business,2299,3,6.954461621586934e-05,8.085699822514204e-09,1.1871937841610066e-05,0.9999185753602555
Business,2300,0,0.9999305593452598,1.9787821911587154e-26,1.7314472204806658e-15,6.944065474774403e-05
Business,2301,3,0.06908220822790107,2.057998012407209e-17,2.8523827214093492e-08,0.9309177632482576
Business,2302,3,0.11757902994347165,1.4727638099475965e-18,2.590755103532419e-11,0.8824209700306377
Business,2303,3,6.246815513513481e-08,2.8411579335534753e-12,1.5425610670376654e-05,0.9999845119183439
Business,2304,3,0.00012131127731241482,1.1463542188237125e-21,3.468805726456314e-11,0.9998786886879768
Business,2305,0,0.9999999997986606,1.3940688280325113e-33,1.7741474266060904e-18,2.0134660258482217e-10
Business,2306,3,3.95252663044384e-07,1.597223292220328e-07,8.868925223672036e-09,0.9999994361560764
Business,2307,3,4.3979189801269905e-08,5.528518992655314e-17,1.738167333683626e-09,0.9999999542826582
Business,2308,3,0.0032460820343053623,4.426282827206989e-22,5.527707855155941e-11,0.9967539179103988
Business,2309,0,0.9999435906389841,3.3995126433911955e-28,1.4849628151165748e-15,5.6409360999386656e-05
Business,2310,0,0.987825830521043,8.291403329595853e-18,3.086977102855976e-13,0.012174169478637028
Business,2311,3,0.0007853353395800617,2.4105399278628945e-21,2.0863570333275895e-06,0.9992125783033999
Business,2312,3,6.42876635954652e-05,1.8532117211834567e-13,1.178539947700918e-08,0.9999357005508099
Business,2313,3,0.06838086468508364,2.544646066027089e-20,6.737310895396003e-10,0.9316191346411923
Business,2314,3,0.00029542347492330853,6.581941630882283e-12,1.3345512981249967e-08,0.9997045631729929
Business,2315,3,1.5019643777441826e-11,4.3325220739408175e-16,3.942101368116294e-10,0.9999999995907842
Business,2316,3,2.311216865263232e-06,2.685334333832059e-20,2.2018038529170454e-09,0.9999976865813139
Business,2317,0,0.9999999990756692,1.065006109231276e-29,4.999639820665722e-18,9.243352590915292e-10
Business,2318,3,3.1139958426511165e-06,3.400549688227671e-20,8.640077953898891e-11,0.9999968859177841
Business,2319,3,5.52840655066928e-06,2.31136293394034e-21,2.988017221381011e-11,0.999994471563573
Business,2320,3,0.0008708506950407119,1.1191313430807804e-22,1.545978156291735e-10,0.9991291491503476
Business,2321,3,0.003501960169125174,7.205451433374658e-23,1.016214110246765e-10,0.9964980397292635
Business,2322,3,0.00037907106034552955,3.851937385589811e-16,9.135232174564525e-13,0.9996209289387223
Business,2323,3,0.006309278929545759,1.4999174703743605e-13,2.1556807843961833e-06,0.9936885653895376
Business,2324,3,0.005284957345941642,2.8522709823074287e-15,3.8709026839236215e-08,0.9947150039450185
Business,2325,3,0.0015965961666097555,6.045492616325775e-22,6.961797752324678e-10,0.9984034031372224
Business,2326,0,0.9999567308870304,5.627547353375743e-23,6.915558109230496e-16,4.326911296758079e-05
Business,2327,3,0.02091479136004301,9.276518807560137e-25,1.0725881782337079e-09,0.9790852075673729
Business,2328,0,0.9999999999985789,9.28974726443757e-40,1.784952651311846e-25,1.4308491084764172e-12
Business,2329,3,3.922747543959763e-07,9.760968349929634e-08,5.397242714420738e-12,0.9999995101101781
Business,2330,3,3.846847929516546e-07,6.490432128283798e-19,1.6737883663193584e-12,0.9999996153135442
Business,2331,3,0.292894073282462,1.1058385096247657e-21,1.6191166734971004e-10,0.7071059265556425
Business,2332,3,0.04369257562271057,1.9414060333412355e-20,8.763090026921733e-10,0.9563074235009937
Business,2333,0,0.9770953044157027,2.32331150383964e-19,3.3417130715702893e-09,0.022904692242580706
Business,2334,0,0.9986393721415645,4.59351469301413e-24,1.4012801217422844e-12,0.001360627857013885
Business,2335,0,0.9477496410494586,1.980934817233071e-21,1.240264105473302e-09,0.05225035771025128
Business,2336,3,1.8903727021931922e-10,4.4129244385003547e-16,1.7016819737876066e-11,0.9999999997939426
Business,2337,3,1.8209587692771422e-08,5.833806577733365e-25,6.50006880759605e-10,0.9999999811404339
Business,2338,3,0.002051067726924221,9.079946826162068e-13,2.9085961343368812e-06,0.9979460236760165
Business,2339,3,7.726380717506808e-10,4.867578070730704e-22,1.3203711832989969e-12,0.99999999922602
Business,2340,3,0.00367094862125138,8.697533579187636e-23,1.1094378048153138e-08,0.9963290402843649
Business,2341,3,0.0029021026755465095,5.1776564002578914e-20,1.84964391574982e-13,0.9970978973242807
Business,2342,0,0.9999180666353066,1.7469751623095006e-22,2.2170310140511094e-13,8.193336446820626e-05
Business,2343,3,3.795818093759695e-07,4.233684878958678e-22,7.331797102716916e-08,0.9999995471002197
Business,2344,0,0.5014387173117594,6.664404124744597e-23,1.2918702304578005e-07,0.49856115350119207
Business,2345,3,0.0023557407878185147,6.929967411718888e-28,4.3058304076271917e-13,0.9976442592117708
Business,2346,0,0.9999999991389359,4.122023616747101e-34,2.397409095603321e-18,8.610662853236479e-10
Business,2347,3,8.304457141713093e-06,6.324175366242682e-21,2.8331913009578477e-09,0.9999916927096724
Business,2348,3,3.5860624528947185e-05,7.82457718366467e-19,1.1315820391745312e-09,0.9999641382438894
Business,2349,0,0.9999706661280342,6.557801957611549e-28,3.429801652188253e-08,2.9299573933852584e-05
Business,2350,3,2.4529463189774423e-05,1.812493487166932e-16,1.5457878029377598e-06,0.9999739247490272
Business,2351,3,5.652159368185046e-06,3.0745111624239274e-17,1.0655254975746578e-10,0.9999943477340605
Business,2352,3,0.005855805059566349,2.617246362929515e-21,2.2252185510314765e-12,0.9941441949382315
Business,2353,3,2.818131677666798e-09,5.82552484068602e-18,1.7925982101256608e-09,0.9999999953892598
Business,2354,0,0.9999679872110842,1.713954490632758e-26,1.7080314591273313e-10,3.201261812229578e-05
Business,2355,3,0.00017097737150800117,1.183511300539515e-15,1.6079096889220888e-08,0.999829006549372
Business,2356,0,0.999999349748391,2.093599034950933e-29,8.514857986059151e-16,6.502515877943118e-07
Business,2357,0,0.9734839030852065,4.18441615481123e-27,2.4224288037226435e-14,0.026516096914776136
Business,2358,3,1.0569515892437389e-11,9.143196930205358e-14,3.1815505687006213e-10,0.9999999996711608
Business,2359,0,0.9408323672902915,1.8092998168935007e-27,7.675566685738167e-12,0.059167632702043525
Business,2360,3,0.0012659342331941194,5.951537482958219e-14,6.821558687585895e-10,0.9987340650845645
Business,2361,3,0.00024353478154326113,5.460557849886748e-26,8.839778897945362e-11,0.9997564651300334
Business,2362,3,1.5939344591149126e-12,4.194355958787703e-15,9.811086000685505e-09,0.9999999901872911
Business,2363,0,0.964800191650917,1.7319999103527047e-20,6.970797436073457e-10,0.035199807651998136
Business,2364,3,0.0014524528071024779,1.3816339342457886e-23,3.61992318191892e-11,0.9985475471567082
Business,2365,3,0.004822066889394732,5.796409108195836e-22,6.419569122440605e-13,0.995177933109946
Business,2366,0,0.9997776307553983,9.164200183073954e-30,6.77862733460983e-08,0.00022230145833433996
Business,2367,3,9.014919587705875e-07,3.6723040941505646e-08,6.548164058495493e-08,0.9999989963033534
Business,2368,3,3.1071239521359192e-09,1.8481889895167632e-16,2.727327716428558e-10,0.9999999966201472
Business,2369,3,5.687612090430461e-09,2.7099262656654996e-14,3.027537013255116e-08,0.9999999640369885
Business,2370,3,0.02732780955663973,2.3173083385609107e-19,2.091915684648946e-09,0.9726721883514664
Business,2371,3,8.558725685957708e-06,1.9750566399192376e-15,2.3705848395294913e-07,0.9999912042158327
Business,2372,3,0.0949364237402786,2.9993164196036685e-25,2.662570663994556e-07,0.9050633100026314
Business,2373,3,4.5274842622866367e-13,1.1728359089104359e-15,8.914279752155001e-12,0.9999999999906208
Business,2374,3,0.4477223324749322,2.052891496408852e-20,3.5456369428784994e-09,0.5522776639794063
Business,2375,0,0.9999999434882072,7.985447236526603e-32,1.2759873252241362e-08,4.375189533373437e-08
Business,2376,3,1.1902881141998438e-09,2.220771800602903e-21,3.66289954085446e-12,0.9999999988060608
Business,2377,3,0.00010974454260823344,1.1236542051020463e-17,8.52860115477356e-10,0.9998902546045287
Business,2378,0,0.992267098092514,1.6846465595167635e-21,1.4882907139621368e-12,0.0077329019060180465
Business,2379,3,3.070221592906458e-06,1.5697049547245086e-18,1.5240990319655207e-09,0.9999969282542904
Business,2380,0,0.9907447796609653,2.3056975144506395e-31,4.006227233768504e-15,0.009255220339009107
Business,2381,3,6.2266470108449194e-09,1.2568713829270172e-17,6.2526688923570796e-09,0.9999999875207096
Business,2382,3,0.00011541297680008427,5.1714993514566116e-24,2.08090806230664e-12,0.9998845870211053
Business,2383,3,0.00683613955440313,2.2041370314836644e-23,2.7277316163890752e-08,0.9931638331682777
Business,2384,3,0.0006463740060175146,4.2208760555157026e-24,3.333879004132405e-13,0.9993536259936711
Business,2385,3,8.4999885234377e-08,5.417768365744323e-13,2.2684378080113016e-08,0.9999998923152078
Business,2386,0,0.9999961956314285,8.485599330980726e-29,1.7809079919101935e-15,3.804368543575381e-06
Business,2387,3,6.046350915643112e-09,2.916647688385882e-10,4.723565716352658e-09,0.9999999889384413
Business,2388,0,0.9995817854506716,1.1677524214138024e-23,2.104997019961128e-11,0.000418214528288252
Business,2389,0,1.0,1.3084231610463903e-50,6.543402404530782e-30,6.067888609952693e-19
Business,2390,3,1.1661344272843781e-05,6.482786682473249e-14,1.347330758636571e-10,0.9999883385209041
Business,2391,0,0.9999873726503977,4.92288450916422e-27,3.603582121803843e-16,1.2627349583818381e-05
Business,2392,3,5.033577308727569e-05,5.947501361003482e-16,8.841677806760952e-11,0.9999496641384781
Business,2393,3,2.6282381270691753e-07,1.3273167162749338e-24,7.482703139259866e-10,0.9999997364279017
Business,2394,0,0.9999999606868649,3.322842395315096e-24,5.182389016713384e-18,3.931311622382171e-08
Business,2395,3,9.608579976838054e-11,0.0002167081091110612,3.009110446993679e-09,0.9997832887857049
Business,2396,3,2.11419886236996e-06,6.825611747776746e-25,1.2637879816261859e-12,0.9999978857998892
Business,2397,3,0.027263487521231335,6.71550790662782e-24,1.5003089749953028e-10,0.9727365123287652
Business,2398,3,0.00039559152435477443,1.245996627473776e-15,2.8881031895194018e-09,0.9996044055875578
Business,2399,0,0.9999999389045816,9.816630254284805e-31,1.3831596564392112e-14,6.109541367371936e-08
Business,2400,3,4.808358672464792e-13,2.0880692162793306e-14,1.1653832834318527e-09,0.9999999988341415
Business,2401,0,0.9429987755188114,6.751288110568193e-25,0.00011430710479803448,0.05688691737638069
Business,2402,3,1.5961220315260066e-09,1.6084501182545768e-18,9.322389648493747e-11,0.9999999983106704
Business,2403,3,3.036831094473213e-05,3.544191938541225e-22,2.830218511276035e-11,0.9999696316607605
Business,2404,0,0.9993753925453882,2.843067493819388e-26,3.7068190380694144e-11,0.0006246074175290591
Business,2405,3,2.686553482530987e-05,1.6229189888191553e-17,1.8191258428445024e-08,0.9999731162739269
Business,2406,3,0.0005462688997052109,7.506103254863726e-13,1.52435583026176e-06,0.9994522067437124
Business,2407,0,0.999202554041204,1.2622381128370394e-30,2.3767783443794045e-15,0.0007974459587829741
Business,2408,0,0.6198834864431321,3.2478369418472414e-15,3.091692739342841e-13,0.38011651355654996
Business,2409,3,0.2824988034079747,3.140800717042698e-23,2.2348312868886197e-09,0.7175011943571808
Business,2410,3,3.3499411865137246e-06,4.812686970820342e-18,8.582101912715118e-12,0.9999966500502473
Business,2411,0,0.9999999875384448,1.6433639362153584e-28,9.643598957543521e-20,1.2461580648936448e-08
Business,2412,3,8.34239760755574e-06,8.67177347333138e-19,4.614878985569571e-08,0.9999916114535929
Business,2413,0,0.9221444158279504,3.4660631539280975e-13,0.0001261927839662025,0.07772939138773849
Business,2414,3,0.36527252932601795,5.295011383957923e-23,5.0892397665093686e-14,0.6347274706739157
Business,2415,0,0.9769676662360226,1.1575375844063624e-20,2.0316453251445488e-14,0.023032333763960595
Business,2416,0,0.9541351905278002,2.321556758037074e-19,3.5817582499801474e-14,0.045864809472178844
Business,2417,0,0.9971836874908978,4.1507263478821984e-22,9.497900188321e-16,0.0028163125090939767
Business,2418,3,0.06678497087317718,1.4688285980244395e-13,4.45559211719108e-11,0.933215029082146
Business,2419,0,0.9531985498497532,5.514527192030853e-21,3.1003659927456705e-10,0.046801449840185395
Business,2420,3,1.2536397858128497e-09,1.7504573754766682e-07,1.7174652222515825e-10,0.9999998235288827
Business,2421,3,7.520272334439531e-10,1.5825927811524872e-19,3.198132872046186e-06,0.9999968011151174
Business,2422,0,0.9999999999964757,1.1767580539431675e-42,1.8015615056876544e-25,3.5234011036268735e-12
Business,2423,3,0.00044059955423025345,1.8707186107563439e-19,6.651761821282068e-12,0.9995594004390934
Business,2424,3,0.006358418940920176,4.9520270987037237e-20,4.343264132584543e-12,0.9936415810547091
Business,2425,3,6.862394910450662e-11,3.5419595091013725e-08,3.696919053736051e-13,0.9999999645114037
Business,2426,0,0.9999980568097848,1.0231837321134084e-32,2.31576927955395e-15,1.9431902269811066e-06
Business,2427,3,0.024500867128618955,6.556500642452206e-26,7.052355170570689e-12,0.9754991328643275
Business,2428,3,8.451808826481101e-05,2.1195657514901092e-23,1.6187897697010956e-13,0.9999154819115993
Business,2429,3,2.032230762816802e-05,3.158911920727566e-12,6.203133980395906e-13,0.9999796776885889
Business,2430,0,0.8871876934663129,1.7589207286718559e-28,1.3052067136068341e-15,0.11281230653369602
Business,2431,3,3.974389435541538e-11,1.2140185322884117e-15,9.057021080133473e-10,0.9999999990545803
Business,2432,0,0.9904971840280475,1.2512560108009844e-28,4.9491865301064624e-12,0.009502815966984999
Business,2433,3,0.1639271471678761,3.1019310422586948e-09,1.7464686415497624e-11,0.8360728497127157
Business,2434,3,0.463948890075994,1.2372348401716323e-18,4.584021897618646e-07,0.5360506515218211
Business,2435,0,0.9993236587681982,2.0042453191857885e-28,9.375645769712074e-16,0.0006763412317727919
Business,2436,0,0.9603918909191212,4.550056806535289e-26,9.347833790690234e-12,0.03960810907151841
Business,2437,0,0.9999980367612069,1.6807388521013501e-28,3.1693528459147734e-15,1.9632387942490417e-06
Business,2438,0,0.9999999998897806,1.2623163726689986e-33,8.468508637494094e-19,1.1023068917091864e-10
Business,2439,0,0.9998861745063986,2.1363892035122593e-23,2.6627798575682556e-06,0.0001111627137666637
Business,2440,0,0.9999999439185119,1.2924189237493378e-27,4.120675881092561e-16,5.60814909256215e-08
Business,2441,3,3.3952807667558724e-05,1.1282163578758587e-18,4.369214707248522e-09,0.9999660428231275
Business,2442,0,0.9992649829247856,3.378351772175183e-28,2.7473143820908175e-13,0.0007350170749552606
Business,2443,0,0.9999999736226645,2.1103378422375223e-23,3.4515003315634e-13,2.63770082627256e-08
Business,2444,0,0.9929086417124877,2.9664741217320334e-28,1.0801032572999204e-15,0.007091358287498239
Business,2445,3,0.10690450987805447,1.819028357715446e-21,3.392046563592786e-10,0.8930954897827502
Business,2446,3,0.000294522345673033,1.462852717532218e-13,5.784293545456547e-07,0.9997048992247988
Business,2447,0,1.0,2.9597760396477337e-44,2.185278307263129e-26,1.2667309384972432e-18
Business,2448,3,0.0002245801261236948,3.492718499294692e-25,4.666661057226452e-12,0.9997754198692093
Business,2449,0,0.999999997190173,2.6044079970519566e-32,8.238278904109415e-18,2.8098091780173365e-09
Business,2450,0,0.8604458768983501,2.8594098148750874e-23,1.8527355699738986e-09,0.13955412124888802
Business,2451,0,0.9997958949618427,5.782531977680453e-21,2.506794902927106e-07,0.00020385435865323767
Business,2452,0,1.0,6.090802003455378e-49,5.0847887071912075e-25,2.3151735717398584e-17
Business,2453,0,0.9622321183323878,7.454929677939153e-13,2.2082379577435065e-10,0.0377678814460502
Business,2454,3,0.0009737073801311419,3.570605772460927e-16,1.691034532635265e-09,0.9990262909288186
Business,2455,0,0.9884958674569325,1.0697500776287181e-18,6.095802739670995e-13,0.011504132542453697
Business,2456,3,6.494286200114785e-05,6.668709780078807e-26,8.417229622980207e-11,0.9999350570538403
Business,2457,3,0.3913219635957641,3.6097409885443554e-18,5.734574881280833e-11,0.6086780363468661
Business,2458,0,0.7749064841300394,9.518586562134897e-19,8.644092546408318e-08,0.22509342942904495
Business,2459,3,1.3020829974789299e-05,4.275795517389023e-09,3.8166605169520523e-07,0.9999865932281885
Business,2460,0,0.9345872988599637,1.1039946456115663e-26,1.2927940767833674e-13,0.06541270113992348
Business,2461,0,0.7378588662128548,8.101109432835095e-24,8.337834781627908e-08,0.2621410504087838
Business,2462,0,0.9936287148352309,2.5786801395876808e-23,4.795463270836992e-11,0.006371285116793005
Business,2463,3,0.0017618265787241792,7.638857091715456e-29,1.9147372827545782e-14,0.998238173421254
Business,2464,3,1.7536317369079316e-06,1.2146383234272216e-13,5.886491339377015e-07,0.9999976577190215
Business,2465,3,0.0004406820596937045,3.4570173588181568e-22,6.8901516792871845e-12,0.9995593179334206
Business,2466,3,0.005524226085115196,3.792705949653488e-14,3.449011480131979e-11,0.9944757738803736
Business,2467,3,0.25114461113197306,2.8427494428773616e-18,2.502628316647485e-10,0.7488553886177659
Business,2468,0,0.9977514317400707,1.1391052199748898e-26,1.9893981800419903e-12,0.0022485682579332085
Business,2469,3,0.02839705651290011,5.288181792225022e-19,9.198518559779096e-09,0.9716029342886067
Business,2470,0,0.9999974146792165,8.082038836259008e-31,1.9350953254893893e-17,2.585320795440609e-06
Business,2471,3,1.5981025146342677e-07,1.3958352442130738e-13,3.776206946833755e-11,0.9999998401518283
Business,2472,0,0.7561169564535299,2.6094223407443906e-30,9.0007942924489e-12,0.24388304353746568
Business,2473,3,9.00641649510949e-07,2.0934220256390306e-19,1.9854782361723358e-10,0.9999990991598303
Business,2474,0,0.9999293393475072,4.310669016471047e-28,9.389947386514924e-15,7.066065246044444e-05
Business,2475,3,0.014973793513401312,4.23482094893915e-19,1.8945919404563804e-08,0.9850261875407023
Business,2476,0,0.9999999999990905,4.384760360894755e-42,1.7624885592727555e-24,9.21533020210635e-13
Business,2477,0,0.9999793182997467,1.1516225782435754e-23,8.112117329947413e-15,2.0681700244281787e-05
Business,2478,3,0.07878475436602184,5.217374406655171e-20,1.0298350422511246e-11,0.9212152456236683
Business,2479,0,0.9997319805899579,9.500700167054666e-31,1.5033188510068264e-16,0.00026801941002918984
Business,2480,3,0.000481001664086229,2.428009952727496e-24,7.470222134011631e-12,0.9995189983284175
Business,2481,0,0.6247042578836528,2.9559691704410054e-25,8.424108779252284e-11,0.3752957420320852
Business,2482,0,0.9737399712488064,1.2606527858128608e-28,5.6823687791676395e-12,0.026260028745538205
Business,2483,3,1.6692144062864075e-11,3.0321781093551606e-14,2.326099309698855e-06,0.9999976738839447
Business,2484,3,0.004852477854109267,2.4153282941774873e-26,8.950321834539318e-06,0.9951385718240798
Business,2485,0,0.9936927702876088,1.5710138067511664e-28,4.94689195533074e-12,0.006307229707455697
Business,2486,3,0.11367820578309011,1.9510662296927005e-24,3.142062019237568e-10,0.8863217939027254
Business,2487,3,4.432896695089288e-05,9.007171357911038e-20,2.472449835460922e-10,0.9999556707857966
Business,2488,3,0.16746121846479456,3.146283112316982e-17,1.8300344840850913e-09,0.8325387797051628
Business,2489,3,4.6859615286232535e-06,3.954109591539101e-21,1.1186118482983708e-10,0.9999953139266129
Business,2490,3,8.667718113750949e-10,1.3319228238102784e-14,3.9146541652089164e-10,0.9999999987417709
Business,2491,3,7.446734922608795e-06,4.7982876986378345e-23,4.1048672405866915e-13,0.9999925532646773
Business,2492,0,0.9988684299910976,4.6253039193892765e-27,1.4265819202683972e-13,0.0011315700087734055
Business,2493,0,0.999999999994543,4.2569261832635404e-38,8.746609773114166e-22,5.428893451583767e-12
Business,2494,0,0.9999999999436682,1.0012314297386809e-32,6.764842678699741e-19,5.6348867456491773e-11
Business,2495,0,0.9772667758413409,5.730964792688262e-21,1.591481059965362e-11,0.022733224142756837
Business,2496,3,0.0057291617343983945,5.421265074478127e-12,5.306439141466274e-07,0.9942703076162441
Business,2497,0,1.0,8.373114702839181e-45,8.906694616630666e-25,3.297123360032286e-15
Business,2498,3,6.075353154372956e-08,3.852026574940164e-12,9.834338405188028e-12,0.9999999392327955
Business,2499,3,0.00021664960346122586,7.535136995075915e-17,8.487550465161663e-10,0.9997833495477574
Business,2500,0,0.906284720336059,4.272536570756807e-22,9.799367695257703e-13,0.09371527966297247
Business,2501,0,0.9999999998855174,9.143166105009343e-36,3.790717066229637e-19,1.1448299137026976e-10
Business,2502,3,0.00013034489835397347,7.46527719093826e-11,2.0949578554936192e-09,0.9998696529320203
Business,2503,0,1.0,1.492432509038103e-40,5.772073958802821e-20,4.9962502672531735e-15
Business,2504,0,0.9982122684342902,1.2908118990991537e-26,4.471006817597561e-13,0.0017877315652587277
Business,2505,0,0.9999999999967031,1.7372083685780613e-32,6.041148453560662e-21,3.2943614769371053e-12
Business,2506,3,0.23160229728921874,1.3889554788104767e-22,6.580109028045622e-11,0.7683977026449662
Business,2507,0,0.9863602046485301,1.4254137382548097e-24,1.8951797679890554e-10,0.013639795161977095
Business,2508,0,0.9999996014064663,5.724977892969562e-34,2.6618665067560192e-18,3.985935601192601e-07
Business,2509,0,0.999999999999261,2.51200266923025e-36,5.726972244139652e-23,7.348836715459433e-13
Business,2510,0,0.9999999999579927,1.4148264224129925e-34,9.252036794023831e-21,4.202738422777851e-11
Business,2511,3,2.8764872242276004e-05,7.00654868108774e-14,2.0490352291038065e-08,0.9999712146373302
Business,2512,3,2.9788305471763696e-10,1.1110574230691956e-19,8.406495094629446e-11,0.9999999996180691
Business,2513,0,0.8225876393030744,6.669805896532494e-15,7.103805087552574e-12,0.17741236068983593
Business,2514,3,0.02400724668406759,3.498080579688497e-18,1.3806803127452168e-09,0.9759927519352367
Business,2515,0,0.9505596052078052,1.0853973081893372e-19,4.17972717081313e-11,0.04944039475039621
Business,2516,3,5.762575662695812e-08,2.600380732860034e-20,1.2236379131406781e-09,0.9999999411505787
Business,2517,3,3.664441412951206e-05,4.46767200605761e-19,8.00197840117833e-10,0.9999633547856952
Business,2518,3,0.13597940346356766,3.442045699021056e-21,3.7300486892824135e-10,0.8640205961634249
Business,2519,3,0.032694088216101334,1.0552262637250056e-14,2.8614272581402366e-12,0.9673059117810363
Business,2520,0,0.9999999592633352,2.2144855533272513e-28,1.6138192276441675e-13,4.073648141561882e-08
Business,2521,3,0.008082049226228807,3.126742101315718e-19,0.0013081656937936564,0.99060978507999
Business,2522,3,0.0009313927768558574,2.507056378233696e-17,3.886602682335582e-11,0.9990686071842981
Business,2523,3,1.0289838139178862e-07,2.836853510082438e-08,9.243485046374551e-08,0.999999776298207
Business,2524,0,0.9899455869117865,1.28602718965763e-18,1.0729626355569827e-08,0.010054402358565803
Business,2525,0,0.8791666122950025,9.450731390046166e-18,2.082348054079127e-10,0.12083338749678739
Business,2526,3,2.044234008641045e-07,7.108485611257662e-27,2.0001244003158243e-09,0.9999997935764995
Business,2527,0,0.6126787428909876,4.798308520771835e-21,3.962646607836541e-12,0.38732125710502496
Business,2528,3,1.37091999013444e-09,7.907303652654672e-15,1.8249162970541966e-06,0.9999981737127733
Business,2529,0,0.9914194890132194,9.768412886677929e-16,3.6355472570034255e-07,0.008580147432044502
Business,2530,0,0.9999927486964858,6.082905992793932e-22,1.893169357273246e-17,7.251303513947192e-06
Business,2531,3,7.493729166202396e-10,1.336307095067831e-14,4.499842286862699e-08,0.9999999542521901
Business,2532,3,1.6443650536059093e-08,5.684727096197119e-25,7.733959879045789e-11,0.9999999834790289
Business,2533,3,0.033749541802984374,1.4096394498475886e-18,1.369996763466843e-11,0.9662504581833279
Business,2534,3,0.0010529120682502197,6.888190365022428e-27,4.387170826425888e-12,0.9989470879273649
Business,2535,0,0.9999999813078946,2.7559105307971324e-31,1.3706811609973645e-12,1.8690760021406837e-08
Business,2536,3,1.578745035561225e-06,2.748154828490851e-25,5.910389391999184e-13,0.9999984212543566
Business,2537,0,0.9999999942486966,1.0843466195597816e-31,2.1821075798906513e-16,5.751279533491544e-09
Business,2538,3,1.286109355718009e-06,5.4224792442003164e-21,6.582342131940359e-08,0.9999986480672235
Business,2539,3,0.00025090495213429446,6.881822779633152e-18,2.470390180123521e-08,0.9997490703439528
Business,2540,0,1.0,9.246191036614168e-50,1.008473394941798e-30,9.260190258605504e-19
Business,2541,3,0.00015554306352857719,5.97456870821977e-17,2.3579808672894565e-08,0.9998444333566656
Business,2542,3,7.064989702111695e-05,2.815380267234662e-19,3.1558049349616544e-08,0.9999293185449114
Business,2543,0,0.999999042681967,5.580651509183697e-26,9.439405645337789e-13,9.573170673741655e-07
Business,2544,3,0.002066658549424331,1.844603415677959e-17,1.3933822460944725e-12,0.997933341449208
Business,2545,0,0.5727616407017044,4.2470189615726145e-18,1.5155608454883023e-10,0.42723835914676606
Business,2546,0,0.9943970471125686,1.0940988305897086e-20,1.3734160206992413e-09,0.005602951514034649
Business,2547,3,3.127169975333273e-07,2.571346008582799e-19,5.346334874703226e-08,0.9999996338196513
Business,2548,0,0.9997051449488649,3.484118135688034e-29,3.23324600696201e-17,0.000294855051124578
Business,2549,3,0.0023448081150313684,4.164690227226825e-24,3.4698495992079907e-12,0.9976551918815011
Business,2550,0,0.99993092981699,1.0940561742405729e-24,1.0081459300365043e-10,6.907008220885707e-05
Business,2551,0,0.999999987525655,5.1296040295414415e-33,8.067737492412654e-18,1.2474371681597565e-08
Business,2552,3,0.006304819196714944,1.0627600057440966e-22,6.114780605918373e-11,0.9936951807421652
Business,2553,3,6.725623635761997e-08,3.2010829058879055e-10,7.616156346519013e-14,0.9999999324235797
Business,2554,3,1.0487245087663144e-09,1.3368370424539833e-13,3.179860411279452e-07,0.9999996809651119
Business,2555,3,0.0012671452961323206,2.81163972103941e-21,4.068692922047001e-09,0.9987328506351956
Business,2556,3,0.004991614251391605,6.112235876754562e-19,1.2539702654994883e-07,0.9950082603515938
Business,2557,3,0.000730846220513529,5.88754983257272e-23,3.0196150258649456e-09,0.9992691507598553
Business,2558,3,0.1906650996807683,3.424147875647135e-20,3.4731388559809226e-11,0.8093349002845264
Business,2559,3,0.001706355484990803,3.1837077925148846e-23,4.565144977452537e-12,0.9982936445104403
Business,2560,3,6.2335258297958e-08,3.8342034479163536e-19,4.933676620626077e-08,0.9999998883279835
Business,2561,3,6.642044156326616e-06,1.1265086305674327e-23,1.0958071196606034e-12,0.9999933579547392
Business,2562,3,4.0593866957844027e-07,2.2365389844813872e-23,3.995084903450052e-14,0.9999995940612763
Business,2563,3,0.0016486322623156823,7.306723961740179e-25,1.2600801968928355e-12,0.9983513677364303
Business,2564,3,2.8087208290680503e-07,2.6130628072874364e-22,4.4007446771505106e-11,0.9999997190838993
Business,2565,0,0.8234886423459166,2.413294979602662e-25,3.724221232631629e-11,0.17651135761683878
Business,2566,0,0.9990828751627755,2.7202175913760175e-30,1.925564884325823e-15,0.000917124837197879
Business,2567,0,0.9999999999999432,5.328345682637867e-41,1.382228735661019e-24,3.387435378215967e-14
Business,2568,3,2.0663723252002138e-09,1.1603064971347513e-18,1.4292396553204545e-08,0.9999999836412031
Business,2569,3,2.5183826920121075e-07,1.1911441149551848e-19,7.069272815243263e-10,0.9999997474547831
Business,2570,3,6.316193472635587e-12,5.293427933383472e-18,2.7861284741032738e-08,0.9999999721324005
Business,2571,0,0.9999979341035067,1.377329810171539e-25,1.009292314189863e-15,2.065896503837826e-06
Business,2572,3,0.0004029097318204175,1.4011388403037102e-20,1.1131534849119208e-12,0.9995970902670847
Business,2573,3,0.46220551869444787,3.3792607280913696e-16,3.6134475803943666e-05,0.5377583468297253
Business,2574,3,0.007991452634035263,3.068823690235533e-12,4.7065199686956573e-11,0.9920085473158259
Business,2575,3,0.17298601073394804,2.107202246302062e-25,0.0005327200116681209,0.8264812692544072
Business,2576,0,0.9999929968934335,8.144383792573492e-33,1.7993262178393675e-14,7.00310655819697e-06
Business,2577,0,0.9999812275810208,6.883205330528546e-26,7.801410246247545e-17,1.8772419000016062e-05
Business,2578,3,7.598013369296304e-06,1.2306168136394534e-15,9.147100070250947e-12,0.999992401977454
Business,2579,0,0.8290547091892246,2.0928199530125433e-28,3.6736099758691953e-14,0.17094529081074084
Business,2580,0,0.7712783105090809,1.1363706681267024e-18,2.2763258839625592e-10,0.22872168926326877
Business,2581,3,4.299677062360369e-05,1.8616388654651147e-21,1.304530092931564e-11,0.9999570032163098
Business,2582,3,0.0005887741335014669,1.4277930868758982e-20,1.4602121468664658e-06,0.9994097656543292
Business,2583,3,8.060507003460113e-05,2.099531000584744e-12,1.849426835297048e-09,0.9999193930784414
Business,2584,3,7.594983782765579e-06,6.996216117652717e-12,1.285743408987249e-12,0.9999924050079242
Business,2585,3,0.0002736515993112206,4.437223454736358e-19,2.3222128821440857e-11,0.9997263483774913
Business,2586,3,0.0005632893292896335,2.718548922432523e-13,7.054409759391632e-12,0.9994367106634042
Business,2587,0,0.9993026365673592,4.280127906789584e-25,5.867155485004462e-10,0.000697362845944316
Business,2588,3,7.827857545728074e-05,1.233323726535413e-24,8.97894036922758e-10,0.999921720526653
Business,2589,3,0.216422873492985,2.9894824862030396e-22,2.806886035584524e-11,0.7835771264789737
Business,2590,0,0.9999999999996589,2.3553887424766466e-43,2.8577316834445353e-25,3.2859594091218345e-13
Business,2591,3,1.92138965603859e-09,8.814334312547854e-16,2.628705934066594e-10,0.9999999978157348
Business,2592,3,0.004742626063010692,2.4551922578072837e-19,7.705045521443345e-06,0.9952496688914712
Business,2593,3,4.055862920184377e-15,2.5523034061615043e-13,4.27644925656851e-09,0.9999999957232717
Business,2594,3,0.0054687221366817055,2.53001068722359e-28,2.482308429991524e-13,0.9945312778630817
Business,2595,0,0.9999994020148588,2.2111817786119975e-32,5.222076777413963e-19,5.979851415171906e-07
Business,2596,0,0.732699909700874,5.633884209729826e-19,3.2386257795015293e-12,0.26730009029586105
Business,2597,0,0.9993047262826763,9.575405194517432e-30,4.568016867378149e-15,0.000695273717316203
Business,2598,0,0.999362153119421,8.48496769888962e-18,1.687287102503917e-09,0.00063784519330288
Business,2599,3,0.44219991056621505,7.76368228376398e-28,6.073651524666014e-14,0.5578000894337309
Business,2600,0,0.999999999998181,2.863787564990122e-35,1.1033270699822895e-21,1.7927559223691858e-12
Business,2601,0,0.980241027104421,2.236554933149151e-22,9.065222649026819e-14,0.019758972895468362
Business,2602,0,0.6382935229108141,3.8638081995465425e-17,1.5410268135610478e-10,0.36170647693507224
Business,2603,3,0.008804199089840595,1.9238936796614083e-23,9.113566517338452e-13,0.9911958009092423
Business,2604,0,0.9980279564988553,1.0932933895992561e-23,6.009797710445942e-10,0.0019720429001927322
Business,2605,3,0.0009177180131760539,2.6060015508419416e-17,2.2758770066835113e-10,0.9990822817592625
Business,2606,3,0.11261264952879023,4.135962265585493e-21,7.66498268657034e-12,0.8873873504635689
Business,2607,3,0.00038567880414856114,1.2578858405568383e-19,3.899950201426314e-11,0.9996143211568695
Business,2608,3,0.06523594674322218,1.4999328437392546e-18,1.5123072957621509e-12,0.9347640532552689
Business,2609,0,0.9999819069501262,1.0764096571460072e-31,2.5273756725949022e-14,1.8093049836816095e-05
Business,2610,3,5.18375984976193e-09,4.3660712358735625e-14,4.04145162688536e-11,0.9999999947758056
Business,2611,0,1.0,8.938904620805772e-49,5.22169134665109e-27,1.3650582999160708e-15
Business,2612,0,0.9584133883682114,1.2722533794975734e-18,5.063435148325459e-09,0.041586606568365755
Business,2613,0,0.5396786333016524,1.0856101981653221e-19,4.0644353142477566e-09,0.4603213626339022
Business,2614,0,0.9989580353182901,2.3449102193935548e-17,7.561317962179565e-12,0.001041964674173032
Business,2615,3,6.98461916387229e-10,2.4262968222131012e-08,6.188826366593911e-10,0.999999974419666
Business,2616,3,3.865264128972798e-06,1.251351703723575e-22,5.1025867629631595e-08,0.9999960837100109
Business,2617,0,0.9892249994461044,1.090224098346024e-26,1.4696868556009475e-11,0.010775000539202126
Business,2618,0,0.8647218067000538,6.14987711892849e-24,2.0259439612171542e-11,0.13527819327966698
Business,2619,0,0.9896332457021921,3.0044718167673792e-21,1.4056948452609791e-11,0.010366754283762322
Business,2620,3,3.468722669977453e-05,6.489594588902955e-22,1.306405155526172e-08,0.9999652997092716
Business,2621,0,1.0,1.573406529640552e-42,5.276722484694358e-23,7.587519292741912e-16
Business,2622,3,0.00013711969836191346,3.0117436203880622e-18,9.379764660187426e-08,0.9998627865039665
Business,2623,3,3.5853276619895716e-10,2.5110832832194666e-26,1.3056118888331965e-14,0.9999999996414317
Business,2624,3,0.03888963034153572,6.359785713219342e-20,4.798849822427201e-09,0.9611103648596271
Business,2625,3,0.015050466646430498,1.0722970211141299e-17,6.720467714184858e-07,0.9849488613068028
Business,2626,3,1.399663895774372e-10,1.0189986330698418e-09,1.2353343445470125e-07,0.999999875307602
Business,2627,3,0.050911055597884065,1.4452592421017286e-21,2.0281580540414003e-08,0.9490889241205348
Business,2628,3,1.0113943770629138e-07,1.1135971191938244e-12,1.1094193420727608e-11,0.999999898848335
Business,2629,3,5.91016711174842e-07,1.2739322081617852e-13,3.191540207749677e-11,0.9999994089512297
Business,2630,0,0.99761729784789,7.786954149437157e-24,4.938392467877817e-13,0.0023827021516056395
Business,2631,2,0.002311395261734264,1.7038088544583594e-25,0.9771826294020873,0.020505975336189215
Business,2632,3,0.011599704945489665,4.630712842968673e-18,4.922644071002766e-13,0.9884002950539998
Business,2633,3,1.0210289067312155e-06,5.459539567049634e-19,5.000253141527487e-12,0.9999989789660714
Business,2634,3,0.004972822271586732,8.992701048596258e-16,3.7503583250251456e-08,0.9950271402248414
Business,2635,3,0.09208958919963656,1.3088608264522315e-19,1.2588222448952861e-09,0.9079104095415376
Business,2636,3,8.978355511479007e-07,1.1789212452065498e-15,1.118423289957717e-08,0.9999990909802402
Business,2637,0,0.9878329007223713,1.2904860212762747e-14,5.538838794889487e-14,0.012167099277586075
Business,2638,0,0.9996992989774145,1.531961113184322e-25,2.8396140419042315e-14,0.00030070102253991634
Business,2639,0,0.9999999999983515,1.4109457667448707e-44,5.949894147345971e-28,1.6563274503392852e-12
Business,2640,3,0.11262977839127858,2.170702830538296e-13,9.346501115894231e-08,0.8873701281434909
Business,2641,3,0.0028550993873892273,2.8870555891526915e-18,1.5909922183446394e-09,0.9971448990216311
Business,2642,0,0.560111411384987,2.355420273125821e-20,9.656568768309945e-10,0.4398885876493723
Business,2643,3,2.7016154014478246e-08,2.6569698638414887e-17,0.0005273885171829149,0.9994725844666582
Business,2644,0,0.9981301512867039,1.7202604464309845e-22,4.826377711513659e-12,0.0018698487084793912
Business,2645,0,0.9999999524492307,3.5745615552784606e-33,4.9823685688657e-20,4.755076558361033e-08
Business,2646,3,0.00010123507611707056,1.1321698447618267e-18,3.749435324273161e-11,0.999898764886397
Business,2647,3,2.5674559364178444e-07,1.5260900172459186e-05,2.2023519052255562e-05,0.9999624588351701
Business,2648,3,0.4166869944828282,2.994989257304859e-17,9.480574837501002e-05,0.5832181997687985
Business,2649,3,4.172788785640256e-07,3.183645638152665e-22,1.939296578353091e-07,0.9999993887914391
Business,2650,0,0.9773257846872755,5.975003066420951e-29,2.4201838949299033e-14,0.022674215312728473
Business,2651,0,0.9999997994416591,1.7051434002627911e-28,2.494065279984212e-16,2.0055831730520328e-07
Business,2652,3,6.066914517112142e-10,1.8878007459540634e-20,1.4825262083985376e-07,0.9999998511406827
Business,2653,0,0.9999989187399639,1.9543705985358783e-21,9.191421035155068e-14,1.0812599182681734e-06
Business,2654,3,2.1368084032705852e-06,3.552192173738086e-18,6.323872605183453e-12,0.9999978631852947
Business,2655,3,6.397912921769993e-11,1.2317018880214471e-17,1.508577521732814e-08,0.9999999848502626
Business,2656,3,0.07826389788461138,1.1194671949987673e-18,5.195280444803595e-11,0.9217361020634356
Business,2657,3,2.588875004924544e-08,7.091809781062251e-17,5.9371733024852165e-09,0.9999999681740525
Business,2658,3,0.00033632571650825616,3.8717569640689206e-22,2.2788692724371457e-09,0.9996636720046346
Business,2659,3,9.627436813780681e-07,6.216943388530223e-13,4.9333107165623214e-09,0.9999990323223776
Business,2660,3,6.753981076704615e-11,3.887755618713648e-14,3.214366311222448e-09,0.9999999967180315
Business,2661,3,1.523746740772162e-08,1.2868333214576963e-14,2.919555115646384e-11,0.9999999847333357
Business,2662,0,0.9999999700845597,4.537976894015322e-28,1.1008168977783667e-17,2.991543130841232e-08
Business,2663,3,1.0613483441965777e-05,4.430182571766399e-12,6.028805160689395e-07,0.9999887836316144
Business,2664,0,0.9996747245543081,3.8637111419529867e-25,1.3311874851454692e-15,0.0003252754457062547
Business,2665,3,4.932535700648496e-08,2.164754830190387e-24,2.445200741082638e-07,0.9999997061545832
Business,2666,0,0.9936715089427828,7.504363419786047e-32,1.926051290423345e-14,0.006328491057201516
Business,2667,3,0.0001514540890257788,1.0658884405524697e-10,1.3791246651922808e-05,0.9998347545577573
Business,2668,3,0.00016323166635842548,4.6607031496870925e-22,5.3056266741063995e-09,0.9998367630280383
Business,2669,3,0.03032674723622918,1.575054565256847e-18,5.8139688101020453e-11,0.9696732527056109
Business,2670,3,0.40081696768245856,4.523738680242821e-19,2.7355152058227065e-06,0.5991802968023443
Business,2671,3,0.00023353780193424457,1.4116959962852758e-07,6.84654652896272e-11,0.9997663209599842
Business,2672,0,0.9917038104970051,1.9531256680541603e-28,4.538516809785753e-16,0.008296189502991302
Business,2673,0,0.9326853992125654,1.716058753993291e-25,1.8057737605304852e-12,0.06731460078560324
Business,2674,3,0.015135691044890247,3.1748350639078214e-20,2.4458779446928753e-11,0.9848643089306438
Business,2675,3,0.00029079756458992107,2.4265527753064904e-19,2.1239873838928246e-09,0.9997092003114337
Business,2676,3,1.7144217259820212e-10,6.383400824752799e-20,4.26234048891007e-09,0.9999999955662133
Business,2677,3,4.711279411947833e-06,3.0793487980576737e-16,1.4920173044536816e-08,0.9999952738004071
Business,2678,3,0.00011888657901677551,2.0917072773965064e-19,1.1541026115696143e-06,0.999879959318365
Business,2679,0,0.9993188147992332,2.22989260929548e-25,7.402134926790489e-15,0.0006811852007510896
Business,2680,3,2.2201357403207604e-14,1.736105281717048e-14,4.416430303674948e-11,0.9999999999557758
Business,2681,0,0.9817877817870779,1.0509241631130037e-25,2.3436423909011485e-15,0.018212218212903346
Business,2682,3,0.20158101003579545,1.29324828859023e-28,6.312938680460174e-11,0.798418989901075
Business,2683,3,0.00011480276429285862,2.1392368054725153e-22,1.273748488726518e-09,0.9998851959619567
Business,2684,0,0.9999999999919851,4.2719333005700395e-33,2.2846177547543355e-19,8.04109092809688e-12
Business,2685,0,0.9998911857591701,2.177572638051595e-27,3.789199063880815e-12,0.00010881423701897262
Business,2686,0,0.999999639821973,2.90350418167471e-32,1.9725211749820967e-11,3.601582822931999e-07
Business,2687,3,0.46134428404610583,8.380507489954333e-17,1.079169909597517e-07,0.5386556080369062
Business,2688,3,0.007396459752899834,1.7482507897393363e-22,1.4037605836995872e-05,0.9925895026412471
Business,2689,3,1.0536308647550441e-09,2.9650743765175668e-24,1.6028570712128643e-11,0.9999999989303205
Business,2690,3,1.316393498940245e-12,1.2462725469958174e-17,2.993609450007307e-09,0.9999999970050908
Business,2691,0,0.999929413958263,2.6792509012443317e-29,3.987315579919662e-14,7.058604171985642e-05
Business,2692,0,0.8974896509622632,5.1487097952609284e-23,8.500061264967621e-12,0.10251034902924717
Business,2693,3,0.008435495567406325,6.122743469105557e-21,2.7399496895671073e-09,0.9915645016926515
Business,2694,3,1.2384132560693214e-09,8.711028344586418e-15,1.3090679015703427e-11,0.9999999987484784
Business,2695,0,0.9999995222983107,7.308402198708289e-28,1.046736695437147e-16,4.777017127255415e-07
Business,2696,3,1.919635965813301e-09,1.5115268252360317e-14,9.16453546131382e-08,0.9999999064349979
Business,2697,3,0.024500867128618955,6.556500642452206e-26,7.052355170570689e-12,0.9754991328643275
Business,2698,3,4.203617926452355e-09,1.2417285710080855e-12,4.964245162112095e-10,0.9999999952987082
Business,2699,3,1.6740215808762188e-07,9.373159513899083e-10,7.015621314056124e-11,0.9999998315903582
Business,2700,3,0.02186152307868119,5.29987336427724e-22,4.120553818197478e-10,0.9781384765092425
Business,2701,3,1.7108959211811714e-07,6.111644821424512e-21,6.85468406390862e-09,0.999999822055729
Business,2702,3,5.4095591565712416e-08,1.2023161381979141e-17,3.8754084801241504e-08,0.9999999071503155
Business,2703,3,1.065623371336987e-05,3.0069454341966126e-25,1.573981178514081e-11,0.9999893437505337
Business,2704,3,2.3082352301296366e-06,5.388562105163623e-10,1.6725561412670862e-05,0.9999809656645151
Business,2705,0,0.974938197499746,1.2429221884905047e-22,8.51113099214004e-11,0.025061802415128936
Business,2706,0,0.9999981364777311,3.0121393822222877e-30,1.401506584824764e-13,1.8635221011255835e-06
Business,2707,3,0.0002208207532538137,6.352076225676943e-26,1.3261005769201266e-12,0.9997791792453956
Business,2708,0,0.9999999995504254,6.113758102799654e-35,7.794416751771165e-20,4.4958888922212464e-10
Business,2709,3,0.17768200770367276,8.321275405005314e-23,3.2341001873254047e-10,0.822317991972934
Business,2710,3,1.3159902331640335e-07,1.0731213612057772e-17,9.5601257853584e-09,0.9999998588408616
Business,2711,0,0.9999999999997726,1.772043434983369e-42,2.4754141932844734e-21,2.1401721834029406e-13
Business,2712,3,1.269928778134494e-11,1.484906597466831e-13,8.932851308927676e-12,0.999999999978229
Business,2713,0,0.9643660072170669,1.5621289551172253e-21,1.0046952785910246e-08,0.03563398273595388
Business,2714,3,0.0012905561636017409,2.179852015596697e-16,1.1410639847426272e-07,0.9987093297300231
Business,2715,3,5.308329901543697e-05,2.3517894163543197e-19,7.141894731831127e-10,0.9999469159867828
Business,2716,0,0.8882002463710519,3.0696748323603696e-25,1.243986893900258e-11,0.11179975361652802
Business,2717,0,0.9999999026215439,1.3477479587259827e-29,9.073039940894063e-16,9.737845292337505e-08
Business,2718,0,0.9975013794517815,6.089373106845586e-16,2.7876910546103508e-11,0.002498620520324957
Business,2719,3,2.673162034529501e-08,8.425361580724283e-22,8.429139746365774e-12,0.9999999732599466
Business,2720,3,2.1192504193025065e-05,8.173116624739909e-19,1.3712865740656119e-07,0.9999786703671627
Business,2721,3,0.003650360732310428,3.5757084791198325e-15,7.178170940312657e-08,0.9963495674859598
Business,2722,3,3.862751089709618e-05,4.395265370786825e-19,1.3210564754329529e-08,0.9999613592785199
Business,2723,3,8.438680390575035e-07,4.3935191484036846e-08,3.6659695427781725e-09,0.9999991085308005
Business,2724,0,0.9999994994091824,1.7565162964455954e-23,5.924595995654955e-15,5.005908352819706e-07
Business,2725,0,0.9999542225855524,4.7803085885444054e-23,3.513718030372254e-12,4.577741093496952e-05
Business,2726,0,1.0,4.4553648521424234e-48,3.269027760509529e-25,2.0918282158410457e-19
Business,2727,3,0.008810564681047964,1.4191365521568239e-24,4.608009132137449e-10,0.9911894348581297
Business,2728,3,0.010480464108728113,1.2209958726637696e-22,1.873291881388213e-12,0.9895195358893977
Business,2729,3,8.57577362302516e-06,1.0418368822125248e-22,7.579290182090753e-11,0.9999914241506027
Business,2730,3,2.952777973866538e-07,1.8196297009736728e-17,4.701939058319773e-09,0.9999997000202706
Business,2731,3,7.957409148349699e-08,4.785563305375159e-26,1.1619360781489509e-09,0.999999919263988
Business,2732,0,0.9941476189074024,7.929221581814997e-18,2.5443762389393677e-12,0.005852381090042028
Business,2733,0,0.9999999998386215,4.0642598294004124e-37,3.119227346854929e-17,1.6137831594357796e-10
Business,2734,3,2.90852958857745e-05,4.965190037583139e-15,2.346995941733025e-09,0.999970912357096
Business,2735,3,0.027613135138002315,5.185550461835214e-22,5.626281913994072e-13,0.9723868648614623
Business,2736,3,0.19025205853134428,3.11736381583646e-22,1.1946093363312464e-08,0.8097479295225635
Business,2737,3,1.4389648526207043e-08,2.1636814196852128e-15,1.130318406514416e-09,0.9999999844800415
Business,2738,3,2.6411897101913067e-14,1.1341553893158347e-09,2.2493219318308647e-08,0.9999999763725785
Business,2739,3,0.003876260724889836,1.4633727950430184e-22,2.7438595051192952e-08,0.9961237118364867
Business,2740,0,0.9022571552309879,2.013842150816141e-26,0.028981733683658355,0.06876111108535647
Business,2741,3,4.1128347587199893e-10,4.6352139315988356e-09,2.2182350559137687e-10,0.9999999947316951
Business,2742,3,0.11730585949717887,1.4035749154320063e-21,7.402283931268525e-10,0.8826941397626114
Business,2743,3,5.4195163450487695e-06,2.511249105907162e-26,5.860687941814989e-12,0.9999945804778095
Business,2744,3,0.001939325200073736,7.179616781658213e-24,4.146098585762015e-10,0.9980606743853371
Business,2745,3,7.010158106781036e-09,1.0211511894833172e-15,1.2259954385977845e-08,0.9999999807299107
Business,2746,3,2.130774952472456e-05,3.280130536915707e-17,6.944114619139915e-11,0.9999786921810419
Business,2747,3,0.010420620458024941,2.216385412321604e-20,1.278218848026694e-09,0.9895793782637574
Business,2748,0,0.6686142122892772,1.881226778282975e-27,1.6721839324915393e-14,0.3313857877107262
Business,2749,0,1.0,4.848661904421194e-52,8.707696019467458e-29,7.884323962495857e-20
Business,2750,3,0.003879299558850945,6.7519213412909655e-18,1.0513869880862852e-11,0.99612070043066
Business,2751,3,6.71060091384376e-10,3.663006903598164e-19,9.021296705906496e-10,0.9999999984268015
Business,2752,3,0.07752265922891707,2.820932054271377e-16,1.0797056431861199e-06,0.9224762610654429
Business,2753,3,8.684332314055039e-05,2.6454389992750815e-14,2.9587175027051357e-09,0.999913153718092
Business,2754,0,0.9999984194153612,5.8120337309226e-35,9.133198055088477e-21,1.5805846635093547e-06
Business,2755,3,0.00011081005802604826,3.2166654246612958e-21,1.8987281575867663e-10,0.9998891897521062
Business,2756,3,0.023117298450621458,1.3609009951033895e-13,2.5111005205929896e-09,0.9768826990381222
Business,2757,3,0.00033440639009307566,1.0373832940209547e-23,8.45887669603334e-12,0.9996655936014728
Business,2758,3,0.00027343995527261535,1.0822465251853622e-15,2.8791869425315754e-09,0.9997265571655275
Business,2759,0,0.9990115454310532,9.123943071796399e-28,3.291232249454907e-14,0.0009884545689190262
Business,2760,3,1.696318232773199e-10,2.282451529632088e-17,3.930840164133389e-10,0.999999999437307
Business,2761,3,0.0002080830690926016,7.497454029601914e-22,1.3133918478941166e-09,0.999791915617541
Business,2762,3,5.236747362816899e-11,6.08375692876887e-16,3.4584062930324894e-08,0.9999999653635433
Business,2763,3,6.982014007479092e-09,7.750226690834634e-26,4.5243742526143164e-15,0.9999999930179797
Business,2764,0,0.9999183040569801,9.898896234278718e-31,5.109991127681059e-16,8.169594301647496e-05
Business,2765,3,7.325179488261967e-14,8.010887479628418e-11,6.678889273396094e-12,0.9999999999131433
Business,2766,3,2.044234008641045e-07,7.108485611257662e-27,2.0001244003158243e-09,0.9999997935764995
Business,2767,3,5.274484385790224e-07,4.7908012604221963e-20,4.6134340905172634e-09,0.999999467938124
Business,2768,3,9.906589098502618e-06,1.4340537411880068e-20,1.516860700043876e-09,0.9999900918940354
Business,2769,3,0.0002048365772258342,2.828582456880306e-13,1.2475597366509508e-08,0.9997951509469118
Business,2770,3,1.2411219659173525e-07,2.2496346935091263e-21,2.7138422751447645e-10,0.9999998756164323
Business,2771,3,0.00042489081326326183,4.982337383942537e-22,4.41734726943738e-11,0.9995751091425596
Business,2772,0,0.9996913432401255,1.367212987623406e-21,1.829673256841736e-09,0.0003086549301753635
Business,2773,3,9.054908946863243e-07,1.4869556852156233e-18,1.7706391176934967e-10,0.9999990943320662
Business,2774,3,4.939677607566233e-05,6.302493312968941e-17,1.2660694900152728e-08,0.9999505905632045
Business,2775,0,0.9948475078120843,1.3358455001802398e-16,1.715437107075213e-10,0.005152492016372894
Business,2776,0,0.9999999983558041,9.766126293543705e-39,1.9814854639918592e-22,1.6441773113078518e-09
Business,2777,0,0.9999999977236484,2.7064399987843173e-38,1.1445374180364293e-22,2.276337388014015e-09
Business,2778,3,0.18695769810985918,3.304558433231504e-21,9.383662500033424e-12,0.8130423018807347
Business,2779,3,4.1262296112939375e-07,1.4648979173267776e-20,7.380125594894216e-10,0.9999995866390068
Business,2780,3,4.0827642781875286e-07,8.71032350156835e-13,3.2292311243064944e-07,0.99999926879961
Business,2781,3,0.00032869244770245714,1.1969733804961287e-24,1.8622281907193005e-12,0.999671307550442
Business,2782,3,6.362536485239009e-10,1.5262492696310466e-15,2.9120793376786252e-09,0.9999999964516633
Business,2783,0,0.9832158675805317,1.7321815142456857e-21,1.1624158460698603e-11,0.016784132407850625
Business,2784,3,0.008981304259841212,6.4107459461644e-21,6.449768008305069e-11,0.9910186956756523
Business,2785,0,0.9984018087603429,3.745660631895613e-15,3.432932781484838e-08,0.0015981569103529698
Business,2786,0,0.9565613054295575,2.375422478198332e-24,1.5276881908424408e-09,0.04343869304272647
Business,2787,3,6.987767544937641e-06,0.00041007337211913585,6.4591309719073e-15,0.9995829388603228
Business,2788,3,0.15284679176777183,3.812595835224409e-16,2.4393419976265933e-07,0.8471529642980118
Business,2789,3,0.16708424747680653,3.2457083126286855e-27,4.274420485143009e-14,0.8329157525231702
Business,2790,3,0.4308822370524544,1.613567395557815e-26,1.8284100108780586e-12,0.5691177629457059
Business,2791,3,2.112583579287372e-12,1.866152800389512e-12,3.353384315899215e-10,0.9999999996607016
Business,2792,3,3.3872588910986075e-05,2.6848335548348157e-19,1.0613136077583441e-09,0.9999661263497659
Business,2793,3,0.0010656559346817775,4.105092179649977e-20,3.897222440218712e-06,0.998930446842902
Business,2794,0,0.9977439736313861,2.2026320442840625e-24,1.6020376255541964e-10,0.002256026208414878
Business,2795,3,7.153242660369164e-07,3.74777237053299e-18,1.9078939413771003e-06,0.9999973767818079
Business,2796,3,0.006077942324331695,2.7728831179792975e-22,5.159043313445142e-11,0.993922057624094
Business,2797,3,0.008691983236338467,4.555368617560277e-23,2.0329283826082661e-13,0.9913080167634828
Business,2798,3,1.3089181928829044e-06,6.041849162089804e-12,5.252658347984782e-09,0.9999986858230836
Business,2799,3,4.7261980057153285e-05,5.964619157701504e-29,3.554663735424263e-15,0.9999527380199655
Business,2800,3,1.2821398068268504e-07,1.4623696053079237e-14,7.021432916484555e-09,0.9999998647645703
Business,2801,0,0.9644015705144252,1.4048208334267952e-27,1.7866025596061163e-13,0.03559842948540265
Business,2802,3,5.140794443433689e-07,6.529901973701227e-14,6.271687553613407e-09,0.9999994796488284
Business,2803,3,4.648366832558296e-09,7.662180811263194e-20,8.050538354607765e-10,0.9999999945465561
Business,2804,0,0.9990754261721475,1.6680294730856074e-21,1.0413237044555493e-11,0.0009245738174404942
Business,2805,0,0.9999997639413033,4.429134667880624e-29,2.0213880603062892e-13,2.3605850754091452e-07
Business,2806,3,0.019686025584901824,9.297249926904691e-24,8.262425073294767e-15,0.9803139744150716
Business,2807,3,3.823406680419886e-09,3.6240352544670194e-17,2.5099019979820266e-10,0.9999999959255774
Business,2808,3,1.066476299881556e-07,1.3520260830553378e-28,8.690414654522542e-14,0.999999893352259
Business,2809,0,0.999999920525855,2.876400467270432e-27,3.0249741984306805e-14,7.947409518993405e-08
Business,2810,0,0.9999660963735522,2.039074652659997e-25,2.7844545357526533e-14,3.39036264014829e-05
Business,2811,3,1.971282652240284e-09,1.4762429719197536e-10,3.5974637096027587e-10,0.9999999975213427
Business,2812,0,0.9129675353878747,2.527274861183622e-20,3.7501358543476274e-10,0.08703246423712503
Business,2813,0,0.9999897471196656,4.354674910522098e-27,3.0255980620668006e-16,1.02528803609645e-05
Business,2814,3,0.00023055191603634726,1.8750553524476449e-16,2.8016114178260794e-07,0.999769167922824
Business,2815,3,1.554155464984968e-11,1.4731144328675048e-11,1.5612713369273624e-09,0.9999999984084411
Business,2816,0,0.9999391811789134,3.551508859073615e-31,5.003642403541913e-15,6.08188210682484e-05
Business,2817,0,0.9999984440521698,3.626304847525269e-24,1.5189655803256815e-15,1.555947802847603e-06
Business,2818,0,0.9999999999990905,1.6314903466582327e-42,3.676994245338609e-23,9.236730401868591e-13
Business,2819,3,2.6806314231536198e-05,6.242493523497035e-08,5.308477919301992e-16,0.99997313126086
Business,2820,0,0.9999946863931287,3.2288207593927375e-32,4.759424757884743e-16,5.3136068753278245e-06
Business,2821,3,9.547751194627784e-05,1.9075869196167454e-18,8.995098455613437e-09,0.9999045134929364
Business,2822,3,6.427571304389892e-07,1.6254574825907115e-22,1.494434397633593e-10,0.9999993570934086
Business,2823,3,7.742976661884036e-05,2.3039880787527844e-21,2.954236046648898e-08,0.9999225406910338
Business,2824,3,5.381123617198952e-05,1.1279711767167309e-23,1.2749507227185754e-12,0.9999461887625395
Business,2825,3,0.001058377007739732,3.630672070736596e-21,4.6477825530851573e-10,0.9989416225274985
Business,2826,3,3.171661097157888e-12,4.5352359929255225e-12,5.214284317984902e-10,0.9999999994708446
Business,2827,0,0.8957892445437139,3.3005602489841465e-25,9.525844337869154e-12,0.10421075544673829
Business,2828,3,0.4644028715527348,7.107645891201219e-15,2.979290714970889e-11,0.5355971284174614
Business,2829,3,9.35551976796277e-06,7.315559630709705e-21,7.459059918497272e-08,0.999990569889645
Business,2830,0,0.8825864625646646,1.4571004174463938e-19,4.052345100155786e-07,0.11741313220082086
Business,2831,3,2.875051395876742e-06,4.03637660077852e-18,1.207319014110999e-07,0.999997004216706
Business,2832,0,0.9999998611314237,1.3383978549924414e-24,1.0869358220659438e-17,1.3886857354505245e-07
Business,2833,3,3.9763186502588485e-08,8.154397101903023e-14,1.5761852727183415e-06,0.9999983840514783
Business,2834,3,0.23451188331418535,3.571418802425954e-18,2.18052481574253e-09,0.7654881145053032
Business,2835,0,0.9999999974855882,1.107672984886419e-35,1.773969043388585e-18,2.5144355780746817e-09
Business,2836,3,0.0008838780411254721,5.3206184934104713e-14,2.5757993985075945e-09,0.9991161193830289
Business,2837,0,0.9973224121931861,4.766742893465505e-26,6.985101794278844e-11,0.002677587736962697
Business,2838,3,4.567495738379275e-09,7.136483332776539e-13,6.294042203295281e-10,0.9999999948024083
Business,2839,0,0.7809238127569105,4.858989394382095e-19,3.659314395672457e-09,0.21907618358377381
Business,2840,3,0.3944081051712986,2.872933782336989e-26,2.5117416784362594e-13,0.6055918948284296
Business,2841,3,1.056803418107217e-08,2.1753709148700225e-25,1.9284293946544707e-13,0.9999999894317854
Business,2842,3,0.004825622791219941,5.361638689075281e-14,7.939620211133898e-06,0.9951664375884929
Business,2843,0,0.813367094659331,9.689689525006943e-22,5.1040306124401974e-14,0.18663290534062943
Business,2844,3,0.00042708056136349636,2.10716480091115e-16,6.108566625992844e-05,0.9995118337724032
Business,2845,0,0.9998561007229336,1.1367594089855978e-26,2.075055314624314e-14,0.00014389927701733608
Business,2846,3,1.1886931406999611e-07,1.0118767429951315e-15,5.570549319684804e-08,0.9999998254251788
Business,2847,3,0.019653560874594644,1.3312630113820099e-24,8.312186016555836e-13,0.9803464391245922
Business,2848,3,1.534391273550929e-08,1.8526646344584625e-17,8.38687569037676e-09,0.9999999762692372
Business,2849,3,8.63851344663905e-06,9.467982967370916e-25,6.001567973908163e-12,0.9999913614805339
Business,2850,3,0.00023262266884994758,1.7177586174761419e-15,1.2565473671898144e-07,0.999767251676416
Business,2851,0,0.9999260248825631,2.260008074646632e-21,2.425515307365246e-16,7.397511744502386e-05
Business,2852,3,0.047839109935741066,1.0829694745980125e-19,1.4385083734894804e-10,0.9521608899204153
Business,2853,3,0.00629612563259285,4.683043608894537e-19,4.033519335670106e-10,0.9937038739640611
Business,2854,3,1.2593874478061265e-07,2.182222835873336e-25,1.1043257569193325e-13,0.9999998740611397
Business,2855,0,0.9999830806282854,1.4566290155879405e-26,1.2185698715785148e-11,1.691935950138712e-05
Business,2856,3,0.14365770650174156,1.691082384415244e-18,3.6025789910228273e-06,0.8563386909192725
Business,2857,0,0.9998831489439625,1.9680729808160383e-22,1.5482236449179325e-12,0.00011685105448049439
Business,2858,3,1.462475846297594e-07,1.8244654862688802e-22,1.7025048396001727e-10,0.999999853582164
Business,2859,3,9.653785960821427e-06,8.082152469183868e-25,3.0465857819802067e-13,0.9999903462137218
Business,2860,3,1.3336540629642071e-10,7.807406027127003e-09,9.203959709954667e-07,0.9999990716632726
Business,2861,3,0.042789560039595366,9.160539397414885e-14,8.937738466421702e-12,0.9572104399513593
Business,2862,0,0.5902952598010228,1.0883062021116476e-26,3.810402573591087e-12,0.4097047401951539
Business,2863,3,0.12522945358107002,4.6620357820436095e-25,1.4066192564727477e-13,0.8747705464188114
Business,2864,0,0.8955503940529566,2.2782281592182075e-28,8.19659916232776e-13,0.10444960594623418
Business,2865,0,0.9998621728053587,4.519299576758486e-26,1.117615379741575e-11,0.00013782718348071807
Business,2866,0,0.8862271877810058,8.90945048722208e-20,1.0578722694682775e-09,0.11377281116113597
Business,2867,3,0.4155773479555665,2.844517466124623e-14,1.164434722270971e-12,0.5844226520432674
Business,2868,3,1.4118501462201034e-06,2.9948567285995665e-11,2.7194522579565656e-10,0.9999985878479573
Business,2869,3,0.01573941506198492,2.5632902754000937e-20,4.869491898637086e-08,0.9842605362430678
Business,2870,3,2.589678655915088e-05,4.564822131321286e-20,1.3833380453457236e-12,0.9999741032120338
Business,2871,0,0.9999952012329663,3.9524843157724317e-32,3.9551356136646554e-16,4.798767019327701e-06
Business,2872,3,2.1356221344406417e-11,3.630483109833977e-18,4.672241363151674e-08,0.9999999532562367
Business,2873,3,1.1003523902091376e-10,5.374543331401452e-19,6.000750772597181e-10,0.999999999289912
Business,2874,3,0.006328659971495074,2.1523405767750192e-17,0.11241024413217918,0.8812610958963227
Business,2875,0,0.996785254339564,2.3921217285522424e-18,3.922786818152895e-11,0.0032147456212161547
Business,2876,3,0.002021471500673076,7.292881033957703e-19,4.807156987674088e-11,0.9979785284512303
Business,2877,0,0.9999825968189446,3.357508488447348e-36,1.1187897105771308e-16,1.7403181078358125e-05
Business,2878,3,4.583823953434535e-09,6.168576029079774e-23,1.2493480560631504e-10,0.9999999952912617
Business,2879,0,0.5853792584728617,4.099339497874472e-20,0.2569395286837972,0.15768121284332884
Business,2880,3,1.1953098677402725e-07,1.1571467952687382e-17,7.993513268025581e-10,0.9999998796696518
Business,2881,0,0.9998915432559409,1.6081350175980776e-27,7.799097109760232e-09,0.0001084489449479078
Business,2882,3,0.03656485141015201,4.4233912777742815e-13,2.964596326045169e-11,0.9634351485597441
Business,2883,0,0.9815970962828438,1.1752229255184838e-25,3.1555793953431293e-13,0.01840290371681667
Business,2884,0,0.9997843225174696,8.488629806771977e-30,6.971051155692372e-13,0.00021567748185002145
Business,2885,3,1.1232786910856903e-07,0.00010661618176742996,1.759494173414478e-07,0.9998930955409191
Business,2886,3,0.03593936748562995,4.480158668338054e-23,2.464892058461311e-11,0.964060632489737
Business,2887,3,1.6193372748741888e-10,1.2733882892025152e-11,6.638353094434156e-08,0.9999999334418157
Business,2888,3,6.80564621786473e-05,3.696288461504509e-17,2.9700936047030087e-08,0.9999319138368676
Business,2889,0,0.9302107493869568,1.1301988637318326e-17,2.3212710598537578e-10,0.06978925038091825
Business,2890,0,0.9998345170071303,1.3099942569157689e-27,6.418450233916236e-12,0.00016548298647914766
Business,2891,3,2.4589406497230366e-08,2.103227900533296e-20,5.727687884135779e-09,0.999999969682904
Business,2892,3,4.930927158678471e-11,4.7866371082561966e-20,4.313171189522391e-11,0.9999999999075726
Business,2893,3,5.307495415351842e-10,1.529747780303947e-12,7.54985411431575e-09,0.999999991917889
Business,2894,0,0.9999996115696107,6.316446939667313e-38,1.3454608341599347e-17,3.884303935924613e-07
Business,2895,3,0.0012379010244607139,2.2812279556295813e-25,7.797651927981537e-11,0.9987620988975776
Business,2896,0,0.9711374349510121,1.8499445971322792e-30,3.403205803422924e-15,0.0288625650489567
Business,2897,3,8.832521659346534e-12,2.2637892991718883e-15,1.8982124278436603e-10,0.9999999998013323
Business,2898,3,7.042612698612934e-08,1.4151331304441185e-18,5.291624590254415e-10,0.9999999290446934
Business,2899,3,0.3460643708457933,1.4996440077174253e-18,3.453324091349975e-08,0.6539355946209592
Business,2900,3,0.444283186784753,2.6986592339190816e-16,1.3199443129822531e-08,0.5557168000158056
Business,2901,3,6.475959162256822e-05,9.287182194975643e-20,3.6232400715680615e-06,0.9999316171682874
Business,2902,3,1.0939305919153922e-06,2.570119145609235e-22,4.015520099199033e-10,0.9999989056678676
Business,2903,3,0.00016649188754082334,2.9446920877480086e-25,8.386536005865156e-12,0.9998335081040647
Business,2904,3,0.013055569869940305,5.690585511948143e-18,1.0808700022148214e-09,0.9869444290492089
Business,2905,0,0.999694645200485,4.903715475100094e-25,2.0074127064591833e-16,0.0003053547995098426
Business,2906,0,0.9999999604536932,2.4284041213204423e-29,3.359399108697468e-20,3.954628681913849e-08
Business,2907,3,1.2902537565143543e-09,1.4021379867509527e-24,1.7689380223890937e-12,0.9999999987079491
Business,2908,0,0.8462266668534493,7.110723541506559e-24,1.0168869463564303e-12,0.15377333314552902
Business,2909,0,0.9897137217201966,1.2418828644618063e-23,3.0507595605970904e-15,0.010286278279826647
Business,2910,0,0.9999977223803643,7.748739274312779e-28,6.695210631078614e-16,2.2776196085477855e-06
Business,2911,0,0.9999999999982947,4.3025896933753514e-31,2.294606033473208e-21,1.6833147236785993e-12
Business,2912,0,0.9979894558060924,4.485038039957491e-24,1.064882616348345e-13,0.0020105441937745406
Business,2913,0,0.9831625135974486,9.99900209635913e-20,5.497206824002784e-10,0.01683748585280428
Business,2914,3,4.04612198792484e-07,2.83577243543446e-09,1.1316343607625087e-08,0.999999581235701
Business,2915,3,1.7172940976040958e-06,9.903275422924012e-08,3.078101725945742e-11,0.999998183642391
Business,2916,3,1.9935893817627187e-10,9.638381837530962e-11,2.131718587791356e-08,0.9999999783870523
Business,2917,3,8.449322523089695e-05,6.539181118114941e-26,7.47501837297459e-14,0.9999155067746852
Business,2918,3,1.0759959220380144e-08,1.0529237644820097e-20,2.1473565814944188e-10,0.9999999890252981
Business,2919,3,2.6123167403332407e-10,2.7186675790081946e-14,7.357210770767956e-07,0.9999992640176608
Business,2920,3,0.001527461550019485,4.762966834455112e-15,3.164128152162396e-08,0.9984725068086705
Business,2921,0,0.9981671316498866,3.3583403094678704e-21,4.061579196801032e-11,0.0018328683095175872
Business,2922,0,0.996927219630957,1.1821462398172907e-17,1.3983504814778193e-11,0.0030727803550491452
Business,2923,3,0.012132480674930021,1.0272840527858665e-24,2.5812042405470824e-08,0.9878674935130387
Business,2924,0,0.9998787088104365,6.94079097703708e-23,4.732877611629004e-12,0.00012129118485084116
Business,2925,3,2.8715923248356467e-05,2.544056289576249e-18,3.4705672512397104e-08,0.9999712493710705
Business,2926,3,0.0003203511435195405,1.3903831533499134e-18,4.199826604687782e-07,0.9996792288738335
Business,2927,3,0.00027190037100985256,4.6823333718833917e-29,3.3069247036160035e-14,0.9997280996289761
Business,2928,0,0.9999999846970696,4.335153437738844e-27,1.1000609801328029e-17,1.530295681102802e-08
Business,2929,3,1.613565402269429e-11,5.556062573835007e-19,2.510524045954352e-11,0.9999999999587317
Business,2930,0,0.9998935966800955,4.424766990904219e-30,4.555721459693187e-15,0.00010640331990872536
Business,2931,0,0.9975809889530965,7.000700154778613e-22,1.0183760022003352e-06,0.0024179926708868737
Business,2932,3,0.0019596381457090157,3.202815497434055e-20,3.787260207772393e-12,0.9980403618505095
Business,2933,0,0.9999581113639558,2.3822128258844276e-34,4.848328705506075e-18,4.188863606673682e-05
Business,2934,3,0.0023183950756288977,4.2577878140083225e-24,3.253848006077531e-10,0.997681604598985
Business,2935,3,0.0005937109881650343,1.3546900802528905e-18,1.5215784806585626e-10,0.999406288859704
Business,2936,0,0.9987980305017271,1.7955101471133222e-23,4.523749536328026e-13,0.001201969497802114
Business,2937,3,9.472143567982177e-05,4.981792925686186e-22,6.926248663152148e-09,0.9999052716380786
Business,2938,0,0.6337326162353557,3.6604260498168265e-28,1.9524807818835594e-12,0.36626738376266643
Business,2939,3,1.2925532351240326e-05,2.7780183972193056e-09,1.8985922976884482e-12,0.9999870716877242
Business,2940,3,0.11973922816655448,2.8179676542935946e-25,5.502059043330961e-12,0.8802607718279365
Business,2941,3,0.0647125397309386,6.651786302942827e-21,8.724799243794812e-10,0.9352874593965846
Business,2942,3,4.628885954331591e-08,2.302960366637914e-06,3.234999880892744e-14,0.9999976507507168
Business,2943,3,0.0006890320677491537,2.9257905804231756e-17,9.442653043648561e-08,0.9993108735057228
Business,2944,0,0.8908744565007765,2.2795330906919397e-19,6.271162083263001e-10,0.10912554287213459
Business,2945,3,2.864311166979337e-09,1.0231530687281883e-21,1.2825101655626418e-11,0.9999999971228704
Business,2946,3,2.830235776448361e-06,5.043693309100091e-15,5.3128388334843935e-11,0.999997169711063
Business,2947,3,0.00010587194889114409,1.3445837997449582e-12,3.362540272080786e-11,0.9998941280161536
Business,2948,3,0.02044686611923788,1.4810338222627913e-22,3.972243632517628e-09,0.9795531299084912
Business,2949,3,4.565824727202927e-11,6.430845354566648e-08,0.00023168224683244148,0.9997682533990686
Business,2950,0,0.9992274769019504,6.071785304499324e-22,1.8188969175494591e-12,0.000772523096233336
Business,2951,0,0.9999999998411795,1.7967591167717737e-35,9.615700842268556e-21,1.5880103147056122e-10
Business,2952,3,9.704538951395027e-08,2.4705689149511355e-14,4.029601046704032e-11,0.9999999029142874
Business,2953,3,0.00019543011181783477,4.636972879490332e-13,2.0835139729322826e-09,0.9998045678042043
Business,2954,0,0.8590300292985854,4.5117574222343233e-20,7.467363976370379e-11,0.14096997062675
Business,2955,3,2.044234008641045e-07,7.108485611257662e-27,2.0001244003158243e-09,0.9999997935764995
Business,2956,3,0.3262390691279553,8.82143977348674e-25,6.403196049687671e-10,0.673760930231725
Business,2957,3,0.002034178097123371,3.867786827397065e-29,3.5087487529788155e-07,0.9979654710279734
Business,2958,3,2.912918437507053e-09,1.6109501504488992e-12,7.1767370198917274e-12,0.9999999970783051
Business,2959,3,1.573779070212831e-06,3.9379352072327886e-22,1.5165829209206967e-11,0.9999984262057516
Business,2960,3,0.0007523355759134383,5.152108407835205e-11,2.8926726314563497e-10,0.9992476640832837
Business,2961,3,1.1019853394353587e-05,5.324173335705569e-20,5.282772182261854e-10,0.9999889796183244
Business,2962,3,0.003439936066120497,1.5052179532964964e-18,1.0250743286031955e-08,0.9965600536831303
Business,2963,3,0.026054577459208646,1.0140055816532267e-22,2.684304648313213e-13,0.9739454225405142
Business,2964,3,3.7166984733097253e-10,5.55962218349691e-13,3.459339429678334e-09,0.9999999961684125
Business,2965,0,0.5796042555698012,5.394794551402819e-23,1.439473182832131e-09,0.42039574299072086
Business,2966,3,0.0001635355682577021,1.833267655664337e-23,2.7288234550750923e-13,0.9998364644314578
Business,2967,0,0.9462266862564119,2.2744812730055893e-20,9.387503571162794e-07,0.053772374993230135
Business,2968,0,0.9999841157546348,1.0753889604174844e-29,2.37145306750056e-13,1.5884245123482543e-05
Business,2969,3,0.09730704544819724,3.720262441579168e-12,1.018697076242282e-09,0.9026929535293928
Business,2970,3,8.659798094917957e-13,1.6398452397950523e-14,2.936525510125297e-09,0.9999999970626163
Business,2971,3,2.5323234747904916e-07,1.863717922343565e-19,3.518163446968229e-10,0.9999997464158563
Business,2972,3,4.7019339946178986e-05,1.968312664073111e-17,9.358057266024323e-09,0.9999529713019749
Business,2973,0,0.8979216878879518,1.842766241831918e-23,5.4361309947529215e-09,0.10207830667591819
Business,2974,0,1.0,1.7842327694315747e-45,1.135502716820458e-23,3.0012699740990864e-16
Business,2975,3,3.36457123728887e-06,8.412526634460381e-11,1.2947831960664683e-06,0.9999953405614387
Business,2976,3,1.395403003282811e-05,3.5426247907142188e-15,5.045150902043915e-11,0.9999860459194997
Business,2977,0,0.999993362382471,1.3248227503708283e-27,4.802435375210036e-16,6.637617537486068e-06
Business,2978,3,1.0675293996860947e-06,6.651538237358157e-21,1.0070824340104515e-09,0.9999989314634969
Business,2979,3,0.1989916877426349,9.138004919295052e-24,3.0889510916256046e-10,0.801008311948459
Business,2980,3,1.4439833992559597e-07,5.474547364408513e-21,2.0080293620529432e-10,0.9999998554008689
Business,2981,0,0.5800609004694515,4.696625283172445e-22,2.231601835323739e-10,0.4199390993073695
Business,2982,3,8.40866010582804e-09,5.563677857068657e-19,1.1499331664498613e-06,0.9999988416581574
Business,2983,0,0.9684897418813976,2.0169650984655057e-24,1.3561362670566e-10,0.031510257982998585
Business,2984,3,0.04612339795691151,7.062803096312192e-26,7.731219098544724e-12,0.9538766020353756
Business,2985,3,2.479166933721201e-08,4.1443858221486665e-17,1.2482584904474805e-07,0.9999998503825053
Business,2986,3,2.4529463189774423e-05,1.812493487166932e-16,1.5457878029377598e-06,0.9999739247490272
Business,2987,3,8.822215418652472e-10,3.224971517667353e-19,1.0794735301408582e-10,0.9999999990098445
Business,2988,0,0.999661218763529,1.7746991648326746e-27,1.0630161129839565e-10,0.0003387811301963657
Business,2989,3,0.00012068622963568836,1.777426521610405e-25,9.848615196034936e-14,0.9998793137702856
Business,2990,3,1.2020686811829613e-07,7.848971806624178e-18,7.441828905140814e-10,0.9999998790489217
Business,2991,3,1.288379037299325e-06,9.529865012843313e-20,2.0146706140964276e-09,0.9999987096062822
Business,2992,0,1.0,1.4302115615434184e-44,3.729509129973043e-23,2.4665779933918524e-18
Business,2993,0,0.9999999996143174,1.7815840477803517e-28,6.325975090429636e-17,3.856843589922687e-10
Business,2994,3,2.798259736966745e-06,5.207228572366315e-17,8.912153445034902e-10,0.9999972008490613
Business,2995,0,0.9998463907192108,1.173505485836572e-24,2.317138109741614e-09,0.00015360696362381015
Business,2996,3,6.33900551459572e-05,2.958639978084379e-22,1.5399430663393397e-10,0.9999366097908363
Business,2997,3,1.5761829504031886e-08,5.263079784496239e-09,1.498294844584908e-10,0.9999999788252583
Business,2998,0,0.6965586490424873,7.52749782031339e-21,5.370093846948362e-10,0.30344135042051273
Business,2999,0,0.7347570310563336,1.5807791036256192e-13,4.3342420596693144e-10,0.26524296851009255
Sci/Tech,3000,3,5.876541762187011e-07,1.295456061476783e-20,5.3145124446307734e-12,0.9999994123405166
Sci/Tech,3001,0,0.9999999999920988,4.240331933766577e-28,3.8379451019854676e-18,7.890893429703891e-12
Sci/Tech,3002,3,0.17781271903063822,1.2929135092393922e-17,7.005823377587372e-10,0.8221872802688072
Sci/Tech,3003,0,0.9999999958106969,1.4005908418657903e-31,1.257813745527567e-16,4.189301716219993e-09
Sci/Tech,3004,3,0.013674987181212326,4.4883672886295787e-17,0.0006389109993553706,0.9856861018194462
Sci/Tech,3005,0,0.9999962176795996,3.764694729177981e-30,3.175953284579014e-14,3.782320367318275e-06
Sci/Tech,3006,0,0.999999945851927,6.349888615898893e-30,9.185707539446288e-20,5.4148052559252656e-08
Sci/Tech,3007,0,0.9755958566395744,1.9494932140272836e-17,9.37976936295419e-09,0.024404133980659087
Sci/Tech,3008,0,0.9999999925964858,3.184818846249651e-39,9.173479427631776e-19,7.403521114982589e-09
Sci/Tech,3009,0,1.0,7.450089661640942e-47,6.69885371678001e-28,2.4336028882445473e-18
Sci/Tech,3010,0,0.9999999999956799,9.194465529516024e-40,5.437425785019035e-23,4.344510889643807e-12
Sci/Tech,3011,0,0.9999990594529766,2.2397024355799086e-24,1.7213495596497782e-15,9.405470360579797e-07
Sci/Tech,3012,0,0.9999987923535416,8.736747102827471e-31,2.1248254363569535e-18,1.2076464595629148e-06
Sci/Tech,3013,3,3.656742636318546e-05,1.8548220296353596e-25,2.810387064489676e-14,0.9999634325736347
Sci/Tech,3014,0,0.9953117501138321,4.627416240373676e-32,1.9534713117875686e-14,0.004688249886175971
Sci/Tech,3015,0,1.0,1.7805426590429026e-44,5.788564259542584e-28,1.1033922914243853e-15
Sci/Tech,3016,0,1.0,3.1860541079207885e-46,2.016977865938709e-24,8.115114420928281e-15
Sci/Tech,3017,0,0.9999999999784563,6.62561650637297e-40,3.6451214517550704e-19,2.1559512018673845e-11
Sci/Tech,3018,0,1.0,7.43010263968551e-44,2.6959076445645674e-19,9.642748842002259e-16
Sci/Tech,3019,3,1.4993371197601433e-05,1.725780288507411e-19,1.3426266314110251e-12,0.9999850066274344
Sci/Tech,3020,3,0.0028592230620421858,1.3708817940075428e-25,6.536534121336315e-12,0.9971407769314298
Sci/Tech,3021,3,0.00013262461887552846,1.0675987576706558e-11,2.5467037285026684e-06,0.9998648286667415
Sci/Tech,3022,0,0.9999999999987494,3.904479714700817e-35,3.3659964668794803e-21,1.2685567898179804e-12
Sci/Tech,3023,0,0.9999995076654575,5.051529801149397e-20,1.5860217663866705e-15,4.923345489849769e-07
Sci/Tech,3024,3,3.2451904217510195e-07,2.6789234469211167e-22,1.2618200980008012e-09,0.9999996742191646
Sci/Tech,3025,0,0.9999999999994884,8.17423215025806e-36,1.031970879802418e-21,5.368698536993e-13
Sci/Tech,3026,3,3.8767287821231384e-05,3.876396491662315e-14,2.4944945555835816e-09,0.999961230217634
Sci/Tech,3027,0,0.9999993831763928,3.822607329256661e-35,6.409162484647852e-19,6.168235820153106e-07
Sci/Tech,3028,3,9.61700874385271e-07,2.0430069157817824e-18,9.864784865490192e-11,0.9999990382004931
Sci/Tech,3029,0,0.9982161037241389,3.8231291109739544e-18,1.6191137497346592e-13,0.0017838962757041315
Sci/Tech,3030,0,0.9999992173930188,6.191680946155306e-35,3.0608841825416554e-20,7.826070024063943e-07
Sci/Tech,3031,3,2.8007652933990898e-11,7.365533096624394e-18,2.421081632448174e-07,0.9999997578638338
Sci/Tech,3032,0,0.9999999768597265,9.698798348521937e-32,5.734760504449295e-16,2.314029034509451e-08
Sci/Tech,3033,0,0.9999999999998295,8.788167553228507e-37,4.783965697944835e-25,1.6020063927497152e-13
Sci/Tech,3034,0,0.9999999789041569,3.9843987858462015e-30,3.5808745493239703e-19,2.1095826597461687e-08
Sci/Tech,3035,0,0.9999999995268922,1.2310307233401976e-35,4.45453900731045e-18,4.731209426830384e-10
Sci/Tech,3036,0,0.9999999971747116,3.011911945386254e-27,2.9592859592457463e-16,2.8253140545435903e-09
Sci/Tech,3037,0,0.999800793243744,2.464574924884842e-31,9.574040202961877e-15,0.00019920675624618298
Sci/Tech,3038,3,6.257661749562836e-08,2.638990445483054e-27,2.4133307476906553e-14,0.9999999374233559
Sci/Tech,3039,0,0.9999999960906507,1.8081027403811177e-33,3.0708614364351562e-18,3.909376307736138e-09
Sci/Tech,3040,3,0.0012062637170639913,1.2195078819377756e-19,6.293667991452287e-07,0.9987931069161536
Sci/Tech,3041,0,0.9999217943954896,4.804323143514165e-31,8.41976307976887e-16,7.820560451321389e-05
Sci/Tech,3042,0,0.9999999289229348,3.9161337171998746e-30,6.639771712852824e-19,7.107708666081565e-08
Sci/Tech,3043,0,0.9992497044543021,1.2647470336508676e-26,1.7292618097750282e-14,0.0007502955456594965
Sci/Tech,3044,3,2.8406270565230314e-05,1.1093877772609039e-17,9.416814759725571e-06,0.9999621769146576
Sci/Tech,3045,0,0.9999999987477395,2.363676918403326e-32,1.636673616465359e-17,1.252272696713284e-09
Sci/Tech,3046,3,1.4553695915011048e-05,5.0404239230868694e-23,2.7527336082784275e-09,0.9999854435513285
Sci/Tech,3047,3,1.4311512522535558e-08,6.174493997920714e-21,8.52098479747067e-07,0.9999991335900292
Sci/Tech,3048,3,2.4157392468435432e-09,1.9844791981722622e-21,1.467443400302648e-10,0.9999999974374987
Sci/Tech,3049,0,0.9999999977783887,5.699442015495734e-30,1.488742702037499e-20,2.2215839973840456e-09
Sci/Tech,3050,0,0.9999975269792455,6.896881439958213e-31,4.500597418777515e-15,2.473020738050266e-06
Sci/Tech,3051,0,0.9999279010893652,6.415744737264328e-18,2.2075692754272724e-16,7.209891064990778e-05
Sci/Tech,3052,0,0.9999999934546508,9.40479718330363e-34,1.8108848327541448e-13,6.545153598877833e-09
Sci/Tech,3053,0,0.8701900382341757,1.9937993780345736e-17,1.028546154105893e-11,0.12980996175554632
Sci/Tech,3054,3,0.01773471469392574,9.543084918574717e-24,2.7350135244077342e-11,0.9822652852787431
Sci/Tech,3055,0,0.9999973280315998,1.9302708207901478e-25,2.0512306064331623e-14,2.671968352766478e-06
Sci/Tech,3056,0,0.99861936089232,1.8995319950001383e-25,3.9772827988012684e-14,0.001380639107631383
Sci/Tech,3057,3,0.00020520433127560648,1.4364278393356395e-19,4.7821180183298925e-06,0.9997900135506909
Sci/Tech,3058,3,0.1303336715094912,3.1529712086993377e-22,1.3147693181331182e-08,0.86966631534281
Sci/Tech,3059,3,9.014235758308818e-09,2.5222164355545213e-25,1.675209893055325e-12,0.9999999909840653
Sci/Tech,3060,0,0.9992914192971459,1.1728865624656516e-30,1.2245287480498318e-13,0.0007085807027317073
Sci/Tech,3061,0,0.9852220460836671,1.7583537952186297e-26,5.906718919036508e-15,0.014777953916319565
Sci/Tech,3062,0,0.9999999998721023,1.1977361845182251e-32,2.936005369848313e-19,1.2788170305033692e-10
Sci/Tech,3063,3,0.001919815952290696,4.40640184481428e-27,5.0415513144385975e-15,0.9980801840477006
Sci/Tech,3064,0,0.5621568472736679,2.188114770725768e-20,1.4339407024874492e-08,0.4378431383869095
Sci/Tech,3065,0,0.7383531902763945,4.934783360415589e-26,1.0436219879541153e-11,0.26164680971315196
Sci/Tech,3066,0,0.9962429796598794,6.899543568409786e-31,1.234732072548304e-12,0.003757020338866559
Sci/Tech,3067,0,0.9999998764843175,2.2202137628611113e-35,9.31717165780133e-20,1.235156905915228e-07
Sci/Tech,3068,3,1.183642968564452e-09,6.914915832420375e-14,8.565798603065291e-06,0.9999914330177021
Sci/Tech,3069,0,1.0,4.304131427561975e-38,1.0890451121995355e-23,2.828845272881303e-15
Sci/Tech,3070,3,0.000136627808274398,5.533779193788438e-06,2.708220516649145e-12,0.999857838409819
Sci/Tech,3071,0,0.9999999999997726,4.002920337073819e-37,1.5414605710844038e-26,2.2214009276406612e-13
Sci/Tech,3072,0,0.999999996908457,8.084933950882064e-36,7.69421846981859e-20,3.091566887536031e-09
Sci/Tech,3073,0,0.9999917330528746,7.061127394128076e-32,6.940409526224258e-17,8.266947141825288e-06
Sci/Tech,3074,0,0.9999999999506599,3.0892812326781576e-39,3.5630417791787247e-23,4.933406315450937e-11
Sci/Tech,3075,3,0.25540199282089454,6.821270602905835e-16,3.529073343384619e-05,0.7445627164456438
Sci/Tech,3076,0,0.6972396919265075,3.1577139492107166e-22,5.076013012382578e-13,0.30276030807298265
Sci/Tech,3077,0,0.9999999994311111,2.76272444928715e-39,7.584748278659624e-18,5.688722015785957e-10
Sci/Tech,3078,3,0.0038254999443870044,9.559431619591778e-23,3.4779118035210404e-10,0.9961744997078452
Sci/Tech,3079,3,0.006130507958804995,3.9359171809276117e-17,5.955639476661133e-05,0.9938099356464255
Sci/Tech,3080,3,0.00017568922096257544,2.0563069947075083e-18,0.0002011584536937878,0.9996231523253283
Sci/Tech,3081,0,0.9999999999968736,1.0878326089027911e-36,7.110369681223386e-21,3.104458424876134e-12
Sci/Tech,3082,2,3.6828913352126455e-07,3.223647611058145e-20,0.9854406352626538,0.014558996448219797
Sci/Tech,3083,0,1.0,1.9991241715330908e-36,6.563044424579911e-26,2.4699543991121514e-16
Sci/Tech,3084,3,1.249195646866689e-05,5.942478480342345e-27,1.016394287643445e-11,0.9999875080333501
Sci/Tech,3085,3,6.493437339679443e-08,6.906880868962776e-24,7.754854652801166e-11,0.9999999349880703
Sci/Tech,3086,0,0.9999999999186002,3.3246285286521735e-29,1.2943890223952652e-16,8.141992437492213e-11
Sci/Tech,3087,3,0.0005346620022324234,7.799460413158019e-12,2.9469082986937153e-06,0.9994623910816812
Sci/Tech,3088,0,0.9991967637938628,5.267205085116816e-25,4.005344747022353e-11,0.0008032361660557657
Sci/Tech,3089,0,0.9996217738384259,8.12396691213667e-31,9.853384586173451e-17,0.0003782261615486779
Sci/Tech,3090,0,0.9945715113405925,9.621577967745883e-21,8.178344380503256e-09,0.005428480481090517
Sci/Tech,3091,0,0.9999566802482737,3.745118851943029e-20,1.7332041514105908e-12,4.3319749986323584e-05
Sci/Tech,3092,0,0.9942239979941836,1.9727873153460837e-32,1.4184161016906472e-15,0.00577600200579017
Sci/Tech,3093,0,0.9999865377674351,2.8747262332969173e-22,9.808140174659746e-09,1.345242444675421e-05
Sci/Tech,3094,0,0.9999999990758397,4.5740925656030924e-30,4.0048744003066224e-17,9.241817728553717e-10
Sci/Tech,3095,0,0.9940693487731854,2.896768927358248e-23,2.4722029694967845e-13,0.005930651226558624
Sci/Tech,3096,0,0.99999974508015,3.889388018923637e-35,6.052156431284728e-19,2.549198668336334e-07
Sci/Tech,3097,0,0.9510752353598659,1.8051000531160286e-27,1.6620095432272806e-14,0.048924764640127724
Sci/Tech,3098,0,0.9999999998784688,2.5436548549459138e-36,2.3634833259751928e-21,1.2152824288018678e-10
Sci/Tech,3099,1,1.5216006787133554e-06,0.9834404587747803,4.047811827902825e-20,0.01655801962451976
Sci/Tech,3100,3,7.207016065001081e-07,1.7112797992196396e-23,3.944921129833068e-09,0.9999992753534809
Sci/Tech,3101,0,0.9999999999854481,2.590401498392029e-34,1.0435212786961007e-21,1.4563216590629066e-11
Sci/Tech,3102,0,0.9304128146120434,2.833441027883291e-20,2.0621248393662937e-07,0.06958697917545086
Sci/Tech,3103,0,0.8392003673667452,3.0191259167156334e-19,1.6712975123957918e-09,0.16079963096197378
Sci/Tech,3104,0,0.9999773368293695,7.690175903150405e-36,8.756300052075588e-18,2.266317060809693e-05
Sci/Tech,3105,0,0.9999056253457749,3.3847953363580624e-30,1.3492012515665615e-15,9.437465420407839e-05
Sci/Tech,3106,0,0.9999999996181828,3.463253668959054e-32,2.5817109038123886e-17,3.8182187040824665e-10
Sci/Tech,3107,0,0.9999999824290741,2.8112893053618483e-33,1.792120180571472e-18,1.7570922386287867e-08
Sci/Tech,3108,0,0.8589080537184048,7.615747894415834e-25,2.228968362873484e-10,0.14109194605870923
Sci/Tech,3109,0,0.9999999999076294,1.8225668219696743e-36,3.2332893312035314e-19,9.237343884945367e-11
Sci/Tech,3110,0,0.9981732521496746,3.0216442008393733e-21,8.60154010551525e-10,0.0018267469901767372
Sci/Tech,3111,0,1.0,7.736638080221089e-47,4.998943774174446e-29,3.1406906987321504e-19
Sci/Tech,3112,0,0.9997608632621063,6.015123769919172e-24,6.869643970547214e-14,0.00023913673783600232
Sci/Tech,3113,0,0.9999999999475335,9.033076681099199e-40,2.3297051226995594e-22,5.24629997685546e-11
Sci/Tech,3114,0,0.9999995781129523,3.385574507825958e-21,1.584763964260905e-16,4.2188702462127276e-07
Sci/Tech,3115,3,0.007425867880345126,1.1435916791368073e-25,1.3358373756714095e-11,0.9925741321062965
Sci/Tech,3116,0,0.9987171301176498,1.4359480368828907e-25,3.9889573373806144e-13,0.0012828698819391303
Sci/Tech,3117,0,0.9999994192278886,3.6110293968120636e-31,3.5943874926906654e-16,5.807721267176393e-07
Sci/Tech,3118,3,0.1469671185494589,5.950600462220389e-18,1.5194491875552193e-10,0.8530328812986151
Sci/Tech,3119,0,0.9999995385458574,4.473325303481391e-26,5.5207154766599087e-14,4.614540894161646e-07
Sci/Tech,3120,3,0.3062950240109683,3.7593279070483574e-22,3.796287068033742e-11,0.6937049759510534
Sci/Tech,3121,0,0.9999999999997726,3.005297243719388e-40,2.1321917616264404e-22,2.505840468729713e-13
Sci/Tech,3122,0,0.6593584372763299,1.4474373459173628e-24,1.8194648062841608e-10,0.3406415625417426
Sci/Tech,3123,0,0.9999999965625648,1.3038916017651822e-28,3.390910406577841e-14,3.4373742276452605e-09
Sci/Tech,3124,0,0.9319904834124156,6.2705358265721594e-18,3.403913991719479e-09,0.06800951318367886
Sci/Tech,3125,0,0.9999999999999432,3.1537408752794973e-40,2.2193888861029587e-23,3.250447522341634e-14
Sci/Tech,3126,3,3.738668796696277e-05,1.6870406276038427e-22,1.6793382244094428e-09,0.9999626116326839
Sci/Tech,3127,0,0.9999999999998863,2.8804383499980137e-39,1.3061049061594372e-22,9.846710475715756e-14
Sci/Tech,3128,0,0.9999994207490744,2.333466330184314e-28,8.673509411438414e-14,5.792508551240563e-07
Sci/Tech,3129,0,0.9996230922928896,7.453715741497039e-23,4.6071519454779174e-14,0.00037690770706007146
Sci/Tech,3130,3,0.029082462271970807,7.781890968363671e-20,5.938169976814689e-06,0.9709115995580473
Sci/Tech,3131,3,0.04114171606022602,2.2321975352068755e-28,3.7975253090314107e-11,0.9588582839018107
Sci/Tech,3132,3,7.05020180164795e-07,5.1682948274955275e-12,0.000613556112956626,0.999385738861687
Sci/Tech,3133,0,1.0,1.1590280633368419e-38,2.382762703936843e-25,1.2729438625905772e-16
Sci/Tech,3134,0,0.9999936642625522,5.684643682081615e-29,3.4502649211137685e-08,6.301234790308841e-06
Sci/Tech,3135,3,0.09805530343464888,6.663895737736554e-20,8.462867542284328e-08,0.9019446119366481
Sci/Tech,3136,0,0.9999999978600158,3.0053078904370053e-30,9.061355558152839e-17,2.140002713567039e-09
Sci/Tech,3137,0,1.0,2.07112136496198e-40,8.706842397941641e-25,1.278997854154077e-17
Sci/Tech,3138,3,0.01493512614079098,2.7324083802867175e-19,4.528880772568554e-12,0.9850648738547054
Sci/Tech,3139,0,0.9999999349685161,5.068576650527508e-23,1.2021549484788492e-14,6.503144390368491e-08
Sci/Tech,3140,3,9.715794758444463e-09,2.1346982883301953e-23,5.039906959474582e-07,0.9999994862935364
Sci/Tech,3141,0,0.9316375913835223,4.413295215262453e-21,9.772421356038387e-05,0.06826468440293744
Sci/Tech,3142,3,4.932535700648496e-08,2.164754830190387e-24,2.445200741082638e-07,0.9999997061545832
Sci/Tech,3143,3,0.00733496266893216,1.4261841269819056e-14,3.0388669529496654e-05,0.9926346486615427
Sci/Tech,3144,0,0.9998482009515587,3.4747897670441645e-15,1.6699255897020004e-13,0.00015179904829003678
Sci/Tech,3145,0,0.9999999999998295,5.088154226267311e-32,3.9576496996879083e-19,1.6038658662353735e-13
Sci/Tech,3146,0,0.9999887065936759,5.623728669962547e-22,7.236000484832085e-15,1.1293406333200463e-05
Sci/Tech,3147,0,0.9999999990213837,1.1682478080328092e-34,3.8422821370150524e-20,9.786142462642748e-10
Sci/Tech,3148,0,0.9999999999970441,2.7929042199579636e-33,7.227251532983885e-19,2.9805139623503446e-12
Sci/Tech,3149,0,0.9981934863259259,4.651847004414177e-23,1.394795368523783e-09,0.0018065122792911283
Sci/Tech,3150,3,2.0355479749693216e-06,2.975654610012952e-20,2.2439320725083726e-10,0.9999979642276148
Sci/Tech,3151,3,0.0004149093037580271,1.301016061208508e-25,1.22238199124473e-07,0.9995849684580526
Sci/Tech,3152,3,2.054250330550689e-06,3.163680316302331e-20,6.795529950287674e-08,0.9999978777943633
Sci/Tech,3153,0,0.9998483778536096,1.2116828815230502e-29,3.0347116694829855e-16,0.00015162214641821175
Sci/Tech,3154,3,0.23728519642133564,9.622402562654852e-28,6.434569247175526e-12,0.7627148035722401
Sci/Tech,3155,0,0.9982071262064228,2.2748571553569495e-34,5.1542219646885126e-21,0.0017928737936053415
Sci/Tech,3156,0,0.9999990781705307,1.3285590221136868e-30,2.5744723485821367e-17,9.218294480769897e-07
Sci/Tech,3157,0,0.9980206558655003,3.96221051394071e-23,1.3774191805519948e-10,0.001979343996779157
Sci/Tech,3158,0,0.9999999999918714,1.1584524537895064e-29,6.803739219400366e-22,8.138814340260982e-12
Sci/Tech,3159,3,1.1839752364032304e-05,4.560415271615627e-27,6.449933494217475e-08,0.999988095748308
Sci/Tech,3160,3,0.0010364146312888524,2.2631659529023184e-27,2.1521385727351414e-11,0.998963585347189
Sci/Tech,3161,0,0.9999999966101996,8.778420273909255e-38,2.0240942881903372e-18,3.389824199081024e-09
Sci/Tech,3162,3,2.3589289133173066e-05,1.7292232916655916e-25,2.740194122111667e-12,0.9999764107081265
Sci/Tech,3163,0,1.0,6.135358653273538e-41,8.888100296821985e-25,5.612916953413465e-15
Sci/Tech,3164,3,0.0006750745146208918,2.0714410958009946e-20,2.2851848485410127e-08,0.9993249026335511
Sci/Tech,3165,0,0.9999999257290738,1.1138442147612689e-26,7.516278057033056e-13,7.427017261574366e-08
Sci/Tech,3166,3,3.4687429541298613e-06,1.492670774829659e-20,2.8960403028225214e-08,0.9999965022966314
Sci/Tech,3167,0,0.9999018100210194,1.0279131427948165e-22,2.2381280502216955e-15,9.818997896575359e-05
Sci/Tech,3168,0,0.9999524503024512,2.285021660814318e-28,6.304812664159202e-13,4.754969689557392e-05
Sci/Tech,3169,0,0.9999951635590351,3.237302995037597e-27,8.413490248725899e-14,4.8364408885978605e-06
Sci/Tech,3170,0,1.0,2.3603603601138756e-41,1.815358202700614e-24,1.1388078636088207e-14
Sci/Tech,3171,3,0.22950197459820748,4.1290980748103885e-24,1.235557258434508e-09,0.7704980241662233
Sci/Tech,3172,0,0.9997310696389068,3.723299997047493e-27,1.612621953473717e-08,0.00026891423489897514
Sci/Tech,3173,0,0.9999993943007,3.0652160539568286e-26,6.477515483560209e-14,6.056992357104874e-07
Sci/Tech,3174,0,1.0,1.306968270963949e-43,3.1481654817044514e-30,4.3102779911505646e-18
Sci/Tech,3175,0,0.9999463732756302,4.5200309104920983e-32,4.002111241277995e-19,5.3626724378858496e-05
Sci/Tech,3176,0,0.9957557323317905,4.576924455980782e-23,1.6029681816596414e-09,0.00424426606525561
Sci/Tech,3177,0,0.9999999999802185,3.2008938212484764e-34,4.931527829020583e-18,1.978289173822452e-11
Sci/Tech,3178,0,0.9999999999915872,2.401069689975715e-32,1.0134081033602916e-17,8.422009758353754e-12
Sci/Tech,3179,0,0.9999999901122578,4.310819146822011e-35,1.978145553103155e-18,9.887715814957427e-09
Sci/Tech,3180,0,0.9992821575992771,1.5876370853747783e-25,2.2384644624572318e-11,0.0007178423783341789
Sci/Tech,3181,0,0.8771975192883772,5.116842215044906e-14,2.884917736823482e-05,0.12277363153422871
Sci/Tech,3182,3,6.696391979485099e-06,4.485851193522794e-16,9.31550878662594e-10,0.9999933026764747
Sci/Tech,3183,0,0.8334705265179685,1.1341163557819672e-22,2.017393935924949e-12,0.1665294734800086
Sci/Tech,3184,3,1.2515884660368014e-06,1.3904465097695841e-25,6.009644480988082e-10,0.9999987478105818
Sci/Tech,3185,0,0.9999999995675921,7.942402274181609e-32,1.3536379577397777e-19,4.3241078863267056e-10
Sci/Tech,3186,3,0.0005821801481382256,1.2102322428038259e-19,1.1299010031222775e-08,0.9994178085528329
Sci/Tech,3187,0,0.9990109528311388,5.750710800449938e-31,4.571317487696631e-14,0.0009890471688227263
Sci/Tech,3188,0,0.8817070966075887,9.181120416955153e-15,2.1018161601880175e-07,0.11829269321076664
Sci/Tech,3189,0,0.9999999999988631,3.56120733940326e-32,4.2297555367091287e-19,1.1537450631802603e-12
Sci/Tech,3190,3,0.12880426892313226,1.9510263445898802e-17,9.629699612189802e-10,0.8711957301138824
Sci/Tech,3191,3,0.025491985618038192,2.1516999314202055e-15,6.499851585780742e-10,0.9745080137319986
Sci/Tech,3192,0,0.9999999998052544,9.178639689138241e-32,5.260795302162046e-19,1.9475678048907336e-10
Sci/Tech,3193,3,0.0034262091834953486,1.070846801701471e-21,1.8608158289051467e-11,0.9965737907979231
Sci/Tech,3194,0,0.999996551375694,8.012040644706767e-30,1.951882407464515e-14,3.4486242863468122e-06
Sci/Tech,3195,3,0.46070220273484286,1.2278063316525854e-27,1.7182008517078117e-17,0.5392977972651625
Sci/Tech,3196,0,0.9999999999999432,5.106209781793013e-43,1.4934823623780767e-24,3.761410957347128e-14
Sci/Tech,3197,3,2.200895061582449e-06,2.4336110105104433e-26,3.665697946322395e-12,0.9999977991013002
Sci/Tech,3198,0,0.9672059393850052,3.1703611063704957e-21,2.329041172301261e-07,0.032793827710890164
Sci/Tech,3199,3,4.3156822720863964e-10,2.7353022368591523e-13,3.257887220400237e-08,0.9999999669892651
Sci/Tech,3200,0,0.999999998001897,1.3423541377471703e-36,1.5270133361830342e-21,1.9980906746311518e-09
Sci/Tech,3201,0,0.9999999922112011,1.4622785780513056e-36,7.791088965709034e-20,7.788826575552719e-09
Sci/Tech,3202,0,0.9999997107300792,5.481407253716478e-36,1.9832378138023625e-18,2.892699038280222e-07
Sci/Tech,3203,0,0.998002177148227,1.3745839153202044e-21,9.018657655916704e-08,0.0019977326652046946
Sci/Tech,3204,3,2.2978665862113256e-08,1.0470040619437039e-22,1.9300710897609952e-08,0.9999999577206049
Sci/Tech,3205,0,1.0,1.2461584818425083e-46,1.6998321574649597e-26,1.1128406118366518e-17
Sci/Tech,3206,3,0.004656899355177449,1.9879819134279805e-24,1.1690506738953555e-09,0.9953430994757624
Sci/Tech,3207,0,0.9912030568131561,1.3762399821103395e-18,3.67350106319962e-11,0.008796943150114549
Sci/Tech,3208,3,1.3490350369673978e-05,2.0391074913946718e-19,6.233209297130634e-10,0.9999865090263119
Sci/Tech,3209,0,0.9999999999999432,5.913250513543766e-39,4.2022598116661746e-24,5.924972358664535e-14
Sci/Tech,3210,3,0.003487385171980035,1.2703744633973958e-22,6.330484046404081e-11,0.9965126147646973
Sci/Tech,3211,0,0.9999999999403144,5.462897728886274e-31,2.804087987102956e-17,5.966473570904767e-11
Sci/Tech,3212,3,4.20342380253902e-11,3.5765988759640837e-19,2.347578889680835e-10,0.9999999997232294
Sci/Tech,3213,3,0.0019128999123823101,4.1166105266331204e-23,2.5708389458088494e-07,0.9980868430037091
Sci/Tech,3214,3,1.1875491312292176e-06,0.0008443322495109216,2.1934719518521503e-08,0.999154458266624
Sci/Tech,3215,0,0.9985269207458755,1.1910953407059598e-24,2.433298710339946e-11,0.001473079229798965
Sci/Tech,3216,3,0.0004049487890047904,3.066403706240779e-13,4.370986844606733e-09,0.9995950468397147
Sci/Tech,3217,3,3.96239498821846e-07,3.448358786570413e-17,6.815673945774058e-11,0.9999996036923665
Sci/Tech,3218,0,0.7873126199305928,2.7925903078529987e-23,1.0428025047965817e-10,0.21268737996511533
Sci/Tech,3219,0,0.9999999999939178,8.794140586817898e-39,1.5838458005328207e-24,6.0744571515519434e-12
Sci/Tech,3220,0,0.9999999528822638,2.2734155407671266e-25,6.107103010754921e-16,4.711774039013625e-08
Sci/Tech,3221,3,1.886929495544393e-08,1.540371618944607e-11,1.998890011871236e-08,0.9999999611263782
Sci/Tech,3222,0,0.9999997454692999,4.932143394918427e-34,2.456346980934636e-15,2.5453072118736656e-07
Sci/Tech,3223,0,0.9999974716485116,5.10747246437103e-19,6.357697459661752e-14,2.5283514423026627e-06
Sci/Tech,3224,0,0.9999906595102981,9.011560813810908e-27,1.1145554677651059e-13,9.340489596527388e-06
Sci/Tech,3225,3,0.0008345278062478965,1.4253887590984957e-27,5.091694149910085e-13,0.9991654721932236
Sci/Tech,3226,3,0.003475189934489413,7.033592175784945e-19,1.5133398533430256e-12,0.9965248100640165
Sci/Tech,3227,0,0.9963501945431021,1.3774487973180412e-27,2.895078899433593e-13,0.0036498054566082524
Sci/Tech,3228,0,0.9997227449269973,1.3493494353254577e-25,4.850874265126745e-13,0.00027725507250231477
Sci/Tech,3229,0,0.9999999999614602,1.875686455867298e-39,1.0745168224663824e-21,3.854037004068601e-11
Sci/Tech,3230,0,0.9999999996525162,1.7959578920454785e-30,3.4162148034516608e-18,3.4746583976878107e-10
Sci/Tech,3231,0,0.9999999999996021,5.856843336955532e-36,3.0411775257196416e-19,3.748754505578279e-13
Sci/Tech,3232,3,1.9693040066793852e-05,4.166263161523856e-25,1.0321027643295872e-10,0.9999803068567044
Sci/Tech,3233,3,0.2142206420012439,1.4600500642700634e-23,3.0381451280890555e-11,0.7857793579683846
Sci/Tech,3234,0,0.9999994291114187,4.849716063645958e-22,1.196129440006337e-16,5.708885946426314e-07
Sci/Tech,3235,0,0.999925311115466,1.4083933576177582e-29,3.958289051618541e-15,7.468888454196112e-05
Sci/Tech,3236,3,0.018660305086988353,9.305919596699308e-24,2.143677741764344e-08,0.9813396734762557
Sci/Tech,3237,3,9.466458365543822e-07,8.23382162503462e-28,2.487887611055619e-08,0.9999990284752757
Sci/Tech,3238,0,0.9502622322393491,3.5965019247033474e-16,1.525825346728765e-10,0.04973776760805619
Sci/Tech,3239,3,1.54448002076691e-08,2.8661316551700177e-27,6.670653873827752e-14,0.9999999845551316
Sci/Tech,3240,3,0.00750885512285554,3.0681473115574946e-20,4.655351130804568e-08,0.9924910983236185
Sci/Tech,3241,0,0.9999999999997726,1.0045739951844913e-35,2.038528246160163e-23,2.2687150746894907e-13
Sci/Tech,3242,3,2.0705837467862986e-07,1.617830501664352e-24,2.4774766082463968e-08,0.9999997681668715
Sci/Tech,3243,3,0.2858521388014864,6.779047155659457e-23,1.2771538267549716e-08,0.7141478484269739
Sci/Tech,3244,0,0.9411524987233238,3.880584447416516e-26,1.2577109193510526e-11,0.058847501264111986
Sci/Tech,3245,3,4.159565567879909e-07,1.3370002160742284e-15,1.504749182544828e-06,0.9999980792942693
Sci/Tech,3246,0,0.9963995929980385,1.2103358614414474e-27,2.956316653199529e-12,0.003600406998979624
Sci/Tech,3247,3,0.00018138049044452224,6.130459666399052e-19,3.3098011519581553e-06,0.9998153097084306
Sci/Tech,3248,0,0.9955084361253985,1.386937213496262e-21,5.0076458297305956e-09,0.004491558866935532
Sci/Tech,3249,0,0.9999997663722116,9.27349863807913e-30,5.784432773007174e-11,2.3356991608423778e-07
Sci/Tech,3250,0,0.986285425738014,6.798422049143923e-22,9.960687385764515e-13,0.013714574261008288
Sci/Tech,3251,0,0.9754446615564226,7.315683566421047e-28,1.2791580523847013e-08,0.024555325651977874
Sci/Tech,3252,3,1.8944117202873153e-05,6.12967744645977e-21,1.3403898699600268e-10,0.9999810557487662
Sci/Tech,3253,0,0.9999867644643762,4.64415204514689e-33,4.435001372764602e-19,1.32355356346392e-05
Sci/Tech,3254,0,1.0,1.6811732023969977e-50,1.604997316985579e-27,1.202268758808688e-18
Sci/Tech,3255,3,8.250411093778294e-08,1.9874427056525436e-27,3.1117093353646303e-14,0.9999999174958737
Sci/Tech,3256,0,0.9992915895049882,1.6378904140435015e-23,4.212841392960685e-09,0.0007084062821881387
Sci/Tech,3257,3,7.207016065001081e-07,1.7112797992196396e-23,3.944921129833068e-09,0.9999992753534809
Sci/Tech,3258,0,0.9999999999997726,2.076007129227547e-39,6.114033653233555e-23,2.4986739924916637e-13
Sci/Tech,3259,0,0.999999990978722,6.382779156619598e-34,1.7417826481154735e-18,9.021261365343638e-09
Sci/Tech,3260,0,0.9997142674793562,6.543441683193422e-26,8.769737158425912e-13,0.00028573251973954987
Sci/Tech,3261,0,0.7750225083571793,3.482778860298328e-28,4.0578694143188305e-14,0.22497749164280176
Sci/Tech,3262,0,0.9999963779483436,6.628914227200105e-28,7.773930916774178e-17,3.622051665246032e-06
Sci/Tech,3263,0,0.9988660140899062,8.180177642633529e-20,1.6105110970790164e-11,0.001133985893982475
Sci/Tech,3264,0,0.9999226961791755,1.5019185650886085e-28,1.2445437320460848e-10,7.730369638031327e-05
Sci/Tech,3265,0,0.9999953153071626,1.0192759615273801e-21,2.948018591053241e-13,4.684692522466313e-06
Sci/Tech,3266,0,0.9999999878243103,8.60003981454434e-35,1.5394932621331984e-19,1.217568804395e-08
Sci/Tech,3267,3,6.753791292284593e-09,1.1875104133066964e-08,6.349840041392408e-05,0.9999364829707005
Sci/Tech,3268,0,0.9997453174917413,9.190396367877334e-29,1.4818446519191804e-15,0.0002546825082433377
Sci/Tech,3269,3,0.001885992125245185,4.518889064379564e-20,9.228497859330299e-06,0.9981047793768876
Sci/Tech,3270,0,0.999994876967995,3.781533205503869e-33,3.520999070605095e-18,5.123031986443616e-06
Sci/Tech,3271,3,0.0032255211532543847,1.8766135620401893e-17,5.622021780384916e-07,0.9967739166445787
Sci/Tech,3272,3,6.752338811808966e-07,2.4243727697244472e-23,5.282169988560634e-13,0.9999993247656113
Sci/Tech,3273,3,6.658644760258752e-05,1.7927354148791725e-10,2.9934128858483964e-09,0.9999334103797065
Sci/Tech,3274,0,0.9999999999779448,2.3831304987900896e-37,4.5677707424930275e-18,2.204555954745068e-11
Sci/Tech,3275,0,0.9999619412132694,1.7365998700097553e-23,8.236925912667118e-10,3.8057963057230946e-05
Sci/Tech,3276,3,6.432522538624624e-06,1.568267157297983e-09,3.3252786939330967e-09,0.9999935625839108
Sci/Tech,3277,0,0.9999969320669374,5.221733534952775e-26,9.513525179576713e-10,3.066981722332981e-06
Sci/Tech,3278,0,0.9998820535162937,3.1294596634445703e-24,1.4166028251433747e-10,0.00011794634202261238
Sci/Tech,3279,0,1.0,1.97517234919951e-39,4.124190988016066e-24,1.878674472631209e-15
Sci/Tech,3280,0,0.999730303649116,2.1659261881525467e-23,2.749576636988419e-11,0.00026969632337835864
Sci/Tech,3281,3,1.179934192185282e-09,1.8759892272213163e-24,6.564888573181529e-13,0.999999998819419
Sci/Tech,3282,0,0.9999999987726369,5.596436559947157e-34,1.5024224705830294e-22,1.2273743129600803e-09
Sci/Tech,3283,0,0.999691024153519,1.0164721383463337e-33,1.2284479982070314e-15,0.0003089758464799415
Sci/Tech,3284,0,1.0,4.00621902999017e-43,1.8793384950142274e-29,1.6974171931382763e-17
Sci/Tech,3285,3,1.5261133104367536e-05,5.5384759221149097e-11,1.3753955787463732e-11,0.999984738797745
Sci/Tech,3286,0,0.9999980634465253,5.4344667575326716e-17,3.419482056457412e-12,1.936550040292158e-06
Sci/Tech,3287,0,0.9999633082471937,7.823087548599287e-22,7.377165170793415e-11,3.6691679053874225e-05
Sci/Tech,3288,0,0.9999998037204898,7.572911472788846e-29,8.215480945807665e-13,1.9627870609101695e-07
Sci/Tech,3289,0,0.9895527462186338,9.689297050769257e-28,3.1773371319347045e-13,0.010447253781026409
Sci/Tech,3290,0,0.9999999999906208,1.6339474386888505e-37,3.600680552516115e-24,9.388106636656231e-12
Sci/Tech,3291,3,0.0003304793937685581,9.673498806150463e-18,5.4499966891054264e-09,0.9996695151562585
Sci/Tech,3292,3,3.969419732162086e-05,3.742130150046623e-28,1.1092639618557061e-11,0.9999603057915895
Sci/Tech,3293,3,9.797811643662783e-06,1.4535562450226196e-21,2.0940322407269743e-12,0.9999902021862344
Sci/Tech,3294,0,0.9990889105805182,2.566864056127707e-22,1.5126184969799205e-11,0.0009110894043516638
Sci/Tech,3295,3,3.25961740797049e-06,5.170160734750499e-18,9.406414035024729e-05,0.9999026762422568
Sci/Tech,3296,3,0.000621482130217569,2.0700567618509307e-16,1.986399157892981e-08,0.9993784980057907
Sci/Tech,3297,3,0.04507706000634338,1.2758742931530445e-15,0.00011451675946427857,0.9548084232341695
Sci/Tech,3298,3,0.10765368874001717,1.763225293652815e-25,1.0106800595438019e-11,0.8923463112498733
Sci/Tech,3299,3,8.693386478422105e-06,4.0905116203076176e-24,1.2602162038110157e-13,0.9999913066134108
Sci/Tech,3300,3,1.0858387047709746e-05,4.394221213002362e-18,9.59985620715338e-07,0.9999881816273497
Sci/Tech,3301,0,0.9999998120121808,3.1492038653830378e-30,4.3047697780871835e-14,1.879877886202488e-07
Sci/Tech,3302,0,0.5468525170562083,8.481564144082403e-29,5.258316161223243e-14,0.4531474829437479
Sci/Tech,3303,0,0.9999382970709301,1.4981210413985528e-22,2.7273137961177735e-10,6.170265634326854e-05
Sci/Tech,3304,0,0.9853875756877449,3.626507098367796e-23,4.715940136283463e-10,0.014612423840677779
Sci/Tech,3305,0,0.521441281962323,1.1104660004312844e-24,7.0632418859385774e-12,0.47855871803060873
Sci/Tech,3306,0,0.9990220772819983,5.301781707028662e-22,3.5804717033407236e-05,0.0009421180009747472
Sci/Tech,3307,3,6.955080999221376e-05,6.492778973372335e-25,1.0229263793788635e-10,0.9999304490877178
Sci/Tech,3308,3,0.0013868545216187236,2.8088605944672483e-25,9.907738116510148e-13,0.9986131454773962
Sci/Tech,3309,0,0.9999999999669171,8.384620253451733e-33,2.0379712128062606e-20,3.307878731108858e-11
Sci/Tech,3310,3,3.7473530647019247e-06,1.608333411685285e-09,2.5963860643460733e-08,0.99999622507473
Sci/Tech,3311,3,5.003890994797616e-05,1.518397006931797e-23,3.7951377234533374e-13,0.9999499610896809
Sci/Tech,3312,3,0.0003323371876761701,1.4410750901774918e-28,1.6960950047351824e-05,0.9996507018622739
Sci/Tech,3313,3,2.0082655917078825e-06,1.0198360429742186e-12,4.892979354791213e-06,0.9999930987540288
Sci/Tech,3314,2,0.0001098946040522304,4.6439592956842594e-20,0.9533546783566664,0.04653542703925707
Sci/Tech,3315,3,3.0347811728605775e-05,2.0910909732693924e-17,2.173771479272599e-10,0.9999696519708658
Sci/Tech,3316,0,0.8919086607699339,3.5600376490592316e-30,6.234780474624123e-17,0.10809133923008095
Sci/Tech,3317,0,1.0,3.798992570025227e-41,2.229796737197768e-24,9.945887825330003e-15
Sci/Tech,3318,3,0.00014021656960263074,6.97397818379293e-25,2.1099386257589395e-11,0.9998597834092746
Sci/Tech,3319,0,0.999999329820011,2.5560526542514105e-35,1.1260903838872515e-18,6.70180001328241e-07
Sci/Tech,3320,0,0.8849553307700047,2.3377337460512853e-15,0.0003944777936282404,0.11465019143637925
Sci/Tech,3321,0,0.9988304988554115,1.0357153290644664e-18,3.3149069815922655e-09,0.001169497829671715
Sci/Tech,3322,0,0.6265149535495882,5.279937271942688e-21,3.090058893757598e-09,0.3734850433603313
Sci/Tech,3323,0,0.9999996394538552,3.037256441487732e-29,1.1411512964547106e-15,3.605461420280773e-07
Sci/Tech,3324,0,0.9999999875723803,2.5731367576277573e-33,2.0330788933659273e-18,1.2427606729049229e-08
Sci/Tech,3325,0,0.9908564676001025,8.760970749484243e-20,3.456264054934336e-07,0.009143186773480305
Sci/Tech,3326,3,3.230648307843991e-06,1.7457896974842622e-13,1.6799859021246901e-06,0.9999950893656042
Sci/Tech,3327,3,0.009241719525571103,3.939584074327672e-08,2.844351066359197e-10,0.9907582407941596
Sci/Tech,3328,3,0.00012264806271049519,8.619650871178956e-13,8.022272358839899e-06,0.9998693296640827
Sci/Tech,3329,3,0.45980070676385404,3.0192165934628272e-22,1.4539457499196873e-08,0.5401992786966827
Sci/Tech,3330,3,0.07407416843374276,4.050441210686984e-15,2.4177553211967002e-05,0.9259016540130313
Sci/Tech,3331,3,7.481074645614146e-10,2.815113702626284e-18,1.7689477481371395e-12,0.9999999992501216
Sci/Tech,3332,0,0.9995165634028346,9.673423092238677e-27,4.216583548569534e-11,0.0004834365550033782
Sci/Tech,3333,3,0.0002310985141395192,2.374546975278321e-12,5.93089624530492e-07,0.9997683083938693
Sci/Tech,3334,3,8.359272762799098e-05,3.274443958988782e-22,1.5326806691446642e-06,0.9999148745916986
Sci/Tech,3335,0,0.9150605760348548,2.0191512046616402e-26,2.3076534621894194e-11,0.08493942394209132
Sci/Tech,3336,0,0.998334794835657,6.2660105328684465e-28,0.0008775020132051972,0.0007877031511637749
Sci/Tech,3337,0,0.9999999999998863,7.525531175519664e-36,5.817109579310957e-23,9.195155262916836e-14
Sci/Tech,3338,0,0.9999998341207994,8.22020751217196e-23,5.048768545966396e-17,1.6587918682251014e-07
Sci/Tech,3339,3,0.003646939072329963,2.783881288828731e-25,1.0168473951200415e-12,0.9963530609266527
Sci/Tech,3340,3,0.2497984517091169,1.519747702333509e-25,3.8023776842448315e-12,0.7502015482870981
Sci/Tech,3341,3,0.00010941626180664208,1.327514358206905e-26,7.64620760885268e-15,0.9998905837381806
Sci/Tech,3342,3,0.014719908296876404,2.126131996474363e-25,1.1855825045962448e-11,0.9852800916912553
Sci/Tech,3343,3,3.873260692685154e-05,1.269011611182919e-22,2.8172367726438107e-09,0.9999612645758185
Sci/Tech,3344,2,0.003940529235286099,2.713963969028908e-19,0.9709076069785794,0.02515186378614875
Sci/Tech,3345,0,0.9613809476243296,9.19555694227306e-23,7.892715839013715e-12,0.03861905236776676
Sci/Tech,3346,3,0.09564587158964455,1.777692638669841e-22,4.959433565252757e-10,0.9043541279144001
Sci/Tech,3347,3,0.00022316161940331029,5.3253362894427785e-24,2.51679124877856e-12,0.9997768383780894
Sci/Tech,3348,0,1.0,1.1705340161255989e-41,9.316175128206946e-27,3.805030170943498e-17
Sci/Tech,3349,3,0.00036486831514487576,1.367325483456191e-23,1.6554348827102963e-10,0.9996351315193159
Sci/Tech,3350,3,0.00068201479013903,1.6968253993730143e-17,8.842899302313054e-08,0.9993178967808625
Sci/Tech,3351,0,0.9999831049594153,3.0152596953391345e-29,6.9963419494135624e-15,1.6895040589917034e-05
Sci/Tech,3352,0,0.9999973338933343,4.1255698828720006e-29,1.3989673104935179e-16,2.666106647295087e-06
Sci/Tech,3353,3,5.252981589803876e-07,1.984477856867629e-12,7.727026730160413e-07,0.9999987019971752
Sci/Tech,3354,0,1.0,1.9508010924442935e-43,3.860241115675306e-29,5.0205993423712415e-20
Sci/Tech,3355,3,3.5915018556828905e-11,2.03178438150996e-18,3.372957071369919e-08,0.9999999662344982
Sci/Tech,3356,0,1.0,1.2221103089858902e-52,6.10465103833648e-33,2.313092636057648e-22
Sci/Tech,3357,0,0.9999999999874376,1.9603834249556153e-41,1.3025349536303619e-21,1.2550279148228363e-11
Sci/Tech,3358,3,0.03331089293447251,2.976352348910235e-25,2.8066452851584364e-14,0.9666891070654856
Sci/Tech,3359,3,0.012937869160880109,2.2288828744173358e-20,5.9298479928542665e-12,0.9870621308331821
Sci/Tech,3360,0,0.9987486571198161,1.7310086339942302e-23,2.9667734101025067e-13,0.0012513428799132101
Sci/Tech,3361,0,0.844763894170075,8.168666866881464e-18,9.321937858402499e-08,0.15523601261056882
Sci/Tech,3362,3,4.932535700648496e-08,2.164754830190387e-24,2.445200741082638e-07,0.9999997061545832
Sci/Tech,3363,0,0.8706545966866497,2.2463179097438e-24,4.001452210702648e-11,0.12934540327333072
Sci/Tech,3364,2,2.5881758503155755e-07,5.505842508999303e-30,0.999999732613482,8.568943177818243e-09
Sci/Tech,3365,3,5.625414413163791e-06,1.5719721164514887e-18,3.011200362529706e-08,0.9999943444735973
Sci/Tech,3366,0,0.9997189128220944,8.63488457029426e-20,1.9511202378425138e-12,0.00028108717594324133
Sci/Tech,3367,3,9.465195792537326e-06,6.366223543807657e-23,9.444736942100632e-10,0.9999905338597275
Sci/Tech,3368,3,3.0724845272107305e-10,6.685275345163018e-20,1.2189886548518299e-09,0.9999999984737542
Sci/Tech,3369,0,0.999989569336663,2.753704658434899e-32,8.726571300124887e-16,1.0430663313691124e-05
Sci/Tech,3370,0,0.9999999939792588,2.837701658468862e-28,1.7259889027893918e-17,6.020740225579698e-09
Sci/Tech,3371,0,0.9999999847576079,1.6274016061286642e-37,4.691817626625213e-18,1.524241372205898e-08
Sci/Tech,3372,0,0.9999999997166356,5.184398593506296e-35,4.642892035203111e-19,2.833474026221037e-10
Sci/Tech,3373,0,0.9970889927301161,1.954105290395728e-27,1.0178572990801541e-14,0.002911007269881046
Sci/Tech,3374,3,1.2232966764315711e-07,8.119255044236184e-23,2.2142515865762247e-11,0.9999998776481863
Sci/Tech,3375,0,0.9999951330592214,1.8385072482420726e-29,2.6850593195943867e-14,4.86694077376525e-06
Sci/Tech,3376,0,0.999429160306485,1.1997684995023316e-27,1.792757819189416e-11,0.0005708396755667299
Sci/Tech,3377,0,0.9999997768346383,3.167523075006572e-22,3.2407453419789883e-13,2.231650399400184e-07
Sci/Tech,3378,0,0.9999998545802206,4.217873892262789e-27,5.640955201956105e-17,1.4541980489094895e-07
Sci/Tech,3379,3,8.197857044396743e-05,2.94632886709773e-24,4.499411791445305e-10,0.9999180209796293
Sci/Tech,3380,3,0.01620008276345421,4.9637187071894176e-29,6.0384675249384445e-15,0.9837999172365239
Sci/Tech,3381,3,0.0002809316962460151,2.439504360713926e-26,7.565056582337192e-13,0.9997190683030077
Sci/Tech,3382,0,1.0,2.6791555391051122e-42,5.115566503715541e-27,5.305546038684512e-17
Sci/Tech,3383,0,1.0,1.6772951521646662e-47,2.309663456101552e-26,2.348940734083059e-15
Sci/Tech,3384,3,0.11695649679584808,1.6112944364809984e-21,1.0547039591806463e-11,0.8830435031936229
Sci/Tech,3385,0,0.9998600803870408,1.7101784380720404e-25,3.1537345920353246e-16,0.0001399196129623059
Sci/Tech,3386,0,0.9999912547323064,9.024861059667067e-30,2.37466188271671e-13,8.745267468548793e-06
Sci/Tech,3387,0,1.0,1.0696369000658766e-56,3.3538348338347463e-35,2.0441483528861536e-25
Sci/Tech,3388,0,0.9999985612441383,6.523005472581285e-31,8.90622549106967e-18,1.4387558433457456e-06
Sci/Tech,3389,0,0.9997738745348687,8.014882706081319e-17,4.880755216902174e-12,0.00022612546024112346
Sci/Tech,3390,3,6.810293104304918e-10,3.001479111727785e-15,5.053666301570289e-08,0.9999999487823188
Sci/Tech,3391,3,0.00020566686898632267,1.2749432115811235e-27,2.423236770663126e-12,0.9997943331285766
Sci/Tech,3392,3,4.874687531762655e-06,8.857678800849211e-16,1.0295594252665473e-05,0.9999848297182058
Sci/Tech,3393,3,0.3612946239129788,4.7031853826470665e-25,8.98806150729809e-09,0.6387053670989814
Sci/Tech,3394,3,0.0006641282035927996,5.1063068349904835e-14,2.8464948405060864e-08,0.9993358433313988
Sci/Tech,3395,3,0.047256117466687925,2.7174872474864205e-24,5.650489236016789e-11,0.9527438824768177
Sci/Tech,3396,0,0.9999998359691197,2.573758005780531e-31,4.0190751666492977e-19,1.640308559849008e-07
Sci/Tech,3397,0,0.9999613226842553,4.9647464541670914e-29,3.609617263238737e-15,3.86773157425889e-05
Sci/Tech,3398,0,0.8182435944908484,9.587675247390057e-17,2.87631739082417e-06,0.1817535291917678
Sci/Tech,3399,3,4.1228543750038253e-05,1.5445857433878403e-17,8.038737385859795e-09,0.9999587634174973
Sci/Tech,3400,0,0.9999999979131076,2.0880211478428913e-30,1.630241970408038e-19,2.0868868476357956e-09
Sci/Tech,3401,3,0.00013519054242385717,6.491879989012433e-13,2.9374714475320064e-05,0.9998354347424369
Sci/Tech,3402,0,1.0,1.4392658025463395e-43,6.754529355722468e-32,1.290824267825913e-20
Sci/Tech,3403,0,0.9999997490454322,1.8614372276626204e-27,1.7479688192396993e-13,2.509543661516148e-07
Sci/Tech,3404,0,0.9981503698120473,1.017915484515313e-18,6.633680700248642e-06,0.00184299650725382
Sci/Tech,3405,3,0.0005355403343650125,2.743965083674314e-14,5.542343842031895e-08,0.9994644042421523
Sci/Tech,3406,0,0.9999999969566034,5.697216149853396e-27,7.940310060198258e-15,3.043370938963169e-09
Sci/Tech,3407,3,0.0023593418045592283,5.330649406203064e-25,7.108321789337563e-14,0.9976406581953732
Sci/Tech,3408,0,0.7607050869590146,8.474610529123265e-16,0.000108690355274579,0.23918622268570724
Sci/Tech,3409,0,0.9999999818083439,1.4730167990712562e-34,2.01922071565327e-21,1.8191640915952242e-08
Sci/Tech,3410,0,0.9999999988913828,1.44464115743857e-39,2.867392263220096e-23,1.1086226308900101e-09
Sci/Tech,3411,0,0.9998992636138928,2.8930856435775834e-32,8.887432802949958e-16,0.00010073638608733592
Sci/Tech,3412,0,0.999999999995282,2.5881343274909315e-42,1.8872377898800724e-24,4.707801186350349e-12
Sci/Tech,3413,3,3.849646058762131e-07,1.1107543134894066e-11,0.0003411591570474795,0.9996584558672345
Sci/Tech,3414,0,0.9999999999954525,4.28968813494058e-44,8.331422196583522e-20,4.560448382105628e-12
Sci/Tech,3415,0,0.9999999995846451,1.1517800090241759e-32,1.611085953223638e-14,4.15328106071918e-10
Sci/Tech,3416,0,0.9999999998510702,1.4056798216114865e-33,2.8054277794438815e-17,1.4894752780052155e-10
Sci/Tech,3417,3,0.00011957740307518027,2.719657558745986e-25,5.076629435453146e-11,0.9998804225461593
Sci/Tech,3418,0,0.991250562810395,4.553131822968723e-16,1.580718459875065e-05,0.008733630005017853
Sci/Tech,3419,0,0.9999999995831672,1.835540673285562e-37,2.436191282973832e-19,4.1683038364310544e-10
Sci/Tech,3420,0,0.8768500708873082,7.318240674364179e-30,1.1363150105096856e-14,0.12314992911268102
Sci/Tech,3421,3,0.355675933708103,1.2686311203018953e-21,6.494016039442329e-11,0.6443240662269495
Sci/Tech,3422,3,3.723659832560242e-11,1.2770252150762655e-17,3.1472702364144345e-08,0.9999999684900449
Sci/Tech,3423,3,4.0634918910424086e-08,4.360717792718135e-22,3.5392811030763145e-08,0.9999999239722712
Sci/Tech,3424,0,0.9999999999998863,3.089246838448916e-39,4.07897442591984e-25,9.930049182936625e-14
Sci/Tech,3425,0,0.999999976237348,2.381398743601696e-28,3.7114000695131176e-13,2.3762304483743718e-08
Sci/Tech,3426,3,3.2145488684032623e-05,3.8259298574744914e-19,9.606501351915192e-11,0.999967854415248
Sci/Tech,3427,3,0.018378936190381757,2.8190195565921505e-20,1.2902826279962336e-10,0.9816210636805954
Sci/Tech,3428,3,0.07751745935348071,6.733701313393354e-21,1.802820292258845e-09,0.9224825388437271
Sci/Tech,3429,0,0.997119581555165,6.926616734838944e-30,2.892176985849848e-14,0.00288041844480586
Sci/Tech,3430,3,1.9179495423160136e-10,5.245696983892138e-22,1.96342834665869e-11,0.9999999997885425
Sci/Tech,3431,0,0.9999999934021275,5.077060200500754e-28,1.509100020715018e-16,6.597883432370286e-09
Sci/Tech,3432,0,0.9999969085911324,3.542893734549e-30,6.2637495250310166e-15,3.0914088521329826e-06
Sci/Tech,3433,0,0.9754064651912817,1.398266029795518e-24,5.673489457373256e-12,0.02459353480303298
Sci/Tech,3434,3,0.012107822770857278,1.5250537645584115e-12,4.61097384594909e-06,0.9878875662537757
Sci/Tech,3435,3,0.012305377798811835,7.784488305983842e-28,1.3924915328008854e-13,0.98769462220106
Sci/Tech,3436,0,0.9999983037104875,1.7447717472392386e-23,2.6149933904889578e-14,1.6962895142331116e-06
Sci/Tech,3437,0,0.9999666616638813,1.8132025222498475e-22,8.933561587463341e-11,3.3338246782747786e-05
Sci/Tech,3438,0,0.6608055181805716,1.959061572967998e-27,2.4151321943099793e-11,0.33919448179529577
Sci/Tech,3439,0,0.9999998571628441,2.0292588319202468e-23,3.5641673764430257e-13,1.428367965721242e-07
Sci/Tech,3440,3,0.002065884855017947,2.8919887380625935e-09,1.560528363699788e-10,0.9979341120969668
Sci/Tech,3441,0,0.9999999997732516,6.927449653196568e-34,2.3058982678617035e-20,2.2672405270832846e-10
Sci/Tech,3442,3,7.057247387555301e-08,1.6410871397664957e-20,1.6189584091056255e-08,0.9999999132379609
Sci/Tech,3443,3,0.05634742318613828,2.8283934692652615e-18,0.0005674321263915385,0.9430851446874957
Sci/Tech,3444,0,0.8070908172621591,1.1396634354750106e-29,4.797788872130933e-13,0.19290918273736862
Sci/Tech,3445,3,0.0007501625632310922,7.260147977945081e-11,7.509095934107724e-11,0.9992498372891017
Sci/Tech,3446,0,0.9991428069057567,1.0220435661409874e-22,6.520740535544723e-14,0.0008571930941588974
Sci/Tech,3447,0,1.0,9.858864570960315e-50,1.0567259086591047e-28,1.1677284217664443e-18
Sci/Tech,3448,0,0.9999999999999432,4.780064224388872e-45,5.116193551072322e-25,4.319137148641557e-14
Sci/Tech,3449,0,0.994919128282923,3.824268393260512e-27,5.610823422699042e-14,0.00508087171699523
Sci/Tech,3450,0,0.9999951871513844,3.4524766329304073e-22,8.275348772329642e-11,4.812765859279602e-06
Sci/Tech,3451,0,0.9999999606910145,7.610238067594149e-34,1.779671698834232e-16,3.93089924611534e-08
Sci/Tech,3452,0,0.9999956272109894,3.847268436456731e-23,1.4492182129722209e-13,4.372788884535962e-06
Sci/Tech,3453,0,0.999998605237301,1.48125790663507e-26,1.9218433708926289e-16,1.3947627056044909e-06
Sci/Tech,3454,0,0.9999999999996589,9.650822057781356e-37,8.403281688873661e-21,3.322328673156245e-13
Sci/Tech,3455,3,5.5082868416487115e-06,3.3840335847002506e-20,3.596042021395699e-08,0.9999944557527204
Sci/Tech,3456,0,0.7094394237952636,1.640187806424619e-24,3.998744771956473e-14,0.2905605762046942
Sci/Tech,3457,0,0.5089554691524601,3.201977640222566e-17,1.24692440345786e-05,0.49103206160352075
Sci/Tech,3458,0,0.9115319589786722,1.9033643547891347e-25,1.9188301331099386e-11,0.08846804100215014
Sci/Tech,3459,3,0.0031792791399871466,2.1019533898506258e-20,1.1858738567613184e-07,0.996820602272626
Sci/Tech,3460,3,1.423241755256943e-07,3.1152850968611506e-17,6.463375576797069e-07,0.99999921133829
Sci/Tech,3461,0,0.9993597331436351,3.4674795578977046e-23,5.5728092773856975e-12,0.0006402668508072134
Sci/Tech,3462,0,0.9999999999124043,1.213344586403115e-37,7.48796537444001e-21,8.758193607909846e-11
Sci/Tech,3463,0,0.9999322431441222,2.610594211070272e-21,1.2582193067595684e-08,6.774427370392733e-05
Sci/Tech,3464,0,0.9998612160699759,5.727691975036286e-24,2.3792542828920905e-14,0.0001387839299882922
Sci/Tech,3465,3,1.3629323845210719e-09,1.3086897835977135e-20,2.1264003431893277e-11,0.9999999986158059
Sci/Tech,3466,0,0.9999949865373928,4.912183276276906e-28,2.3761025184534038e-14,5.013462576953175e-06
Sci/Tech,3467,3,1.8058305464025943e-06,1.2455183059342247e-23,2.4921945413627263e-10,0.9999981939202309
Sci/Tech,3468,3,3.6494583912831833e-06,7.189733183268017e-10,1.4379079162899086e-06,0.9999949119146958
Sci/Tech,3469,3,0.0011582444962244345,1.5524329526365564e-13,4.399636698941222e-07,0.9988413155399413
Sci/Tech,3470,0,0.7802086850792167,9.262046217761894e-17,1.9560654615521477e-10,0.21979131472518024
Sci/Tech,3471,3,3.381994610634391e-05,1.1914210621499365e-18,1.59087700746368e-08,0.9999661641450965
Sci/Tech,3472,0,0.9989681870268151,1.1459675493785472e-25,5.000176968075699e-11,0.0010318129231712003
Sci/Tech,3473,0,0.9999983091922869,1.6079025217337563e-26,1.4706967752909512e-06,2.20110942592031e-07
Sci/Tech,3474,0,1.0,9.693070256254166e-49,6.767663587322872e-29,1.0118236377734803e-18
Sci/Tech,3475,0,0.9997456993131426,5.402190524374591e-23,6.567307998825308e-12,0.000254300680304436
Sci/Tech,3476,0,0.9997060253766031,1.145370298127656e-33,4.292091825458555e-16,0.0002939746234219482
Sci/Tech,3477,3,0.17493718222170432,1.056036793833885e-21,1.865008584034076e-09,0.8250628159132796
Sci/Tech,3478,0,0.9921922855025427,8.720740295455343e-26,4.1136723862980067e-11,0.0078077144562959605
Sci/Tech,3479,3,1.3698924878261536e-07,7.943625791351428e-14,5.5579596412496846e-06,0.9999943050510341
Sci/Tech,3480,0,0.9999997062310376,1.1930448458385971e-35,2.3849901059976765e-13,2.9376869784373333e-07
Sci/Tech,3481,3,4.934455882916031e-05,1.332406169150859e-12,0.00015100969267584517,0.9997996457471692
Sci/Tech,3482,3,0.004178430056499917,2.20168584887902e-20,2.147531059301438e-09,0.9958215677959834
Sci/Tech,3483,0,0.9999999999988631,1.6988751632862532e-36,1.798974796894864e-19,1.1151727952460749e-12
Sci/Tech,3484,0,0.9999973692491083,1.0343968601824764e-29,5.12688432248386e-13,2.630750360632024e-06
Sci/Tech,3485,0,0.9998422911748479,2.0616830758367956e-32,7.933537698204904e-12,0.00015770881721696234
Sci/Tech,3486,0,0.8610162506330534,3.149455292444536e-21,2.4235077210738665e-06,0.138981325859216
Sci/Tech,3487,3,2.3680607182132856e-10,4.0426566490770753e-20,3.446054899218605e-10,0.9999999994186055
Sci/Tech,3488,3,7.782135842891662e-05,2.706537219654112e-26,9.803106669407452e-12,0.999922178631741
Sci/Tech,3489,3,0.05244896957069065,1.5407070573406097e-22,5.5547810851720404e-12,0.9475510304237742
Sci/Tech,3490,0,0.9999957351238319,3.849353211951556e-25,2.902151852005394e-12,4.264873288405591e-06
Sci/Tech,3491,3,0.2784579648796709,8.835498741165803e-22,1.0178981345870602e-13,0.7215420351202472
Sci/Tech,3492,0,0.9999994100568904,1.582542275727101e-32,7.924230551162187e-20,5.899430827598228e-07
Sci/Tech,3493,0,0.9903072183615945,1.4436246825672318e-23,4.5949914714404395e-06,0.009688186646935796
Sci/Tech,3494,3,0.04696146662354028,1.849356609087011e-20,3.8913456441868016e-06,0.9530346420308204
Sci/Tech,3495,3,0.04186012767026459,2.583273957295586e-23,7.422118626017354e-13,0.9581398723289649
Sci/Tech,3496,3,2.913983575668703e-10,8.274136011561372e-23,7.983804448051705e-12,0.9999999997006057
Sci/Tech,3497,3,8.617754577839665e-08,2.2240152139605916e-21,2.410201450772868e-10,0.9999999135814088
Sci/Tech,3498,3,4.1770702460574806e-06,4.1945783653415705e-14,1.7935483687996196e-06,0.9999940293813305
Sci/Tech,3499,0,1.0,8.607525879874231e-61,1.5136254941749435e-36,9.925798478182874e-26
Sci/Tech,3500,0,1.0,3.1479309199869445e-41,2.6243950156112864e-27,3.132126588139694e-16
Sci/Tech,3501,0,0.593314187788937,8.013543535144202e-23,1.7276752914283529e-07,0.40668563944351405
Sci/Tech,3502,3,2.2790626156669623e-09,7.757318702662591e-28,8.04247199661138e-15,0.99999999772092
Sci/Tech,3503,0,0.7176185461559366,2.1801607536590557e-16,6.942486582661783e-08,0.2823813844191974
Sci/Tech,3504,3,0.027161428469000017,6.29044300472454e-29,2.027367588698266e-11,0.9728385715107168
Sci/Tech,3505,0,1.0,4.571051572728418e-44,2.3207267953274418e-27,2.060549243198331e-18
Sci/Tech,3506,3,1.7784136627576464e-08,6.775661014479773e-23,3.837201587425332e-10,0.9999999818321613
Sci/Tech,3507,0,0.9805093362164774,6.047994372195035e-24,1.2576444789843853e-06,0.01948940613905164
Sci/Tech,3508,3,0.0009344845021890704,3.85553222951724e-25,6.378270934433331e-10,0.999065514859962
Sci/Tech,3509,0,0.7468135829528296,1.197717275481889e-13,1.2871340069046832e-13,0.2531864170469014
Sci/Tech,3510,0,0.8775030001088653,3.327166726391611e-23,1.6208587540301776e-10,0.12249699972907169
Sci/Tech,3511,3,0.0011542225904769587,8.784585237993441e-30,1.801533426899789e-13,0.9988457774093189
Sci/Tech,3512,0,0.9995191052629278,4.208961793662145e-30,1.0875160376909881e-16,0.00048089473705323484
Sci/Tech,3513,0,0.9999995040797196,1.6837753641565634e-30,2.7285652040285557e-13,4.95919990846779e-07
Sci/Tech,3514,0,0.8386815137634097,2.7016886513494694e-20,1.9782531656858243e-13,0.1613184862363992
Sci/Tech,3515,0,0.9999967915353835,1.3141420037197079e-31,2.7099732293219163e-18,3.2084646038961735e-06
Sci/Tech,3516,3,0.001205007742582052,1.5703063817311515e-21,6.452869213399839e-11,0.9987949921928841
Sci/Tech,3517,0,0.9999999997460804,1.318331899293411e-35,1.0211914948274326e-19,2.539317236110666e-10
Sci/Tech,3518,0,0.9999999999994316,1.3350675891357422e-40,5.642873464754712e-24,5.401791005668966e-13
Sci/Tech,3519,0,0.9999999858048342,1.000055280870395e-30,7.74537270985787e-18,1.4195151413661504e-08
Sci/Tech,3520,3,0.005946097176286823,4.024068779509288e-09,2.3978996360536075e-08,0.9940538748206397
Sci/Tech,3521,0,0.9846154099879941,1.3777747276896247e-25,3.780875132418449e-12,0.015384590008208836
Sci/Tech,3522,0,0.9999999998267413,6.324667710216457e-32,7.841113777409197e-15,1.7325968719811326e-10
Sci/Tech,3523,0,0.9998629357925072,3.314877900859014e-25,8.964157261245458e-06,0.00012810005025810356
Sci/Tech,3524,3,0.009237172750315957,2.302932468289491e-27,8.965143019472898e-13,0.9907628272488068
Sci/Tech,3525,3,0.020598660677149393,4.812573952128186e-23,4.017048030917625e-12,0.9794013393188569
Sci/Tech,3526,0,0.9999999996286988,3.703385203874072e-39,3.956154024727991e-21,3.713224331834731e-10
Sci/Tech,3527,3,6.844495986443159e-06,4.955775375225715e-22,1.7273325195841776e-12,0.9999931555022996
Sci/Tech,3528,0,1.0,1.021131035735536e-50,5.605380641113649e-34,3.9983556363494437e-23
Sci/Tech,3529,3,2.4072336868006864e-12,6.906509014753183e-25,2.8922741339820065e-11,0.9999999999686793
Sci/Tech,3530,3,0.00011527562045601686,2.7057127854975816e-28,1.8414451193348546e-14,0.9998847243795461
Sci/Tech,3531,3,6.644238204498949e-05,4.794914398466764e-24,1.9142323956357104e-10,0.9999335574265211
Sci/Tech,3532,0,0.9999999825025158,1.3079294193675214e-30,1.9759661865039937e-17,1.7497512351609884e-08
Sci/Tech,3533,3,1.2083752023554978e-09,3.0845969850332376e-21,2.090193335548014e-09,0.9999999967014332
Sci/Tech,3534,0,0.9999997699821657,2.0438017150165698e-30,2.4338135367695625e-17,2.300178368710517e-07
Sci/Tech,3535,3,0.0019011093003228764,1.4903652232391411e-30,9.207998941426041e-15,0.9980988906996684
Sci/Tech,3536,3,4.3789361190230215e-06,1.3000292611035984e-18,6.606784432172056e-07,0.999994960385459
Sci/Tech,3537,0,0.8551645540412973,6.909785168075227e-13,9.775039753303608e-11,0.14483544586028724
Sci/Tech,3538,0,0.9999999779153657,3.485283271882404e-32,2.744479412238246e-19,2.2084618656288244e-08
Sci/Tech,3539,0,0.8563885538120724,2.557214464383803e-28,1.9031725287738933e-11,0.14361144616890428
Sci/Tech,3540,0,0.9999924366221751,1.1090911269926769e-29,2.561264389612499e-14,7.5633778132385e-06
Sci/Tech,3541,0,0.999999999981469,1.2240028640659396e-34,2.5089314587009724e-21,1.855238995803768e-11
Sci/Tech,3542,3,8.98703524183909e-06,3.290307900628742e-24,1.0942128157788816e-11,0.9999910129538101
Sci/Tech,3543,3,7.089815612495314e-10,2.0951059447713102e-22,5.289721444302603e-11,0.9999999992381277
Sci/Tech,3544,0,0.9907816156241235,1.6236849351143361e-18,1.2077931521199755e-05,0.00920630644436352
Sci/Tech,3545,3,4.13418719397267e-10,1.8755341508687022e-26,5.088445354089796e-13,0.9999999995860662
Sci/Tech,3546,0,0.9938902923460199,6.539012412002354e-18,2.0039804740702016e-13,0.0061097076537656395
Sci/Tech,3547,0,0.9989256989400581,3.46389841582628e-29,3.230994476650432e-13,0.0010743010596119865
Sci/Tech,3548,0,0.9999999974707521,2.1450256207373104e-32,1.2512498370951903e-19,2.5292618483697414e-09
Sci/Tech,3549,0,1.0,9.818980814737325e-54,3.2235081750666134e-28,2.1586228828288676e-21
Sci/Tech,3550,0,0.999999999962256,2.8935040674426827e-34,4.136642278488926e-23,3.776639022318959e-11
Sci/Tech,3551,3,3.2513592135600345e-06,3.0820499582948506e-11,2.4687138693272835e-05,0.9999720614712838
Sci/Tech,3552,0,0.9817316012185462,3.244300371330883e-30,2.638412383125367e-14,0.018268398781413155
Sci/Tech,3553,3,0.0015325517951202017,1.5711144296510357e-23,1.0092698922746195e-11,0.9984674481947923
Sci/Tech,3554,0,0.9999998091117459,7.432785266530576e-34,8.756730256998417e-18,1.908882611443413e-07
Sci/Tech,3555,0,0.9619505205798122,3.9038225084736256e-13,4.8937590841392005e-09,0.038049474526018374
Sci/Tech,3556,0,0.9999999999885745,7.701194323294992e-38,7.163616883553848e-21,1.1410741063468726e-11
Sci/Tech,3557,3,1.6325676602111749e-06,5.157505977015834e-13,2.210818078218722e-06,0.9999961566137434
Sci/Tech,3558,0,0.9999999999015472,1.0973515789355171e-43,1.3827274761269183e-22,9.847642040029999e-11
Sci/Tech,3559,0,0.9999999998756834,1.6855331366510222e-29,3.530721994874412e-17,1.2431169445666157e-10
Sci/Tech,3560,0,0.9999999954418399,2.1970693214829527e-35,2.4273505483364218e-21,4.5581782315449826e-09
Sci/Tech,3561,0,0.9999999999998863,3.3446851804206736e-42,3.2219470857796974e-24,1.3610796201376971e-13
Sci/Tech,3562,0,0.9991749685843248,2.0291299138079355e-26,9.49599038463064e-16,0.0008250314157000041
Sci/Tech,3563,3,0.37609691080466007,7.560468129964225e-22,2.1049066059127545e-08,0.623903068146286
Sci/Tech,3564,3,1.7117279260590266e-07,2.2889529905978194e-15,2.703077513127681e-08,0.9999998017964541
Sci/Tech,3565,0,0.999999911741558,4.683399063173642e-31,1.3105827751173578e-15,8.825842059223925e-08
Sci/Tech,3566,0,0.9999999999996021,7.806070526856273e-38,3.1612878898775836e-17,4.1189919029652577e-13
Sci/Tech,3567,3,0.07292477999490848,1.4000049572900248e-28,1.544577931496264e-11,0.9270752199896738
Sci/Tech,3568,0,0.9999999998127009,3.609318949330369e-35,9.005684471360331e-17,1.8731598775055874e-10
Sci/Tech,3569,3,1.5449931822143056e-07,6.482366197545519e-13,0.0022503971091647973,0.9977494483908417
Sci/Tech,3570,3,6.292477016587085e-05,9.618896536270876e-11,4.330000479054395e-05,0.9998937751288798
Sci/Tech,3571,0,0.8575950528174562,1.8401323860802682e-28,1.1334523066604353e-13,0.1424049471824433
Sci/Tech,3572,3,0.00012178306757561219,5.083964850536473e-21,5.734157453875115e-10,0.9998782163590189
Sci/Tech,3573,0,0.8373861582344053,2.580602308895038e-25,2.3293076676260476e-13,0.1626138417653778
Sci/Tech,3574,3,0.09327535096792161,1.959290254871019e-24,3.500195869027663e-11,0.9067246489970674
Sci/Tech,3575,3,0.0064858403007576025,8.3797217428051045e-19,2.3430156507970897e-12,0.9935141596968892
Sci/Tech,3576,3,1.1624970874027504e-12,5.1222634790122395e-14,1.0168684329696893e-09,0.9999999989819344
Sci/Tech,3577,0,0.9973598527140558,7.401358008379942e-31,2.0063656943639597e-09,0.002640145279576466
Sci/Tech,3578,3,0.20616305006574923,5.6875300447784085e-15,6.468632146944827e-08,0.7938368852479193
Sci/Tech,3579,0,0.9999761481158365,1.0834929900904877e-32,8.244271250585979e-16,2.3851884137481342e-05
Sci/Tech,3580,3,0.00026662511657673925,4.3131693388063806e-20,8.178506037638406e-10,0.9997333740655591
Sci/Tech,3581,0,0.999699377810818,1.6049700943504385e-25,5.160912949515755e-10,0.00030062167307999706
Sci/Tech,3582,0,0.9948328939267795,1.821589780574866e-25,2.6988999169738647e-13,0.0051671060729671465
Sci/Tech,3583,0,0.9999999998443627,4.383190880090431e-36,7.218657505517334e-19,1.556309891568413e-10
Sci/Tech,3584,3,0.05518838868008373,9.064219784475025e-27,1.0532733613510351e-10,0.9448116112146104
Sci/Tech,3585,0,0.9999676658590309,2.143810451252708e-22,1.1937246083892058e-11,3.2334129020465595e-05
Sci/Tech,3586,0,0.999994214880268,5.818580751022394e-29,7.426652802083821e-17,5.785119743685575e-06
Sci/Tech,3587,3,7.000977358579857e-05,4.697480353711211e-22,1.5312417416928155e-09,0.9999299886951457
Sci/Tech,3588,0,0.9999806610629624,3.404656622188638e-25,1.5319283034321704e-14,1.933893701726345e-05
Sci/Tech,3589,3,3.943447334588005e-07,1.801697007803465e-27,1.740375049443419e-13,0.9999996056551121
Sci/Tech,3590,0,0.9951099687145268,1.9755852560326832e-26,2.924737556259538e-14,0.004890031285420744
Sci/Tech,3591,3,0.00778855440610366,1.2404837795588012e-14,3.754658931463427e-07,0.9922110701279714
Sci/Tech,3592,3,2.8485977605842423e-06,6.157806815969428e-26,4.1190816085598616e-11,0.9999971513610364
Sci/Tech,3593,3,7.318179323165748e-09,3.317899587536941e-16,5.801111681086938e-05,0.9999419815650308
Sci/Tech,3594,0,0.9999971794927646,3.222854427321608e-36,1.143574273148805e-17,2.8205072351823404e-06
Sci/Tech,3595,3,0.0009450047007203193,4.037003099863293e-15,4.5822749764937264e-07,0.9990545370717647
Sci/Tech,3596,0,0.9999999999637339,4.8017699740216123e-32,2.829237818117339e-22,3.6249869281545474e-11
Sci/Tech,3597,0,0.9999999803873154,1.191481461254174e-28,3.607771565137694e-18,1.9612705123751573e-08
Sci/Tech,3598,0,0.9999999806555027,3.917420754922577e-32,2.5410222876529675e-20,1.9344523700694733e-08
Sci/Tech,3599,0,0.9999823309381176,2.2239719593946073e-28,3.304718205389196e-08,1.7636014715212527e-05
Sci/Tech,3600,3,0.013477184050214292,4.149531134222874e-18,2.431719770914163e-10,0.9865228157065958
Sci/Tech,3601,3,3.49241084066913e-08,1.4037579728642513e-26,2.195285844248679e-13,0.9999999650756882
Sci/Tech,3602,3,3.426217087840848e-08,6.82123384146279e-21,7.3471891604552075e-09,0.9999999583906183
Sci/Tech,3603,3,8.336432078704809e-05,8.652829590492175e-24,2.5829775465104735e-10,0.9999166354209132
Sci/Tech,3604,0,0.9999829231851507,2.9652825152415778e-33,2.9386472647005435e-15,1.707681484214371e-05
Sci/Tech,3605,0,0.9997176235133087,1.829781715681651e-27,4.02101454315634e-12,0.0002823764826640936
Sci/Tech,3606,0,0.9973632185420481,1.486158632663081e-32,6.825260884999649e-15,0.0026367814579654407
Sci/Tech,3607,3,5.614395861362574e-05,6.447417112686229e-25,2.33135963603691e-10,0.9999438558082727
Sci/Tech,3608,0,0.90163265544906,4.1128176592530434e-27,1.6224155303487433e-14,0.09836734455094395
Sci/Tech,3609,3,3.728766134841166e-13,8.109553329453586e-20,7.239352174989849e-09,0.9999999927602516
Sci/Tech,3610,3,0.04949340315322865,3.582991482861481e-18,6.251161959989447e-11,0.9505065967842394
Sci/Tech,3611,3,0.14895060549257602,2.1135001005976625e-21,1.2893149775774228e-10,0.8510493943785166
Sci/Tech,3612,0,0.9804210419616755,8.270049278130181e-25,8.82520199855047e-15,0.019578958038295624
Sci/Tech,3613,0,0.9996453019486148,4.574331445168459e-15,5.12642128836869e-15,0.0003546980513764226
Sci/Tech,3614,0,0.9401980717067802,7.078763995574925e-18,1.3007076928096852e-08,0.059801915286166296
Sci/Tech,3615,0,0.7108907834220605,2.196379934458621e-25,4.296160368258251e-10,0.2891092161483197
Sci/Tech,3616,0,0.9999997377185312,1.3145029050790097e-29,3.3627697549209344e-14,2.622814246731449e-07
Sci/Tech,3617,0,0.9928807807579856,1.0036564726641964e-24,7.902559555046548e-13,0.00711921924121139
Sci/Tech,3618,0,0.9999999999812417,9.323669800418112e-32,6.106099141731829e-20,1.877857351321484e-11
Sci/Tech,3619,3,2.216566368291181e-10,2.197418830956233e-16,6.017887242445258e-11,0.9999999997181703
Sci/Tech,3620,0,0.9999999884782939,3.035196204475354e-38,2.524807427177309e-22,1.152173365162404e-08
Sci/Tech,3621,0,0.9999999999698161,6.814600436042625e-37,1.7020746007233075e-21,3.01845416974445e-11
Sci/Tech,3622,3,0.352932847287484,2.537506558000077e-25,3.8887092442666185e-11,0.6470671526736219
Sci/Tech,3623,0,0.9999999283317632,4.122458034865135e-28,1.403746975071394e-15,7.16682540642262e-08
Sci/Tech,3624,0,0.9995844644087553,3.1930873551019797e-28,2.419353760312255e-13,0.00041553559102252077
Sci/Tech,3625,3,0.000992651048009081,1.2076233628209279e-21,4.234446335421544e-10,0.9990073485285702
Sci/Tech,3626,3,9.728113499031056e-09,0.0362954815508701,8.728646369025295e-14,0.9637045087209296
Sci/Tech,3627,3,0.01796663128708792,1.5667916660281723e-26,4.2004282450949577e-11,0.9820333686709072
Sci/Tech,3628,0,0.9999998154048796,2.178349146383623e-32,4.622227384509719e-16,1.845951243639073e-07
Sci/Tech,3629,0,0.8905039437680597,3.6818074694251354e-14,1.7806437405736793e-07,0.10949587816753037
Sci/Tech,3630,0,0.9999999977777634,2.650910542478223e-29,9.685963609980802e-22,2.2222552187570486e-09
Sci/Tech,3631,0,0.9999999993422648,1.6178126758044464e-39,4.579810889379697e-20,6.57758799727739e-10
Sci/Tech,3632,0,0.5349664903184713,8.640074604406298e-11,3.087863390228587e-11,0.46503350956426365
Sci/Tech,3633,0,0.9999999999989768,3.3045714986246417e-37,1.1526306469808383e-22,1.0011256069762679e-12
Sci/Tech,3634,0,0.9998237311407355,4.059003357092735e-28,2.7001701276274102e-12,0.00017626885656777224
Sci/Tech,3635,3,0.013890068342992563,2.240526404372972e-29,3.4344103191316765e-12,0.9861099316535527
Sci/Tech,3636,0,0.999985204042995,7.727168245736956e-26,9.087401463337627e-10,1.4795048257641383e-05
Sci/Tech,3637,0,0.9983608099083362,5.712268979861043e-25,3.252788587129054e-11,0.0016391900591395253
Sci/Tech,3638,0,0.9999999999146212,1.0715014001775227e-31,1.6328848936477026e-21,8.540032812954178e-11
Sci/Tech,3639,0,0.9999999704169231,5.846671187441364e-31,1.2658248584560983e-17,2.958307221895513e-08
Sci/Tech,3640,0,0.9999999998853468,1.9082807170477017e-42,1.6925526134173158e-21,1.1462656045880403e-10
Sci/Tech,3641,0,1.0,1.821669560825047e-40,2.072776153131609e-20,9.420415277705134e-15
Sci/Tech,3642,3,0.00013374153073728986,5.3032784974393185e-28,2.2482078791715772e-13,0.9998662584690101
Sci/Tech,3643,3,4.983762942314104e-07,3.4268800161356804e-22,3.219116808552561e-08,0.9999994694325367
Sci/Tech,3644,3,0.03036254056884355,4.1942501363125456e-23,8.730478169165445e-11,0.9696374593438497
Sci/Tech,3645,0,0.9999999999897113,4.0858908422583857e-35,1.1917790929147228e-17,1.0268334338705586e-11
Sci/Tech,3646,3,0.004389420917306726,7.163945907492308e-20,1.0496047546230403e-07,0.9956104741221997
Sci/Tech,3647,3,0.12485705670167034,1.2072408858021378e-31,3.468595255776416e-15,0.8751429432982983
Sci/Tech,3648,0,0.9326530874448141,5.555244495002987e-27,1.5767059671739684e-14,0.06734691255515557
Sci/Tech,3649,0,0.9999999601363364,9.513939643278822e-26,1.2836717890312036e-15,3.9863678701881916e-08
Sci/Tech,3650,3,2.641057681529598e-10,4.32711470782709e-24,3.7010724749197e-12,0.9999999997322107
Sci/Tech,3651,3,0.032318766749174936,1.4271754663300573e-18,4.848094585301204e-10,0.9676812327660093
Sci/Tech,3652,0,0.9999963047484419,3.269355542940845e-30,8.570338988540545e-17,3.6952515458136263e-06
Sci/Tech,3653,3,0.0012815496222321706,6.782130921496737e-24,6.405973845135881e-08,0.9987183863180392
Sci/Tech,3654,3,0.00042565710805691966,1.6881868210215473e-21,3.6136167327705365e-12,0.9995743428883377
Sci/Tech,3655,3,0.013118390841874028,1.3774040639018453e-19,2.8994198943897013e-10,0.9868816088681797
Sci/Tech,3656,3,0.0045312390777854285,4.332859507317249e-20,8.347337190493776e-10,0.9954687600875077
Sci/Tech,3657,3,2.493261747774217e-06,1.212152607180043e-25,1.0100127787702956e-11,0.9999975067281457
Sci/Tech,3658,0,0.747659537308154,4.413733536770799e-23,3.013571631819408e-10,0.2523404623905116
Sci/Tech,3659,0,1.0,9.468967647612767e-70,9.823925260454938e-48,2.485518040692831e-37
Sci/Tech,3660,3,0.12954001423436734,9.79160172796445e-19,1.2441124391725703e-07,0.8704598613543849
Sci/Tech,3661,3,4.19795960223562e-09,5.1846394830362656e-20,6.7615289593909265e-12,0.9999999957952923
Sci/Tech,3662,0,1.0,1.5481979304489783e-45,2.070849523269421e-28,9.070440357646584e-17
Sci/Tech,3663,0,0.9996121056631887,1.5978205602386853e-26,1.2297060638353752e-13,0.0003878943366834425
Sci/Tech,3664,0,1.0,3.5995378547292407e-54,1.7797187616927537e-34,7.888361522745207e-25
Sci/Tech,3665,3,0.011228677836857699,3.0752370573586503e-19,7.007512749005866e-10,0.9887713214623731
Sci/Tech,3666,0,0.9148563784225148,3.0843728933334887e-16,4.07125954705186e-09,0.08514361750624133
Sci/Tech,3667,3,2.8415792199055106e-06,1.4960460279512419e-09,1.1333879388663848e-07,0.9999970435859428
Sci/Tech,3668,3,1.3957733090419217e-07,9.65924091158816e-10,8.024779639693496e-08,0.9999997792089306
Sci/Tech,3669,0,1.0,4.409861093709912e-46,2.6272784921320098e-24,5.414214286965122e-15
Sci/Tech,3670,3,0.4642412095480627,4.4734038221869286e-23,1.1298570800187082e-09,0.5357587893220692
Sci/Tech,3671,0,0.9999999999994884,7.26157432201049e-43,5.29981842186038e-25,4.937525810018142e-13
Sci/Tech,3672,3,0.0005943548406640479,4.908265954085983e-27,1.0011982253371311e-10,0.9994056450592098
Sci/Tech,3673,3,4.4596267019166486e-10,1.272711370310523e-18,2.3341652768562257e-09,0.9999999972198452
Sci/Tech,3674,3,0.06523570117021012,4.1014099400100546e-25,1.7180921077303833e-12,0.9347642988280584
Sci/Tech,3675,0,0.9999998604622631,2.470305026929333e-32,2.323743307679496e-16,1.3953771158469827e-07
Sci/Tech,3676,0,0.9999999878630207,3.3184609402021766e-31,2.004126749080469e-17,1.2137006503515743e-08
Sci/Tech,3677,3,0.2610703244990456,2.6635244727941e-23,1.9850691601188452e-10,0.7389296753024411
Sci/Tech,3678,2,0.03841186113129886,4.79879756693805e-22,0.9609442842398934,0.0006438546287849439
Sci/Tech,3679,0,0.9999997841738042,2.1313046037631306e-27,2.1994719641029879e-13,2.1582596086767056e-07
Sci/Tech,3680,3,0.24427481769949852,1.6805606212848017e-20,5.823645800968238e-10,0.7557251817181582
Sci/Tech,3681,0,0.9999999109645086,4.3324051847699984e-30,1.3739483882518053e-16,8.903551240990821e-08
Sci/Tech,3682,0,0.9999999999999432,6.043516981060182e-41,5.784925700120879e-26,3.730207708137059e-14
Sci/Tech,3683,0,1.0,3.00209830999689e-38,3.439058530614125e-24,1.178651458885399e-16
Sci/Tech,3684,0,0.996769503835568,1.8045309453089337e-15,4.0023894479390023e-08,0.0032304561405138953
Sci/Tech,3685,0,1.0,8.724116493315174e-49,6.0148755511332136e-27,3.619929926758635e-16
Sci/Tech,3686,3,2.8015722670494422e-05,1.2562128863155562e-25,1.689144193193137e-11,0.9999719842604134
Sci/Tech,3687,0,0.9999999995402504,6.350524713249912e-39,2.3656170016387135e-23,4.5973282529098456e-10
Sci/Tech,3688,3,0.003197211439213831,4.505052400345512e-20,1.4735097777202905e-10,0.9968027884134282
Sci/Tech,3689,0,0.9999906513558448,2.3391099421686326e-21,3.150368505942439e-14,9.348644095816903e-06
Sci/Tech,3690,0,0.999630063953069,6.620307317737266e-23,1.2538982033215958e-11,0.00036993603437853427
Sci/Tech,3691,0,1.0,4.1977508639230003e-45,7.479466696080062e-24,3.827107733399152e-16
Sci/Tech,3692,3,5.2589608277876935e-06,1.473996284526254e-16,0.0005224002344484341,0.9994723408047005
Sci/Tech,3693,3,1.4224807562001637e-08,4.947660683359661e-14,7.599145556629547e-10,0.9999999850152222
Sci/Tech,3694,0,0.9998329804438424,1.9088859704375908e-26,3.263334744548555e-16,0.00016701955615015574
Sci/Tech,3695,3,0.0002652658781906773,1.0229765630403728e-19,7.774270819224014e-06,0.9997269598510026
Sci/Tech,3696,3,0.00044673282485409836,7.434361338690797e-22,2.3101682828065607e-10,0.9995532669441326
Sci/Tech,3697,3,1.1279790508851895e-05,2.1702424621350566e-22,1.9876977772686795e-09,0.9999887182217755
Sci/Tech,3698,3,0.012524506956836814,1.3413259163827237e-23,9.993718755006784e-13,0.9874754930421856
Sci/Tech,3699,3,7.621731657051667e-09,5.2075386322270865e-15,1.1280102084209906e-09,0.9999999912502631
Sci/Tech,3700,0,0.9999999999986358,5.751506237113803e-39,6.738232947261682e-23,1.3661973817914704e-12
Sci/Tech,3701,0,0.9999999981454835,1.8028138760286743e-28,9.16086670078802e-15,1.854524342652076e-09
Sci/Tech,3702,3,6.167137171170103e-10,5.480451093946025e-06,1.860348582743199e-11,0.999994518913596
Sci/Tech,3703,3,0.04738100219793724,1.927637502513633e-15,0.00013906874360499066,0.9524799290584579
Sci/Tech,3704,0,0.9999734829468775,1.3729372580619224e-32,8.815988703924474e-16,2.651705310727881e-05
Sci/Tech,3705,0,0.9958435966917183,1.1622599942773741e-15,8.207664738930041e-15,0.004156403308257735
Sci/Tech,3706,3,0.0034414691922281014,1.2073545454301627e-17,1.7895793070184148e-08,0.9965585129119904
Sci/Tech,3707,3,0.05657209746494848,8.612090258555406e-18,1.2639705918321963e-08,0.9434278898953442
Sci/Tech,3708,3,0.06837360698601014,2.4655753654277478e-20,1.6630482137854148e-05,0.931609762531876
Sci/Tech,3709,0,0.9503120263583104,1.1996867366518222e-22,2.723422117687846e-13,0.049687973641440814
Sci/Tech,3710,3,9.136436016352286e-12,4.961422651719388e-16,0.0008776526149262691,0.9991223473759191
Sci/Tech,3711,3,1.9614192933939047e-05,2.791852950356217e-30,8.250041427562928e-17,0.9999803858070804
Sci/Tech,3712,0,0.9133985116167808,1.541110869296152e-20,7.811214693928736e-05,0.08652337623628018
Sci/Tech,3713,0,0.9999999950441634,1.0816440314974852e-40,1.6816887804306357e-18,4.955827335945176e-09
Sci/Tech,3714,0,0.996442466298507,3.756784348382812e-18,3.40655231569759e-14,0.0035575337014758313
Sci/Tech,3715,0,0.9999980716643625,1.3892840751821204e-26,5.0654711305231307e-11,1.9282849666501034e-06
Sci/Tech,3716,3,6.34626930973179e-05,1.886053579681103e-11,2.794145306766746e-10,0.9999365370086488
Sci/Tech,3717,0,0.9999971326896182,3.6594764006930535e-28,7.567768140790721e-17,2.8673103713226646e-06
Sci/Tech,3718,0,0.999999999412239,8.475224289063008e-31,3.518981154489495e-14,5.877495645765852e-10
Sci/Tech,3719,3,2.2603929176439508e-10,2.6134188490908248e-24,5.821189139963022e-11,0.9999999997157261
Sci/Tech,3720,0,0.9999988788619053,2.9840198677132274e-19,5.61979634786629e-17,1.1211381118794436e-06
Sci/Tech,3721,3,0.09909071420287655,2.1797701804027776e-27,9.03977414646594e-16,0.9009092857971159
Sci/Tech,3722,0,0.999973695473521,6.88137454048989e-28,3.816853011028632e-15,2.630452650348721e-05
Sci/Tech,3723,3,1.2436539954055131e-07,9.759852811062151e-20,1.4482084349989911e-09,0.9999998741863657
Sci/Tech,3724,3,4.587184299389927e-07,3.991191320198141e-12,1.7663995972225853e-09,0.9999995395111719
Sci/Tech,3725,3,1.8060375155870376e-08,2.084219727592052e-13,3.224921659150981e-07,0.9999996594472702
Sci/Tech,3726,3,0.0007580116581354625,2.345581487088866e-16,1.5779349150001797e-07,0.9992418305483478
Sci/Tech,3727,0,0.9999999999977263,2.7264670043749377e-29,1.4516253203238708e-18,2.269472159025847e-12
Sci/Tech,3728,0,0.9999987915946829,1.42326797937237e-32,4.296456430233124e-20,1.2084053151778217e-06
Sci/Tech,3729,3,7.683612635491416e-07,4.173541384313242e-14,8.722510510419781e-06,0.9999905091281862
Sci/Tech,3730,0,1.0,7.09204502089725e-51,1.9464364788724666e-29,2.4309646220260175e-22
Sci/Tech,3731,3,9.607360788295786e-08,2.93386479645916e-10,5.060313306753951e-10,0.9999999031269955
Sci/Tech,3732,3,2.81402960538691e-05,1.1423961797903088e-12,8.366514376328615e-12,0.9999718596944577
Sci/Tech,3733,0,0.9999998983152006,1.6919281414223774e-29,7.99145398071227e-16,1.0168478917388642e-07
Sci/Tech,3734,3,0.10930289078739316,1.0616744065683878e-29,9.054914195296376e-13,0.8906971092116955
Sci/Tech,3735,0,0.9999999999717488,6.780855625179204e-35,1.3465937947556988e-22,2.8228897952971822e-11
Sci/Tech,3736,0,1.0,1.6319363810547387e-50,8.599932490232742e-33,2.329707707131593e-21
Sci/Tech,3737,0,0.9999999999996021,7.767856981309832e-38,7.21614711137385e-23,3.8049929157419343e-13
Sci/Tech,3738,0,0.9999459844779085,3.143054395267636e-26,1.0944036800608842e-14,5.401552209637358e-05
Sci/Tech,3739,3,1.3724121870629227e-08,5.117885723918921e-24,6.898760257539904e-09,0.9999999793770942
Sci/Tech,3740,0,1.0,4.003799400000614e-47,7.159409574870514e-28,1.3267898071059408e-19
Sci/Tech,3741,0,0.9997932819265224,2.3969290364335025e-27,9.096715950862827e-14,0.0002067180733808715
Sci/Tech,3742,0,0.9999999995408189,2.4774689554656183e-33,9.092455279764427e-19,4.5918180978865867e-10
Sci/Tech,3743,0,0.999910373408317,3.4473339842287296e-24,2.5522631419062727e-14,8.962659165283881e-05
Sci/Tech,3744,0,0.9999999999999432,4.0279502666172534e-39,3.362267054194538e-22,5.0526896887736344e-14
Sci/Tech,3745,0,0.9968389856928848,8.129794169769526e-28,3.425136627438006e-12,0.0031610143037032316
Sci/Tech,3746,0,0.8170816977484346,8.1880220251114e-26,9.285348257556408e-13,0.18291830225063105
Sci/Tech,3747,0,0.9036404268014591,4.530889501075024e-27,1.0082768017272093e-12,0.09635957319753725
Sci/Tech,3748,0,0.9999918716084248,5.56427095384966e-22,2.1250275048109524e-11,8.128370299635477e-06
Sci/Tech,3749,3,0.004146493510334617,1.4599148118537332e-12,1.4643931839477084e-07,0.9958533600489032
Sci/Tech,3750,0,0.9999986372214571,2.293526713665377e-19,1.5016219565971466e-12,1.3627770210553653e-06
Sci/Tech,3751,3,0.0005113178866740255,4.034528570059842e-18,1.482518399056006e-09,0.9994886806307894
Sci/Tech,3752,0,0.9999999919688207,6.233592133475306e-30,1.446106889389478e-14,8.031144586102222e-09
Sci/Tech,3753,3,0.00015922118432590716,8.535288469766359e-19,1.7251968570210427e-10,0.9998407786431642
Sci/Tech,3754,3,0.04645930679340713,7.026551001798565e-24,1.9999176320384533e-09,0.9535406912066481
Sci/Tech,3755,0,0.9999999989582875,1.970276320176105e-36,3.1716119207826696e-18,1.0417123914276641e-09
Sci/Tech,3756,0,0.9999999999998863,4.836425873236293e-42,2.628880114290444e-23,1.265876439460543e-13
Sci/Tech,3757,3,3.4475504167671623e-10,3.5493432326473312e-15,1.885604551512673e-07,0.9999998110947851
Sci/Tech,3758,0,0.9914464461435976,2.1841746963062086e-24,2.5264787838161514e-13,0.008553553856177828
Sci/Tech,3759,0,0.9999999999968168,2.236131231878548e-39,1.477359451191152e-22,3.2070764326793284e-12
Sci/Tech,3760,0,0.9999995286372015,1.5799250084681942e-27,1.0252930541030858e-15,4.7136277070590137e-07
Sci/Tech,3761,3,9.950117823108195e-09,5.518133228918887e-22,4.257260311083782e-07,0.9999995643238248
Sci/Tech,3762,0,0.9998999129135245,2.1172596594926626e-25,3.170502737695312e-12,0.00010008708328238665
Sci/Tech,3763,3,0.08387602279315218,3.973244868476543e-11,2.989019479825367e-05,0.9160940869723206
Sci/Tech,3764,0,0.6638617616532745,1.6009477495667353e-25,2.7777750984107622e-11,0.3361382383189751
Sci/Tech,3765,3,0.06860605857170213,5.183913854910738e-19,1.3037320095411642e-11,0.9313939414152675
Sci/Tech,3766,0,0.9999994822015513,3.490847239156244e-26,9.768316933457383e-11,5.177007593675079e-07
Sci/Tech,3767,0,0.9999951588546396,2.6308790198853804e-27,1.4449816586953208e-11,4.841130934322547e-06
Sci/Tech,3768,3,1.8922691866813632e-10,2.3496317724895004e-18,1.1818967565227416e-09,0.9999999986288799
Sci/Tech,3769,3,0.0035269686029813473,1.7645541099493726e-22,1.7923036257261175e-10,0.9964730312177837
Sci/Tech,3770,3,0.0009352948022340138,6.113309161857086e-11,6.70437782817809e-11,0.999064705069577
Sci/Tech,3771,0,0.7972563881481258,2.642376975299332e-21,5.8910777273386386e-12,0.20274361184595985
Sci/Tech,3772,3,1.009679239758154e-05,2.710134084368472e-06,2.2824401319939654e-09,0.9999871907910596
Sci/Tech,3773,0,0.999999999985846,8.14341145944082e-31,6.85615291464922e-19,1.4129946035618092e-11
Sci/Tech,3774,0,0.9999999996325641,5.407720716125797e-31,2.463502122945575e-14,3.674123413281918e-10
Sci/Tech,3775,3,0.005898610637122405,2.3982159768732196e-26,1.9462405078751482e-10,0.9941013891682406
Sci/Tech,3776,0,0.9999912413733673,2.7645926754770293e-21,1.3248480687452673e-14,8.758626639605433e-06
Sci/Tech,3777,3,1.227940127476878e-10,3.7344136326194724e-23,5.0572916414103316e-11,0.9999999998266276
Sci/Tech,3778,3,5.371100326359904e-06,9.533758382582697e-28,0.002002055664630583,0.9979925732350183
Sci/Tech,3779,0,0.9999930630997526,5.600251177601105e-29,6.7600016730691226e-12,6.9368935147048775e-06
Sci/Tech,3780,0,0.999999999905242,3.649641743999379e-42,4.423199392809463e-23,9.476665157676415e-11
Sci/Tech,3781,0,0.9977133381508874,2.1117307741814375e-16,4.165564430260031e-10,0.002286661432564114
Sci/Tech,3782,3,0.308434008234534,6.808916000505631e-25,3.075518486760695e-09,0.6915659886899286
Sci/Tech,3783,0,0.9983054140220198,5.006598503423971e-24,1.7438842313608747e-11,0.001694585960554453
Sci/Tech,3784,0,0.9999999878801306,1.4494471626819082e-26,3.216194992084336e-17,1.211986064496692e-08
Sci/Tech,3785,0,0.9999898411017961,5.678289165494188e-23,2.9225998466408305e-16,1.015889817662432e-05
Sci/Tech,3786,0,0.9999990145726964,5.532901373289392e-31,2.991459853265853e-17,9.854273273393547e-07
Sci/Tech,3787,3,2.9566322718650813e-07,1.3519566133883238e-24,1.7884495167528727e-13,0.9999997043366176
Sci/Tech,3788,0,0.9425048268435036,1.0194452001964368e-21,2.759302459808613e-09,0.05749517039717995
Sci/Tech,3789,0,0.9999999999999432,1.6409714527137025e-35,3.072012144381552e-25,2.997551394797099e-14
Sci/Tech,3790,3,0.0027270262540911635,1.8489935085242263e-24,7.55422195655476e-11,0.9972729736703593
Sci/Tech,3791,0,1.0,4.6446018844560805e-37,1.9646985385479336e-24,6.07496976913312e-15
Sci/Tech,3792,0,0.9999989775918832,1.3203096713313265e-32,1.6264080744719254e-17,1.0224081113182208e-06
Sci/Tech,3793,0,0.9291444826074201,1.6367846266244133e-24,1.5598631020077874e-12,0.07085551739101159
Sci/Tech,3794,0,0.9999992667857059,7.521467461380856e-32,1.7591819251368145e-16,7.332143031012499e-07
Sci/Tech,3795,0,0.9999999999998863,2.142459277315159e-37,2.2329726944253842e-20,1.3904161017337788e-13
Sci/Tech,3796,0,1.0,1.365328820423838e-35,2.650166426728463e-20,6.393356132142338e-16
Sci/Tech,3797,0,0.9999998299073385,6.9123759577290395e-31,2.4035813649748313e-16,1.7009266048764864e-07
Sci/Tech,3798,3,0.005917312374982826,2.8739039957908083e-16,5.887030806969887e-07,0.9940820989219329
Sci/Tech,3799,0,0.709374365048926,7.763031531229233e-27,6.834925072463925e-13,0.29062563495041577
Sci/Tech,3800,0,0.9999993138967023,5.140140737834342e-29,4.1207180159455e-13,6.861029044854853e-07
Sci/Tech,3801,3,0.0027286188785546413,1.8481989671906167e-18,4.7489440247837376e-12,0.9972713811167194
Sci/Tech,3802,3,3.5867659307974075e-05,3.852732111050195e-09,0.0003769424183045085,0.999587186069667
Sci/Tech,3803,0,0.9991521080190834,7.323539720133142e-33,6.113595543989058e-18,0.0008478919809207789
Sci/Tech,3804,0,0.9973388251871691,1.9594828268281513e-21,3.783834808030007e-07,0.0026607964293701783
Sci/Tech,3805,0,0.9999999999059241,6.301037279781907e-34,1.2172572011164829e-18,9.409260762381012e-11
Sci/Tech,3806,0,0.5971406105738536,1.6504540203647998e-19,7.733966264163438e-09,0.402859381692181
Sci/Tech,3807,3,0.02741582181397384,6.696124386141887e-19,2.3888739430397825e-10,0.9725841779471112
Sci/Tech,3808,0,0.8712444565912226,2.0246414137569014e-27,1.0066434414377376e-13,0.12875554340868073
Sci/Tech,3809,3,1.0474028155348085e-05,2.894395826375051e-20,1.0826638031052919e-09,0.9999895248891553
Sci/Tech,3810,0,0.9918263564744664,2.747288072783904e-20,2.7487238211698053e-13,0.008173643525283198
Sci/Tech,3811,0,0.9990162376016333,6.575516572424651e-25,3.376699280688281e-14,0.0009837623983248317
Sci/Tech,3812,3,6.649010817441163e-08,3.649874737842415e-22,3.2889796949058846e-11,0.9999999334770018
Sci/Tech,3813,3,8.974663436437978e-08,3.021250717625058e-20,9.902983283259117e-08,0.9999998112235353
Sci/Tech,3814,3,0.0007656259466317734,2.959227170695251e-24,1.2007073945655511e-08,0.9992343620463159
Sci/Tech,3815,0,0.9745148604888695,4.081757013857578e-20,6.524303193425848e-07,0.025484487080793178
Sci/Tech,3816,0,0.8942130514887529,6.072341704560654e-20,3.579585895238294e-07,0.10578659055264
Sci/Tech,3817,0,0.999998056342817,3.9035721703231603e-26,3.3090902133378747e-12,1.9436538639602403e-06
Sci/Tech,3818,3,2.475336756806251e-05,3.045386968167273e-11,2.597140317141066e-08,0.9999752206305766
Sci/Tech,3819,0,0.9999999988467039,1.660887053812177e-30,1.2778469271833578e-20,1.153307511116304e-09
Sci/Tech,3820,0,0.9999996527632254,5.806117350821521e-30,8.149170812612955e-16,3.472368016139226e-07
Sci/Tech,3821,3,1.5932943902516023e-05,1.2238653433394941e-25,6.686089094723139e-11,0.9999840669892142
Sci/Tech,3822,3,0.45367226436095726,3.371608459530378e-20,5.88726125065552e-10,0.546327735050333
Sci/Tech,3823,3,0.18784307761086327,2.018173213213423e-07,6.924111502241265e-12,0.812156720564914
Sci/Tech,3824,0,0.9999999995000621,7.523919498377062e-33,1.6353256549732194e-13,4.99797627157795e-10
Sci/Tech,3825,0,0.9999999999999432,2.971852395047549e-44,2.820124873107438e-22,3.771445381567222e-14
Sci/Tech,3826,0,0.9999999119853026,1.6711317089296628e-36,2.6945092311384012e-17,8.801468358965239e-08
Sci/Tech,3827,3,1.1731851598745067e-09,1.3005756106762762e-15,1.1142365011615482e-08,0.9999999876844755
Sci/Tech,3828,3,0.00027681265532546103,1.87611310708125e-25,2.5163948531024287e-08,0.9997231621807021
Sci/Tech,3829,3,7.874549399985005e-08,4.693501375005926e-11,0.017732610528729972,0.9822673106788161
Sci/Tech,3830,3,8.26748070809082e-12,5.996622277581181e-26,6.390981796274121e-14,0.999999999991644
Sci/Tech,3831,0,0.999993771809682,5.854816114761097e-31,1.514882006461199e-16,6.2281903084513025e-06
Sci/Tech,3832,3,0.04371326316014544,6.703900031890709e-12,1.7770083005685299e-07,0.9562865591323454
Sci/Tech,3833,0,1.0,1.9792606746026864e-39,2.4974674706874336e-23,9.395179834957143e-16
Sci/Tech,3834,0,0.9999999999993179,9.396154097890424e-43,3.908456926064644e-24,6.946507674008118e-13
Sci/Tech,3835,0,0.9999999999911324,1.2689561198850725e-37,1.0661630175848373e-19,8.866255884168535e-12
Sci/Tech,3836,3,8.474829938691516e-06,2.235324740089349e-09,2.8075536814722055e-08,0.999991494859176
Sci/Tech,3837,0,1.0,6.393763196347301e-38,8.18004271402478e-21,2.3080628027317048e-15
Sci/Tech,3838,3,0.0018417255940879108,7.5692987009707926e-06,7.233820198915224e-11,0.9981507050348524
Sci/Tech,3839,0,0.999943760805578,7.674383909728658e-20,1.134003171118273e-10,5.623908100771092e-05
Sci/Tech,3840,0,0.9986099645589243,6.824810611399595e-21,1.1857985698833429e-12,0.001390035439897725
Sci/Tech,3841,3,0.00017259534682272833,4.152155368709592e-25,1.533247951655984e-10,0.9998274044998418
Sci/Tech,3842,3,0.05229278307032985,1.0461581978675268e-24,5.5786761329709e-12,0.9477072169241091
Sci/Tech,3843,3,0.006670755539585478,4.735494531548838e-07,2.9738811571551976e-13,0.9933287709106898
Sci/Tech,3844,0,0.9998215610582368,1.0145370243727246e-26,8.034289948758018e-10,0.00017843813832421452
Sci/Tech,3845,3,0.20890543532121442,9.022550043238456e-17,1.3264636784905783e-06,0.7910932382151351
Sci/Tech,3846,0,0.9995797193256403,3.5651008356846973e-19,9.389175324141792e-13,0.0004202806733999231
Sci/Tech,3847,3,1.5521289146251812e-09,9.643808881190958e-24,3.927900383886317e-12,0.9999999984439683
Sci/Tech,3848,0,0.999999999997101,4.2678979656083444e-33,2.4020434087162445e-22,2.922733492801864e-12
Sci/Tech,3849,3,0.00020490340319930642,2.0651982800841016e-12,1.3419887136320253e-10,0.9997950964605293
Sci/Tech,3850,3,0.0008311934809527532,1.0847363199885527e-25,1.841426262467071e-12,0.9991688065172325
Sci/Tech,3851,3,0.020583883396518683,5.5984538117898e-31,4.1330135840058386e-16,0.9794161166035031
Sci/Tech,3852,3,0.3279493770302851,5.207174754562307e-20,1.2915235565970677e-06,0.6720493314461502
Sci/Tech,3853,0,0.9999999934736934,1.2255243349947867e-28,1.306984509741979e-12,6.5250000991703814e-09
Sci/Tech,3854,3,0.00028249014345980636,5.050863375847891e-25,1.6570320767479027e-10,0.9997175096908256
Sci/Tech,3855,0,0.9999426219523548,1.2280644757950923e-27,8.452603239261206e-15,5.7378047611789665e-05
Sci/Tech,3856,0,1.0,1.0140655885316714e-46,1.9397603032343237e-20,7.538415480587424e-18
Sci/Tech,3857,3,0.0017091613497475593,1.4047331125050807e-23,2.8390725941027206e-11,0.9982908386218609
Sci/Tech,3858,0,0.5925456962939698,1.838185015667972e-23,2.1824196350213207e-09,0.40745430152359724
Sci/Tech,3859,0,0.9363331135753905,2.1238652213925146e-22,3.741587313809969e-11,0.06366688638720357
Sci/Tech,3860,0,1.0,4.760314939264749e-46,4.675584261824713e-31,1.8077348353214599e-19
Sci/Tech,3861,0,0.9702341386018666,5.88758052621515e-18,1.0653202410611856e-14,0.029765861398139082
Sci/Tech,3862,3,0.0017169764625521219,2.9692164424032307e-09,8.439840202177781e-11,0.998283020483807
Sci/Tech,3863,0,0.997323973554446,5.868091811198823e-33,1.6636086587092361e-16,0.0026760264455370918
Sci/Tech,3864,3,1.384586976597428e-07,6.743628486029875e-22,2.3793814172930835e-11,0.9999998615175041
Sci/Tech,3865,3,2.247730273583281e-09,5.994534215546885e-24,1.2922009479058901e-12,0.9999999977509901
Sci/Tech,3866,0,0.9999999998641442,1.8263999645080205e-35,2.1079577579672926e-18,1.3585346309619197e-10
Sci/Tech,3867,3,0.00014597998320807734,0.00011007067625503345,1.3438287177612034e-09,0.9997439479967306
Sci/Tech,3868,0,0.9998229795614848,8.674926444572108e-31,5.097595970312403e-15,0.00017702043848187774
Sci/Tech,3869,0,0.9999999994933546,5.631568813740675e-35,7.805306586193633e-21,5.066568110607085e-10
Sci/Tech,3870,3,1.3945390429634636e-07,2.036343446752689e-26,8.320453805196738e-14,0.9999998605459934
Sci/Tech,3871,0,0.9999999997568807,3.941332415009404e-33,8.722839496862243e-19,2.431441903661475e-10
Sci/Tech,3872,0,0.6568762304815369,1.0006386143531884e-23,2.8250434325482444e-11,0.34312376949020856
Sci/Tech,3873,0,0.999999990577578,1.0920592906281658e-25,5.501880224713018e-17,9.422407577978272e-09
Sci/Tech,3874,3,0.033562911504453764,1.7983886213979073e-13,2.912351243243655e-07,0.966436797260241
Sci/Tech,3875,3,0.19689097121789476,1.1526615208042375e-21,1.1417523266198441e-10,0.8031090286679345
Sci/Tech,3876,0,0.9999856778260501,3.602039185201811e-28,1.9497912111241395e-11,1.4322154459286788e-05
Sci/Tech,3877,0,0.9889241112344452,3.1741845449401952e-28,4.643452127714781e-15,0.011075888765548308
Sci/Tech,3878,0,0.9999996218005127,6.16073487594264e-36,1.4748548257232305e-16,3.781994942068464e-07
Sci/Tech,3879,3,6.635821280008876e-06,5.923690551750038e-17,5.602626811231359e-07,0.9999928039160577
Sci/Tech,3880,3,5.841906523787479e-08,1.9960310137693118e-16,2.6997470242357065e-06,0.999997241833905
Sci/Tech,3881,0,1.0,1.6085933877236442e-45,1.121031429083207e-29,2.8440148061957975e-17
Sci/Tech,3882,3,0.0006452579789105922,9.734689348562761e-14,1.0351221204490092e-06,0.9993537068988795
Sci/Tech,3883,0,0.9999935220415705,1.1502760775198566e-24,1.3524713761677402e-13,6.477958317671127e-06
Sci/Tech,3884,3,0.024219655452806046,1.9014524260682946e-20,1.011448608468979e-09,0.9757803435357637
Sci/Tech,3885,2,0.0009255131370584331,1.0326020646268021e-17,0.9263493583375411,0.07272512852538748
Sci/Tech,3886,0,0.9355948299148071,4.593610889357844e-29,5.475031846504711e-15,0.0644051700851637
Sci/Tech,3887,0,0.9999384477886168,5.588104961310384e-29,1.4549354919019369e-18,6.155221136306699e-05
Sci/Tech,3888,0,0.9999998835879819,6.907388939490297e-23,6.635191880938029e-15,1.1641202580773231e-07
Sci/Tech,3889,3,5.599844826251932e-13,1.8539795708106038e-15,0.0024641911222394067,0.9975358088771988
Sci/Tech,3890,3,0.1956397756139154,1.1133612704443409e-15,9.551069380695847e-05,0.8042647136922657
Sci/Tech,3891,0,0.9999999999997158,2.9623466185984683e-36,7.148971688435119e-19,2.56786881379242e-13
Sci/Tech,3892,0,0.9999474842240746,7.46011079875941e-31,1.006521531449957e-15,5.251577590210265e-05
Sci/Tech,3893,3,1.3221847586236524e-08,6.709231503768826e-24,2.493962601574667e-10,0.9999999865287351
Sci/Tech,3894,0,0.9999992022152127,1.8851524490448322e-34,6.040182923905119e-18,7.977847694524683e-07
Sci/Tech,3895,0,0.9999998604907985,6.290975469680192e-29,1.0928289179261565e-16,1.39509195984852e-07
Sci/Tech,3896,3,2.697753665313706e-05,6.123453546581955e-23,2.5049469523776335e-09,0.9999730199584173
Sci/Tech,3897,0,0.9988738698489332,9.17319504335348e-24,1.3150325254568237e-07,0.0011259986478089209
Sci/Tech,3898,3,1.59395217248954e-08,5.43704809296174e-19,1.2524718131748448e-10,0.9999999839352541
Sci/Tech,3899,3,4.014989816097565e-06,1.4825387883368697e-17,1.4899971614322985e-08,0.9999959701101971
Sci/Tech,3900,3,0.23179578048892238,1.3555177389897243e-21,8.3691728026104e-11,0.7682042194274006
Sci/Tech,3901,0,0.9999997806509341,1.190876923172162e-27,1.4506104110960612e-17,2.1934906116510527e-07
Sci/Tech,3902,0,0.9999995057652966,8.246139313796637e-30,1.788450512112596e-14,4.942346768202268e-07
Sci/Tech,3903,3,0.005938249820011656,7.141930422508038e-26,8.275538831955919e-13,0.9940617501791333
Sci/Tech,3904,3,3.3241772299525227e-12,2.7571608867341262e-21,5.4362715382496185e-09,0.9999999945604259
Sci/Tech,3905,3,7.68959288114087e-09,9.875579110306798e-29,6.893030307620818e-16,0.9999999923103928
Sci/Tech,3906,0,0.9999974891977929,3.4626460534131885e-25,1.4824208680611617e-15,2.510802193464413e-06
Sci/Tech,3907,0,0.9824378062346855,2.308003054799779e-14,2.839074050783474e-09,0.017562190926229754
Sci/Tech,3908,0,0.9999999999577653,1.4799928861953872e-31,5.010587494451818e-21,4.220950989718567e-11
Sci/Tech,3909,0,0.9999999998657358,1.9211216562600983e-34,8.389740346213035e-18,1.3427542321935874e-10
Sci/Tech,3910,0,0.947040737882747,7.759519292387157e-29,6.821698815280015e-14,0.05295926211717269
Sci/Tech,3911,0,0.9999330411491733,6.6567367482070084e-21,3.623122642811887e-10,6.695848852368948e-05
Sci/Tech,3912,0,0.9999999998894396,1.228546598711442e-37,1.8871325772692283e-20,1.1054600935065944e-10
Sci/Tech,3913,3,0.0002490514541285086,5.1722937546454774e-23,3.2766721114507756e-09,0.9997509452692238
Sci/Tech,3914,0,1.0,3.946209799946528e-44,5.652480945180806e-24,1.695791200761806e-17
Sci/Tech,3915,0,0.99999999999892,3.203098171191158e-42,1.4283182322403316e-23,1.0991053253516556e-12
Sci/Tech,3916,3,0.00010285043172746792,5.7026869032169e-24,1.996380744091443e-12,0.9998971495662837
Sci/Tech,3917,0,0.9970074221292484,1.819580766620766e-27,4.734859140419052e-13,0.0029925778702875705
Sci/Tech,3918,0,0.9999999999998863,1.357804039998822e-37,1.2365006508383072e-19,9.118547806353972e-14
Sci/Tech,3919,3,0.0009260481601692232,7.508525405696994e-17,0.004499830378572131,0.9945741214612499
Sci/Tech,3920,0,0.9999998924905129,1.3443011661018843e-37,2.2293481033041698e-20,1.0750948473716066e-07
Sci/Tech,3921,3,0.0003744280284679438,1.1310506231068744e-05,1.631401709595438e-13,0.9996142614651515
Sci/Tech,3922,3,2.978968012071353e-09,9.623785657344063e-22,6.414136567979337e-11,0.9999999969568876
Sci/Tech,3923,0,0.9999999713903667,1.1152025070641704e-26,2.3578911453880164e-16,2.8609653580243818e-08
Sci/Tech,3924,0,0.9863974472096196,5.9335394068691735e-21,3.177223907205652e-10,0.013602552472649269
Sci/Tech,3925,3,0.0001198673970708973,6.21066536470118e-24,1.7126634594896887e-10,0.99988013243168
Sci/Tech,3926,0,0.9999999998892122,2.893463988859967e-38,1.884925753126643e-20,1.1076979590102198e-10
Sci/Tech,3927,0,0.9871162377603531,7.197203114851401e-21,1.7126587607921117e-05,0.012866635652032402
Sci/Tech,3928,3,0.009468333202243618,2.3581663197487187e-18,2.1526673384269525e-06,0.9905295141304186
Sci/Tech,3929,3,4.157813032871379e-07,4.399828463790112e-21,3.909616656118832e-08,0.9999995451225243
Sci/Tech,3930,3,0.007353003951555786,6.799201064497848e-18,3.348446728529203e-08,0.9926469625639989
Sci/Tech,3931,3,1.1145634487959108e-06,1.5019518218411362e-15,0.03387682437048754,0.9661220610660555
Sci/Tech,3932,0,0.9999999998313456,1.0809192660726606e-38,5.382957934286068e-22,1.6867752156357254e-10
Sci/Tech,3933,0,0.999999999710667,7.675444304899857e-32,2.7462696325075392e-17,2.893086967523435e-10
Sci/Tech,3934,0,1.0,3.0819466085938487e-63,3.823386593334163e-46,8.708753063194806e-35
Sci/Tech,3935,0,0.604495156891876,3.591363522196223e-18,1.1357603138060294e-07,0.3955047295320689
Sci/Tech,3936,0,1.0,4.410973909025034e-47,6.081480611492032e-32,1.75994911654639e-20
Sci/Tech,3937,2,3.700650583082551e-05,1.5207434621488618e-22,0.8257812408552125,0.17418175263896063
Sci/Tech,3938,0,1.0,2.5897640587156895e-37,8.674388245900503e-23,1.2762655972823914e-16
Sci/Tech,3939,3,0.10862836480397994,8.273641066143275e-21,4.501181143064255e-11,0.8913716351510143
Sci/Tech,3940,0,1.0,1.0256981510223684e-32,3.752287577165711e-21,1.8647552654023934e-14
Sci/Tech,3941,3,0.004026483894093678,5.107049392904963e-11,1.4469800385718976e-08,0.9959735015850557
Sci/Tech,3942,0,0.6474169927821871,1.0151778436429912e-26,9.72548938360097e-13,0.35258300721684716
Sci/Tech,3943,0,0.9999760416677107,9.564229398250564e-18,3.718979299951501e-12,2.395832854213411e-05
Sci/Tech,3944,3,0.00021871062578057945,5.13522283688379e-09,3.393837666134216e-06,0.999777890401336
Sci/Tech,3945,0,0.5705060733534332,6.805650025822446e-22,1.4279692053156068e-10,0.4294939265037695
Sci/Tech,3946,3,2.9414358223931506e-07,5.8472590597786e-22,5.571027561488689e-12,0.999999705850869
Sci/Tech,3947,0,0.9957049364684409,1.616317321133294e-26,2.287155894918857e-15,0.004295063531542022
Sci/Tech,3948,3,2.425764615934168e-08,1.578315799688851e-11,4.042291922071089e-09,0.999999971684304
Sci/Tech,3949,3,0.10262480621773704,3.785316726612951e-08,1.2435918179288057e-11,0.8973751559166572
Sci/Tech,3950,0,0.9999999632446481,3.977135096005807e-34,3.195595706594564e-19,3.675536914824609e-08
Sci/Tech,3951,0,0.9987395023937224,1.4752819745616394e-20,1.7786174614979063e-10,0.0012604974283915154
Sci/Tech,3952,0,0.9916722058611455,3.1176518772170217e-16,5.556134209468405e-11,0.008327794083306897
Sci/Tech,3953,0,0.9999999999999432,1.007111319977413e-32,1.7333648375241503e-23,4.046237725071156e-14
Sci/Tech,3954,0,0.9999999999917577,8.596448876695692e-31,6.26265248548469e-21,8.264134945318103e-12
Sci/Tech,3955,0,0.9999999592146204,1.3230945364078159e-24,3.881073759585199e-13,4.078501111874631e-08
Sci/Tech,3956,3,2.8407357801493503e-08,5.078234381659475e-25,1.8523369765426934e-11,0.9999999715741414
Sci/Tech,3957,3,0.3890086394529621,3.1507340321346254e-18,1.30286273715568e-08,0.6109913475184154
Sci/Tech,3958,0,0.9999999999994316,2.3208664997990272e-39,4.4641902771167005e-20,5.439625358311064e-13
Sci/Tech,3959,0,0.9999999999967031,1.3430762513801081e-39,8.142389019134369e-22,3.280212520733656e-12
Sci/Tech,3960,0,1.0,4.682580203048446e-39,1.6664447845204967e-26,4.0641661891420655e-15
Sci/Tech,3961,3,7.78641105110136e-06,3.79135594464389e-12,1.0215160478602986e-08,0.9999922033700099
Sci/Tech,3962,3,5.034329128680631e-06,1.9646897263106146e-13,6.416509350806055e-10,0.9999949650290313
Sci/Tech,3963,0,1.0,3.0489788882482543e-54,2.3975156255209446e-37,3.837483382215277e-27
Sci/Tech,3964,0,0.9960615851652587,1.8556642762492555e-29,1.8747665092167476e-15,0.003938414834767625
Sci/Tech,3965,3,0.002074841631857092,2.2801566175602094e-24,2.7242393135920696e-12,0.9979251583654042
Sci/Tech,3966,0,0.999999999985846,8.14341145944082e-31,6.85615291464922e-19,1.4129946035618092e-11
Sci/Tech,3967,3,5.545983683477496e-06,3.059040592966356e-24,2.963893131949803e-12,0.9999944540133783
Sci/Tech,3968,0,0.9793922963592392,9.464497515829e-28,2.1634989753090332e-14,0.020607703640745607
Sci/Tech,3969,3,0.033053382049166156,3.0349602278538587e-12,2.3574503321669525e-08,0.9669465943732701
Sci/Tech,3970,0,0.9333203117218986,1.5805035457059722e-26,2.5817963844214217e-13,0.0666796882778687
Sci/Tech,3971,3,1.043395174051967e-07,1.1849096207164088e-27,4.1761193507112073e-13,0.9999998956600448
Sci/Tech,3972,0,1.0,3.6469005749034735e-46,1.1096550034166173e-28,6.01535081882965e-17
Sci/Tech,3973,3,0.0019413452263341516,4.404341709573257e-24,3.4930036756576723e-12,0.9980586547701601
Sci/Tech,3974,0,0.999999968688599,2.7384110452575114e-30,3.312626780039649e-13,3.13110907997118e-08
Sci/Tech,3975,3,5.109160742514163e-05,1.2170366376438114e-19,4.966386322717857e-10,0.9999489078959488
Sci/Tech,3976,0,0.9999999999998295,1.3895722095620741e-39,3.1006844505117065e-20,1.799277740208327e-13
Sci/Tech,3977,3,0.000441598480733152,3.3622759326646443e-07,5.157165111270505e-07,0.9995575495751823
Sci/Tech,3978,0,0.9997733501111895,6.008632424742654e-23,2.411998534868594e-10,0.00022664964762310246
Sci/Tech,3979,0,0.9999331633648634,1.3173237359156515e-25,1.9245757894665877e-14,6.683663510500574e-05
Sci/Tech,3980,3,0.0003254607311647483,2.361259288250343e-20,1.6842430099570116e-07,0.9996743708445309
Sci/Tech,3981,0,1.0,3.377934407438564e-64,8.37430348080159e-41,6.466896207627344e-33
Sci/Tech,3982,0,0.9967626678816716,3.782415478711336e-26,1.5612925623855488e-07,0.0032371759890965197
Sci/Tech,3983,0,0.9999972146262759,2.070208964325883e-27,2.7986733846625918e-14,2.7853736908971283e-06
Sci/Tech,3984,3,0.001212295158868967,3.494796991688036e-13,5.870123931636709e-09,0.9987876989706458
Sci/Tech,3985,3,0.029259304873873966,9.938822099808485e-16,5.541971801815705e-06,0.9707351531543013
Sci/Tech,3986,0,0.8484271934709726,5.385952994706857e-25,7.727625428515016e-13,0.1515728065282714
Sci/Tech,3987,0,0.9999999999986926,1.925309321585865e-41,3.8640058813035875e-25,1.310834599568305e-12
Sci/Tech,3988,0,0.9999985425774118,8.907549706733381e-31,1.545029056644839e-16,1.4574225853208242e-06
Sci/Tech,3989,3,8.74930219529247e-07,1.734162194908816e-17,2.869651825504438e-10,0.9999991247828313
Sci/Tech,3990,3,6.141144017606455e-08,7.41399307306502e-18,1.0964687184261097e-09,0.9999999374920796
Sci/Tech,3991,0,0.9999996551680423,5.286169631207976e-32,1.700830455851958e-17,3.44831957703074e-07
Sci/Tech,3992,3,0.0017687948339102553,1.2448411862083155e-23,5.406792483494469e-08,0.9982311510981787
Sci/Tech,3993,0,0.6505965035009718,8.98977965251282e-21,1.3188288895100578e-08,0.3494034833107201
Sci/Tech,3994,3,2.0175619956952622e-07,2.0347649634957375e-09,2.1144554963768966e-07,0.999999584763459
Sci/Tech,3995,0,0.9999999995817461,6.983257100879715e-36,8.647623956842966e-20,4.182519852883478e-10
Sci/Tech,3996,3,5.047276141827439e-06,2.2287809177684632e-17,2.1276444822464463e-06,0.9999928250793926
Sci/Tech,3997,0,0.6024401101986459,4.150047307703731e-28,6.644793389735183e-12,0.39755988979469953
Sci/Tech,3998,0,0.9999988653499556,3.043707615757249e-22,6.952285175763572e-10,1.1339547939884126e-06
Sci/Tech,3999,0,0.999996314841579,3.497331903001971e-26,1.6073558810126336e-15,3.6851584387105676e-06
